i t_now Tx Ty Tz u1 u2 u3 theta_x theta_y theta_z psi_1 psi_2 psi_3 dpsi_1 dpsi_2 dpsi_3 phi_x phi_y x y dx dy theta_d_x theta_d_y Kp_in_x Ki_in_x Kd_in_x Kp_in_y Ki_in_y Kd_in_y Kp_out_x Ki_out_x Kd_out_x Kp_out_y Ki_out_y Kd_out_y Kp_yaw Ki_yaw Kd_yaw
1 0.005299568176269531 0.0 0.0 0.0 0.0 0.0 0.0 0.0 0.0 0.0 0.014024967203525862 -0.02243994752564138 0.007012483601762931 2.3867206472709404 -4.176761132724145 1.4917004045443376 -0.009539626835914692 -0.008130423322485794 -0.0011542948471456778 -0.000983781222020781 -0.23085896942913556 -0.1967562444041562 0.0 0.0 10.200000000000008 0.0 0.07 10.200000000000008 0.0 0.07 0.3 0.05 0.8 0.3 0.05 0.8 0.5 0.1 0.05
2 0.010760068893432617 0.0 0.0 0.0 0.0 0.0 0.0 0.0 0.0 0.0 0.02524494096634655 -0.042074901610577586 0.014024967203525862 2.6477189359119997 -3.971578403867999 1.3238594679559998 -0.01817071778269465 -0.014687216324490469 -0.0021986568517060527 -0.0017771531752633467 -0.20887240091207498 -0.1586743906485131 0.0 0.0 10.200000000000008 0.0 0.07 10.200000000000008 0.0 0.07 0.3 0.05 0.8 0.3 0.05 0.8 0.5 0.1 0.05
3 0.016204118728637695 0.0 0.0 0.0 0.0 0.0 0.0 0.0 0.0 0.0 0.039269908169872414 -0.06311235241586638 0.021037450805288793 2.6850607281798076 -4.176761132724145 1.4917004045443376 -0.027256076674041976 -0.022555367926896077 -0.003297985277559079 -0.002729199519154425 -0.21986568517060523 -0.19040926877821568 0.0 0.0 10.200000000000008 0.0 0.07 10.200000000000008 0.0 0.07 0.3 0.05 0.8 0.3 0.05 0.8 0.5 0.1 0.05
4 0.02149033546447754 0.0 0.0 0.0 0.0 0.0 0.0 0.0 0.0 0.0 0.05189237865304569 -0.08274730650080259 0.028049934407051724 2.53033687450852 -3.9105206242404407 1.38018374973192 -0.03588716762082193 -0.029636704369061125 -0.0043423472821194535 -0.003586041228656396 -0.20887240091207493 -0.17136834190039424 0.0 0.0 10.200000000000008 0.0 0.07 10.200000000000008 0.0 0.07 0.3 0.05 0.8 0.3 0.05 0.8 0.5 0.1 0.05
5 0.026792049407958984 0.0 0.0 0.0 0.0 0.0 0.0 0.0 0.0 0.0 0.07994231306009741 -0.12341971139102759 0.042074901610577586 2.0959600859240184 -3.293651563594886 0.8982686082531509 -0.05360361745894922 -0.045110735853792154 -0.006486037712532855 -0.00545839903830885 -0.42873808608268027 -0.37447156193049075 0.0 0.0 10.200000000000008 0.0 0.07 10.200000000000008 0.0 0.07 0.3 0.05 0.8 0.3 0.05 0.8 0.5 0.1 0.05
6 0.032038211822509766 0.0 0.0 0.0 0.0 0.0 0.0 0.0 0.0 0.0 0.08975979010256552 -0.13884717531490604 0.046282391771635345 2.0852754975505743 -2.6810684968507386 0.8936894989502461 -0.05996336868289235 -0.050880713695556266 -0.007255567610629974 -0.006156566357162308 -0.1539059796194238 -0.13963346377069158 0.0 0.0 10.200000000000008 0.0 0.07 10.200000000000008 0.0 0.07 0.3 0.05 0.8 0.3 0.05 0.8 0.5 0.1 0.05
7 0.037279367446899414 0.0 0.0 0.0 0.0 0.0 0.0 0.0 0.0 0.0 0.09957726714503362 -0.1514696457980793 0.0504898819326931 1.8210864482411617 -2.6015520689159453 0.7804656206747838 -0.06541458401770074 -0.05612614809716 -0.00791516466614179 -0.00679126391975636 -0.13191941110236322 -0.12693951251881042 0.0 0.0 10.200000000000008 0.0 0.07 10.200000000000008 0.0 0.07 0.3 0.05 0.8 0.3 0.05 0.8 0.5 0.1 0.05
8 0.0425419807434082 0.0 0.0 0.0 0.0 0.0 0.0 0.0 0.0 0.0 0.10939474418750172 -0.16549461300160517 0.05469737209375086 1.4888500216057179 -2.3821600345691487 0.8933100129634305 -0.0713200672970765 -0.06163385421884393 -0.008629728142946257 -0.007457696360480115 -0.1429126953608934 -0.133286488144751 0.0 0.0 10.200000000000008 0.0 0.07 10.200000000000008 0.0 0.07 0.3 0.05 0.8 0.3 0.05 0.8 0.5 0.1 0.05
9 0.04783892631530762 0.0 0.0 0.0 0.0 0.0 0.0 0.0 0.0 0.0 0.11640722778926466 -0.17671458676442586 0.05890486225480862 1.3825874609154043 -2.212139937464647 0.27651749218308086 -0.07631701468731754 -0.06556793002004674 -0.009234358777165422 -0.007933719532425654 -0.12092612684383303 -0.09520463438910785 0.0 0.0 10.200000000000008 0.0 0.07 10.200000000000008 0.0 0.07 0.3 0.05 0.8 0.3 0.05 0.8 0.5 0.1 0.05
10 0.05307507514953613 0.0 0.0 0.0 0.0 0.0 0.0 0.0 0.0 0.0 0.12341971139102759 -0.18793456052724655 0.060307358975161214 1.4869558103823006 -1.7843469724587615 0.5947823241529203 -0.08040542618842383 -0.07002654926140991 -0.009729056568799284 -0.008473212460630599 -0.09893955832677229 -0.10789858564098885 0.0 0.0 10.200000000000008 0.0 0.07 10.200000000000008 0.0 0.07 0.3 0.05 0.8 0.3 0.05 0.8 0.5 0.1 0.05
11 0.05854296684265137 0.0 0.0 0.0 0.0 0.0 0.0 0.0 0.0 0.0 0.13043219499279052 -0.19634954084936207 0.06311235241586638 0.9950313730773934 -1.7413049028854386 0.4975156865386967 -0.08403956974496277 -0.07369835334253254 -0.010168787939140495 -0.008917500754446438 -0.08794627406824226 -0.0888576587631678 0.0 0.0 10.200000000000008 0.0 0.07 10.200000000000008 0.0 0.07 0.3 0.05 0.8 0.3 0.05 0.8 0.5 0.1 0.05
12 0.06397247314453125 0.0 0.0 0.0 0.0 0.0 0.0 0.0 0.0 0.0 0.13604218187420086 -0.20616701789183017 0.06591734585657155 1.137928373511226 -1.4224104668890327 0.2844820933778065 -0.08812798124606906 -0.07710788570357496 -0.010663485730774356 -0.00933005417013257 -0.09893955832677229 -0.08251068313722652 0.0 0.0 10.200000000000008 0.0 0.07 10.200000000000008 0.0 0.07 0.3 0.05 0.8 0.3 0.05 0.8 0.5 0.1 0.05
13 0.06928849220275879 0.0 0.0 0.0 0.0 0.0 0.0 0.0 0.0 0.0 0.1416521687556112 -0.21317950149359308 0.06731984257692414 0.5848610176616289 -1.1697220353232578 0.29243050883081445 -0.09085358891347325 -0.0802551463445372 -0.010993284258530264 -0.009710872707689002 -0.06595970555118152 -0.07616370751128629 0.0 0.0 10.200000000000008 0.0 0.07 10.200000000000008 0.0 0.07 0.3 0.05 0.8 0.3 0.05 0.8 0.5 0.1 0.05
14 0.07452869415283203 0.0 0.0 0.0 0.0 0.0 0.0 0.0 0.0 0.0 0.14445716219631638 -0.21878948837500345 0.06872233929727672 0.8908511880283206 -1.187801584037761 0.29695039600944023 -0.09312492863631008 -0.08209104838509851 -0.01126811636499352 -0.009933016854596919 -0.054966421292651155 -0.04442882938158338 0.0 0.0 10.200000000000008 0.0 0.07 10.200000000000008 0.0 0.07 0.3 0.05 0.8 0.3 0.05 0.8 0.5 0.1 0.05
15 0.0797891616821289 0.0 0.0 0.0 0.0 0.0 0.0 0.0 0.0 -0.008980278187677609 0.14866465235737414 -0.2243994752564138 0.07012483601762931 0.7968731365639694 -1.062497515418626 0.2656243788546565 -0.09539626835914691 -0.0844514938658202 -0.011542948471456775 -0.010218630757764243 -0.054966421292651155 -0.05712278063346489 0.0 0.0 10.200000000000008 0.0 0.07 10.200000000000008 0.0 0.07 0.3 0.05 0.8 0.3 0.05 0.8 0.5 0.1 0.05
16 0.08502745628356934 0.0 0.0 0.0 0.0 0.0 0.0 0.0 0.0 -0.009683313377908079 0.1528721425184319 -0.23000946213782414 0.0715273327379819 0.595919575250727 -0.8938793628760907 0.0 -0.09766760808198374 -0.08681193934654188 -0.011817780577920033 -0.010504244660931568 -0.0549664212926515 -0.05712278063346489 0.0 0.0 10.200000000000008 0.0 0.07 10.200000000000008 0.0 0.07 0.3 0.05 0.8 0.3 0.05 0.8 0.5 0.1 0.05
17 0.09025430679321289 0.0 0.0 0.0 0.0 0.0 0.0 0.0 0.0 -0.01033523226273728 0.15567713595913707 -0.2342169522988819 0.0715273327379819 0.26377594890964573 -0.7913278467289372 0.0 -0.09903041191568585 -0.08864784138710317 -0.011982679841797987 -0.010726388807839484 -0.03297985277559076 -0.04442882938158338 0.0 0.0 10.200000000000008 0.0 0.07 10.200000000000008 0.0 0.07 0.3 0.05 0.8 0.3 0.05 0.8 0.5 0.1 0.05
18 0.09546732902526855 0.0 0.0 0.0 0.0 0.0 0.0 0.0 0.0 -0.010956481364325718 0.15707963267948966 -0.23842444245993963 0.0715273327379819 0.29878498516245977 -0.8963549554873794 0.0 -0.10039321574938793 -0.08995919998750412 -0.01214757910567594 -0.010885063198487999 -0.03297985277559076 -0.03173487812970291 0.0 0.0 10.200000000000008 0.0 0.07 10.200000000000008 0.0 0.07 0.3 0.05 0.8 0.3 0.05 0.8 0.5 0.1 0.05
19 0.10070037841796875 0.0 0.0 0.0 0.0 0.0 0.0 0.0 0.0 -0.01163602785286667 0.15848212939984224 -0.24263193262099741 0.0715273327379819 0.4584071646846172 -0.4584071646846172 0.0 -0.10175601958309005 -0.09127055858790507 -0.012312478369553896 -0.011043737589136514 -0.03297985277559111 -0.03173487812970291 0.0 0.0 10.200000000000008 0.0 0.07 10.200000000000008 0.0 0.07 0.3 0.05 0.8 0.3 0.05 0.8 0.5 0.1 0.05
20 0.10593056678771973 0.0 0.0 0.0 0.0 0.0 0.0 0.0 0.0 -0.012043755745991242 0.16128712284054741 -0.2454369260617026 0.0715273327379819 0.0 -0.5976973025154853 0.0 -0.10266455547222478 -0.09284418890838617 -0.012422411212139198 -0.011234146857914726 -0.021986568517060393 -0.03808185375564245 0.0 0.0 10.200000000000008 0.0 0.07 10.200000000000008 0.0 0.07 0.3 0.05 0.8 0.3 0.05 0.8 0.5 0.1 0.05
21 0.11126875877380371 0.0 0.0 0.0 0.0 0.0 0.0 0.0 0.010183246876279781 -0.013055379090371234 0.1640921162812526 -0.25104691294311293 0.0715273327379819 0.0 -0.29840355752182685 0.0 -0.10448162725049424 -0.09494236266902766 -0.012642276897309804 -0.011488025882952346 -0.04397313703412113 -0.05077580500752396 0.0 0.0 10.200000000000008 0.0 0.07 10.200000000000008 0.0 0.07 0.3 0.05 0.8 0.3 0.05 0.8 0.5 0.1 0.05
22 0.11654996871948242 0.0 0.0 0.0 0.0 0.0 0.0 0.0 0.01255266782372014 -0.01396915012458712 0.1640921162812526 -0.2524494096634655 0.0715273327379819 0.2763540335670121 -0.2763540335670121 0.0 -0.10493589519506161 -0.09520463438910787 -0.012697243318602454 -0.011519760761082052 -0.010993284258530023 -0.006346975625941276 0.0 0.0 10.200000000000008 0.0 0.07 10.200000000000008 0.0 0.07 0.3 0.05 0.8 0.3 0.05 0.8 0.5 0.1 0.05
23 0.12187981605529785 0.0 0.0 0.0 0.0 0.0 0.0 0.0 0.014818009237818817 -0.01474751051580757 0.16549461300160517 -0.2538519063838181 0.0715273327379819 0.29840355752182685 -0.29840355752182685 0.0 -0.10539016313962897 -0.0959914495493484 -0.012752209739895106 -0.011614965395471157 -0.01099328425853037 -0.01904092687782105 0.0 0.0 10.200000000000008 0.0 0.07 10.200000000000008 0.0 0.07 0.3 0.05 0.8 0.3 0.05 0.8 0.5 0.1 0.05
24 0.12714672088623047 0.0 0.0 0.0 0.0 0.0 0.0 0.0 0.017020902931912482 -0.015521323778127729 0.16689710972195776 -0.2552544031041707 0.0715273327379819 0.0 -0.2641734263237119 -0.2641734263237119 -0.10584443108419635 -0.09677826470958897 -0.012807176161187758 -0.011710170029860266 -0.01099328425853037 -0.019040926877821746 0.0 0.0 10.200000000000008 0.0 0.07 10.200000000000008 0.0 0.07 0.3 0.05 0.8 0.3 0.05 0.8 0.5 0.1 0.05
25 0.13239097595214844 0.0 0.0 0.0 0.0 0.0 0.0 0.0 0.01918632799400314 -0.016215709506210742 0.16689710972195776 -0.2566568998245233 0.07012483601762931 0.2977067969332597 0.0 0.0 -0.10584443108419635 -0.09730280814974934 -0.012807176161187758 -0.01177363978611967 0.0 -0.012693951251880817 0.0 0.0 10.200000000000008 0.0 0.07 10.200000000000008 0.0 0.07 0.3 0.05 0.8 0.3 0.05 0.8 0.5 0.1 0.05
26 0.1376187801361084 0.0 0.0 0.0 0.0 0.0 0.0 0.0 0.02140597113378897 -0.016939137970648444 0.16829960644231035 -0.2566568998245233 0.07012483601762931 0.0 0.0 0.0 -0.10584443108419635 -0.09782735158990974 -0.012807176161187758 -0.011837109542379078 0.0 -0.01269395125188151 0.0 0.0 10.200000000000008 0.0 0.07 10.200000000000008 0.0 0.07 0.3 0.05 0.8 0.3 0.05 0.8 0.5 0.1 0.05
27 0.14285969734191895 0.0 0.0 0.0 0.0 0.0 0.0 0.0 0.023658148100424138 -0.017679992076898954 0.16829960644231035 -0.2566568998245233 0.07012483601762931 0.0 0.0 0.0 -0.10584443108419635 -0.09782735158990974 -0.012807176161187758 -0.011837109542379078 0.0 0.0 0.0 0.0 10.200000000000008 0.0 0.07 10.200000000000008 0.0 0.07 0.3 0.05 0.8 0.3 0.05 0.8 0.5 0.1 0.05
28 0.1481006145477295 0.0 0.0 0.0 0.0 0.0 0.0 0.0 0.02592984238293667 -0.018431295607772673 0.16829960644231035 -0.2566568998245233 0.07012483601762931 0.0 0.0 0.0 -0.10584443108419635 -0.09782735158990974 -0.012807176161187758 -0.011837109542379078 0.0 0.0 0.0 0.0 10.200000000000008 0.0 0.07 10.200000000000008 0.0 0.07 0.3 0.05 0.8 0.3 0.05 0.8 0.5 0.1 0.05
29 0.15333819389343262 0.0 0.0 0.0 0.0 0.0 0.0 0.0 0.028213247054975625 -0.01911217549698782 0.16829960644231035 -0.2566568998245233 0.07012483601762931 0.0 0.0 0.0 -0.10584443108419635 -0.09782735158990974 -0.012807176161187758 -0.011837109542379078 0.0 0.0 0.0 0.0 10.200000000000008 0.0 0.07 10.200000000000008 0.0 0.07 0.3 0.05 0.8 0.3 0.05 0.8 0.5 0.1 0.05
30 0.1587538719177246 0.0 0.0 0.0 0.0 0.0 0.0 0.0 0.030503677960730433 -0.019827500458104802 0.16829960644231035 -0.2566568998245233 0.07012483601762931 -0.26452220300878654 0.0 0.0 -0.10584443108419635 -0.09782735158990974 -0.012807176161187758 -0.011837109542379078 0.0 0.0 0.0 0.0 10.200000000000008 0.0 0.07 10.200000000000008 0.0 0.07 0.3 0.05 0.8 0.3 0.05 0.8 0.5 0.1 0.05
31 0.16422390937805176 0.0 0.0 0.0 0.0 0.0 0.0 0.0 0.03279832460671475 -0.02056349246236288 0.16689710972195776 -0.2566568998245233 0.07012483601762931 0.0 0.0 0.0 -0.10584443108419635 -0.09730280814974934 -0.012807176161187758 -0.01177363978611967 0.0 0.01269395125188151 0.0 0.0 10.200000000000008 0.0 0.07 10.200000000000008 0.0 0.07 0.3 0.05 0.8 0.3 0.05 0.8 0.5 0.1 0.05
32 0.16949033737182617 0.0 0.0 0.0 0.0 0.0 0.0 0.0 0.035172199953733746 -0.021235185435608643 0.16689710972195776 -0.2566568998245233 0.07012483601762931 0.0 0.0 0.0 -0.10584443108419635 -0.09730280814974934 -0.012807176161187758 -0.01177363978611967 0.0 0.0 0.0 0.0 10.200000000000008 0.0 0.07 10.200000000000008 0.0 0.07 0.3 0.05 0.8 0.3 0.05 0.8 0.5 0.1 0.05
33 0.17483043670654297 0.0 0.0 0.0 0.0 0.0 0.0 0.0 0.03751691326447658 -0.021944998247143993 0.16689710972195776 -0.2566568998245233 0.07012483601762931 0.0 0.0 0.0 -0.10584443108419635 -0.09730280814974934 -0.012807176161187758 -0.01177363978611967 0.0 0.0 0.0 0.0 10.200000000000008 0.0 0.07 10.200000000000008 0.0 0.07 0.3 0.05 0.8 0.3 0.05 0.8 0.5 0.1 0.05
34 0.18018460273742676 0.0 0.0 0.0 0.0 0.0 0.0 0.0 0.03892374125092228 -0.022370885934065204 0.16689710972195776 -0.2566568998245233 0.07012483601762931 0.0 0.0 0.0 -0.10584443108419635 -0.09730280814974934 -0.012807176161187758 -0.01177363978611967 0.0 0.0 0.0 0.0 10.200000000000008 0.0 0.07 10.200000000000008 0.0 0.07 0.3 0.05 0.8 0.3 0.05 0.8 0.5 0.1 0.05
35 0.18554401397705078 0.0 0.0 0.0 0.0 0.0 0.0 0.0 0.04068822614532113 -0.022933215573805822 0.16689710972195776 -0.2566568998245233 0.07012483601762931 0.0 0.0 0.0 -0.10584443108419635 -0.09730280814974934 -0.012807176161187758 -0.01177363978611967 0.0 0.0 0.0 0.0 10.200000000000008 0.0 0.07 10.200000000000008 0.0 0.07 0.3 0.05 0.8 0.3 0.05 0.8 0.5 0.1 0.05
36 0.1907975673675537 0.0 0.0 0.0 0.0 0.0 0.0 0.0 0.04351099701035857 -0.023807502195464524 0.16689710972195776 -0.2566568998245233 0.07012483601762931 0.0 0.0 0.0 -0.10584443108419635 -0.09730280814974934 -0.012807176161187758 -0.01177363978611967 0.0 0.0 0.0 0.0 10.200000000000008 0.0 0.07 10.200000000000008 0.0 0.07 0.3 0.05 0.8 0.3 0.05 0.8 0.5 0.1 0.05
37 0.1960740089416504 0.0 0.0 0.0 0.0 0.0 0.0 0.0 0.04612504763191247 -0.024638871196047636 0.16689710972195776 -0.2566568998245233 0.07012483601762931 0.0 0.0 0.0 -0.10584443108419635 -0.09730280814974934 -0.012807176161187758 -0.01177363978611967 0.0 0.0 0.0 0.0 10.200000000000008 0.0 0.07 10.200000000000008 0.0 0.07 0.3 0.05 0.8 0.3 0.05 0.8 0.5 0.1 0.05
38 0.20138931274414062 0.0 0.0 0.0 0.0 0.0 0.0 0.0 0.04938085569611373 -0.025751286651573287 0.16689710972195776 -0.2566568998245233 0.07012483601762931 0.0 0.0 0.0 -0.10584443108419635 -0.09730280814974934 -0.012807176161187758 -0.01177363978611967 0.0 0.0 0.0 0.0 10.200000000000008 0.0 0.07 10.200000000000008 0.0 0.07 0.3 0.05 0.8 0.3 0.05 0.8 0.5 0.1 0.05
39 0.20668292045593262 0.0 0.0 0.0 0.0 0.0 0.0 0.0 0.05210133310360421 -0.02664883369557959 0.16689710972195776 -0.2566568998245233 0.07012483601762931 0.0 0.0 0.0 -0.10584443108419635 -0.09730280814974934 -0.012807176161187758 -0.01177363978611967 0.0 0.0 0.0 0.0 10.200000000000008 0.0 0.07 10.200000000000008 0.0 0.07 0.3 0.05 0.8 0.3 0.05 0.8 0.5 0.1 0.05
40 0.2119433879852295 0.0 0.0 0.0 0.0 0.0 0.0 0.0 0.054500609136835985 -0.027494158949571263 0.16689710972195776 -0.2566568998245233 0.07012483601762931 0.0 0.0 0.0 -0.10584443108419635 -0.09730280814974934 -0.012807176161187758 -0.01177363978611967 0.0 0.0 0.0 0.0 10.200000000000008 0.0 0.07 10.200000000000008 0.0 0.07 0.3 0.05 0.8 0.3 0.05 0.8 0.5 0.1 0.05
41 0.21735286712646484 0.0 0.0 0.0 0.0 0.0 0.0 0.0 0.056630465088615564 -0.028231451872657187 0.16689710972195776 -0.2566568998245233 0.07012483601762931 0.0 0.0 0.0 -0.10584443108419635 -0.09730280814974934 -0.012807176161187758 -0.01177363978611967 0.0 0.0 0.0 0.0 10.200000000000008 0.0 0.07 10.200000000000008 0.0 0.07 0.3 0.05 0.8 0.3 0.05 0.8 0.5 0.1 0.05
42 0.22265625 0.0 0.0 0.0 0.0 0.0 0.0 0.0 0.05859866899152383 -0.028980618693632155 0.16689710972195776 -0.2566568998245233 0.07012483601762931 0.0 0.0 0.0 -0.10584443108419635 -0.09730280814974934 -0.012807176161187758 -0.01177363978611967 0.0 0.0 0.0 0.0 10.200000000000008 0.0 0.07 10.200000000000008 0.0 0.07 0.3 0.05 0.8 0.3 0.05 0.8 0.5 0.1 0.05
43 0.2280139923095703 0.0 0.0 0.0 0.0 0.0 0.0 0.0 0.06039318538844457 -0.029736915813805026 0.16689710972195776 -0.2566568998245233 0.07012483601762931 0.0 0.0 0.0 -0.10584443108419635 -0.09730280814974934 -0.012807176161187758 -0.01177363978611967 0.0 0.0 0.0 0.0 10.200000000000008 0.0 0.07 10.200000000000008 0.0 0.07 0.3 0.05 0.8 0.3 0.05 0.8 0.5 0.1 0.05
44 0.23343133926391602 0.0 0.0 0.0 0.0 0.0 0.0 0.0 0.0620834892817728 -0.03042079185659967 0.16689710972195776 -0.2566568998245233 0.07012483601762931 0.0 0.0 0.0 -0.10584443108419635 -0.09730280814974934 -0.012807176161187758 -0.01177363978611967 0.0 0.0 0.0 0.0 10.200000000000008 0.0 0.07 10.200000000000008 0.0 0.07 0.3 0.05 0.8 0.3 0.05 0.8 0.5 0.1 0.05
45 0.23878240585327148 0.0 0.0 0.0 0.0 0.0 0.0 0.0 0.06355786715915157 -0.03113791450986434 0.16689710972195776 -0.2566568998245233 0.07012483601762931 0.0 0.0 0.0 -0.10584443108419635 -0.09730280814974934 -0.012807176161187758 -0.01177363978611967 0.0 0.0 0.0 0.0 10.200000000000008 0.0 0.07 10.200000000000008 0.0 0.07 0.3 0.05 0.8 0.3 0.05 0.8 0.5 0.1 0.05
46 0.2440779209136963 0.0 0.0 0.0 0.0 0.0 0.0 0.0 0.06497938272339317 -0.031798285872514064 0.16689710972195776 -0.2566568998245233 0.07012483601762931 0.0 0.0 0.0 -0.10584443108419635 -0.09730280814974934 -0.012807176161187758 -0.01177363978611967 0.0 0.0 0.0 0.0 10.200000000000008 0.0 0.07 10.200000000000008 0.0 0.07 0.3 0.05 0.8 0.3 0.05 0.8 0.5 0.1 0.05
47 0.24933147430419922 0.0 0.0 0.0 0.0 0.0 0.0 0.0 0.06629248760331996 -0.03250130571769179 0.16689710972195776 -0.2566568998245233 0.07012483601762931 0.0 0.0 0.0 -0.10584443108419635 -0.09730280814974934 -0.012807176161187758 -0.01177363978611967 0.0 0.0 0.0 0.0 10.200000000000008 0.0 0.07 10.200000000000008 0.0 0.07 0.3 0.05 0.8 0.3 0.05 0.8 0.5 0.1 0.05
48 0.25458812713623047 0.0 0.0 0.0 0.0 0.0 0.0 0.0 0.0674638468157609 -0.03315321539548934 0.16689710972195776 -0.2566568998245233 0.07012483601762931 0.0 0.0 0.0 -0.10584443108419635 -0.09730280814974934 -0.012807176161187758 -0.01177363978611967 0.0 0.0 0.0 0.0 10.200000000000008 0.0 0.07 10.200000000000008 0.0 0.07 0.3 0.05 0.8 0.3 0.05 0.8 0.5 0.1 0.05
49 0.26007819175720215 0.0 0.0 0.0 0.0 0.0 0.0 0.0 0.06816666234322546 -0.033544361202167874 0.16689710972195776 -0.2566568998245233 0.07012483601762931 0.0 0.0 0.0 -0.10584443108419635 -0.09730280814974934 -0.012807176161187758 -0.01177363978611967 0.0 0.0 0.0 0.0 10.200000000000008 0.0 0.07 10.200000000000008 0.0 0.07 0.3 0.05 0.8 0.3 0.05 0.8 0.5 0.1 0.05
50 0.2655375003814697 0.0 0.0 0.0 0.0 0.0 0.0 0.0 0.06889514868729209 -0.034085845713762886 0.16689710972195776 -0.2566568998245233 0.07012483601762931 0.0 0.0 0.0 -0.10584443108419635 -0.09730280814974934 -0.012807176161187758 -0.01177363978611967 0.0 0.0 0.0 0.0 10.200000000000008 0.0 0.07 10.200000000000008 0.0 0.07 0.3 0.05 0.8 0.3 0.05 0.8 0.5 0.1 0.05
51 0.27093505859375 0.0 0.0 0.0 0.0 0.0 0.0 0.0 0.06986912933154639 -0.03494762525853422 0.16689710972195776 -0.2566568998245233 0.07012483601762931 0.0 0.0 0.0 -0.10584443108419635 -0.09730280814974934 -0.012807176161187758 -0.01177363978611967 0.0 0.0 0.0 0.0 10.200000000000008 0.0 0.07 10.200000000000008 0.0 0.07 0.3 0.05 0.8 0.3 0.05 0.8 0.5 0.1 0.05
52 0.2762734889984131 0.0 0.0 0.0 0.0 0.0 0.0 0.0 0.07068361548878989 -0.03569479075608794 0.16689710972195776 -0.2566568998245233 0.07012483601762931 0.0 0.0 0.0 -0.10584443108419635 -0.09730280814974934 -0.012807176161187758 -0.01177363978611967 0.0 0.0 0.0 0.0 10.200000000000008 0.0 0.07 10.200000000000008 0.0 0.07 0.3 0.05 0.8 0.3 0.05 0.8 0.5 0.1 0.05
53 0.28164243698120117 0.0 0.0 0.0 0.0 0.0 0.0 0.0 0.07132570569692993 -0.03660328559600201 0.16689710972195776 -0.2566568998245233 0.07012483601762931 0.0 0.0 0.0 -0.10584443108419635 -0.09730280814974934 -0.012807176161187758 -0.01177363978611967 0.0 0.0 0.0 0.0 10.200000000000008 0.0 0.07 10.200000000000008 0.0 0.07 0.3 0.05 0.8 0.3 0.05 0.8 0.5 0.1 0.05
54 0.28688526153564453 0.0 0.0 0.0 0.0 0.0 0.0 0.0 0.071634260564917 -0.03745517952753834 0.16689710972195776 -0.2566568998245233 0.07012483601762931 0.0 0.0 0.0 -0.10584443108419635 -0.09730280814974934 -0.012807176161187758 -0.01177363978611967 0.0 0.0 0.0 0.0 10.200000000000008 0.0 0.07 10.200000000000008 0.0 0.07 0.3 0.05 0.8 0.3 0.05 0.8 0.5 0.1 0.05
55 0.29218316078186035 0.0 0.0 0.0 0.0 0.0 0.0 0.0 0.07181939348570923 -0.038196413657151054 0.16689710972195776 -0.2566568998245233 0.07012483601762931 0.0 0.0 0.0 -0.10584443108419635 -0.09730280814974934 -0.012807176161187758 -0.01177363978611967 0.0 0.0 0.0 0.0 10.200000000000008 0.0 0.07 10.200000000000008 0.0 0.07 0.3 0.05 0.8 0.3 0.05 0.8 0.5 0.1 0.05
56 0.29741454124450684 0.0 0.0 0.0 0.0 0.0 0.0 0.0 0.07177707472439063 -0.038871251905609604 0.16689710972195776 -0.2566568998245233 0.07012483601762931 0.0 0.0 0.0 -0.10584443108419635 -0.09730280814974934 -0.012807176161187758 -0.01177363978611967 0.0 0.0 0.0 0.0 10.200000000000008 0.0 0.07 10.200000000000008 0.0 0.07 0.3 0.05 0.8 0.3 0.05 0.8 0.5 0.1 0.05
57 0.30263400077819824 0.0 0.0 0.0 0.0 0.0 0.0 0.0 0.07159828495380552 -0.03950625262537565 0.16689710972195776 -0.2566568998245233 0.07012483601762931 0.0 0.0 0.0 -0.10584443108419635 -0.09730280814974934 -0.012807176161187758 -0.01177363978611967 0.0 0.0 0.0 0.0 10.200000000000008 0.0 0.07 10.200000000000008 0.0 0.07 0.3 0.05 0.8 0.3 0.05 0.8 0.5 0.1 0.05
58 0.30786561965942383 0.0 0.0 0.0 0.0 0.0 0.0 0.0 0.07126091928122802 -0.04011734486746172 0.16689710972195776 -0.2566568998245233 0.07012483601762931 0.0 0.0 0.0 -0.10584443108419635 -0.09730280814974934 -0.012807176161187758 -0.01177363978611967 0.0 0.0 0.0 0.0 10.200000000000008 0.0 0.07 10.200000000000008 0.0 0.07 0.3 0.05 0.8 0.3 0.05 0.8 0.5 0.1 0.05
59 0.31313467025756836 0.0 0.0 0.0 0.0 0.0 0.0 0.0 0.0708284021069906 -0.04071409798340428 0.16689710972195776 -0.2566568998245233 0.07012483601762931 0.0 0.0 0.0 -0.10584443108419635 -0.09730280814974934 -0.012807176161187758 -0.01177363978611967 0.0 0.0 0.0 0.0 10.200000000000008 0.0 0.07 10.200000000000008 0.0 0.07 0.3 0.05 0.8 0.3 0.05 0.8 0.5 0.1 0.05
60 0.3183634281158447 0.0 0.0 0.0 0.0 0.0 0.0 -0.008876286426189194 0.07018539551796327 -0.0413789468805577 0.16689710972195776 -0.2566568998245233 0.07012483601762931 0.0 0.0 0.0 -0.10584443108419635 -0.09730280814974934 -0.012807176161187758 -0.01177363978611967 0.0 0.0 0.0 0.0 10.200000000000008 0.0 0.07 10.200000000000008 0.0 0.07 0.3 0.05 0.8 0.3 0.05 0.8 0.5 0.1 0.05
61 0.3237423896789551 0.0 0.0 0.0 0.0 0.0 0.0 -0.009314122038485199 0.069492794536959 -0.04200795398954067 0.16689710972195776 -0.2566568998245233 0.07012483601762931 0.0 0.0 0.0 -0.10584443108419635 -0.09730280814974934 -0.012807176161187758 -0.01177363978611967 0.0 0.0 0.0 0.0 10.200000000000008 0.0 0.07 10.200000000000008 0.0 0.07 0.3 0.05 0.8 0.3 0.05 0.8 0.5 0.1 0.05
62 0.3290119171142578 0.0 0.0 0.0 0.0 0.0 0.0 -0.009653522662759775 0.06869373766387157 -0.042615456025621376 0.16689710972195776 -0.2566568998245233 0.07012483601762931 0.0 0.0 0.0 -0.10584443108419635 -0.09730280814974934 -0.012807176161187758 -0.01177363978611967 0.0 0.0 0.0 0.0 10.200000000000008 0.0 0.07 10.200000000000008 0.0 0.07 0.3 0.05 0.8 0.3 0.05 0.8 0.5 0.1 0.05
63 0.3343174457550049 0.0 0.0 0.0 0.0 0.0 0.0 -0.010010561551118465 0.06775410799863726 -0.04321005501796071 0.16689710972195776 -0.2566568998245233 0.07012483601762931 0.0 0.0 0.0 -0.10584443108419635 -0.09730280814974934 -0.012807176161187758 -0.01177363978611967 0.0 0.0 0.0 0.0 10.200000000000008 0.0 0.07 10.200000000000008 0.0 0.07 0.3 0.05 0.8 0.3 0.05 0.8 0.5 0.1 0.05
64 0.33957910537719727 0.0 0.0 0.0 0.0 0.0 0.0 -0.010301484141030652 0.06673014061857933 -0.04379691218405524 0.16689710972195776 -0.2566568998245233 0.07012483601762931 0.0 0.0 0.0 -0.10584443108419635 -0.09730280814974934 -0.012807176161187758 -0.01177363978611967 0.0 0.0 0.0 0.0 10.200000000000008 0.0 0.07 10.200000000000008 0.0 0.07 0.3 0.05 0.8 0.3 0.05 0.8 0.5 0.1 0.05
65 0.34494805335998535 0.0 0.0 0.0 0.0 0.0 0.0 -0.010476037694977965 0.06611576019054458 -0.04414902648371195 0.16689710972195776 -0.2566568998245233 0.07012483601762931 0.0 0.0 0.0 -0.10584443108419635 -0.09730280814974934 -0.012807176161187758 -0.01177363978611967 0.0 0.0 0.0 0.0 10.200000000000008 0.0 0.07 10.200000000000008 0.0 0.07 0.3 0.05 0.8 0.3 0.05 0.8 0.5 0.1 0.05
66 0.350405216217041 0.0 0.0 0.0 0.0 0.0 0.0 -0.01081086610792115 0.0646733423371661 -0.04482049060488782 0.16689710972195776 -0.2566568998245233 0.07012483601762931 0.0 0.0 0.0 -0.10584443108419635 -0.09730280814974934 -0.012807176161187758 -0.01177363978611967 0.0 0.0 0.0 0.0 10.200000000000008 0.0 0.07 10.200000000000008 0.0 0.07 0.3 0.05 0.8 0.3 0.05 0.8 0.5 0.1 0.05
67 0.3559236526489258 0.0 0.0 0.0 0.0 0.0 0.0 -0.011165161669481009 0.0632709968268602 -0.04545346088781978 0.16689710972195776 -0.2566568998245233 0.07012483601762931 0.0 0.0 0.0 -0.10584443108419635 -0.09730280814974934 -0.012807176161187758 -0.01177363978611967 0.0 0.0 0.0 0.0 10.200000000000008 0.0 0.07 10.200000000000008 0.0 0.07 0.3 0.05 0.8 0.3 0.05 0.8 0.5 0.1 0.05
68 0.3614227771759033 0.0 0.0 0.0 0.0 0.0 0.0 -0.011454438263313896 0.06181599844573313 -0.04606334082826987 0.16689710972195776 -0.2566568998245233 0.07012483601762931 0.0 0.0 0.0 -0.10584443108419635 -0.09730280814974934 -0.012807176161187758 -0.01177363978611967 0.0 0.0 0.0 0.0 10.200000000000008 0.0 0.07 10.200000000000008 0.0 0.07 0.3 0.05 0.8 0.3 0.05 0.8 0.5 0.1 0.05
69 0.36701273918151855 0.0 0.0 0.0 0.0 0.0 0.0 -0.011781401243291453 0.05963911801027282 -0.04688946433392176 0.16689710972195776 -0.2566568998245233 0.07012483601762931 0.0 0.0 0.0 -0.10584443108419635 -0.09730280814974934 -0.012807176161187758 -0.01177363978611967 0.0 0.0 0.0 0.0 10.200000000000008 0.0 0.07 10.200000000000008 0.0 0.07 0.3 0.05 0.8 0.3 0.05 0.8 0.5 0.1 0.05
70 0.37236833572387695 0.0 0.0 0.0 0.0 0.0 0.0 -0.012130977545071933 0.057719395693820855 -0.047615236208003814 0.16689710972195776 -0.2566568998245233 0.07012483601762931 0.0 0.0 0.0 -0.10584443108419635 -0.09730280814974934 -0.012807176161187758 -0.01177363978611967 0.0 0.0 0.0 0.0 10.200000000000008 0.0 0.07 10.200000000000008 0.0 0.07 0.3 0.05 0.8 0.3 0.05 0.8 0.5 0.1 0.05
71 0.3779160976409912 0.0 0.0 0.0 0.0 0.0 0.0 -0.01234072332614022 0.05587727197210916 -0.048280797103143966 0.16689710972195776 -0.2566568998245233 0.07012483601762931 0.0 0.0 0.0 -0.10584443108419635 -0.09730280814974934 -0.012807176161187758 -0.01177363978611967 0.0 0.0 0.0 0.0 10.200000000000008 0.0 0.07 10.200000000000008 0.0 0.07 0.3 0.05 0.8 0.3 0.05 0.8 0.5 0.1 0.05
72 0.38348817825317383 0.0 0.0 0.0 0.0 0.0 0.0 -0.01261996930857514 0.05415840368390637 -0.04891023141091898 0.16689710972195776 -0.2566568998245233 0.07012483601762931 0.0 0.0 0.0 -0.10584443108419635 -0.09730280814974934 -0.012807176161187758 -0.01177363978611967 0.0 0.0 0.0 0.0 10.200000000000008 0.0 0.07 10.200000000000008 0.0 0.07 0.3 0.05 0.8 0.3 0.05 0.8 0.5 0.1 0.05
73 0.38887810707092285 0.0 0.0 0.0 0.0 0.0 0.0 -0.01278751689803609 0.05243679237914418 -0.04944129050937793 0.16689710972195776 -0.2566568998245233 0.07012483601762931 0.0 0.0 0.0 -0.10584443108419635 -0.09730280814974934 -0.012807176161187758 -0.01177363978611967 0.0 0.0 0.0 0.0 10.200000000000008 0.0 0.07 10.200000000000008 0.0 0.07 0.3 0.05 0.8 0.3 0.05 0.8 0.5 0.1 0.05
74 0.3943061828613281 0.0 0.0 0.0 0.0 0.0 0.0 -0.012964744708609633 0.05079023452134332 -0.04999002373914421 0.16689710972195776 -0.2566568998245233 0.07012483601762931 0.0 0.0 0.0 -0.10584443108419635 -0.09730280814974934 -0.012807176161187758 -0.01177363978611967 0.0 0.0 0.0 0.0 10.200000000000008 0.0 0.07 10.200000000000008 0.0 0.07 0.3 0.05 0.8 0.3 0.05 0.8 0.5 0.1 0.05
75 0.3998539447784424 0.0 0.0 0.0 0.0 0.0 0.0 -0.013147780651850731 0.04911200649459005 -0.05054935548723043 0.16689710972195776 -0.2566568998245233 0.07012483601762931 0.0 0.0 0.0 -0.10584443108419635 -0.09730280814974934 -0.012807176161187758 -0.01177363978611967 0.0 0.0 0.0 0.0 10.200000000000008 0.0 0.07 10.200000000000008 0.0 0.07 0.3 0.05 0.8 0.3 0.05 0.8 0.5 0.1 0.05
76 0.405353307723999 0.0 0.0 0.0 0.0 0.0 0.0 -0.013334299984576244 0.047491478603594546 -0.05111505230677307 0.16689710972195776 -0.2566568998245233 0.07012483601762931 0.0 0.0 0.0 -0.10584443108419635 -0.09730280814974934 -0.012807176161187758 -0.01177363978611967 0.0 0.0 0.0 0.0 10.200000000000008 0.0 0.07 10.200000000000008 0.0 0.07 0.3 0.05 0.8 0.3 0.05 0.8 0.5 0.1 0.05
77 0.41069912910461426 0.0 0.0 0.0 0.0 0.0 0.0 -0.013446211584211552 0.04582886855692449 -0.05168456816918958 0.16689710972195776 -0.2566568998245233 0.07012483601762931 0.0 0.0 0.0 -0.10584443108419635 -0.09730280814974934 -0.012807176161187758 -0.01177363978611967 0.0 0.0 0.0 0.0 10.200000000000008 0.0 0.07 10.200000000000008 0.0 0.07 0.3 0.05 0.8 0.3 0.05 0.8 0.5 0.1 0.05
78 0.41608214378356934 0.0 0.0 0.0 0.0 0.0 0.0 -0.013590057800889708 0.044294410710875885 -0.0522563754573304 0.16689710972195776 -0.2566568998245233 0.07012483601762931 0.0 0.0 0.0 -0.10584443108419635 -0.09730280814974934 -0.012807176161187758 -0.01177363978611967 0.0 0.0 0.0 0.0 10.200000000000008 0.0 0.07 10.200000000000008 0.0 0.07 0.3 0.05 0.8 0.3 0.05 0.8 0.5 0.1 0.05
79 0.42142391204833984 0.0 0.0 0.0 0.0 0.0 0.0 -0.01359966627399963 0.04268344567140621 -0.052906256857802786 0.16689710972195776 -0.2566568998245233 0.07012483601762931 0.0 0.0 0.0 -0.10584443108419635 -0.09730280814974934 -0.012807176161187758 -0.01177363978611967 0.0 0.0 0.0 0.0 10.200000000000008 0.0 0.07 10.200000000000008 0.0 0.07 0.3 0.05 0.8 0.3 0.05 0.8 0.5 0.1 0.05
80 0.4266951084136963 0.0 0.0 0.0 0.0 0.0 0.0 -0.013605431357865584 0.04056638077450205 -0.05375638123946805 0.16689710972195776 -0.2566568998245233 0.07012483601762931 0.0 0.0 0.0 -0.10584443108419635 -0.09730280814974934 -0.012807176161187758 -0.01177363978611967 0.0 0.0 0.0 0.0 10.200000000000008 0.0 0.07 10.200000000000008 0.0 0.07 0.3 0.05 0.8 0.3 0.05 0.8 0.5 0.1 0.05
81 0.43221282958984375 0.0 0.0 0.0 0.0 0.0 0.0 -0.01368558966508213 0.038759247038080744 -0.054496553639158125 0.16689710972195776 -0.2566568998245233 0.07012483601762931 0.0 0.0 0.0 -0.10584443108419635 -0.09730280814974934 -0.012807176161187758 -0.01177363978611967 0.0 0.0 0.0 0.0 10.200000000000008 0.0 0.07 10.200000000000008 0.0 0.07 0.3 0.05 0.8 0.3 0.05 0.8 0.5 0.1 0.05
82 0.4375600814819336 0.0 0.0 0.0 0.0 0.0 0.0 -0.013656985392515083 0.03713807497818139 -0.055170754849663085 0.16689710972195776 -0.2566568998245233 0.07012483601762931 0.0 0.0 0.0 -0.10584443108419635 -0.09730280814974934 -0.012807176161187758 -0.01177363978611967 0.0 0.0 0.0 0.0 10.200000000000008 0.0 0.07 10.200000000000008 0.0 0.07 0.3 0.05 0.8 0.3 0.05 0.8 0.5 0.1 0.05
83 0.4429054260253906 0.0 0.0 0.0 0.0 0.0 0.0 -0.013639822828974855 0.035705176200859945 -0.0558053673861925 0.16689710972195776 -0.2566568998245233 0.07012483601762931 0.0 0.0 0.0 -0.10584443108419635 -0.09730280814974934 -0.012807176161187758 -0.01177363978611967 0.0 0.0 0.0 0.0 10.200000000000008 0.0 0.07 10.200000000000008 0.0 0.07 0.3 0.05 0.8 0.3 0.05 0.8 0.5 0.1 0.05
84 0.44820475578308105 0.0 0.0 0.0 0.0 0.0 0.0 -0.013552827524069866 0.03430854511642051 -0.05641623267880107 0.16689710972195776 -0.2566568998245233 0.07012483601762931 0.0 0.0 0.0 -0.10584443108419635 -0.09730280814974934 -0.012807176161187758 -0.01177363978611967 0.0 0.0 0.0 0.0 10.200000000000008 0.0 0.07 10.200000000000008 0.0 0.07 0.3 0.05 0.8 0.3 0.05 0.8 0.5 0.1 0.05
85 0.45347094535827637 0.0 0.0 0.0 0.0 0.0 0.0 -0.013500630341126871 0.033010370924375004 -0.057089548881954104 0.16689710972195776 -0.2566568998245233 0.07012483601762931 0.0 0.0 0.0 -0.10584443108419635 -0.09730280814974934 -0.012807176161187758 -0.01177363978611967 0.0 0.0 0.0 0.0 10.200000000000008 0.0 0.07 10.200000000000008 0.0 0.07 0.3 0.05 0.8 0.3 0.05 0.8 0.5 0.1 0.05
86 0.45871806144714355 0.0 0.0 0.0 0.0 0.0 0.0 -0.013392612774464102 0.031771273847998105 -0.05772363637453684 0.16689710972195776 -0.2566568998245233 0.07012483601762931 0.0 0.0 0.0 -0.10584443108419635 -0.09730280814974934 -0.012807176161187758 -0.01177363978611967 0.0 0.0 0.0 0.0 10.200000000000008 0.0 0.07 10.200000000000008 0.0 0.07 0.3 0.05 0.8 0.3 0.05 0.8 0.5 0.1 0.05
87 0.46396827697753906 0.0 0.0 0.0 0.0 0.0 0.0 -0.013327802234466439 0.030644319317687106 -0.0583341866407774 0.16689710972195776 -0.2566568998245233 0.07012483601762931 0.0 0.0 0.0 -0.10584443108419635 -0.09730280814974934 -0.012807176161187758 -0.01177363978611967 0.0 0.0 0.0 0.0 10.200000000000008 0.0 0.07 10.200000000000008 0.0 0.07 0.3 0.05 0.8 0.3 0.05 0.8 0.5 0.1 0.05
88 0.4693105220794678 0.0 0.0 0.0 0.0 0.0 0.0 -0.013135517396673898 0.029584650315015643 -0.05893061457121265 0.16689710972195776 -0.2566568998245233 0.07012483601762931 0.0 0.0 0.0 -0.10584443108419635 -0.09730280814974934 -0.012807176161187758 -0.01177363978611967 0.0 0.0 0.0 0.0 10.200000000000008 0.0 0.07 10.200000000000008 0.0 0.07 0.3 0.05 0.8 0.3 0.05 0.8 0.5 0.1 0.05
89 0.4746279716491699 0.0 0.0 0.0 0.0 0.0 0.0 -0.013020146493998373 0.028642054866057115 -0.05959526835706169 0.16689710972195776 -0.2566568998245233 0.07012483601762931 0.0 0.0 0.0 -0.10584443108419635 -0.09730280814974934 -0.012807176161187758 -0.01177363978611967 0.0 0.0 0.0 0.0 10.200000000000008 0.0 0.07 10.200000000000008 0.0 0.07 0.3 0.05 0.8 0.3 0.05 0.8 0.5 0.1 0.05
90 0.4798750877380371 0.0 0.0 0.0 0.0 0.0 0.0 -0.012797525438599112 0.02776970056909411 -0.06022415839926204 0.16689710972195776 -0.2566568998245233 0.07012483601762931 0.0 0.0 0.0 -0.10584443108419635 -0.09730280814974934 -0.012807176161187758 -0.01177363978611967 0.0 0.0 0.0 0.0 10.200000000000008 0.0 0.07 10.200000000000008 0.0 0.07 0.3 0.05 0.8 0.3 0.05 0.8 0.5 0.1 0.05
91 0.48523736000061035 0.0 0.0 0.0 0.0 0.0 0.0 -0.012587253548462584 0.027016190220225385 -0.060908283491705656 0.16689710972195776 -0.2566568998245233 0.07012483601762931 0.0 0.0 0.0 -0.10584443108419635 -0.09730280814974934 -0.012807176161187758 -0.01177363978611967 0.0 0.0 0.0 0.0 10.200000000000008 0.0 0.07 10.200000000000008 0.0 0.07 0.3 0.05 0.8 0.3 0.05 0.8 0.5 0.1 0.05
92 0.49053382873535156 0.0 0.0 0.0 0.0 0.0 0.0 -0.012384392647599812 0.02625728698331626 -0.06154885631786275 0.16689710972195776 -0.2566568998245233 0.07012483601762931 0.0 0.0 0.0 -0.10584443108419635 -0.09730280814974934 -0.012807176161187758 -0.01177363978611967 0.0 0.0 0.0 0.0 10.200000000000008 0.0 0.07 10.200000000000008 0.0 0.07 0.3 0.05 0.8 0.3 0.05 0.8 0.5 0.1 0.05
93 0.4958930015563965 0.0 0.0 0.0 0.0 0.0 0.0 -0.012185976850185177 0.02564854652737684 -0.06216329778424792 0.16689710972195776 -0.2566568998245233 0.07012483601762931 0.0 0.0 0.0 -0.10584443108419635 -0.09730280814974934 -0.012807176161187758 -0.01177363978611967 0.0 0.0 0.0 0.0 10.200000000000008 0.0 0.07 10.200000000000008 0.0 0.07 0.3 0.05 0.8 0.3 0.05 0.8 0.5 0.1 0.05
94 0.5012373924255371 0.0 0.0 0.0 0.0 0.0 0.0 -0.011913528857942451 0.02505320746335451 -0.06283875969166691 0.16689710972195776 -0.2566568998245233 0.07012483601762931 0.0 0.0 0.0 -0.10584443108419635 -0.09730280814974934 -0.012807176161187758 -0.01177363978611967 0.0 0.0 0.0 0.0 10.200000000000008 0.0 0.07 10.200000000000008 0.0 0.07 0.3 0.05 0.8 0.3 0.05 0.8 0.5 0.1 0.05
95 0.5064418315887451 0.0 0.0 0.0 0.0 0.0 0.0 -0.011750060062596816 0.024696004024941112 -0.06324403683611832 0.16689710972195776 -0.2566568998245233 0.07012483601762931 0.0 0.0 0.0 -0.10584443108419635 -0.09730280814974934 -0.012807176161187758 -0.01177363978611967 0.0 0.0 0.0 0.0 10.200000000000008 0.0 0.07 10.200000000000008 0.0 0.07 0.3 0.05 0.8 0.3 0.05 0.8 0.5 0.1 0.05
96 0.5116350650787354 0.0 0.0 0.0 0.0 0.0 0.0 -0.011345183247917664 0.024098185677408207 -0.06425419569175889 0.16689710972195776 -0.2566568998245233 0.07012483601762931 0.0 0.0 0.0 -0.10584443108419635 -0.09730280814974934 -0.012807176161187758 -0.01177363978611967 0.0 0.0 0.0 0.0 10.200000000000008 0.0 0.07 10.200000000000008 0.0 0.07 0.3 0.05 0.8 0.3 0.05 0.8 0.5 0.1 0.05
97 0.5169084072113037 0.0 0.0 0.0 0.0 0.0 0.0 -0.010948858645316226 0.023662795411991497 -0.06516708803273111 0.16689710972195776 -0.2566568998245233 0.07012483601762931 0.0 0.0 0.0 -0.10584443108419635 -0.09730280814974934 -0.012807176161187758 -0.01177363978611967 0.0 0.0 0.0 0.0 10.200000000000008 0.0 0.07 10.200000000000008 0.0 0.07 0.3 0.05 0.8 0.3 0.05 0.8 0.5 0.1 0.05
98 0.5221371650695801 0.0 0.0 0.0 0.0 0.0 0.0 -0.01055766536996142 0.023324861995844492 -0.06602161450443786 0.16689710972195776 -0.2566568998245233 0.07012483601762931 0.0 0.0 0.0 -0.10584443108419635 -0.09730280814974934 -0.012807176161187758 -0.01177363978611967 0.0 0.0 0.0 0.0 10.200000000000008 0.0 0.07 10.200000000000008 0.0 0.07 0.3 0.05 0.8 0.3 0.05 0.8 0.5 0.1 0.05
99 0.5273439884185791 0.0 0.0 0.0 0.0 0.0 0.0 -0.010246250147851563 0.023045402689259323 -0.06676442815815282 0.16689710972195776 -0.2566568998245233 0.07012483601762931 0.0 0.0 0.0 -0.10584443108419635 -0.09730280814974934 -0.012807176161187758 -0.01177363978611967 0.0 0.0 0.0 0.0 10.200000000000008 0.0 0.07 10.200000000000008 0.0 0.07 0.3 0.05 0.8 0.3 0.05 0.8 0.5 0.1 0.05
100 0.5325610637664795 0.0 0.0 0.0 0.0 0.0 0.0 -0.009906003990907821 0.02287772710530822 -0.0675169133779697 0.16689710972195776 -0.2566568998245233 0.07012483601762931 0.0 0.0 0.0 -0.10584443108419635 -0.09730280814974934 -0.012807176161187758 -0.01177363978611967 0.0 0.0 0.0 0.0 10.200000000000008 0.0 0.07 10.200000000000008 0.0 0.07 0.3 0.05 0.8 0.3 0.05 0.8 0.5 0.1 0.05
101 0.5378835201263428 0.0 0.0 0.0 0.0 0.0 0.0 -0.009625157039844604 0.022700422498040586 -0.06819850228055074 0.16689710972195776 -0.2566568998245233 0.07012483601762931 0.0 0.0 0.0 -0.10584443108419635 -0.09730280814974934 -0.012807176161187758 -0.01177363978611967 0.0 0.0 0.0 0.0 10.200000000000008 0.0 0.07 10.200000000000008 0.0 0.07 0.3 0.05 0.8 0.3 0.05 0.8 0.5 0.1 0.05
102 0.5431301593780518 0.0 0.0 0.0 0.0 0.0 0.0 -0.009303250355412728 0.022594039733680002 -0.06891425264968726 0.16689710972195776 -0.2566568998245233 0.07012483601762931 0.0 0.0 0.0 -0.10584443108419635 -0.09730280814974934 -0.012807176161187758 -0.01177363978611967 0.0 0.0 0.0 0.0 10.200000000000008 0.0 0.07 10.200000000000008 0.0 0.07 0.3 0.05 0.8 0.3 0.05 0.8 0.5 0.1 0.05
103 0.5484631061553955 0.0 0.0 0.0 0.0 0.0 0.0 -0.008956707830959657 0.02253021007506365 -0.06965049989875706 0.16689710972195776 -0.2566568998245233 0.07012483601762931 0.0 0.0 0.0 -0.10584443108419635 -0.09730280814974934 -0.012807176161187758 -0.01177363978611967 0.0 0.0 0.0 0.0 10.200000000000008 0.0 0.07 10.200000000000008 0.0 0.07 0.3 0.05 0.8 0.3 0.05 0.8 0.5 0.1 0.05
104 0.5536856651306152 0.0 0.0 0.0 0.0 0.0 0.0 0.0 0.02249191227989384 -0.07032234601888986 0.16689710972195776 -0.2566568998245233 0.07012483601762931 0.0 0.0 0.0 -0.10584443108419635 -0.09730280814974934 -0.012807176161187758 -0.01177363978611967 0.0 0.0 0.0 0.0 10.200000000000008 0.0 0.07 10.200000000000008 0.0 0.07 0.3 0.05 0.8 0.3 0.05 0.8 0.5 0.1 0.05
105 0.5589377880096436 0.0 0.0 0.0 0.0 0.0 0.0 0.0 0.022468933602791955 -0.07103225071855743 0.16689710972195776 -0.2566568998245233 0.07012483601762931 0.0 0.0 0.0 -0.10584443108419635 -0.09730280814974934 -0.012807176161187758 -0.01177363978611967 0.0 0.0 0.0 0.0 10.200000000000008 0.0 0.07 10.200000000000008 0.0 0.07 0.3 0.05 0.8 0.3 0.05 0.8 0.5 0.1 0.05
106 0.5642235279083252 0.0 0.0 0.0 0.0 0.0 0.0 0.0 0.022455146396530824 -0.0716882853485844 0.16689710972195776 -0.2566568998245233 0.07012483601762931 0.0 0.0 0.0 -0.10584443108419635 -0.09730280814974934 -0.012807176161187758 -0.01177363978611967 0.0 0.0 0.0 0.0 10.200000000000008 0.0 0.07 10.200000000000008 0.0 0.07 0.3 0.05 0.8 0.3 0.05 0.8 0.5 0.1 0.05
107 0.5696227550506592 0.0 0.0 0.0 0.0 0.0 0.0 0.0 0.022446874072774146 -0.07238870315418848 0.16689710972195776 -0.2566568998245233 0.07012483601762931 0.0 0.0 0.0 -0.10584443108419635 -0.09730280814974934 -0.012807176161187758 -0.01177363978611967 0.0 0.0 0.0 0.0 10.200000000000008 0.0 0.07 10.200000000000008 0.0 0.07 0.3 0.05 0.8 0.3 0.05 0.8 0.5 0.1 0.05
108 0.5749032497406006 0.0 0.0 0.0 0.0 0.0 0.0 0.0 0.02244191067852014 -0.07311575086513881 0.16689710972195776 -0.2566568998245233 0.07012483601762931 0.0 0.0 0.0 -0.10584443108419635 -0.09730280814974934 -0.012807176161187758 -0.01177363978611967 0.0 0.0 0.0 0.0 10.200000000000008 0.0 0.07 10.200000000000008 0.0 0.07 0.3 0.05 0.8 0.3 0.05 0.8 0.5 0.1 0.05
109 0.5801501274108887 0.0 0.0 0.0 0.0 0.0 0.0 0.0 0.022438932641967734 -0.07355197949170902 0.16689710972195776 -0.2566568998245233 0.07012483601762931 0.0 0.0 0.0 -0.10584443108419635 -0.09730280814974934 -0.012807176161187758 -0.01177363978611967 0.0 0.0 0.0 0.0 10.200000000000008 0.0 0.07 10.200000000000008 0.0 0.07 0.3 0.05 0.8 0.3 0.05 0.8 0.5 0.1 0.05
110 0.5853621959686279 0.0 0.0 0.0 0.0 0.0 0.0 0.0 0.02243714582003629 -0.07404381443834207 0.16689710972195776 -0.2566568998245233 0.07012483601762931 0.0 0.0 0.0 -0.10584443108419635 -0.09730280814974934 -0.012807176161187758 -0.01177363978611967 0.0 0.0 0.0 0.0 10.200000000000008 0.0 0.07 10.200000000000008 0.0 0.07 0.3 0.05 0.8 0.3 0.05 0.8 0.5 0.1 0.05
111 0.5906627178192139 0.0 0.0 0.0 0.0 0.0 0.0 0.0 0.02235937446998045 -0.07495250946149767 0.16689710972195776 -0.2566568998245233 0.07012483601762931 0.0 0.0 0.0 -0.10584443108419635 -0.09730280814974934 -0.012807176161187758 -0.01177363978611967 0.0 0.0 0.0 0.0 10.200000000000008 0.0 0.07 10.200000000000008 0.0 0.07 0.3 0.05 0.8 0.3 0.05 0.8 0.5 0.1 0.05
112 0.5961225032806396 0.0 0.0 0.0 0.0 0.0 0.0 0.0 0.02231271165994695 -0.07572782424608196 0.16689710972195776 -0.2566568998245233 0.07012483601762931 0.0 0.0 0.0 -0.10584443108419635 -0.09730280814974934 -0.012807176161187758 -0.01177363978611967 0.0 0.0 0.0 0.0 10.200000000000008 0.0 0.07 10.200000000000008 0.0 0.07 0.3 0.05 0.8 0.3 0.05 0.8 0.5 0.1 0.05
113 0.6018879413604736 0.0 0.0 0.0 0.0 0.0 0.0 0.0 0.022131318440365144 -0.07672990195464685 0.16689710972195776 -0.2566568998245233 0.07012483601762931 0.0 0.0 0.0 -0.10584443108419635 -0.09730280814974934 -0.012807176161187758 -0.01177363978611967 0.0 0.0 0.0 0.0 10.200000000000008 0.0 0.07 10.200000000000008 0.0 0.07 0.3 0.05 0.8 0.3 0.05 0.8 0.5 0.1 0.05
114 0.6073150634765625 0.0 0.0 0.0 0.0 0.0 0.0 0.0 0.021945783251719087 -0.07763794560737368 0.16689710972195776 -0.2566568998245233 0.07012483601762931 0.0 0.0 0.0 -0.10584443108419635 -0.09730280814974934 -0.012807176161187758 -0.01177363978611967 0.0 0.0 0.0 0.0 10.200000000000008 0.0 0.07 10.200000000000008 0.0 0.07 0.3 0.05 0.8 0.3 0.05 0.8 0.5 0.1 0.05
115 0.6128687858581543 0.0 0.0 0.0 0.0 0.0 0.0 0.0 0.021681063624737505 -0.07848956882659766 0.16689710972195776 -0.2566568998245233 0.07012483601762931 0.0 0.0 0.0 -0.10584443108419635 -0.09730280814974934 -0.012807176161187758 -0.01177363978611967 0.0 0.0 0.0 0.0 10.200000000000008 0.0 0.07 10.200000000000008 0.0 0.07 0.3 0.05 0.8 0.3 0.05 0.8 0.5 0.1 0.05
116 0.6187341213226318 0.0 0.0 0.0 0.0 0.0 0.0 0.0 0.021445532591651585 -0.07923064052882298 0.16689710972195776 -0.2566568998245233 0.07012483601762931 0.0 0.0 0.0 -0.10584443108419635 -0.09730280814974934 -0.012807176161187758 -0.01177363978611967 0.0 0.0 0.0 0.0 10.200000000000008 0.0 0.07 10.200000000000008 0.0 0.07 0.3 0.05 0.8 0.3 0.05 0.8 0.5 0.1 0.05
117 0.6244618892669678 0.0 0.0 0.0 0.0 0.0 0.0 0.0 0.021074116201109116 -0.07998208057774606 0.16689710972195776 -0.2566568998245233 0.07012483601762931 0.0 0.0 0.0 -0.10584443108419635 -0.09730280814974934 -0.012807176161187758 -0.01177363978611967 0.0 0.0 0.0 0.0 10.200000000000008 0.0 0.07 10.200000000000008 0.0 0.07 0.3 0.05 0.8 0.3 0.05 0.8 0.5 0.1 0.05
118 0.6302089691162109 0.0 0.0 0.0 0.0 0.0 0.0 0.0 0.02077456710988666 -0.08066304237779082 0.16689710972195776 -0.2566568998245233 0.07012483601762931 0.0 0.0 0.0 -0.10584443108419635 -0.09730280814974934 -0.012807176161187758 -0.01177363978611967 0.0 0.0 0.0 0.0 10.200000000000008 0.0 0.07 10.200000000000008 0.0 0.07 0.3 0.05 0.8 0.3 0.05 0.8 0.5 0.1 0.05
119 0.6358144283294678 0.0 0.0 0.0 0.0 0.0 0.0 0.0 0.020364739884462267 -0.08137841648540556 0.16689710972195776 -0.2566568998245233 0.07012483601762931 0.0 0.0 0.0 -0.10584443108419635 -0.09730280814974934 -0.012807176161187758 -0.01177363978611967 0.0 0.0 0.0 0.0 10.200000000000008 0.0 0.07 10.200000000000008 0.0 0.07 0.3 0.05 0.8 0.3 0.05 0.8 0.5 0.1 0.05
120 0.6415634155273438 0.0 0.0 0.0 0.0 0.0 0.0 0.0 0.019888748758748954 -0.08203773872066533 0.16689710972195776 -0.2566568998245233 0.07012483601762931 0.0 0.0 0.0 -0.10584443108419635 -0.09730280814974934 -0.012807176161187758 -0.01177363978611967 0.0 0.0 0.0 0.0 10.200000000000008 0.0 0.07 10.200000000000008 0.0 0.07 0.3 0.05 0.8 0.3 0.05 0.8 0.5 0.1 0.05
121 0.6472957134246826 0.0 0.0 0.0 0.0 0.0 0.0 0.0 0.019373056312630046 -0.0827401231289446 0.16689710972195776 -0.2566568998245233 0.07012483601762931 0.0 0.0 0.0 -0.10584443108419635 -0.09730280814974934 -0.012807176161187758 -0.01177363978611967 0.0 0.0 0.0 0.0 10.200000000000008 0.0 0.07 10.200000000000008 0.0 0.07 0.3 0.05 0.8 0.3 0.05 0.8 0.5 0.1 0.05
122 0.6532695293426514 0.0 0.0 0.0 0.0 0.0 0.0 0.0 0.018450046789782924 -0.08362174931529401 0.16689710972195776 -0.2566568998245233 0.07012483601762931 0.0 0.0 0.0 -0.10584443108419635 -0.09730280814974934 -0.012807176161187758 -0.01177363978611967 0.0 0.0 0.0 0.0 10.200000000000008 0.0 0.07 10.200000000000008 0.0 0.07 0.3 0.05 0.8 0.3 0.05 0.8 0.5 0.1 0.05
123 0.6590549945831299 0.0 0.0 0.0 0.0 0.0 0.0 0.0 0.01789624107607465 -0.08415072502710366 0.16689710972195776 -0.2566568998245233 0.07012483601762931 0.0 0.0 0.0 -0.10584443108419635 -0.09730280814974934 -0.012807176161187758 -0.01177363978611967 0.0 0.0 0.0 0.0 10.200000000000008 0.0 0.07 10.200000000000008 0.0 0.07 0.3 0.05 0.8 0.3 0.05 0.8 0.5 0.1 0.05
124 0.6645903587341309 0.0 0.0 0.0 0.0 0.0 0.0 0.0 0.017257163600494035 -0.08477490748177732 0.16689710972195776 -0.2566568998245233 0.07012483601762931 0.0 0.0 0.0 -0.10584443108419635 -0.09730280814974934 -0.012807176161187758 -0.01177363978611967 0.0 0.0 0.0 0.0 10.200000000000008 0.0 0.07 10.200000000000008 0.0 0.07 0.3 0.05 0.8 0.3 0.05 0.8 0.5 0.1 0.05
125 0.6702709197998047 0.0 0.0 0.0 0.0 0.0 0.0 0.0 0.016490220830660804 -0.08537951472527244 0.16689710972195776 -0.2566568998245233 0.07012483601762931 0.0 0.0 0.0 -0.10584443108419635 -0.09730280814974934 -0.012807176161187758 -0.01177363978611967 0.0 0.0 0.0 0.0 10.200000000000008 0.0 0.07 10.200000000000008 0.0 0.07 0.3 0.05 0.8 0.3 0.05 0.8 0.5 0.1 0.05
126 0.67592453956604 0.0 0.0 0.0 0.0 0.0 0.0 0.0 0.015263065580023374 -0.08627917386964833 0.16689710972195776 -0.2566568998245233 0.07012483601762931 0.0 0.0 0.0 -0.10584443108419635 -0.09730280814974934 -0.012807176161187758 -0.01177363978611967 0.0 0.0 0.0 0.0 10.200000000000008 0.0 0.07 10.200000000000008 0.0 0.07 0.3 0.05 0.8 0.3 0.05 0.8 0.5 0.1 0.05
127 0.6814455986022949 0.0 0.0 0.0 0.0 0.0 0.0 0.0 0.014143276145156054 -0.08704906712696478 0.16689710972195776 -0.2566568998245233 0.07012483601762931 0.0 0.0 0.0 -0.10584443108419635 -0.09730280814974934 -0.012807176161187758 -0.01177363978611967 0.0 0.0 0.0 0.0 10.200000000000008 0.0 0.07 10.200000000000008 0.0 0.07 0.3 0.05 0.8 0.3 0.05 0.8 0.5 0.1 0.05
128 0.6874451637268066 0.0 0.0 0.0 0.0 0.0 0.0 0.0 0.0126277136386012 -0.08804789191916898 0.16689710972195776 -0.2566568998245233 0.07012483601762931 0.0 0.0 0.0 -0.10584443108419635 -0.09730280814974934 -0.012807176161187758 -0.01177363978611967 0.0 0.0 0.0 0.0 10.200000000000008 0.0 0.07 10.200000000000008 0.0 0.07 0.3 0.05 0.8 0.3 0.05 0.8 0.5 0.1 0.05
129 0.6930773258209229 0.0 0.0 0.0 0.0 0.0 0.0 0.0 0.011181481336389479 -0.08887728456518243 0.16689710972195776 -0.2566568998245233 0.07012483601762931 0.0 0.0 0.0 -0.10584443108419635 -0.09730280814974934 -0.012807176161187758 -0.01177363978611967 0.0 0.0 0.0 0.0 10.200000000000008 0.0 0.07 10.200000000000008 0.0 0.07 0.3 0.05 0.8 0.3 0.05 0.8 0.5 0.1 0.05
130 0.6985726356506348 0.0 0.0 0.0 0.0 0.0 0.0 0.0 0.00985354939391285 -0.08968171718037837 0.16689710972195776 -0.2566568998245233 0.07012483601762931 0.0 0.0 0.0 -0.10584443108419635 -0.09730280814974934 -0.012807176161187758 -0.01177363978611967 0.0 0.0 0.0 0.0 10.200000000000008 0.0 0.07 10.200000000000008 0.0 0.07 0.3 0.05 0.8 0.3 0.05 0.8 0.5 0.1 0.05
131 0.704932451248169 0.0 0.0 0.0 0.0 0.0 0.0 0.0 0.0 -0.09039447452018687 0.16689710972195776 -0.2566568998245233 0.07012483601762931 0.0 0.0 0.0 -0.10584443108419635 -0.09730280814974934 -0.012807176161187758 -0.01177363978611967 0.0 0.0 0.0 0.0 10.200000000000008 0.0 0.07 10.200000000000008 0.0 0.07 0.3 0.05 0.8 0.3 0.05 0.8 0.5 0.1 0.05
132 0.7114179134368896 0.0 0.0 0.0 0.0 0.0 0.0 0.0 0.0 -0.09105222669476287 0.16689710972195776 -0.2566568998245233 0.07012483601762931 0.0 0.0 0.0 -0.10584443108419635 -0.09730280814974934 -0.012807176161187758 -0.01177363978611967 0.0 0.0 0.0 0.0 10.200000000000008 0.0 0.07 10.200000000000008 0.0 0.07 0.3 0.05 0.8 0.3 0.05 0.8 0.5 0.1 0.05
133 0.7173848152160645 0.0 0.0 0.0 0.0 0.0 0.0 0.0 0.0 -0.09198377279778729 0.16689710972195776 -0.2566568998245233 0.07012483601762931 0.0 0.0 0.0 -0.10584443108419635 -0.09730280814974934 -0.012807176161187758 -0.01177363978611967 0.0 0.0 0.0 0.0 10.200000000000008 0.0 0.07 10.200000000000008 0.0 0.07 0.3 0.05 0.8 0.3 0.05 0.8 0.5 0.1 0.05
134 0.7227692604064941 0.0 0.0 0.0 0.0 0.0 0.0 0.0 0.0 -0.09277279226982837 0.16689710972195776 -0.2566568998245233 0.07012483601762931 0.0 0.0 0.0 -0.10584443108419635 -0.09730280814974934 -0.012807176161187758 -0.01177363978611967 0.0 0.0 0.0 0.0 10.200000000000008 0.0 0.07 10.200000000000008 0.0 0.07 0.3 0.05 0.8 0.3 0.05 0.8 0.5 0.1 0.05
135 0.7283201217651367 0.0 0.0 0.0 0.0 0.0 0.0 0.0 0.0 -0.09347630172374395 0.16689710972195776 -0.2566568998245233 0.07012483601762931 0.0 0.0 0.0 -0.10584443108419635 -0.09730280814974934 -0.012807176161187758 -0.01177363978611967 0.0 0.0 0.0 0.0 10.200000000000008 0.0 0.07 10.200000000000008 0.0 0.07 0.3 0.05 0.8 0.3 0.05 0.8 0.5 0.1 0.05
136 0.7339487075805664 0.0 0.0 0.0 0.0 0.0 0.0 0.0 0.0 -0.09420520442368119 0.16689710972195776 -0.2566568998245233 0.07012483601762931 0.0 0.0 0.0 -0.10584443108419635 -0.09730280814974934 -0.012807176161187758 -0.01177363978611967 0.0 0.0 0.0 0.0 10.200000000000008 0.0 0.07 10.200000000000008 0.0 0.07 0.3 0.05 0.8 0.3 0.05 0.8 0.5 0.1 0.05
137 0.7395031452178955 0.0 0.0 0.0 0.0 0.0 0.0 0.0 0.0 -0.09464254604364353 0.16689710972195776 -0.2566568998245233 0.07012483601762931 0.0 0.0 0.0 -0.10584443108419635 -0.09730280814974934 -0.012807176161187758 -0.01177363978611967 0.0 0.0 0.0 0.0 10.200000000000008 0.0 0.07 10.200000000000008 0.0 0.07 0.3 0.05 0.8 0.3 0.05 0.8 0.5 0.1 0.05
138 0.7452125549316406 0.0 0.0 0.0 0.0 0.0 0.0 0.0 0.0 -0.09513504878631185 0.16689710972195776 -0.2566568998245233 0.07012483601762931 0.0 0.0 0.0 -0.10584443108419635 -0.09730280814974934 -0.012807176161187758 -0.01177363978611967 0.0 0.0 0.0 0.0 10.200000000000008 0.0 0.07 10.200000000000008 0.0 0.07 0.3 0.05 0.8 0.3 0.05 0.8 0.5 0.1 0.05
139 0.7508296966552734 0.0 0.0 0.0 0.0 0.0 0.0 0.0 0.0 -0.09596744523019166 0.16689710972195776 -0.2566568998245233 0.07012483601762931 0.0 0.0 0.0 -0.10584443108419635 -0.09730280814974934 -0.012807176161187758 -0.01177363978611967 0.0 0.0 0.0 0.0 10.200000000000008 0.0 0.07 10.200000000000008 0.0 0.07 0.3 0.05 0.8 0.3 0.05 0.8 0.5 0.1 0.05
140 0.7563676834106445 0.0 0.0 0.0 0.0 0.0 0.0 0.0 0.0 -0.09669698086721046 0.16689710972195776 -0.2566568998245233 0.07012483601762931 0.0 0.0 0.0 -0.10584443108419635 -0.09730280814974934 -0.012807176161187758 -0.01177363978611967 0.0 0.0 0.0 0.0 10.200000000000008 0.0 0.07 10.200000000000008 0.0 0.07 0.3 0.05 0.8 0.3 0.05 0.8 0.5 0.1 0.05
141 0.7622225284576416 0.0 0.0 0.0 0.0 0.0 0.0 0.0 0.0 -0.09767159406746831 0.16689710972195776 -0.2566568998245233 0.07012483601762931 0.0 0.0 0.0 -0.10584443108419635 -0.09730280814974934 -0.012807176161187758 -0.01177363978611967 0.0 0.0 0.0 0.0 10.200000000000008 0.0 0.07 10.200000000000008 0.0 0.07 0.3 0.05 0.8 0.3 0.05 0.8 0.5 0.1 0.05
142 0.7675747871398926 0.0 0.0 0.0 0.0 0.0 0.0 0.0 0.0 -0.09848645975831394 0.16689710972195776 -0.2566568998245233 0.07012483601762931 0.0 0.0 0.0 -0.10584443108419635 -0.09730280814974934 -0.012807176161187758 -0.01177363978611967 0.0 0.0 0.0 0.0 10.200000000000008 0.0 0.07 10.200000000000008 0.0 0.07 0.3 0.05 0.8 0.3 0.05 0.8 0.5 0.1 0.05
143 0.7729287147521973 0.0 0.0 0.0 0.0 0.0 0.0 0.0 -0.009795767494133922 -0.09920547694351223 0.16689710972195776 -0.2566568998245233 0.07012483601762931 0.0 0.0 0.0 -0.10584443108419635 -0.09730280814974934 -0.012807176161187758 -0.01177363978611967 0.0 0.0 0.0 0.0 10.200000000000008 0.0 0.07 10.200000000000008 0.0 0.07 0.3 0.05 0.8 0.3 0.05 0.8 0.5 0.1 0.05
144 0.7782409191131592 0.0 0.0 0.0 0.0 0.0 0.0 0.0 -0.01109299655442942 -0.09994368130198686 0.16689710972195776 -0.2566568998245233 0.07012483601762931 0.0 0.0 0.0 -0.10584443108419635 -0.09730280814974934 -0.012807176161187758 -0.01177363978611967 0.0 0.0 0.0 0.0 10.200000000000008 0.0 0.07 10.200000000000008 0.0 0.07 0.3 0.05 0.8 0.3 0.05 0.8 0.5 0.1 0.05
145 0.7834963798522949 0.0 0.0 0.0 0.0 0.0 0.0 0.0 -0.012331528041872434 -0.10061670168776254 0.16689710972195776 -0.2566568998245233 0.07012483601762931 0.0 0.0 0.0 -0.10584443108419635 -0.09730280814974934 -0.012807176161187758 -0.01177363978611967 0.0 0.0 0.0 0.0 10.200000000000008 0.0 0.07 10.200000000000008 0.0 0.07 0.3 0.05 0.8 0.3 0.05 0.8 0.5 0.1 0.05
146 0.7887349128723145 0.0 0.0 0.0 0.0 0.0 0.0 0.0 -0.013458141728706987 -0.10132731094681585 0.16689710972195776 -0.2566568998245233 0.07012483601762931 0.0 0.0 0.0 -0.10584443108419635 -0.09730280814974934 -0.012807176161187758 -0.01177363978611967 0.0 0.0 0.0 0.0 10.200000000000008 0.0 0.07 10.200000000000008 0.0 0.07 0.3 0.05 0.8 0.3 0.05 0.8 0.5 0.1 0.05
147 0.7939572334289551 0.0 0.0 0.0 0.0 0.0 0.0 0.0 -0.014517604735176461 -0.10198377427293875 0.16689710972195776 -0.2566568998245233 0.07012483601762931 0.0 0.0 0.0 -0.10584443108419635 -0.09730280814974934 -0.012807176161187758 -0.01177363978611967 0.0 0.0 0.0 0.0 10.200000000000008 0.0 0.07 10.200000000000008 0.0 0.07 0.3 0.05 0.8 0.3 0.05 0.8 0.5 0.1 0.05
148 0.7991764545440674 0.0 0.0 0.0 0.0 0.0 0.0 0.0 -0.015460079566646037 -0.10268444631596815 0.16689710972195776 -0.2566568998245233 0.07012483601762931 0.0 0.0 0.0 -0.10584443108419635 -0.09730280814974934 -0.012807176161187758 -0.01177363978611967 0.0 0.0 0.0 0.0 10.200000000000008 0.0 0.07 10.200000000000008 0.0 0.07 0.3 0.05 0.8 0.3 0.05 0.8 0.5 0.1 0.05
149 0.8044102191925049 0.0 0.0 0.0 0.0 0.0 0.0 -0.00883123959807025 -0.016409059259896528 -0.1033349473124767 0.16689710972195776 -0.2566568998245233 0.07012483601762931 0.0 0.0 0.0 -0.10584443108419635 -0.09730280814974934 -0.012807176161187758 -0.01177363978611967 0.0 0.0 0.0 0.0 10.200000000000008 0.0 0.07 10.200000000000008 0.0 0.07 0.3 0.05 0.8 0.3 0.05 0.8 0.5 0.1 0.05
150 0.8096258640289307 0.0 0.0 0.0 0.0 0.0 0.0 -0.00890359914724509 -0.017208544846537742 -0.10403204493796972 0.16689710972195776 -0.2566568998245233 0.07012483601762931 0.0 0.0 0.0 -0.10584443108419635 -0.09730280814974934 -0.012807176161187758 -0.01177363978611967 0.0 0.0 0.0 0.0 10.200000000000008 0.0 0.07 10.200000000000008 0.0 0.07 0.3 0.05 0.8 0.3 0.05 0.8 0.5 0.1 0.05
151 0.814990758895874 0.0 0.0 0.0 0.0 0.0 0.0 -0.009023714133646965 -0.01799503173599424 -0.10468040128395645 0.16689710972195776 -0.2566568998245233 0.07012483601762931 0.0 0.0 0.0 -0.10584443108419635 -0.09730280814974934 -0.012807176161187758 -0.01177363978611967 0.0 0.0 0.0 0.0 10.200000000000008 0.0 0.07 10.200000000000008 0.0 0.07 0.3 0.05 0.8 0.3 0.05 0.8 0.5 0.1 0.05
152 0.8202886581420898 0.0 0.0 0.0 0.0 0.0 0.0 -0.009095783125488092 -0.01846692386966814 -0.10506941509154849 0.16689710972195776 -0.2566568998245233 0.07012483601762931 0.0 0.0 0.0 -0.10584443108419635 -0.09730280814974934 -0.012807176161187758 -0.01177363978611967 0.0 0.0 0.0 0.0 10.200000000000008 0.0 0.07 10.200000000000008 0.0 0.07 0.3 0.05 0.8 0.3 0.05 0.8 0.5 0.1 0.05
153 0.8256397247314453 0.0 0.0 0.0 0.0 0.0 0.0 -0.009139024520592766 -0.018903457663666422 -0.10560961742345937 0.16689710972195776 -0.2566568998245233 0.07012483601762931 0.0 0.0 0.0 -0.10584443108419635 -0.09730280814974934 -0.012807176161187758 -0.01177363978611967 0.0 0.0 0.0 0.0 10.200000000000008 0.0 0.07 10.200000000000008 0.0 0.07 0.3 0.05 0.8 0.3 0.05 0.8 0.5 0.1 0.05
154 0.8309967517852783 0.0 0.0 0.0 0.0 0.0 0.0 -0.009241668614552544 -0.019472173477537165 -0.1064706336208847 0.16689710972195776 -0.2566568998245233 0.07012483601762931 0.0 0.0 0.0 -0.10584443108419635 -0.09730280814974934 -0.012807176161187758 -0.01177363978611967 0.0 0.0 0.0 0.0 10.200000000000008 0.0 0.07 10.200000000000008 0.0 0.07 0.3 0.05 0.8 0.3 0.05 0.8 0.5 0.1 0.05
155 0.8363065719604492 0.0 0.0 0.0 0.0 0.0 0.0 -0.009456652094606235 -0.019966801479653552 -0.10729403738669555 0.16689710972195776 -0.2566568998245233 0.07012483601762931 0.0 0.0 0.0 -0.10584443108419635 -0.09730280814974934 -0.012807176161187758 -0.01177363978611967 0.0 0.0 0.0 0.0 10.200000000000008 0.0 0.07 10.200000000000008 0.0 0.07 0.3 0.05 0.8 0.3 0.05 0.8 0.5 0.1 0.05
156 0.841557502746582 0.0 0.0 0.0 0.0 0.0 0.0 -0.009585642182638451 -0.020186879024026414 -0.10801817741687297 0.16689710972195776 -0.2566568998245233 0.07012483601762931 0.0 0.0 0.0 -0.10584443108419635 -0.09730280814974934 -0.012807176161187758 -0.01177363978611967 0.0 0.0 0.0 0.0 10.200000000000008 0.0 0.07 10.200000000000008 0.0 0.07 0.3 0.05 0.8 0.3 0.05 0.8 0.5 0.1 0.05
157 0.8468582630157471 0.0 0.0 0.0 0.0 0.0 0.0 -0.009816434749251726 -0.020395624807547103 -0.10875945846256733 0.16689710972195776 -0.2566568998245233 0.07012483601762931 0.0 0.0 0.0 -0.10584443108419635 -0.09730280814974934 -0.012807176161187758 -0.01177363978611967 0.0 0.0 0.0 0.0 10.200000000000008 0.0 0.07 10.200000000000008 0.0 0.07 0.3 0.05 0.8 0.3 0.05 0.8 0.5 0.1 0.05
158 0.852092981338501 0.0 0.0 0.0 0.0 0.0 0.0 -0.010108308803013635 -0.020444173020762547 -0.1098178181649275 0.16689710972195776 -0.2566568998245233 0.07012483601762931 0.0 0.0 0.0 -0.10584443108419635 -0.09730280814974934 -0.012807176161187758 -0.01177363978611967 0.0 0.0 0.0 0.0 10.200000000000008 0.0 0.07 10.200000000000008 0.0 0.07 0.3 0.05 0.8 0.3 0.05 0.8 0.5 0.1 0.05
159 0.8573155403137207 0.0 0.0 0.0 0.0 0.0 0.0 -0.01028343323527078 -0.020473301948691812 -0.11045283398634359 0.16689710972195776 -0.2566568998245233 0.07012483601762931 0.0 0.0 0.0 -0.10584443108419635 -0.09730280814974934 -0.012807176161187758 -0.01177363978611967 0.0 0.0 0.0 0.0 10.200000000000008 0.0 0.07 10.200000000000008 0.0 0.07 0.3 0.05 0.8 0.3 0.05 0.8 0.5 0.1 0.05
160 0.8625309467315674 0.0 0.0 0.0 0.0 0.0 0.0 -0.01069530343209684 -0.0201839837679776 -0.11137073827747204 0.16689710972195776 -0.2566568998245233 0.07012483601762931 0.0 0.0 0.0 -0.10584443108419635 -0.09730280814974934 -0.012807176161187758 -0.01177363978611967 0.0 0.0 0.0 0.0 10.200000000000008 0.0 0.07 10.200000000000008 0.0 0.07 0.3 0.05 0.8 0.3 0.05 0.8 0.5 0.1 0.05
161 0.8679986000061035 0.0 0.0 0.0 0.0 0.0 0.0 -0.011019124807089449 -0.019780295088858153 -0.112228277879737 0.16689710972195776 -0.2566568998245233 0.07012483601762931 0.0 0.0 0.0 -0.10584443108419635 -0.09730280814974934 -0.012807176161187758 -0.01177363978611967 0.0 0.0 0.0 0.0 10.200000000000008 0.0 0.07 10.200000000000008 0.0 0.07 0.3 0.05 0.8 0.3 0.05 0.8 0.5 0.1 0.05
162 0.873633623123169 0.0 0.0 0.0 0.0 0.0 0.0 -0.01136681614587896 -0.019307984110695568 -0.11304959568845163 0.16689710972195776 -0.2566568998245233 0.07012483601762931 0.0 0.0 0.0 -0.10584443108419635 -0.09730280814974934 -0.012807176161187758 -0.01177363978611967 0.0 0.0 0.0 0.0 10.200000000000008 0.0 0.07 10.200000000000008 0.0 0.07 0.3 0.05 0.8 0.3 0.05 0.8 0.5 0.1 0.05
163 0.8791036605834961 0.0 0.0 0.0 0.0 0.0 0.0 -0.011728827972830492 -0.018717801986326246 -0.1138491834012683 0.16689710972195776 -0.2566568998245233 0.07012483601762931 0.0 0.0 0.0 -0.10584443108419635 -0.09730280814974934 -0.012807176161187758 -0.01177363978611967 0.0 0.0 0.0 0.0 10.200000000000008 0.0 0.07 10.200000000000008 0.0 0.07 0.3 0.05 0.8 0.3 0.05 0.8 0.5 0.1 0.05
164 0.8846428394317627 0.0 0.0 0.0 0.0 0.0 0.0 -0.012176132839692329 -0.01805689717423288 -0.1146357330565462 0.16689710972195776 -0.2566568998245233 0.07012483601762931 0.0 0.0 0.0 -0.10584443108419635 -0.09730280814974934 -0.012807176161187758 -0.01177363978611967 0.0 0.0 0.0 0.0 10.200000000000008 0.0 0.07 10.200000000000008 0.0 0.07 0.3 0.05 0.8 0.3 0.05 0.8 0.5 0.1 0.05
165 0.8899424076080322 0.0 0.0 0.0 0.0 0.0 0.0 -0.012521215016706404 -0.017276858002492 -0.11541445689706858 0.16689710972195776 -0.2566568998245233 0.07012483601762931 0.0 0.0 0.0 -0.10584443108419635 -0.09730280814974934 -0.012807176161187758 -0.01177363978611967 0.0 0.0 0.0 0.0 10.200000000000008 0.0 0.07 10.200000000000008 0.0 0.07 0.3 0.05 0.8 0.3 0.05 0.8 0.5 0.1 0.05
166 0.895237922668457 0.0 0.0 0.0 0.0 0.0 0.0 -0.013035059860386621 -0.016502038961975697 -0.1161884882289699 0.16689710972195776 -0.2566568998245233 0.07012483601762931 0.0 0.0 0.0 -0.10584443108419635 -0.09730280814974934 -0.012807176161187758 -0.01177363978611967 0.0 0.0 0.0 0.0 10.200000000000008 0.0 0.07 10.200000000000008 0.0 0.07 0.3 0.05 0.8 0.3 0.05 0.8 0.5 0.1 0.05
167 0.9004967212677002 0.0 0.0 0.0 0.0 0.0 0.0 -0.013343366766594752 -0.016037147537665917 -0.11665290702811071 0.16689710972195776 -0.2566568998245233 0.07012483601762931 0.0 0.0 0.0 -0.10584443108419635 -0.09730280814974934 -0.012807176161187758 -0.01177363978611967 0.0 0.0 0.0 0.0 10.200000000000008 0.0 0.07 10.200000000000008 0.0 0.07 0.3 0.05 0.8 0.3 0.05 0.8 0.5 0.1 0.05
168 0.9057929515838623 0.0 0.0 0.0 0.0 0.0 0.0 -0.013605050167216602 -0.015221319374917362 -0.11723835533518308 0.16689710972195776 -0.2566568998245233 0.07012483601762931 0.0 0.0 0.0 -0.10584443108419635 -0.09730280814974934 -0.012807176161187758 -0.01177363978611967 0.0 0.0 0.0 0.0 10.200000000000008 0.0 0.07 10.200000000000008 0.0 0.07 0.3 0.05 0.8 0.3 0.05 0.8 0.5 0.1 0.05
169 0.911015510559082 0.0 0.0 0.0 0.0 0.0 0.0 -0.014222254258855429 -0.013811434374736795 -0.11820321539437004 0.16689710972195776 -0.2566568998245233 0.07012483601762931 0.0 0.0 0.0 -0.10584443108419635 -0.09730280814974934 -0.012807176161187758 -0.01177363978611967 0.0 0.0 0.0 0.0 10.200000000000008 0.0 0.07 10.200000000000008 0.0 0.07 0.3 0.05 0.8 0.3 0.05 0.8 0.5 0.1 0.05
170 0.9162828922271729 0.0 0.0 0.0 0.0 0.0 0.0 -0.014822674484529641 -0.012505307833246618 -0.1190889284574701 0.16689710972195776 -0.2566568998245233 0.07012483601762931 0.0 0.0 0.0 -0.10584443108419635 -0.09730280814974934 -0.012807176161187758 -0.01177363978611967 0.0 0.0 0.0 0.0 10.200000000000008 0.0 0.07 10.200000000000008 0.0 0.07 0.3 0.05 0.8 0.3 0.05 0.8 0.5 0.1 0.05
171 0.9216928482055664 0.0 0.0 0.0 0.0 0.0 0.0 -0.015336323643611996 -0.01110804083340897 -0.11992715332291803 0.16689710972195776 -0.2566568998245233 0.07012483601762931 0.0 0.0 0.0 -0.10584443108419635 -0.09730280814974934 -0.012807176161187758 -0.01177363978611967 0.0 0.0 0.0 0.0 10.200000000000008 0.0 0.07 10.200000000000008 0.0 0.07 0.3 0.05 0.8 0.3 0.05 0.8 0.5 0.1 0.05
172 0.9272975921630859 0.0 0.0 0.0 0.0 0.0 0.0 -0.016104708680443246 -0.009195894017181003 -0.12112037857402731 0.16689710972195776 -0.2566568998245233 0.07012483601762931 0.0 0.0 0.0 -0.10584443108419635 -0.09730280814974934 -0.012807176161187758 -0.01177363978611967 0.0 0.0 0.0 0.0 10.200000000000008 0.0 0.07 10.200000000000008 0.0 0.07 0.3 0.05 0.8 0.3 0.05 0.8 0.5 0.1 0.05
173 0.9326071739196777 0.0 0.0 0.0 0.0 0.0 0.0 -0.01679583598311679 0.0 -0.12214311075228076 0.16689710972195776 -0.2566568998245233 0.07012483601762931 0.0 0.0 0.0 -0.10584443108419635 -0.09730280814974934 -0.012807176161187758 -0.01177363978611967 0.0 0.0 0.0 0.0 10.200000000000008 0.0 0.07 10.200000000000008 0.0 0.07 0.3 0.05 0.8 0.3 0.05 0.8 0.5 0.1 0.05
174 0.9379417896270752 0.0 0.0 0.0 0.0 0.0 0.0 -0.017363910878514865 0.0 -0.1230635441065885 0.16689710972195776 -0.2566568998245233 0.07012483601762931 0.0 0.0 0.0 -0.10584443108419635 -0.09730280814974934 -0.012807176161187758 -0.01177363978611967 0.0 0.0 0.0 0.0 10.200000000000008 0.0 0.07 10.200000000000008 0.0 0.07 0.3 0.05 0.8 0.3 0.05 0.8 0.5 0.1 0.05
175 0.9432253837585449 0.0 0.0 0.0 0.0 0.0 0.0 -0.01793485209632851 0.0 -0.12392260114676103 0.16689710972195776 -0.2566568998245233 0.07012483601762931 0.0 0.0 0.0 -0.10584443108419635 -0.09730280814974934 -0.012807176161187758 -0.01177363978611967 0.0 0.0 0.0 0.0 10.200000000000008 0.0 0.07 10.200000000000008 0.0 0.07 0.3 0.05 0.8 0.3 0.05 0.8 0.5 0.1 0.05
176 0.94854736328125 0.0 0.0 0.0 0.0 0.0 0.0 -0.01843081534081064 0.0 -0.12474483239845242 0.16689710972195776 -0.2566568998245233 0.07012483601762931 0.0 0.0 0.0 -0.10584443108419635 -0.09730280814974934 -0.012807176161187758 -0.01177363978611967 0.0 0.0 0.0 0.0 10.200000000000008 0.0 0.07 10.200000000000008 0.0 0.07 0.3 0.05 0.8 0.3 0.05 0.8 0.5 0.1 0.05
177 0.9538142681121826 0.0 0.0 0.0 0.0 0.0 0.0 -0.018881791801293867 0.0 -0.1256216644537199 0.16689710972195776 -0.2566568998245233 0.07012483601762931 0.0 0.0 0.0 -0.10584443108419635 -0.09730280814974934 -0.012807176161187758 -0.01177363978611967 0.0 0.0 0.0 0.0 10.200000000000008 0.0 0.07 10.200000000000008 0.0 0.07 0.3 0.05 0.8 0.3 0.05 0.8 0.5 0.1 0.05
178 0.9591350555419922 0.0 0.0 0.0 0.0 0.0 0.0 -0.019229076934480772 0.0 -0.12645456071446826 0.16689710972195776 -0.2566568998245233 0.07012483601762931 0.0 0.0 0.0 -0.10584443108419635 -0.09730280814974934 -0.012807176161187758 -0.01177363978611967 0.0 0.0 0.0 0.0 10.200000000000008 0.0 0.07 10.200000000000008 0.0 0.07 0.3 0.05 0.8 0.3 0.05 0.8 0.5 0.1 0.05
179 0.9644150733947754 0.0 0.0 0.0 0.0 0.0 0.0 -0.019590845038070744 0.0 -0.12726109549850517 0.16689710972195776 -0.2566568998245233 0.07012483601762931 0.0 0.0 0.0 -0.10584443108419635 -0.09730280814974934 -0.012807176161187758 -0.01177363978611967 0.0 0.0 0.0 0.0 10.200000000000008 0.0 0.07 10.200000000000008 0.0 0.07 0.3 0.05 0.8 0.3 0.05 0.8 0.5 0.1 0.05
180 0.9696950912475586 0.0 0.0 0.0 0.0 0.0 0.0 -0.019884605157121697 0.0 -0.12805181339651522 0.16689710972195776 -0.2566568998245233 0.07012483601762931 0.0 0.0 0.0 -0.10584443108419635 -0.09730280814974934 -0.012807176161187758 -0.01177363978611967 0.0 0.0 0.0 0.0 10.200000000000008 0.0 0.07 10.200000000000008 0.0 0.07 0.3 0.05 0.8 0.3 0.05 0.8 0.5 0.1 0.05
181 0.9750993251800537 0.0 0.0 0.0 0.0 0.0 0.0 -0.020137560485449242 0.0 -0.12890973743957385 0.16689710972195776 -0.2566568998245233 0.07012483601762931 0.0 0.0 0.0 -0.10584443108419635 -0.09730280814974934 -0.012807176161187758 -0.01177363978611967 0.0 0.0 0.0 0.0 10.200000000000008 0.0 0.07 10.200000000000008 0.0 0.07 0.3 0.05 0.8 0.3 0.05 0.8 0.5 0.1 0.05
182 0.9804680347442627 0.0 0.0 0.0 0.0 0.0 0.0 -0.020289333682445766 0.0 -0.12973128889299693 0.16689710972195776 -0.2566568998245233 0.07012483601762931 0.0 0.0 0.0 -0.10584443108419635 -0.09730280814974934 -0.012807176161187758 -0.01177363978611967 0.0 0.0 0.0 0.0 10.200000000000008 0.0 0.07 10.200000000000008 0.0 0.07 0.3 0.05 0.8 0.3 0.05 0.8 0.5 0.1 0.05
183 0.9858055114746094 0.0 0.0 0.0 0.0 0.0 0.0 -0.020380397600643682 0.0 -0.13022421976505077 0.16689710972195776 -0.2566568998245233 0.07012483601762931 0.0 0.0 0.0 -0.10584443108419635 -0.09730280814974934 -0.012807176161187758 -0.01177363978611967 0.0 0.0 0.0 0.0 10.200000000000008 0.0 0.07 10.200000000000008 0.0 0.07 0.3 0.05 0.8 0.3 0.05 0.8 0.5 0.1 0.05
184 0.9911150932312012 0.0 0.0 0.0 0.0 0.0 0.0 -0.020358336694665462 0.0 -0.13113356936322662 0.16689710972195776 -0.2566568998245233 0.07012483601762931 0.0 0.0 0.0 -0.10584443108419635 -0.09730280814974934 -0.012807176161187758 -0.01177363978611967 0.0 0.0 0.0 0.0 10.200000000000008 0.0 0.07 10.200000000000008 0.0 0.07 0.3 0.05 0.8 0.3 0.05 0.8 0.5 0.1 0.05
185 0.9965264797210693 0.0 0.0 0.0 0.0 0.0 0.0 -0.02034510015107853 0.01001548386776109 -0.132062675406617 0.16689710972195776 -0.2566568998245233 0.07012483601762931 0.0 0.0 0.0 -0.10584443108419635 -0.09730280814974934 -0.012807176161187758 -0.01177363978611967 0.0 0.0 0.0 0.0 10.200000000000008 0.0 0.07 10.200000000000008 0.0 0.07 0.3 0.05 0.8 0.3 0.05 0.8 0.5 0.1 0.05
186 1.0018794536590576 0.0 0.0 0.0 0.0 0.0 0.0 -0.020030362687454596 0.011761716706536172 -0.1332337301075948 0.16689710972195776 -0.2566568998245233 0.07012483601762931 0.0 0.0 0.0 -0.10584443108419635 -0.09730280814974934 -0.012807176161187758 -0.01177363978611967 0.0 0.0 0.0 0.0 10.200000000000008 0.0 0.07 10.200000000000008 0.0 0.07 0.3 0.05 0.8 0.3 0.05 0.8 0.5 0.1 0.05
187 1.0071399211883545 0.0 0.0 0.0 0.0 0.0 0.0 -0.01984152020928024 0.012809456409801221 -0.13393636292818145 0.16689710972195776 -0.2566568998245233 0.07012483601762931 0.0 0.0 0.0 -0.10584443108419635 -0.09730280814974934 -0.012807176161187758 -0.01177363978611967 0.0 0.0 0.0 0.0 10.200000000000008 0.0 0.07 10.200000000000008 0.0 0.07 0.3 0.05 0.8 0.3 0.05 0.8 0.5 0.1 0.05
188 1.0125017166137695 0.0 0.0 0.0 0.0 0.0 0.0 -0.019268020671109908 0.014128393543833002 -0.1350482359326062 0.16689710972195776 -0.2566568998245233 0.07012483601762931 0.0 0.0 0.0 -0.10584443108419635 -0.09730280814974934 -0.012807176161187758 -0.01177363978611967 0.0 0.0 0.0 0.0 10.200000000000008 0.0 0.07 10.200000000000008 0.0 0.07 0.3 0.05 0.8 0.3 0.05 0.8 0.5 0.1 0.05
189 1.017765760421753 0.0 0.0 0.0 0.0 0.0 0.0 -0.018617123920619816 0.015303249128504696 -0.13602215676284896 0.16689710972195776 -0.2566568998245233 0.07012483601762931 0.0 0.0 0.0 -0.10584443108419635 -0.09730280814974934 -0.012807176161187758 -0.01177363978611967 0.0 0.0 0.0 0.0 10.200000000000008 0.0 0.07 10.200000000000008 0.0 0.07 0.3 0.05 0.8 0.3 0.05 0.8 0.5 0.1 0.05
190 1.0229899883270264 0.0 0.0 0.0 0.0 0.0 0.0 -0.017919790332853992 0.01623826024999863 -0.13691330330835025 0.16689710972195776 -0.2566568998245233 0.07012483601762931 0.0 0.0 0.0 -0.10584443108419635 -0.09730280814974934 -0.012807176161187758 -0.01177363978611967 0.0 0.0 0.0 0.0 10.200000000000008 0.0 0.07 10.200000000000008 0.0 0.07 0.3 0.05 0.8 0.3 0.05 0.8 0.5 0.1 0.05
191 1.0283408164978027 0.0 0.0 0.0 0.0 0.0 0.0 -0.017117895385825754 0.017106063950482885 -0.13775478826323892 0.16689710972195776 -0.2566568998245233 0.07012483601762931 0.0 0.0 0.0 -0.10584443108419635 -0.09730280814974934 -0.012807176161187758 -0.01177363978611967 0.0 0.0 0.0 0.0 10.200000000000008 0.0 0.07 10.200000000000008 0.0 0.07 0.3 0.05 0.8 0.3 0.05 0.8 0.5 0.1 0.05
192 1.03367280960083 0.0 0.0 0.0 0.0 0.0 0.0 -0.016253262133123947 0.01778014468456738 -0.13856647626376 0.16689710972195776 -0.2566568998245233 0.07012483601762931 0.0 0.0 0.0 -0.10584443108419635 -0.09730280814974934 -0.012807176161187758 -0.01177363978611967 0.0 0.0 0.0 0.0 10.200000000000008 0.0 0.07 10.200000000000008 0.0 0.07 0.3 0.05 0.8 0.3 0.05 0.8 0.5 0.1 0.05
193 1.0390024185180664 0.0 0.0 0.0 0.0 0.0 0.0 -0.015274288130237144 0.018337991638812022 -0.13936028311142828 0.16689710972195776 -0.2566568998245233 0.07012483601762931 0.0 0.0 0.0 -0.10584443108419635 -0.09730280814974934 -0.012807176161187758 -0.01177363978611967 0.0 0.0 0.0 0.0 10.200000000000008 0.0 0.07 10.200000000000008 0.0 0.07 0.3 0.05 0.8 0.3 0.05 0.8 0.5 0.1 0.05
194 1.0443503856658936 0.0 0.0 0.0 0.0 0.0 0.0 -0.014226709677239347 0.01874939608802354 -0.14022006350451413 0.16689710972195776 -0.2566568998245233 0.07012483601762931 0.0 0.0 0.0 -0.10584443108419635 -0.09730280814974934 -0.012807176161187758 -0.01177363978611967 0.0 0.0 0.0 0.0 10.200000000000008 0.0 0.07 10.200000000000008 0.0 0.07 0.3 0.05 0.8 0.3 0.05 0.8 0.5 0.1 0.05
195 1.0496423244476318 0.0 0.0 0.0 0.0 0.0 0.0 -0.01306126929727798 0.019072938014447427 -0.14104272876795354 0.16689710972195776 -0.2566568998245233 0.07012483601762931 0.0 0.0 0.0 -0.10584443108419635 -0.09730280814974934 -0.012807176161187758 -0.01177363978611967 0.0 0.0 0.0 0.0 10.200000000000008 0.0 0.07 10.200000000000008 0.0 0.07 0.3 0.05 0.8 0.3 0.05 0.8 0.5 0.1 0.05
196 1.054882526397705 0.0 0.0 0.0 0.0 0.0 0.0 -0.011748412504241499 0.01926706317030176 -0.14184312197337284 0.16689710972195776 -0.2566568998245233 0.07012483601762931 0.0 0.0 0.0 -0.10584443108419635 -0.09730280814974934 -0.012807176161187758 -0.01177363978611967 0.0 0.0 0.0 0.0 10.200000000000008 0.0 0.07 10.200000000000008 0.0 0.07 0.3 0.05 0.8 0.3 0.05 0.8 0.5 0.1 0.05
197 1.0601274967193604 0.0 0.0 0.0 0.0 0.0 0.0 -0.01096069842841961 0.019383538263814358 -0.14232335789662443 0.16689710972195776 -0.2566568998245233 0.07012483601762931 0.0 0.0 0.0 -0.10584443108419635 -0.09730280814974934 -0.012807176161187758 -0.01177363978611967 0.0 0.0 0.0 0.0 10.200000000000008 0.0 0.07 10.200000000000008 0.0 0.07 0.3 0.05 0.8 0.3 0.05 0.8 0.5 0.1 0.05
198 1.0654544830322266 0.0 0.0 0.0 0.0 0.0 0.0 -0.009951176674763787 0.019453423319921916 -0.14291829647816326 0.16689710972195776 -0.2566568998245233 0.07012483601762931 0.0 0.0 0.0 -0.10584443108419635 -0.09730280814974934 -0.012807176161187758 -0.01177363978611967 0.0 0.0 0.0 0.0 10.200000000000008 0.0 0.07 10.200000000000008 0.0 0.07 0.3 0.05 0.8 0.3 0.05 0.8 0.5 0.1 0.05
199 1.070699691772461 0.0 0.0 0.0 0.0 0.0 0.0 -0.00873187105751063 0.01949535435358645 -0.14358205665467444 0.16689710972195776 -0.2566568998245233 0.07012483601762931 0.0 0.0 0.0 -0.10584443108419635 -0.09730280814974934 -0.012807176161187758 -0.01177363978611967 0.0 0.0 0.0 0.0 10.200000000000008 0.0 0.07 10.200000000000008 0.0 0.07 0.3 0.05 0.8 0.3 0.05 0.8 0.5 0.1 0.05
200 1.0759544372558594 0.0 0.0 0.0 0.0 0.0 0.0 0.0 0.019290418183326493 -0.1445939038355247 0.16689710972195776 -0.2566568998245233 0.07012483601762931 0.0 0.0 0.0 -0.10584443108419635 -0.09730280814974934 -0.012807176161187758 -0.01177363978611967 0.0 0.0 0.0 0.0 10.200000000000008 0.0 0.07 10.200000000000008 0.0 0.07 0.3 0.05 0.8 0.3 0.05 0.8 0.5 0.1 0.05
201 1.0813801288604736 0.0 0.0 0.0 0.0 0.0 0.0 0.0 0.019090757224273544 -0.14550780917162276 0.16689710972195776 -0.2566568998245233 0.07012483601762931 0.0 0.0 0.0 -0.10584443108419635 -0.09730280814974934 -0.012807176161187758 -0.01177363978611967 0.0 0.0 0.0 0.0 10.200000000000008 0.0 0.07 10.200000000000008 0.0 0.07 0.3 0.05 0.8 0.3 0.05 0.8 0.5 0.1 0.05
202 1.0869255065917969 0.0 0.0 0.0 0.0 0.0 0.0 0.0 0.018740862878150858 -0.14636294940086947 0.16689710972195776 -0.2566568998245233 0.07012483601762931 0.0 0.0 0.0 -0.10584443108419635 -0.09730280814974934 -0.012807176161187758 -0.01177363978611967 0.0 0.0 0.0 0.0 10.200000000000008 0.0 0.07 10.200000000000008 0.0 0.07 0.3 0.05 0.8 0.3 0.05 0.8 0.5 0.1 0.05
203 1.0923733711242676 0.0 0.0 0.0 0.0 0.0 0.0 0.0 0.01814742998599238 -0.147566323870258 0.16689710972195776 -0.2566568998245233 0.07012483601762931 0.0 0.0 0.0 -0.10584443108419635 -0.09730280814974934 -0.012807176161187758 -0.01177363978611967 0.0 0.0 0.0 0.0 10.200000000000008 0.0 0.07 10.200000000000008 0.0 0.07 0.3 0.05 0.8 0.3 0.05 0.8 0.5 0.1 0.05
204 1.0976872444152832 0.0 0.0 0.0 0.0 0.0 0.0 0.0 0.017791370250697297 -0.14828834855189113 0.16689710972195776 -0.2566568998245233 0.07012483601762931 0.0 0.0 0.0 -0.10584443108419635 -0.09730280814974934 -0.012807176161187758 -0.01177363978611967 0.0 0.0 0.0 0.0 10.200000000000008 0.0 0.07 10.200000000000008 0.0 0.07 0.3 0.05 0.8 0.3 0.05 0.8 0.5 0.1 0.05
205 1.1031980514526367 0.0 0.0 0.0 0.0 0.0 0.0 0.0 0.017117541848370648 -0.14933515443581455 0.16689710972195776 -0.2566568998245233 0.07012483601762931 0.0 0.0 0.0 -0.10584443108419635 -0.09730280814974934 -0.012807176161187758 -0.01177363978611967 0.0 0.0 0.0 0.0 10.200000000000008 0.0 0.07 10.200000000000008 0.0 0.07 0.3 0.05 0.8 0.3 0.05 0.8 0.5 0.1 0.05
206 1.108457326889038 0.0 0.0 0.0 0.0 0.0 0.0 0.0 0.016483147036283743 -0.1502700349937565 0.16689710972195776 -0.2566568998245233 0.07012483601762931 0.0 0.0 0.0 -0.10584443108419635 -0.09730280814974934 -0.012807176161187758 -0.01177363978611967 0.0 0.0 0.0 0.0 10.200000000000008 0.0 0.07 10.200000000000008 0.0 0.07 0.3 0.05 0.8 0.3 0.05 0.8 0.5 0.1 0.05
207 1.113692045211792 0.0 0.0 0.0 0.0 0.0 0.0 0.0 0.01587241237834068 -0.15113776035610954 0.16689710972195776 -0.2566568998245233 0.07012483601762931 0.0 0.0 0.0 -0.10584443108419635 -0.09730280814974934 -0.012807176161187758 -0.01177363978611967 0.0 0.0 0.0 0.0 10.200000000000008 0.0 0.07 10.200000000000008 0.0 0.07 0.3 0.05 0.8 0.3 0.05 0.8 0.5 0.1 0.05
208 1.1189489364624023 0.0 0.0 0.0 0.0 0.0 0.0 0.008739758556345005 0.015275873812883926 -0.15196519260110927 0.16689710972195776 -0.2566568998245233 0.07012483601762931 0.0 0.0 0.0 -0.10584443108419635 -0.09730280814974934 -0.012807176161187758 -0.01177363978611967 0.0 0.0 0.0 0.0 10.200000000000008 0.0 0.07 10.200000000000008 0.0 0.07 0.3 0.05 0.8 0.3 0.05 0.8 0.5 0.1 0.05
209 1.124213695526123 0.0 0.0 0.0 0.0 0.0 0.0 0.010382690817272007 0.014611156626254219 -0.15276844599546474 0.16689710972195776 -0.2566568998245233 0.07012483601762931 0.0 0.0 0.0 -0.10584443108419635 -0.09730280814974934 -0.012807176161187758 -0.01177363978611967 0.0 0.0 0.0 0.0 10.200000000000008 0.0 0.07 10.200000000000008 0.0 0.07 0.3 0.05 0.8 0.3 0.05 0.8 0.5 0.1 0.05
210 1.1294276714324951 0.0 0.0 0.0 0.0 0.0 0.0 0.011982042366358841 0.013982228543585478 -0.15355719505966592 0.16689710972195776 -0.2566568998245233 0.07012483601762931 0.0 0.0 0.0 -0.10584443108419635 -0.09730280814974934 -0.012807176161187758 -0.01177363978611967 0.0 0.0 0.0 0.0 10.200000000000008 0.0 0.07 10.200000000000008 0.0 0.07 0.3 0.05 0.8 0.3 0.05 0.8 0.5 0.1 0.05
211 1.1348285675048828 0.0 0.0 0.0 0.0 0.0 0.0 0.013478546603973629 0.013298074666396343 -0.15433724152577452 0.16689710972195776 -0.2566568998245233 0.07012483601762931 0.0 0.0 0.0 -0.10584443108419635 -0.09730280814974934 -0.012807176161187758 -0.01177363978611967 0.0 0.0 0.0 0.0 10.200000000000008 0.0 0.07 10.200000000000008 0.0 0.07 0.3 0.05 0.8 0.3 0.05 0.8 0.5 0.1 0.05
212 1.140127182006836 0.0 0.0 0.0 0.0 0.0 0.0 0.014376449146542503 0.012887582340082863 -0.15480526940543968 0.16689710972195776 -0.2566568998245233 0.07012483601762931 0.0 0.0 0.0 -0.10584443108419635 -0.09730280814974934 -0.012807176161187758 -0.01177363978611967 0.0 0.0 0.0 0.0 10.200000000000008 0.0 0.07 10.200000000000008 0.0 0.07 0.3 0.05 0.8 0.3 0.05 0.8 0.5 0.1 0.05
213 1.1454582214355469 0.0 0.0 0.0 0.0 0.0 0.0 0.015452083980246516 0.012411189173603857 -0.15539288018059444 0.16689710972195776 -0.2566568998245233 0.07012483601762931 0.0 0.0 0.0 -0.10584443108419635 -0.09730280814974934 -0.012807176161187758 -0.01177363978611967 0.0 0.0 0.0 0.0 10.200000000000008 0.0 0.07 10.200000000000008 0.0 0.07 0.3 0.05 0.8 0.3 0.05 0.8 0.5 0.1 0.05
214 1.150700330734253 0.0 0.0 0.0 0.0 0.0 0.0 0.017017853355529387 0.011665160712566854 -0.15635904070086307 0.16689710972195776 -0.2566568998245233 0.07012483601762931 0.0 0.0 0.0 -0.10584443108419635 -0.09730280814974934 -0.012807176161187758 -0.01177363978611967 0.0 0.0 0.0 0.0 10.200000000000008 0.0 0.07 10.200000000000008 0.0 0.07 0.3 0.05 0.8 0.3 0.05 0.8 0.5 0.1 0.05
215 1.156095266342163 0.0 0.0 0.0 0.0 0.0 0.0 0.018340810147596885 0.011064145122150707 -0.15724553404061214 0.16689710972195776 -0.2566568998245233 0.07012483601762931 0.0 0.0 0.0 -0.10584443108419635 -0.09730280814974934 -0.012807176161187758 -0.01177363978611967 0.0 0.0 0.0 0.0 10.200000000000008 0.0 0.07 10.200000000000008 0.0 0.07 0.3 0.05 0.8 0.3 0.05 0.8 0.5 0.1 0.05
216 1.1614089012145996 0.0 0.0 0.0 0.0 0.0 0.0 0.019518079575999672 0.010473437997210101 -0.15808422409181724 0.16689710972195776 -0.2566568998245233 0.07012483601762931 0.0 0.0 0.0 -0.10584443108419635 -0.09730280814974934 -0.012807176161187758 -0.01177363978611967 0.0 0.0 0.0 0.0 10.200000000000008 0.0 0.07 10.200000000000008 0.0 0.07 0.3 0.05 0.8 0.3 0.05 0.8 0.5 0.1 0.05
217 1.1666762828826904 0.0 0.0 0.0 0.0 0.0 0.0 0.02053123732930666 0.009965615208451793 -0.15889423515012818 0.16689710972195776 -0.2566568998245233 0.07012483601762931 0.0 0.0 0.0 -0.10584443108419635 -0.09730280814974934 -0.012807176161187758 -0.01177363978611967 0.0 0.0 0.0 0.0 10.200000000000008 0.0 0.07 10.200000000000008 0.0 0.07 0.3 0.05 0.8 0.3 0.05 0.8 0.5 0.1 0.05
218 1.1719300746917725 0.0 0.0 0.0 0.0 0.0 0.0 0.021445928077556166 0.009507523021402862 -0.15968703881270263 0.16689710972195776 -0.2566568998245233 0.07012483601762931 0.0 0.0 0.0 -0.10584443108419635 -0.09730280814974934 -0.012807176161187758 -0.01177363978611967 0.0 0.0 0.0 0.0 10.200000000000008 0.0 0.07 10.200000000000008 0.0 0.07 0.3 0.05 0.8 0.3 0.05 0.8 0.5 0.1 0.05
219 1.1771652698516846 0.0 0.0 0.0 0.0 0.0 0.0 0.022224839738403245 0.00915597143250877 -0.16046951654771907 0.16689710972195776 -0.2566568998245233 0.07012483601762931 0.0 0.0 0.0 -0.10584443108419635 -0.09730280814974934 -0.012807176161187758 -0.01177363978611967 0.0 0.0 0.0 0.0 10.200000000000008 0.0 0.07 10.200000000000008 0.0 0.07 0.3 0.05 0.8 0.3 0.05 0.8 0.5 0.1 0.05
220 1.1824779510498047 0.0 0.0 0.0 0.0 0.0 0.0 0.022922283853676607 0.008868341222275342 -0.1612457987262007 0.16689710972195776 -0.2566568998245233 0.07012483601762931 0.0 0.0 0.0 -0.10584443108419635 -0.09730280814974934 -0.012807176161187758 -0.01177363978611967 0.0 0.0 0.0 0.0 10.200000000000008 0.0 0.07 10.200000000000008 0.0 0.07 0.3 0.05 0.8 0.3 0.05 0.8 0.5 0.1 0.05
221 1.1887617111206055 0.0 0.0 0.0 0.0 0.0 0.0 0.02357084744160574 0.0 -0.16232516059834937 0.16689710972195776 -0.2566568998245233 0.07012483601762931 0.0 0.0 0.0 -0.10584443108419635 -0.09730280814974934 -0.012807176161187758 -0.01177363978611967 0.0 0.0 0.0 0.0 10.200000000000008 0.0 0.07 10.200000000000008 0.0 0.07 0.3 0.05 0.8 0.3 0.05 0.8 0.5 0.1 0.05
222 1.1941297054290771 0.0 0.0 0.0 0.0 0.0 0.0 0.02403668466499568 0.0 -0.16327957474922644 0.16689710972195776 -0.2566568998245233 0.07012483601762931 0.0 0.0 0.0 -0.10584443108419635 -0.09730280814974934 -0.012807176161187758 -0.01177363978611967 0.0 0.0 0.0 0.0 10.200000000000008 0.0 0.07 10.200000000000008 0.0 0.07 0.3 0.05 0.8 0.3 0.05 0.8 0.5 0.1 0.05
223 1.199430227279663 0.0 0.0 0.0 0.0 0.0 0.0 0.02431618699902964 0.0 -0.16423571803412146 0.16689710972195776 -0.2566568998245233 0.07012483601762931 0.0 0.0 0.0 -0.10584443108419635 -0.09730280814974934 -0.012807176161187758 -0.01177363978611967 0.0 0.0 0.0 0.0 10.200000000000008 0.0 0.07 10.200000000000008 0.0 0.07 0.3 0.05 0.8 0.3 0.05 0.8 0.5 0.1 0.05
224 1.2047441005706787 0.0 0.0 0.0 0.0 0.0 0.0 0.024483888399450017 0.0 -0.1651161995425302 0.16689710972195776 -0.2566568998245233 0.07012483601762931 0.0 0.0 0.0 -0.10584443108419635 -0.09730280814974934 -0.012807176161187758 -0.01177363978611967 0.0 0.0 0.0 0.0 10.200000000000008 0.0 0.07 10.200000000000008 0.0 0.07 0.3 0.05 0.8 0.3 0.05 0.8 0.5 0.1 0.05
225 1.2100815773010254 0.0 0.0 0.0 0.0 0.0 0.0 0.024507810169069787 0.0 -0.16595128547516336 0.16689710972195776 -0.2566568998245233 0.07012483601762931 0.0 0.0 0.0 -0.10584443108419635 -0.09730280814974934 -0.012807176161187758 -0.01177363978611967 0.0 0.0 0.0 0.0 10.200000000000008 0.0 0.07 10.200000000000008 0.0 0.07 0.3 0.05 0.8 0.3 0.05 0.8 0.5 0.1 0.05
226 1.2153503894805908 0.0 0.0 0.0 0.0 0.0 0.0 0.024445464160209193 0.0 -0.16675913257221503 0.16689710972195776 -0.2566568998245233 0.07012483601762931 0.0 0.0 0.0 -0.10584443108419635 -0.09730280814974934 -0.012807176161187758 -0.01177363978611967 0.0 0.0 0.0 0.0 10.200000000000008 0.0 0.07 10.200000000000008 0.0 0.07 0.3 0.05 0.8 0.3 0.05 0.8 0.5 0.1 0.05
227 1.2206027507781982 0.0 0.0 0.0 0.0 0.0 0.0 0.024254658506760174 0.00897268855285948 -0.16755063636791778 0.16689710972195776 -0.2566568998245233 0.07012483601762931 0.0 0.0 0.0 -0.10584443108419635 -0.09730280814974934 -0.012807176161187758 -0.01177363978611967 0.0 0.0 0.0 0.0 10.200000000000008 0.0 0.07 10.200000000000008 0.0 0.07 0.3 0.05 0.8 0.3 0.05 0.8 0.5 0.1 0.05
228 1.22581148147583 0.0 0.0 0.0 0.0 0.0 0.0 0.024140175114690764 0.009141864798738393 -0.16802553864533942 0.16689710972195776 -0.2566568998245233 0.07012483601762931 0.0 0.0 0.0 -0.10584443108419635 -0.09730280814974934 -0.012807176161187758 -0.01177363978611967 0.0 0.0 0.0 0.0 10.200000000000008 0.0 0.07 10.200000000000008 0.0 0.07 0.3 0.05 0.8 0.3 0.05 0.8 0.5 0.1 0.05
229 1.2310149669647217 0.0 0.0 0.0 0.0 0.0 0.0 0.02361129074878663 0.009626866830750605 -0.1689240725768521 0.16689710972195776 -0.2566568998245233 0.07012483601762931 0.0 0.0 0.0 -0.10584443108419635 -0.09730280814974934 -0.012807176161187758 -0.01177363978611967 0.0 0.0 0.0 0.0 10.200000000000008 0.0 0.07 10.200000000000008 0.0 0.07 0.3 0.05 0.8 0.3 0.05 0.8 0.5 0.1 0.05
230 1.2362728118896484 0.0 0.0 0.0 0.0 0.0 0.0 0.02306386310361129 0.010224665077545821 -0.16976998996334758 0.16689710972195776 -0.2566568998245233 0.07012483601762931 0.0 0.0 0.0 -0.10584443108419635 -0.09730280814974934 -0.012807176161187758 -0.01177363978611967 0.0 0.0 0.0 0.0 10.200000000000008 0.0 0.07 10.200000000000008 0.0 0.07 0.3 0.05 0.8 0.3 0.05 0.8 0.5 0.1 0.05
231 1.2416152954101562 0.0 0.0 0.0 0.0 0.0 0.0 0.02242861042024077 0.010890138072978603 -0.17066103518961362 0.16689710972195776 -0.2566568998245233 0.07012483601762931 0.0 0.0 0.0 -0.10584443108419635 -0.09730280814974934 -0.012807176161187758 -0.01177363978611967 0.0 0.0 0.0 0.0 10.200000000000008 0.0 0.07 10.200000000000008 0.0 0.07 0.3 0.05 0.8 0.3 0.05 0.8 0.5 0.1 0.05
232 1.2468945980072021 0.0 0.0 0.0 0.0 0.0 0.0 0.02174066252768863 0.011596218897826163 -0.17150245786284501 0.16689710972195776 -0.2566568998245233 0.07012483601762931 0.0 0.0 0.0 -0.10584443108419635 -0.09730280814974934 -0.012807176161187758 -0.01177363978611967 0.0 0.0 0.0 0.0 10.200000000000008 0.0 0.07 10.200000000000008 0.0 0.07 0.3 0.05 0.8 0.3 0.05 0.8 0.5 0.1 0.05
233 1.2522811889648438 0.0 0.0 0.0 0.0 0.0 0.0 0.0205609034583618 0.012710157724575216 -0.17262090403184352 0.16689710972195776 -0.2566568998245233 0.07012483601762931 0.0 0.0 0.0 -0.10584443108419635 -0.09730280814974934 -0.012807176161187758 -0.01177363978611967 0.0 0.0 0.0 0.0 10.200000000000008 0.0 0.07 10.200000000000008 0.0 0.07 0.3 0.05 0.8 0.3 0.05 0.8 0.5 0.1 0.05
234 1.2575573921203613 0.0 0.0 0.0 0.0 0.0 0.0 0.019853048016765698 0.013378521020624645 -0.17329197173324262 0.16689710972195776 -0.2566568998245233 0.07012483601762931 0.0 0.0 0.0 -0.10584443108419635 -0.09730280814974934 -0.012807176161187758 -0.01177363978611967 0.0 0.0 0.0 0.0 10.200000000000008 0.0 0.07 10.200000000000008 0.0 0.07 0.3 0.05 0.8 0.3 0.05 0.8 0.5 0.1 0.05
235 1.2628073692321777 0.0 0.0 0.0 0.0 0.0 0.0 0.018584645161115517 0.014623230824121003 -0.17438490417603872 0.16689710972195776 -0.2566568998245233 0.07012483601762931 0.0 0.0 0.0 -0.10584443108419635 -0.09730280814974934 -0.012807176161187758 -0.01177363978611967 0.0 0.0 0.0 0.0 10.200000000000008 0.0 0.07 10.200000000000008 0.0 0.07 0.3 0.05 0.8 0.3 0.05 0.8 0.5 0.1 0.05
236 1.2680859565734863 0.0 0.0 0.0 0.0 0.0 0.0 0.017363409396459695 0.015830249267368417 -0.17534745917918815 0.16689710972195776 -0.2566568998245233 0.07012483601762931 0.0 0.0 0.0 -0.10584443108419635 -0.09730280814974934 -0.012807176161187758 -0.01177363978611967 0.0 0.0 0.0 0.0 10.200000000000008 0.0 0.07 10.200000000000008 0.0 0.07 0.3 0.05 0.8 0.3 0.05 0.8 0.5 0.1 0.05
237 1.2733433246612549 0.0 0.0 0.0 0.0 0.0 0.0 0.016170473513871454 0.0170146558746987 -0.1762317892086657 0.16689710972195776 -0.2566568998245233 0.07012483601762931 0.0 0.0 0.0 -0.10584443108419635 -0.09730280814974934 -0.012807176161187758 -0.01177363978611967 0.0 0.0 0.0 0.0 10.200000000000008 0.0 0.07 10.200000000000008 0.0 0.07 0.3 0.05 0.8 0.3 0.05 0.8 0.5 0.1 0.05
238 1.2786269187927246 0.0 0.0 0.0 0.0 0.0 0.0 0.014994517933052792 0.018262191657143437 -0.177069182763824 0.16689710972195776 -0.2566568998245233 0.07012483601762931 0.0 0.0 0.0 -0.10584443108419635 -0.09730280814974934 -0.012807176161187758 -0.01177363978611967 0.0 0.0 0.0 0.0 10.200000000000008 0.0 0.07 10.200000000000008 0.0 0.07 0.3 0.05 0.8 0.3 0.05 0.8 0.5 0.1 0.05
239 1.2838945388793945 0.0 0.0 0.0 0.0 0.0 0.0 0.013752051276398905 0.01954760792488909 -0.17787841592450687 0.16689710972195776 -0.2566568998245233 0.07012483601762931 0.0 0.0 0.0 -0.10584443108419635 -0.09730280814974934 -0.012807176161187758 -0.01177363978611967 0.0 0.0 0.0 0.0 10.200000000000008 0.0 0.07 10.200000000000008 0.0 0.07 0.3 0.05 0.8 0.3 0.05 0.8 0.5 0.1 0.05
240 1.289170503616333 0.0 0.0 0.0 0.0 0.0 0.0 0.012546377231140857 0.02085574950358305 -0.17874745061528532 0.16689710972195776 -0.2566568998245233 0.07012483601762931 0.0 0.0 0.0 -0.10584443108419635 -0.09730280814974934 -0.012807176161187758 -0.01177363978611967 0.0 0.0 0.0 0.0 10.200000000000008 0.0 0.07 10.200000000000008 0.0 0.07 0.3 0.05 0.8 0.3 0.05 0.8 0.5 0.1 0.05
241 1.2946288585662842 0.0 0.0 0.0 0.0 0.0 0.0 0.011286079495823338 0.022177529249078235 -0.17957566696722416 0.16689710972195776 -0.2566568998245233 0.07012483601762931 0.0 0.0 0.0 -0.10584443108419635 -0.09730280814974934 -0.012807176161187758 -0.01177363978611967 0.0 0.0 0.0 0.0 10.200000000000008 0.0 0.07 10.200000000000008 0.0 0.07 0.3 0.05 0.8 0.3 0.05 0.8 0.5 0.1 0.05
242 1.2999083995819092 0.0 0.0 0.0 0.0 0.0 0.0 0.009993007546470138 0.02350748891442192 -0.18037939380597534 0.16689710972195776 -0.2566568998245233 0.07012483601762931 0.0 0.0 0.0 -0.10584443108419635 -0.09730280814974934 -0.012807176161187758 -0.01177363978611967 0.0 0.0 0.0 0.0 10.200000000000008 0.0 0.07 10.200000000000008 0.0 0.07 0.3 0.05 0.8 0.3 0.05 0.8 0.5 0.1 0.05
243 1.3052194118499756 0.0 0.0 0.0 0.0 0.0 0.0 0.009217164376858218 0.024305464713628128 -0.18086162990922605 0.16689710972195776 -0.2566568998245233 0.07012483601762931 0.0 0.0 0.0 -0.10584443108419635 -0.09730280814974934 -0.012807176161187758 -0.01177363978611967 0.0 0.0 0.0 0.0 10.200000000000008 0.0 0.07 10.200000000000008 0.0 0.07 0.3 0.05 0.8 0.3 0.05 0.8 0.5 0.1 0.05
244 1.3105337619781494 0.0 0.0 0.0 0.0 0.0 0.0 0.0 0.026011435323271177 -0.18184126190301703 0.16689710972195776 -0.2566568998245233 0.07012483601762931 0.0 0.0 0.0 -0.10584443108419635 -0.09730280814974934 -0.012807176161187758 -0.01177363978611967 0.0 0.0 0.0 0.0 10.200000000000008 0.0 0.07 10.200000000000008 0.0 0.07 0.3 0.05 0.8 0.3 0.05 0.8 0.5 0.1 0.05
245 1.3159117698669434 0.0 0.0 0.0 0.0 0.0 0.0 0.0 0.02764860876400055 -0.1827358381268795 0.16689710972195776 -0.2566568998245233 0.07012483601762931 0.0 0.0 0.0 -0.10584443108419635 -0.09730280814974934 -0.012807176161187758 -0.01177363978611967 0.0 0.0 0.0 0.0 10.200000000000008 0.0 0.07 10.200000000000008 0.0 0.07 0.3 0.05 0.8 0.3 0.05 0.8 0.5 0.1 0.05
246 1.3211860656738281 0.0 0.0 0.0 0.0 0.0 0.0 0.0 0.029244506883613953 -0.18357937939866875 0.16689710972195776 -0.2566568998245233 0.07012483601762931 0.0 0.0 0.0 -0.10584443108419635 -0.09730280814974934 -0.012807176161187758 -0.01177363978611967 0.0 0.0 0.0 0.0 10.200000000000008 0.0 0.07 10.200000000000008 0.0 0.07 0.3 0.05 0.8 0.3 0.05 0.8 0.5 0.1 0.05
247 1.326436996459961 0.0 0.0 0.0 0.0 0.0 0.0 0.0 0.030815636830325538 -0.18446900044622716 0.16689710972195776 -0.2566568998245233 0.07012483601762931 0.0 0.0 0.0 -0.10584443108419635 -0.09730280814974934 -0.012807176161187758 -0.01177363978611967 0.0 0.0 0.0 0.0 10.200000000000008 0.0 0.07 10.200000000000008 0.0 0.07 0.3 0.05 0.8 0.3 0.05 0.8 0.5 0.1 0.05
248 1.3317153453826904 0.0 0.0 0.0 0.0 0.0 0.0 0.0 0.03237190885352827 -0.18530956861223397 0.16689710972195776 -0.2566568998245233 0.07012483601762931 0.0 0.0 0.0 -0.10584443108419635 -0.09730280814974934 -0.012807176161187758 -0.01177363978611967 0.0 0.0 0.0 0.0 10.200000000000008 0.0 0.07 10.200000000000008 0.0 0.07 0.3 0.05 0.8 0.3 0.05 0.8 0.5 0.1 0.05
249 1.3369362354278564 0.0 0.0 0.0 0.0 0.0 0.0 0.0 0.03391926314239345 -0.18612070504930983 0.16689710972195776 -0.2566568998245233 0.07012483601762931 0.0 0.0 0.0 -0.10584443108419635 -0.09730280814974934 -0.012807176161187758 -0.01177363978611967 0.0 0.0 0.0 0.0 10.200000000000008 0.0 0.07 10.200000000000008 0.0 0.07 0.3 0.05 0.8 0.3 0.05 0.8 0.5 0.1 0.05
250 1.3421473503112793 0.0 0.0 0.0 0.0 0.0 0.0 0.0 0.03546126977088834 -0.18699088319604024 0.16689710972195776 -0.2566568998245233 0.07012483601762931 0.0 0.0 0.0 -0.10584443108419635 -0.09730280814974934 -0.012807176161187758 -0.01177363978611967 0.0 0.0 0.0 0.0 10.200000000000008 0.0 0.07 10.200000000000008 0.0 0.07 0.3 0.05 0.8 0.3 0.05 0.8 0.5 0.1 0.05
251 1.347524881362915 0.0 0.0 0.0 0.0 0.0 0.0 0.0 0.03761365589787236 -0.18812658264913812 0.16689710972195776 -0.2566568998245233 0.07012483601762931 0.0 0.0 0.0 -0.10584443108419635 -0.09730280814974934 -0.012807176161187758 -0.01177363978611967 0.0 0.0 0.0 0.0 10.200000000000008 0.0 0.07 10.200000000000008 0.0 0.07 0.3 0.05 0.8 0.3 0.05 0.8 0.5 0.1 0.05
252 1.352828025817871 0.0 0.0 0.0 0.0 0.0 0.0 0.0 0.03951868162923855 -0.18911479785846863 0.16689710972195776 -0.2566568998245233 0.07012483601762931 0.0 0.0 0.0 -0.10584443108419635 -0.09730280814974934 -0.012807176161187758 -0.01177363978611967 0.0 0.0 0.0 0.0 10.200000000000008 0.0 0.07 10.200000000000008 0.0 0.07 0.3 0.05 0.8 0.3 0.05 0.8 0.5 0.1 0.05
253 1.3581476211547852 0.0 0.0 0.0 0.0 0.0 0.0 0.0 0.04127528814300181 -0.19009122177843568 0.16689710972195776 -0.2566568998245233 0.07012483601762931 0.0 0.0 0.0 -0.10584443108419635 -0.09730280814974934 -0.012807176161187758 -0.01177363978611967 0.0 0.0 0.0 0.0 10.200000000000008 0.0 0.07 10.200000000000008 0.0 0.07 0.3 0.05 0.8 0.3 0.05 0.8 0.5 0.1 0.05
254 1.363417148590088 0.0 0.0 0.0 0.0 0.0 0.0 0.0 0.04294284610643555 -0.1909838731580038 0.16689710972195776 -0.2566568998245233 0.07012483601762931 0.0 0.0 0.0 -0.10584443108419635 -0.09730280814974934 -0.012807176161187758 -0.01177363978611967 0.0 0.0 0.0 0.0 10.200000000000008 0.0 0.07 10.200000000000008 0.0 0.07 0.3 0.05 0.8 0.3 0.05 0.8 0.5 0.1 0.05
255 1.3687169551849365 0.0 0.0 0.0 0.0 0.0 0.0 0.0 0.04448027270254236 -0.19190295878011343 0.16689710972195776 -0.2566568998245233 0.07012483601762931 0.0 0.0 0.0 -0.10584443108419635 -0.09730280814974934 -0.012807176161187758 -0.01177363978611967 0.0 0.0 0.0 0.0 10.200000000000008 0.0 0.07 10.200000000000008 0.0 0.07 0.3 0.05 0.8 0.3 0.05 0.8 0.5 0.1 0.05
256 1.3739664554595947 0.0 0.0 0.0 0.0 0.0 0.0 0.0 0.046016322715382224 -0.19276120643590902 0.16689710972195776 -0.2566568998245233 0.07012483601762931 0.0 0.0 0.0 -0.10584443108419635 -0.09730280814974934 -0.012807176161187758 -0.01177363978611967 0.0 0.0 0.0 0.0 10.200000000000008 0.0 0.07 10.200000000000008 0.0 0.07 0.3 0.05 0.8 0.3 0.05 0.8 0.5 0.1 0.05
257 1.379199743270874 0.0 0.0 0.0 0.0 0.0 0.0 -0.009211162871683692 0.04747484454113271 -0.19358295131191622 0.16689710972195776 -0.2566568998245233 0.07012483601762931 0.0 0.0 0.0 -0.10584443108419635 -0.09730280814974934 -0.012807176161187758 -0.01177363978611967 0.0 0.0 0.0 0.0 10.200000000000008 0.0 0.07 10.200000000000008 0.0 0.07 0.3 0.05 0.8 0.3 0.05 0.8 0.5 0.1 0.05
258 1.3844130039215088 0.0 0.0 0.0 0.0 0.0 0.0 -0.00982184493336979 0.04834995763658301 -0.19407599823752053 0.16689710972195776 -0.2566568998245233 0.07012483601762931 0.0 0.0 0.0 -0.10584443108419635 -0.09730280814974934 -0.012807176161187758 -0.01177363978611967 0.0 0.0 0.0 0.0 10.200000000000008 0.0 0.07 10.200000000000008 0.0 0.07 0.3 0.05 0.8 0.3 0.05 0.8 0.5 0.1 0.05
259 1.3896312713623047 0.0 0.0 0.0 0.0 0.0 0.0 -0.010878544502221962 0.049872112853281594 -0.1950621174697817 0.16689710972195776 -0.2566568998245233 0.07012483601762931 0.0 0.0 0.0 -0.10584443108419635 -0.09730280814974934 -0.012807176161187758 -0.01177363978611967 0.0 0.0 0.0 0.0 10.200000000000008 0.0 0.07 10.200000000000008 0.0 0.07 0.3 0.05 0.8 0.3 0.05 0.8 0.5 0.1 0.05
260 1.395045518875122 0.0 0.0 0.0 0.0 0.0 0.0 -0.011819361271121157 0.05132230078157955 -0.1959605852916682 0.16689710972195776 -0.2566568998245233 0.07012483601762931 0.0 0.0 0.0 -0.10584443108419635 -0.09730280814974934 -0.012807176161187758 -0.01177363978611967 0.0 0.0 0.0 0.0 10.200000000000008 0.0 0.07 10.200000000000008 0.0 0.07 0.3 0.05 0.8 0.3 0.05 0.8 0.5 0.1 0.05
261 1.4004480838775635 0.0 0.0 0.0 0.0 0.0 0.0 -0.012690646869932445 0.05257590684281095 -0.19688316077916887 0.16689710972195776 -0.2566568998245233 0.07012483601762931 0.0 0.0 0.0 -0.10584443108419635 -0.09730280814974934 -0.012807176161187758 -0.01177363978611967 0.0 0.0 0.0 0.0 10.200000000000008 0.0 0.07 10.200000000000008 0.0 0.07 0.3 0.05 0.8 0.3 0.05 0.8 0.5 0.1 0.05
262 1.4057672023773193 0.0 0.0 0.0 0.0 0.0 0.0 -0.013520213766690988 0.05378826602093163 -0.19774350235419907 0.16689710972195776 -0.2566568998245233 0.07012483601762931 0.0 0.0 0.0 -0.10584443108419635 -0.09730280814974934 -0.012807176161187758 -0.01177363978611967 0.0 0.0 0.0 0.0 10.200000000000008 0.0 0.07 10.200000000000008 0.0 0.07 0.3 0.05 0.8 0.3 0.05 0.8 0.5 0.1 0.05
263 1.4112012386322021 0.0 0.0 0.0 0.0 0.0 0.0 -0.014248051675437034 0.05489917483205666 -0.198643202838644 0.16689710972195776 -0.2566568998245233 0.07012483601762931 0.0 0.0 0.0 -0.10584443108419635 -0.09730280814974934 -0.012807176161187758 -0.01177363978611967 0.0 0.0 0.0 0.0 10.200000000000008 0.0 0.07 10.200000000000008 0.0 0.07 0.3 0.05 0.8 0.3 0.05 0.8 0.5 0.1 0.05
264 1.4168200492858887 0.0 0.0 0.0 0.0 0.0 0.0 -0.01499154995815643 0.05594921640321654 -0.1994898194118408 0.16689710972195776 -0.2566568998245233 0.07012483601762931 0.0 0.0 0.0 -0.10584443108419635 -0.09730280814974934 -0.012807176161187758 -0.01177363978611967 0.0 0.0 0.0 0.0 10.200000000000008 0.0 0.07 10.200000000000008 0.0 0.07 0.3 0.05 0.8 0.3 0.05 0.8 0.5 0.1 0.05
265 1.422790765762329 0.0 0.0 0.0 0.0 0.0 0.0 -0.015667746698478986 0.056886038373500356 -0.20030458563828873 0.16689710972195776 -0.2566568998245233 0.07012483601762931 0.0 0.0 0.0 -0.10584443108419635 -0.09730280814974934 -0.012807176161187758 -0.01177363978611967 0.0 0.0 0.0 0.0 10.200000000000008 0.0 0.07 10.200000000000008 0.0 0.07 0.3 0.05 0.8 0.3 0.05 0.8 0.5 0.1 0.05
266 1.4281985759735107 0.0 0.0 0.0 0.0 0.0 0.0 -0.01661035805083521 0.058138421887511164 -0.20148373645105605 0.16689710972195776 -0.2566568998245233 0.07012483601762931 0.0 0.0 0.0 -0.10584443108419635 -0.09730280814974934 -0.012807176161187758 -0.01177363978611967 0.0 0.0 0.0 0.0 10.200000000000008 0.0 0.07 10.200000000000008 0.0 0.07 0.3 0.05 0.8 0.3 0.05 0.8 0.5 0.1 0.05
267 1.4335157871246338 0.0 0.0 0.0 0.0 0.0 0.0 -0.01740602263293986 0.059119949766608566 -0.20249802322124627 0.16689710972195776 -0.2566568998245233 0.07012483601762931 0.0 0.0 0.0 -0.10584443108419635 -0.09730280814974934 -0.012807176161187758 -0.01177363978611967 0.0 0.0 0.0 0.0 10.200000000000008 0.0 0.07 10.200000000000008 0.0 0.07 0.3 0.05 0.8 0.3 0.05 0.8 0.5 0.1 0.05
268 1.4388206005096436 0.0 0.0 0.0 0.0 0.0 0.0 -0.018113517662777454 0.05993896128452569 -0.20349009007772914 0.16689710972195776 -0.2566568998245233 0.07012483601762931 0.0 0.0 0.0 -0.10584443108419635 -0.09730280814974934 -0.012807176161187758 -0.01177363978611967 0.0 0.0 0.0 0.0 10.200000000000008 0.0 0.07 10.200000000000008 0.0 0.07 0.3 0.05 0.8 0.3 0.05 0.8 0.5 0.1 0.05
269 1.444119930267334 0.0 0.0 0.0 0.0 0.0 0.0 -0.0188448117082679 0.06066046596596688 -0.2043921264741487 0.16689710972195776 -0.2566568998245233 0.07012483601762931 0.0 0.0 0.0 -0.10584443108419635 -0.09730280814974934 -0.012807176161187758 -0.01177363978611967 0.0 0.0 0.0 0.0 10.200000000000008 0.0 0.07 10.200000000000008 0.0 0.07 0.3 0.05 0.8 0.3 0.05 0.8 0.5 0.1 0.05
270 1.449371337890625 0.0 0.0 0.0 0.0 0.0 0.0 -0.01951368441613696 0.061246767288625534 -0.20524014459453027 0.16689710972195776 -0.2566568998245233 0.07012483601762931 0.0 0.0 0.0 -0.10584443108419635 -0.09730280814974934 -0.012807176161187758 -0.01177363978611967 0.0 0.0 0.0 0.0 10.200000000000008 0.0 0.07 10.200000000000008 0.0 0.07 0.3 0.05 0.8 0.3 0.05 0.8 0.5 0.1 0.05
271 1.4547009468078613 0.0 0.0 0.0 0.0 0.0 0.0 -0.020145105811549317 0.0616752473391177 -0.20605575174928903 0.16689710972195776 -0.2566568998245233 0.07012483601762931 0.0 0.0 0.0 -0.10584443108419635 -0.09730280814974934 -0.012807176161187758 -0.01177363978611967 0.0 0.0 0.0 0.0 10.200000000000008 0.0 0.07 10.200000000000008 0.0 0.07 0.3 0.05 0.8 0.3 0.05 0.8 0.5 0.1 0.05
272 1.4600045680999756 0.0 0.0 0.0 0.0 0.0 0.0 -0.020523958648796733 0.061932335369413005 -0.2065451160421443 0.16689710972195776 -0.2566568998245233 0.07012483601762931 0.0 0.0 0.0 -0.10584443108419635 -0.09730280814974934 -0.012807176161187758 -0.01177363978611967 0.0 0.0 0.0 0.0 10.200000000000008 0.0 0.07 10.200000000000008 0.0 0.07 0.3 0.05 0.8 0.3 0.05 0.8 0.5 0.1 0.05
273 1.4653465747833252 0.0 0.0 0.0 0.0 0.0 0.0 -0.02128816365930787 0.06216328744448715 -0.20752902606728507 0.16689710972195776 -0.2566568998245233 0.07012483601762931 0.0 0.0 0.0 -0.10584443108419635 -0.09730280814974934 -0.012807176161187758 -0.01177363978611967 0.0 0.0 0.0 0.0 10.200000000000008 0.0 0.07 10.200000000000008 0.0 0.07 0.3 0.05 0.8 0.3 0.05 0.8 0.5 0.1 0.05
274 1.4706919193267822 0.0 0.0 0.0 0.0 0.0 0.0 -0.02197678294618935 0.06230185868953164 -0.20842616799237035 0.16689710972195776 -0.2566568998245233 0.07012483601762931 0.0 0.0 0.0 -0.10584443108419635 -0.09730280814974934 -0.012807176161187758 -0.01177363978611967 0.0 0.0 0.0 0.0 10.200000000000008 0.0 0.07 10.200000000000008 0.0 0.07 0.3 0.05 0.8 0.3 0.05 0.8 0.5 0.1 0.05
275 1.4759657382965088 0.0 0.0 0.0 0.0 0.0 0.0 -0.02269675154590613 0.06230830217966137 -0.20927124942995132 0.16689710972195776 -0.2566568998245233 0.07012483601762931 0.0 0.0 0.0 -0.10584443108419635 -0.09730280814974934 -0.012807176161187758 -0.01177363978611967 0.0 0.0 0.0 0.0 10.200000000000008 0.0 0.07 10.200000000000008 0.0 0.07 0.3 0.05 0.8 0.3 0.05 0.8 0.5 0.1 0.05
276 1.4812054634094238 0.0 0.0 0.0 0.0 0.0 0.0 -0.023358828986310996 0.06223546901684223 -0.21008509457502975 0.16689710972195776 -0.2566568998245233 0.07012483601762931 0.0 0.0 0.0 -0.10584443108419635 -0.09730280814974934 -0.012807176161187758 -0.01177363978611967 0.0 0.0 0.0 0.0 10.200000000000008 0.0 0.07 10.200000000000008 0.0 0.07 0.3 0.05 0.8 0.3 0.05 0.8 0.5 0.1 0.05
277 1.4864158630371094 0.0 0.0 0.0 0.0 0.0 0.0 -0.02406287247814181 0.0620383706053568 -0.2108801975720776 0.16689710972195776 -0.2566568998245233 0.07012483601762931 0.0 0.0 0.0 -0.10584443108419635 -0.09730280814974934 -0.012807176161187758 -0.01177363978611967 0.0 0.0 0.0 0.0 10.200000000000008 0.0 0.07 10.200000000000008 0.0 0.07 0.3 0.05 0.8 0.3 0.05 0.8 0.5 0.1 0.05
278 1.4916470050811768 0.0 0.0 0.0 0.0 0.0 0.0 -0.024792094110712065 0.0617667130446716 -0.21166405565283614 0.16689710972195776 -0.2566568998245233 0.07012483601762931 0.0 0.0 0.0 -0.10584443108419635 -0.09730280814974934 -0.012807176161187758 -0.01177363978611967 0.0 0.0 0.0 0.0 10.200000000000008 0.0 0.07 10.200000000000008 0.0 0.07 0.3 0.05 0.8 0.3 0.05 0.8 0.5 0.1 0.05
279 1.4970643520355225 0.0 0.0 0.0 0.0 0.0 0.0 -0.025536424117842113 0.061373620737569565 -0.21244116678382108 0.16689710972195776 -0.2566568998245233 0.07012483601762931 0.0 0.0 0.0 -0.10584443108419635 -0.09730280814974934 -0.012807176161187758 -0.01177363978611967 0.0 0.0 0.0 0.0 10.200000000000008 0.0 0.07 10.200000000000008 0.0 0.07 0.3 0.05 0.8 0.3 0.05 0.8 0.5 0.1 0.05
280 1.5023329257965088 0.0 0.0 0.0 0.0 0.0 0.0 -0.025983022122120142 0.06113776535330834 -0.21290743346241206 0.16689710972195776 -0.2566568998245233 0.07012483601762931 0.0 0.0 0.0 -0.10584443108419635 -0.09730280814974934 -0.012807176161187758 -0.01177363978611967 0.0 0.0 0.0 0.0 10.200000000000008 0.0 0.07 10.200000000000008 0.0 0.07 0.3 0.05 0.8 0.3 0.05 0.8 0.5 0.1 0.05
281 1.5076732635498047 0.0 0.0 0.0 0.0 0.0 0.0 -0.0268645719996305 0.06038266104780806 -0.21380078566209726 0.16689710972195776 -0.2566568998245233 0.07012483601762931 0.0 0.0 0.0 -0.10584443108419635 -0.09730280814974934 -0.012807176161187758 -0.01177363978611967 0.0 0.0 0.0 0.0 10.200000000000008 0.0 0.07 10.200000000000008 0.0 0.07 0.3 0.05 0.8 0.3 0.05 0.8 0.5 0.1 0.05
282 1.5129809379577637 0.0 0.0 0.0 0.0 0.0 0.0 -0.027700298953724604 0.05954610516025527 -0.21456689400754125 0.16689710972195776 -0.2566568998245233 0.07012483601762931 0.0 0.0 0.0 -0.10584443108419635 -0.09730280814974934 -0.012807176161187758 -0.01177363978611967 0.0 0.0 0.0 0.0 10.200000000000008 0.0 0.07 10.200000000000008 0.0 0.07 0.3 0.05 0.8 0.3 0.05 0.8 0.5 0.1 0.05
283 1.518401861190796 0.0 0.0 0.0 0.0 0.0 0.0 -0.028968724714918556 0.05827718203898611 -0.21564015139360282 0.16689710972195776 -0.2566568998245233 0.07012483601762931 0.0 0.0 0.0 -0.10584443108419635 -0.09730280814974934 -0.012807176161187758 -0.01177363978611967 0.0 0.0 0.0 0.0 10.200000000000008 0.0 0.07 10.200000000000008 0.0 0.07 0.3 0.05 0.8 0.3 0.05 0.8 0.5 0.1 0.05
284 1.5237603187561035 0.0 0.0 0.0 0.0 0.0 0.0 -0.03011327645611979 0.057055632624842784 -0.21659090210776955 0.16689710972195776 -0.2566568998245233 0.07012483601762931 0.0 0.0 0.0 -0.10584443108419635 -0.09730280814974934 -0.012807176161187758 -0.01177363978611967 0.0 0.0 0.0 0.0 10.200000000000008 0.0 0.07 10.200000000000008 0.0 0.07 0.3 0.05 0.8 0.3 0.05 0.8 0.5 0.1 0.05
285 1.5291199684143066 0.0 0.0 0.0 0.0 0.0 0.0 -0.031260201552106244 0.05578580817807797 -0.2174681486325349 0.16689710972195776 -0.2566568998245233 0.07012483601762931 0.0 0.0 0.0 -0.10584443108419635 -0.09730280814974934 -0.012807176161187758 -0.01177363978611967 0.0 0.0 0.0 0.0 10.200000000000008 0.0 0.07 10.200000000000008 0.0 0.07 0.3 0.05 0.8 0.3 0.05 0.8 0.5 0.1 0.05
286 1.5343821048736572 0.0 0.0 0.0 0.0 0.0 0.0 -0.032408550660963834 0.05448702169197252 -0.2182245937592915 0.16689710972195776 -0.2566568998245233 0.07012483601762931 0.0 0.0 0.0 -0.10584443108419635 -0.09730280814974934 -0.012807176161187758 -0.01177363978611967 0.0 0.0 0.0 0.0 10.200000000000008 0.0 0.07 10.200000000000008 0.0 0.07 0.3 0.05 0.8 0.3 0.05 0.8 0.5 0.1 0.05
287 1.539651870727539 0.0 0.0 0.0 0.0 0.0 0.0 -0.03309756012627839 0.05370774980030925 -0.21867846083534548 0.16689710972195776 -0.2566568998245233 0.07012483601762931 0.0 0.0 0.0 -0.10584443108419635 -0.09730280814974934 -0.012807176161187758 -0.01177363978611967 0.0 0.0 0.0 0.0 10.200000000000008 0.0 0.07 10.200000000000008 0.0 0.07 0.3 0.05 0.8 0.3 0.05 0.8 0.5 0.1 0.05
288 1.5449063777923584 0.0 0.0 0.0 0.0 0.0 0.0 -0.03443135390799855 0.05216640004898591 -0.2194876742960083 0.16689710972195776 -0.2566568998245233 0.07012483601762931 0.0 0.0 0.0 -0.10584443108419635 -0.09730280814974934 -0.012807176161187758 -0.01177363978611967 0.0 0.0 0.0 0.0 10.200000000000008 0.0 0.07 10.200000000000008 0.0 0.07 0.3 0.05 0.8 0.3 0.05 0.8 0.5 0.1 0.05
289 1.5501489639282227 0.0 0.0 0.0 0.0 0.0 0.0 -0.03576852497530946 0.05062799912324835 -0.22027999856180355 0.16689710972195776 -0.2566568998245233 0.07012483601762931 0.0 0.0 0.0 -0.10584443108419635 -0.09730280814974934 -0.012807176161187758 -0.01177363978611967 0.0 0.0 0.0 0.0 10.200000000000008 0.0 0.07 10.200000000000008 0.0 0.07 0.3 0.05 0.8 0.3 0.05 0.8 0.5 0.1 0.05
290 1.5554440021514893 0.0 0.0 0.0 0.0 0.0 0.0 -0.03710771943374258 0.049091364512630034 -0.22106218926411214 0.16689710972195776 -0.2566568998245233 0.07012483601762931 0.0 0.0 0.0 -0.10584443108419635 -0.09730280814974934 -0.012807176161187758 -0.01177363978611967 0.0 0.0 0.0 0.0 10.200000000000008 0.0 0.07 10.200000000000008 0.0 0.07 0.3 0.05 0.8 0.3 0.05 0.8 0.5 0.1 0.05
291 1.560917615890503 0.0 0.0 0.0 0.0 0.0 0.0 -0.03852482718374599 0.0475557926713155 -0.2217616008042624 0.16689710972195776 -0.2566568998245233 0.07012483601762931 0.0 0.0 0.0 -0.10584443108419635 -0.09730280814974934 -0.012807176161187758 -0.01177363978611967 0.0 0.0 0.0 0.0 10.200000000000008 0.0 0.07 10.200000000000008 0.0 0.07 0.3 0.05 0.8 0.3 0.05 0.8 0.5 0.1 0.05
292 1.566239833831787 0.0 0.0 0.0 0.0 0.0 0.0 -0.03998868588892382 0.046020855511351 -0.2225647429418165 0.16689710972195776 -0.2566568998245233 0.07012483601762931 0.0 0.0 0.0 -0.10584443108419635 -0.09730280814974934 -0.012807176161187758 -0.01177363978611967 0.0 0.0 0.0 0.0 10.200000000000008 0.0 0.07 10.200000000000008 0.0 0.07 0.3 0.05 0.8 0.3 0.05 0.8 0.5 0.1 0.05
293 1.5715844631195068 0.0 0.0 0.0 0.0 0.0 0.0 -0.04102039962582446 0.044409602883531796 -0.22327672534311405 0.16689710972195776 -0.2566568998245233 0.07012483601762931 0.0 0.0 0.0 -0.10584443108419635 -0.09730280814974934 -0.012807176161187758 -0.01177363978611967 0.0 0.0 0.0 0.0 10.200000000000008 0.0 0.07 10.200000000000008 0.0 0.07 0.3 0.05 0.8 0.3 0.05 0.8 0.5 0.1 0.05
294 1.576873540878296 0.0 0.0 0.0 0.0 0.0 0.0 -0.04232971819980536 0.042829260231896725 -0.22401071097329014 0.16689710972195776 -0.2566568998245233 0.07012483601762931 0.0 0.0 0.0 -0.10584443108419635 -0.09730280814974934 -0.012807176161187758 -0.01177363978611967 0.0 0.0 0.0 0.0 10.200000000000008 0.0 0.07 10.200000000000008 0.0 0.07 0.3 0.05 0.8 0.3 0.05 0.8 0.5 0.1 0.05
295 1.5822076797485352 0.0 0.0 0.0 0.0 0.0 0.0 -0.0431153093441939 0.04188105464091568 -0.22445110235139581 0.16689710972195776 -0.2566568998245233 0.07012483601762931 0.0 0.0 0.0 -0.10584443108419635 -0.09730280814974934 -0.012807176161187758 -0.01177363978611967 0.0 0.0 0.0 0.0 10.200000000000008 0.0 0.07 10.200000000000008 0.0 0.07 0.3 0.05 0.8 0.3 0.05 0.8 0.5 0.1 0.05
296 1.5874717235565186 0.0 0.0 0.0 0.0 0.0 0.0 -0.044507052133358455 0.03993154764241379 -0.22517553141578944 0.16689710972195776 -0.2566568998245233 0.07012483601762931 0.0 0.0 0.0 -0.10584443108419635 -0.09730280814974934 -0.012807176161187758 -0.01177363978611967 0.0 0.0 0.0 0.0 10.200000000000008 0.0 0.07 10.200000000000008 0.0 0.07 0.3 0.05 0.8 0.3 0.05 0.8 0.5 0.1 0.05
297 1.5927739143371582 0.0 0.0 0.0 0.0 0.0 0.0 -0.04610909037582692 0.03814824938813687 -0.22591698504382318 0.16689710972195776 -0.2566568998245233 0.07012483601762931 0.0 0.0 0.0 -0.10584443108419635 -0.09730280814974934 -0.012807176161187758 -0.01177363978611967 0.0 0.0 0.0 0.0 10.200000000000008 0.0 0.07 10.200000000000008 0.0 0.07 0.3 0.05 0.8 0.3 0.05 0.8 0.5 0.1 0.05
298 1.5982303619384766 0.0 0.0 0.0 0.0 0.0 0.0 -0.04868099175567994 0.03592778754258061 -0.22689875043567387 0.16689710972195776 -0.2566568998245233 0.07012483601762931 0.0 0.0 0.0 -0.10584443108419635 -0.09730280814974934 -0.012807176161187758 -0.01177363978611967 0.0 0.0 0.0 0.0 10.200000000000008 0.0 0.07 10.200000000000008 0.0 0.07 0.3 0.05 0.8 0.3 0.05 0.8 0.5 0.1 0.05
299 1.6035728454589844 0.0 0.0 0.0 0.0 0.0 0.0 -0.051067821429226216 0.03398191638007107 -0.2277946059533141 0.16689710972195776 -0.2566568998245233 0.07012483601762931 0.0 0.0 0.0 -0.10584443108419635 -0.09730280814974934 -0.012807176161187758 -0.01177363978611967 0.0 0.0 0.0 0.0 10.200000000000008 0.0 0.07 10.200000000000008 0.0 0.07 0.3 0.05 0.8 0.3 0.05 0.8 0.5 0.1 0.05
300 1.608839750289917 0.0 0.0 0.0 0.0 0.0 0.0 -0.05334360807898844 0.032277501864518776 -0.2285622162895311 0.16689710972195776 -0.2566568998245233 0.07012483601762931 0.0 0.0 0.0 -0.10584443108419635 -0.09730280814974934 -0.012807176161187758 -0.01177363978611967 0.0 0.0 0.0 0.0 10.200000000000008 0.0 0.07 10.200000000000008 0.0 0.07 0.3 0.05 0.8 0.3 0.05 0.8 0.5 0.1 0.05
301 1.6141960620880127 0.0 0.0 0.0 0.0 0.0 0.0 -0.05555277189471247 0.03071795835690859 -0.22932957877379112 0.16689710972195776 -0.2566568998245233 0.07012483601762931 0.0 0.0 0.0 -0.10584443108419635 -0.09730280814974934 -0.012807176161187758 -0.01177363978611967 0.0 0.0 0.0 0.0 10.200000000000008 0.0 0.07 10.200000000000008 0.0 0.07 0.3 0.05 0.8 0.3 0.05 0.8 0.5 0.1 0.05
302 1.6195313930511475 0.0 0.0 0.0 0.0 0.0 0.0 -0.0568782701841469 0.02978223225234248 -0.22978999626434715 0.16689710972195776 -0.2566568998245233 0.07012483601762931 0.0 0.0 0.0 -0.10584443108419635 -0.09730280814974934 -0.012807176161187758 -0.01177363978611967 0.0 0.0 0.0 0.0 10.200000000000008 0.0 0.07 10.200000000000008 0.0 0.07 0.3 0.05 0.8 0.3 0.05 0.8 0.5 0.1 0.05
303 1.6249120235443115 0.0 0.0 0.0 0.0 0.0 0.0 -0.059360946849076474 0.028147009973277435 -0.23060314006684346 0.16689710972195776 -0.2566568998245233 0.07012483601762931 0.0 0.0 0.0 -0.10584443108419635 -0.09730280814974934 -0.012807176161187758 -0.01177363978611967 0.0 0.0 0.0 0.0 10.200000000000008 0.0 0.07 10.200000000000008 0.0 0.07 0.3 0.05 0.8 0.3 0.05 0.8 0.5 0.1 0.05
304 1.6301991939544678 0.0 0.0 0.0 0.0 0.0 0.0 -0.06108065061872514 0.02662898478779184 -0.23139782225834205 0.16689710972195776 -0.2566568998245233 0.07012483601762931 0.0 0.0 0.0 -0.10584443108419635 -0.09730280814974934 -0.012807176161187758 -0.01177363978611967 0.0 0.0 0.0 0.0 10.200000000000008 0.0 0.07 10.200000000000008 0.0 0.07 0.3 0.05 0.8 0.3 0.05 0.8 0.5 0.1 0.05
305 1.6356077194213867 0.0 0.0 0.0 0.0 0.0 0.0 -0.06303286098304577 0.025257974135118648 -0.2321047289714031 0.16689710972195776 -0.2566568998245233 0.07012483601762931 0.0 0.0 0.0 -0.10584443108419635 -0.09730280814974934 -0.012807176161187758 -0.01177363978611967 0.0 0.0 0.0 0.0 10.200000000000008 0.0 0.07 10.200000000000008 0.0 0.07 0.3 0.05 0.8 0.3 0.05 0.8 0.5 0.1 0.05
306 1.6409106254577637 0.0 0.0 0.0 0.0 0.0 0.0 -0.06443428497232906 0.023975172202132897 -0.23283566890924054 0.16689710972195776 -0.2566568998245233 0.07012483601762931 0.0 0.0 0.0 -0.10584443108419635 -0.09730280814974934 -0.012807176161187758 -0.01177363978611967 0.0 0.0 0.0 0.0 10.200000000000008 0.0 0.07 10.200000000000008 0.0 0.07 0.3 0.05 0.8 0.3 0.05 0.8 0.5 0.1 0.05
307 1.64617919921875 0.0 0.0 0.0 0.0 0.0 0.0 -0.06604212895463651 0.022745298481191847 -0.23350433027010487 0.16689710972195776 -0.2566568998245233 0.07012483601762931 0.0 0.0 0.0 -0.10584443108419635 -0.09730280814974934 -0.012807176161187758 -0.01177363978611967 0.0 0.0 0.0 0.0 10.200000000000008 0.0 0.07 10.200000000000008 0.0 0.07 0.3 0.05 0.8 0.3 0.05 0.8 0.5 0.1 0.05
308 1.6514458656311035 0.0 0.0 0.0 0.0 0.0 0.0 -0.0673136323716089 0.021623877964142356 -0.23421232299662426 0.16689710972195776 -0.2566568998245233 0.07012483601762931 0.0 0.0 0.0 -0.10584443108419635 -0.09730280814974934 -0.012807176161187758 -0.01177363978611967 0.0 0.0 0.0 0.0 10.200000000000008 0.0 0.07 10.200000000000008 0.0 0.07 0.3 0.05 0.8 0.3 0.05 0.8 0.5 0.1 0.05
309 1.6567130088806152 0.0 0.0 0.0 0.0 0.0 0.0 -0.06876682475363283 0.020567532349660037 -0.23494391491506572 0.16689710972195776 -0.2566568998245233 0.07012483601762931 0.0 0.0 0.0 -0.10584443108419635 -0.09730280814974934 -0.012807176161187758 -0.01177363978611967 0.0 0.0 0.0 0.0 10.200000000000008 0.0 0.07 10.200000000000008 0.0 0.07 0.3 0.05 0.8 0.3 0.05 0.8 0.5 0.1 0.05
310 1.6619622707366943 0.0 0.0 0.0 0.0 0.0 0.0 -0.06963874018284719 0.019933724980970645 -0.23538287006613062 0.16689710972195776 -0.2566568998245233 0.07012483601762931 0.0 0.0 0.0 -0.10584443108419635 -0.09730280814974934 -0.012807176161187758 -0.01177363978611967 0.0 0.0 0.0 0.0 10.200000000000008 0.0 0.07 10.200000000000008 0.0 0.07 0.3 0.05 0.8 0.3 0.05 0.8 0.5 0.1 0.05
311 1.6673245429992676 0.0 0.0 0.0 0.0 0.0 0.0 -0.07100557828601027 0.018786447990787283 -0.23625983534930017 0.16689710972195776 -0.2566568998245233 0.07012483601762931 0.0 0.0 0.0 -0.10584443108419635 -0.09730280814974934 -0.012807176161187758 -0.01177363978611967 0.0 0.0 0.0 0.0 10.200000000000008 0.0 0.07 10.200000000000008 0.0 0.07 0.3 0.05 0.8 0.3 0.05 0.8 0.5 0.1 0.05
312 1.6726431846618652 0.0 0.0 0.0 0.0 0.0 0.0 -0.07243927520308391 0.017791287749321615 -0.23709281080173172 0.16689710972195776 -0.2566568998245233 0.07012483601762931 0.0 0.0 0.0 -0.10584443108419635 -0.09730280814974934 -0.012807176161187758 -0.01177363978611967 0.0 0.0 0.0 0.0 10.200000000000008 0.0 0.07 10.200000000000008 0.0 0.07 0.3 0.05 0.8 0.3 0.05 0.8 0.5 0.1 0.05
313 1.678055763244629 0.0 0.0 0.0 0.0 0.0 0.0 -0.0742965807127565 0.01658059754926643 -0.23820618863825033 0.16689710972195776 -0.2566568998245233 0.07012483601762931 0.0 0.0 0.0 -0.10584443108419635 -0.09730280814974934 -0.012807176161187758 -0.01177363978611967 0.0 0.0 0.0 0.0 10.200000000000008 0.0 0.07 10.200000000000008 0.0 0.07 0.3 0.05 0.8 0.3 0.05 0.8 0.5 0.1 0.05
314 1.6833484172821045 0.0 0.0 0.0 0.0 0.0 0.0 -0.07579445732281268 0.0156240856585424 -0.23918101162269134 0.16689710972195776 -0.2566568998245233 0.07012483601762931 0.0 0.0 0.0 -0.10584443108419635 -0.09730280814974934 -0.012807176161187758 -0.01177363978611967 0.0 0.0 0.0 0.0 10.200000000000008 0.0 0.07 10.200000000000008 0.0 0.07 0.3 0.05 0.8 0.3 0.05 0.8 0.5 0.1 0.05
315 1.6886894702911377 0.0 0.0 0.0 0.0 0.0 0.0 -0.07699998031643426 0.014743384476752332 -0.24007270095082772 0.16689710972195776 -0.2566568998245233 0.07012483601762931 0.0 0.0 0.0 -0.10584443108419635 -0.09730280814974934 -0.012807176161187758 -0.01177363978611967 0.0 0.0 0.0 0.0 10.200000000000008 0.0 0.07 10.200000000000008 0.0 0.07 0.3 0.05 0.8 0.3 0.05 0.8 0.5 0.1 0.05
316 1.6939609050750732 0.0 0.0 0.0 0.0 0.0 0.0 -0.07795339188329814 0.013984865996987374 -0.24091451083023938 0.16689710972195776 -0.2566568998245233 0.07012483601762931 0.0 0.0 0.0 -0.10584443108419635 -0.09730280814974934 -0.012807176161187758 -0.01177363978611967 0.0 0.0 0.0 0.0 10.200000000000008 0.0 0.07 10.200000000000008 0.0 0.07 0.3 0.05 0.8 0.3 0.05 0.8 0.5 0.1 0.05
317 1.6992642879486084 0.0 0.0 0.0 0.0 0.0 0.0 -0.07852543882341646 0.013529754909128399 -0.24141959675788635 0.16689710972195776 -0.2566568998245233 0.07012483601762931 0.0 0.0 0.0 -0.10584443108419635 -0.09730280814974934 -0.012807176161187758 -0.01177363978611967 0.0 0.0 0.0 0.0 10.200000000000008 0.0 0.07 10.200000000000008 0.0 0.07 0.3 0.05 0.8 0.3 0.05 0.8 0.5 0.1 0.05
318 1.7046141624450684 0.0 0.0 0.0 0.0 0.0 0.0 -0.07902206550128141 0.012796492715031176 -0.24241294013643117 0.16689710972195776 -0.2566568998245233 0.07012483601762931 0.0 0.0 0.0 -0.10584443108419635 -0.09730280814974934 -0.012807176161187758 -0.01177363978611967 0.0 0.0 0.0 0.0 10.200000000000008 0.0 0.07 10.200000000000008 0.0 0.07 0.3 0.05 0.8 0.3 0.05 0.8 0.5 0.1 0.05
319 1.7099010944366455 0.0 0.0 0.0 0.0 0.0 0.0 -0.07893654522351551 0.012203139865011137 -0.24331574170102985 0.16689710972195776 -0.2566568998245233 0.07012483601762931 0.0 0.0 0.0 -0.10584443108419635 -0.09730280814974934 -0.012807176161187758 -0.01177363978611967 0.0 0.0 0.0 0.0 10.200000000000008 0.0 0.07 10.200000000000008 0.0 0.07 0.3 0.05 0.8 0.3 0.05 0.8 0.5 0.1 0.05
320 1.7152037620544434 0.0 0.0 0.0 0.0 0.0 0.0 -0.07873183454306201 0.011617030384308197 -0.24424091817921584 0.16689710972195776 -0.2566568998245233 0.07012483601762931 0.0 0.0 0.0 -0.10584443108419635 -0.09730280814974934 -0.012807176161187758 -0.01177363978611967 0.0 0.0 0.0 0.0 10.200000000000008 0.0 0.07 10.200000000000008 0.0 0.07 0.3 0.05 0.8 0.3 0.05 0.8 0.5 0.1 0.05
321 1.7206292152404785 0.0 0.0 0.0 0.0 0.0 0.0 -0.07807211631674335 0.011111966182092486 -0.24510282034865727 0.16689710972195776 -0.2566568998245233 0.07012483601762931 0.0 0.0 0.0 -0.10584443108419635 -0.09730280814974934 -0.012807176161187758 -0.01177363978611967 0.0 0.0 0.0 0.0 10.200000000000008 0.0 0.07 10.200000000000008 0.0 0.07 0.3 0.05 0.8 0.3 0.05 0.8 0.5 0.1 0.05
322 1.7259232997894287 0.0 0.0 0.0 0.0 0.0 0.0 -0.0772927890964673 0.010655529146969114 -0.24592675793285196 0.16689710972195776 -0.2566568998245233 0.07012483601762931 0.0 0.0 0.0 -0.10584443108419635 -0.09730280814974934 -0.012807176161187758 -0.01177363978611967 0.0 0.0 0.0 0.0 10.200000000000008 0.0 0.07 10.200000000000008 0.0 0.07 0.3 0.05 0.8 0.3 0.05 0.8 0.5 0.1 0.05
323 1.7312545776367188 0.0 0.0 0.0 0.0 0.0 0.0 -0.07605820317556417 0.010228268412101147 -0.24680461527773753 0.16689710972195776 -0.2566568998245233 0.07012483601762931 0.0 0.0 0.0 -0.10584443108419635 -0.09730280814974934 -0.012807176161187758 -0.01177363978611967 0.0 0.0 0.0 0.0 10.200000000000008 0.0 0.07 10.200000000000008 0.0 0.07 0.3 0.05 0.8 0.3 0.05 0.8 0.5 0.1 0.05
324 1.7364966869354248 0.0 0.0 0.0 0.0 0.0 0.0 -0.0747805568247435 0.009818513457386421 -0.2476381259671987 0.16689710972195776 -0.2566568998245233 0.07012483601762931 0.0 0.0 0.0 -0.10584443108419635 -0.09730280814974934 -0.012807176161187758 -0.01177363978611967 0.0 0.0 0.0 0.0 10.200000000000008 0.0 0.07 10.200000000000008 0.0 0.07 0.3 0.05 0.8 0.3 0.05 0.8 0.5 0.1 0.05
325 1.7418441772460938 0.0 0.0 0.0 0.0 0.0 0.0 -0.07401396901425109 0.009572660484557585 -0.2481382323808754 0.16689710972195776 -0.2566568998245233 0.07012483601762931 0.0 0.0 0.0 -0.10584443108419635 -0.09730280814974934 -0.012807176161187758 -0.01177363978611967 0.0 0.0 0.0 0.0 10.200000000000008 0.0 0.07 10.200000000000008 0.0 0.07 0.3 0.05 0.8 0.3 0.05 0.8 0.5 0.1 0.05
326 1.7470989227294922 0.0 0.0 0.0 0.0 0.0 0.0 -0.0726336282254242 0.009271750187066339 -0.24882179176850822 0.16689710972195776 -0.2566568998245233 0.07012483601762931 0.0 0.0 0.0 -0.10584443108419635 -0.09730280814974934 -0.012807176161187758 -0.01177363978611967 0.0 0.0 0.0 0.0 10.200000000000008 0.0 0.07 10.200000000000008 0.0 0.07 0.3 0.05 0.8 0.3 0.05 0.8 0.5 0.1 0.05
327 1.7523319721221924 0.0 0.0 0.0 0.0 0.0 0.0 -0.06988794829016823 0.008784409961215938 -0.24992221847798649 0.16689710972195776 -0.2566568998245233 0.07012483601762931 0.0 0.0 0.0 -0.10584443108419635 -0.09730280814974934 -0.012807176161187758 -0.01177363978611967 0.0 0.0 0.0 0.0 10.200000000000008 0.0 0.07 10.200000000000008 0.0 0.07 0.3 0.05 0.8 0.3 0.05 0.8 0.5 0.1 0.05
328 1.7575962543487549 0.0 0.0 0.0 0.0 0.0 0.0 -0.06724345296958624 0.0 -0.25088927078620327 0.16689710972195776 -0.2566568998245233 0.07012483601762931 0.0 0.0 0.0 -0.10584443108419635 -0.09730280814974934 -0.012807176161187758 -0.01177363978611967 0.0 0.0 0.0 0.0 10.200000000000008 0.0 0.07 10.200000000000008 0.0 0.07 0.3 0.05 0.8 0.3 0.05 0.8 0.5 0.1 0.05
329 1.7628774642944336 0.0 0.0 0.0 0.0 0.0 0.0 -0.0632023855169984 0.0 -0.2522364925049289 0.16689710972195776 -0.2566568998245233 0.07012483601762931 0.0 0.0 0.0 -0.10584443108419635 -0.09730280814974934 -0.012807176161187758 -0.01177363978611967 0.0 0.0 0.0 0.0 10.200000000000008 0.0 0.07 10.200000000000008 0.0 0.07 0.3 0.05 0.8 0.3 0.05 0.8 0.5 0.1 0.05
330 1.7681066989898682 0.0 0.0 0.0 0.0 0.0 0.0 -0.059320465124867695 0.0 -0.25335162107363607 0.16689710972195776 -0.2566568998245233 0.07012483601762931 0.0 0.0 0.0 -0.10584443108419635 -0.09730280814974934 -0.012807176161187758 -0.01177363978611967 0.0 0.0 0.0 0.0 10.200000000000008 0.0 0.07 10.200000000000008 0.0 0.07 0.3 0.05 0.8 0.3 0.05 0.8 0.5 0.1 0.05
331 1.773430585861206 0.0 0.0 0.0 0.0 0.0 0.0 -0.055610729245676005 0.0 -0.25440419449934526 0.16689710972195776 -0.2566568998245233 0.07012483601762931 0.0 0.0 0.0 -0.10584443108419635 -0.09730280814974934 -0.012807176161187758 -0.01177363978611967 0.0 0.0 0.0 0.0 10.200000000000008 0.0 0.07 10.200000000000008 0.0 0.07 0.3 0.05 0.8 0.3 0.05 0.8 0.5 0.1 0.05
332 1.7786931991577148 0.0 0.0 0.0 0.0 0.0 0.0 -0.05338488771816099 0.0 -0.25503573855477074 0.16689710972195776 -0.2566568998245233 0.07012483601762931 0.0 0.0 0.0 -0.10584443108419635 -0.09730280814974934 -0.012807176161187758 -0.01177363978611967 0.0 0.0 0.0 0.0 10.200000000000008 0.0 0.07 10.200000000000008 0.0 0.07 0.3 0.05 0.8 0.3 0.05 0.8 0.5 0.1 0.05
333 1.7840230464935303 0.0 0.0 0.0 0.0 0.0 0.0 -0.048904722209572815 0.0 -0.25610495531986655 0.16689710972195776 -0.2566568998245233 0.07012483601762931 0.0 0.0 0.0 -0.10584443108419635 -0.09730280814974934 -0.012807176161187758 -0.01177363978611967 0.0 0.0 0.0 0.0 10.200000000000008 0.0 0.07 10.200000000000008 0.0 0.07 0.3 0.05 0.8 0.3 0.05 0.8 0.5 0.1 0.05
334 1.7892735004425049 0.0 0.0 0.0 0.0 0.0 0.0 -0.04452924521315099 0.0 -0.2571299816634089 0.16689710972195776 -0.2566568998245233 0.07012483601762931 0.0 0.0 0.0 -0.10584443108419635 -0.09730280814974934 -0.012807176161187758 -0.01177363978611967 0.0 0.0 0.0 0.0 10.200000000000008 0.0 0.07 10.200000000000008 0.0 0.07 0.3 0.05 0.8 0.3 0.05 0.8 0.5 0.1 0.05
335 1.7945678234100342 0.0 0.0 0.0 0.0 0.0 0.0 -0.04021657834379674 0.0 -0.258128492263903 0.16689710972195776 -0.2566568998245233 0.07012483601762931 0.0 0.0 0.0 -0.10584443108419635 -0.09730280814974934 -0.012807176161187758 -0.01177363978611967 0.0 0.0 0.0 0.0 10.200000000000008 0.0 0.07 10.200000000000008 0.0 0.07 0.3 0.05 0.8 0.3 0.05 0.8 0.5 0.1 0.05
336 1.799844741821289 0.0 0.0 0.0 0.0 0.0 0.0 -0.03578820201712132 0.0 -0.2590343941616713 0.16689710972195776 -0.2566568998245233 0.07012483601762931 0.0 0.0 0.0 -0.10584443108419635 -0.09730280814974934 -0.012807176161187758 -0.01177363978611967 0.0 0.0 0.0 0.0 10.200000000000008 0.0 0.07 10.200000000000008 0.0 0.07 0.3 0.05 0.8 0.3 0.05 0.8 0.5 0.1 0.05
337 1.8052384853363037 0.0 0.0 0.0 0.0 0.0 0.0 -0.03136709778283406 0.0 -0.2599614315848171 0.16689710972195776 -0.2566568998245233 0.07012483601762931 0.0 0.0 0.0 -0.10584443108419635 -0.09730280814974934 -0.012807176161187758 -0.01177363978611967 0.0 0.0 0.0 0.0 10.200000000000008 0.0 0.07 10.200000000000008 0.0 0.07 0.3 0.05 0.8 0.3 0.05 0.8 0.5 0.1 0.05
338 1.8105134963989258 0.0 0.0 0.0 0.0 0.0 0.0 -0.02679695978030186 0.0 -0.26090114883307336 0.16689710972195776 -0.2566568998245233 0.07012483601762931 0.0 0.0 0.0 -0.10584443108419635 -0.09730280814974934 -0.012807176161187758 -0.01177363978611967 0.0 0.0 0.0 0.0 10.200000000000008 0.0 0.07 10.200000000000008 0.0 0.07 0.3 0.05 0.8 0.3 0.05 0.8 0.5 0.1 0.05
339 1.8157479763031006 0.0 0.0 0.0 0.0 0.0 0.0 -0.022214099283603555 0.0 -0.26177177471949886 0.16689710972195776 -0.2566568998245233 0.07012483601762931 0.0 0.0 0.0 -0.10584443108419635 -0.09730280814974934 -0.012807176161187758 -0.01177363978611967 0.0 0.0 0.0 0.0 10.200000000000008 0.0 0.07 10.200000000000008 0.0 0.07 0.3 0.05 0.8 0.3 0.05 0.8 0.5 0.1 0.05
340 1.820990800857544 0.0 0.0 0.0 0.0 0.0 0.0 -0.01946438298558457 0.0 -0.26229415025135416 0.16689710972195776 -0.2566568998245233 0.07012483601762931 0.0 0.0 0.0 -0.10584443108419635 -0.09730280814974934 -0.012807176161187758 -0.01177363978611967 0.0 0.0 0.0 0.0 10.200000000000008 0.0 0.07 10.200000000000008 0.0 0.07 0.3 0.05 0.8 0.3 0.05 0.8 0.5 0.1 0.05
341 1.8263306617736816 0.0 0.0 0.0 0.0 0.0 0.0 -0.01582037848791637 0.0 -0.2629910718549522 0.16689710972195776 -0.2566568998245233 0.07012483601762931 0.0 0.0 0.0 -0.10584443108419635 -0.09730280814974934 -0.012807176161187758 -0.01177363978611967 0.0 0.0 0.0 0.0 10.200000000000008 0.0 0.07 10.200000000000008 0.0 0.07 0.3 0.05 0.8 0.3 0.05 0.8 0.5 0.1 0.05
342 1.8316190242767334 0.0 0.0 0.0 0.0 0.0 0.0 -0.009722324118382681 0.0 -0.2640995151489515 0.16689710972195776 -0.2566568998245233 0.07012483601762931 0.0 0.0 0.0 -0.10584443108419635 -0.09730280814974934 -0.012807176161187758 -0.01177363978611967 0.0 0.0 0.0 0.0 10.200000000000008 0.0 0.07 10.200000000000008 0.0 0.07 0.3 0.05 0.8 0.3 0.05 0.8 0.5 0.1 0.05
343 1.8369529247283936 0.0 0.0 0.0 0.0 0.0 0.0 0.0 0.0 -0.265148077409836 0.16689710972195776 -0.2566568998245233 0.07012483601762931 0.0 0.0 0.0 -0.10584443108419635 -0.09730280814974934 -0.012807176161187758 -0.01177363978611967 0.0 0.0 0.0 0.0 10.200000000000008 0.0 0.07 10.200000000000008 0.0 0.07 0.3 0.05 0.8 0.3 0.05 0.8 0.5 0.1 0.05
344 1.8422040939331055 0.0 0.0 0.0 0.0 0.0 0.0 0.0 0.0 -0.2661607095607354 0.16689710972195776 -0.2566568998245233 0.07012483601762931 0.0 0.0 0.0 -0.10584443108419635 -0.09730280814974934 -0.012807176161187758 -0.01177363978611967 0.0 0.0 0.0 0.0 10.200000000000008 0.0 0.07 10.200000000000008 0.0 0.07 0.3 0.05 0.8 0.3 0.05 0.8 0.5 0.1 0.05
345 1.8475475311279297 0.0 0.0 0.0 0.0 0.0 0.0 0.0 0.0 -0.26707508438874683 0.16689710972195776 -0.2566568998245233 0.07012483601762931 0.0 0.0 0.0 -0.10584443108419635 -0.09730280814974934 -0.012807176161187758 -0.01177363978611967 0.0 0.0 0.0 0.0 10.200000000000008 0.0 0.07 10.200000000000008 0.0 0.07 0.3 0.05 0.8 0.3 0.05 0.8 0.5 0.1 0.05
346 1.85282564163208 0.0 0.0 0.0 0.0 0.0 0.0 0.013833130625451053 0.0 -0.2683907003644073 0.16689710972195776 -0.2566568998245233 0.07012483601762931 0.0 0.0 0.0 -0.10584443108419635 -0.09730280814974934 -0.012807176161187758 -0.01177363978611967 0.0 0.0 0.0 0.0 10.200000000000008 0.0 0.07 10.200000000000008 0.0 0.07 0.3 0.05 0.8 0.3 0.05 0.8 0.5 0.1 0.05
347 1.8580307960510254 0.0 0.0 0.0 0.0 0.0 0.0 0.018117355504670408 0.0 -0.2691800699498036 0.16689710972195776 -0.2566568998245233 0.07012483601762931 0.0 0.0 0.0 -0.10584443108419635 -0.09730280814974934 -0.012807176161187758 -0.01177363978611967 0.0 0.0 0.0 0.0 10.200000000000008 0.0 0.07 10.200000000000008 0.0 0.07 0.3 0.05 0.8 0.3 0.05 0.8 0.5 0.1 0.05
348 1.8632359504699707 0.0 0.0 0.0 0.0 0.0 0.0 0.02452284247370879 0.0 -0.270343983522998 0.16689710972195776 -0.2566568998245233 0.07012483601762931 0.0 0.0 0.0 -0.10584443108419635 -0.09730280814974934 -0.012807176161187758 -0.01177363978611967 0.0 0.0 0.0 0.0 10.200000000000008 0.0 0.07 10.200000000000008 0.0 0.07 0.3 0.05 0.8 0.3 0.05 0.8 0.5 0.1 0.05
349 1.8684306144714355 0.0 0.0 0.0 0.0 0.0 0.0 0.0302836106758852 -0.010124129947013345 -0.2714258264612834 0.16689710972195776 -0.2566568998245233 0.07012483601762931 0.0 0.0 0.0 -0.10584443108419635 -0.09730280814974934 -0.012807176161187758 -0.01177363978611967 0.0 0.0 0.0 0.0 10.200000000000008 0.0 0.07 10.200000000000008 0.0 0.07 0.3 0.05 0.8 0.3 0.05 0.8 0.5 0.1 0.05
350 1.8736371994018555 0.0 0.0 0.0 0.0 0.0 0.0 0.03565754780420895 -0.011520110306731873 -0.2724584270186234 0.16689710972195776 -0.2566568998245233 0.07012483601762931 0.0 0.0 0.0 -0.10584443108419635 -0.09730280814974934 -0.012807176161187758 -0.01177363978611967 0.0 0.0 0.0 0.0 10.200000000000008 0.0 0.07 10.200000000000008 0.0 0.07 0.3 0.05 0.8 0.3 0.05 0.8 0.5 0.1 0.05
351 1.8789706230163574 0.0 0.0 0.0 0.0 0.0 0.0 0.04079938628822109 -0.01297129108762265 -0.27346148214739613 0.16689710972195776 -0.2566568998245233 0.07012483601762931 0.0 0.0 0.0 -0.10584443108419635 -0.09730280814974934 -0.012807176161187758 -0.01177363978611967 0.0 0.0 0.0 0.0 10.200000000000008 0.0 0.07 10.200000000000008 0.0 0.07 0.3 0.05 0.8 0.3 0.05 0.8 0.5 0.1 0.05
352 1.8842356204986572 0.0 0.0 0.0 0.0 0.0 0.0 0.045725266328749306 -0.014378892864319806 -0.2743701122522476 0.16689710972195776 -0.2566568998245233 0.07012483601762931 0.0 0.0 0.0 -0.10584443108419635 -0.09730280814974934 -0.012807176161187758 -0.01177363978611967 0.0 0.0 0.0 0.0 10.200000000000008 0.0 0.07 10.200000000000008 0.0 0.07 0.3 0.05 0.8 0.3 0.05 0.8 0.5 0.1 0.05
353 1.889556884765625 0.0 0.0 0.0 0.0 0.0 0.0 0.05052157130318716 -0.01576034723850079 -0.2752987851095273 0.16689710972195776 -0.2566568998245233 0.07012483601762931 0.0 0.0 0.0 -0.10584443108419635 -0.09730280814974934 -0.012807176161187758 -0.01177363978611967 0.0 0.0 0.0 0.0 10.200000000000008 0.0 0.07 10.200000000000008 0.0 0.07 0.3 0.05 0.8 0.3 0.05 0.8 0.5 0.1 0.05
354 1.8948183059692383 0.0 0.0 0.0 0.0 0.0 0.0 0.055086733469234914 -0.017202812428069043 -0.27623948361826384 0.16689710972195776 -0.2566568998245233 0.07012483601762931 0.0 0.0 0.0 -0.10584443108419635 -0.09730280814974934 -0.012807176161187758 -0.01177363978611967 0.0 0.0 0.0 0.0 10.200000000000008 0.0 0.07 10.200000000000008 0.0 0.07 0.3 0.05 0.8 0.3 0.05 0.8 0.5 0.1 0.05
355 1.900146484375 0.0 0.0 0.0 0.0 0.0 0.0 0.057825830768863565 -0.018068291541809993 -0.27680390272350575 0.16689710972195776 -0.2566568998245233 0.07012483601762931 0.0 0.0 0.0 -0.10584443108419635 -0.09730280814974934 -0.012807176161187758 -0.01177363978611967 0.0 0.0 0.0 0.0 10.200000000000008 0.0 0.07 10.200000000000008 0.0 0.07 0.3 0.05 0.8 0.3 0.05 0.8 0.5 0.1 0.05
356 1.9053764343261719 0.0 0.0 0.0 0.0 0.0 0.0 0.06123336609680664 -0.01912447231821725 -0.27744935121423875 0.16689710972195776 -0.2566568998245233 0.07012483601762931 0.0 0.0 0.0 -0.10584443108419635 -0.09730280814974934 -0.012807176161187758 -0.01177363978611967 0.0 0.0 0.0 0.0 10.200000000000008 0.0 0.07 10.200000000000008 0.0 0.07 0.3 0.05 0.8 0.3 0.05 0.8 0.5 0.1 0.05
357 1.9107370376586914 0.0 0.0 0.0 0.0 0.0 0.0 0.06611575234817989 -0.020525170372799093 -0.27860360989741606 0.16689710972195776 -0.2566568998245233 0.07012483601762931 0.0 0.0 0.0 -0.10584443108419635 -0.09730280814974934 -0.012807176161187758 -0.01177363978611967 0.0 0.0 0.0 0.0 10.200000000000008 0.0 0.07 10.200000000000008 0.0 0.07 0.3 0.05 0.8 0.3 0.05 0.8 0.5 0.1 0.05
358 1.9159913063049316 0.0 0.0 0.0 0.0 0.0 0.0 0.07057916476659493 -0.021902482513710887 -0.27967966139180733 0.16689710972195776 -0.2566568998245233 0.07012483601762931 0.0 0.0 0.0 -0.10584443108419635 -0.09730280814974934 -0.012807176161187758 -0.01177363978611967 0.0 0.0 0.0 0.0 10.200000000000008 0.0 0.07 10.200000000000008 0.0 0.07 0.3 0.05 0.8 0.3 0.05 0.8 0.5 0.1 0.05
359 1.9212443828582764 0.0 0.0 0.0 0.0 0.0 0.0 0.07433099883396933 -0.02288226831205191 -0.28070878708281083 0.16689710972195776 -0.2566568998245233 0.07012483601762931 0.0 0.0 0.0 -0.10584443108419635 -0.09730280814974934 -0.012807176161187758 -0.01177363978611967 0.0 0.0 0.0 0.0 10.200000000000008 0.0 0.07 10.200000000000008 0.0 0.07 0.3 0.05 0.8 0.3 0.05 0.8 0.5 0.1 0.05
360 1.9264912605285645 0.0 0.0 0.0 0.0 0.0 0.0 0.07803938068508809 -0.024007033099219213 -0.2816330580348847 0.16689710972195776 -0.2566568998245233 0.07012483601762931 0.0 0.0 0.0 -0.10584443108419635 -0.09730280814974934 -0.012807176161187758 -0.01177363978611967 0.0 0.0 0.0 0.0 10.200000000000008 0.0 0.07 10.200000000000008 0.0 0.07 0.3 0.05 0.8 0.3 0.05 0.8 0.5 0.1 0.05
361 1.9318442344665527 0.0 0.0 0.0 0.0 0.0 0.0 0.08110810013150993 -0.024758591228416567 -0.28257111689061387 0.16689710972195776 -0.2566568998245233 0.07012483601762931 0.0 0.0 0.0 -0.10584443108419635 -0.09730280814974934 -0.012807176161187758 -0.01177363978611967 0.0 0.0 0.0 0.0 10.200000000000008 0.0 0.07 10.200000000000008 0.0 0.07 0.3 0.05 0.8 0.3 0.05 0.8 0.5 0.1 0.05
362 1.9371154308319092 0.0 0.0 0.0 0.0 0.0 0.0 0.0842532146962632 -0.025669720157200697 -0.2835174469984202 0.16689710972195776 -0.2566568998245233 0.07012483601762931 0.0 0.0 0.0 -0.10584443108419635 -0.09730280814974934 -0.012807176161187758 -0.01177363978611967 0.0 0.0 0.0 0.0 10.200000000000008 0.0 0.07 10.200000000000008 0.0 0.07 0.3 0.05 0.8 0.3 0.05 0.8 0.5 0.1 0.05
363 1.942457914352417 0.0 0.0 0.0 0.0 0.0 0.0 0.08614028343511518 -0.026216397514471176 -0.28408524506310395 0.16689710972195776 -0.2566568998245233 0.07012483601762931 0.0 0.0 0.0 -0.10584443108419635 -0.09730280814974934 -0.012807176161187758 -0.01177363978611967 0.0 0.0 0.0 0.0 10.200000000000008 0.0 0.07 10.200000000000008 0.0 0.07 0.3 0.05 0.8 0.3 0.05 0.8 0.5 0.1 0.05
364 1.947749376296997 0.0 0.0 0.0 0.0 0.0 0.0 0.08903660311670837 -0.027081297236996153 -0.2851929134906517 0.16689710972195776 -0.2566568998245233 0.07012483601762931 0.0 0.0 0.0 -0.10584443108419635 -0.09730280814974934 -0.012807176161187758 -0.01177363978611967 0.0 0.0 0.0 0.0 10.200000000000008 0.0 0.07 10.200000000000008 0.0 0.07 0.3 0.05 0.8 0.3 0.05 0.8 0.5 0.1 0.05
365 1.9530141353607178 0.0 0.0 0.0 0.0 0.0 0.0 0.09223167782647454 -0.027907032607982912 -0.28662450711615006 0.16689710972195776 -0.2566568998245233 0.07012483601762931 0.0 0.0 0.0 -0.10584443108419635 -0.09730280814974934 -0.012807176161187758 -0.01177363978611967 0.0 0.0 0.0 0.0 10.200000000000008 0.0 0.07 10.200000000000008 0.0 0.07 0.3 0.05 0.8 0.3 0.05 0.8 0.5 0.1 0.05
366 1.9583237171173096 0.0 0.0 0.0 0.0 0.0 0.0 0.09445551669968988 -0.028325776063794113 -0.2878669565957017 0.16689710972195776 -0.2566568998245233 0.07012483601762931 0.0 0.0 0.0 -0.10584443108419635 -0.09730280814974934 -0.012807176161187758 -0.01177363978611967 0.0 0.0 0.0 0.0 10.200000000000008 0.0 0.07 10.200000000000008 0.0 0.07 0.3 0.05 0.8 0.3 0.05 0.8 0.5 0.1 0.05
367 1.9635438919067383 0.0 0.0 0.0 0.0 0.0 0.0 0.09663351184948579 -0.028883817674752604 -0.2889192233110206 0.16689710972195776 -0.2566568998245233 0.07012483601762931 0.0 0.0 0.0 -0.10584443108419635 -0.09730280814974934 -0.012807176161187758 -0.01177363978611967 0.0 0.0 0.0 0.0 10.200000000000008 0.0 0.07 10.200000000000008 0.0 0.07 0.3 0.05 0.8 0.3 0.05 0.8 0.5 0.1 0.05
368 1.9687752723693848 0.0 0.0 0.0 0.0 0.0 0.0 0.09801700521602807 -0.028988544870636783 -0.2900107759013615 0.16689710972195776 -0.2566568998245233 0.07012483601762931 0.0 0.0 0.0 -0.10584443108419635 -0.09730280814974934 -0.012807176161187758 -0.01177363978611967 0.0 0.0 0.0 0.0 10.200000000000008 0.0 0.07 10.200000000000008 0.0 0.07 0.3 0.05 0.8 0.3 0.05 0.8 0.5 0.1 0.05
369 1.9739935398101807 0.0 0.0 0.0 0.0 0.0 0.0 0.09961409380492317 -0.029358178215755176 -0.2909725044831539 0.16689710972195776 -0.2566568998245233 0.07012483601762931 0.0 0.0 0.0 -0.10584443108419635 -0.09730280814974934 -0.012807176161187758 -0.01177363978611967 0.0 0.0 0.0 0.0 10.200000000000008 0.0 0.07 10.200000000000008 0.0 0.07 0.3 0.05 0.8 0.3 0.05 0.8 0.5 0.1 0.05
370 1.9791929721832275 0.0 0.0 0.0 0.0 0.0 0.0 0.10057234695826023 -0.029579958222826212 -0.29154954163222935 0.16689710972195776 -0.2566568998245233 0.07012483601762931 0.0 0.0 0.0 -0.10584443108419635 -0.09730280814974934 -0.012807176161187758 -0.01177363978611967 0.0 0.0 0.0 0.0 10.200000000000008 0.0 0.07 10.200000000000008 0.0 0.07 0.3 0.05 0.8 0.3 0.05 0.8 0.5 0.1 0.05
371 1.9845991134643555 0.0 0.0 0.0 0.0 0.0 0.0 0.10099390033646852 -0.029406229199480945 -0.2923559594630565 0.16689710972195776 -0.2566568998245233 0.07012483601762931 0.0 0.0 0.0 -0.10584443108419635 -0.09730280814974934 -0.012807176161187758 -0.01177363978611967 0.0 0.0 0.0 0.0 10.200000000000008 0.0 0.07 10.200000000000008 0.0 0.07 0.3 0.05 0.8 0.3 0.05 0.8 0.5 0.1 0.05
372 1.989863634109497 0.0 0.0 0.0 0.0 0.0 0.0 0.10163032864787835 -0.02922529401869293 -0.29360679975029025 0.16689710972195776 -0.2566568998245233 0.07012483601762931 0.0 0.0 0.0 -0.10584443108419635 -0.09730280814974934 -0.012807176161187758 -0.01177363978611967 0.0 0.0 0.0 0.0 10.200000000000008 0.0 0.07 10.200000000000008 0.0 0.07 0.3 0.05 0.8 0.3 0.05 0.8 0.5 0.1 0.05
373 1.995166301727295 0.0 0.0 0.0 0.0 0.0 0.0 0.10247237819587385 -0.029193430677000975 -0.29466410095021844 0.16689710972195776 -0.2566568998245233 0.07012483601762931 0.0 0.0 0.0 -0.10584443108419635 -0.09730280814974934 -0.012807176161187758 -0.01177363978611967 0.0 0.0 0.0 0.0 10.200000000000008 0.0 0.07 10.200000000000008 0.0 0.07 0.3 0.05 0.8 0.3 0.05 0.8 0.5 0.1 0.05
374 2.0004212856292725 0.0 0.0 0.0 0.0 0.0 0.0 0.10259411164018628 -0.02886751713451403 -0.29575867423132496 0.16689710972195776 -0.2566568998245233 0.07012483601762931 0.0 0.0 0.0 -0.10584443108419635 -0.09730280814974934 -0.012807176161187758 -0.01177363978611967 0.0 0.0 0.0 0.0 10.200000000000008 0.0 0.07 10.200000000000008 0.0 0.07 0.3 0.05 0.8 0.3 0.05 0.8 0.5 0.1 0.05
375 2.0063414573669434 0.0 0.0 0.0 0.0 0.0 0.0 0.1030506479912586 -0.028671969009021865 -0.2967222152275767 0.16689710972195776 -0.2566568998245233 0.07012483601762931 0.0 0.0 0.0 -0.10584443108419635 -0.09730280814974934 -0.012807176161187758 -0.01177363978611967 0.0 0.0 0.0 0.0 10.200000000000008 0.0 0.07 10.200000000000008 0.0 0.07 0.3 0.05 0.8 0.3 0.05 0.8 0.5 0.1 0.05
376 2.0117387771606445 0.0 0.0 0.0 0.0 0.0 0.0 0.10278767798385544 -0.028094446082460846 -0.2977605353667096 0.16689710972195776 -0.2566568998245233 0.07012483601762931 0.0 0.0 0.0 -0.10584443108419635 -0.09730280814974934 -0.012807176161187758 -0.01177363978611967 0.0 0.0 0.0 0.0 10.200000000000008 0.0 0.07 10.200000000000008 0.0 0.07 0.3 0.05 0.8 0.3 0.05 0.8 0.5 0.1 0.05
377 2.017021894454956 0.0 0.0 0.0 0.0 0.0 0.0 0.10293669002676917 -0.027747932326524234 -0.298690321497545 0.16689710972195776 -0.2566568998245233 0.07012483601762931 0.0 0.0 0.0 -0.10584443108419635 -0.09730280814974934 -0.012807176161187758 -0.01177363978611967 0.0 0.0 0.0 0.0 10.200000000000008 0.0 0.07 10.200000000000008 0.0 0.07 0.3 0.05 0.8 0.3 0.05 0.8 0.5 0.1 0.05
378 2.0222573280334473 0.0 0.0 0.0 0.0 0.0 0.0 0.1030260972525174 -0.02754002407296227 -0.29924819317604623 0.16689710972195776 -0.2566568998245233 0.07012483601762931 0.0 0.0 0.0 -0.10584443108419635 -0.09730280814974934 -0.012807176161187758 -0.01177363978611967 0.0 0.0 0.0 0.0 10.200000000000008 0.0 0.07 10.200000000000008 0.0 0.07 0.3 0.05 0.8 0.3 0.05 0.8 0.5 0.1 0.05
379 2.027470350265503 0.0 0.0 0.0 0.0 0.0 0.0 0.10269624828371374 -0.026724987298868456 -0.30042660502878143 0.16689710972195776 -0.2566568998245233 0.07012483601762931 0.0 0.0 0.0 -0.10584443108419635 -0.09730280814974934 -0.012807176161187758 -0.01177363978611967 0.0 0.0 0.0 0.0 10.200000000000008 0.0 0.07 10.200000000000008 0.0 0.07 0.3 0.05 0.8 0.3 0.05 0.8 0.5 0.1 0.05
380 2.032693386077881 0.0 0.0 0.0 0.0 0.0 0.0 0.10173134633346181 -0.025699071926249477 -0.3015171484249074 0.16689710972195776 -0.2566568998245233 0.07012483601762931 0.0 0.0 0.0 -0.10584443108419635 -0.09730280814974934 -0.012807176161187758 -0.01177363978611967 0.0 0.0 0.0 0.0 10.200000000000008 0.0 0.07 10.200000000000008 0.0 0.07 0.3 0.05 0.8 0.3 0.05 0.8 0.5 0.1 0.05
381 2.0380523204803467 0.0 0.0 0.0 0.0 0.0 0.0 0.1013058036771046 -0.024853426422103295 -0.30255497074706783 0.16689710972195776 -0.2566568998245233 0.07012483601762931 0.0 0.0 0.0 -0.10584443108419635 -0.09730280814974934 -0.012807176161187758 -0.01177363978611967 0.0 0.0 0.0 0.0 10.200000000000008 0.0 0.07 10.200000000000008 0.0 0.07 0.3 0.05 0.8 0.3 0.05 0.8 0.5 0.1 0.05
382 2.0434207916259766 0.0 0.0 0.0 0.0 0.0 0.0 0.10036018775144975 -0.023502348783865003 -0.3039446537291016 0.16689710972195776 -0.2566568998245233 0.07012483601762931 0.0 0.0 0.0 -0.10584443108419635 -0.09730280814974934 -0.012807176161187758 -0.01177363978611967 0.0 0.0 0.0 0.0 10.200000000000008 0.0 0.07 10.200000000000008 0.0 0.07 0.3 0.05 0.8 0.3 0.05 0.8 0.5 0.1 0.05
383 2.048741340637207 0.0 0.0 0.0 0.0 0.0 0.0 0.09894912935042238 -0.022001411869081514 -0.30516195980280675 0.16689710972195776 -0.2566568998245233 0.07012483601762931 0.0 0.0 0.0 -0.10584443108419635 -0.09730280814974934 -0.012807176161187758 -0.01177363978611967 0.0 0.0 0.0 0.0 10.200000000000008 0.0 0.07 10.200000000000008 0.0 0.07 0.3 0.05 0.8 0.3 0.05 0.8 0.5 0.1 0.05
384 2.0540359020233154 0.0 0.0 0.0 0.0 0.0 0.0 0.09810249430980597 -0.02079405269262353 -0.30627583675128245 0.16689710972195776 -0.2566568998245233 0.07012483601762931 0.0 0.0 0.0 -0.10584443108419635 -0.09730280814974934 -0.012807176161187758 -0.01177363978611967 0.0 0.0 0.0 0.0 10.200000000000008 0.0 0.07 10.200000000000008 0.0 0.07 0.3 0.05 0.8 0.3 0.05 0.8 0.5 0.1 0.05
385 2.059375524520874 0.0 0.0 0.0 0.0 0.0 0.0 0.09759451328543611 -0.02006963718674874 -0.30694416292036786 0.16689710972195776 -0.2566568998245233 0.07012483601762931 0.0 0.0 0.0 -0.10584443108419635 -0.09730280814974934 -0.012807176161187758 -0.01177363978611967 0.0 0.0 0.0 0.0 10.200000000000008 0.0 0.07 10.200000000000008 0.0 0.07 0.3 0.05 0.8 0.3 0.05 0.8 0.5 0.1 0.05
386 2.0646495819091797 0.0 0.0 0.0 0.0 0.0 0.0 0.09636933656828278 -0.01894469606126723 -0.30772865490630397 0.16689710972195776 -0.2566568998245233 0.07012483601762931 0.0 0.0 0.0 -0.10584443108419635 -0.09730280814974934 -0.012807176161187758 -0.01177363978611967 0.0 0.0 0.0 0.0 10.200000000000008 0.0 0.07 10.200000000000008 0.0 0.07 0.3 0.05 0.8 0.3 0.05 0.8 0.5 0.1 0.05
387 2.0699241161346436 0.0 0.0 0.0 0.0 0.0 0.0 0.09479053871212406 -0.017119247002872096 -0.30896633968660314 0.16689710972195776 -0.2566568998245233 0.07012483601762931 0.0 0.0 0.0 -0.10584443108419635 -0.09730280814974934 -0.012807176161187758 -0.01177363978611967 0.0 0.0 0.0 0.0 10.200000000000008 0.0 0.07 10.200000000000008 0.0 0.07 0.3 0.05 0.8 0.3 0.05 0.8 0.5 0.1 0.05
388 2.075181007385254 0.0 0.0 0.0 0.0 0.0 0.0 0.09376656074153186 -0.015563782026453176 -0.3100924468392675 0.16689710972195776 -0.2566568998245233 0.07012483601762931 0.0 0.0 0.0 -0.10584443108419635 -0.09730280814974934 -0.012807176161187758 -0.01177363978611967 0.0 0.0 0.0 0.0 10.200000000000008 0.0 0.07 10.200000000000008 0.0 0.07 0.3 0.05 0.8 0.3 0.05 0.8 0.5 0.1 0.05
389 2.0804407596588135 0.0 0.0 0.0 0.0 0.0 0.0 0.09230848511354209 -0.013863513451864337 -0.3111516044351187 0.16689710972195776 -0.2566568998245233 0.07012483601762931 0.0 0.0 0.0 -0.10584443108419635 -0.09730280814974934 -0.012807176161187758 -0.01177363978611967 0.0 0.0 0.0 0.0 10.200000000000008 0.0 0.07 10.200000000000008 0.0 0.07 0.3 0.05 0.8 0.3 0.05 0.8 0.5 0.1 0.05
390 2.085707187652588 0.0 0.0 0.0 0.0 0.0 0.0 0.09135694047985125 -0.012306458998948343 -0.3121705952771143 0.16689710972195776 -0.2566568998245233 0.07012483601762931 0.0 0.0 0.0 -0.10584443108419635 -0.09730280814974934 -0.012807176161187758 -0.01177363978611967 0.0 0.0 0.0 0.0 10.200000000000008 0.0 0.07 10.200000000000008 0.0 0.07 0.3 0.05 0.8 0.3 0.05 0.8 0.5 0.1 0.05
391 2.091071128845215 0.0 0.0 0.0 0.0 0.0 0.0 0.08994232485400229 -0.01060523524834514 -0.3131654860667965 0.16689710972195776 -0.2566568998245233 0.07012483601762931 0.0 0.0 0.0 -0.10584443108419635 -0.09730280814974934 -0.012807176161187758 -0.01177363978611967 0.0 0.0 0.0 0.0 10.200000000000008 0.0 0.07 10.200000000000008 0.0 0.07 0.3 0.05 0.8 0.3 0.05 0.8 0.5 0.1 0.05
392 2.09637713432312 0.0 0.0 0.0 0.0 0.0 0.0 0.08901685622159594 -0.008970909923039679 -0.31414591384485846 0.16689710972195776 -0.2566568998245233 0.07012483601762931 0.0 0.0 0.0 -0.10584443108419635 -0.09730280814974934 -0.012807176161187758 -0.01177363978611967 0.0 0.0 0.0 0.0 10.200000000000008 0.0 0.07 10.200000000000008 0.0 0.07 0.3 0.05 0.8 0.3 0.05 0.8 0.5 0.1 0.05
393 2.1016950607299805 0.0 0.0 0.0 0.0 0.0 0.0 0.08846157504215213 0.0 -0.31473417051169567 0.16689710972195776 -0.2566568998245233 0.07012483601762931 0.0 0.0 0.0 -0.10584443108419635 -0.09730280814974934 -0.012807176161187758 -0.01177363978611967 0.0 0.0 0.0 0.0 10.200000000000008 0.0 0.07 10.200000000000008 0.0 0.07 0.3 0.05 0.8 0.3 0.05 0.8 0.5 0.1 0.05
394 2.1069819927215576 0.0 0.0 0.0 0.0 0.0 0.0 0.08720801823195441 0.0 -0.3158541170807677 0.16689710972195776 -0.2566568998245233 0.07012483601762931 0.0 0.0 0.0 -0.10584443108419635 -0.09730280814974934 -0.012807176161187758 -0.01177363978611967 0.0 0.0 0.0 0.0 10.200000000000008 0.0 0.07 10.200000000000008 0.0 0.07 0.3 0.05 0.8 0.3 0.05 0.8 0.5 0.1 0.05
395 2.112447738647461 0.0 0.0 0.0 0.0 0.0 0.0 0.08561219530020132 0.0 -0.3169095783264636 0.16689710972195776 -0.2566568998245233 0.07012483601762931 0.0 0.0 0.0 -0.10584443108419635 -0.09730280814974934 -0.012807176161187758 -0.01177363978611967 0.0 0.0 0.0 0.0 10.200000000000008 0.0 0.07 10.200000000000008 0.0 0.07 0.3 0.05 0.8 0.3 0.05 0.8 0.5 0.1 0.05
396 2.1178102493286133 0.0 0.0 0.0 0.0 0.0 0.0 0.08450130302735552 0.0 -0.317926351358366 0.16689710972195776 -0.2566568998245233 0.07012483601762931 0.0 0.0 0.0 -0.10584443108419635 -0.09730280814974934 -0.012807176161187758 -0.01177363978611967 0.0 0.0 0.0 0.0 10.200000000000008 0.0 0.07 10.200000000000008 0.0 0.07 0.3 0.05 0.8 0.3 0.05 0.8 0.5 0.1 0.05
397 2.1230733394622803 0.0 0.0 0.0 0.0 0.0 0.0 0.08299107881801357 0.0 -0.31930340476624486 0.16689710972195776 -0.2566568998245233 0.07012483601762931 0.0 0.0 0.0 -0.10584443108419635 -0.09730280814974934 -0.012807176161187758 -0.01177363978611967 0.0 0.0 0.0 0.0 10.200000000000008 0.0 0.07 10.200000000000008 0.0 0.07 0.3 0.05 0.8 0.3 0.05 0.8 0.5 0.1 0.05
398 2.128319263458252 0.0 0.0 0.0 0.0 0.0 0.0 0.0813179532135548 0.0 -0.32051313309545704 0.16689710972195776 -0.2566568998245233 0.07012483601762931 0.0 0.0 0.0 -0.10584443108419635 -0.09730280814974934 -0.012807176161187758 -0.01177363978611967 0.0 0.0 0.0 0.0 10.200000000000008 0.0 0.07 10.200000000000008 0.0 0.07 0.3 0.05 0.8 0.3 0.05 0.8 0.5 0.1 0.05
399 2.1335489749908447 0.0 0.0 0.0 0.0 0.0 0.0 0.08008398008018862 0.0 -0.321622463397237 0.16689710972195776 -0.2566568998245233 0.07012483601762931 0.0 0.0 0.0 -0.10584443108419635 -0.09730280814974934 -0.012807176161187758 -0.01177363978611967 0.0 0.0 0.0 0.0 10.200000000000008 0.0 0.07 10.200000000000008 0.0 0.07 0.3 0.05 0.8 0.3 0.05 0.8 0.5 0.1 0.05
400 2.138819456100464 0.0 0.0 0.0 0.0 0.0 0.0 0.07934359620016891 0.0 -0.322288061578305 0.16689710972195776 -0.2566568998245233 0.07012483601762931 0.0 0.0 0.0 -0.10584443108419635 -0.09730280814974934 -0.012807176161187758 -0.01177363978611967 0.0 0.0 0.0 0.0 10.200000000000008 0.0 0.07 10.200000000000008 0.0 0.07 0.3 0.05 0.8 0.3 0.05 0.8 0.5 0.1 0.05
401 2.1441617012023926 0.0 0.0 0.0 0.0 0.0 0.0 0.07820907554031657 0.0 -0.3231476160283276 0.16689710972195776 -0.2566568998245233 0.07012483601762931 0.0 0.0 0.0 -0.10584443108419635 -0.09730280814974934 -0.012807176161187758 -0.01177363978611967 0.0 0.0 0.0 0.0 10.200000000000008 0.0 0.07 10.200000000000008 0.0 0.07 0.3 0.05 0.8 0.3 0.05 0.8 0.5 0.1 0.05
402 2.1494626998901367 0.0 0.0 0.0 0.0 0.0 0.0 0.07660797355175761 0.010434463054669135 -0.3244303382870787 0.16689710972195776 -0.2566568998245233 0.07012483601762931 0.0 0.0 0.0 -0.10584443108419635 -0.09730280814974934 -0.012807176161187758 -0.01177363978611967 0.0 0.0 0.0 0.0 10.200000000000008 0.0 0.07 10.200000000000008 0.0 0.07 0.3 0.05 0.8 0.3 0.05 0.8 0.5 0.1 0.05
403 2.1547632217407227 0.0 0.0 0.0 0.0 0.0 0.0 0.07541721607804744 0.012703397530753752 -0.32558346792681414 0.16689710972195776 -0.2566568998245233 0.07012483601762931 0.0 0.0 0.0 -0.10584443108419635 -0.09730280814974934 -0.012807176161187758 -0.01177363978611967 0.0 0.0 0.0 0.0 10.200000000000008 0.0 0.07 10.200000000000008 0.0 0.07 0.3 0.05 0.8 0.3 0.05 0.8 0.5 0.1 0.05
404 2.1600301265716553 0.0 0.0 0.0 0.0 0.0 0.0 0.07401246977186471 0.01483174780514201 -0.3266588419951403 0.16689710972195776 -0.2566568998245233 0.07012483601762931 0.0 0.0 0.0 -0.10584443108419635 -0.09730280814974934 -0.012807176161187758 -0.01177363978611967 0.0 0.0 0.0 0.0 10.200000000000008 0.0 0.07 10.200000000000008 0.0 0.07 0.3 0.05 0.8 0.3 0.05 0.8 0.5 0.1 0.05
405 2.165330648422241 0.0 0.0 0.0 0.0 0.0 0.0 0.07293952570758026 0.01679904830161548 -0.3276875597403886 0.16689710972195776 -0.2566568998245233 0.07012483601762931 0.0 0.0 0.0 -0.10584443108419635 -0.09730280814974934 -0.012807176161187758 -0.01177363978611967 0.0 0.0 0.0 0.0 10.200000000000008 0.0 0.07 10.200000000000008 0.0 0.07 0.3 0.05 0.8 0.3 0.05 0.8 0.5 0.1 0.05
406 2.170578956604004 0.0 0.0 0.0 0.0 0.0 0.0 0.07160546744705296 0.018746421168469286 -0.32868828667202243 0.16689710972195776 -0.2566568998245233 0.07012483601762931 0.0 0.0 0.0 -0.10584443108419635 -0.09730280814974934 -0.012807176161187758 -0.01177363978611967 0.0 0.0 0.0 0.0 10.200000000000008 0.0 0.07 10.200000000000008 0.0 0.07 0.3 0.05 0.8 0.3 0.05 0.8 0.5 0.1 0.05
407 2.1758134365081787 0.0 0.0 0.0 0.0 0.0 0.0 0.07049823546314869 0.020681834477319062 -0.3296722191154876 0.16689710972195776 -0.2566568998245233 0.07012483601762931 0.0 0.0 0.0 -0.10584443108419635 -0.09730280814974934 -0.012807176161187758 -0.01177363978611967 0.0 0.0 0.0 0.0 10.200000000000008 0.0 0.07 10.200000000000008 0.0 0.07 0.3 0.05 0.8 0.3 0.05 0.8 0.5 0.1 0.05
408 2.1810615062713623 0.0 0.0 0.0 0.0 0.0 0.0 0.06983389627280613 0.021843082462628928 -0.3302625785815667 0.16689710972195776 -0.2566568998245233 0.07012483601762931 0.0 0.0 0.0 -0.10584443108419635 -0.09730280814974934 -0.012807176161187758 -0.01177363978611967 0.0 0.0 0.0 0.0 10.200000000000008 0.0 0.07 10.200000000000008 0.0 0.07 0.3 0.05 0.8 0.3 0.05 0.8 0.5 0.1 0.05
409 2.1862809658050537 0.0 0.0 0.0 0.0 0.0 0.0 0.06843820539917218 0.023920414897728115 -0.3313837838499517 0.16689710972195776 -0.2566568998245233 0.07012483601762931 0.0 0.0 0.0 -0.10584443108419635 -0.09730280814974934 -0.012807176161187758 -0.01177363978611967 0.0 0.0 0.0 0.0 10.200000000000008 0.0 0.07 10.200000000000008 0.0 0.07 0.3 0.05 0.8 0.3 0.05 0.8 0.5 0.1 0.05
410 2.1924006938934326 0.0 0.0 0.0 0.0 0.0 0.0 0.0669105005431513 0.02585710469062814 -0.33244000031523535 0.16689710972195776 -0.2566568998245233 0.07012483601762931 0.0 0.0 0.0 -0.10584443108419635 -0.09730280814974934 -0.012807176161187758 -0.01177363978611967 0.0 0.0 0.0 0.0 10.200000000000008 0.0 0.07 10.200000000000008 0.0 0.07 0.3 0.05 0.8 0.3 0.05 0.8 0.5 0.1 0.05
411 2.1980443000793457 0.0 0.0 0.0 0.0 0.0 0.0 0.06561038134505391 0.027709408898208672 -0.33345722647889037 0.16689710972195776 -0.2566568998245233 0.07012483601762931 0.0 0.0 0.0 -0.10584443108419635 -0.09730280814974934 -0.012807176161187758 -0.01177363978611967 0.0 0.0 0.0 0.0 10.200000000000008 0.0 0.07 10.200000000000008 0.0 0.07 0.3 0.05 0.8 0.3 0.05 0.8 0.5 0.1 0.05
412 2.203557252883911 0.0 0.0 0.0 0.0 0.0 0.0 0.06360312618619228 0.03004797655287631 -0.3348345517658209 0.16689710972195776 -0.2566568998245233 0.07012483601762931 0.0 0.0 0.0 -0.10584443108419635 -0.09730280814974934 -0.012807176161187758 -0.01177363978611967 0.0 0.0 0.0 0.0 10.200000000000008 0.0 0.07 10.200000000000008 0.0 0.07 0.3 0.05 0.8 0.3 0.05 0.8 0.5 0.1 0.05
413 2.2089755535125732 0.0 0.0 0.0 0.0 0.0 0.0 0.06170848126891866 0.03206471120085268 -0.336044443222464 0.16689710972195776 -0.2566568998245233 0.07012483601762931 0.0 0.0 0.0 -0.10584443108419635 -0.09730280814974934 -0.012807176161187758 -0.01177363978611967 0.0 0.0 0.0 0.0 10.200000000000008 0.0 0.07 10.200000000000008 0.0 0.07 0.3 0.05 0.8 0.3 0.05 0.8 0.5 0.1 0.05
414 2.2144434452056885 0.0 0.0 0.0 0.0 0.0 0.0 0.05995810175349483 0.03388834306458204 -0.3370771751240378 0.16689710972195776 -0.2566568998245233 0.07012483601762931 0.0 0.0 0.0 -0.10584443108419635 -0.09730280814974934 -0.012807176161187758 -0.01177363978611967 0.0 0.0 0.0 0.0 10.200000000000008 0.0 0.07 10.200000000000008 0.0 0.07 0.3 0.05 0.8 0.3 0.05 0.8 0.5 0.1 0.05
415 2.2199745178222656 0.0 0.0 0.0 0.0 0.0 0.0 0.05890787404424053 0.03498252218281966 -0.3376968142649821 0.16689710972195776 -0.2566568998245233 0.07012483601762931 0.0 0.0 0.0 -0.10584443108419635 -0.09730280814974934 -0.012807176161187758 -0.01177363978611967 0.0 0.0 0.0 0.0 10.200000000000008 0.0 0.07 10.200000000000008 0.0 0.07 0.3 0.05 0.8 0.3 0.05 0.8 0.5 0.1 0.05
416 2.2254445552825928 0.0 0.0 0.0 0.0 0.0 0.0 0.057587446341789375 0.0361759214718088 -0.33845209105380125 0.16689710972195776 -0.2566568998245233 0.07012483601762931 0.0 0.0 0.0 -0.10584443108419635 -0.09730280814974934 -0.012807176161187758 -0.01177363978611967 0.0 0.0 0.0 0.0 10.200000000000008 0.0 0.07 10.200000000000008 0.0 0.07 0.3 0.05 0.8 0.3 0.05 0.8 0.5 0.1 0.05
417 2.230956554412842 0.0 0.0 0.0 0.0 0.0 0.0 0.055261209052727585 0.03796574766152766 -0.33967224969606247 0.16689710972195776 -0.2566568998245233 0.07012483601762931 0.0 0.0 0.0 -0.10584443108419635 -0.09730280814974934 -0.012807176161187758 -0.01177363978611967 0.0 0.0 0.0 0.0 10.200000000000008 0.0 0.07 10.200000000000008 0.0 0.07 0.3 0.05 0.8 0.3 0.05 0.8 0.5 0.1 0.05
418 2.2364561557769775 0.0 0.0 0.0 0.0 0.0 0.0 0.053175174857333876 0.03949983891674082 -0.3407878381856718 0.16689710972195776 -0.2566568998245233 0.07012483601762931 0.0 0.0 0.0 -0.10584443108419635 -0.09730280814974934 -0.012807176161187758 -0.01177363978611967 0.0 0.0 0.0 0.0 10.200000000000008 0.0 0.07 10.200000000000008 0.0 0.07 0.3 0.05 0.8 0.3 0.05 0.8 0.5 0.1 0.05
419 2.241987943649292 0.0 0.0 0.0 0.0 0.0 0.0 0.05100316623756622 0.04088048921125055 -0.34176398830702537 0.16689710972195776 -0.2566568998245233 0.07012483601762931 0.0 0.0 0.0 -0.10584443108419635 -0.09730280814974934 -0.012807176161187758 -0.01177363978611967 0.0 0.0 0.0 0.0 10.200000000000008 0.0 0.07 10.200000000000008 0.0 0.07 0.3 0.05 0.8 0.3 0.05 0.8 0.5 0.1 0.05
420 2.2475714683532715 0.0 0.0 0.0 0.0 0.0 0.0 0.048856271475013105 0.042169071949105984 -0.34273317466432235 0.16689710972195776 -0.2566568998245233 0.07012483601762931 0.0 0.0 0.0 -0.10584443108419635 -0.09730280814974934 -0.012807176161187758 -0.01177363978611967 0.0 0.0 0.0 0.0 10.200000000000008 0.0 0.07 10.200000000000008 0.0 0.07 0.3 0.05 0.8 0.3 0.05 0.8 0.5 0.1 0.05
421 2.253417491912842 0.0 0.0 0.0 0.0 0.0 0.0 0.04572735766736031 0.043709211180556734 -0.34400497681054104 0.16689710972195776 -0.2566568998245233 0.07012483601762931 0.0 0.0 0.0 -0.10584443108419635 -0.09730280814974934 -0.012807176161187758 -0.01177363978611967 0.0 0.0 0.0 0.0 10.200000000000008 0.0 0.07 10.200000000000008 0.0 0.07 0.3 0.05 0.8 0.3 0.05 0.8 0.5 0.1 0.05
422 2.2588720321655273 0.0 0.0 0.0 0.0 0.0 0.0 0.04385000938276863 0.04463329471942718 -0.34476805809827227 0.16689710972195776 -0.2566568998245233 0.07012483601762931 0.0 0.0 0.0 -0.10584443108419635 -0.09730280814974934 -0.012807176161187758 -0.01177363978611967 0.0 0.0 0.0 0.0 10.200000000000008 0.0 0.07 10.200000000000008 0.0 0.07 0.3 0.05 0.8 0.3 0.05 0.8 0.5 0.1 0.05
423 2.2644290924072266 0.0 0.0 0.0 0.0 0.0 0.0 0.04072942532062779 0.04587803815482221 -0.3459928964596485 0.16689710972195776 -0.2566568998245233 0.07012483601762931 0.0 0.0 0.0 -0.10584443108419635 -0.09730280814974934 -0.012807176161187758 -0.01177363978611967 0.0 0.0 0.0 0.0 10.200000000000008 0.0 0.07 10.200000000000008 0.0 0.07 0.3 0.05 0.8 0.3 0.05 0.8 0.5 0.1 0.05
424 2.2700376510620117 0.0 0.0 0.0 0.0 0.0 0.0 0.03770658919638544 0.046931681243647105 -0.3470345965040621 0.16689710972195776 -0.2566568998245233 0.07012483601762931 0.0 0.0 0.0 -0.10584443108419635 -0.09730280814974934 -0.012807176161187758 -0.01177363978611967 0.0 0.0 0.0 0.0 10.200000000000008 0.0 0.07 10.200000000000008 0.0 0.07 0.3 0.05 0.8 0.3 0.05 0.8 0.5 0.1 0.05
425 2.2754571437835693 0.0 0.0 0.0 0.0 0.0 0.0 0.034819100905514655 0.0478706611442977 -0.3480431098349629 0.16689710972195776 -0.2566568998245233 0.07012483601762931 0.0 0.0 0.0 -0.10584443108419635 -0.09730280814974934 -0.012807176161187758 -0.01177363978611967 0.0 0.0 0.0 0.0 10.200000000000008 0.0 0.07 10.200000000000008 0.0 0.07 0.3 0.05 0.8 0.3 0.05 0.8 0.5 0.1 0.05
426 2.2809274196624756 0.0 0.0 0.0 0.0 0.0 0.0 0.031936122337166604 0.048664146855378974 -0.3490317141179883 0.16689710972195776 -0.2566568998245233 0.07012483601762931 0.0 0.0 0.0 -0.10584443108419635 -0.09730280814974934 -0.012807176161187758 -0.01177363978611967 0.0 0.0 0.0 0.0 10.200000000000008 0.0 0.07 10.200000000000008 0.0 0.07 0.3 0.05 0.8 0.3 0.05 0.8 0.5 0.1 0.05
427 2.286526918411255 0.0 0.0 0.0 0.0 0.0 0.0 0.029055849602332196 0.04937033605271866 -0.34993167371539136 0.16689710972195776 -0.2566568998245233 0.07012483601762931 0.0 0.0 0.0 -0.10584443108419635 -0.09730280814974934 -0.012807176161187758 -0.01177363978611967 0.0 0.0 0.0 0.0 10.200000000000008 0.0 0.07 10.200000000000008 0.0 0.07 0.3 0.05 0.8 0.3 0.05 0.8 0.5 0.1 0.05
428 2.292141914367676 0.0 0.0 0.0 0.0 0.0 0.0 0.02610050120384126 0.04994744808491641 -0.35085514575831805 0.16689710972195776 -0.2566568998245233 0.07012483601762931 0.0 0.0 0.0 -0.10584443108419635 -0.09730280814974934 -0.012807176161187758 -0.01177363978611967 0.0 0.0 0.0 0.0 10.200000000000008 0.0 0.07 10.200000000000008 0.0 0.07 0.3 0.05 0.8 0.3 0.05 0.8 0.5 0.1 0.05
429 2.298100471496582 0.0 0.0 0.0 0.0 0.0 0.0 0.023100107407156404 0.05044711083779677 -0.35171602601166196 0.16689710972195776 -0.2566568998245233 0.07012483601762931 0.0 0.0 0.0 -0.10584443108419635 -0.09730280814974934 -0.012807176161187758 -0.01177363978611967 0.0 0.0 0.0 0.0 10.200000000000008 0.0 0.07 10.200000000000008 0.0 0.07 0.3 0.05 0.8 0.3 0.05 0.8 0.5 0.1 0.05
430 2.303602695465088 0.0 0.0 0.0 0.0 0.0 0.0 0.021299871129145487 0.05074690848952498 -0.35223255416366833 0.16689710972195776 -0.2566568998245233 0.07012483601762931 0.0 0.0 0.0 -0.10584443108419635 -0.09730280814974934 -0.012807176161187758 -0.01177363978611967 0.0 0.0 0.0 0.0 10.200000000000008 0.0 0.07 10.200000000000008 0.0 0.07 0.3 0.05 0.8 0.3 0.05 0.8 0.5 0.1 0.05
431 2.3094072341918945 0.0 0.0 0.0 0.0 0.0 0.0 0.016231379552096286 0.05123358410814981 -0.35353955543406834 0.16689710972195776 -0.2566568998245233 0.07012483601762931 0.0 0.0 0.0 -0.10584443108419635 -0.09730280814974934 -0.012807176161187758 -0.01177363978611967 0.0 0.0 0.0 0.0 10.200000000000008 0.0 0.07 10.200000000000008 0.0 0.07 0.3 0.05 0.8 0.3 0.05 0.8 0.5 0.1 0.05
432 2.3149116039276123 0.0 0.0 0.0 0.0 0.0 0.0 0.011809701707011556 0.05160228873622168 -0.35470725248079316 0.16689710972195776 -0.2566568998245233 0.07012483601762931 0.0 0.0 0.0 -0.10584443108419635 -0.09730280814974934 -0.012807176161187758 -0.01177363978611967 0.0 0.0 0.0 0.0 10.200000000000008 0.0 0.07 10.200000000000008 0.0 0.07 0.3 0.05 0.8 0.3 0.05 0.8 0.5 0.1 0.05
433 2.3205502033233643 0.0 0.0 0.0 0.0 0.0 0.0 0.0 0.051823511513064795 -0.35571466773641597 0.16689710972195776 -0.2566568998245233 0.07012483601762931 0.0 0.0 0.0 -0.10584443108419635 -0.09730280814974934 -0.012807176161187758 -0.01177363978611967 0.0 0.0 0.0 0.0 10.200000000000008 0.0 0.07 10.200000000000008 0.0 0.07 0.3 0.05 0.8 0.3 0.05 0.8 0.5 0.1 0.05
434 2.3262319564819336 0.0 0.0 0.0 0.0 0.0 0.0 0.0 0.05195624517917066 -0.3566259139173775 0.16689710972195776 -0.2566568998245233 0.07012483601762931 0.0 0.0 0.0 -0.10584443108419635 -0.09730280814974934 -0.012807176161187758 -0.01177363978611967 0.0 0.0 0.0 0.0 10.200000000000008 0.0 0.07 10.200000000000008 0.0 0.07 0.3 0.05 0.8 0.3 0.05 0.8 0.5 0.1 0.05
435 2.3319218158721924 0.0 0.0 0.0 0.0 0.0 0.0 0.0 0.051959186121937215 -0.3575561579104393 0.16689710972195776 -0.2566568998245233 0.07012483601762931 0.0 0.0 0.0 -0.10584443108419635 -0.09730280814974934 -0.012807176161187758 -0.01177363978611967 0.0 0.0 0.0 0.0 10.200000000000008 0.0 0.07 10.200000000000008 0.0 0.07 0.3 0.05 0.8 0.3 0.05 0.8 0.5 0.1 0.05
436 2.3390378952026367 0.0 0.0 0.0 0.0 0.0 0.0 0.0 0.051960950687597145 -0.35842109537339983 0.16689710972195776 -0.2566568998245233 0.07012483601762931 0.0 0.0 0.0 -0.10584443108419635 -0.09730280814974934 -0.012807176161187758 -0.01177363978611967 0.0 0.0 0.0 0.0 10.200000000000008 0.0 0.07 10.200000000000008 0.0 0.07 0.3 0.05 0.8 0.3 0.05 0.8 0.5 0.1 0.05
437 2.344845771789551 0.0 0.0 0.0 0.0 0.0 0.0 0.0 0.05180861091319916 -0.3595536519063519 0.16689710972195776 -0.2566568998245233 0.07012483601762931 0.0 0.0 0.0 -0.10584443108419635 -0.09730280814974934 -0.012807176161187758 -0.01177363978611967 0.0 0.0 0.0 0.0 10.200000000000008 0.0 0.07 10.200000000000008 0.0 0.07 0.3 0.05 0.8 0.3 0.05 0.8 0.5 0.1 0.05
438 2.3507022857666016 0.0 0.0 0.0 0.0 0.0 0.0 -0.01291281805699173 0.05156380853476642 -0.360539982853711 0.16689710972195776 -0.2566568998245233 0.07012483601762931 0.0 0.0 0.0 -0.10584443108419635 -0.09730280814974934 -0.012807176161187758 -0.01177363978611967 0.0 0.0 0.0 0.0 10.200000000000008 0.0 0.07 10.200000000000008 0.0 0.07 0.3 0.05 0.8 0.3 0.05 0.8 0.5 0.1 0.05
439 2.35644793510437 0.0 0.0 0.0 0.0 0.0 0.0 -0.017104974098593614 0.05134023083104204 -0.3615152777066114 0.16689710972195776 -0.2566568998245233 0.07012483601762931 0.0 0.0 0.0 -0.10584443108419635 -0.09730280814974934 -0.012807176161187758 -0.01177363978611967 0.0 0.0 0.0 0.0 10.200000000000008 0.0 0.07 10.200000000000008 0.0 0.07 0.3 0.05 0.8 0.3 0.05 0.8 0.5 0.1 0.05
440 2.3620474338531494 0.0 0.0 0.0 0.0 0.0 0.0 -0.021000849877351895 0.051052685695013464 -0.3624072516459395 0.16689710972195776 -0.2566568998245233 0.07012483601762931 0.0 0.0 0.0 -0.10584443108419635 -0.09730280814974934 -0.012807176161187758 -0.01177363978611967 0.0 0.0 0.0 0.0 10.200000000000008 0.0 0.07 10.200000000000008 0.0 0.07 0.3 0.05 0.8 0.3 0.05 0.8 0.5 0.1 0.05
441 2.36784029006958 0.0 0.0 0.0 0.0 0.0 0.0 -0.024872356012197956 0.05080345935649935 -0.36324922707665974 0.16689710972195776 -0.2566568998245233 0.07012483601762931 0.0 0.0 0.0 -0.10584443108419635 -0.09730280814974934 -0.012807176161187758 -0.01177363978611967 0.0 0.0 0.0 0.0 10.200000000000008 0.0 0.07 10.200000000000008 0.0 0.07 0.3 0.05 0.8 0.3 0.05 0.8 0.5 0.1 0.05
442 2.3733301162719727 0.0 0.0 0.0 0.0 0.0 0.0 -0.028422444823224917 0.050423825782699966 -0.3640612093626798 0.16689710972195776 -0.2566568998245233 0.07012483601762931 0.0 0.0 0.0 -0.10584443108419635 -0.09730280814974934 -0.012807176161187758 -0.01177363978611967 0.0 0.0 0.0 0.0 10.200000000000008 0.0 0.07 10.200000000000008 0.0 0.07 0.3 0.05 0.8 0.3 0.05 0.8 0.5 0.1 0.05
443 2.3790225982666016 0.0 0.0 0.0 0.0 0.0 0.0 -0.03208648026754831 0.050119346381523364 -0.3649318950187767 0.16689710972195776 -0.2566568998245233 0.07012483601762931 0.0 0.0 0.0 -0.10584443108419635 -0.09730280814974934 -0.012807176161187758 -0.01177363978611967 0.0 0.0 0.0 0.0 10.200000000000008 0.0 0.07 10.200000000000008 0.0 0.07 0.3 0.05 0.8 0.3 0.05 0.8 0.5 0.1 0.05
444 2.3846452236175537 0.0 0.0 0.0 0.0 0.0 0.0 -0.03551208368402943 0.04970656097012648 -0.3657611034400228 0.16689710972195776 -0.2566568998245233 0.07012483601762931 0.0 0.0 0.0 -0.10584443108419635 -0.09730280814974934 -0.012807176161187758 -0.01177363978611967 0.0 0.0 0.0 0.0 10.200000000000008 0.0 0.07 10.200000000000008 0.0 0.07 0.3 0.05 0.8 0.3 0.05 0.8 0.5 0.1 0.05
445 2.3902387619018555 0.0 0.0 0.0 0.0 0.0 0.0 -0.04025191376484767 0.04907539641903573 -0.36687222254794616 0.16689710972195776 -0.2566568998245233 0.07012483601762931 0.0 0.0 0.0 -0.10584443108419635 -0.09730280814974934 -0.012807176161187758 -0.01177363978611967 0.0 0.0 0.0 0.0 10.200000000000008 0.0 0.07 10.200000000000008 0.0 0.07 0.3 0.05 0.8 0.3 0.05 0.8 0.5 0.1 0.05
446 2.3957536220550537 0.0 0.0 0.0 0.0 0.0 0.0 -0.04455309471414885 0.048619998431484304 -0.3678456910402881 0.16689710972195776 -0.2566568998245233 0.07012483601762931 0.0 0.0 0.0 -0.10584443108419635 -0.09730280814974934 -0.012807176161187758 -0.01177363978611967 0.0 0.0 0.0 0.0 10.200000000000008 0.0 0.07 10.200000000000008 0.0 0.07 0.3 0.05 0.8 0.3 0.05 0.8 0.5 0.1 0.05
447 2.401170492172241 0.0 0.0 0.0 0.0 0.0 0.0 -0.04813089064315797 0.04803996261136556 -0.36873656320281667 0.16689710972195776 -0.2566568998245233 0.07012483601762931 0.0 0.0 0.0 -0.10584443108419635 -0.09730280814974934 -0.012807176161187758 -0.01177363978611967 0.0 0.0 0.0 0.0 10.200000000000008 0.0 0.07 10.200000000000008 0.0 0.07 0.3 0.05 0.8 0.3 0.05 0.8 0.5 0.1 0.05
448 2.4067766666412354 0.0 0.0 0.0 0.0 0.0 0.0 -0.05173484812114144 0.04761524186239734 -0.36965458278481866 0.16689710972195776 -0.2566568998245233 0.07012483601762931 0.0 0.0 0.0 -0.10584443108419635 -0.09730280814974934 -0.012807176161187758 -0.01177363978611967 0.0 0.0 0.0 0.0 10.200000000000008 0.0 0.07 10.200000000000008 0.0 0.07 0.3 0.05 0.8 0.3 0.05 0.8 0.5 0.1 0.05
449 2.412381887435913 0.0 0.0 0.0 0.0 0.0 0.0 -0.054817610710462955 0.047130311642325486 -0.37051219156160775 0.16689710972195776 -0.2566568998245233 0.07012483601762931 0.0 0.0 0.0 -0.10584443108419635 -0.09730280814974934 -0.012807176161187758 -0.01177363978611967 0.0 0.0 0.0 0.0 10.200000000000008 0.0 0.07 10.200000000000008 0.0 0.07 0.3 0.05 0.8 0.3 0.05 0.8 0.5 0.1 0.05
450 2.4179859161376953 0.0 0.0 0.0 0.0 0.0 0.0 -0.0581245511648661 0.046762654253385404 -0.3713335538552691 0.16689710972195776 -0.2566568998245233 0.07012483601762931 0.0 0.0 0.0 -0.10584443108419635 -0.09730280814974934 -0.012807176161187758 -0.01177363978611967 0.0 0.0 0.0 0.0 10.200000000000008 0.0 0.07 10.200000000000008 0.0 0.07 0.3 0.05 0.8 0.3 0.05 0.8 0.5 0.1 0.05
451 2.42447566986084 0.0 0.0 0.0 0.0 0.0 0.0 -0.06225628867015875 0.04623526577266571 -0.37251666454353866 0.16689710972195776 -0.2566568998245233 0.07012483601762931 0.0 0.0 0.0 -0.10584443108419635 -0.09730280814974934 -0.012807176161187758 -0.01177363978611967 0.0 0.0 0.0 0.0 10.200000000000008 0.0 0.07 10.200000000000008 0.0 0.07 0.3 0.05 0.8 0.3 0.05 0.8 0.5 0.1 0.05
452 2.4298453330993652 0.0 0.0 0.0 0.0 0.0 0.0 -0.06542562150517486 0.045612035656646 -0.37353332202362377 0.16689710972195776 -0.2566568998245233 0.07012483601762931 0.0 0.0 0.0 -0.10584443108419635 -0.09730280814974934 -0.012807176161187758 -0.01177363978611967 0.0 0.0 0.0 0.0 10.200000000000008 0.0 0.07 10.200000000000008 0.0 0.07 0.3 0.05 0.8 0.3 0.05 0.8 0.5 0.1 0.05
453 2.435187578201294 0.0 0.0 0.0 0.0 0.0 0.0 -0.06863110559320082 0.04523809758703416 -0.37452681279615974 0.16689710972195776 -0.2566568998245233 0.07012483601762931 0.0 0.0 0.0 -0.10584443108419635 -0.09730280814974934 -0.012807176161187758 -0.01177363978611967 0.0 0.0 0.0 0.0 10.200000000000008 0.0 0.07 10.200000000000008 0.0 0.07 0.3 0.05 0.8 0.3 0.05 0.8 0.5 0.1 0.05
454 2.4405524730682373 0.0 0.0 0.0 0.0 0.0 0.0 -0.0710912908442952 0.04470693771767918 -0.3754297042872692 0.16689710972195776 -0.2566568998245233 0.07012483601762931 0.0 0.0 0.0 -0.10584443108419635 -0.09730280814974934 -0.012807176161187758 -0.01177363978611967 0.0 0.0 0.0 0.0 10.200000000000008 0.0 0.07 10.200000000000008 0.0 0.07 0.3 0.05 0.8 0.3 0.05 0.8 0.5 0.1 0.05
455 2.445794105529785 0.0 0.0 0.0 0.0 0.0 0.0 -0.07379458414483892 0.044388241796066194 -0.3762782362095227 0.16689710972195776 -0.2566568998245233 0.07012483601762931 0.0 0.0 0.0 -0.10584443108419635 -0.09730280814974934 -0.012807176161187758 -0.01177363978611967 0.0 0.0 0.0 0.0 10.200000000000008 0.0 0.07 10.200000000000008 0.0 0.07 0.3 0.05 0.8 0.3 0.05 0.8 0.5 0.1 0.05
456 2.4510374069213867 0.0 0.0 0.0 0.0 0.0 0.0 -0.07580005640965001 0.04396692647240748 -0.37717085164735975 0.16689710972195776 -0.2566568998245233 0.07012483601762931 0.0 0.0 0.0 -0.10584443108419635 -0.09730280814974934 -0.012807176161187758 -0.01177363978611967 0.0 0.0 0.0 0.0 10.200000000000008 0.0 0.07 10.200000000000008 0.0 0.07 0.3 0.05 0.8 0.3 0.05 0.8 0.5 0.1 0.05
457 2.456308603286743 0.0 0.0 0.0 0.0 0.0 0.0 -0.07815382564175902 0.043714137278212245 -0.37801321793764986 0.16689710972195776 -0.2566568998245233 0.07012483601762931 0.0 0.0 0.0 -0.10584443108419635 -0.09730280814974934 -0.012807176161187758 -0.01177363978611967 0.0 0.0 0.0 0.0 10.200000000000008 0.0 0.07 10.200000000000008 0.0 0.07 0.3 0.05 0.8 0.3 0.05 0.8 0.5 0.1 0.05
458 2.4615187644958496 0.0 0.0 0.0 0.0 0.0 0.0 -0.07956608718102443 0.043562463761695105 -0.3785186377118239 0.16689710972195776 -0.2566568998245233 0.07012483601762931 0.0 0.0 0.0 -0.10584443108419635 -0.09730280814974934 -0.012807176161187758 -0.01177363978611967 0.0 0.0 0.0 0.0 10.200000000000008 0.0 0.07 10.200000000000008 0.0 0.07 0.3 0.05 0.8 0.3 0.05 0.8 0.5 0.1 0.05
459 2.466733694076538 0.0 0.0 0.0 0.0 0.0 0.0 -0.08072024113217155 0.043318064118223115 -0.3792053858608132 0.16689710972195776 -0.2566568998245233 0.07012483601762931 0.0 0.0 0.0 -0.10584443108419635 -0.09730280814974934 -0.012807176161187758 -0.01177363978611967 0.0 0.0 0.0 0.0 10.200000000000008 0.0 0.07 10.200000000000008 0.0 0.07 0.3 0.05 0.8 0.3 0.05 0.8 0.5 0.1 0.05
460 2.4720041751861572 0.0 0.0 0.0 0.0 0.0 0.0 -0.08263991863297915 0.042941326561449 -0.38030772210181507 0.16689710972195776 -0.2566568998245233 0.07012483601762931 0.0 0.0 0.0 -0.10584443108419635 -0.09730280814974934 -0.012807176161187758 -0.01177363978611967 0.0 0.0 0.0 0.0 10.200000000000008 0.0 0.07 10.200000000000008 0.0 0.07 0.3 0.05 0.8 0.3 0.05 0.8 0.5 0.1 0.05
461 2.477384567260742 0.0 0.0 0.0 0.0 0.0 0.0 -0.08471211323599515 0.04279198328428151 -0.3813526201309011 0.16689710972195776 -0.2566568998245233 0.07012483601762931 0.0 0.0 0.0 -0.10584443108419635 -0.09730280814974934 -0.012807176161187758 -0.01177363978611967 0.0 0.0 0.0 0.0 10.200000000000008 0.0 0.07 10.200000000000008 0.0 0.07 0.3 0.05 0.8 0.3 0.05 0.8 0.5 0.1 0.05
462 2.482710599899292 0.0 0.0 0.0 0.0 0.0 0.0 -0.08595542999780476 0.042548978804187065 -0.3822863559759405 0.16689710972195776 -0.2566568998245233 0.07012483601762931 0.0 0.0 0.0 -0.10584443108419635 -0.09730280814974934 -0.012807176161187758 -0.01177363978611967 0.0 0.0 0.0 0.0 10.200000000000008 0.0 0.07 10.200000000000008 0.0 0.07 0.3 0.05 0.8 0.3 0.05 0.8 0.5 0.1 0.05
463 2.488081216812134 0.0 0.0 0.0 0.0 0.0 0.0 -0.08754510890052497 0.042403176116130405 -0.3832300937674491 0.16689710972195776 -0.2566568998245233 0.07012483601762931 0.0 0.0 0.0 -0.10584443108419635 -0.09730280814974934 -0.012807176161187758 -0.01177363978611967 0.0 0.0 0.0 0.0 10.200000000000008 0.0 0.07 10.200000000000008 0.0 0.07 0.3 0.05 0.8 0.3 0.05 0.8 0.5 0.1 0.05
464 2.4933230876922607 0.0 0.0 0.0 0.0 0.0 0.0 -0.08842221698526012 0.04216229598950246 -0.3841031334699421 0.16689710972195776 -0.2566568998245233 0.07012483601762931 0.0 0.0 0.0 -0.10584443108419635 -0.09730280814974934 -0.012807176161187758 -0.01177363978611967 0.0 0.0 0.0 0.0 10.200000000000008 0.0 0.07 10.200000000000008 0.0 0.07 0.3 0.05 0.8 0.3 0.05 0.8 0.5 0.1 0.05
465 2.4988677501678467 0.0 0.0 0.0 0.0 0.0 0.0 -0.08971547142483871 0.04209446717042267 -0.38501044761545833 0.16689710972195776 -0.2566568998245233 0.07012483601762931 0.0 0.0 0.0 -0.10584443108419635 -0.09730280814974934 -0.012807176161187758 -0.01177363978611967 0.0 0.0 0.0 0.0 10.200000000000008 0.0 0.07 10.200000000000008 0.0 0.07 0.3 0.05 0.8 0.3 0.05 0.8 0.5 0.1 0.05
466 2.504159450531006 0.0 0.0 0.0 0.0 0.0 0.0 -0.09087492037307071 0.04190037136518085 -0.38632182867173775 0.16689710972195776 -0.2566568998245233 0.07012483601762931 0.0 0.0 0.0 -0.10584443108419635 -0.09730280814974934 -0.012807176161187758 -0.01177363978611967 0.0 0.0 0.0 0.0 10.200000000000008 0.0 0.07 10.200000000000008 0.0 0.07 0.3 0.05 0.8 0.3 0.05 0.8 0.5 0.1 0.05
467 2.509395122528076 0.0 0.0 0.0 0.0 0.0 0.0 -0.09134049197131901 0.04170721462513878 -0.3874154543330933 0.16689710972195776 -0.2566568998245233 0.07012483601762931 0.0 0.0 0.0 -0.10584443108419635 -0.09730280814974934 -0.012807176161187758 -0.01177363978611967 0.0 0.0 0.0 0.0 10.200000000000008 0.0 0.07 10.200000000000008 0.0 0.07 0.3 0.05 0.8 0.3 0.05 0.8 0.5 0.1 0.05
468 2.514604330062866 0.0 0.0 0.0 0.0 0.0 0.0 -0.09208003047164981 0.04159132058111354 -0.3884551260143915 0.16689710972195776 -0.2566568998245233 0.07012483601762931 0.0 0.0 0.0 -0.10584443108419635 -0.09730280814974934 -0.012807176161187758 -0.01177363978611967 0.0 0.0 0.0 0.0 10.200000000000008 0.0 0.07 10.200000000000008 0.0 0.07 0.3 0.05 0.8 0.3 0.05 0.8 0.5 0.1 0.05
469 2.519888401031494 0.0 0.0 0.0 0.0 0.0 0.0 -0.09214025728736344 0.04136838564090445 -0.38946241934719084 0.16689710972195776 -0.2566568998245233 0.07012483601762931 0.0 0.0 0.0 -0.10584443108419635 -0.09730280814974934 -0.012807176161187758 -0.01177363978611967 0.0 0.0 0.0 0.0 10.200000000000008 0.0 0.07 10.200000000000008 0.0 0.07 0.3 0.05 0.8 0.3 0.05 0.8 0.5 0.1 0.05
470 2.5251457691192627 0.0 0.0 0.0 0.0 0.0 0.0 -0.09263658891817345 0.041234624676779 -0.39045029163135525 0.16689710972195776 -0.2566568998245233 0.07012483601762931 0.0 0.0 0.0 -0.10584443108419635 -0.09730280814974934 -0.012807176161187758 -0.01177363978611967 0.0 0.0 0.0 0.0 10.200000000000008 0.0 0.07 10.200000000000008 0.0 0.07 0.3 0.05 0.8 0.3 0.05 0.8 0.5 0.1 0.05
471 2.530625581741333 0.0 0.0 0.0 0.0 0.0 0.0 -0.09239749309838065 0.041077668841406755 -0.39142651128633876 0.16689710972195776 -0.2566568998245233 0.07012483601762931 0.0 0.0 0.0 -0.10584443108419635 -0.09730280814974934 -0.012807176161187758 -0.01177363978611967 0.0 0.0 0.0 0.0 10.200000000000008 0.0 0.07 10.200000000000008 0.0 0.07 0.3 0.05 0.8 0.3 0.05 0.8 0.5 0.1 0.05
472 2.5359103679656982 0.0 0.0 0.0 0.0 0.0 0.0 -0.09256083263409286 0.040906796083286436 -0.3923957393638138 0.16689710972195776 -0.2566568998245233 0.07012483601762931 0.0 0.0 0.0 -0.10584443108419635 -0.09730280814974934 -0.012807176161187758 -0.01177363978611967 0.0 0.0 0.0 0.0 10.200000000000008 0.0 0.07 10.200000000000008 0.0 0.07 0.3 0.05 0.8 0.3 0.05 0.8 0.5 0.1 0.05
473 2.541250228881836 0.0 0.0 0.0 0.0 0.0 0.0 -0.09265883635552019 0.040804272428414244 -0.39297727621029876 0.16689710972195776 -0.2566568998245233 0.07012483601762931 0.0 0.0 0.0 -0.10584443108419635 -0.09730280814974934 -0.012807176161187758 -0.01177363978611967 0.0 0.0 0.0 0.0 10.200000000000008 0.0 0.07 10.200000000000008 0.0 0.07 0.3 0.05 0.8 0.3 0.05 0.8 0.5 0.1 0.05
474 2.5465874671936035 0.0 0.0 0.0 0.0 0.0 0.0 -0.09218074379009777 0.04058936270192923 -0.39363299534577767 0.16689710972195776 -0.2566568998245233 0.07012483601762931 0.0 0.0 0.0 -0.10584443108419635 -0.09730280814974934 -0.012807176161187758 -0.01177363978611967 0.0 0.0 0.0 0.0 10.200000000000008 0.0 0.07 10.200000000000008 0.0 0.07 0.3 0.05 0.8 0.3 0.05 0.8 0.5 0.1 0.05
475 2.5519139766693115 0.0 0.0 0.0 0.0 0.0 0.0 -0.09143369568969473 0.0402303190953473 -0.3947934134355703 0.16689710972195776 -0.2566568998245233 0.07012483601762931 0.0 0.0 0.0 -0.10584443108419635 -0.09730280814974934 -0.012807176161187758 -0.01177363978611967 0.0 0.0 0.0 0.0 10.200000000000008 0.0 0.07 10.200000000000008 0.0 0.07 0.3 0.05 0.8 0.3 0.05 0.8 0.5 0.1 0.05
476 2.5571515560150146 0.0 0.0 0.0 0.0 0.0 0.0 -0.09106216608634987 0.03986149441760419 -0.3958731605739307 0.16689710972195776 -0.2566568998245233 0.07012483601762931 0.0 0.0 0.0 -0.10584443108419635 -0.09730280814974934 -0.012807176161187758 -0.01177363978611967 0.0 0.0 0.0 0.0 10.200000000000008 0.0 0.07 10.200000000000008 0.0 0.07 0.3 0.05 0.8 0.3 0.05 0.8 0.5 0.1 0.05
477 2.5624008178710938 0.0 0.0 0.0 0.0 0.0 0.0 -0.0901489550122702 0.03948680109716438 -0.3969045051414318 0.16689710972195776 -0.2566568998245233 0.07012483601762931 0.0 0.0 0.0 -0.10584443108419635 -0.09730280814974934 -0.012807176161187758 -0.01177363978611967 0.0 0.0 0.0 0.0 10.200000000000008 0.0 0.07 10.200000000000008 0.0 0.07 0.3 0.05 0.8 0.3 0.05 0.8 0.5 0.1 0.05
478 2.5676422119140625 0.0 0.0 0.0 0.0 0.0 0.0 -0.08960102836782241 0.03903188733420958 -0.3979068081664173 0.16689710972195776 -0.2566568998245233 0.07012483601762931 0.0 0.0 0.0 -0.10584443108419635 -0.09730280814974934 -0.012807176161187758 -0.01177363978611967 0.0 0.0 0.0 0.0 10.200000000000008 0.0 0.07 10.200000000000008 0.0 0.07 0.3 0.05 0.8 0.3 0.05 0.8 0.5 0.1 0.05
479 2.5728559494018555 0.0 0.0 0.0 0.0 0.0 0.0 -0.08850528279241623 0.03860554056264275 -0.39881498700899654 0.16689710972195776 -0.2566568998245233 0.07012483601762931 0.0 0.0 0.0 -0.10584443108419635 -0.09730280814974934 -0.012807176161187758 -0.01177363978611967 0.0 0.0 0.0 0.0 10.200000000000008 0.0 0.07 10.200000000000008 0.0 0.07 0.3 0.05 0.8 0.3 0.05 0.8 0.5 0.1 0.05
480 2.578054904937744 0.0 0.0 0.0 0.0 0.0 0.0 -0.08777113619027556 0.038042938452347005 -0.39974339059902886 0.16689710972195776 -0.2566568998245233 0.07012483601762931 0.0 0.0 0.0 -0.10584443108419635 -0.09730280814974934 -0.012807176161187758 -0.01177363978611967 0.0 0.0 0.0 0.0 10.200000000000008 0.0 0.07 10.200000000000008 0.0 0.07 0.3 0.05 0.8 0.3 0.05 0.8 0.5 0.1 0.05
481 2.5834059715270996 0.0 0.0 0.0 0.0 0.0 0.0 -0.08633356086956276 0.037091783130993775 -0.40106741936155355 0.16689710972195776 -0.2566568998245233 0.07012483601762931 0.0 0.0 0.0 -0.10584443108419635 -0.09730280814974934 -0.012807176161187758 -0.01177363978611967 0.0 0.0 0.0 0.0 10.200000000000008 0.0 0.07 10.200000000000008 0.0 0.07 0.3 0.05 0.8 0.3 0.05 0.8 0.5 0.1 0.05
482 2.5886693000793457 0.0 0.0 0.0 0.0 0.0 0.0 -0.08547101567713508 0.03652108993818184 -0.4018618366190684 0.16689710972195776 -0.2566568998245233 0.07012483601762931 0.0 0.0 0.0 -0.10584443108419635 -0.09730280814974934 -0.012807176161187758 -0.01177363978611967 0.0 0.0 0.0 0.0 10.200000000000008 0.0 0.07 10.200000000000008 0.0 0.07 0.3 0.05 0.8 0.3 0.05 0.8 0.5 0.1 0.05
483 2.594043254852295 0.0 0.0 0.0 0.0 0.0 0.0 -0.08387970194535309 0.03548838369065416 -0.40302878028565003 0.16689710972195776 -0.2566568998245233 0.07012483601762931 0.0 0.0 0.0 -0.10584443108419635 -0.09730280814974934 -0.012807176161187758 -0.01177363978611967 0.0 0.0 0.0 0.0 10.200000000000008 0.0 0.07 10.200000000000008 0.0 0.07 0.3 0.05 0.8 0.3 0.05 0.8 0.5 0.1 0.05
484 2.599295139312744 0.0 0.0 0.0 0.0 0.0 0.0 -0.08208122486064942 0.034485263657652684 -0.40403574351318694 0.16689710972195776 -0.2566568998245233 0.07012483601762931 0.0 0.0 0.0 -0.10584443108419635 -0.09730280814974934 -0.012807176161187758 -0.01177363978611967 0.0 0.0 0.0 0.0 10.200000000000008 0.0 0.07 10.200000000000008 0.0 0.07 0.3 0.05 0.8 0.3 0.05 0.8 0.5 0.1 0.05
485 2.6046149730682373 0.0 0.0 0.0 0.0 0.0 0.0 -0.0807720408391363 0.03334649981980524 -0.4050234177341939 0.16689710972195776 -0.2566568998245233 0.07012483601762931 0.0 0.0 0.0 -0.10584443108419635 -0.09730280814974934 -0.012807176161187758 -0.01177363978611967 0.0 0.0 0.0 0.0 10.200000000000008 0.0 0.07 10.200000000000008 0.0 0.07 0.3 0.05 0.8 0.3 0.05 0.8 0.5 0.1 0.05
486 2.6098623275756836 0.0 0.0 0.0 0.0 0.0 0.0 -0.079066142323697 0.0322797452326119 -0.40599951259081846 0.16689710972195776 -0.2566568998245233 0.07012483601762931 0.0 0.0 0.0 -0.10584443108419635 -0.09730280814974934 -0.012807176161187758 -0.01177363978611967 0.0 0.0 0.0 0.0 10.200000000000008 0.0 0.07 10.200000000000008 0.0 0.07 0.3 0.05 0.8 0.3 0.05 0.8 0.5 0.1 0.05
487 2.6151232719421387 0.0 0.0 0.0 0.0 0.0 0.0 -0.07773580618684553 0.03110280066224933 -0.4068919665323811 0.16689710972195776 -0.2566568998245233 0.07012483601762931 0.0 0.0 0.0 -0.10584443108419635 -0.09730280814974934 -0.012807176161187758 -0.01177363978611967 0.0 0.0 0.0 0.0 10.200000000000008 0.0 0.07 10.200000000000008 0.0 0.07 0.3 0.05 0.8 0.3 0.05 0.8 0.5 0.1 0.05
488 2.6203432083129883 0.0 0.0 0.0 0.0 0.0 0.0 -0.07693760450473465 0.030396633920031786 -0.40742743889731864 0.16689710972195776 -0.2566568998245233 0.07012483601762931 0.0 0.0 0.0 -0.10584443108419635 -0.09730280814974934 -0.012807176161187758 -0.01177363978611967 0.0 0.0 0.0 0.0 10.200000000000008 0.0 0.07 10.200000000000008 0.0 0.07 0.3 0.05 0.8 0.3 0.05 0.8 0.5 0.1 0.05
489 2.6255555152893066 0.0 0.0 0.0 0.0 0.0 0.0 -0.07561499464983366 0.029436039076422452 -0.40813221860076604 0.16689710972195776 -0.2566568998245233 0.07012483601762931 0.0 0.0 0.0 -0.10584443108419635 -0.09730280814974934 -0.012807176161187758 -0.01177363978611967 0.0 0.0 0.0 0.0 10.200000000000008 0.0 0.07 10.200000000000008 0.0 0.07 0.3 0.05 0.8 0.3 0.05 0.8 0.5 0.1 0.05
490 2.6309475898742676 0.0 0.0 0.0 0.0 0.0 0.0 -0.07359424360677375 0.027785895553931475 -0.40924537973490727 0.16689710972195776 -0.2566568998245233 0.07012483601762931 0.0 0.0 0.0 -0.10584443108419635 -0.09730280814974934 -0.012807176161187758 -0.01177363978611967 0.0 0.0 0.0 0.0 10.200000000000008 0.0 0.07 10.200000000000008 0.0 0.07 0.3 0.05 0.8 0.3 0.05 0.8 0.5 0.1 0.05
491 2.636362075805664 0.0 0.0 0.0 0.0 0.0 0.0 -0.07207499893358214 0.026105519108596372 -0.41029677269987685 0.16689710972195776 -0.2566568998245233 0.07012483601762931 0.0 0.0 0.0 -0.10584443108419635 -0.09730280814974934 -0.012807176161187758 -0.01177363978611967 0.0 0.0 0.0 0.0 10.200000000000008 0.0 0.07 10.200000000000008 0.0 0.07 0.3 0.05 0.8 0.3 0.05 0.8 0.5 0.1 0.05
492 2.641634464263916 0.0 0.0 0.0 0.0 0.0 0.0 -0.0702430610469035 0.0245603984431165 -0.41123439954598207 0.16689710972195776 -0.2566568998245233 0.07012483601762931 0.0 0.0 0.0 -0.10584443108419635 -0.09730280814974934 -0.012807176161187758 -0.01177363978611967 0.0 0.0 0.0 0.0 10.200000000000008 0.0 0.07 10.200000000000008 0.0 0.07 0.3 0.05 0.8 0.3 0.05 0.8 0.5 0.1 0.05
493 2.646949291229248 0.0 0.0 0.0 0.0 0.0 0.0 -0.06883710426754068 0.02286633645509109 -0.41218047193813 0.16689710972195776 -0.2566568998245233 0.07012483601762931 0.0 0.0 0.0 -0.10584443108419635 -0.09730280814974934 -0.012807176161187758 -0.01177363978611967 0.0 0.0 0.0 0.0 10.200000000000008 0.0 0.07 10.200000000000008 0.0 0.07 0.3 0.05 0.8 0.3 0.05 0.8 0.5 0.1 0.05
494 2.6522116661071777 0.0 0.0 0.0 0.0 0.0 0.0 -0.06707314209739154 0.021236308187332305 -0.41305491240100667 0.16689710972195776 -0.2566568998245233 0.07012483601762931 0.0 0.0 0.0 -0.10584443108419635 -0.09730280814974934 -0.012807176161187758 -0.01177363978611967 0.0 0.0 0.0 0.0 10.200000000000008 0.0 0.07 10.200000000000008 0.0 0.07 0.3 0.05 0.8 0.3 0.05 0.8 0.5 0.1 0.05
495 2.6575217247009277 0.0 0.0 0.0 0.0 0.0 0.0 -0.06570796776771418 0.019491298657707306 -0.41388637370632053 0.16689710972195776 -0.2566568998245233 0.07012483601762931 0.0 0.0 0.0 -0.10584443108419635 -0.09730280814974934 -0.012807176161187758 -0.01177363978611967 0.0 0.0 0.0 0.0 10.200000000000008 0.0 0.07 10.200000000000008 0.0 0.07 0.3 0.05 0.8 0.3 0.05 0.8 0.5 0.1 0.05
496 2.662846565246582 0.0 0.0 0.0 0.0 0.0 0.0 -0.06488886316990776 0.018444292939932307 -0.41438525048950886 0.16689710972195776 -0.2566568998245233 0.07012483601762931 0.0 0.0 0.0 -0.10584443108419635 -0.09730280814974934 -0.012807176161187758 -0.01177363978611967 0.0 0.0 0.0 0.0 10.200000000000008 0.0 0.07 10.200000000000008 0.0 0.07 0.3 0.05 0.8 0.3 0.05 0.8 0.5 0.1 0.05
497 2.6680779457092285 0.0 0.0 0.0 0.0 0.0 0.0 -0.06324691453800155 0.016435508845586276 -0.41537486987149463 0.16689710972195776 -0.2566568998245233 0.07012483601762931 0.0 0.0 0.0 -0.10584443108419635 -0.09730280814974934 -0.012807176161187758 -0.01177363978611967 0.0 0.0 0.0 0.0 10.200000000000008 0.0 0.07 10.200000000000008 0.0 0.07 0.3 0.05 0.8 0.3 0.05 0.8 0.5 0.1 0.05
498 2.6732819080352783 0.0 0.0 0.0 0.0 0.0 0.0 -0.061418056513223365 0.014539945076905904 -0.4162754325678095 0.16689710972195776 -0.2566568998245233 0.07012483601762931 0.0 0.0 0.0 -0.10584443108419635 -0.09730280814974934 -0.012807176161187758 -0.01177363978611967 0.0 0.0 0.0 0.0 10.200000000000008 0.0 0.07 10.200000000000008 0.0 0.07 0.3 0.05 0.8 0.3 0.05 0.8 0.5 0.1 0.05
499 2.678553342819214 0.0 0.0 0.0 0.0 0.0 0.0 -0.060013944670768565 0.012635617226960192 -0.4171992664700833 0.16689710972195776 -0.2566568998245233 0.07012483601762931 0.0 0.0 0.0 -0.10584443108419635 -0.09730280814974934 -0.012807176161187758 -0.01177363978611967 0.0 0.0 0.0 0.0 10.200000000000008 0.0 0.07 10.200000000000008 0.0 0.07 0.3 0.05 0.8 0.3 0.05 0.8 0.5 0.1 0.05
500 2.6837987899780273 0.0 0.0 0.0 0.0 0.0 0.0 -0.05809769094897031 0.00995904133951779 -0.4184438601235203 0.16689710972195776 -0.2566568998245233 0.07012483601762931 0.0 0.0 0.0 -0.10584443108419635 -0.09730280814974934 -0.012807176161187758 -0.01177363978611967 0.0 0.0 0.0 0.0 10.200000000000008 0.0 0.07 10.200000000000008 0.0 0.07 0.3 0.05 0.8 0.3 0.05 0.8 0.5 0.1 0.05
501 2.6891157627105713 0.0 0.0 0.0 0.0 0.0 0.0 -0.056180949127153865 0.0 -0.4194974133431704 0.16689710972195776 -0.2566568998245233 0.07012483601762931 0.0 0.0 0.0 -0.10584443108419635 -0.09730280814974934 -0.012807176161187758 -0.01177363978611967 0.0 0.0 0.0 0.0 10.200000000000008 0.0 0.07 10.200000000000008 0.0 0.07 0.3 0.05 0.8 0.3 0.05 0.8 0.5 0.1 0.05
502 2.694378614425659 0.0 0.0 0.0 0.0 0.0 0.0 -0.05480080626337308 0.0 -0.42051304155944536 0.16689710972195776 -0.2566568998245233 0.07012483601762931 0.0 0.0 0.0 -0.10584443108419635 -0.09730280814974934 -0.012807176161187758 -0.01177363978611967 0.0 0.0 0.0 0.0 10.200000000000008 0.0 0.07 10.200000000000008 0.0 0.07 0.3 0.05 0.8 0.3 0.05 0.8 0.5 0.1 0.05
503 2.6996817588806152 0.0 0.0 0.0 0.0 0.0 0.0 -0.053972720545104616 0.0 -0.42112241848921034 0.16689710972195776 -0.2566568998245233 0.07012483601762931 0.0 0.0 0.0 -0.10584443108419635 -0.09730280814974934 -0.012807176161187758 -0.01177363978611967 0.0 0.0 0.0 0.0 10.200000000000008 0.0 0.07 10.200000000000008 0.0 0.07 0.3 0.05 0.8 0.3 0.05 0.8 0.5 0.1 0.05
504 2.704927444458008 0.0 0.0 0.0 0.0 0.0 0.0 -0.0525554810116121 0.0 -0.4221016327417806 0.16689710972195776 -0.2566568998245233 0.07012483601762931 0.0 0.0 0.0 -0.10584443108419635 -0.09730280814974934 -0.012807176161187758 -0.01177363978611967 0.0 0.0 0.0 0.0 10.200000000000008 0.0 0.07 10.200000000000008 0.0 0.07 0.3 0.05 0.8 0.3 0.05 0.8 0.5 0.1 0.05
505 2.710174322128296 0.0 0.0 0.0 0.0 0.0 0.0 -0.05109154323634081 0.0 -0.4230726575778076 0.16689710972195776 -0.2566568998245233 0.07012483601762931 0.0 0.0 0.0 -0.10584443108419635 -0.09730280814974934 -0.012807176161187758 -0.01177363978611967 0.0 0.0 0.0 0.0 10.200000000000008 0.0 0.07 10.200000000000008 0.0 0.07 0.3 0.05 0.8 0.3 0.05 0.8 0.5 0.1 0.05
506 2.715477466583252 0.0 0.0 0.0 0.0 0.0 0.0 -0.05005978503761633 0.0 -0.4239620695070117 0.16689710972195776 -0.2566568998245233 0.07012483601762931 0.0 0.0 0.0 -0.10584443108419635 -0.09730280814974934 -0.012807176161187758 -0.01177363978611967 0.0 0.0 0.0 0.0 10.200000000000008 0.0 0.07 10.200000000000008 0.0 0.07 0.3 0.05 0.8 0.3 0.05 0.8 0.5 0.1 0.05
507 2.7207343578338623 0.0 0.0 0.0 0.0 0.0 0.0 -0.048827136063205864 0.0 -0.4248025136921221 0.16689710972195776 -0.2566568998245233 0.07012483601762931 0.0 0.0 0.0 -0.10584443108419635 -0.09730280814974934 -0.012807176161187758 -0.01177363978611967 0.0 0.0 0.0 0.0 10.200000000000008 0.0 0.07 10.200000000000008 0.0 0.07 0.3 0.05 0.8 0.3 0.05 0.8 0.5 0.1 0.05
508 2.725975513458252 0.0 0.0 0.0 0.0 0.0 0.0 -0.0480108474216626 0.0 -0.4256902764876731 0.16689710972195776 -0.2566568998245233 0.07012483601762931 0.0 0.0 0.0 -0.10584443108419635 -0.09730280814974934 -0.012807176161187758 -0.01177363978611967 0.0 0.0 0.0 0.0 10.200000000000008 0.0 0.07 10.200000000000008 0.0 0.07 0.3 0.05 0.8 0.3 0.05 0.8 0.5 0.1 0.05
509 2.7312002182006836 0.0 0.0 0.0 0.0 0.0 0.0 -0.04698418241869008 0.0 -0.42652973119259163 0.16689710972195776 -0.2566568998245233 0.07012483601762931 0.0 0.0 0.0 -0.10584443108419635 -0.09730280814974934 -0.012807176161187758 -0.01177363978611967 0.0 0.0 0.0 0.0 10.200000000000008 0.0 0.07 10.200000000000008 0.0 0.07 0.3 0.05 0.8 0.3 0.05 0.8 0.5 0.1 0.05
510 2.736557960510254 0.0 0.0 0.0 0.0 0.0 0.0 -0.0462914841600096 -0.009171450027750074 -0.42741689433956315 0.16689710972195776 -0.2566568998245233 0.07012483601762931 0.0 0.0 0.0 -0.10584443108419635 -0.09730280814974934 -0.012807176161187758 -0.01177363978611967 0.0 0.0 0.0 0.0 10.200000000000008 0.0 0.07 10.200000000000008 0.0 0.07 0.3 0.05 0.8 0.3 0.05 0.8 0.5 0.1 0.05
511 2.7419371604919434 0.0 0.0 0.0 0.0 0.0 0.0 -0.0458758652048013 -0.010181512766436421 -0.4279491922277461 0.16689710972195776 -0.2566568998245233 0.07012483601762931 0.0 0.0 0.0 -0.10584443108419635 -0.09730280814974934 -0.012807176161187758 -0.01177363978611967 0.0 0.0 0.0 0.0 10.200000000000008 0.0 0.07 10.200000000000008 0.0 0.07 0.3 0.05 0.8 0.3 0.05 0.8 0.5 0.1 0.05
512 2.747215509414673 0.0 0.0 0.0 0.0 0.0 0.0 -0.045089599033397515 -0.011938034792754463 -0.4289588642727286 0.16689710972195776 -0.2566568998245233 0.07012483601762931 0.0 0.0 0.0 -0.10584443108419635 -0.09730280814974934 -0.012807176161187758 -0.01177363978611967 0.0 0.0 0.0 0.0 10.200000000000008 0.0 0.07 10.200000000000008 0.0 0.07 0.3 0.05 0.8 0.3 0.05 0.8 0.5 0.1 0.05
513 2.752568006515503 0.0 0.0 0.0 0.0 0.0 0.0 -0.04423434602630262 -0.013452143549927123 -0.429948163784203 0.16689710972195776 -0.2566568998245233 0.07012483601762931 0.0 0.0 0.0 -0.10584443108419635 -0.09730280814974934 -0.012807176161187758 -0.01177363978611967 0.0 0.0 0.0 0.0 10.200000000000008 0.0 0.07 10.200000000000008 0.0 0.07 0.3 0.05 0.8 0.3 0.05 0.8 0.5 0.1 0.05
514 2.7578988075256348 0.0 0.0 0.0 0.0 0.0 0.0 -0.04372119422204569 -0.014974199879174262 -0.4308485405186755 0.16689710972195776 -0.2566568998245233 0.07012483601762931 0.0 0.0 0.0 -0.10584443108419635 -0.09730280814974934 -0.012807176161187758 -0.01177363978611967 0.0 0.0 0.0 0.0 10.200000000000008 0.0 0.07 10.200000000000008 0.0 0.07 0.3 0.05 0.8 0.3 0.05 0.8 0.5 0.1 0.05
515 2.7632453441619873 0.0 0.0 0.0 0.0 0.0 0.0 -0.043029806855006666 -0.01627092996120741 -0.43177226284384385 0.16689710972195776 -0.2566568998245233 0.07012483601762931 0.0 0.0 0.0 -0.10584443108419635 -0.09730280814974934 -0.012807176161187758 -0.01177363978611967 0.0 0.0 0.0 0.0 10.200000000000008 0.0 0.07 10.200000000000008 0.0 0.07 0.3 0.05 0.8 0.3 0.05 0.8 0.5 0.1 0.05
516 2.7685348987579346 0.0 0.0 0.0 0.0 0.0 0.0 -0.04261497443478325 -0.017585861318589982 -0.4327099865629652 0.16689710972195776 -0.2566568998245233 0.07012483601762931 0.0 0.0 0.0 -0.10584443108419635 -0.09730280814974934 -0.012807176161187758 -0.01177363978611967 0.0 0.0 0.0 0.0 10.200000000000008 0.0 0.07 10.200000000000008 0.0 0.07 0.3 0.05 0.8 0.3 0.05 0.8 0.5 0.1 0.05
517 2.773789405822754 0.0 0.0 0.0 0.0 0.0 0.0 -0.042059277955061314 -0.019065110464860043 -0.43396291410651083 0.16689710972195776 -0.2566568998245233 0.07012483601762931 0.0 0.0 0.0 -0.10584443108419635 -0.09730280814974934 -0.012807176161187758 -0.01177363978611967 0.0 0.0 0.0 0.0 10.200000000000008 0.0 0.07 10.200000000000008 0.0 0.07 0.3 0.05 0.8 0.3 0.05 0.8 0.5 0.1 0.05
518 2.7790164947509766 0.0 0.0 0.0 0.0 0.0 0.0 -0.04172586006722815 -0.01995265995262208 -0.4347146706326382 0.16689710972195776 -0.2566568998245233 0.07012483601762931 0.0 0.0 0.0 -0.10584443108419635 -0.09730280814974934 -0.012807176161187758 -0.01177363978611967 0.0 0.0 0.0 0.0 10.200000000000008 0.0 0.07 10.200000000000008 0.0 0.07 0.3 0.05 0.8 0.3 0.05 0.8 0.5 0.1 0.05
519 2.7842350006103516 0.0 0.0 0.0 0.0 0.0 0.0 -0.0412190152871726 -0.020715287415970222 -0.43554922083279946 0.16689710972195776 -0.2566568998245233 0.07012483601762931 0.0 0.0 0.0 -0.10584443108419635 -0.09730280814974934 -0.012807176161187758 -0.01177363978611967 0.0 0.0 0.0 0.0 10.200000000000008 0.0 0.07 10.200000000000008 0.0 0.07 0.3 0.05 0.8 0.3 0.05 0.8 0.5 0.1 0.05
520 2.789466142654419 0.0 0.0 0.0 0.0 0.0 0.0 -0.04060811139155138 -0.021633057945244824 -0.4368169375614015 0.16689710972195776 -0.2566568998245233 0.07012483601762931 0.0 0.0 0.0 -0.10584443108419635 -0.09730280814974934 -0.012807176161187758 -0.01177363978611967 0.0 0.0 0.0 0.0 10.200000000000008 0.0 0.07 10.200000000000008 0.0 0.07 0.3 0.05 0.8 0.3 0.05 0.8 0.5 0.1 0.05
521 2.7947983741760254 0.0 0.0 0.0 0.0 0.0 0.0 -0.04024156905417864 -0.022490515800281354 -0.43796106388304756 0.16689710972195776 -0.2566568998245233 0.07012483601762931 0.0 0.0 0.0 -0.10584443108419635 -0.09730280814974934 -0.012807176161187758 -0.01177363978611967 0.0 0.0 0.0 0.0 10.200000000000008 0.0 0.07 10.200000000000008 0.0 0.07 0.3 0.05 0.8 0.3 0.05 0.8 0.5 0.1 0.05
522 2.8000729084014893 0.0 0.0 0.0 0.0 0.0 0.0 -0.03971484662416711 -0.02300499051330327 -0.43903103596052007 0.16689710972195776 -0.2566568998245233 0.07012483601762931 0.0 0.0 0.0 -0.10584443108419635 -0.09730280814974934 -0.012807176161187758 -0.01177363978611967 0.0 0.0 0.0 0.0 10.200000000000008 0.0 0.07 10.200000000000008 0.0 0.07 0.3 0.05 0.8 0.3 0.05 0.8 0.5 0.1 0.05
523 2.805406332015991 0.0 0.0 0.0 0.0 0.0 0.0 -0.039398813166160195 -0.02354377311180734 -0.4400565154914884 0.16689710972195776 -0.2566568998245233 0.07012483601762931 0.0 0.0 0.0 -0.10584443108419635 -0.09730280814974934 -0.012807176161187758 -0.01177363978611967 0.0 0.0 0.0 0.0 10.200000000000008 0.0 0.07 10.200000000000008 0.0 0.07 0.3 0.05 0.8 0.3 0.05 0.8 0.5 0.1 0.05
524 2.8114399909973145 0.0 0.0 0.0 0.0 0.0 0.0 -0.03890239606376815 -0.02379034341401281 -0.44105529949455424 0.16689710972195776 -0.2566568998245233 0.07012483601762931 0.0 0.0 0.0 -0.10584443108419635 -0.09730280814974934 -0.012807176161187758 -0.01177363978611967 0.0 0.0 0.0 0.0 10.200000000000008 0.0 0.07 10.200000000000008 0.0 0.07 0.3 0.05 0.8 0.3 0.05 0.8 0.5 0.1 0.05
525 2.8168890476226807 0.0 0.0 0.0 0.0 0.0 0.0 -0.03852784952566819 -0.024091684109130037 -0.44211476543777567 0.16689710972195776 -0.2566568998245233 0.07012483601762931 0.0 0.0 0.0 -0.10584443108419635 -0.09730280814974934 -0.012807176161187758 -0.01177363978611967 0.0 0.0 0.0 0.0 10.200000000000008 0.0 0.07 10.200000000000008 0.0 0.07 0.3 0.05 0.8 0.3 0.05 0.8 0.5 0.1 0.05
526 2.8223934173583984 0.0 0.0 0.0 0.0 0.0 0.0 -0.038303121602808216 -0.024272488526200373 -0.4427504450037085 0.16689710972195776 -0.2566568998245233 0.07012483601762931 0.0 0.0 0.0 -0.10584443108419635 -0.09730280814974934 -0.012807176161187758 -0.01177363978611967 0.0 0.0 0.0 0.0 10.200000000000008 0.0 0.07 10.200000000000008 0.0 0.07 0.3 0.05 0.8 0.3 0.05 0.8 0.5 0.1 0.05
527 2.827866554260254 0.0 0.0 0.0 0.0 0.0 0.0 -0.0377080893077104 -0.02422757266264863 -0.44389883935177343 0.16689710972195776 -0.2566568998245233 0.07012483601762931 0.0 0.0 0.0 -0.10584443108419635 -0.09730280814974934 -0.012807176161187758 -0.01177363978611967 0.0 0.0 0.0 0.0 10.200000000000008 0.0 0.07 10.200000000000008 0.0 0.07 0.3 0.05 0.8 0.3 0.05 0.8 0.5 0.1 0.05
528 2.8333187103271484 0.0 0.0 0.0 0.0 0.0 0.0 -0.036967573646166846 -0.023970526863942784 -0.4449713722450973 0.16689710972195776 -0.2566568998245233 0.07012483601762931 0.0 0.0 0.0 -0.10584443108419635 -0.09730280814974934 -0.012807176161187758 -0.01177363978611967 0.0 0.0 0.0 0.0 10.200000000000008 0.0 0.07 10.200000000000008 0.0 0.07 0.3 0.05 0.8 0.3 0.05 0.8 0.5 0.1 0.05
529 2.838715076446533 0.0 0.0 0.0 0.0 0.0 0.0 -0.03636986573544676 -0.023816299384719276 -0.4460750875224734 0.16689710972195776 -0.2566568998245233 0.07012483601762931 0.0 0.0 0.0 -0.10584443108419635 -0.09730280814974934 -0.012807176161187758 -0.01177363978611967 0.0 0.0 0.0 0.0 10.200000000000008 0.0 0.07 10.200000000000008 0.0 0.07 0.3 0.05 0.8 0.3 0.05 0.8 0.5 0.1 0.05
530 2.8440372943878174 0.0 0.0 0.0 0.0 0.0 0.0 -0.0353209506571742 -0.023263568845919458 -0.4475043032974043 0.16689710972195776 -0.2566568998245233 0.07012483601762931 0.0 0.0 0.0 -0.10584443108419635 -0.09730280814974934 -0.012807176161187758 -0.01177363978611967 0.0 0.0 0.0 0.0 10.200000000000008 0.0 0.07 10.200000000000008 0.0 0.07 0.3 0.05 0.8 0.3 0.05 0.8 0.5 0.1 0.05
531 2.849402904510498 0.0 0.0 0.0 0.0 0.0 0.0 -0.034154708302047976 -0.022625133495051672 -0.44882202830374474 0.16689710972195776 -0.2566568998245233 0.07012483601762931 0.0 0.0 0.0 -0.10584443108419635 -0.09730280814974934 -0.012807176161187758 -0.01177363978611967 0.0 0.0 0.0 0.0 10.200000000000008 0.0 0.07 10.200000000000008 0.0 0.07 0.3 0.05 0.8 0.3 0.05 0.8 0.5 0.1 0.05
532 2.854682683944702 0.0 0.0 0.0 0.0 0.0 0.0 -0.03314816735150047 -0.022011976003956206 -0.4499961595920339 0.16689710972195776 -0.2566568998245233 0.07012483601762931 0.0 0.0 0.0 -0.10584443108419635 -0.09730280814974934 -0.012807176161187758 -0.01177363978611967 0.0 0.0 0.0 0.0 10.200000000000008 0.0 0.07 10.200000000000008 0.0 0.07 0.3 0.05 0.8 0.3 0.05 0.8 0.5 0.1 0.05
533 2.860003709793091 0.0 0.0 0.0 0.0 0.0 0.0 -0.03254424278117196 -0.021644081509298925 -0.4507006383650073 0.16689710972195776 -0.2566568998245233 0.07012483601762931 0.0 0.0 0.0 -0.10584443108419635 -0.09730280814974934 -0.012807176161187758 -0.01177363978611967 0.0 0.0 0.0 0.0 10.200000000000008 0.0 0.07 10.200000000000008 0.0 0.07 0.3 0.05 0.8 0.3 0.05 0.8 0.5 0.1 0.05
534 2.865234375 0.0 0.0 0.0 0.0 0.0 0.0 -0.03164499473081217 -0.02103984852801969 -0.4515835211701732 0.16689710972195776 -0.2566568998245233 0.07012483601762931 0.0 0.0 0.0 -0.10584443108419635 -0.09730280814974934 -0.012807176161187758 -0.01177363978611967 0.0 0.0 0.0 0.0 10.200000000000008 0.0 0.07 10.200000000000008 0.0 0.07 0.3 0.05 0.8 0.3 0.05 0.8 0.5 0.1 0.05
535 2.8705785274505615 0.0 0.0 0.0 0.0 0.0 0.0 -0.030031659284270918 -0.019987018407411638 -0.452956936718675 0.16689710972195776 -0.2566568998245233 0.07012483601762931 0.0 0.0 0.0 -0.10584443108419635 -0.09730280814974934 -0.012807176161187758 -0.01177363978611967 0.0 0.0 0.0 0.0 10.200000000000008 0.0 0.07 10.200000000000008 0.0 0.07 0.3 0.05 0.8 0.3 0.05 0.8 0.5 0.1 0.05
536 2.8759021759033203 0.0 0.0 0.0 0.0 0.0 0.0 -0.02852676470818348 -0.018971824050561942 -0.4542411815891578 0.16689710972195776 -0.2566568998245233 0.07012483601762931 0.0 0.0 0.0 -0.10584443108419635 -0.09730280814974934 -0.012807176161187758 -0.01177363978611967 0.0 0.0 0.0 0.0 10.200000000000008 0.0 0.07 10.200000000000008 0.0 0.07 0.3 0.05 0.8 0.3 0.05 0.8 0.5 0.1 0.05
537 2.881169319152832 0.0 0.0 0.0 0.0 0.0 0.0 -0.027010235397471355 -0.01790251338518641 -0.4553952247959324 0.16689710972195776 -0.2566568998245233 0.07012483601762931 0.0 0.0 0.0 -0.10584443108419635 -0.09730280814974934 -0.012807176161187758 -0.01177363978611967 0.0 0.0 0.0 0.0 10.200000000000008 0.0 0.07 10.200000000000008 0.0 0.07 0.3 0.05 0.8 0.3 0.05 0.8 0.5 0.1 0.05
538 2.8864078521728516 0.0 0.0 0.0 0.0 0.0 0.0 -0.025486725245984415 -0.016954131448489316 -0.45654784626137906 0.16689710972195776 -0.2566568998245233 0.07012483601762931 0.0 0.0 0.0 -0.10584443108419635 -0.09730280814974934 -0.012807176161187758 -0.01177363978611967 0.0 0.0 0.0 0.0 10.200000000000008 0.0 0.07 10.200000000000008 0.0 0.07 0.3 0.05 0.8 0.3 0.05 0.8 0.5 0.1 0.05
539 2.8916256427764893 0.0 0.0 0.0 0.0 0.0 0.0 -0.023882327333135618 -0.015848208978308374 -0.4576229154251319 0.16689710972195776 -0.2566568998245233 0.07012483601762931 0.0 0.0 0.0 -0.10584443108419635 -0.09730280814974934 -0.012807176161187758 -0.01177363978611967 0.0 0.0 0.0 0.0 10.200000000000008 0.0 0.07 10.200000000000008 0.0 0.07 0.3 0.05 0.8 0.3 0.05 0.8 0.5 0.1 0.05
540 2.896841287612915 0.0 0.0 0.0 0.0 0.0 0.0 -0.022229398253585823 -0.014801159211714944 -0.45872814650430094 0.16689710972195776 -0.2566568998245233 0.07012483601762931 0.0 0.0 0.0 -0.10584443108419635 -0.09730280814974934 -0.012807176161187758 -0.01177363978611967 0.0 0.0 0.0 0.0 10.200000000000008 0.0 0.07 10.200000000000008 0.0 0.07 0.3 0.05 0.8 0.3 0.05 0.8 0.5 0.1 0.05
541 2.9021849632263184 0.0 0.0 0.0 0.0 0.0 0.0 -0.021237640805855947 -0.014172929351758887 -0.4593912851518024 0.16689710972195776 -0.2566568998245233 0.07012483601762931 0.0 0.0 0.0 -0.10584443108419635 -0.09730280814974934 -0.012807176161187758 -0.01177363978611967 0.0 0.0 0.0 0.0 10.200000000000008 0.0 0.07 10.200000000000008 0.0 0.07 0.3 0.05 0.8 0.3 0.05 0.8 0.5 0.1 0.05
542 2.907881259918213 0.0 0.0 0.0 0.0 0.0 0.0 -0.019108605669626924 -0.01287560333325382 -0.46063286016616994 0.16689710972195776 -0.2566568998245233 0.07012483601762931 0.0 0.0 0.0 -0.10584443108419635 -0.09730280814974934 -0.012807176161187758 -0.01177363978611967 0.0 0.0 0.0 0.0 10.200000000000008 0.0 0.07 10.200000000000008 0.0 0.07 0.3 0.05 0.8 0.3 0.05 0.8 0.5 0.1 0.05
543 2.913208246231079 0.0 0.0 0.0 0.0 0.0 0.0 -0.016987494252138934 -0.011560314413988089 -0.4618380007161723 0.16689710972195776 -0.2566568998245233 0.07012483601762931 0.0 0.0 0.0 -0.10584443108419635 -0.09730280814974934 -0.012807176161187758 -0.01177363978611967 0.0 0.0 0.0 0.0 10.200000000000008 0.0 0.07 10.200000000000008 0.0 0.07 0.3 0.05 0.8 0.3 0.05 0.8 0.5 0.1 0.05
544 2.918480157852173 0.0 0.0 0.0 0.0 0.0 0.0 -0.014871138556011677 -0.010387646268059908 -0.46302128058755554 0.16689710972195776 -0.2566568998245233 0.07012483601762931 0.0 0.0 0.0 -0.10584443108419635 -0.09730280814974934 -0.012807176161187758 -0.01177363978611967 0.0 0.0 0.0 0.0 10.200000000000008 0.0 0.07 10.200000000000008 0.0 0.07 0.3 0.05 0.8 0.3 0.05 0.8 0.5 0.1 0.05
545 2.9238545894622803 0.0 0.0 0.0 0.0 0.0 0.0 -0.011913945956950283 0.0 -0.46457493437578773 0.16689710972195776 -0.2566568998245233 0.07012483601762931 0.0 0.0 0.0 -0.10584443108419635 -0.09730280814974934 -0.012807176161187758 -0.01177363978611967 0.0 0.0 0.0 0.0 10.200000000000008 0.0 0.07 10.200000000000008 0.0 0.07 0.3 0.05 0.8 0.3 0.05 0.8 0.5 0.1 0.05
546 2.929157257080078 0.0 0.0 0.0 0.0 0.0 0.0 -0.009219242294982014 0.0 -0.46596732219010883 0.16689710972195776 -0.2566568998245233 0.07012483601762931 0.0 0.0 0.0 -0.10584443108419635 -0.09730280814974934 -0.012807176161187758 -0.01177363978611967 0.0 0.0 0.0 0.0 10.200000000000008 0.0 0.07 10.200000000000008 0.0 0.07 0.3 0.05 0.8 0.3 0.05 0.8 0.5 0.1 0.05
547 2.9344186782836914 0.0 0.0 0.0 0.0 0.0 0.0 0.0 0.0 -0.46726295042008337 0.16689710972195776 -0.2566568998245233 0.07012483601762931 0.0 0.0 0.0 -0.10584443108419635 -0.09730280814974934 -0.012807176161187758 -0.01177363978611967 0.0 0.0 0.0 0.0 10.200000000000008 0.0 0.07 10.200000000000008 0.0 0.07 0.3 0.05 0.8 0.3 0.05 0.8 0.5 0.1 0.05
548 2.9398133754730225 0.0 0.0 0.0 0.0 0.0 0.0 0.0 0.0 -0.4680403273580681 0.16689710972195776 -0.2566568998245233 0.07012483601762931 0.0 0.0 0.0 -0.10584443108419635 -0.09730280814974934 -0.012807176161187758 -0.01177363978611967 0.0 0.0 0.0 0.0 10.200000000000008 0.0 0.07 10.200000000000008 0.0 0.07 0.3 0.05 0.8 0.3 0.05 0.8 0.5 0.1 0.05
549 2.9451208114624023 0.0 0.0 0.0 0.0 0.0 0.0 0.0 0.0 -0.4689669490622408 0.16689710972195776 -0.2566568998245233 0.07012483601762931 0.0 0.0 0.0 -0.10584443108419635 -0.09730280814974934 -0.012807176161187758 -0.01177363978611967 0.0 0.0 0.0 0.0 10.200000000000008 0.0 0.07 10.200000000000008 0.0 0.07 0.3 0.05 0.8 0.3 0.05 0.8 0.5 0.1 0.05
550 2.9503605365753174 0.0 0.0 0.0 0.0 0.0 0.0 0.0 0.0 -0.4703666079501466 0.16689710972195776 -0.2566568998245233 0.07012483601762931 0.0 0.0 0.0 -0.10584443108419635 -0.09730280814974934 -0.012807176161187758 -0.01177363978611967 0.0 0.0 0.0 0.0 10.200000000000008 0.0 0.07 10.200000000000008 0.0 0.07 0.3 0.05 0.8 0.3 0.05 0.8 0.5 0.1 0.05
551 2.9557130336761475 0.0 0.0 0.0 0.0 0.0 0.0 0.0 0.0 -0.471666598824272 0.16689710972195776 -0.2566568998245233 0.07012483601762931 0.0 0.0 0.0 -0.10584443108419635 -0.09730280814974934 -0.012807176161187758 -0.01177363978611967 0.0 0.0 0.0 0.0 10.200000000000008 0.0 0.07 10.200000000000008 0.0 0.07 0.3 0.05 0.8 0.3 0.05 0.8 0.5 0.1 0.05
552 2.961008310317993 0.0 0.0 0.0 0.0 0.0 0.0 0.0 0.0 -0.4729067829296645 0.16689710972195776 -0.2566568998245233 0.07012483601762931 0.0 0.0 0.0 -0.10584443108419635 -0.09730280814974934 -0.012807176161187758 -0.01177363978611967 0.0 0.0 0.0 0.0 10.200000000000008 0.0 0.07 10.200000000000008 0.0 0.07 0.3 0.05 0.8 0.3 0.05 0.8 0.5 0.1 0.05
553 2.966305732727051 0.0 0.0 0.0 0.0 0.0 0.0 0.0 0.0 -0.47403438967738487 0.16689710972195776 -0.2566568998245233 0.07012483601762931 0.0 0.0 0.0 -0.10584443108419635 -0.09730280814974934 -0.012807176161187758 -0.01177363978611967 0.0 0.0 0.0 0.0 10.200000000000008 0.0 0.07 10.200000000000008 0.0 0.07 0.3 0.05 0.8 0.3 0.05 0.8 0.5 0.1 0.05
554 2.9715628623962402 0.0 0.0 0.0 0.0 0.0 0.0 0.009466169672504837 0.0 -0.4751711492673989 0.16689710972195776 -0.2566568998245233 0.07012483601762931 0.0 0.0 0.0 -0.10584443108419635 -0.09730280814974934 -0.012807176161187758 -0.01177363978611967 0.0 0.0 0.0 0.0 10.200000000000008 0.0 0.07 10.200000000000008 0.0 0.07 0.3 0.05 0.8 0.3 0.05 0.8 0.5 0.1 0.05
555 2.97692608833313 0.0 0.0 0.0 0.0 0.0 0.0 0.011815624846396311 0.0 -0.4763134005627892 0.16689710972195776 -0.2566568998245233 0.07012483601762931 0.0 0.0 0.0 -0.10584443108419635 -0.09730280814974934 -0.012807176161187758 -0.01177363978611967 0.0 0.0 0.0 0.0 10.200000000000008 0.0 0.07 10.200000000000008 0.0 0.07 0.3 0.05 0.8 0.3 0.05 0.8 0.5 0.1 0.05
556 2.982374906539917 0.0 0.0 0.0 0.0 0.0 0.0 0.013225297950731196 0.0 -0.4769987513400234 0.16689710972195776 -0.2566568998245233 0.07012483601762931 0.0 0.0 0.0 -0.10584443108419635 -0.09730280814974934 -0.012807176161187758 -0.01177363978611967 0.0 0.0 0.0 0.0 10.200000000000008 0.0 0.07 10.200000000000008 0.0 0.07 0.3 0.05 0.8 0.3 0.05 0.8 0.5 0.1 0.05
557 2.9879097938537598 0.0 0.0 0.0 0.0 0.0 0.0 0.01575848080845265 0.0 -0.4782536536322306 0.16689710972195776 -0.2566568998245233 0.07012483601762931 0.0 0.0 0.0 -0.10584443108419635 -0.09730280814974934 -0.012807176161187758 -0.01177363978611967 0.0 0.0 0.0 0.0 10.200000000000008 0.0 0.07 10.200000000000008 0.0 0.07 0.3 0.05 0.8 0.3 0.05 0.8 0.5 0.1 0.05
558 2.993861436843872 0.0 0.0 0.0 0.0 0.0 0.0 0.018045381043145587 0.0 -0.47946679054893676 0.16689710972195776 -0.2566568998245233 0.07012483601762931 0.0 0.0 0.0 -0.10584443108419635 -0.09730280814974934 -0.012807176161187758 -0.01177363978611967 0.0 0.0 0.0 0.0 10.200000000000008 0.0 0.07 10.200000000000008 0.0 0.07 0.3 0.05 0.8 0.3 0.05 0.8 0.5 0.1 0.05
559 2.9992334842681885 0.0 0.0 0.0 0.0 0.0 0.0 0.02102820096875103 0.0 -0.4810383645248272 0.16689710972195776 -0.2566568998245233 0.07012483601762931 0.0 0.0 0.0 -0.10584443108419635 -0.09730280814974934 -0.012807176161187758 -0.01177363978611967 0.0 0.0 0.0 0.0 10.200000000000008 0.0 0.07 10.200000000000008 0.0 0.07 0.3 0.05 0.8 0.3 0.05 0.8 0.5 0.1 0.05
560 3.0045182704925537 0.0 0.0 0.0 0.0 0.0 0.0 0.023431485256343317 0.0 -0.4824414925308143 0.16689710972195776 -0.2566568998245233 0.07012483601762931 0.0 0.0 0.0 -0.10584443108419635 -0.09730280814974934 -0.012807176161187758 -0.01177363978611967 0.0 0.0 0.0 0.0 10.200000000000008 0.0 0.07 10.200000000000008 0.0 0.07 0.3 0.05 0.8 0.3 0.05 0.8 0.5 0.1 0.05
561 3.0099053382873535 0.0 0.0 0.0 0.0 0.0 0.0 0.025563747185194035 0.008951560808411911 -0.4837435648757884 0.16689710972195776 -0.2566568998245233 0.07012483601762931 0.0 0.0 0.0 -0.10584443108419635 -0.09730280814974934 -0.012807176161187758 -0.01177363978611967 0.0 0.0 0.0 0.0 10.200000000000008 0.0 0.07 10.200000000000008 0.0 0.07 0.3 0.05 0.8 0.3 0.05 0.8 0.5 0.1 0.05
562 3.015188217163086 0.0 0.0 0.0 0.0 0.0 0.0 0.027533395698799812 0.009589383693451688 -0.4849083045672577 0.16689710972195776 -0.2566568998245233 0.07012483601762931 0.0 0.0 0.0 -0.10584443108419635 -0.09730280814974934 -0.012807176161187758 -0.01177363978611967 0.0 0.0 0.0 0.0 10.200000000000008 0.0 0.07 10.200000000000008 0.0 0.07 0.3 0.05 0.8 0.3 0.05 0.8 0.5 0.1 0.05
563 3.020505428314209 0.0 0.0 0.0 0.0 0.0 0.0 0.02871518480696328 0.009972077424475555 -0.4856071483821393 0.16689710972195776 -0.2566568998245233 0.07012483601762931 0.0 0.0 0.0 -0.10584443108419635 -0.09730280814974934 -0.012807176161187758 -0.01177363978611967 0.0 0.0 0.0 0.0 10.200000000000008 0.0 0.07 10.200000000000008 0.0 0.07 0.3 0.05 0.8 0.3 0.05 0.8 0.5 0.1 0.05
564 3.0258591175079346 0.0 0.0 0.0 0.0 0.0 0.0 0.029961151580024048 0.010431791433780792 -0.4864866502124501 0.16689710972195776 -0.2566568998245233 0.07012483601762931 0.0 0.0 0.0 -0.10584443108419635 -0.09730280814974934 -0.012807176161187758 -0.01177363978611967 0.0 0.0 0.0 0.0 10.200000000000008 0.0 0.07 10.200000000000008 0.0 0.07 0.3 0.05 0.8 0.3 0.05 0.8 0.5 0.1 0.05
565 3.03116512298584 0.0 0.0 0.0 0.0 0.0 0.0 0.03178251826018589 0.01109111314361656 -0.48785804313650327 0.16689710972195776 -0.2566568998245233 0.07012483601762931 0.0 0.0 0.0 -0.10584443108419635 -0.09730280814974934 -0.012807176161187758 -0.01177363978611967 0.0 0.0 0.0 0.0 10.200000000000008 0.0 0.07 10.200000000000008 0.0 0.07 0.3 0.05 0.8 0.3 0.05 0.8 0.5 0.1 0.05
566 3.0374772548675537 0.0 0.0 0.0 0.0 0.0 0.0 0.033412231390181166 0.011563405426414992 -0.489141074432317 0.16689710972195776 -0.2566568998245233 0.07012483601762931 0.0 0.0 0.0 -0.10584443108419635 -0.09730280814974934 -0.012807176161187758 -0.01177363978611967 0.0 0.0 0.0 0.0 10.200000000000008 0.0 0.07 10.200000000000008 0.0 0.07 0.3 0.05 0.8 0.3 0.05 0.8 0.5 0.1 0.05
567 3.0429320335388184 0.0 0.0 0.0 0.0 0.0 0.0 0.034773554807605134 0.012000179309887997 -0.49029438949429016 0.16689710972195776 -0.2566568998245233 0.07012483601762931 0.0 0.0 0.0 -0.10584443108419635 -0.09730280814974934 -0.012807176161187758 -0.01177363978611967 0.0 0.0 0.0 0.0 10.200000000000008 0.0 0.07 10.200000000000008 0.0 0.07 0.3 0.05 0.8 0.3 0.05 0.8 0.5 0.1 0.05
568 3.0482826232910156 0.0 0.0 0.0 0.0 0.0 0.0 0.03597384402495729 0.0122622436399718 -0.49144657407285586 0.16689710972195776 -0.2566568998245233 0.07012483601762931 0.0 0.0 0.0 -0.10584443108419635 -0.09730280814974934 -0.012807176161187758 -0.01177363978611967 0.0 0.0 0.0 0.0 10.200000000000008 0.0 0.07 10.200000000000008 0.0 0.07 0.3 0.05 0.8 0.3 0.05 0.8 0.5 0.1 0.05
569 3.053546905517578 0.0 0.0 0.0 0.0 0.0 0.0 0.03700081346536939 0.012572880751816028 -0.4925213811044801 0.16689710972195776 -0.2566568998245233 0.07012483601762931 0.0 0.0 0.0 -0.10584443108419635 -0.09730280814974934 -0.012807176161187758 -0.01177363978611967 0.0 0.0 0.0 0.0 10.200000000000008 0.0 0.07 10.200000000000008 0.0 0.07 0.3 0.05 0.8 0.3 0.05 0.8 0.5 0.1 0.05
570 3.0588762760162354 0.0 0.0 0.0 0.0 0.0 0.0 0.03792379141214648 0.012759263018922565 -0.49362644894390756 0.16689710972195776 -0.2566568998245233 0.07012483601762931 0.0 0.0 0.0 -0.10584443108419635 -0.09730280814974934 -0.012807176161187758 -0.01177363978611967 0.0 0.0 0.0 0.0 10.200000000000008 0.0 0.07 10.200000000000008 0.0 0.07 0.3 0.05 0.8 0.3 0.05 0.8 0.5 0.1 0.05
571 3.0642762184143066 0.0 0.0 0.0 0.0 0.0 0.0 0.03878437446274256 0.012947791636083459 -0.4951331814734308 0.16689710972195776 -0.2566568998245233 0.07012483601762931 0.0 0.0 0.0 -0.10584443108419635 -0.09730280814974934 -0.012807176161187758 -0.01177363978611967 0.0 0.0 0.0 0.0 10.200000000000008 0.0 0.07 10.200000000000008 0.0 0.07 0.3 0.05 0.8 0.3 0.05 0.8 0.5 0.1 0.05
572 3.0696003437042236 0.0 0.0 0.0 0.0 0.0 0.0 0.03937742317746815 0.013137608063276967 -0.49642071727562953 0.16689710972195776 -0.2566568998245233 0.07012483601762931 0.0 0.0 0.0 -0.10584443108419635 -0.09730280814974934 -0.012807176161187758 -0.01177363978611967 0.0 0.0 0.0 0.0 10.200000000000008 0.0 0.07 10.200000000000008 0.0 0.07 0.3 0.05 0.8 0.3 0.05 0.8 0.5 0.1 0.05
573 3.074915647506714 0.0 0.0 0.0 0.0 0.0 0.0 0.039809951663200484 0.013251497919593073 -0.49765343429833064 0.16689710972195776 -0.2566568998245233 0.07012483601762931 0.0 0.0 0.0 -0.10584443108419635 -0.09730280814974934 -0.012807176161187758 -0.01177363978611967 0.0 0.0 0.0 0.0 10.200000000000008 0.0 0.07 10.200000000000008 0.0 0.07 0.3 0.05 0.8 0.3 0.05 0.8 0.5 0.1 0.05
574 3.080327272415161 0.0 0.0 0.0 0.0 0.0 0.0 0.04006946875463988 0.013396531090279707 -0.4987765607964362 0.16689710972195776 -0.2566568998245233 0.07012483601762931 0.0 0.0 0.0 -0.10584443108419635 -0.09730280814974934 -0.012807176161187758 -0.01177363978611967 0.0 0.0 0.0 0.0 10.200000000000008 0.0 0.07 10.200000000000008 0.0 0.07 0.3 0.05 0.8 0.3 0.05 0.8 0.5 0.1 0.05
575 3.0856406688690186 0.0 0.0 0.0 0.0 0.0 0.0 0.04022517900950352 0.01348355099269169 -0.4999106322366813 0.16689710972195776 -0.2566568998245233 0.07012483601762931 0.0 0.0 0.0 -0.10584443108419635 -0.09730280814974934 -0.012807176161187758 -0.01177363978611967 0.0 0.0 0.0 0.0 10.200000000000008 0.0 0.07 10.200000000000008 0.0 0.07 0.3 0.05 0.8 0.3 0.05 0.8 0.5 0.1 0.05
576 3.0909371376037598 0.0 0.0 0.0 0.0 0.0 0.0 0.04016520702115679 0.013535762934138877 -0.5009745713853133 0.16689710972195776 -0.2566568998245233 0.07012483601762931 0.0 0.0 0.0 -0.10584443108419635 -0.09730280814974934 -0.012807176161187758 -0.01177363978611967 0.0 0.0 0.0 0.0 10.200000000000008 0.0 0.07 10.200000000000008 0.0 0.07 0.3 0.05 0.8 0.3 0.05 0.8 0.5 0.1 0.05
577 3.0962159633636475 0.0 0.0 0.0 0.0 0.0 0.0 0.040052524571251774 0.013567090099007192 -0.5020731304158743 0.16689710972195776 -0.2566568998245233 0.07012483601762931 0.0 0.0 0.0 -0.10584443108419635 -0.09730280814974934 -0.012807176161187758 -0.01177363978611967 0.0 0.0 0.0 0.0 10.200000000000008 0.0 0.07 10.200000000000008 0.0 0.07 0.3 0.05 0.8 0.3 0.05 0.8 0.5 0.1 0.05
578 3.101471424102783 0.0 0.0 0.0 0.0 0.0 0.0 0.03998491510130876 0.013585886397928178 -0.5027322658342108 0.16689710972195776 -0.2566568998245233 0.07012483601762931 0.0 0.0 0.0 -0.10584443108419635 -0.09730280814974934 -0.012807176161187758 -0.01177363978611967 0.0 0.0 0.0 0.0 10.200000000000008 0.0 0.07 10.200000000000008 0.0 0.07 0.3 0.05 0.8 0.3 0.05 0.8 0.5 0.1 0.05
579 3.106710433959961 0.0 0.0 0.0 0.0 0.0 0.0 0.0397142523937101 0.013673863434177744 -0.5035112433696977 0.16689710972195776 -0.2566568998245233 0.07012483601762931 0.0 0.0 0.0 -0.10584443108419635 -0.09730280814974934 -0.012807176161187758 -0.01177363978611967 0.0 0.0 0.0 0.0 10.200000000000008 0.0 0.07 10.200000000000008 0.0 0.07 0.3 0.05 0.8 0.3 0.05 0.8 0.5 0.1 0.05
580 3.111964225769043 0.0 0.0 0.0 0.0 0.0 0.0 0.03916835960225313 0.013726649655927483 -0.5048223097959275 0.16689710972195776 -0.2566568998245233 0.07012483601762931 0.0 0.0 0.0 -0.10584443108419635 -0.09730280814974934 -0.012807176161187758 -0.01177363978611967 0.0 0.0 0.0 0.0 10.200000000000008 0.0 0.07 10.200000000000008 0.0 0.07 0.3 0.05 0.8 0.3 0.05 0.8 0.5 0.1 0.05
581 3.117342472076416 0.0 0.0 0.0 0.0 0.0 0.0 0.03853402764484912 0.013758321388977326 -0.5059924459361502 0.16689710972195776 -0.2566568998245233 0.07012483601762931 0.0 0.0 0.0 -0.10584443108419635 -0.09730280814974934 -0.012807176161187758 -0.01177363978611967 0.0 0.0 0.0 0.0 10.200000000000008 0.0 0.07 10.200000000000008 0.0 0.07 0.3 0.05 0.8 0.3 0.05 0.8 0.5 0.1 0.05
582 3.1226696968078613 0.0 0.0 0.0 0.0 0.0 0.0 0.03784663256040591 0.013854023685704205 -0.5071547231616658 0.16689710972195776 -0.2566568998245233 0.07012483601762931 0.0 0.0 0.0 -0.10584443108419635 -0.09730280814974934 -0.012807176161187758 -0.01177363978611967 0.0 0.0 0.0 0.0 10.200000000000008 0.0 0.07 10.200000000000008 0.0 0.07 0.3 0.05 0.8 0.3 0.05 0.8 0.5 0.1 0.05
583 3.127997875213623 0.0 0.0 0.0 0.0 0.0 0.0 0.037127399227210145 0.013988141340405068 -0.5082355857814599 0.16689710972195776 -0.2566568998245233 0.07012483601762931 0.0 0.0 0.0 -0.10584443108419635 -0.09730280814974934 -0.012807176161187758 -0.01177363978611967 0.0 0.0 0.0 0.0 10.200000000000008 0.0 0.07 10.200000000000008 0.0 0.07 0.3 0.05 0.8 0.3 0.05 0.8 0.5 0.1 0.05
584 3.1332974433898926 0.0 0.0 0.0 0.0 0.0 0.0 0.03631236406039492 0.014145311190122557 -0.5092675996378212 0.16689710972195776 -0.2566568998245233 0.07012483601762931 0.0 0.0 0.0 -0.10584443108419635 -0.09730280814974934 -0.012807176161187758 -0.01177363978611967 0.0 0.0 0.0 0.0 10.200000000000008 0.0 0.07 10.200000000000008 0.0 0.07 0.3 0.05 0.8 0.3 0.05 0.8 0.5 0.1 0.05
585 3.138766288757324 0.0 0.0 0.0 0.0 0.0 0.0 0.03543984760714349 0.014316312356850023 -0.5103470034930199 0.16689710972195776 -0.2566568998245233 0.07012483601762931 0.0 0.0 0.0 -0.10584443108419635 -0.09730280814974934 -0.012807176161187758 -0.01177363978611967 0.0 0.0 0.0 0.0 10.200000000000008 0.0 0.07 10.200000000000008 0.0 0.07 0.3 0.05 0.8 0.3 0.05 0.8 0.5 0.1 0.05
586 3.144117593765259 0.0 0.0 0.0 0.0 0.0 0.0 0.03414934740139709 0.01464901082757742 -0.5118383376320057 0.16689710972195776 -0.2566568998245233 0.07012483601762931 0.0 0.0 0.0 -0.10584443108419635 -0.09730280814974934 -0.012807176161187758 -0.01177363978611967 0.0 0.0 0.0 0.0 10.200000000000008 0.0 0.07 10.200000000000008 0.0 0.07 0.3 0.05 0.8 0.3 0.05 0.8 0.5 0.1 0.05
587 3.1494574546813965 0.0 0.0 0.0 0.0 0.0 0.0 0.03291485304041902 0.015002028423807804 -0.5131166343998821 0.16689710972195776 -0.2566568998245233 0.07012483601762931 0.0 0.0 0.0 -0.10584443108419635 -0.09730280814974934 -0.012807176161187758 -0.01177363978611967 0.0 0.0 0.0 0.0 10.200000000000008 0.0 0.07 10.200000000000008 0.0 0.07 0.3 0.05 0.8 0.3 0.05 0.8 0.5 0.1 0.05
588 3.1547300815582275 0.0 0.0 0.0 0.0 0.0 0.0 0.03179066116380215 0.01536723749533998 -0.5142670968241638 0.16689710972195776 -0.2566568998245233 0.07012483601762931 0.0 0.0 0.0 -0.10584443108419635 -0.09730280814974934 -0.012807176161187758 -0.01177363978611967 0.0 0.0 0.0 0.0 10.200000000000008 0.0 0.07 10.200000000000008 0.0 0.07 0.3 0.05 0.8 0.3 0.05 0.8 0.5 0.1 0.05
589 3.160017251968384 0.0 0.0 0.0 0.0 0.0 0.0 0.030655951800301794 0.015739761452053233 -0.5154175698201148 0.16689710972195776 -0.2566568998245233 0.07012483601762931 0.0 0.0 0.0 -0.10584443108419635 -0.09730280814974934 -0.012807176161187758 -0.01177363978611967 0.0 0.0 0.0 0.0 10.200000000000008 0.0 0.07 10.200000000000008 0.0 0.07 0.3 0.05 0.8 0.3 0.05 0.8 0.5 0.1 0.05
590 3.16528582572937 0.0 0.0 0.0 0.0 0.0 0.0 0.029591630968737674 0.016193370616539863 -0.5164913499021702 0.16689710972195776 -0.2566568998245233 0.07012483601762931 0.0 0.0 0.0 -0.10584443108419635 -0.09730280814974934 -0.012807176161187758 -0.01177363978611967 0.0 0.0 0.0 0.0 10.200000000000008 0.0 0.07 10.200000000000008 0.0 0.07 0.3 0.05 0.8 0.3 0.05 0.8 0.5 0.1 0.05
591 3.1706366539001465 0.0 0.0 0.0 0.0 0.0 0.0 0.028569543256335303 0.01669563388592276 -0.5175958134927853 0.16689710972195776 -0.2566568998245233 0.07012483601762931 0.0 0.0 0.0 -0.10584443108419635 -0.09730280814974934 -0.012807176161187758 -0.01177363978611967 0.0 0.0 0.0 0.0 10.200000000000008 0.0 0.07 10.200000000000008 0.0 0.07 0.3 0.05 0.8 0.3 0.05 0.8 0.5 0.1 0.05
592 3.175978899002075 0.0 0.0 0.0 0.0 0.0 0.0 0.027649494462779367 0.017227089618243416 -0.5186419879316392 0.16689710972195776 -0.2566568998245233 0.07012483601762931 0.0 0.0 0.0 -0.10584443108419635 -0.09730280814974934 -0.012807176161187758 -0.01177363978611967 0.0 0.0 0.0 0.0 10.200000000000008 0.0 0.07 10.200000000000008 0.0 0.07 0.3 0.05 0.8 0.3 0.05 0.8 0.5 0.1 0.05
593 3.1813442707061768 0.0 0.0 0.0 0.0 0.0 0.0 0.02709746518664581 0.017545963057635807 -0.5192696925949515 0.16689710972195776 -0.2566568998245233 0.07012483601762931 0.0 0.0 0.0 -0.10584443108419635 -0.09730280814974934 -0.012807176161187758 -0.01177363978611967 0.0 0.0 0.0 0.0 10.200000000000008 0.0 0.07 10.200000000000008 0.0 0.07 0.3 0.05 0.8 0.3 0.05 0.8 0.5 0.1 0.05
594 3.1866369247436523 0.0 0.0 0.0 0.0 0.0 0.0 0.026306053360152376 0.01796738489196216 -0.5201065109343208 0.16689710972195776 -0.2566568998245233 0.07012483601762931 0.0 0.0 0.0 -0.10584443108419635 -0.09730280814974934 -0.012807176161187758 -0.01177363978611967 0.0 0.0 0.0 0.0 10.200000000000008 0.0 0.07 10.200000000000008 0.0 0.07 0.3 0.05 0.8 0.3 0.05 0.8 0.5 0.1 0.05
595 3.1920278072357178 0.0 0.0 0.0 0.0 0.0 0.0 0.02514091490796097 0.018910528324398487 -0.5214522937638091 0.16689710972195776 -0.2566568998245233 0.07012483601762931 0.0 0.0 0.0 -0.10584443108419635 -0.09730280814974934 -0.012807176161187758 -0.01177363978611967 0.0 0.0 0.0 0.0 10.200000000000008 0.0 0.07 10.200000000000008 0.0 0.07 0.3 0.05 0.8 0.3 0.05 0.8 0.5 0.1 0.05
596 3.1973016262054443 0.0 0.0 0.0 0.0 0.0 0.0 0.024058336669748354 0.019783211411448176 -0.5226432597459869 0.16689710972195776 -0.2566568998245233 0.07012483601762931 0.0 0.0 0.0 -0.10584443108419635 -0.09730280814974934 -0.012807176161187758 -0.01177363978611967 0.0 0.0 0.0 0.0 10.200000000000008 0.0 0.07 10.200000000000008 0.0 0.07 0.3 0.05 0.8 0.3 0.05 0.8 0.5 0.1 0.05
597 3.2025530338287354 0.0 0.0 0.0 0.0 0.0 0.0 0.023101993444290952 0.020690314567930614 -0.5238180348766754 0.16689710972195776 -0.2566568998245233 0.07012483601762931 0.0 0.0 0.0 -0.10584443108419635 -0.09730280814974934 -0.012807176161187758 -0.01177363978611967 0.0 0.0 0.0 0.0 10.200000000000008 0.0 0.07 10.200000000000008 0.0 0.07 0.3 0.05 0.8 0.3 0.05 0.8 0.5 0.1 0.05
598 3.207859516143799 0.0 0.0 0.0 0.0 0.0 0.0 0.022221391412751194 0.021618072746304937 -0.5249063843186444 0.16689710972195776 -0.2566568998245233 0.07012483601762931 0.0 0.0 0.0 -0.10584443108419635 -0.09730280814974934 -0.012807176161187758 -0.01177363978611967 0.0 0.0 0.0 0.0 10.200000000000008 0.0 0.07 10.200000000000008 0.0 0.07 0.3 0.05 0.8 0.3 0.05 0.8 0.5 0.1 0.05
599 3.2131195068359375 0.0 0.0 0.0 0.0 0.0 0.0 0.021386234097562025 0.022634923194711366 -0.5260195895252077 0.16689710972195776 -0.2566568998245233 0.07012483601762931 0.0 0.0 0.0 -0.10584443108419635 -0.09730280814974934 -0.012807176161187758 -0.01177363978611967 0.0 0.0 0.0 0.0 10.200000000000008 0.0 0.07 10.200000000000008 0.0 0.07 0.3 0.05 0.8 0.3 0.05 0.8 0.5 0.1 0.05
600 3.2183637619018555 0.0 0.0 0.0 0.0 0.0 0.0 0.02065504249655115 0.023705226024904824 -0.5271477081905274 0.16689710972195776 -0.2566568998245233 0.07012483601762931 0.0 0.0 0.0 -0.10584443108419635 -0.09730280814974934 -0.012807176161187758 -0.01177363978611967 0.0 0.0 0.0 0.0 10.200000000000008 0.0 0.07 10.200000000000008 0.0 0.07 0.3 0.05 0.8 0.3 0.05 0.8 0.5 0.1 0.05
601 3.2239530086517334 0.0 0.0 0.0 0.0 0.0 0.0 0.019832832182782336 0.02526779582555233 -0.5286682712155859 0.16689710972195776 -0.2566568998245233 0.07012483601762931 0.0 0.0 0.0 -0.10584443108419635 -0.09730280814974934 -0.012807176161187758 -0.01177363978611967 0.0 0.0 0.0 0.0 10.200000000000008 0.0 0.07 10.200000000000008 0.0 0.07 0.3 0.05 0.8 0.3 0.05 0.8 0.5 0.1 0.05
602 3.2293355464935303 0.0 0.0 0.0 0.0 0.0 0.0 0.01933950599452105 0.026205337705940836 -0.5295806090306211 0.16689710972195776 -0.2566568998245233 0.07012483601762931 0.0 0.0 0.0 -0.10584443108419635 -0.09730280814974934 -0.012807176161187758 -0.01177363978611967 0.0 0.0 0.0 0.0 10.200000000000008 0.0 0.07 10.200000000000008 0.0 0.07 0.3 0.05 0.8 0.3 0.05 0.8 0.5 0.1 0.05
603 3.2348074913024902 0.0 0.0 0.0 0.0 0.0 0.0 0.0186600151146665 0.027764950193602343 -0.5309717035455088 0.16689710972195776 -0.2566568998245233 0.07012483601762931 0.0 0.0 0.0 -0.10584443108419635 -0.09730280814974934 -0.012807176161187758 -0.01177363978611967 0.0 0.0 0.0 0.0 10.200000000000008 0.0 0.07 10.200000000000008 0.0 0.07 0.3 0.05 0.8 0.3 0.05 0.8 0.5 0.1 0.05
604 3.2401211261749268 0.0 0.0 0.0 0.0 0.0 0.0 0.018098922445488858 0.029160913227581083 -0.5322665557958234 0.16689710972195776 -0.2566568998245233 0.07012483601762931 0.0 0.0 0.0 -0.10584443108419635 -0.09730280814974934 -0.012807176161187758 -0.01177363978611967 0.0 0.0 0.0 0.0 10.200000000000008 0.0 0.07 10.200000000000008 0.0 0.07 0.3 0.05 0.8 0.3 0.05 0.8 0.5 0.1 0.05
605 3.2454440593719482 0.0 0.0 0.0 0.0 0.0 0.0 0.017762266843982272 0.030535385846247137 -0.5335036626873939 0.16689710972195776 -0.2566568998245233 0.07012483601762931 0.0 0.0 0.0 -0.10584443108419635 -0.09730280814974934 -0.012807176161187758 -0.01177363978611967 0.0 0.0 0.0 0.0 10.200000000000008 0.0 0.07 10.200000000000008 0.0 0.07 0.3 0.05 0.8 0.3 0.05 0.8 0.5 0.1 0.05
606 3.2508060932159424 0.0 0.0 0.0 0.0 0.0 0.0 0.017406875714342435 0.031896961235493335 -0.5347061223637182 0.16689710972195776 -0.2566568998245233 0.07012483601762931 0.0 0.0 0.0 -0.10584443108419635 -0.09730280814974934 -0.012807176161187758 -0.01177363978611967 0.0 0.0 0.0 0.0 10.200000000000008 0.0 0.07 10.200000000000008 0.0 0.07 0.3 0.05 0.8 0.3 0.05 0.8 0.5 0.1 0.05
607 3.256056070327759 0.0 0.0 0.0 0.0 0.0 0.0 0.017193641036558533 0.03325079828708763 -0.5358110825330685 0.16689710972195776 -0.2566568998245233 0.07012483601762931 0.0 0.0 0.0 -0.10584443108419635 -0.09730280814974934 -0.012807176161187758 -0.01177363978611967 0.0 0.0 0.0 0.0 10.200000000000008 0.0 0.07 10.200000000000008 0.0 0.07 0.3 0.05 0.8 0.3 0.05 0.8 0.5 0.1 0.05
608 3.2613139152526855 0.0 0.0 0.0 0.0 0.0 0.0 0.01706570022988819 0.034063100518044204 -0.5364740586346788 0.16689710972195776 -0.2566568998245233 0.07012483601762931 0.0 0.0 0.0 -0.10584443108419635 -0.09730280814974934 -0.012807176161187758 -0.01177363978611967 0.0 0.0 0.0 0.0 10.200000000000008 0.0 0.07 10.200000000000008 0.0 0.07 0.3 0.05 0.8 0.3 0.05 0.8 0.5 0.1 0.05
609 3.2665250301361084 0.0 0.0 0.0 0.0 0.0 0.0 0.016988935745885985 0.03508737665489696 -0.5373320398370267 0.16689710972195776 -0.2566568998245233 0.07012483601762931 0.0 0.0 0.0 -0.10584443108419635 -0.09730280814974934 -0.012807176161187758 -0.01177363978611967 0.0 0.0 0.0 0.0 10.200000000000008 0.0 0.07 10.200000000000008 0.0 0.07 0.3 0.05 0.8 0.3 0.05 0.8 0.5 0.1 0.05
610 3.271815299987793 0.0 0.0 0.0 0.0 0.0 0.0 0.017019575939852608 0.036852428210230964 -0.5387672196411992 0.16689710972195776 -0.2566568998245233 0.07012483601762931 0.0 0.0 0.0 -0.10584443108419635 -0.09730280814974934 -0.012807176161187758 -0.01177363978611967 0.0 0.0 0.0 0.0 10.200000000000008 0.0 0.07 10.200000000000008 0.0 0.07 0.3 0.05 0.8 0.3 0.05 0.8 0.5 0.1 0.05
611 3.277193307876587 0.0 0.0 0.0 0.0 0.0 0.0 0.017191358197497494 0.03844835096147793 -0.5400885230650845 0.16689710972195776 -0.2566568998245233 0.07012483601762931 0.0 0.0 0.0 -0.10584443108419635 -0.09730280814974934 -0.012807176161187758 -0.01177363978611967 0.0 0.0 0.0 0.0 10.200000000000008 0.0 0.07 10.200000000000008 0.0 0.07 0.3 0.05 0.8 0.3 0.05 0.8 0.5 0.1 0.05
612 3.2824649810791016 0.0 0.0 0.0 0.0 0.0 0.0 0.017371126436452368 0.0400194986674019 -0.5412648014039005 0.16689710972195776 -0.2566568998245233 0.07012483601762931 0.0 0.0 0.0 -0.10584443108419635 -0.09730280814974934 -0.012807176161187758 -0.01177363978611967 0.0 0.0 0.0 0.0 10.200000000000008 0.0 0.07 10.200000000000008 0.0 0.07 0.3 0.05 0.8 0.3 0.05 0.8 0.5 0.1 0.05
613 3.2878172397613525 0.0 0.0 0.0 0.0 0.0 0.0 0.01763238552109021 0.04149907910900284 -0.542430763948572 0.16689710972195776 -0.2566568998245233 0.07012483601762931 0.0 0.0 0.0 -0.10584443108419635 -0.09730280814974934 -0.012807176161187758 -0.01177363978611967 0.0 0.0 0.0 0.0 10.200000000000008 0.0 0.07 10.200000000000008 0.0 0.07 0.3 0.05 0.8 0.3 0.05 0.8 0.5 0.1 0.05
614 3.2931714057922363 0.0 0.0 0.0 0.0 0.0 0.0 0.018019237997505773 0.04292372217224222 -0.5435905370167567 0.16689710972195776 -0.2566568998245233 0.07012483601762931 0.0 0.0 0.0 -0.10584443108419635 -0.09730280814974934 -0.012807176161187758 -0.01177363978611967 0.0 0.0 0.0 0.0 10.200000000000008 0.0 0.07 10.200000000000008 0.0 0.07 0.3 0.05 0.8 0.3 0.05 0.8 0.5 0.1 0.05
615 3.298469066619873 0.0 0.0 0.0 0.0 0.0 0.0 0.018404747624620025 0.04431539982823242 -0.5447465963990494 0.16689710972195776 -0.2566568998245233 0.07012483601762931 0.0 0.0 0.0 -0.10584443108419635 -0.09730280814974934 -0.012807176161187758 -0.01177363978611967 0.0 0.0 0.0 0.0 10.200000000000008 0.0 0.07 10.200000000000008 0.0 0.07 0.3 0.05 0.8 0.3 0.05 0.8 0.5 0.1 0.05
616 3.3037898540496826 0.0 0.0 0.0 0.0 0.0 0.0 0.018636053400888575 0.045150406421826536 -0.5454402320284251 0.16689710972195776 -0.2566568998245233 0.07012483601762931 0.0 0.0 0.0 -0.10584443108419635 -0.09730280814974934 -0.012807176161187758 -0.01177363978611967 0.0 0.0 0.0 0.0 10.200000000000008 0.0 0.07 10.200000000000008 0.0 0.07 0.3 0.05 0.8 0.3 0.05 0.8 0.5 0.1 0.05
617 3.309129476547241 0.0 0.0 0.0 0.0 0.0 0.0 0.019158332219811995 0.046648497737411414 -0.5467767925678851 0.16689710972195776 -0.2566568998245233 0.07012483601762931 0.0 0.0 0.0 -0.10584443108419635 -0.09730280814974934 -0.012807176161187758 -0.01177363978611967 0.0 0.0 0.0 0.0 10.200000000000008 0.0 0.07 10.200000000000008 0.0 0.07 0.3 0.05 0.8 0.3 0.05 0.8 0.5 0.1 0.05
618 3.3143672943115234 0.0 0.0 0.0 0.0 0.0 0.0 0.01985519467806382 0.04839104435262904 -0.5484991199743249 0.16689710972195776 -0.2566568998245233 0.07012483601762931 0.0 0.0 0.0 -0.10584443108419635 -0.09730280814974934 -0.012807176161187758 -0.01177363978611967 0.0 0.0 0.0 0.0 10.200000000000008 0.0 0.07 10.200000000000008 0.0 0.07 0.3 0.05 0.8 0.3 0.05 0.8 0.5 0.1 0.05
619 3.319607734680176 0.0 0.0 0.0 0.0 0.0 0.0 0.020503409364912288 0.04982006562601224 -0.5499160127026735 0.16689710972195776 -0.2566568998245233 0.07012483601762931 0.0 0.0 0.0 -0.10584443108419635 -0.09730280814974934 -0.012807176161187758 -0.01177363978611967 0.0 0.0 0.0 0.0 10.200000000000008 0.0 0.07 10.200000000000008 0.0 0.07 0.3 0.05 0.8 0.3 0.05 0.8 0.5 0.1 0.05
620 3.3248863220214844 0.0 0.0 0.0 0.0 0.0 0.0 0.02112243520265423 0.05106097467452703 -0.5512263438810646 0.16689710972195776 -0.2566568998245233 0.07012483601762931 0.0 0.0 0.0 -0.10584443108419635 -0.09730280814974934 -0.012807176161187758 -0.01177363978611967 0.0 0.0 0.0 0.0 10.200000000000008 0.0 0.07 10.200000000000008 0.0 0.07 0.3 0.05 0.8 0.3 0.05 0.8 0.5 0.1 0.05
621 3.330307960510254 0.0 0.0 0.0 0.0 0.0 0.0 0.021723947917196767 0.05211231713122379 -0.5524727381294811 0.16689710972195776 -0.2566568998245233 0.07012483601762931 0.0 0.0 0.0 -0.10584443108419635 -0.09730280814974934 -0.012807176161187758 -0.01177363978611967 0.0 0.0 0.0 0.0 10.200000000000008 0.0 0.07 10.200000000000008 0.0 0.07 0.3 0.05 0.8 0.3 0.05 0.8 0.5 0.1 0.05
622 3.3356552124023438 0.0 0.0 0.0 0.0 0.0 0.0 0.02231495257155515 0.05312661590949447 -0.5536807702199127 0.16689710972195776 -0.2566568998245233 0.07012483601762931 0.0 0.0 0.0 -0.10584443108419635 -0.09730280814974934 -0.012807176161187758 -0.01177363978611967 0.0 0.0 0.0 0.0 10.200000000000008 0.0 0.07 10.200000000000008 0.0 0.07 0.3 0.05 0.8 0.3 0.05 0.8 0.5 0.1 0.05
623 3.341017961502075 0.0 0.0 0.0 0.0 0.0 0.0 0.022669555364170174 0.053735195176456876 -0.5544055894741717 0.16689710972195776 -0.2566568998245233 0.07012483601762931 0.0 0.0 0.0 -0.10584443108419635 -0.09730280814974934 -0.012807176161187758 -0.01177363978611967 0.0 0.0 0.0 0.0 10.200000000000008 0.0 0.07 10.200000000000008 0.0 0.07 0.3 0.05 0.8 0.3 0.05 0.8 0.5 0.1 0.05
624 3.346670150756836 0.0 0.0 0.0 0.0 0.0 0.0 0.023035715181004106 0.05433044050732523 -0.555300676568109 0.16689710972195776 -0.2566568998245233 0.07012483601762931 0.0 0.0 0.0 -0.10584443108419635 -0.09730280814974934 -0.012807176161187758 -0.01177363978611967 0.0 0.0 0.0 0.0 10.200000000000008 0.0 0.07 10.200000000000008 0.0 0.07 0.3 0.05 0.8 0.3 0.05 0.8 0.5 0.1 0.05
625 3.352072238922119 0.0 0.0 0.0 0.0 0.0 0.0 0.0237156053086347 0.055147783247228084 -0.5566814087294091 0.16689710972195776 -0.2566568998245233 0.07012483601762931 0.0 0.0 0.0 -0.10584443108419635 -0.09730280814974934 -0.012807176161187758 -0.01177363978611967 0.0 0.0 0.0 0.0 10.200000000000008 0.0 0.07 10.200000000000008 0.0 0.07 0.3 0.05 0.8 0.3 0.05 0.8 0.5 0.1 0.05
626 3.35734224319458 0.0 0.0 0.0 0.0 0.0 0.0 0.02435363650397817 0.055868283681628474 -0.557970043567571 0.16689710972195776 -0.2566568998245233 0.07012483601762931 0.0 0.0 0.0 -0.10584443108419635 -0.09730280814974934 -0.012807176161187758 -0.01177363978611967 0.0 0.0 0.0 0.0 10.200000000000008 0.0 0.07 10.200000000000008 0.0 0.07 0.3 0.05 0.8 0.3 0.05 0.8 0.5 0.1 0.05
627 3.362600088119507 0.0 0.0 0.0 0.0 0.0 0.0 0.024889853269316912 0.056377283199165684 -0.55920342001185 0.16689710972195776 -0.2566568998245233 0.07012483601762931 0.0 0.0 0.0 -0.10584443108419635 -0.09730280814974934 -0.012807176161187758 -0.01177363978611967 0.0 0.0 0.0 0.0 10.200000000000008 0.0 0.07 10.200000000000008 0.0 0.07 0.3 0.05 0.8 0.3 0.05 0.8 0.5 0.1 0.05
628 3.3678858280181885 0.0 0.0 0.0 0.0 0.0 0.0 0.02536498142321894 0.056836081423481954 -0.5604036414197993 0.16689710972195776 -0.2566568998245233 0.07012483601762931 0.0 0.0 0.0 -0.10584443108419635 -0.09730280814974934 -0.012807176161187758 -0.01177363978611967 0.0 0.0 0.0 0.0 10.200000000000008 0.0 0.07 10.200000000000008 0.0 0.07 0.3 0.05 0.8 0.3 0.05 0.8 0.5 0.1 0.05
629 3.3731226921081543 0.0 0.0 0.0 0.0 0.0 0.0 0.025726757362909553 0.057188059614968687 -0.5615072705490536 0.16689710972195776 -0.2566568998245233 0.07012483601762931 0.0 0.0 0.0 -0.10584443108419635 -0.09730280814974934 -0.012807176161187758 -0.01177363978611967 0.0 0.0 0.0 0.0 10.200000000000008 0.0 0.07 10.200000000000008 0.0 0.07 0.3 0.05 0.8 0.3 0.05 0.8 0.5 0.1 0.05
630 3.378343105316162 0.0 0.0 0.0 0.0 0.0 0.0 0.026097221009781173 0.057399246529860726 -0.5626296435679881 0.16689710972195776 -0.2566568998245233 0.07012483601762931 0.0 0.0 0.0 -0.10584443108419635 -0.09730280814974934 -0.012807176161187758 -0.01177363978611967 0.0 0.0 0.0 0.0 10.200000000000008 0.0 0.07 10.200000000000008 0.0 0.07 0.3 0.05 0.8 0.3 0.05 0.8 0.5 0.1 0.05
631 3.38369083404541 0.0 0.0 0.0 0.0 0.0 0.0 0.026319499197904148 0.05752595867879595 -0.5633030673793488 0.16689710972195776 -0.2566568998245233 0.07012483601762931 0.0 0.0 0.0 -0.10584443108419635 -0.09730280814974934 -0.012807176161187758 -0.01177363978611967 0.0 0.0 0.0 0.0 10.200000000000008 0.0 0.07 10.200000000000008 0.0 0.07 0.3 0.05 0.8 0.3 0.05 0.8 0.5 0.1 0.05
632 3.3890020847320557 0.0 0.0 0.0 0.0 0.0 0.0 0.02660626419383519 0.057525286711260115 -0.5645508134920318 0.16689710972195776 -0.2566568998245233 0.07012483601762931 0.0 0.0 0.0 -0.10584443108419635 -0.09730280814974934 -0.012807176161187758 -0.01177363978611967 0.0 0.0 0.0 0.0 10.200000000000008 0.0 0.07 10.200000000000008 0.0 0.07 0.3 0.05 0.8 0.3 0.05 0.8 0.5 0.1 0.05
633 3.3943636417388916 0.0 0.0 0.0 0.0 0.0 0.0 0.02677832319139381 0.05737148501694467 -0.5661431529855084 0.16689710972195776 -0.2566568998245233 0.07012483601762931 0.0 0.0 0.0 -0.10584443108419635 -0.09730280814974934 -0.012807176161187758 -0.01177363978611967 0.0 0.0 0.0 0.0 10.200000000000008 0.0 0.07 10.200000000000008 0.0 0.07 0.3 0.05 0.8 0.3 0.05 0.8 0.5 0.1 0.05
634 3.3996171951293945 0.0 0.0 0.0 0.0 0.0 0.0 0.02688155858992898 0.057049106229664484 -0.5675587403020472 0.16689710972195776 -0.2566568998245233 0.07012483601762931 0.0 0.0 0.0 -0.10584443108419635 -0.09730280814974934 -0.012807176161187758 -0.01177363978611967 0.0 0.0 0.0 0.0 10.200000000000008 0.0 0.07 10.200000000000008 0.0 0.07 0.3 0.05 0.8 0.3 0.05 0.8 0.5 0.1 0.05
635 3.4048268795013428 0.0 0.0 0.0 0.0 0.0 0.0 0.02686680078752146 0.056702283423734665 -0.5687915889764554 0.16689710972195776 -0.2566568998245233 0.07012483601762931 0.0 0.0 0.0 -0.10584443108419635 -0.09730280814974934 -0.012807176161187758 -0.01177363978611967 0.0 0.0 0.0 0.0 10.200000000000008 0.0 0.07 10.200000000000008 0.0 0.07 0.3 0.05 0.8 0.3 0.05 0.8 0.5 0.1 0.05
636 3.4100301265716553 0.0 0.0 0.0 0.0 0.0 0.0 0.02678124706454832 0.056264091969485855 -0.5699914937224821 0.16689710972195776 -0.2566568998245233 0.07012483601762931 0.0 0.0 0.0 -0.10584443108419635 -0.09730280814974934 -0.012807176161187758 -0.01177363978611967 0.0 0.0 0.0 0.0 10.200000000000008 0.0 0.07 10.200000000000008 0.0 0.07 0.3 0.05 0.8 0.3 0.05 0.8 0.5 0.1 0.05
637 3.415245771408081 0.0 0.0 0.0 0.0 0.0 0.0 0.026653215795056574 0.05577107932624565 -0.571094932854583 0.16689710972195776 -0.2566568998245233 0.07012483601762931 0.0 0.0 0.0 -0.10584443108419635 -0.09730280814974934 -0.012807176161187758 -0.01177363978611967 0.0 0.0 0.0 0.0 10.200000000000008 0.0 0.07 10.200000000000008 0.0 0.07 0.3 0.05 0.8 0.3 0.05 0.8 0.5 0.1 0.05
638 3.4205071926116943 0.0 0.0 0.0 0.0 0.0 0.0 0.026576397033361523 0.05547527174030153 -0.5717569963338436 0.16689710972195776 -0.2566568998245233 0.07012483601762931 0.0 0.0 0.0 -0.10584443108419635 -0.09730280814974934 -0.012807176161187758 -0.01177363978611967 0.0 0.0 0.0 0.0 10.200000000000008 0.0 0.07 10.200000000000008 0.0 0.07 0.3 0.05 0.8 0.3 0.05 0.8 0.5 0.1 0.05
639 3.425807476043701 0.0 0.0 0.0 0.0 0.0 0.0 0.02637690768164571 0.05491429090425019 -0.5726144299627818 0.16689710972195776 -0.2566568998245233 0.07012483601762931 0.0 0.0 0.0 -0.10584443108419635 -0.09730280814974934 -0.012807176161187758 -0.01177363978611967 0.0 0.0 0.0 0.0 10.200000000000008 0.0 0.07 10.200000000000008 0.0 0.07 0.3 0.05 0.8 0.3 0.05 0.8 0.5 0.1 0.05
640 3.431053638458252 0.0 0.0 0.0 0.0 0.0 0.0 0.02579701978651986 0.05388741207077888 -0.5738958827091144 0.16689710972195776 -0.2566568998245233 0.07012483601762931 0.0 0.0 0.0 -0.10584443108419635 -0.09730280814974934 -0.012807176161187758 -0.01177363978611967 0.0 0.0 0.0 0.0 10.200000000000008 0.0 0.07 10.200000000000008 0.0 0.07 0.3 0.05 0.8 0.3 0.05 0.8 0.5 0.1 0.05
641 3.4364476203918457 0.0 0.0 0.0 0.0 0.0 0.0 0.025218989930679236 0.05288778848621122 -0.5751249498982958 0.16689710972195776 -0.2566568998245233 0.07012483601762931 0.0 0.0 0.0 -0.10584443108419635 -0.09730280814974934 -0.012807176161187758 -0.01177363978611967 0.0 0.0 0.0 0.0 10.200000000000008 0.0 0.07 10.200000000000008 0.0 0.07 0.3 0.05 0.8 0.3 0.05 0.8 0.5 0.1 0.05
642 3.4417269229888916 0.0 0.0 0.0 0.0 0.0 0.0 0.024642074898409742 0.051827821774321034 -0.5762458864962895 0.16689710972195776 -0.2566568998245233 0.07012483601762931 0.0 0.0 0.0 -0.10584443108419635 -0.09730280814974934 -0.012807176161187758 -0.01177363978611967 0.0 0.0 0.0 0.0 10.200000000000008 0.0 0.07 10.200000000000008 0.0 0.07 0.3 0.05 0.8 0.3 0.05 0.8 0.5 0.1 0.05
643 3.447028636932373 0.0 0.0 0.0 0.0 0.0 0.0 0.023989129689650474 0.05073164620580509 -0.5773019447395706 0.16689710972195776 -0.2566568998245233 0.07012483601762931 0.0 0.0 0.0 -0.10584443108419635 -0.09730280814974934 -0.012807176161187758 -0.01177363978611967 0.0 0.0 0.0 0.0 10.200000000000008 0.0 0.07 10.200000000000008 0.0 0.07 0.3 0.05 0.8 0.3 0.05 0.8 0.5 0.1 0.05
644 3.4523801803588867 0.0 0.0 0.0 0.0 0.0 0.0 0.023290566468129596 0.049613748303545924 -0.5783190640490952 0.16689710972195776 -0.2566568998245233 0.07012483601762931 0.0 0.0 0.0 -0.10584443108419635 -0.09730280814974934 -0.012807176161187758 -0.01177363978611967 0.0 0.0 0.0 0.0 10.200000000000008 0.0 0.07 10.200000000000008 0.0 0.07 0.3 0.05 0.8 0.3 0.05 0.8 0.5 0.1 0.05
645 3.4577043056488037 0.0 0.0 0.0 0.0 0.0 0.0 0.022487933368319297 0.048406114763911615 -0.5793895311761916 0.16689710972195776 -0.2566568998245233 0.07012483601762931 0.0 0.0 0.0 -0.10584443108419635 -0.09730280814974934 -0.012807176161187758 -0.01177363978611967 0.0 0.0 0.0 0.0 10.200000000000008 0.0 0.07 10.200000000000008 0.0 0.07 0.3 0.05 0.8 0.3 0.05 0.8 0.5 0.1 0.05
646 3.4629578590393066 0.0 0.0 0.0 0.0 0.0 0.0 0.022006353508433118 0.04768153464013103 -0.5800318114524496 0.16689710972195776 -0.2566568998245233 0.07012483601762931 0.0 0.0 0.0 -0.10584443108419635 -0.09730280814974934 -0.012807176161187758 -0.01177363978611967 0.0 0.0 0.0 0.0 10.200000000000008 0.0 0.07 10.200000000000008 0.0 0.07 0.3 0.05 0.8 0.3 0.05 0.8 0.5 0.1 0.05
647 3.4682157039642334 0.0 0.0 0.0 0.0 0.0 0.0 0.020950415072441348 0.0461729999495373 -0.5811841721871741 0.16689710972195776 -0.2566568998245233 0.07012483601762931 0.0 0.0 0.0 -0.10584443108419635 -0.09730280814974934 -0.012807176161187758 -0.01177363978611967 0.0 0.0 0.0 0.0 10.200000000000008 0.0 0.07 10.200000000000008 0.0 0.07 0.3 0.05 0.8 0.3 0.05 0.8 0.5 0.1 0.05
648 3.4734835624694824 0.0 0.0 0.0 0.0 0.0 0.0 0.019933356843948515 0.04465428806023752 -0.5822590849124937 0.16689710972195776 -0.2566568998245233 0.07012483601762931 0.0 0.0 0.0 -0.10584443108419635 -0.09730280814974934 -0.012807176161187758 -0.01177363978611967 0.0 0.0 0.0 0.0 10.200000000000008 0.0 0.07 10.200000000000008 0.0 0.07 0.3 0.05 0.8 0.3 0.05 0.8 0.5 0.1 0.05
649 3.478780746459961 0.0 0.0 0.0 0.0 0.0 0.0 0.018939626739955036 0.043129466871481864 -0.5832875288321703 0.16689710972195776 -0.2566568998245233 0.07012483601762931 0.0 0.0 0.0 -0.10584443108419635 -0.09730280814974934 -0.012807176161187758 -0.01177363978611967 0.0 0.0 0.0 0.0 10.200000000000008 0.0 0.07 10.200000000000008 0.0 0.07 0.3 0.05 0.8 0.3 0.05 0.8 0.5 0.1 0.05
650 3.484043598175049 0.0 0.0 0.0 0.0 0.0 0.0 0.017883194253764202 0.04160098308328493 -0.5842880914684612 0.16689710972195776 -0.2566568998245233 0.07012483601762931 0.0 0.0 0.0 -0.10584443108419635 -0.09730280814974934 -0.012807176161187758 -0.01177363978611967 0.0 0.0 0.0 0.0 10.200000000000008 0.0 0.07 10.200000000000008 0.0 0.07 0.3 0.05 0.8 0.3 0.05 0.8 0.5 0.1 0.05
651 3.489896774291992 0.0 0.0 0.0 0.0 0.0 0.0 0.016405645543886214 0.03945670768024745 -0.5857321208761024 0.16689710972195776 -0.2566568998245233 0.07012483601762931 0.0 0.0 0.0 -0.10584443108419635 -0.09730280814974934 -0.012807176161187758 -0.01177363978611967 0.0 0.0 0.0 0.0 10.200000000000008 0.0 0.07 10.200000000000008 0.0 0.07 0.3 0.05 0.8 0.3 0.05 0.8 0.5 0.1 0.05
652 3.49543833732605 0.0 0.0 0.0 0.0 0.0 0.0 0.015058921894164676 0.03755655136348142 -0.586982034805172 0.16689710972195776 -0.2566568998245233 0.07012483601762931 0.0 0.0 0.0 -0.10584443108419635 -0.09730280814974934 -0.012807176161187758 -0.01177363978611967 0.0 0.0 0.0 0.0 10.200000000000008 0.0 0.07 10.200000000000008 0.0 0.07 0.3 0.05 0.8 0.3 0.05 0.8 0.5 0.1 0.05
653 3.5008559226989746 0.0 0.0 0.0 0.0 0.0 0.0 0.014250887704331753 0.036416457573421795 -0.5877319831626137 0.16689710972195776 -0.2566568998245233 0.07012483601762931 0.0 0.0 0.0 -0.10584443108419635 -0.09730280814974934 -0.012807176161187758 -0.01177363978611967 0.0 0.0 0.0 0.0 10.200000000000008 0.0 0.07 10.200000000000008 0.0 0.07 0.3 0.05 0.8 0.3 0.05 0.8 0.5 0.1 0.05
654 3.506337881088257 0.0 0.0 0.0 0.0 0.0 0.0 0.013305873139166282 0.03504210798731327 -0.5885654484615636 0.16689710972195776 -0.2566568998245233 0.07012483601762931 0.0 0.0 0.0 -0.10584443108419635 -0.09730280814974934 -0.012807176161187758 -0.01177363978611967 0.0 0.0 0.0 0.0 10.200000000000008 0.0 0.07 10.200000000000008 0.0 0.07 0.3 0.05 0.8 0.3 0.05 0.8 0.5 0.1 0.05
655 3.511890172958374 0.0 0.0 0.0 0.0 0.0 0.0 0.011895174809374479 0.03299031608576107 -0.5898325082889743 0.16689710972195776 -0.2566568998245233 0.07012483601762931 0.0 0.0 0.0 -0.10584443108419635 -0.09730280814974934 -0.012807176161187758 -0.01177363978611967 0.0 0.0 0.0 0.0 10.200000000000008 0.0 0.07 10.200000000000008 0.0 0.07 0.3 0.05 0.8 0.3 0.05 0.8 0.5 0.1 0.05
656 3.5175023078918457 0.0 0.0 0.0 0.0 0.0 0.0 0.01058856176023368 0.031068947632757 -0.5909762404699056 0.16689710972195776 -0.2566568998245233 0.07012483601762931 0.0 0.0 0.0 -0.10584443108419635 -0.09730280814974934 -0.012807176161187758 -0.01177363978611967 0.0 0.0 0.0 0.0 10.200000000000008 0.0 0.07 10.200000000000008 0.0 0.07 0.3 0.05 0.8 0.3 0.05 0.8 0.5 0.1 0.05
657 3.522939920425415 0.0 0.0 0.0 0.0 0.0 0.0 0.009421098391322397 0.02930253548601101 -0.5920459760629492 0.16689710972195776 -0.2566568998245233 0.07012483601762931 0.0 0.0 0.0 -0.10584443108419635 -0.09730280814974934 -0.012807176161187758 -0.01177363978611967 0.0 0.0 0.0 0.0 10.200000000000008 0.0 0.07 10.200000000000008 0.0 0.07 0.3 0.05 0.8 0.3 0.05 0.8 0.5 0.1 0.05
658 3.5284054279327393 0.0 0.0 0.0 0.0 0.0 0.0 0.0 0.027629094142787636 -0.5930713137032603 0.16689710972195776 -0.2566568998245233 0.07012483601762931 0.0 0.0 0.0 -0.10584443108419635 -0.09730280814974934 -0.012807176161187758 -0.01177363978611967 0.0 0.0 0.0 0.0 10.200000000000008 0.0 0.07 10.200000000000008 0.0 0.07 0.3 0.05 0.8 0.3 0.05 0.8 0.5 0.1 0.05
659 3.5344595909118652 0.0 0.0 0.0 0.0 0.0 0.0 0.0 0.026011438261910068 -0.5941467118288287 0.16689710972195776 -0.2566568998245233 0.07012483601762931 0.0 0.0 0.0 -0.10584443108419635 -0.09730280814974934 -0.012807176161187758 -0.01177363978611967 0.0 0.0 0.0 0.0 10.200000000000008 0.0 0.07 10.200000000000008 0.0 0.07 0.3 0.05 0.8 0.3 0.05 0.8 0.5 0.1 0.05
660 3.539937734603882 0.0 0.0 0.0 0.0 0.0 0.0 0.0 0.024427250678207748 -0.5951754469886547 0.16689710972195776 -0.2566568998245233 0.07012483601762931 0.0 0.0 0.0 -0.10584443108419635 -0.09730280814974934 -0.012807176161187758 -0.01177363978611967 0.0 0.0 0.0 0.0 10.200000000000008 0.0 0.07 10.200000000000008 0.0 0.07 0.3 0.05 0.8 0.3 0.05 0.8 0.5 0.1 0.05
661 3.5453848838806152 0.0 0.0 0.0 0.0 0.0 0.0 0.0 0.02240295151166098 -0.5965596806535199 0.16689710972195776 -0.2566568998245233 0.07012483601762931 0.0 0.0 0.0 -0.10584443108419635 -0.09730280814974934 -0.012807176161187758 -0.01177363978611967 0.0 0.0 0.0 0.0 10.200000000000008 0.0 0.07 10.200000000000008 0.0 0.07 0.3 0.05 0.8 0.3 0.05 0.8 0.5 0.1 0.05
662 3.550645351409912 0.0 0.0 0.0 0.0 0.0 0.0 0.0 0.020651480193686345 -0.597773717136924 0.16689710972195776 -0.2566568998245233 0.07012483601762931 0.0 0.0 0.0 -0.10584443108419635 -0.09730280814974934 -0.012807176161187758 -0.01177363978611967 0.0 0.0 0.0 0.0 10.200000000000008 0.0 0.07 10.200000000000008 0.0 0.07 0.3 0.05 0.8 0.3 0.05 0.8 0.5 0.1 0.05
663 3.5560460090637207 0.0 0.0 0.0 0.0 0.0 0.0 0.0 0.019063705584854995 -0.5988856233905223 0.16689710972195776 -0.2566568998245233 0.07012483601762931 0.0 0.0 0.0 -0.10584443108419635 -0.09730280814974934 -0.012807176161187758 -0.01177363978611967 0.0 0.0 0.0 0.0 10.200000000000008 0.0 0.07 10.200000000000008 0.0 0.07 0.3 0.05 0.8 0.3 0.05 0.8 0.5 0.1 0.05
664 3.561370849609375 0.0 0.0 0.0 0.0 0.0 0.0 0.0 0.01765084527817435 -0.6000129626840631 0.16689710972195776 -0.2566568998245233 0.07012483601762931 0.0 0.0 0.0 -0.10584443108419635 -0.09730280814974934 -0.012807176161187758 -0.01177363978611967 0.0 0.0 0.0 0.0 10.200000000000008 0.0 0.07 10.200000000000008 0.0 0.07 0.3 0.05 0.8 0.3 0.05 0.8 0.5 0.1 0.05
665 3.5666916370391846 0.0 0.0 0.0 0.0 0.0 0.0 0.0 0.016266234295887153 -0.6010728625446724 0.16689710972195776 -0.2566568998245233 0.07012483601762931 0.0 0.0 0.0 -0.10584443108419635 -0.09730280814974934 -0.012807176161187758 -0.01177363978611967 0.0 0.0 0.0 0.0 10.200000000000008 0.0 0.07 10.200000000000008 0.0 0.07 0.3 0.05 0.8 0.3 0.05 0.8 0.5 0.1 0.05
666 3.571977138519287 0.0 0.0 0.0 0.0 0.0 0.0 0.0 0.01505197440226221 -0.6020922987455228 0.16689710972195776 -0.2566568998245233 0.07012483601762931 0.0 0.0 0.0 -0.10584443108419635 -0.09730280814974934 -0.012807176161187758 -0.01177363978611967 0.0 0.0 0.0 0.0 10.200000000000008 0.0 0.07 10.200000000000008 0.0 0.07 0.3 0.05 0.8 0.3 0.05 0.8 0.5 0.1 0.05
667 3.5771985054016113 0.0 0.0 0.0 0.0 0.0 0.0 0.0 0.013863222924705411 -0.603087456750518 0.16689710972195776 -0.2566568998245233 0.07012483601762931 0.0 0.0 0.0 -0.10584443108419635 -0.09730280814974934 -0.012807176161187758 -0.01177363978611967 0.0 0.0 0.0 0.0 10.200000000000008 0.0 0.07 10.200000000000008 0.0 0.07 0.3 0.05 0.8 0.3 0.05 0.8 0.5 0.1 0.05
668 3.5824010372161865 0.0 0.0 0.0 0.0 0.0 0.0 0.0 0.01314997203817133 -0.6036845515535152 0.16689710972195776 -0.2566568998245233 0.07012483601762931 0.0 0.0 0.0 -0.10584443108419635 -0.09730280814974934 -0.012807176161187758 -0.01177363978611967 0.0 0.0 0.0 0.0 10.200000000000008 0.0 0.07 10.200000000000008 0.0 0.07 0.3 0.05 0.8 0.3 0.05 0.8 0.5 0.1 0.05
669 3.587622880935669 0.0 0.0 0.0 0.0 0.0 0.0 0.0 0.012338528201998256 -0.6045030039766953 0.16689710972195776 -0.2566568998245233 0.07012483601762931 0.0 0.0 0.0 -0.10584443108419635 -0.09730280814974934 -0.012807176161187758 -0.01177363978611967 0.0 0.0 0.0 0.0 10.200000000000008 0.0 0.07 10.200000000000008 0.0 0.07 0.3 0.05 0.8 0.3 0.05 0.8 0.5 0.1 0.05
670 3.592891216278076 0.0 0.0 0.0 0.0 0.0 0.0 0.0 0.011161368588221659 -0.6058377672564701 0.16689710972195776 -0.2566568998245233 0.07012483601762931 0.0 0.0 0.0 -0.10584443108419635 -0.09730280814974934 -0.012807176161187758 -0.01177363978611967 0.0 0.0 0.0 0.0 10.200000000000008 0.0 0.07 10.200000000000008 0.0 0.07 0.3 0.05 0.8 0.3 0.05 0.8 0.5 0.1 0.05
671 3.598259210586548 0.0 0.0 0.0 0.0 0.0 0.0 0.0 0.010148278772600048 -0.6070221215088198 0.16689710972195776 -0.2566568998245233 0.07012483601762931 0.0 0.0 0.0 -0.10584443108419635 -0.09730280814974934 -0.012807176161187758 -0.01177363978611967 0.0 0.0 0.0 0.0 10.200000000000008 0.0 0.07 10.200000000000008 0.0 0.07 0.3 0.05 0.8 0.3 0.05 0.8 0.5 0.1 0.05
672 3.603580951690674 0.0 0.0 0.0 0.0 0.0 0.0 0.0 0.009233627855639191 -0.6081162303447145 0.16689710972195776 -0.2566568998245233 0.07012483601762931 0.0 0.0 0.0 -0.10584443108419635 -0.09730280814974934 -0.012807176161187758 -0.01177363978611967 0.0 0.0 0.0 0.0 10.200000000000008 0.0 0.07 10.200000000000008 0.0 0.07 0.3 0.05 0.8 0.3 0.05 0.8 0.5 0.1 0.05
673 3.609112501144409 0.0 0.0 0.0 0.0 0.0 0.0 0.0 0.0 -0.6092328911876332 0.16689710972195776 -0.2566568998245233 0.07012483601762931 0.0 0.0 0.0 -0.10584443108419635 -0.09730280814974934 -0.012807176161187758 -0.01177363978611967 0.0 0.0 0.0 0.0 10.200000000000008 0.0 0.07 10.200000000000008 0.0 0.07 0.3 0.05 0.8 0.3 0.05 0.8 0.5 0.1 0.05
674 3.6145575046539307 0.0 0.0 0.0 0.0 0.0 0.0 0.0 0.0 -0.6107465675983221 0.16689710972195776 -0.2566568998245233 0.07012483601762931 0.0 0.0 0.0 -0.10584443108419635 -0.09730280814974934 -0.012807176161187758 -0.01177363978611967 0.0 0.0 0.0 0.0 10.200000000000008 0.0 0.07 10.200000000000008 0.0 0.07 0.3 0.05 0.8 0.3 0.05 0.8 0.5 0.1 0.05
675 3.6198854446411133 0.0 0.0 0.0 0.0 0.0 0.0 0.0 0.0 -0.6116547734447355 0.16689710972195776 -0.2566568998245233 0.07012483601762931 0.0 0.0 0.0 -0.10584443108419635 -0.09730280814974934 -0.012807176161187758 -0.01177363978611967 0.0 0.0 0.0 0.0 10.200000000000008 0.0 0.07 10.200000000000008 0.0 0.07 0.3 0.05 0.8 0.3 0.05 0.8 0.5 0.1 0.05
676 3.6251564025878906 0.0 0.0 0.0 0.0 0.0 0.0 0.0 0.0 -0.6130433887784502 0.16689710972195776 -0.2566568998245233 0.07012483601762931 0.0 0.0 0.0 -0.10584443108419635 -0.09730280814974934 -0.012807176161187758 -0.01177363978611967 0.0 0.0 0.0 0.0 10.200000000000008 0.0 0.07 10.200000000000008 0.0 0.07 0.3 0.05 0.8 0.3 0.05 0.8 0.5 0.1 0.05
677 3.6304054260253906 0.0 0.0 0.0 0.0 0.0 0.0 0.0 0.0 -0.6142600542631639 0.16689710972195776 -0.2566568998245233 0.07012483601762931 0.0 0.0 0.0 -0.10584443108419635 -0.09730280814974934 -0.012807176161187758 -0.01177363978611967 0.0 0.0 0.0 0.0 10.200000000000008 0.0 0.07 10.200000000000008 0.0 0.07 0.3 0.05 0.8 0.3 0.05 0.8 0.5 0.1 0.05
678 3.6356565952301025 0.0 0.0 0.0 0.0 0.0 0.0 0.0 0.0 -0.6154502490953739 0.16689710972195776 -0.2566568998245233 0.07012483601762931 0.0 0.0 0.0 -0.10584443108419635 -0.09730280814974934 -0.012807176161187758 -0.01177363978611967 0.0 0.0 0.0 0.0 10.200000000000008 0.0 0.07 10.200000000000008 0.0 0.07 0.3 0.05 0.8 0.3 0.05 0.8 0.5 0.1 0.05
679 3.6408958435058594 0.0 0.0 0.0 0.0 0.0 0.0 0.0 0.0 -0.6165478622791848 0.16689710972195776 -0.2566568998245233 0.07012483601762931 0.0 0.0 0.0 -0.10584443108419635 -0.09730280814974934 -0.012807176161187758 -0.01177363978611967 0.0 0.0 0.0 0.0 10.200000000000008 0.0 0.07 10.200000000000008 0.0 0.07 0.3 0.05 0.8 0.3 0.05 0.8 0.5 0.1 0.05
680 3.646104335784912 0.0 0.0 0.0 0.0 0.0 0.0 0.0 0.0 -0.6176666257308532 0.16689710972195776 -0.2566568998245233 0.07012483601762931 0.0 0.0 0.0 -0.10584443108419635 -0.09730280814974934 -0.012807176161187758 -0.01177363978611967 0.0 0.0 0.0 0.0 10.200000000000008 0.0 0.07 10.200000000000008 0.0 0.07 0.3 0.05 0.8 0.3 0.05 0.8 0.5 0.1 0.05
681 3.6514265537261963 0.0 0.0 0.0 0.0 0.0 0.0 0.0 0.0 -0.618798079343236 0.16689710972195776 -0.2566568998245233 0.07012483601762931 0.0 0.0 0.0 -0.10584443108419635 -0.09730280814974934 -0.012807176161187758 -0.01177363978611967 0.0 0.0 0.0 0.0 10.200000000000008 0.0 0.07 10.200000000000008 0.0 0.07 0.3 0.05 0.8 0.3 0.05 0.8 0.5 0.1 0.05
682 3.6567015647888184 0.0 0.0 0.0 0.0 0.0 0.0 0.0 0.0 -0.6198604477951506 0.16689710972195776 -0.2566568998245233 0.07012483601762931 0.0 0.0 0.0 -0.10584443108419635 -0.09730280814974934 -0.012807176161187758 -0.01177363978611967 0.0 0.0 0.0 0.0 10.200000000000008 0.0 0.07 10.200000000000008 0.0 0.07 0.3 0.05 0.8 0.3 0.05 0.8 0.5 0.1 0.05
683 3.6621460914611816 0.0 0.0 0.0 0.0 0.0 0.0 0.0 0.0 -0.6204978688662993 0.16689710972195776 -0.2566568998245233 0.07012483601762931 0.0 0.0 0.0 -0.10584443108419635 -0.09730280814974934 -0.012807176161187758 -0.01177363978611967 0.0 0.0 0.0 0.0 10.200000000000008 0.0 0.07 10.200000000000008 0.0 0.07 0.3 0.05 0.8 0.3 0.05 0.8 0.5 0.1 0.05
684 3.6674787998199463 0.0 0.0 0.0 0.0 0.0 0.0 0.0 0.0 -0.6218007006708233 0.16689710972195776 -0.2566568998245233 0.07012483601762931 0.0 0.0 0.0 -0.10584443108419635 -0.09730280814974934 -0.012807176161187758 -0.01177363978611967 0.0 0.0 0.0 0.0 10.200000000000008 0.0 0.07 10.200000000000008 0.0 0.07 0.3 0.05 0.8 0.3 0.05 0.8 0.5 0.1 0.05
685 3.6727945804595947 0.0 0.0 0.0 0.0 0.0 0.0 0.0 0.0 -0.6229658960380225 0.16689710972195776 -0.2566568998245233 0.07012483601762931 0.0 0.0 0.0 -0.10584443108419635 -0.09730280814974934 -0.012807176161187758 -0.01177363978611967 0.0 0.0 0.0 0.0 10.200000000000008 0.0 0.07 10.200000000000008 0.0 0.07 0.3 0.05 0.8 0.3 0.05 0.8 0.5 0.1 0.05
686 3.678057909011841 0.0 0.0 0.0 0.0 0.0 0.0 0.0 0.0 -0.624125208799724 0.16689710972195776 -0.2566568998245233 0.07012483601762931 0.0 0.0 0.0 -0.10584443108419635 -0.09730280814974934 -0.012807176161187758 -0.01177363978611967 0.0 0.0 0.0 0.0 10.200000000000008 0.0 0.07 10.200000000000008 0.0 0.07 0.3 0.05 0.8 0.3 0.05 0.8 0.5 0.1 0.05
687 3.6833457946777344 0.0 0.0 0.0 0.0 0.0 0.0 0.0 0.0 -0.6252809919981266 0.16689710972195776 -0.2566568998245233 0.07012483601762931 0.0 0.0 0.0 -0.10584443108419635 -0.09730280814974934 -0.012807176161187758 -0.01177363978611967 0.0 0.0 0.0 0.0 10.200000000000008 0.0 0.07 10.200000000000008 0.0 0.07 0.3 0.05 0.8 0.3 0.05 0.8 0.5 0.1 0.05
688 3.688601493835449 0.0 0.0 0.0 0.0 0.0 0.0 0.0 0.0 -0.6263579582016531 0.16689710972195776 -0.2566568998245233 0.07012483601762931 0.0 0.0 0.0 -0.10584443108419635 -0.09730280814974934 -0.012807176161187758 -0.01177363978611967 0.0 0.0 0.0 0.0 10.200000000000008 0.0 0.07 10.200000000000008 0.0 0.07 0.3 0.05 0.8 0.3 0.05 0.8 0.5 0.1 0.05
689 3.6938421726226807 0.0 0.0 0.0 0.0 0.0 0.0 0.0 0.0 -0.6274643334651508 0.16689710972195776 -0.2566568998245233 0.07012483601762931 0.0 0.0 0.0 -0.10584443108419635 -0.09730280814974934 -0.012807176161187758 -0.01177363978611967 0.0 0.0 0.0 0.0 10.200000000000008 0.0 0.07 10.200000000000008 0.0 0.07 0.3 0.05 0.8 0.3 0.05 0.8 0.5 0.1 0.05
690 3.6991164684295654 0.0 0.0 0.0 0.0 0.0 0.0 0.0 0.0 -0.6285883541646313 0.16689710972195776 -0.2566568998245233 0.07012483601762931 0.0 0.0 0.0 -0.10584443108419635 -0.09730280814974934 -0.012807176161187758 -0.01177363978611967 0.0 0.0 0.0 0.0 10.200000000000008 0.0 0.07 10.200000000000008 0.0 0.07 0.3 0.05 0.8 0.3 0.05 0.8 0.5 0.1 0.05
691 3.704524278640747 0.0 0.0 0.0 0.0 0.0 0.0 0.0 0.0 -0.6301064584101863 0.16689710972195776 -0.2566568998245233 0.07012483601762931 0.0 0.0 0.0 -0.10584443108419635 -0.09730280814974934 -0.012807176161187758 -0.01177363978611967 0.0 0.0 0.0 0.0 10.200000000000008 0.0 0.07 10.200000000000008 0.0 0.07 0.3 0.05 0.8 0.3 0.05 0.8 0.5 0.1 0.05
692 3.709900140762329 0.0 0.0 0.0 0.0 0.0 0.0 0.0 0.0 -0.6314775045779721 0.16689710972195776 -0.2566568998245233 0.07012483601762931 0.0 0.0 0.0 -0.10584443108419635 -0.09730280814974934 -0.012807176161187758 -0.01177363978611967 0.0 0.0 0.0 0.0 10.200000000000008 0.0 0.07 10.200000000000008 0.0 0.07 0.3 0.05 0.8 0.3 0.05 0.8 0.5 0.1 0.05
693 3.7152864933013916 0.0 0.0 0.0 0.0 0.0 0.0 0.0 0.0 -0.6326836285631285 0.16689710972195776 -0.2566568998245233 0.07012483601762931 0.0 0.0 0.0 -0.10584443108419635 -0.09730280814974934 -0.012807176161187758 -0.01177363978611967 0.0 0.0 0.0 0.0 10.200000000000008 0.0 0.07 10.200000000000008 0.0 0.07 0.3 0.05 0.8 0.3 0.05 0.8 0.5 0.1 0.05
694 3.7206079959869385 0.0 0.0 0.0 0.0 0.0 0.0 0.0 0.0 -0.6338674984956041 0.16689710972195776 -0.2566568998245233 0.07012483601762931 0.0 0.0 0.0 -0.10584443108419635 -0.09730280814974934 -0.012807176161187758 -0.01177363978611967 0.0 0.0 0.0 0.0 10.200000000000008 0.0 0.07 10.200000000000008 0.0 0.07 0.3 0.05 0.8 0.3 0.05 0.8 0.5 0.1 0.05
695 3.7259042263031006 0.0 0.0 0.0 0.0 0.0 0.0 0.0 0.0 -0.6349613167395743 0.16689710972195776 -0.2566568998245233 0.07012483601762931 0.0 0.0 0.0 -0.10584443108419635 -0.09730280814974934 -0.012807176161187758 -0.01177363978611967 0.0 0.0 0.0 0.0 10.200000000000008 0.0 0.07 10.200000000000008 0.0 0.07 0.3 0.05 0.8 0.3 0.05 0.8 0.5 0.1 0.05
696 3.731153726577759 0.0 0.0 0.0 0.0 0.0 0.0 0.0 0.0 -0.6360778032273383 0.16689710972195776 -0.2566568998245233 0.07012483601762931 0.0 0.0 0.0 -0.10584443108419635 -0.09730280814974934 -0.012807176161187758 -0.01177363978611967 0.0 0.0 0.0 0.0 10.200000000000008 0.0 0.07 10.200000000000008 0.0 0.07 0.3 0.05 0.8 0.3 0.05 0.8 0.5 0.1 0.05
697 3.7363765239715576 0.0 0.0 0.0 0.0 0.0 0.0 0.0 0.0 -0.6372078906613786 0.16689710972195776 -0.2566568998245233 0.07012483601762931 0.0 0.0 0.0 -0.10584443108419635 -0.09730280814974934 -0.012807176161187758 -0.01177363978611967 0.0 0.0 0.0 0.0 10.200000000000008 0.0 0.07 10.200000000000008 0.0 0.07 0.3 0.05 0.8 0.3 0.05 0.8 0.5 0.1 0.05
698 3.7416751384735107 0.0 0.0 0.0 0.0 0.0 0.0 0.0 0.0 -0.6378859431218028 0.16689710972195776 -0.2566568998245233 0.07012483601762931 0.0 0.0 0.0 -0.10584443108419635 -0.09730280814974934 -0.012807176161187758 -0.01177363978611967 0.0 0.0 0.0 0.0 10.200000000000008 0.0 0.07 10.200000000000008 0.0 0.07 0.3 0.05 0.8 0.3 0.05 0.8 0.5 0.1 0.05
699 3.7469022274017334 0.0 0.0 0.0 0.0 0.0 0.0 0.0 0.0 -0.639136466423924 0.16689710972195776 -0.2566568998245233 0.07012483601762931 0.0 0.0 0.0 -0.10584443108419635 -0.09730280814974934 -0.012807176161187758 -0.01177363978611967 0.0 0.0 0.0 0.0 10.200000000000008 0.0 0.07 10.200000000000008 0.0 0.07 0.3 0.05 0.8 0.3 0.05 0.8 0.5 0.1 0.05
700 3.752122163772583 0.0 0.0 0.0 0.0 0.0 0.0 0.0 0.0 -0.6402702766896815 0.16689710972195776 -0.2566568998245233 0.07012483601762931 0.0 0.0 0.0 -0.10584443108419635 -0.09730280814974934 -0.012807176161187758 -0.01177363978611967 0.0 0.0 0.0 0.0 10.200000000000008 0.0 0.07 10.200000000000008 0.0 0.07 0.3 0.05 0.8 0.3 0.05 0.8 0.5 0.1 0.05
701 3.7574574947357178 0.0 0.0 0.0 0.0 0.0 0.0 0.0 0.0 -0.6414107464695888 0.16689710972195776 -0.2566568998245233 0.07012483601762931 0.0 0.0 0.0 -0.10584443108419635 -0.09730280814974934 -0.012807176161187758 -0.01177363978611967 0.0 0.0 0.0 0.0 10.200000000000008 0.0 0.07 10.200000000000008 0.0 0.07 0.3 0.05 0.8 0.3 0.05 0.8 0.5 0.1 0.05
702 3.7628886699676514 0.0 0.0 0.0 0.0 0.0 0.0 0.0 0.0 -0.6424785246220182 0.16689710972195776 -0.2566568998245233 0.07012483601762931 0.0 0.0 0.0 -0.10584443108419635 -0.09730280814974934 -0.012807176161187758 -0.01177363978611967 0.0 0.0 0.0 0.0 10.200000000000008 0.0 0.07 10.200000000000008 0.0 0.07 0.3 0.05 0.8 0.3 0.05 0.8 0.5 0.1 0.05
703 3.768293857574463 0.0 0.0 0.0 0.0 0.0 0.0 0.0 0.0 -0.6435793870548576 0.16689710972195776 -0.2566568998245233 0.07012483601762931 0.0 0.0 0.0 -0.10584443108419635 -0.09730280814974934 -0.012807176161187758 -0.01177363978611967 0.0 0.0 0.0 0.0 10.200000000000008 0.0 0.07 10.200000000000008 0.0 0.07 0.3 0.05 0.8 0.3 0.05 0.8 0.5 0.1 0.05
704 3.773604154586792 0.0 0.0 0.0 0.0 0.0 0.0 0.0 0.0 -0.6446234007990461 0.16689710972195776 -0.2566568998245233 0.07012483601762931 0.0 0.0 0.0 -0.10584443108419635 -0.09730280814974934 -0.012807176161187758 -0.01177363978611967 0.0 0.0 0.0 0.0 10.200000000000008 0.0 0.07 10.200000000000008 0.0 0.07 0.3 0.05 0.8 0.3 0.05 0.8 0.5 0.1 0.05
705 3.7789385318756104 0.0 0.0 0.0 0.0 0.0 0.0 0.0 0.0 -0.645710004586941 0.16689710972195776 -0.2566568998245233 0.07012483601762931 0.0 0.0 0.0 -0.10584443108419635 -0.09730280814974934 -0.012807176161187758 -0.01177363978611967 0.0 0.0 0.0 0.0 10.200000000000008 0.0 0.07 10.200000000000008 0.0 0.07 0.3 0.05 0.8 0.3 0.05 0.8 0.5 0.1 0.05
706 3.7841999530792236 0.0 0.0 0.0 0.0 0.0 0.0 0.0 0.0 -0.6463619668596781 0.16689710972195776 -0.2566568998245233 0.07012483601762931 0.0 0.0 0.0 -0.10584443108419635 -0.09730280814974934 -0.012807176161187758 -0.01177363978611967 0.0 0.0 0.0 0.0 10.200000000000008 0.0 0.07 10.200000000000008 0.0 0.07 0.3 0.05 0.8 0.3 0.05 0.8 0.5 0.1 0.05
707 3.7894234657287598 0.0 0.0 0.0 0.0 0.0 0.0 0.0 0.0 -0.64752013679229 0.16689710972195776 -0.2566568998245233 0.07012483601762931 0.0 0.0 0.0 -0.10584443108419635 -0.09730280814974934 -0.012807176161187758 -0.01177363978611967 0.0 0.0 0.0 0.0 10.200000000000008 0.0 0.07 10.200000000000008 0.0 0.07 0.3 0.05 0.8 0.3 0.05 0.8 0.5 0.1 0.05
708 3.7946252822875977 0.0 0.0 0.0 0.0 0.0 0.0 0.0 0.0 -0.6490587305777239 0.16689710972195776 -0.2566568998245233 0.07012483601762931 0.0 0.0 0.0 -0.10584443108419635 -0.09730280814974934 -0.012807176161187758 -0.01177363978611967 0.0 0.0 0.0 0.0 10.200000000000008 0.0 0.07 10.200000000000008 0.0 0.07 0.3 0.05 0.8 0.3 0.05 0.8 0.5 0.1 0.05
709 3.7998533248901367 0.0 0.0 0.0 0.0 0.0 0.0 0.0 0.0 -0.650365383133469 0.16689710972195776 -0.2566568998245233 0.07012483601762931 0.0 0.0 0.0 -0.10584443108419635 -0.09730280814974934 -0.012807176161187758 -0.01177363978611967 0.0 0.0 0.0 0.0 10.200000000000008 0.0 0.07 10.200000000000008 0.0 0.07 0.3 0.05 0.8 0.3 0.05 0.8 0.5 0.1 0.05
710 3.8050572872161865 0.0 0.0 0.0 0.0 0.0 0.0 0.0 0.0 -0.651609570208298 0.16689710972195776 -0.2566568998245233 0.07012483601762931 0.0 0.0 0.0 -0.10584443108419635 -0.09730280814974934 -0.012807176161187758 -0.01177363978611967 0.0 0.0 0.0 0.0 10.200000000000008 0.0 0.07 10.200000000000008 0.0 0.07 0.3 0.05 0.8 0.3 0.05 0.8 0.5 0.1 0.05
711 3.8103508949279785 0.0 0.0 0.0 0.0 0.0 0.0 0.0 0.0 -0.6527395668167513 0.16689710972195776 -0.2566568998245233 0.07012483601762931 0.0 0.0 0.0 -0.10584443108419635 -0.09730280814974934 -0.012807176161187758 -0.01177363978611967 0.0 0.0 0.0 0.0 10.200000000000008 0.0 0.07 10.200000000000008 0.0 0.07 0.3 0.05 0.8 0.3 0.05 0.8 0.5 0.1 0.05
712 3.81561279296875 0.0 0.0 0.0 0.0 0.0 0.0 0.0 0.0 -0.6538010610663081 0.16689710972195776 -0.2566568998245233 0.07012483601762931 0.0 0.0 0.0 -0.10584443108419635 -0.09730280814974934 -0.012807176161187758 -0.01177363978611967 0.0 0.0 0.0 0.0 10.200000000000008 0.0 0.07 10.200000000000008 0.0 0.07 0.3 0.05 0.8 0.3 0.05 0.8 0.5 0.1 0.05
713 3.8209290504455566 0.0 0.0 0.0 0.0 0.0 0.0 0.0 0.0 -0.6544379576160422 0.16689710972195776 -0.2566568998245233 0.07012483601762931 0.0 0.0 0.0 -0.10584443108419635 -0.09730280814974934 -0.012807176161187758 -0.01177363978611967 0.0 0.0 0.0 0.0 10.200000000000008 0.0 0.07 10.200000000000008 0.0 0.07 0.3 0.05 0.8 0.3 0.05 0.8 0.5 0.1 0.05
714 3.8261919021606445 0.0 0.0 0.0 0.0 0.0 0.0 0.0 0.0 -0.6552802910872644 0.16689710972195776 -0.2566568998245233 0.07012483601762931 0.0 0.0 0.0 -0.10584443108419635 -0.09730280814974934 -0.012807176161187758 -0.01177363978611967 0.0 0.0 0.0 0.0 10.200000000000008 0.0 0.07 10.200000000000008 0.0 0.07 0.3 0.05 0.8 0.3 0.05 0.8 0.5 0.1 0.05
715 3.831617593765259 0.0 0.0 0.0 0.0 0.0 0.0 0.0 0.0 -0.6565526837389675 0.16689710972195776 -0.2566568998245233 0.07012483601762931 0.0 0.0 0.0 -0.10584443108419635 -0.09730280814974934 -0.012807176161187758 -0.01177363978611967 0.0 0.0 0.0 0.0 10.200000000000008 0.0 0.07 10.200000000000008 0.0 0.07 0.3 0.05 0.8 0.3 0.05 0.8 0.5 0.1 0.05
716 3.836857795715332 0.0 0.0 0.0 0.0 0.0 0.0 0.0 0.0 -0.6577763148713712 0.16689710972195776 -0.2566568998245233 0.07012483601762931 0.0 0.0 0.0 -0.10584443108419635 -0.09730280814974934 -0.012807176161187758 -0.01177363978611967 0.0 0.0 0.0 0.0 10.200000000000008 0.0 0.07 10.200000000000008 0.0 0.07 0.3 0.05 0.8 0.3 0.05 0.8 0.5 0.1 0.05
717 3.8420891761779785 0.0 0.0 0.0 0.0 0.0 0.0 0.0 0.0 -0.6588939898352983 0.16689710972195776 -0.2566568998245233 0.07012483601762931 0.0 0.0 0.0 -0.10584443108419635 -0.09730280814974934 -0.012807176161187758 -0.01177363978611967 0.0 0.0 0.0 0.0 10.200000000000008 0.0 0.07 10.200000000000008 0.0 0.07 0.3 0.05 0.8 0.3 0.05 0.8 0.5 0.1 0.05
718 3.8473293781280518 0.0 0.0 0.0 0.0 0.0 0.0 0.0 0.0 -0.6599480910981395 0.16689710972195776 -0.2566568998245233 0.07012483601762931 0.0 0.0 0.0 -0.10584443108419635 -0.09730280814974934 -0.012807176161187758 -0.01177363978611967 0.0 0.0 0.0 0.0 10.200000000000008 0.0 0.07 10.200000000000008 0.0 0.07 0.3 0.05 0.8 0.3 0.05 0.8 0.5 0.1 0.05
719 3.852548122406006 0.0 0.0 0.0 0.0 0.0 0.0 0.0 0.0 -0.661040747397226 0.16689710972195776 -0.2566568998245233 0.07012483601762931 0.0 0.0 0.0 -0.10584443108419635 -0.09730280814974934 -0.012807176161187758 -0.01177363978611967 0.0 0.0 0.0 0.0 10.200000000000008 0.0 0.07 10.200000000000008 0.0 0.07 0.3 0.05 0.8 0.3 0.05 0.8 0.5 0.1 0.05
720 3.857752799987793 0.0 0.0 0.0 0.0 0.0 0.0 0.0 0.0 -0.6620798374611627 0.16689710972195776 -0.2566568998245233 0.07012483601762931 0.0 0.0 0.0 -0.10584443108419635 -0.09730280814974934 -0.012807176161187758 -0.01177363978611967 0.0 0.0 0.0 0.0 10.200000000000008 0.0 0.07 10.200000000000008 0.0 0.07 0.3 0.05 0.8 0.3 0.05 0.8 0.5 0.1 0.05
721 3.8630688190460205 0.0 0.0 0.0 0.0 0.0 0.0 0.0 0.0 -0.6627032914995248 0.16689710972195776 -0.2566568998245233 0.07012483601762931 0.0 0.0 0.0 -0.10584443108419635 -0.09730280814974934 -0.012807176161187758 -0.01177363978611967 0.0 0.0 0.0 0.0 10.200000000000008 0.0 0.07 10.200000000000008 0.0 0.07 0.3 0.05 0.8 0.3 0.05 0.8 0.5 0.1 0.05
722 3.8684606552124023 0.0 0.0 0.0 0.0 0.0 0.0 0.0 -0.009543953482121805 -0.6639210438274797 0.16689710972195776 -0.2566568998245233 0.07012483601762931 0.0 0.0 0.0 -0.10584443108419635 -0.09730280814974934 -0.012807176161187758 -0.01177363978611967 0.0 0.0 0.0 0.0 10.200000000000008 0.0 0.07 10.200000000000008 0.0 0.07 0.3 0.05 0.8 0.3 0.05 0.8 0.5 0.1 0.05
723 3.8737905025482178 0.0 0.0 0.0 0.0 0.0 0.0 0.0 -0.010481712605840313 -0.6650351915087376 0.16689710972195776 -0.2566568998245233 0.07012483601762931 0.0 0.0 0.0 -0.10584443108419635 -0.09730280814974934 -0.012807176161187758 -0.01177363978611967 0.0 0.0 0.0 0.0 10.200000000000008 0.0 0.07 10.200000000000008 0.0 0.07 0.3 0.05 0.8 0.3 0.05 0.8 0.5 0.1 0.05
724 3.8790557384490967 0.0 0.0 0.0 0.0 0.0 0.0 0.0 -0.01142786436455628 -0.6660871764019771 0.16689710972195776 -0.2566568998245233 0.07012483601762931 0.0 0.0 0.0 -0.10584443108419635 -0.09730280814974934 -0.012807176161187758 -0.01177363978611967 0.0 0.0 0.0 0.0 10.200000000000008 0.0 0.07 10.200000000000008 0.0 0.07 0.3 0.05 0.8 0.3 0.05 0.8 0.5 0.1 0.05
725 3.884416103363037 0.0 0.0 0.0 0.0 0.0 0.0 0.0 -0.012302350957257633 -0.6671785628793028 0.16689710972195776 -0.2566568998245233 0.07012483601762931 0.0 0.0 0.0 -0.10584443108419635 -0.09730280814974934 -0.012807176161187758 -0.01177363978611967 0.0 0.0 0.0 0.0 10.200000000000008 0.0 0.07 10.200000000000008 0.0 0.07 0.3 0.05 0.8 0.3 0.05 0.8 0.5 0.1 0.05
726 3.8897345066070557 0.0 0.0 0.0 0.0 0.0 0.0 0.0 -0.01321053770724719 -0.6682168910501829 0.16689710972195776 -0.2566568998245233 0.07012483601762931 0.0 0.0 0.0 -0.10584443108419635 -0.09730280814974934 -0.012807176161187758 -0.01177363978611967 0.0 0.0 0.0 0.0 10.200000000000008 0.0 0.07 10.200000000000008 0.0 0.07 0.3 0.05 0.8 0.3 0.05 0.8 0.5 0.1 0.05
727 3.895052194595337 0.0 0.0 0.0 0.0 0.0 0.0 0.0 -0.014369042322300584 -0.6696835797785778 0.16689710972195776 -0.2566568998245233 0.07012483601762931 0.0 0.0 0.0 -0.10584443108419635 -0.09730280814974934 -0.012807176161187758 -0.01177363978611967 0.0 0.0 0.0 0.0 10.200000000000008 0.0 0.07 10.200000000000008 0.0 0.07 0.3 0.05 0.8 0.3 0.05 0.8 0.5 0.1 0.05
728 3.9002885818481445 0.0 0.0 0.0 0.0 0.0 0.0 0.0 -0.01506414509133262 -0.6705635930156147 0.16689710972195776 -0.2566568998245233 0.07012483601762931 0.0 0.0 0.0 -0.10584443108419635 -0.09730280814974934 -0.012807176161187758 -0.01177363978611967 0.0 0.0 0.0 0.0 10.200000000000008 0.0 0.07 10.200000000000008 0.0 0.07 0.3 0.05 0.8 0.3 0.05 0.8 0.5 0.1 0.05
729 3.905496120452881 0.0 0.0 0.0 0.0 0.0 0.0 0.0 -0.01571130452344276 -0.6714750972423218 0.16689710972195776 -0.2566568998245233 0.07012483601762931 0.0 0.0 0.0 -0.10584443108419635 -0.09730280814974934 -0.012807176161187758 -0.01177363978611967 0.0 0.0 0.0 0.0 10.200000000000008 0.0 0.07 10.200000000000008 0.0 0.07 0.3 0.05 0.8 0.3 0.05 0.8 0.5 0.1 0.05
730 3.9107251167297363 0.0 0.0 0.0 0.0 0.0 0.0 0.0 -0.01655979423397456 -0.6728656796832837 0.16689710972195776 -0.2566568998245233 0.07012483601762931 0.0 0.0 0.0 -0.10584443108419635 -0.09730280814974934 -0.012807176161187758 -0.01177363978611967 0.0 0.0 0.0 0.0 10.200000000000008 0.0 0.07 10.200000000000008 0.0 0.07 0.3 0.05 0.8 0.3 0.05 0.8 0.5 0.1 0.05
731 3.916081666946411 0.0 0.0 0.0 0.0 0.0 0.0 0.0 -0.017375683597765413 -0.6740835254323457 0.16689710972195776 -0.2566568998245233 0.07012483601762931 0.0 0.0 0.0 -0.10584443108419635 -0.09730280814974934 -0.012807176161187758 -0.01177363978611967 0.0 0.0 0.0 0.0 10.200000000000008 0.0 0.07 10.200000000000008 0.0 0.07 0.3 0.05 0.8 0.3 0.05 0.8 0.5 0.1 0.05
732 3.921374797821045 0.0 0.0 0.0 0.0 0.0 0.0 0.0 -0.017941916472936897 -0.6752744284231648 0.16689710972195776 -0.2566568998245233 0.07012483601762931 0.0 0.0 0.0 -0.10584443108419635 -0.09730280814974934 -0.012807176161187758 -0.01177363978611967 0.0 0.0 0.0 0.0 10.200000000000008 0.0 0.07 10.200000000000008 0.0 0.07 0.3 0.05 0.8 0.3 0.05 0.8 0.5 0.1 0.05
733 3.9266738891601562 0.0 0.0 0.0 0.0 0.0 0.0 0.0 -0.018511753968730706 -0.6763724665021411 0.16689710972195776 -0.2566568998245233 0.07012483601762931 0.0 0.0 0.0 -0.10584443108419635 -0.09730280814974934 -0.012807176161187758 -0.01177363978611967 0.0 0.0 0.0 0.0 10.200000000000008 0.0 0.07 10.200000000000008 0.0 0.07 0.3 0.05 0.8 0.3 0.05 0.8 0.5 0.1 0.05
734 3.931929111480713 0.0 0.0 0.0 0.0 0.0 0.0 0.0 -0.01893035572310396 -0.6774914848909086 0.16689710972195776 -0.2566568998245233 0.07012483601762931 0.0 0.0 0.0 -0.10584443108419635 -0.09730280814974934 -0.012807176161187758 -0.01177363978611967 0.0 0.0 0.0 0.0 10.200000000000008 0.0 0.07 10.200000000000008 0.0 0.07 0.3 0.05 0.8 0.3 0.05 0.8 0.5 0.1 0.05
735 3.9372265338897705 0.0 0.0 0.0 0.0 0.0 0.0 0.0 -0.019334913799405745 -0.6785463922086541 0.16689710972195776 -0.2566568998245233 0.07012483601762931 0.0 0.0 0.0 -0.10584443108419635 -0.09730280814974934 -0.012807176161187758 -0.01177363978611967 0.0 0.0 0.0 0.0 10.200000000000008 0.0 0.07 10.200000000000008 0.0 0.07 0.3 0.05 0.8 0.3 0.05 0.8 0.5 0.1 0.05
736 3.9424567222595215 0.0 0.0 0.0 0.0 0.0 0.0 0.0 -0.019577648645186813 -0.6791793365993013 0.16689710972195776 -0.2566568998245233 0.07012483601762931 0.0 0.0 0.0 -0.10584443108419635 -0.09730280814974934 -0.012807176161187758 -0.01177363978611967 0.0 0.0 0.0 0.0 10.200000000000008 0.0 0.07 10.200000000000008 0.0 0.07 0.3 0.05 0.8 0.3 0.05 0.8 0.5 0.1 0.05
737 3.9476935863494873 0.0 0.0 0.0 0.0 0.0 0.0 0.0 -0.019799988809552426 -0.6804027950595564 0.16689710972195776 -0.2566568998245233 0.07012483601762931 0.0 0.0 0.0 -0.10584443108419635 -0.09730280814974934 -0.012807176161187758 -0.01177363978611967 0.0 0.0 0.0 0.0 10.200000000000008 0.0 0.07 10.200000000000008 0.0 0.07 0.3 0.05 0.8 0.3 0.05 0.8 0.5 0.1 0.05
738 3.9529244899749756 0.0 0.0 0.0 0.0 0.0 0.0 0.0 -0.01985669365127482 -0.6815970656770913 0.16689710972195776 -0.2566568998245233 0.07012483601762931 0.0 0.0 0.0 -0.10584443108419635 -0.09730280814974934 -0.012807176161187758 -0.01177363978611967 0.0 0.0 0.0 0.0 10.200000000000008 0.0 0.07 10.200000000000008 0.0 0.07 0.3 0.05 0.8 0.3 0.05 0.8 0.5 0.1 0.05
739 3.9582087993621826 0.0 0.0 0.0 0.0 0.0 0.0 0.0 -0.01989071655630826 -0.6827738235889941 0.16689710972195776 -0.2566568998245233 0.07012483601762931 0.0 0.0 0.0 -0.10584443108419635 -0.09730280814974934 -0.012807176161187758 -0.01177363978611967 0.0 0.0 0.0 0.0 10.200000000000008 0.0 0.07 10.200000000000008 0.0 0.07 0.3 0.05 0.8 0.3 0.05 0.8 0.5 0.1 0.05
740 3.9634578227996826 0.0 0.0 0.0 0.0 0.0 0.0 0.0 -0.019757733275650495 -0.6838633626996916 0.16689710972195776 -0.2566568998245233 0.07012483601762931 0.0 0.0 0.0 -0.10584443108419635 -0.09730280814974934 -0.012807176161187758 -0.01177363978611967 0.0 0.0 0.0 0.0 10.200000000000008 0.0 0.07 10.200000000000008 0.0 0.07 0.3 0.05 0.8 0.3 0.05 0.8 0.5 0.1 0.05
741 3.968994140625 0.0 0.0 0.0 0.0 0.0 0.0 0.0 -0.019601244050358867 -0.684977281707492 0.16689710972195776 -0.2566568998245233 0.07012483601762931 0.0 0.0 0.0 -0.10584443108419635 -0.09730280814974934 -0.012807176161187758 -0.01177363978611967 0.0 0.0 0.0 0.0 10.200000000000008 0.0 0.07 10.200000000000008 0.0 0.07 0.3 0.05 0.8 0.3 0.05 0.8 0.5 0.1 0.05
742 3.9743053913116455 0.0 0.0 0.0 0.0 0.0 0.0 0.0 -0.01935395200138994 -0.686029129396657 0.16689710972195776 -0.2566568998245233 0.07012483601762931 0.0 0.0 0.0 -0.10584443108419635 -0.09730280814974934 -0.012807176161187758 -0.01177363978611967 0.0 0.0 0.0 0.0 10.200000000000008 0.0 0.07 10.200000000000008 0.0 0.07 0.3 0.05 0.8 0.3 0.05 0.8 0.5 0.1 0.05
743 3.979646682739258 0.0 0.0 0.0 0.0 0.0 0.0 0.0 -0.01905217825821464 -0.687120433551538 0.16689710972195776 -0.2566568998245233 0.07012483601762931 0.0 0.0 0.0 -0.10584443108419635 -0.09730280814974934 -0.012807176161187758 -0.01177363978611967 0.0 0.0 0.0 0.0 10.200000000000008 0.0 0.07 10.200000000000008 0.0 0.07 0.3 0.05 0.8 0.3 0.05 0.8 0.5 0.1 0.05
744 3.984917640686035 0.0 0.0 0.0 0.0 0.0 0.0 0.0 -0.018641017731734662 -0.6882354115858483 0.16689710972195776 -0.2566568998245233 0.07012483601762931 0.0 0.0 0.0 -0.10584443108419635 -0.09730280814974934 -0.012807176161187758 -0.01177363978611967 0.0 0.0 0.0 0.0 10.200000000000008 0.0 0.07 10.200000000000008 0.0 0.07 0.3 0.05 0.8 0.3 0.05 0.8 0.5 0.1 0.05
745 3.9902164936065674 0.0 0.0 0.0 0.0 0.0 0.0 0.0 -0.017857428107683985 -0.6897480902323012 0.16689710972195776 -0.2566568998245233 0.07012483601762931 0.0 0.0 0.0 -0.10584443108419635 -0.09730280814974934 -0.012807176161187758 -0.01177363978611967 0.0 0.0 0.0 0.0 10.200000000000008 0.0 0.07 10.200000000000008 0.0 0.07 0.3 0.05 0.8 0.3 0.05 0.8 0.5 0.1 0.05
746 3.9954638481140137 0.0 0.0 0.0 0.0 0.0 0.0 0.0 -0.01708047730566569 -0.6911158929615548 0.16689710972195776 -0.2566568998245233 0.07012483601762931 0.0 0.0 0.0 -0.10584443108419635 -0.09730280814974934 -0.012807176161187758 -0.01177363978611967 0.0 0.0 0.0 0.0 10.200000000000008 0.0 0.07 10.200000000000008 0.0 0.07 0.3 0.05 0.8 0.3 0.05 0.8 0.5 0.1 0.05
747 4.000684022903442 0.0 0.0 0.0 0.0 0.0 0.0 0.0 -0.016230812030085966 -0.6923967701404887 0.16689710972195776 -0.2566568998245233 0.07012483601762931 0.0 0.0 0.0 -0.10584443108419635 -0.09730280814974934 -0.012807176161187758 -0.01177363978611967 0.0 0.0 0.0 0.0 10.200000000000008 0.0 0.07 10.200000000000008 0.0 0.07 0.3 0.05 0.8 0.3 0.05 0.8 0.5 0.1 0.05
748 4.005900859832764 0.0 0.0 0.0 0.0 0.0 0.0 0.0 -0.015414217327266362 -0.6936254919892311 0.16689710972195776 -0.2566568998245233 0.07012483601762931 0.0 0.0 0.0 -0.10584443108419635 -0.09730280814974934 -0.012807176161187758 -0.01177363978611967 0.0 0.0 0.0 0.0 10.200000000000008 0.0 0.07 10.200000000000008 0.0 0.07 0.3 0.05 0.8 0.3 0.05 0.8 0.5 0.1 0.05
749 4.011102914810181 0.0 0.0 0.0 0.0 0.0 0.0 0.0 -0.014464066454308883 -0.6948229087189293 0.16689710972195776 -0.2566568998245233 0.07012483601762931 0.0 0.0 0.0 -0.10584443108419635 -0.09730280814974934 -0.012807176161187758 -0.01177363978611967 0.0 0.0 0.0 0.0 10.200000000000008 0.0 0.07 10.200000000000008 0.0 0.07 0.3 0.05 0.8 0.3 0.05 0.8 0.5 0.1 0.05
750 4.016304016113281 0.0 0.0 0.0 0.0 0.0 0.0 0.0 -0.013510479646049532 -0.695924855041233 0.16689710972195776 -0.2566568998245233 0.07012483601762931 0.0 0.0 0.0 -0.10584443108419635 -0.09730280814974934 -0.012807176161187758 -0.01177363978611967 0.0 0.0 0.0 0.0 10.200000000000008 0.0 0.07 10.200000000000008 0.0 0.07 0.3 0.05 0.8 0.3 0.05 0.8 0.5 0.1 0.05
751 4.021655321121216 0.0 0.0 0.0 0.0 0.0 0.0 0.0 -0.01293832756109392 -0.6965860228346152 0.16689710972195776 -0.2566568998245233 0.07012483601762931 0.0 0.0 0.0 -0.10584443108419635 -0.09730280814974934 -0.012807176161187758 -0.01177363978611967 0.0 0.0 0.0 0.0 10.200000000000008 0.0 0.07 10.200000000000008 0.0 0.07 0.3 0.05 0.8 0.3 0.05 0.8 0.5 0.1 0.05
752 4.026920557022095 0.0 0.0 0.0 0.0 0.0 0.0 0.0 -0.011674648207589122 -0.6979031145934083 0.16689710972195776 -0.2566568998245233 0.07012483601762931 0.0 0.0 0.0 -0.10584443108419635 -0.09730280814974934 -0.012807176161187758 -0.01177363978611967 0.0 0.0 0.0 0.0 10.200000000000008 0.0 0.07 10.200000000000008 0.0 0.07 0.3 0.05 0.8 0.3 0.05 0.8 0.5 0.1 0.05
753 4.032231092453003 0.0 0.0 0.0 0.0 0.0 0.0 0.0 -0.010379547287323553 -0.699153565190066 0.16689710972195776 -0.2566568998245233 0.07012483601762931 0.0 0.0 0.0 -0.10584443108419635 -0.09730280814974934 -0.012807176161187758 -0.01177363978611967 0.0 0.0 0.0 0.0 10.200000000000008 0.0 0.07 10.200000000000008 0.0 0.07 0.3 0.05 0.8 0.3 0.05 0.8 0.5 0.1 0.05
754 4.037501096725464 0.0 0.0 0.0 0.0 0.0 0.0 0.0 -0.009142292683898497 -0.7003640310894425 0.16689710972195776 -0.2566568998245233 0.07012483601762931 0.0 0.0 0.0 -0.10584443108419635 -0.09730280814974934 -0.012807176161187758 -0.01177363978611967 0.0 0.0 0.0 0.0 10.200000000000008 0.0 0.07 10.200000000000008 0.0 0.07 0.3 0.05 0.8 0.3 0.05 0.8 0.5 0.1 0.05
755 4.042719125747681 0.0 0.0 0.0 0.0 0.0 0.0 0.0 0.0 -0.7015505061704501 0.16689710972195776 -0.2566568998245233 0.07012483601762931 0.0 0.0 0.0 -0.10584443108419635 -0.09730280814974934 -0.012807176161187758 -0.01177363978611967 0.0 0.0 0.0 0.0 10.200000000000008 0.0 0.07 10.200000000000008 0.0 0.07 0.3 0.05 0.8 0.3 0.05 0.8 0.5 0.1 0.05
756 4.0479395389556885 0.0 0.0 0.0 0.0 0.0 0.0 0.0 0.0 -0.7027225867604365 0.16689710972195776 -0.2566568998245233 0.07012483601762931 0.0 0.0 0.0 -0.10584443108419635 -0.09730280814974934 -0.012807176161187758 -0.01177363978611967 0.0 0.0 0.0 0.0 10.200000000000008 0.0 0.07 10.200000000000008 0.0 0.07 0.3 0.05 0.8 0.3 0.05 0.8 0.5 0.1 0.05
757 4.053162097930908 0.0 0.0 0.0 0.0 0.0 0.0 0.0 0.0 -0.7038093313989133 0.16689710972195776 -0.2566568998245233 0.07012483601762931 0.0 0.0 0.0 -0.10584443108419635 -0.09730280814974934 -0.012807176161187758 -0.01177363978611967 0.0 0.0 0.0 0.0 10.200000000000008 0.0 0.07 10.200000000000008 0.0 0.07 0.3 0.05 0.8 0.3 0.05 0.8 0.5 0.1 0.05
758 4.058417081832886 0.0 0.0 0.0 0.0 0.0 0.0 0.0 0.0 -0.7049215737233812 0.16689710972195776 -0.2566568998245233 0.07012483601762931 0.0 0.0 0.0 -0.10584443108419635 -0.09730280814974934 -0.012807176161187758 -0.01177363978611967 0.0 0.0 0.0 0.0 10.200000000000008 0.0 0.07 10.200000000000008 0.0 0.07 0.3 0.05 0.8 0.3 0.05 0.8 0.5 0.1 0.05
759 4.06362509727478 0.0 0.0 0.0 0.0 0.0 0.0 0.0 0.0 -0.7055889191180619 0.16689710972195776 -0.2566568998245233 0.07012483601762931 0.0 0.0 0.0 -0.10584443108419635 -0.09730280814974934 -0.012807176161187758 -0.01177363978611967 0.0 0.0 0.0 0.0 10.200000000000008 0.0 0.07 10.200000000000008 0.0 0.07 0.3 0.05 0.8 0.3 0.05 0.8 0.5 0.1 0.05
760 4.068867921829224 0.0 0.0 0.0 0.0 0.0 0.0 0.0 0.0 -0.7069097055167051 0.16689710972195776 -0.2566568998245233 0.07012483601762931 0.0 0.0 0.0 -0.10584443108419635 -0.09730280814974934 -0.012807176161187758 -0.01177363978611967 0.0 0.0 0.0 0.0 10.200000000000008 0.0 0.07 10.200000000000008 0.0 0.07 0.3 0.05 0.8 0.3 0.05 0.8 0.5 0.1 0.05
761 4.074382543563843 0.0 0.0 0.0 0.0 0.0 0.0 0.0 0.0 -0.7081623728972728 0.16689710972195776 -0.2566568998245233 0.07012483601762931 0.0 0.0 0.0 -0.10584443108419635 -0.09730280814974934 -0.012807176161187758 -0.01177363978611967 0.0 0.0 0.0 0.0 10.200000000000008 0.0 0.07 10.200000000000008 0.0 0.07 0.3 0.05 0.8 0.3 0.05 0.8 0.5 0.1 0.05
762 4.079664468765259 0.0 0.0 0.0 0.0 0.0 0.0 0.0 0.0 -0.7093741688669952 0.16689710972195776 -0.2566568998245233 0.07012483601762931 0.0 0.0 0.0 -0.10584443108419635 -0.09730280814974934 -0.012807176161187758 -0.01177363978611967 0.0 0.0 0.0 0.0 10.200000000000008 0.0 0.07 10.200000000000008 0.0 0.07 0.3 0.05 0.8 0.3 0.05 0.8 0.5 0.1 0.05
763 4.085018157958984 0.0 0.0 0.0 0.0 0.0 0.0 0.0 0.0 -0.7110216375315924 0.16689710972195776 -0.2566568998245233 0.07012483601762931 0.0 0.0 0.0 -0.10584443108419635 -0.09730280814974934 -0.012807176161187758 -0.01177363978611967 0.0 0.0 0.0 0.0 10.200000000000008 0.0 0.07 10.200000000000008 0.0 0.07 0.3 0.05 0.8 0.3 0.05 0.8 0.5 0.1 0.05
764 4.090367078781128 0.0 0.0 0.0 0.0 0.0 0.0 0.0 0.0 -0.7124703142717326 0.16689710972195776 -0.2566568998245233 0.07012483601762931 0.0 0.0 0.0 -0.10584443108419635 -0.09730280814974934 -0.012807176161187758 -0.01177363978611967 0.0 0.0 0.0 0.0 10.200000000000008 0.0 0.07 10.200000000000008 0.0 0.07 0.3 0.05 0.8 0.3 0.05 0.8 0.5 0.1 0.05
765 4.09565544128418 0.0 0.0 0.0 0.0 0.0 0.0 0.0 0.0 -0.7137997158571985 0.16689710972195776 -0.2566568998245233 0.07012483601762931 0.0 0.0 0.0 -0.10584443108419635 -0.09730280814974934 -0.012807176161187758 -0.01177363978611967 0.0 0.0 0.0 0.0 10.200000000000008 0.0 0.07 10.200000000000008 0.0 0.07 0.3 0.05 0.8 0.3 0.05 0.8 0.5 0.1 0.05
766 4.100932359695435 0.0 0.0 0.0 0.0 0.0 0.0 0.0 0.0 -0.7150575523498599 0.16689710972195776 -0.2566568998245233 0.07012483601762931 0.0 0.0 0.0 -0.10584443108419635 -0.09730280814974934 -0.012807176161187758 -0.01177363978611967 0.0 0.0 0.0 0.0 10.200000000000008 0.0 0.07 10.200000000000008 0.0 0.07 0.3 0.05 0.8 0.3 0.05 0.8 0.5 0.1 0.05
767 4.106137990951538 0.0 0.0 0.0 0.0 0.0 0.0 -0.00878491802294196 0.010105450974140315 -0.7162724378659096 0.16689710972195776 -0.2566568998245233 0.07012483601762931 0.0 0.0 0.0 -0.10584443108419635 -0.09730280814974934 -0.012807176161187758 -0.01177363978611967 0.0 0.0 0.0 0.0 10.200000000000008 0.0 0.07 10.200000000000008 0.0 0.07 0.3 0.05 0.8 0.3 0.05 0.8 0.5 0.1 0.05
768 4.1113409996032715 0.0 0.0 0.0 0.0 0.0 0.0 -0.009336000253433832 0.011508902923008053 -0.7173848654600243 0.16689710972195776 -0.2566568998245233 0.07012483601762931 0.0 0.0 0.0 -0.10584443108419635 -0.09730280814974934 -0.012807176161187758 -0.01177363978611967 0.0 0.0 0.0 0.0 10.200000000000008 0.0 0.07 10.200000000000008 0.0 0.07 0.3 0.05 0.8 0.3 0.05 0.8 0.5 0.1 0.05
769 4.116580963134766 0.0 0.0 0.0 0.0 0.0 0.0 -0.009896747362419873 0.012811166653478295 -0.7185125175578749 0.16689710972195776 -0.2566568998245233 0.07012483601762931 0.0 0.0 0.0 -0.10584443108419635 -0.09730280814974934 -0.012807176161187758 -0.01177363978611967 0.0 0.0 0.0 0.0 10.200000000000008 0.0 0.07 10.200000000000008 0.0 0.07 0.3 0.05 0.8 0.3 0.05 0.8 0.5 0.1 0.05
770 4.121838092803955 0.0 0.0 0.0 0.0 0.0 0.0 -0.010386592651489323 0.014052720433142275 -0.7196493043579671 0.16689710972195776 -0.2566568998245233 0.07012483601762931 0.0 0.0 0.0 -0.10584443108419635 -0.09730280814974934 -0.012807176161187758 -0.01177363978611967 0.0 0.0 0.0 0.0 10.200000000000008 0.0 0.07 10.200000000000008 0.0 0.07 0.3 0.05 0.8 0.3 0.05 0.8 0.5 0.1 0.05
771 4.127151012420654 0.0 0.0 0.0 0.0 0.0 0.0 -0.01091059759562191 0.01525784526209026 -0.7207915719794042 0.16689710972195776 -0.2566568998245233 0.07012483601762931 0.0 0.0 0.0 -0.10584443108419635 -0.09730280814974934 -0.012807176161187758 -0.01177363978611967 0.0 0.0 0.0 0.0 10.200000000000008 0.0 0.07 10.200000000000008 0.0 0.07 0.3 0.05 0.8 0.3 0.05 0.8 0.5 0.1 0.05
772 4.132428407669067 0.0 0.0 0.0 0.0 0.0 0.0 -0.011378399075895409 0.016441115700840888 -0.7219371280936484 0.16689710972195776 -0.2566568998245233 0.07012483601762931 0.0 0.0 0.0 -0.10584443108419635 -0.09730280814974934 -0.012807176161187758 -0.01177363978611967 0.0 0.0 0.0 0.0 10.200000000000008 0.0 0.07 10.200000000000008 0.0 0.07 0.3 0.05 0.8 0.3 0.05 0.8 0.5 0.1 0.05
773 4.137746095657349 0.0 0.0 0.0 0.0 0.0 0.0 -0.011889176244634307 0.017534574248576126 -0.7230846453826478 0.16689710972195776 -0.2566568998245233 0.07012483601762931 0.0 0.0 0.0 -0.10584443108419635 -0.09730280814974934 -0.012807176161187758 -0.01177363978611967 0.0 0.0 0.0 0.0 10.200000000000008 0.0 0.07 10.200000000000008 0.0 0.07 0.3 0.05 0.8 0.3 0.05 0.8 0.5 0.1 0.05
774 4.1429924964904785 0.0 0.0 0.0 0.0 0.0 0.0 -0.01234904105967159 0.018574142681469896 -0.7242333512974293 0.16689710972195776 -0.2566568998245233 0.07012483601762931 0.0 0.0 0.0 -0.10584443108419635 -0.09730280814974934 -0.012807176161187758 -0.01177363978611967 0.0 0.0 0.0 0.0 10.200000000000008 0.0 0.07 10.200000000000008 0.0 0.07 0.3 0.05 0.8 0.3 0.05 0.8 0.5 0.1 0.05
775 4.148338079452515 0.0 0.0 0.0 0.0 0.0 0.0 -0.012778358462487906 0.01958138002569102 -0.725306071130783 0.16689710972195776 -0.2566568998245233 0.07012483601762931 0.0 0.0 0.0 -0.10584443108419635 -0.09730280814974934 -0.012807176161187758 -0.01177363978611967 0.0 0.0 0.0 0.0 10.200000000000008 0.0 0.07 10.200000000000008 0.0 0.07 0.3 0.05 0.8 0.3 0.05 0.8 0.5 0.1 0.05
776 4.153605699539185 0.0 0.0 0.0 0.0 0.0 0.0 -0.013189345927855521 0.020492519459811585 -0.7264098985721771 0.16689710972195776 -0.2566568998245233 0.07012483601762931 0.0 0.0 0.0 -0.10584443108419635 -0.09730280814974934 -0.012807176161187758 -0.01177363978611967 0.0 0.0 0.0 0.0 10.200000000000008 0.0 0.07 10.200000000000008 0.0 0.07 0.3 0.05 0.8 0.3 0.05 0.8 0.5 0.1 0.05
777 4.158885717391968 0.0 0.0 0.0 0.0 0.0 0.0 -0.013589336920870035 0.021345997167639574 -0.7275323905783954 0.16689710972195776 -0.2566568998245233 0.07012483601762931 0.0 0.0 0.0 -0.10584443108419635 -0.09730280814974934 -0.012807176161187758 -0.01177363978611967 0.0 0.0 0.0 0.0 10.200000000000008 0.0 0.07 10.200000000000008 0.0 0.07 0.3 0.05 0.8 0.3 0.05 0.8 0.5 0.1 0.05
778 4.164118051528931 0.0 0.0 0.0 0.0 0.0 0.0 -0.013906030773575717 0.02216488081992426 -0.7286660813235082 0.16689710972195776 -0.2566568998245233 0.07012483601762931 0.0 0.0 0.0 -0.10584443108419635 -0.09730280814974934 -0.012807176161187758 -0.01177363978611967 0.0 0.0 0.0 0.0 10.200000000000008 0.0 0.07 10.200000000000008 0.0 0.07 0.3 0.05 0.8 0.3 0.05 0.8 0.5 0.1 0.05
779 4.16936182975769 0.0 0.0 0.0 0.0 0.0 0.0 -0.01424944410887695 0.02288630878198599 -0.7297297920550607 0.16689710972195776 -0.2566568998245233 0.07012483601762931 0.0 0.0 0.0 -0.10584443108419635 -0.09730280814974934 -0.012807176161187758 -0.01177363978611967 0.0 0.0 0.0 0.0 10.200000000000008 0.0 0.07 10.200000000000008 0.0 0.07 0.3 0.05 0.8 0.3 0.05 0.8 0.5 0.1 0.05
780 4.174773454666138 0.0 0.0 0.0 0.0 0.0 0.0 -0.014532191366954664 0.023549263329913944 -0.7308282140353741 0.16689710972195776 -0.2566568998245233 0.07012483601762931 0.0 0.0 0.0 -0.10584443108419635 -0.09730280814974934 -0.012807176161187758 -0.01177363978611967 0.0 0.0 0.0 0.0 10.200000000000008 0.0 0.07 10.200000000000008 0.0 0.07 0.3 0.05 0.8 0.3 0.05 0.8 0.5 0.1 0.05
781 4.1802802085876465 0.0 0.0 0.0 0.0 0.0 0.0 -0.014701839721801294 0.02394703605867072 -0.7314872672235622 0.16689710972195776 -0.2566568998245233 0.07012483601762931 0.0 0.0 0.0 -0.10584443108419635 -0.09730280814974934 -0.012807176161187758 -0.01177363978611967 0.0 0.0 0.0 0.0 10.200000000000008 0.0 0.07 10.200000000000008 0.0 0.07 0.3 0.05 0.8 0.3 0.05 0.8 0.5 0.1 0.05
782 4.185610055923462 0.0 0.0 0.0 0.0 0.0 0.0 -0.014957027248503216 0.024722591513971354 -0.7331865865037235 0.16689710972195776 -0.2566568998245233 0.07012483601762931 0.0 0.0 0.0 -0.10584443108419635 -0.09730280814974934 -0.012807176161187758 -0.01177363978611967 0.0 0.0 0.0 0.0 10.200000000000008 0.0 0.07 10.200000000000008 0.0 0.07 0.3 0.05 0.8 0.3 0.05 0.8 0.5 0.1 0.05
783 4.190919637680054 0.0 0.0 0.0 0.0 0.0 0.0 -0.015110139764524369 0.02526462404404871 -0.7346663736132022 0.16689710972195776 -0.2566568998245233 0.07012483601762931 0.0 0.0 0.0 -0.10584443108419635 -0.09730280814974934 -0.012807176161187758 -0.01177363978611967 0.0 0.0 0.0 0.0 10.200000000000008 0.0 0.07 10.200000000000008 0.0 0.07 0.3 0.05 0.8 0.3 0.05 0.8 0.5 0.1 0.05
784 4.196275234222412 0.0 0.0 0.0 0.0 0.0 0.0 -0.015278706531034034 0.02566654281899209 -0.7360144414202712 0.16689710972195776 -0.2566568998245233 0.07012483601762931 0.0 0.0 0.0 -0.10584443108419635 -0.09730280814974934 -0.012807176161187758 -0.01177363978611967 0.0 0.0 0.0 0.0 10.200000000000008 0.0 0.07 10.200000000000008 0.0 0.07 0.3 0.05 0.8 0.3 0.05 0.8 0.5 0.1 0.05
785 4.201561689376831 0.0 0.0 0.0 0.0 0.0 0.0 -0.015303147334042859 0.026061092597752064 -0.7372067783889975 0.16689710972195776 -0.2566568998245233 0.07012483601762931 0.0 0.0 0.0 -0.10584443108419635 -0.09730280814974934 -0.012807176161187758 -0.01177363978611967 0.0 0.0 0.0 0.0 10.200000000000008 0.0 0.07 10.200000000000008 0.0 0.07 0.3 0.05 0.8 0.3 0.05 0.8 0.5 0.1 0.05
786 4.20676851272583 0.0 0.0 0.0 0.0 0.0 0.0 -0.015317811815848154 0.02629782246500805 -0.7383823761116151 0.16689710972195776 -0.2566568998245233 0.07012483601762931 0.0 0.0 0.0 -0.10584443108419635 -0.09730280814974934 -0.012807176161187758 -0.01177363978611967 0.0 0.0 0.0 0.0 10.200000000000008 0.0 0.07 10.200000000000008 0.0 0.07 0.3 0.05 0.8 0.3 0.05 0.8 0.5 0.1 0.05
787 4.212016582489014 0.0 0.0 0.0 0.0 0.0 0.0 -0.015249911248034358 0.026516559642258613 -0.7395479302865674 0.16689710972195776 -0.2566568998245233 0.07012483601762931 0.0 0.0 0.0 -0.10584443108419635 -0.09730280814974934 -0.012807176161187758 -0.01177363978611967 0.0 0.0 0.0 0.0 10.200000000000008 0.0 0.07 10.200000000000008 0.0 0.07 0.3 0.05 0.8 0.3 0.05 0.8 0.5 0.1 0.05
788 4.217252254486084 0.0 0.0 0.0 0.0 0.0 0.0 -0.015209170907346081 0.02664780194860895 -0.7406307590760237 0.16689710972195776 -0.2566568998245233 0.07012483601762931 0.0 0.0 0.0 -0.10584443108419635 -0.09730280814974934 -0.012807176161187758 -0.01177363978611967 0.0 0.0 0.0 0.0 10.200000000000008 0.0 0.07 10.200000000000008 0.0 0.07 0.3 0.05 0.8 0.3 0.05 0.8 0.5 0.1 0.05
789 4.2224836349487305 0.0 0.0 0.0 0.0 0.0 0.0 -0.01503132818913917 0.026726547332419155 -0.7417406518910793 0.16689710972195776 -0.2566568998245233 0.07012483601762931 0.0 0.0 0.0 -0.10584443108419635 -0.09730280814974934 -0.012807176161187758 -0.01177363978611967 0.0 0.0 0.0 0.0 10.200000000000008 0.0 0.07 10.200000000000008 0.0 0.07 0.3 0.05 0.8 0.3 0.05 0.8 0.5 0.1 0.05
790 4.2277302742004395 0.0 0.0 0.0 0.0 0.0 0.0 -0.01484792479143417 0.026697095305808303 -0.7427900600227396 0.16689710972195776 -0.2566568998245233 0.07012483601762931 0.0 0.0 0.0 -0.10584443108419635 -0.09730280814974934 -0.012807176161187758 -0.01177363978611967 0.0 0.0 0.0 0.0 10.200000000000008 0.0 0.07 10.200000000000008 0.0 0.07 0.3 0.05 0.8 0.3 0.05 0.8 0.5 0.1 0.05
791 4.233051061630249 0.0 0.0 0.0 0.0 0.0 0.0 -0.014584484239017224 0.026679424089841794 -0.7438799004431176 0.16689710972195776 -0.2566568998245233 0.07012483601762931 0.0 0.0 0.0 -0.10584443108419635 -0.09730280814974934 -0.012807176161187758 -0.01177363978611967 0.0 0.0 0.0 0.0 10.200000000000008 0.0 0.07 10.200000000000008 0.0 0.07 0.3 0.05 0.8 0.3 0.05 0.8 0.5 0.1 0.05
792 4.238330364227295 0.0 0.0 0.0 0.0 0.0 0.0 -0.014349720650670085 0.026592122103364917 -0.7449940002367262 0.16689710972195776 -0.2566568998245233 0.07012483601762931 0.0 0.0 0.0 -0.10584443108419635 -0.09730280814974934 -0.012807176161187758 -0.01177363978611967 0.0 0.0 0.0 0.0 10.200000000000008 0.0 0.07 10.200000000000008 0.0 0.07 0.3 0.05 0.8 0.3 0.05 0.8 0.5 0.1 0.05
793 4.243653774261475 0.0 0.0 0.0 0.0 0.0 0.0 -0.013978766217087003 0.02653974091147879 -0.7460459563973763 0.16689710972195776 -0.2566568998245233 0.07012483601762931 0.0 0.0 0.0 -0.10584443108419635 -0.09730280814974934 -0.012807176161187758 -0.01177363978611967 0.0 0.0 0.0 0.0 10.200000000000008 0.0 0.07 10.200000000000008 0.0 0.07 0.3 0.05 0.8 0.3 0.05 0.8 0.5 0.1 0.05
794 4.248952627182007 0.0 0.0 0.0 0.0 0.0 0.0 -0.013602795043143209 0.026431612939450143 -0.7471373256351481 0.16689710972195776 -0.2566568998245233 0.07012483601762931 0.0 0.0 0.0 -0.10584443108419635 -0.09730280814974934 -0.012807176161187758 -0.01177363978611967 0.0 0.0 0.0 0.0 10.200000000000008 0.0 0.07 10.200000000000008 0.0 0.07 0.3 0.05 0.8 0.3 0.05 0.8 0.5 0.1 0.05
795 4.254289865493774 0.0 0.0 0.0 0.0 0.0 0.0 -0.013223813824982986 0.026290036899335976 -0.7482523427191932 0.16689710972195776 -0.2566568998245233 0.07012483601762931 0.0 0.0 0.0 -0.10584443108419635 -0.09730280814974934 -0.012807176161187758 -0.01177363978611967 0.0 0.0 0.0 0.0 10.200000000000008 0.0 0.07 10.200000000000008 0.0 0.07 0.3 0.05 0.8 0.3 0.05 0.8 0.5 0.1 0.05
796 4.25954794883728 0.0 0.0 0.0 0.0 0.0 0.0 -0.012996425094086852 0.026205091275267482 -0.7489213529696201 0.16689710972195776 -0.2566568998245233 0.07012483601762931 0.0 0.0 0.0 -0.10584443108419635 -0.09730280814974934 -0.012807176161187758 -0.01177363978611967 0.0 0.0 0.0 0.0 10.200000000000008 0.0 0.07 10.200000000000008 0.0 0.07 0.3 0.05 0.8 0.3 0.05 0.8 0.5 0.1 0.05
797 4.264766454696655 0.0 0.0 0.0 0.0 0.0 0.0 -0.012476497061180428 0.026000725387032436 -0.7501664509457431 0.16689710972195776 -0.2566568998245233 0.07012483601762931 0.0 0.0 0.0 -0.10584443108419635 -0.09730280814974934 -0.012807176161187758 -0.01177363978611967 0.0 0.0 0.0 0.0 10.200000000000008 0.0 0.07 10.200000000000008 0.0 0.07 0.3 0.05 0.8 0.3 0.05 0.8 0.5 0.1 0.05
798 4.269971609115601 0.0 0.0 0.0 0.0 0.0 0.0 -0.01201114172764263 0.02580140659719444 -0.7512970060159017 0.16689710972195776 -0.2566568998245233 0.07012483601762931 0.0 0.0 0.0 -0.10584443108419635 -0.09730280814974934 -0.012807176161187758 -0.01177363978611967 0.0 0.0 0.0 0.0 10.200000000000008 0.0 0.07 10.200000000000008 0.0 0.07 0.3 0.05 0.8 0.3 0.05 0.8 0.5 0.1 0.05
799 4.275208473205566 0.0 0.0 0.0 0.0 0.0 0.0 -0.011271734476254232 0.025528416809497696 -0.7528957301407604 0.16689710972195776 -0.2566568998245233 0.07012483601762931 0.0 0.0 0.0 -0.10584443108419635 -0.09730280814974934 -0.012807176161187758 -0.01177363978611967 0.0 0.0 0.0 0.0 10.200000000000008 0.0 0.07 10.200000000000008 0.0 0.07 0.3 0.05 0.8 0.3 0.05 0.8 0.5 0.1 0.05
800 4.280506134033203 0.0 0.0 0.0 0.0 0.0 0.0 -0.010597992354730277 0.025364622936879647 -0.7542384609001606 0.16689710972195776 -0.2566568998245233 0.07012483601762931 0.0 0.0 0.0 -0.10584443108419635 -0.09730280814974934 -0.012807176161187758 -0.01177363978611967 0.0 0.0 0.0 0.0 10.200000000000008 0.0 0.07 10.200000000000008 0.0 0.07 0.3 0.05 0.8 0.3 0.05 0.8 0.5 0.1 0.05
801 4.28583836555481 0.0 0.0 0.0 0.0 0.0 0.0 -0.010040350058138078 0.025189647356411847 -0.7555042948971825 0.16689710972195776 -0.2566568998245233 0.07012483601762931 0.0 0.0 0.0 -0.10584443108419635 -0.09730280814974934 -0.012807176161187758 -0.01177363978611967 0.0 0.0 0.0 0.0 10.200000000000008 0.0 0.07 10.200000000000008 0.0 0.07 0.3 0.05 0.8 0.3 0.05 0.8 0.5 0.1 0.05
802 4.291136264801025 0.0 0.0 0.0 0.0 0.0 0.0 -0.00947566690949184 0.025007962751234195 -0.7567239908367775 0.16689710972195776 -0.2566568998245233 0.07012483601762931 0.0 0.0 0.0 -0.10584443108419635 -0.09730280814974934 -0.012807176161187758 -0.01177363978611967 0.0 0.0 0.0 0.0 10.200000000000008 0.0 0.07 10.200000000000008 0.0 0.07 0.3 0.05 0.8 0.3 0.05 0.8 0.5 0.1 0.05
803 4.29644250869751 0.0 0.0 0.0 0.0 0.0 0.0 -0.008906760739729298 0.024898951988127603 -0.7578393046850194 0.16689710972195776 -0.2566568998245233 0.07012483601762931 0.0 0.0 0.0 -0.10584443108419635 -0.09730280814974934 -0.012807176161187758 -0.01177363978611967 0.0 0.0 0.0 0.0 10.200000000000008 0.0 0.07 10.200000000000008 0.0 0.07 0.3 0.05 0.8 0.3 0.05 0.8 0.5 0.1 0.05
804 4.3016839027404785 0.0 0.0 0.0 0.0 0.0 0.0 0.0 0.024833545530263647 -0.7589686885353464 0.16689710972195776 -0.2566568998245233 0.07012483601762931 0.0 0.0 0.0 -0.10584443108419635 -0.09730280814974934 -0.012807176161187758 -0.01177363978611967 0.0 0.0 0.0 0.0 10.200000000000008 0.0 0.07 10.200000000000008 0.0 0.07 0.3 0.05 0.8 0.3 0.05 0.8 0.5 0.1 0.05
805 4.307034492492676 0.0 0.0 0.0 0.0 0.0 0.0 0.0 0.024794301655545276 -0.7601065143869243 0.16689710972195776 -0.2566568998245233 0.07012483601762931 0.0 0.0 0.0 -0.10584443108419635 -0.09730280814974934 -0.012807176161187758 -0.01177363978611967 0.0 0.0 0.0 0.0 10.200000000000008 0.0 0.07 10.200000000000008 0.0 0.07 0.3 0.05 0.8 0.3 0.05 0.8 0.5 0.1 0.05
806 4.312324047088623 0.0 0.0 0.0 0.0 0.0 0.0 0.0 0.02477075533071425 -0.761172706182356 0.16689710972195776 -0.2566568998245233 0.07012483601762931 0.0 0.0 0.0 -0.10584443108419635 -0.09730280814974934 -0.012807176161187758 -0.01177363978611967 0.0 0.0 0.0 0.0 10.200000000000008 0.0 0.07 10.200000000000008 0.0 0.07 0.3 0.05 0.8 0.3 0.05 0.8 0.5 0.1 0.05
807 4.317571401596069 0.0 0.0 0.0 0.0 0.0 0.0 0.0 0.024756627535815635 -0.7622726168009968 0.16689710972195776 -0.2566568998245233 0.07012483601762931 0.0 0.0 0.0 -0.10584443108419635 -0.09730280814974934 -0.012807176161187758 -0.01177363978611967 0.0 0.0 0.0 0.0 10.200000000000008 0.0 0.07 10.200000000000008 0.0 0.07 0.3 0.05 0.8 0.3 0.05 0.8 0.5 0.1 0.05
808 4.3228254318237305 0.0 0.0 0.0 0.0 0.0 0.0 0.0 0.02482485011577344 -0.7633927348717052 0.16689710972195776 -0.2566568998245233 0.07012483601762931 0.0 0.0 0.0 -0.10584443108419635 -0.09730280814974934 -0.012807176161187758 -0.01177363978611967 0.0 0.0 0.0 0.0 10.200000000000008 0.0 0.07 10.200000000000008 0.0 0.07 0.3 0.05 0.8 0.3 0.05 0.8 0.5 0.1 0.05
809 4.328053951263428 0.0 0.0 0.0 0.0 0.0 0.0 0.0 0.024942482920645093 -0.7644483019986152 0.16689710972195776 -0.2566568998245233 0.07012483601762931 0.0 0.0 0.0 -0.10584443108419635 -0.09730280814974934 -0.012807176161187758 -0.01177363978611967 0.0 0.0 0.0 0.0 10.200000000000008 0.0 0.07 10.200000000000008 0.0 0.07 0.3 0.05 0.8 0.3 0.05 0.8 0.5 0.1 0.05
810 4.333266258239746 0.0 0.0 0.0 0.0 0.0 0.0 0.0 0.02508976186046506 -0.7655418378161429 0.16689710972195776 -0.2566568998245233 0.07012483601762931 0.0 0.0 0.0 -0.10584443108419635 -0.09730280814974934 -0.012807176161187758 -0.01177363978611967 0.0 0.0 0.0 0.0 10.200000000000008 0.0 0.07 10.200000000000008 0.0 0.07 0.3 0.05 0.8 0.3 0.05 0.8 0.5 0.1 0.05
811 4.3385679721832275 0.0 0.0 0.0 0.0 0.0 0.0 0.0 0.02517812922435704 -0.7661979593066597 0.16689710972195776 -0.2566568998245233 0.07012483601762931 0.0 0.0 0.0 -0.10584443108419635 -0.09730280814974934 -0.012807176161187758 -0.01177363978611967 0.0 0.0 0.0 0.0 10.200000000000008 0.0 0.07 10.200000000000008 0.0 0.07 0.3 0.05 0.8 0.3 0.05 0.8 0.5 0.1 0.05
812 4.343852281570435 0.0 0.0 0.0 0.0 0.0 0.0 0.0 0.025461247413383147 -0.7674353240268363 0.16689710972195776 -0.2566568998245233 0.07012483601762931 0.0 0.0 0.0 -0.10584443108419635 -0.09730280814974934 -0.012807176161187758 -0.01177363978611967 0.0 0.0 0.0 0.0 10.200000000000008 0.0 0.07 10.200000000000008 0.0 0.07 0.3 0.05 0.8 0.3 0.05 0.8 0.5 0.1 0.05
813 4.3492255210876465 0.0 0.0 0.0 0.0 0.0 0.0 0.0 0.025784516840592756 -0.7686379384003242 0.16689710972195776 -0.2566568998245233 0.07012483601762931 0.0 0.0 0.0 -0.10584443108419635 -0.09730280814974934 -0.012807176161187758 -0.01177363978611967 0.0 0.0 0.0 0.0 10.200000000000008 0.0 0.07 10.200000000000008 0.0 0.07 0.3 0.05 0.8 0.3 0.05 0.8 0.5 0.1 0.05
814 4.354551076889038 0.0 0.0 0.0 0.0 0.0 0.0 0.0 0.026055177753815495 -0.7698197025657988 0.16689710972195776 -0.2566568998245233 0.07012483601762931 0.0 0.0 0.0 -0.10584443108419635 -0.09730280814974934 -0.012807176161187758 -0.01177363978611967 0.0 0.0 0.0 0.0 10.200000000000008 0.0 0.07 10.200000000000008 0.0 0.07 0.3 0.05 0.8 0.3 0.05 0.8 0.5 0.1 0.05
815 4.3599419593811035 0.0 0.0 0.0 0.0 0.0 0.0 0.0 0.026447672072440052 -0.7709122573495684 0.16689710972195776 -0.2566568998245233 0.07012483601762931 0.0 0.0 0.0 -0.10584443108419635 -0.09730280814974934 -0.012807176161187758 -0.01177363978611967 0.0 0.0 0.0 0.0 10.200000000000008 0.0 0.07 10.200000000000008 0.0 0.07 0.3 0.05 0.8 0.3 0.05 0.8 0.5 0.1 0.05
816 4.3652801513671875 0.0 0.0 0.0 0.0 0.0 0.0 0.0 0.027066661967867413 -0.7724881813025938 0.16689710972195776 -0.2566568998245233 0.07012483601762931 0.0 0.0 0.0 -0.10584443108419635 -0.09730280814974934 -0.012807176161187758 -0.01177363978611967 0.0 0.0 0.0 0.0 10.200000000000008 0.0 0.07 10.200000000000008 0.0 0.07 0.3 0.05 0.8 0.3 0.05 0.8 0.5 0.1 0.05
817 4.370542287826538 0.0 0.0 0.0 0.0 0.0 0.0 0.0 0.027591454418917777 -0.7738172319588938 0.16689710972195776 -0.2566568998245233 0.07012483601762931 0.0 0.0 0.0 -0.10584443108419635 -0.09730280814974934 -0.012807176161187758 -0.01177363978611967 0.0 0.0 0.0 0.0 10.200000000000008 0.0 0.07 10.200000000000008 0.0 0.07 0.3 0.05 0.8 0.3 0.05 0.8 0.5 0.1 0.05
818 4.3758158683776855 0.0 0.0 0.0 0.0 0.0 0.0 0.0 0.02790632988954799 -0.774614662352674 0.16689710972195776 -0.2566568998245233 0.07012483601762931 0.0 0.0 0.0 -0.10584443108419635 -0.09730280814974934 -0.012807176161187758 -0.01177363978611967 0.0 0.0 0.0 0.0 10.200000000000008 0.0 0.07 10.200000000000008 0.0 0.07 0.3 0.05 0.8 0.3 0.05 0.8 0.5 0.1 0.05
819 4.381165027618408 0.0 0.0 0.0 0.0 0.0 0.0 0.0 0.02863214997020493 -0.7760135116717057 0.16689710972195776 -0.2566568998245233 0.07012483601762931 0.0 0.0 0.0 -0.10584443108419635 -0.09730280814974934 -0.012807176161187758 -0.01177363978611967 0.0 0.0 0.0 0.0 10.200000000000008 0.0 0.07 10.200000000000008 0.0 0.07 0.3 0.05 0.8 0.3 0.05 0.8 0.5 0.1 0.05
820 4.386395692825317 0.0 0.0 0.0 0.0 0.0 0.0 0.0 0.02929773680905777 -0.7773130168045066 0.16689710972195776 -0.2566568998245233 0.07012483601762931 0.0 0.0 0.0 -0.10584443108419635 -0.09730280814974934 -0.012807176161187758 -0.01177363978611967 0.0 0.0 0.0 0.0 10.200000000000008 0.0 0.07 10.200000000000008 0.0 0.07 0.3 0.05 0.8 0.3 0.05 0.8 0.5 0.1 0.05
821 4.391814708709717 0.0 0.0 0.0 0.0 0.0 0.0 0.0 0.029927186683060394 -0.778476216168672 0.16689710972195776 -0.2566568998245233 0.07012483601762931 0.0 0.0 0.0 -0.10584443108419635 -0.09730280814974934 -0.012807176161187758 -0.01177363978611967 0.0 0.0 0.0 0.0 10.200000000000008 0.0 0.07 10.200000000000008 0.0 0.07 0.3 0.05 0.8 0.3 0.05 0.8 0.5 0.1 0.05
822 4.397095203399658 0.0 0.0 0.0 0.0 0.0 0.0 0.0 0.03061165363504986 -0.7796343313285531 0.16689710972195776 -0.2566568998245233 0.07012483601762931 0.0 0.0 0.0 -0.10584443108419635 -0.09730280814974934 -0.012807176161187758 -0.01177363978611967 0.0 0.0 0.0 0.0 10.200000000000008 0.0 0.07 10.200000000000008 0.0 0.07 0.3 0.05 0.8 0.3 0.05 0.8 0.5 0.1 0.05
823 4.4023964405059814 0.0 0.0 0.0 0.0 0.0 0.0 0.0 0.03132913083383143 -0.7807893959658636 0.16689710972195776 -0.2566568998245233 0.07012483601762931 0.0 0.0 0.0 -0.10584443108419635 -0.09730280814974934 -0.012807176161187758 -0.01177363978611967 0.0 0.0 0.0 0.0 10.200000000000008 0.0 0.07 10.200000000000008 0.0 0.07 0.3 0.05 0.8 0.3 0.05 0.8 0.5 0.1 0.05
824 4.407677888870239 0.0 0.0 0.0 0.0 0.0 0.0 0.0 0.03206641120045602 -0.7818659310327347 0.16689710972195776 -0.2566568998245233 0.07012483601762931 0.0 0.0 0.0 -0.10584443108419635 -0.09730280814974934 -0.012807176161187758 -0.01177363978611967 0.0 0.0 0.0 0.0 10.200000000000008 0.0 0.07 10.200000000000008 0.0 0.07 0.3 0.05 0.8 0.3 0.05 0.8 0.5 0.1 0.05
825 4.413017511367798 0.0 0.0 0.0 0.0 0.0 0.0 0.0 0.0327388771911217 -0.7829720476142392 0.16689710972195776 -0.2566568998245233 0.07012483601762931 0.0 0.0 0.0 -0.10584443108419635 -0.09730280814974934 -0.012807176161187758 -0.01177363978611967 0.0 0.0 0.0 0.0 10.200000000000008 0.0 0.07 10.200000000000008 0.0 0.07 0.3 0.05 0.8 0.3 0.05 0.8 0.5 0.1 0.05
826 4.418306112289429 0.0 0.0 0.0 0.0 0.0 0.0 0.0 0.033142356785521104 -0.7836357175631419 0.16689710972195776 -0.2566568998245233 0.07012483601762931 0.0 0.0 0.0 -0.10584443108419635 -0.09730280814974934 -0.012807176161187758 -0.01177363978611967 0.0 0.0 0.0 0.0 10.200000000000008 0.0 0.07 10.200000000000008 0.0 0.07 0.3 0.05 0.8 0.3 0.05 0.8 0.5 0.1 0.05
827 4.423650741577148 0.0 0.0 0.0 0.0 0.0 0.0 0.0 0.03399803561710429 -0.7848775875164923 0.16689710972195776 -0.2566568998245233 0.07012483601762931 0.0 0.0 0.0 -0.10584443108419635 -0.09730280814974934 -0.012807176161187758 -0.01177363978611967 0.0 0.0 0.0 0.0 10.200000000000008 0.0 0.07 10.200000000000008 0.0 0.07 0.3 0.05 0.8 0.3 0.05 0.8 0.5 0.1 0.05
828 4.428922891616821 0.0 0.0 0.0 0.0 0.0 0.0 -0.009522219579944587 0.03481823994364209 -0.7860829050298843 0.16689710972195776 -0.2566568998245233 0.07012483601762931 0.0 0.0 0.0 -0.10584443108419635 -0.09730280814974934 -0.012807176161187758 -0.01177363978611967 0.0 0.0 0.0 0.0 10.200000000000008 0.0 0.07 10.200000000000008 0.0 0.07 0.3 0.05 0.8 0.3 0.05 0.8 0.5 0.1 0.05
829 4.434172630310059 0.0 0.0 0.0 0.0 0.0 0.0 -0.010238575238901124 0.03561715956715266 -0.7872662910793014 0.16689710972195776 -0.2566568998245233 0.07012483601762931 0.0 0.0 0.0 -0.10584443108419635 -0.09730280814974934 -0.012807176161187758 -0.01177363978611967 0.0 0.0 0.0 0.0 10.200000000000008 0.0 0.07 10.200000000000008 0.0 0.07 0.3 0.05 0.8 0.3 0.05 0.8 0.5 0.1 0.05
830 4.439426422119141 0.0 0.0 0.0 0.0 0.0 0.0 -0.01105188342864379 0.036326609111949924 -0.7883598189934364 0.16689710972195776 -0.2566568998245233 0.07012483601762931 0.0 0.0 0.0 -0.10584443108419635 -0.09730280814974934 -0.012807176161187758 -0.01177363978611967 0.0 0.0 0.0 0.0 10.200000000000008 0.0 0.07 10.200000000000008 0.0 0.07 0.3 0.05 0.8 0.3 0.05 0.8 0.5 0.1 0.05
831 4.444750785827637 0.0 0.0 0.0 0.0 0.0 0.0 -0.011769966113180309 0.03705907288618393 -0.7894761312832994 0.16689710972195776 -0.2566568998245233 0.07012483601762931 0.0 0.0 0.0 -0.10584443108419635 -0.09730280814974934 -0.012807176161187758 -0.01177363978611967 0.0 0.0 0.0 0.0 10.200000000000008 0.0 0.07 10.200000000000008 0.0 0.07 0.3 0.05 0.8 0.3 0.05 0.8 0.5 0.1 0.05
832 4.45003342628479 0.0 0.0 0.0 0.0 0.0 0.0 -0.012584310518270962 0.03780534817831223 -0.7905294149417021 0.16689710972195776 -0.2566568998245233 0.07012483601762931 0.0 0.0 0.0 -0.10584443108419635 -0.09730280814974934 -0.012807176161187758 -0.01177363978611967 0.0 0.0 0.0 0.0 10.200000000000008 0.0 0.07 10.200000000000008 0.0 0.07 0.3 0.05 0.8 0.3 0.05 0.8 0.5 0.1 0.05
833 4.455398797988892 0.0 0.0 0.0 0.0 0.0 0.0 -0.013379714188913245 0.03848321112428012 -0.7916215806781255 0.16689710972195776 -0.2566568998245233 0.07012483601762931 0.0 0.0 0.0 -0.10584443108419635 -0.09730280814974934 -0.012807176161187758 -0.01177363978611967 0.0 0.0 0.0 0.0 10.200000000000008 0.0 0.07 10.200000000000008 0.0 0.07 0.3 0.05 0.8 0.3 0.05 0.8 0.5 0.1 0.05
834 4.460681915283203 0.0 0.0 0.0 0.0 0.0 0.0 -0.014163751928770386 0.03912002666255177 -0.7927370756613614 0.16689710972195776 -0.2566568998245233 0.07012483601762931 0.0 0.0 0.0 -0.10584443108419635 -0.09730280814974934 -0.012807176161187758 -0.01177363978611967 0.0 0.0 0.0 0.0 10.200000000000008 0.0 0.07 10.200000000000008 0.0 0.07 0.3 0.05 0.8 0.3 0.05 0.8 0.5 0.1 0.05
835 4.465975761413574 0.0 0.0 0.0 0.0 0.0 0.0 -0.015247767137744332 0.03996230854666437 -0.7942500644771696 0.16689710972195776 -0.2566568998245233 0.07012483601762931 0.0 0.0 0.0 -0.10584443108419635 -0.09730280814974934 -0.012807176161187758 -0.01177363978611967 0.0 0.0 0.0 0.0 10.200000000000008 0.0 0.07 10.200000000000008 0.0 0.07 0.3 0.05 0.8 0.3 0.05 0.8 0.5 0.1 0.05
836 4.471272706985474 0.0 0.0 0.0 0.0 0.0 0.0 -0.016204971800600473 0.04069777544782284 -0.7955413540511393 0.16689710972195776 -0.2566568998245233 0.07012483601762931 0.0 0.0 0.0 -0.10584443108419635 -0.09730280814974934 -0.012807176161187758 -0.01177363978611967 0.0 0.0 0.0 0.0 10.200000000000008 0.0 0.07 10.200000000000008 0.0 0.07 0.3 0.05 0.8 0.3 0.05 0.8 0.5 0.1 0.05
837 4.476507663726807 0.0 0.0 0.0 0.0 0.0 0.0 -0.017086091625902047 0.04129245410231187 -0.7967763233369031 0.16689710972195776 -0.2566568998245233 0.07012483601762931 0.0 0.0 0.0 -0.10584443108419635 -0.09730280814974934 -0.012807176161187758 -0.01177363978611967 0.0 0.0 0.0 0.0 10.200000000000008 0.0 0.07 10.200000000000008 0.0 0.07 0.3 0.05 0.8 0.3 0.05 0.8 0.5 0.1 0.05
838 4.481876373291016 0.0 0.0 0.0 0.0 0.0 0.0 -0.01784485980165779 0.04180265980879923 -0.7979775004497431 0.16689710972195776 -0.2566568998245233 0.07012483601762931 0.0 0.0 0.0 -0.10584443108419635 -0.09730280814974934 -0.012807176161187758 -0.01177363978611967 0.0 0.0 0.0 0.0 10.200000000000008 0.0 0.07 10.200000000000008 0.0 0.07 0.3 0.05 0.8 0.3 0.05 0.8 0.5 0.1 0.05
839 4.487166881561279 0.0 0.0 0.0 0.0 0.0 0.0 -0.01860691773469913 0.04226218174648559 -0.7990817030019322 0.16689710972195776 -0.2566568998245233 0.07012483601762931 0.0 0.0 0.0 -0.10584443108419635 -0.09730280814974934 -0.012807176161187758 -0.01177363978611967 0.0 0.0 0.0 0.0 10.200000000000008 0.0 0.07 10.200000000000008 0.0 0.07 0.3 0.05 0.8 0.3 0.05 0.8 0.5 0.1 0.05
840 4.492389440536499 0.0 0.0 0.0 0.0 0.0 0.0 -0.019294248775098728 0.04269129044265912 -0.8002044200746273 0.16689710972195776 -0.2566568998245233 0.07012483601762931 0.0 0.0 0.0 -0.10584443108419635 -0.09730280814974934 -0.012807176161187758 -0.01177363978611967 0.0 0.0 0.0 0.0 10.200000000000008 0.0 0.07 10.200000000000008 0.0 0.07 0.3 0.05 0.8 0.3 0.05 0.8 0.5 0.1 0.05
841 4.497699499130249 0.0 0.0 0.0 0.0 0.0 0.0 -0.019706647399338487 0.04294875566036323 -0.8008780503182444 0.16689710972195776 -0.2566568998245233 0.07012483601762931 0.0 0.0 0.0 -0.10584443108419635 -0.09730280814974934 -0.012807176161187758 -0.01177363978611967 0.0 0.0 0.0 0.0 10.200000000000008 0.0 0.07 10.200000000000008 0.0 0.07 0.3 0.05 0.8 0.3 0.05 0.8 0.5 0.1 0.05
842 4.502985954284668 0.0 0.0 0.0 0.0 0.0 0.0 -0.020414280625148058 0.04325663330477964 -0.8021259202902814 0.16689710972195776 -0.2566568998245233 0.07012483601762931 0.0 0.0 0.0 -0.10584443108419635 -0.09730280814974934 -0.012807176161187758 -0.01177363978611967 0.0 0.0 0.0 0.0 10.200000000000008 0.0 0.07 10.200000000000008 0.0 0.07 0.3 0.05 0.8 0.3 0.05 0.8 0.5 0.1 0.05
843 4.508314371109009 0.0 0.0 0.0 0.0 0.0 0.0 -0.02106895833132472 0.04351805914832647 -0.8032581385579884 0.16689710972195776 -0.2566568998245233 0.07012483601762931 0.0 0.0 0.0 -0.10584443108419635 -0.09730280814974934 -0.012807176161187758 -0.01177363978611967 0.0 0.0 0.0 0.0 10.200000000000008 0.0 0.07 10.200000000000008 0.0 0.07 0.3 0.05 0.8 0.3 0.05 0.8 0.5 0.1 0.05
844 4.513616323471069 0.0 0.0 0.0 0.0 0.0 0.0 -0.02153846421192769 0.04367491465445456 -0.8043976650599944 0.16689710972195776 -0.2566568998245233 0.07012483601762931 0.0 0.0 0.0 -0.10584443108419635 -0.09730280814974934 -0.012807176161187758 -0.01177363978611967 0.0 0.0 0.0 0.0 10.200000000000008 0.0 0.07 10.200000000000008 0.0 0.07 0.3 0.05 0.8 0.3 0.05 0.8 0.5 0.1 0.05
845 4.518962383270264 0.0 0.0 0.0 0.0 0.0 0.0 -0.022050264020864272 0.04369232870123444 -0.8054648772456829 0.16689710972195776 -0.2566568998245233 0.07012483601762931 0.0 0.0 0.0 -0.10584443108419635 -0.09730280814974934 -0.012807176161187758 -0.01177363978611967 0.0 0.0 0.0 0.0 10.200000000000008 0.0 0.07 10.200000000000008 0.0 0.07 0.3 0.05 0.8 0.3 0.05 0.8 0.5 0.1 0.05
846 4.524257659912109 0.0 0.0 0.0 0.0 0.0 0.0 -0.022434043163123193 0.04370277712930237 -0.8065653762566201 0.16689710972195776 -0.2566568998245233 0.07012483601762931 0.0 0.0 0.0 -0.10584443108419635 -0.09730280814974934 -0.012807176161187758 -0.01177363978611967 0.0 0.0 0.0 0.0 10.200000000000008 0.0 0.07 10.200000000000008 0.0 0.07 0.3 0.05 0.8 0.3 0.05 0.8 0.5 0.1 0.05
847 4.529481887817383 0.0 0.0 0.0 0.0 0.0 0.0 -0.022741009905375517 0.043632346929246155 -0.8076091719476671 0.16689710972195776 -0.2566568998245233 0.07012483601762931 0.0 0.0 0.0 -0.10584443108419635 -0.09730280814974934 -0.012807176161187758 -0.01177363978611967 0.0 0.0 0.0 0.0 10.200000000000008 0.0 0.07 10.200000000000008 0.0 0.07 0.3 0.05 0.8 0.3 0.05 0.8 0.5 0.1 0.05
848 4.534706115722656 0.0 0.0 0.0 0.0 0.0 0.0 -0.023001889207623884 0.04351338955231546 -0.8086956449036772 0.16689710972195776 -0.2566568998245233 0.07012483601762931 0.0 0.0 0.0 -0.10584443108419635 -0.09730280814974934 -0.012807176161187758 -0.01177363978611967 0.0 0.0 0.0 0.0 10.200000000000008 0.0 0.07 10.200000000000008 0.0 0.07 0.3 0.05 0.8 0.3 0.05 0.8 0.5 0.1 0.05
849 4.5399816036224365 0.0 0.0 0.0 0.0 0.0 0.0 -0.023235116045869877 0.043288619592595334 -0.8097310249617681 0.16689710972195776 -0.2566568998245233 0.07012483601762931 0.0 0.0 0.0 -0.10584443108419635 -0.09730280814974934 -0.012807176161187758 -0.01177363978611967 0.0 0.0 0.0 0.0 10.200000000000008 0.0 0.07 10.200000000000008 0.0 0.07 0.3 0.05 0.8 0.3 0.05 0.8 0.5 0.1 0.05
850 4.545546531677246 0.0 0.0 0.0 0.0 0.0 0.0 -0.023375052148817473 0.04300035910296931 -0.8107357492811075 0.16689710972195776 -0.2566568998245233 0.07012483601762931 0.0 0.0 0.0 -0.10584443108419635 -0.09730280814974934 -0.012807176161187758 -0.01177363978611967 0.0 0.0 0.0 0.0 10.200000000000008 0.0 0.07 10.200000000000008 0.0 0.07 0.3 0.05 0.8 0.3 0.05 0.8 0.5 0.1 0.05
851 4.551876544952393 0.0 0.0 0.0 0.0 0.0 0.0 -0.02345901381058603 0.04244390652470883 -0.8121822756985778 0.16689710972195776 -0.2566568998245233 0.07012483601762931 0.0 0.0 0.0 -0.10584443108419635 -0.09730280814974934 -0.012807176161187758 -0.01177363978611967 0.0 0.0 0.0 0.0 10.200000000000008 0.0 0.07 10.200000000000008 0.0 0.07 0.3 0.05 0.8 0.3 0.05 0.8 0.5 0.1 0.05
852 4.557272434234619 0.0 0.0 0.0 0.0 0.0 0.0 -0.023509390807647166 0.041879937207061624 -0.8135103870904419 0.16689710972195776 -0.2566568998245233 0.07012483601762931 0.0 0.0 0.0 -0.10584443108419635 -0.09730280814974934 -0.012807176161187758 -0.01177363978611967 0.0 0.0 0.0 0.0 10.200000000000008 0.0 0.07 10.200000000000008 0.0 0.07 0.3 0.05 0.8 0.3 0.05 0.8 0.5 0.1 0.05
853 4.562573194503784 0.0 0.0 0.0 0.0 0.0 0.0 -0.023462917748986872 0.041311460826014626 -0.8146907502100451 0.16689710972195776 -0.2566568998245233 0.07012483601762931 0.0 0.0 0.0 -0.10584443108419635 -0.09730280814974934 -0.012807176161187758 -0.01177363978611967 0.0 0.0 0.0 0.0 10.200000000000008 0.0 0.07 10.200000000000008 0.0 0.07 0.3 0.05 0.8 0.3 0.05 0.8 0.5 0.1 0.05
854 4.567847490310669 0.0 0.0 0.0 0.0 0.0 0.0 -0.02335833465689373 0.04066357796979854 -0.8157824643662919 0.16689710972195776 -0.2566568998245233 0.07012483601762931 0.0 0.0 0.0 -0.10584443108419635 -0.09730280814974934 -0.012807176161187758 -0.01177363978611967 0.0 0.0 0.0 0.0 10.200000000000008 0.0 0.07 10.200000000000008 0.0 0.07 0.3 0.05 0.8 0.3 0.05 0.8 0.5 0.1 0.05
855 4.573086261749268 0.0 0.0 0.0 0.0 0.0 0.0 -0.023218885544740865 0.03996805122848099 -0.8168976884014219 0.16689710972195776 -0.2566568998245233 0.07012483601762931 0.0 0.0 0.0 -0.10584443108419635 -0.09730280814974934 -0.012807176161187758 -0.01177363978611967 0.0 0.0 0.0 0.0 10.200000000000008 0.0 0.07 10.200000000000008 0.0 0.07 0.3 0.05 0.8 0.3 0.05 0.8 0.5 0.1 0.05
856 4.5783371925354 0.0 0.0 0.0 0.0 0.0 0.0 -0.023135216077449148 0.03955073518369046 -0.8175668228224999 0.16689710972195776 -0.2566568998245233 0.07012483601762931 0.0 0.0 0.0 -0.10584443108419635 -0.09730280814974934 -0.012807176161187758 -0.01177363978611967 0.0 0.0 0.0 0.0 10.200000000000008 0.0 0.07 10.200000000000008 0.0 0.07 0.3 0.05 0.8 0.3 0.05 0.8 0.5 0.1 0.05
857 4.5835700035095215 0.0 0.0 0.0 0.0 0.0 0.0 -0.02285491811649932 0.03853335596807866 -0.8187352960441164 0.16689710972195776 -0.2566568998245233 0.07012483601762931 0.0 0.0 0.0 -0.10584443108419635 -0.09730280814974934 -0.012807176161187758 -0.01177363978611967 0.0 0.0 0.0 0.0 10.200000000000008 0.0 0.07 10.200000000000008 0.0 0.07 0.3 0.05 0.8 0.3 0.05 0.8 0.5 0.1 0.05
858 4.5889012813568115 0.0 0.0 0.0 0.0 0.0 0.0 -0.02261004008303245 0.03753943215422671 -0.8198198762615712 0.16689710972195776 -0.2566568998245233 0.07012483601762931 0.0 0.0 0.0 -0.10584443108419635 -0.09730280814974934 -0.012807176161187758 -0.01177363978611967 0.0 0.0 0.0 0.0 10.200000000000008 0.0 0.07 10.200000000000008 0.0 0.07 0.3 0.05 0.8 0.3 0.05 0.8 0.5 0.1 0.05
859 4.594142913818359 0.0 0.0 0.0 0.0 0.0 0.0 -0.02223301549226141 0.03655958456166292 -0.8209308199334259 0.16689710972195776 -0.2566568998245233 0.07012483601762931 0.0 0.0 0.0 -0.10584443108419635 -0.09730280814974934 -0.012807176161187758 -0.01177363978611967 0.0 0.0 0.0 0.0 10.200000000000008 0.0 0.07 10.200000000000008 0.0 0.07 0.3 0.05 0.8 0.3 0.05 0.8 0.5 0.1 0.05
860 4.599379539489746 0.0 0.0 0.0 0.0 0.0 0.0 -0.021930101480901812 0.035511480464742805 -0.8219808824210235 0.16689710972195776 -0.2566568998245233 0.07012483601762931 0.0 0.0 0.0 -0.10584443108419635 -0.09730280814974934 -0.012807176161187758 -0.01177363978611967 0.0 0.0 0.0 0.0 10.200000000000008 0.0 0.07 10.200000000000008 0.0 0.07 0.3 0.05 0.8 0.3 0.05 0.8 0.5 0.1 0.05
861 4.604757308959961 0.0 0.0 0.0 0.0 0.0 0.0 -0.02159495605040823 0.03442242246520891 -0.822994416198067 0.16689710972195776 -0.2566568998245233 0.07012483601762931 0.0 0.0 0.0 -0.10584443108419635 -0.09730280814974934 -0.012807176161187758 -0.01177363978611967 0.0 0.0 0.0 0.0 10.200000000000008 0.0 0.07 10.200000000000008 0.0 0.07 0.3 0.05 0.8 0.3 0.05 0.8 0.5 0.1 0.05
862 4.6100640296936035 0.0 0.0 0.0 0.0 0.0 0.0 -0.021240470278318137 0.03330879510433897 -0.8240627320056749 0.16689710972195776 -0.2566568998245233 0.07012483601762931 0.0 0.0 0.0 -0.10584443108419635 -0.09730280814974934 -0.012807176161187758 -0.01177363978611967 0.0 0.0 0.0 0.0 10.200000000000008 0.0 0.07 10.200000000000008 0.0 0.07 0.3 0.05 0.8 0.3 0.05 0.8 0.5 0.1 0.05
863 4.615398168563843 0.0 0.0 0.0 0.0 0.0 0.0 -0.020874380301270132 0.032103723889538194 -0.8250872177747246 0.16689710972195776 -0.2566568998245233 0.07012483601762931 0.0 0.0 0.0 -0.10584443108419635 -0.09730280814974934 -0.012807176161187758 -0.01177363978611967 0.0 0.0 0.0 0.0 10.200000000000008 0.0 0.07 10.200000000000008 0.0 0.07 0.3 0.05 0.8 0.3 0.05 0.8 0.5 0.1 0.05
864 4.620660066604614 0.0 0.0 0.0 0.0 0.0 0.0 -0.0205013292913635 0.030920488599508134 -0.8260854055206392 0.16689710972195776 -0.2566568998245233 0.07012483601762931 0.0 0.0 0.0 -0.10584443108419635 -0.09730280814974934 -0.012807176161187758 -0.01177363978611967 0.0 0.0 0.0 0.0 10.200000000000008 0.0 0.07 10.200000000000008 0.0 0.07 0.3 0.05 0.8 0.3 0.05 0.8 0.5 0.1 0.05
865 4.6260435581207275 0.0 0.0 0.0 0.0 0.0 0.0 -0.020047400914728605 0.02913676080916472 -0.8274512868952998 0.16689710972195776 -0.2566568998245233 0.07012483601762931 0.0 0.0 0.0 -0.10584443108419635 -0.09730280814974934 -0.012807176161187758 -0.01177363978611967 0.0 0.0 0.0 0.0 10.200000000000008 0.0 0.07 10.200000000000008 0.0 0.07 0.3 0.05 0.8 0.3 0.05 0.8 0.5 0.1 0.05
866 4.631308317184448 0.0 0.0 0.0 0.0 0.0 0.0 -0.019544946118056752 0.027529629336679864 -0.828654312004581 0.16689710972195776 -0.2566568998245233 0.07012483601762931 0.0 0.0 0.0 -0.10584443108419635 -0.09730280814974934 -0.012807176161187758 -0.01177363978611967 0.0 0.0 0.0 0.0 10.200000000000008 0.0 0.07 10.200000000000008 0.0 0.07 0.3 0.05 0.8 0.3 0.05 0.8 0.5 0.1 0.05
867 4.63655424118042 0.0 0.0 0.0 0.0 0.0 0.0 -0.019166775473272786 0.025951759378245405 -0.8298363226115315 0.16689710972195776 -0.2566568998245233 0.07012483601762931 0.0 0.0 0.0 -0.10584443108419635 -0.09730280814974934 -0.012807176161187758 -0.01177363978611967 0.0 0.0 0.0 0.0 10.200000000000008 0.0 0.07 10.200000000000008 0.0 0.07 0.3 0.05 0.8 0.3 0.05 0.8 0.5 0.1 0.05
868 4.641791820526123 0.0 0.0 0.0 0.0 0.0 0.0 -0.01878647457260846 0.024468142604905922 -0.8309290252601867 0.16689710972195776 -0.2566568998245233 0.07012483601762931 0.0 0.0 0.0 -0.10584443108419635 -0.09730280814974934 -0.012807176161187758 -0.01177363978611967 0.0 0.0 0.0 0.0 10.200000000000008 0.0 0.07 10.200000000000008 0.0 0.07 0.3 0.05 0.8 0.3 0.05 0.8 0.5 0.1 0.05
869 4.647019624710083 0.0 0.0 0.0 0.0 0.0 0.0 -0.018481594775312894 0.022964381465958687 -0.8319681431338648 0.16689710972195776 -0.2566568998245233 0.07012483601762931 0.0 0.0 0.0 -0.10584443108419635 -0.09730280814974934 -0.012807176161187758 -0.01177363978611967 0.0 0.0 0.0 0.0 10.200000000000008 0.0 0.07 10.200000000000008 0.0 0.07 0.3 0.05 0.8 0.3 0.05 0.8 0.5 0.1 0.05
870 4.652234077453613 0.0 0.0 0.0 0.0 0.0 0.0 -0.018145268383141608 0.021525229984311542 -0.8329751101425564 0.16689710972195776 -0.2566568998245233 0.07012483601762931 0.0 0.0 0.0 -0.10584443108419635 -0.09730280814974934 -0.012807176161187758 -0.01177363978611967 0.0 0.0 0.0 0.0 10.200000000000008 0.0 0.07 10.200000000000008 0.0 0.07 0.3 0.05 0.8 0.3 0.05 0.8 0.5 0.1 0.05
871 4.6575634479522705 0.0 0.0 0.0 0.0 0.0 0.0 -0.01794347254783884 0.020661739095323255 -0.8335792903477715 0.16689710972195776 -0.2566568998245233 0.07012483601762931 0.0 0.0 0.0 -0.10584443108419635 -0.09730280814974934 -0.012807176161187758 -0.01177363978611967 0.0 0.0 0.0 0.0 10.200000000000008 0.0 0.07 10.200000000000008 0.0 0.07 0.3 0.05 0.8 0.3 0.05 0.8 0.5 0.1 0.05
872 4.662839889526367 0.0 0.0 0.0 0.0 0.0 0.0 -0.017822395046657176 0.019530053486986738 -0.8343252947553853 0.16689710972195776 -0.2566568998245233 0.07012483601762931 0.0 0.0 0.0 -0.10584443108419635 -0.09730280814974934 -0.012807176161187758 -0.01177363978611967 0.0 0.0 0.0 0.0 10.200000000000008 0.0 0.07 10.200000000000008 0.0 0.07 0.3 0.05 0.8 0.3 0.05 0.8 0.5 0.1 0.05
873 4.668174743652344 0.0 0.0 0.0 0.0 0.0 0.0 -0.017673049289051206 0.017700556248762475 -0.8355398899689234 0.16689710972195776 -0.2566568998245233 0.07012483601762931 0.0 0.0 0.0 -0.10584443108419635 -0.09730280814974934 -0.012807176161187758 -0.01177363978611967 0.0 0.0 0.0 0.0 10.200000000000008 0.0 0.07 10.200000000000008 0.0 0.07 0.3 0.05 0.8 0.3 0.05 0.8 0.5 0.1 0.05
874 4.673440456390381 0.0 0.0 0.0 0.0 0.0 0.0 -0.0174300448108098 0.015989266830884377 -0.836652143381531 0.16689710972195776 -0.2566568998245233 0.07012483601762931 0.0 0.0 0.0 -0.10584443108419635 -0.09730280814974934 -0.012807176161187758 -0.01177363978611967 0.0 0.0 0.0 0.0 10.200000000000008 0.0 0.07 10.200000000000008 0.0 0.07 0.3 0.05 0.8 0.3 0.05 0.8 0.5 0.1 0.05
875 4.6787803173065186 0.0 0.0 0.0 0.0 0.0 0.0 -0.017360941380761927 0.014348899124981737 -0.8377029917135805 0.16689710972195776 -0.2566568998245233 0.07012483601762931 0.0 0.0 0.0 -0.10584443108419635 -0.09730280814974934 -0.012807176161187758 -0.01177363978611967 0.0 0.0 0.0 0.0 10.200000000000008 0.0 0.07 10.200000000000008 0.0 0.07 0.3 0.05 0.8 0.3 0.05 0.8 0.5 0.1 0.05
876 4.684046745300293 0.0 0.0 0.0 0.0 0.0 0.0 -0.0173194793227332 0.012827786683393582 -0.8387169969972951 0.16689710972195776 -0.2566568998245233 0.07012483601762931 0.0 0.0 0.0 -0.10584443108419635 -0.09730280814974934 -0.012807176161187758 -0.01177363978611967 0.0 0.0 0.0 0.0 10.200000000000008 0.0 0.07 10.200000000000008 0.0 0.07 0.3 0.05 0.8 0.3 0.05 0.8 0.5 0.1 0.05
877 4.689427137374878 0.0 0.0 0.0 0.0 0.0 0.0 -0.01737129985469682 0.011301525163264908 -0.8397088964520086 0.16689710972195776 -0.2566568998245233 0.07012483601762931 0.0 0.0 0.0 -0.10584443108419635 -0.09730280814974934 -0.012807176161187758 -0.01177363978611967 0.0 0.0 0.0 0.0 10.200000000000008 0.0 0.07 10.200000000000008 0.0 0.07 0.3 0.05 0.8 0.3 0.05 0.8 0.5 0.1 0.05
878 4.694681882858276 0.0 0.0 0.0 0.0 0.0 0.0 -0.017402392173874993 0.009848876433141135 -0.8406875324093217 0.16689710972195776 -0.2566568998245233 0.07012483601762931 0.0 0.0 0.0 -0.10584443108419635 -0.09730280814974934 -0.012807176161187758 -0.01177363978611967 0.0 0.0 0.0 0.0 10.200000000000008 0.0 0.07 10.200000000000008 0.0 0.07 0.3 0.05 0.8 0.3 0.05 0.8 0.5 0.1 0.05
879 4.699919700622559 0.0 0.0 0.0 0.0 0.0 0.0 -0.01757444607917584 0.0 -0.8417349095250912 0.16689710972195776 -0.2566568998245233 0.07012483601762931 0.0 0.0 0.0 -0.10584443108419635 -0.09730280814974934 -0.012807176161187758 -0.01177363978611967 0.0 0.0 0.0 0.0 10.200000000000008 0.0 0.07 10.200000000000008 0.0 0.07 0.3 0.05 0.8 0.3 0.05 0.8 0.5 0.1 0.05
880 4.705156564712524 0.0 0.0 0.0 0.0 0.0 0.0 -0.017754377679253322 0.0 -0.8427468320790379 0.16689710972195776 -0.2566568998245233 0.07012483601762931 0.0 0.0 0.0 -0.10584443108419635 -0.09730280814974934 -0.012807176161187758 -0.01177363978611967 0.0 0.0 0.0 0.0 10.200000000000008 0.0 0.07 10.200000000000008 0.0 0.07 0.3 0.05 0.8 0.3 0.05 0.8 0.5 0.1 0.05
881 4.710505723953247 0.0 0.0 0.0 0.0 0.0 0.0 -0.01809243440999073 0.0 -0.8437374818958907 0.16689710972195776 -0.2566568998245233 0.07012483601762931 0.0 0.0 0.0 -0.10584443108419635 -0.09730280814974934 -0.012807176161187758 -0.01177363978611967 0.0 0.0 0.0 0.0 10.200000000000008 0.0 0.07 10.200000000000008 0.0 0.07 0.3 0.05 0.8 0.3 0.05 0.8 0.5 0.1 0.05
882 4.71612548828125 0.0 0.0 0.0 0.0 0.0 0.0 -0.018602063985904943 0.0 -0.8450988643549722 0.16689710972195776 -0.2566568998245233 0.07012483601762931 0.0 0.0 0.0 -0.10584443108419635 -0.09730280814974934 -0.012807176161187758 -0.01177363978611967 0.0 0.0 0.0 0.0 10.200000000000008 0.0 0.07 10.200000000000008 0.0 0.07 0.3 0.05 0.8 0.3 0.05 0.8 0.5 0.1 0.05
883 4.721421241760254 0.0 0.0 0.0 0.0 0.0 0.0 -0.01906124024524742 0.0 -0.846299190114906 0.16689710972195776 -0.2566568998245233 0.07012483601762931 0.0 0.0 0.0 -0.10584443108419635 -0.09730280814974934 -0.012807176161187758 -0.01177363978611967 0.0 0.0 0.0 0.0 10.200000000000008 0.0 0.07 10.200000000000008 0.0 0.07 0.3 0.05 0.8 0.3 0.05 0.8 0.5 0.1 0.05
884 4.726693391799927 0.0 0.0 0.0 0.0 0.0 0.0 -0.019643541538324677 0.0 -0.847402881855351 0.16689710972195776 -0.2566568998245233 0.07012483601762931 0.0 0.0 0.0 -0.10584443108419635 -0.09730280814974934 -0.012807176161187758 -0.01177363978611967 0.0 0.0 0.0 0.0 10.200000000000008 0.0 0.07 10.200000000000008 0.0 0.07 0.3 0.05 0.8 0.3 0.05 0.8 0.5 0.1 0.05
885 4.732004165649414 0.0 0.0 0.0 0.0 0.0 0.0 -0.02022302008486195 0.0 -0.848448569342245 0.16689710972195776 -0.2566568998245233 0.07012483601762931 0.0 0.0 0.0 -0.10584443108419635 -0.09730280814974934 -0.012807176161187758 -0.01177363978611967 0.0 0.0 0.0 0.0 10.200000000000008 0.0 0.07 10.200000000000008 0.0 0.07 0.3 0.05 0.8 0.3 0.05 0.8 0.5 0.1 0.05
886 4.737246513366699 0.0 0.0 0.0 0.0 0.0 0.0 -0.02057070721278431 0.0 -0.8490759818343814 0.16689710972195776 -0.2566568998245233 0.07012483601762931 0.0 0.0 0.0 -0.10584443108419635 -0.09730280814974934 -0.012807176161187758 -0.01177363978611967 0.0 0.0 0.0 0.0 10.200000000000008 0.0 0.07 10.200000000000008 0.0 0.07 0.3 0.05 0.8 0.3 0.05 0.8 0.5 0.1 0.05
887 4.742497682571411 0.0 0.0 0.0 0.0 0.0 0.0 -0.021316212797700417 0.0 -0.850219421898633 0.16689710972195776 -0.2566568998245233 0.07012483601762931 0.0 0.0 0.0 -0.10584443108419635 -0.09730280814974934 -0.012807176161187758 -0.01177363978611967 0.0 0.0 0.0 0.0 10.200000000000008 0.0 0.07 10.200000000000008 0.0 0.07 0.3 0.05 0.8 0.3 0.05 0.8 0.5 0.1 0.05
888 4.747722387313843 0.0 0.0 0.0 0.0 0.0 0.0 -0.022147010943018824 0.0 -0.8512889822216687 0.16689710972195776 -0.2566568998245233 0.07012483601762931 0.0 0.0 0.0 -0.10584443108419635 -0.09730280814974934 -0.012807176161187758 -0.01177363978611967 0.0 0.0 0.0 0.0 10.200000000000008 0.0 0.07 10.200000000000008 0.0 0.07 0.3 0.05 0.8 0.3 0.05 0.8 0.5 0.1 0.05
889 4.752934217453003 0.0 0.0 0.0 0.0 0.0 0.0 -0.022875587600900787 0.0 -0.8523142146999751 0.16689710972195776 -0.2566568998245233 0.07012483601762931 0.0 0.0 0.0 -0.10584443108419635 -0.09730280814974934 -0.012807176161187758 -0.01177363978611967 0.0 0.0 0.0 0.0 10.200000000000008 0.0 0.07 10.200000000000008 0.0 0.07 0.3 0.05 0.8 0.3 0.05 0.8 0.5 0.1 0.05
890 4.758155584335327 0.0 0.0 0.0 0.0 0.0 0.0 -0.023772927646895682 0.0 -0.8533128504714438 0.16689710972195776 -0.2566568998245233 0.07012483601762931 0.0 0.0 0.0 -0.10584443108419635 -0.09730280814974934 -0.012807176161187758 -0.01177363978611967 0.0 0.0 0.0 0.0 10.200000000000008 0.0 0.07 10.200000000000008 0.0 0.07 0.3 0.05 0.8 0.3 0.05 0.8 0.5 0.1 0.05
891 4.763615846633911 0.0 0.0 0.0 0.0 0.0 0.0 -0.02454142795506742 0.0 -0.8542955282188098 0.16689710972195776 -0.2566568998245233 0.07012483601762931 0.0 0.0 0.0 -0.10584443108419635 -0.09730280814974934 -0.012807176161187758 -0.01177363978611967 0.0 0.0 0.0 0.0 10.200000000000008 0.0 0.07 10.200000000000008 0.0 0.07 0.3 0.05 0.8 0.3 0.05 0.8 0.5 0.1 0.05
892 4.76888632774353 0.0 0.0 0.0 0.0 0.0 0.0 -0.025386024424455325 -0.00876126077932499 -0.8553453304086113 0.16689710972195776 -0.2566568998245233 0.07012483601762931 0.0 0.0 0.0 -0.10584443108419635 -0.09730280814974934 -0.012807176161187758 -0.01177363978611967 0.0 0.0 0.0 0.0 10.200000000000008 0.0 0.07 10.200000000000008 0.0 0.07 0.3 0.05 0.8 0.3 0.05 0.8 0.5 0.1 0.05
893 4.77426815032959 0.0 0.0 0.0 0.0 0.0 0.0 -0.026122878586662866 -0.00962860218979348 -0.856358708006977 0.16689710972195776 -0.2566568998245233 0.07012483601762931 0.0 0.0 0.0 -0.10584443108419635 -0.09730280814974934 -0.012807176161187758 -0.01177363978611967 0.0 0.0 0.0 0.0 10.200000000000008 0.0 0.07 10.200000000000008 0.0 0.07 0.3 0.05 0.8 0.3 0.05 0.8 0.5 0.1 0.05
894 4.7795164585113525 0.0 0.0 0.0 0.0 0.0 0.0 -0.027025185135253108 -0.010532501830443318 -0.8573502308504813 0.16689710972195776 -0.2566568998245233 0.07012483601762931 0.0 0.0 0.0 -0.10584443108419635 -0.09730280814974934 -0.012807176161187758 -0.01177363978611967 0.0 0.0 0.0 0.0 10.200000000000008 0.0 0.07 10.200000000000008 0.0 0.07 0.3 0.05 0.8 0.3 0.05 0.8 0.5 0.1 0.05
895 4.784860849380493 0.0 0.0 0.0 0.0 0.0 0.0 -0.02779666683509817 -0.01130493938552414 -0.8583286408410689 0.16689710972195776 -0.2566568998245233 0.07012483601762931 0.0 0.0 0.0 -0.10584443108419635 -0.09730280814974934 -0.012807176161187758 -0.01177363978611967 0.0 0.0 0.0 0.0 10.200000000000008 0.0 0.07 10.200000000000008 0.0 0.07 0.3 0.05 0.8 0.3 0.05 0.8 0.5 0.1 0.05
896 4.790322303771973 0.0 0.0 0.0 0.0 0.0 0.0 -0.028719749906270922 -0.012151896712941375 -0.8592991831199062 0.16689710972195776 -0.2566568998245233 0.07012483601762931 0.0 0.0 0.0 -0.10584443108419635 -0.09730280814974934 -0.012807176161187758 -0.01177363978611967 0.0 0.0 0.0 0.0 10.200000000000008 0.0 0.07 10.200000000000008 0.0 0.07 0.3 0.05 0.8 0.3 0.05 0.8 0.5 0.1 0.05
897 4.79579758644104 0.0 0.0 0.0 0.0 0.0 0.0 -0.029887192314034236 -0.013196964417554406 -0.8606485010561783 0.16689710972195776 -0.2566568998245233 0.07012483601762931 0.0 0.0 0.0 -0.10584443108419635 -0.09730280814974934 -0.012807176161187758 -0.01177363978611967 0.0 0.0 0.0 0.0 10.200000000000008 0.0 0.07 10.200000000000008 0.0 0.07 0.3 0.05 0.8 0.3 0.05 0.8 0.5 0.1 0.05
898 4.801042795181274 0.0 0.0 0.0 0.0 0.0 0.0 -0.030741054782370048 -0.013977403554116169 -0.8619182873593234 0.16689710972195776 -0.2566568998245233 0.07012483601762931 0.0 0.0 0.0 -0.10584443108419635 -0.09730280814974934 -0.012807176161187758 -0.01177363978611967 0.0 0.0 0.0 0.0 10.200000000000008 0.0 0.07 10.200000000000008 0.0 0.07 0.3 0.05 0.8 0.3 0.05 0.8 0.5 0.1 0.05
899 4.8063130378723145 0.0 0.0 0.0 0.0 0.0 0.0 -0.0316368685478564 -0.014752462573525 -0.8630636554256954 0.16689710972195776 -0.2566568998245233 0.07012483601762931 0.0 0.0 0.0 -0.10584443108419635 -0.09730280814974934 -0.012807176161187758 -0.01177363978611967 0.0 0.0 0.0 0.0 10.200000000000008 0.0 0.07 10.200000000000008 0.0 0.07 0.3 0.05 0.8 0.3 0.05 0.8 0.5 0.1 0.05
900 4.811556577682495 0.0 0.0 0.0 0.0 0.0 0.0 -0.032327753830826034 -0.015294197242067271 -0.8641343725500035 0.16689710972195776 -0.2566568998245233 0.07012483601762931 0.0 0.0 0.0 -0.10584443108419635 -0.09730280814974934 -0.012807176161187758 -0.01177363978611967 0.0 0.0 0.0 0.0 10.200000000000008 0.0 0.07 10.200000000000008 0.0 0.07 0.3 0.05 0.8 0.3 0.05 0.8 0.5 0.1 0.05
901 4.816895484924316 0.0 0.0 0.0 0.0 0.0 0.0 -0.032742285000607815 -0.015619238043192634 -0.8647768028245882 0.16689710972195776 -0.2566568998245233 0.07012483601762931 0.0 0.0 0.0 -0.10584443108419635 -0.09730280814974934 -0.012807176161187758 -0.01177363978611967 0.0 0.0 0.0 0.0 10.200000000000008 0.0 0.07 10.200000000000008 0.0 0.07 0.3 0.05 0.8 0.3 0.05 0.8 0.5 0.1 0.05
902 4.822161674499512 0.0 0.0 0.0 0.0 0.0 0.0 -0.033451199243858726 -0.016197758808352714 -0.8659292535583089 0.16689710972195776 -0.2566568998245233 0.07012483601762931 0.0 0.0 0.0 -0.10584443108419635 -0.09730280814974934 -0.012807176161187758 -0.01177363978611967 0.0 0.0 0.0 0.0 10.200000000000008 0.0 0.07 10.200000000000008 0.0 0.07 0.3 0.05 0.8 0.3 0.05 0.8 0.5 0.1 0.05
903 4.827478408813477 0.0 0.0 0.0 0.0 0.0 0.0 -0.03418334332728104 -0.016774967548023562 -0.8670809195399232 0.16689710972195776 -0.2566568998245233 0.07012483601762931 0.0 0.0 0.0 -0.10584443108419635 -0.09730280814974934 -0.012807176161187758 -0.01177363978611967 0.0 0.0 0.0 0.0 10.200000000000008 0.0 0.07 10.200000000000008 0.0 0.07 0.3 0.05 0.8 0.3 0.05 0.8 0.5 0.1 0.05
904 4.832806348800659 0.0 0.0 0.0 0.0 0.0 0.0 -0.03462262977733443 -0.01719799204872304 -0.8681554154133766 0.16689710972195776 -0.2566568998245233 0.07012483601762931 0.0 0.0 0.0 -0.10584443108419635 -0.09730280814974934 -0.012807176161187758 -0.01177363978611967 0.0 0.0 0.0 0.0 10.200000000000008 0.0 0.07 10.200000000000008 0.0 0.07 0.3 0.05 0.8 0.3 0.05 0.8 0.5 0.1 0.05
905 4.838093519210815 0.0 0.0 0.0 0.0 0.0 0.0 -0.03511629792794126 -0.017681904519833647 -0.8691836092219334 0.16689710972195776 -0.2566568998245233 0.07012483601762931 0.0 0.0 0.0 -0.10584443108419635 -0.09730280814974934 -0.012807176161187758 -0.01177363978611967 0.0 0.0 0.0 0.0 10.200000000000008 0.0 0.07 10.200000000000008 0.0 0.07 0.3 0.05 0.8 0.3 0.05 0.8 0.5 0.1 0.05
906 4.843350172042847 0.0 0.0 0.0 0.0 0.0 0.0 -0.03541249881830536 -0.01797225200250001 -0.8701839979496944 0.16689710972195776 -0.2566568998245233 0.07012483601762931 0.0 0.0 0.0 -0.10584443108419635 -0.09730280814974934 -0.012807176161187758 -0.01177363978611967 0.0 0.0 0.0 0.0 10.200000000000008 0.0 0.07 10.200000000000008 0.0 0.07 0.3 0.05 0.8 0.3 0.05 0.8 0.5 0.1 0.05
907 4.848628044128418 0.0 0.0 0.0 0.0 0.0 0.0 -0.035743617866317766 -0.018376556772674628 -0.8712444267277328 0.16689710972195776 -0.2566568998245233 0.07012483601762931 0.0 0.0 0.0 -0.10584443108419635 -0.09730280814974934 -0.012807176161187758 -0.01177363978611967 0.0 0.0 0.0 0.0 10.200000000000008 0.0 0.07 10.200000000000008 0.0 0.07 0.3 0.05 0.8 0.3 0.05 0.8 0.5 0.1 0.05
908 4.853861331939697 0.0 0.0 0.0 0.0 0.0 0.0 -0.035865590038228236 -0.0186191396347794 -0.8722641802790408 0.16689710972195776 -0.2566568998245233 0.07012483601762931 0.0 0.0 0.0 -0.10584443108419635 -0.09730280814974934 -0.012807176161187758 -0.01177363978611967 0.0 0.0 0.0 0.0 10.200000000000008 0.0 0.07 10.200000000000008 0.0 0.07 0.3 0.05 0.8 0.3 0.05 0.8 0.5 0.1 0.05
909 4.859102010726929 0.0 0.0 0.0 0.0 0.0 0.0 -0.03609217185516846 -0.018994787122733177 -0.8732595286943104 0.16689710972195776 -0.2566568998245233 0.07012483601762931 0.0 0.0 0.0 -0.10584443108419635 -0.09730280814974934 -0.012807176161187758 -0.01177363978611967 0.0 0.0 0.0 0.0 10.200000000000008 0.0 0.07 10.200000000000008 0.0 0.07 0.3 0.05 0.8 0.3 0.05 0.8 0.5 0.1 0.05
910 4.8643128871917725 0.0 0.0 0.0 0.0 0.0 0.0 -0.036074722431538656 -0.019143476358608476 -0.8742402340279571 0.16689710972195776 -0.2566568998245233 0.07012483601762931 0.0 0.0 0.0 -0.10584443108419635 -0.09730280814974934 -0.012807176161187758 -0.01177363978611967 0.0 0.0 0.0 0.0 10.200000000000008 0.0 0.07 10.200000000000008 0.0 0.07 0.3 0.05 0.8 0.3 0.05 0.8 0.5 0.1 0.05
911 4.869709253311157 0.0 0.0 0.0 0.0 0.0 0.0 -0.03606425277736077 -0.019539485437605423 -0.875288852769527 0.16689710972195776 -0.2566568998245233 0.07012483601762931 0.0 0.0 0.0 -0.10584443108419635 -0.09730280814974934 -0.012807176161187758 -0.01177363978611967 0.0 0.0 0.0 0.0 10.200000000000008 0.0 0.07 10.200000000000008 0.0 0.07 0.3 0.05 0.8 0.3 0.05 0.8 0.5 0.1 0.05
912 4.874980688095093 0.0 0.0 0.0 0.0 0.0 0.0 -0.03582787321416312 -0.01970039162810662 -0.8763015202989537 0.16689710972195776 -0.2566568998245233 0.07012483601762931 0.0 0.0 0.0 -0.10584443108419635 -0.09730280814974934 -0.012807176161187758 -0.01177363978611967 0.0 0.0 0.0 0.0 10.200000000000008 0.0 0.07 10.200000000000008 0.0 0.07 0.3 0.05 0.8 0.3 0.05 0.8 0.5 0.1 0.05
913 4.8803551197052 0.0 0.0 0.0 0.0 0.0 0.0 -0.035609347709463675 -0.020027033113098256 -0.8772926171010946 0.16689710972195776 -0.2566568998245233 0.07012483601762931 0.0 0.0 0.0 -0.10584443108419635 -0.09730280814974934 -0.012807176161187758 -0.01177363978611967 0.0 0.0 0.0 0.0 10.200000000000008 0.0 0.07 10.200000000000008 0.0 0.07 0.3 0.05 0.8 0.3 0.05 0.8 0.5 0.1 0.05
914 4.885723352432251 0.0 0.0 0.0 0.0 0.0 0.0 -0.035094737612275266 -0.020453115774784154 -0.8786542677513489 0.16689710972195776 -0.2566568998245233 0.07012483601762931 0.0 0.0 0.0 -0.10584443108419635 -0.09730280814974934 -0.012807176161187758 -0.01177363978611967 0.0 0.0 0.0 0.0 10.200000000000008 0.0 0.07 10.200000000000008 0.0 0.07 0.3 0.05 0.8 0.3 0.05 0.8 0.5 0.1 0.05
915 4.891096115112305 0.0 0.0 0.0 0.0 0.0 0.0 -0.03447917452637433 -0.02063206611489872 -0.8799314536828833 0.16689710972195776 -0.2566568998245233 0.07012483601762931 0.0 0.0 0.0 -0.10584443108419635 -0.09730280814974934 -0.012807176161187758 -0.01177363978611967 0.0 0.0 0.0 0.0 10.200000000000008 0.0 0.07 10.200000000000008 0.0 0.07 0.3 0.05 0.8 0.3 0.05 0.8 0.5 0.1 0.05
916 4.896400451660156 0.0 0.0 0.0 0.0 0.0 0.0 -0.03410983667483377 -0.020739436318967464 -0.880697765241804 0.16689710972195776 -0.2566568998245233 0.07012483601762931 0.0 0.0 0.0 -0.10584443108419635 -0.09730280814974934 -0.012807176161187758 -0.01177363978611967 0.0 0.0 0.0 0.0 10.200000000000008 0.0 0.07 10.200000000000008 0.0 0.07 0.3 0.05 0.8 0.3 0.05 0.8 0.5 0.1 0.05
917 4.901634931564331 0.0 0.0 0.0 0.0 0.0 0.0 -0.03327464139884977 -0.021033954721983508 -0.8819245447461261 0.16689710972195776 -0.2566568998245233 0.07012483601762931 0.0 0.0 0.0 -0.10584443108419635 -0.09730280814974934 -0.012807176161187758 -0.01177363978611967 0.0 0.0 0.0 0.0 10.200000000000008 0.0 0.07 10.200000000000008 0.0 0.07 0.3 0.05 0.8 0.3 0.05 0.8 0.5 0.1 0.05
918 4.906851768493652 0.0 0.0 0.0 0.0 0.0 0.0 -0.03254342795268458 -0.02144076353448405 -0.8830441087332042 0.16689710972195776 -0.2566568998245233 0.07012483601762931 0.0 0.0 0.0 -0.10584443108419635 -0.09730280814974934 -0.012807176161187758 -0.01177363978611967 0.0 0.0 0.0 0.0 10.200000000000008 0.0 0.07 10.200000000000008 0.0 0.07 0.3 0.05 0.8 0.3 0.05 0.8 0.5 0.1 0.05
919 4.912133455276489 0.0 0.0 0.0 0.0 0.0 0.0 -0.031644505833719735 -0.021684848821984376 -0.8841760426668329 0.16689710972195776 -0.2566568998245233 0.07012483601762931 0.0 0.0 0.0 -0.10584443108419635 -0.09730280814974934 -0.012807176161187758 -0.01177363978611967 0.0 0.0 0.0 0.0 10.200000000000008 0.0 0.07 10.200000000000008 0.0 0.07 0.3 0.05 0.8 0.3 0.05 0.8 0.5 0.1 0.05
920 4.917361736297607 0.0 0.0 0.0 0.0 0.0 0.0 -0.030798355534752943 -0.022061396275059368 -0.885238699311495 0.16689710972195776 -0.2566568998245233 0.07012483601762931 0.0 0.0 0.0 -0.10584443108419635 -0.09730280814974934 -0.012807176161187758 -0.01177363978611967 0.0 0.0 0.0 0.0 10.200000000000008 0.0 0.07 10.200000000000008 0.0 0.07 0.3 0.05 0.8 0.3 0.05 0.8 0.5 0.1 0.05
921 4.922727346420288 0.0 0.0 0.0 0.0 0.0 0.0 -0.029753772047210178 -0.022287324746904365 -0.8862597895827772 0.16689710972195776 -0.2566568998245233 0.07012483601762931 0.0 0.0 0.0 -0.10584443108419635 -0.09730280814974934 -0.012807176161187758 -0.01177363978611967 0.0 0.0 0.0 0.0 10.200000000000008 0.0 0.07 10.200000000000008 0.0 0.07 0.3 0.05 0.8 0.3 0.05 0.8 0.5 0.1 0.05
922 4.928009986877441 0.0 0.0 0.0 0.0 0.0 0.0 -0.028820226417212748 -0.022652979600702283 -0.8872559400300313 0.16689710972195776 -0.2566568998245233 0.07012483601762931 0.0 0.0 0.0 -0.10584443108419635 -0.09730280814974934 -0.012807176161187758 -0.01177363978611967 0.0 0.0 0.0 0.0 10.200000000000008 0.0 0.07 10.200000000000008 0.0 0.07 0.3 0.05 0.8 0.3 0.05 0.8 0.5 0.1 0.05
923 4.93333625793457 0.0 0.0 0.0 0.0 0.0 0.0 -0.027876604244845546 -0.0231791680504528 -0.8883138258397656 0.16689710972195776 -0.2566568998245233 0.07012483601762931 0.0 0.0 0.0 -0.10584443108419635 -0.09730280814974934 -0.012807176161187758 -0.01177363978611967 0.0 0.0 0.0 0.0 10.200000000000008 0.0 0.07 10.200000000000008 0.0 0.07 0.3 0.05 0.8 0.3 0.05 0.8 0.5 0.1 0.05
924 4.9386069774627686 0.0 0.0 0.0 0.0 0.0 0.0 -0.027003633913837335 -0.023801678147891005 -0.889332053610091 0.16689710972195776 -0.2566568998245233 0.07012483601762931 0.0 0.0 0.0 -0.10584443108419635 -0.09730280814974934 -0.012807176161187758 -0.01177363978611967 0.0 0.0 0.0 0.0 10.200000000000008 0.0 0.07 10.200000000000008 0.0 0.07 0.3 0.05 0.8 0.3 0.05 0.8 0.5 0.1 0.05
925 4.943949222564697 0.0 0.0 0.0 0.0 0.0 0.0 -0.026019657663966692 -0.024405280486928724 -0.8903264865567713 0.16689710972195776 -0.2566568998245233 0.07012483601762931 0.0 0.0 0.0 -0.10584443108419635 -0.09730280814974934 -0.012807176161187758 -0.01177363978611967 0.0 0.0 0.0 0.0 10.200000000000008 0.0 0.07 10.200000000000008 0.0 0.07 0.3 0.05 0.8 0.3 0.05 0.8 0.5 0.1 0.05
926 4.949206113815308 0.0 0.0 0.0 0.0 0.0 0.0 -0.025045777119675563 -0.025074238917939248 -0.8913833180243032 0.16689710972195776 -0.2566568998245233 0.07012483601762931 0.0 0.0 0.0 -0.10584443108419635 -0.09730280814974934 -0.012807176161187758 -0.01177363978611967 0.0 0.0 0.0 0.0 10.200000000000008 0.0 0.07 10.200000000000008 0.0 0.07 0.3 0.05 0.8 0.3 0.05 0.8 0.5 0.1 0.05
927 4.954431056976318 0.0 0.0 0.0 0.0 0.0 0.0 -0.02407795399873214 -0.02570571025712036 -0.8924009131893071 0.16689710972195776 -0.2566568998245233 0.07012483601762931 0.0 0.0 0.0 -0.10584443108419635 -0.09730280814974934 -0.012807176161187758 -0.01177363978611967 0.0 0.0 0.0 0.0 10.200000000000008 0.0 0.07 10.200000000000008 0.0 0.07 0.3 0.05 0.8 0.3 0.05 0.8 0.5 0.1 0.05
928 4.95970606803894 0.0 0.0 0.0 0.0 0.0 0.0 -0.023113763841681227 -0.02639139008821692 -0.8933949665727945 0.16689710972195776 -0.2566568998245233 0.07012483601762931 0.0 0.0 0.0 -0.10584443108419635 -0.09730280814974934 -0.012807176161187758 -0.01177363978611967 0.0 0.0 0.0 0.0 10.200000000000008 0.0 0.07 10.200000000000008 0.0 0.07 0.3 0.05 0.8 0.3 0.05 0.8 0.5 0.1 0.05
929 4.9649817943573 0.0 0.0 0.0 0.0 0.0 0.0 -0.02207505569618496 -0.027032894267449654 -0.8943748948873718 0.16689710972195776 -0.2566568998245233 0.07012483601762931 0.0 0.0 0.0 -0.10584443108419635 -0.09730280814974934 -0.012807176161187758 -0.01177363978611967 0.0 0.0 0.0 0.0 10.200000000000008 0.0 0.07 10.200000000000008 0.0 0.07 0.3 0.05 0.8 0.3 0.05 0.8 0.5 0.1 0.05
930 4.97023868560791 0.0 0.0 0.0 0.0 0.0 0.0 -0.021068336014518456 -0.02764789454568021 -0.8954230474175 0.16689710972195776 -0.2566568998245233 0.07012483601762931 0.0 0.0 0.0 -0.10584443108419635 -0.09730280814974934 -0.012807176161187758 -0.01177363978611967 0.0 0.0 0.0 0.0 10.200000000000008 0.0 0.07 10.200000000000008 0.0 0.07 0.3 0.05 0.8 0.3 0.05 0.8 0.5 0.1 0.05
931 4.9756019115448 0.0 0.0 0.0 0.0 0.0 0.0 -0.02008080941114981 -0.02824699099319334 -0.8964354352200617 0.16689710972195776 -0.2566568998245233 0.07012483601762931 0.0 0.0 0.0 -0.10584443108419635 -0.09730280814974934 -0.012807176161187758 -0.01177363978611967 0.0 0.0 0.0 0.0 10.200000000000008 0.0 0.07 10.200000000000008 0.0 0.07 0.3 0.05 0.8 0.3 0.05 0.8 0.5 0.1 0.05
932 4.980906963348389 0.0 0.0 0.0 0.0 0.0 0.0 -0.01948829344912862 -0.028606448861701224 -0.8970428679015988 0.16689710972195776 -0.2566568998245233 0.07012483601762931 0.0 0.0 0.0 -0.10584443108419635 -0.09730280814974934 -0.012807176161187758 -0.01177363978611967 0.0 0.0 0.0 0.0 10.200000000000008 0.0 0.07 10.200000000000008 0.0 0.07 0.3 0.05 0.8 0.3 0.05 0.8 0.5 0.1 0.05
933 4.9862658977508545 0.0 0.0 0.0 0.0 0.0 0.0 -0.017905598741796584 -0.029128920610393842 -0.8986345156208726 0.16689710972195776 -0.2566568998245233 0.07012483601762931 0.0 0.0 0.0 -0.10584443108419635 -0.09730280814974934 -0.012807176161187758 -0.01177363978611967 0.0 0.0 0.0 0.0 10.200000000000008 0.0 0.07 10.200000000000008 0.0 0.07 0.3 0.05 0.8 0.3 0.05 0.8 0.5 0.1 0.05
934 4.991518259048462 0.0 0.0 0.0 0.0 0.0 0.0 -0.016419088609234675 -0.029289005145815467 -0.8999730005369218 0.16689710972195776 -0.2566568998245233 0.07012483601762931 0.0 0.0 0.0 -0.10584443108419635 -0.09730280814974934 -0.012807176161187758 -0.01177363978611967 0.0 0.0 0.0 0.0 10.200000000000008 0.0 0.07 10.200000000000008 0.0 0.07 0.3 0.05 0.8 0.3 0.05 0.8 0.5 0.1 0.05
935 4.996882438659668 0.0 0.0 0.0 0.0 0.0 0.0 -0.015220386992225757 -0.02953845438086239 -0.901236287027933 0.16689710972195776 -0.2566568998245233 0.07012483601762931 0.0 0.0 0.0 -0.10584443108419635 -0.09730280814974934 -0.012807176161187758 -0.01177363978611967 0.0 0.0 0.0 0.0 10.200000000000008 0.0 0.07 10.200000000000008 0.0 0.07 0.3 0.05 0.8 0.3 0.05 0.8 0.5 0.1 0.05
936 5.002180576324463 0.0 0.0 0.0 0.0 0.0 0.0 -0.01404097048063857 -0.029534725408096596 -0.9023777552070247 0.16689710972195776 -0.2566568998245233 0.07012483601762931 0.0 0.0 0.0 -0.10584443108419635 -0.09730280814974934 -0.012807176161187758 -0.01177363978611967 0.0 0.0 0.0 0.0 10.200000000000008 0.0 0.07 10.200000000000008 0.0 0.07 0.3 0.05 0.8 0.3 0.05 0.8 0.5 0.1 0.05
937 5.0074241161346436 0.0 0.0 0.0 0.0 0.0 0.0 -0.013103224293111459 -0.029685886538231065 -0.9034461323989645 0.16689710972195776 -0.2566568998245233 0.07012483601762931 0.0 0.0 0.0 -0.10584443108419635 -0.09730280814974934 -0.012807176161187758 -0.01177363978611967 0.0 0.0 0.0 0.0 10.200000000000008 0.0 0.07 10.200000000000008 0.0 0.07 0.3 0.05 0.8 0.3 0.05 0.8 0.5 0.1 0.05
938 5.012672424316406 0.0 0.0 0.0 0.0 0.0 0.0 -0.012157081786226449 -0.02954648544562083 -0.9045473542555104 0.16689710972195776 -0.2566568998245233 0.07012483601762931 0.0 0.0 0.0 -0.10584443108419635 -0.09730280814974934 -0.012807176161187758 -0.01177363978611967 0.0 0.0 0.0 0.0 10.200000000000008 0.0 0.07 10.200000000000008 0.0 0.07 0.3 0.05 0.8 0.3 0.05 0.8 0.5 0.1 0.05
939 5.017897129058838 0.0 0.0 0.0 0.0 0.0 0.0 -0.011435997768301497 -0.029616243303848634 -0.9055915836539227 0.16689710972195776 -0.2566568998245233 0.07012483601762931 0.0 0.0 0.0 -0.10584443108419635 -0.09730280814974934 -0.012807176161187758 -0.01177363978611967 0.0 0.0 0.0 0.0 10.200000000000008 0.0 0.07 10.200000000000008 0.0 0.07 0.3 0.05 0.8 0.3 0.05 0.8 0.5 0.1 0.05
940 5.023115396499634 0.0 0.0 0.0 0.0 0.0 0.0 -0.010696550329958636 -0.029428000248094395 -0.9066016175774549 0.16689710972195776 -0.2566568998245233 0.07012483601762931 0.0 0.0 0.0 -0.10584443108419635 -0.09730280814974934 -0.012807176161187758 -0.01177363978611967 0.0 0.0 0.0 0.0 10.200000000000008 0.0 0.07 10.200000000000008 0.0 0.07 0.3 0.05 0.8 0.3 0.05 0.8 0.5 0.1 0.05
941 5.0285303592681885 0.0 0.0 0.0 0.0 0.0 0.0 -0.010176184100172066 -0.029391753671538824 -0.9076678334729562 0.16689710972195776 -0.2566568998245233 0.07012483601762931 0.0 0.0 0.0 -0.10584443108419635 -0.09730280814974934 -0.012807176161187758 -0.01177363978611967 0.0 0.0 0.0 0.0 10.200000000000008 0.0 0.07 10.200000000000008 0.0 0.07 0.3 0.05 0.8 0.3 0.05 0.8 0.5 0.1 0.05
942 5.033955335617065 0.0 0.0 0.0 0.0 0.0 0.0 -0.009633866591609206 -0.029063210188133716 -0.9086910592947417 0.16689710972195776 -0.2566568998245233 0.07012483601762931 0.0 0.0 0.0 -0.10584443108419635 -0.09730280814974934 -0.012807176161187758 -0.01177363978611967 0.0 0.0 0.0 0.0 10.200000000000008 0.0 0.07 10.200000000000008 0.0 0.07 0.3 0.05 0.8 0.3 0.05 0.8 0.5 0.1 0.05
943 5.039247274398804 0.0 0.0 0.0 0.0 0.0 0.0 -0.00930847608647149 -0.028942783354987622 -0.909688491072298 0.16689710972195776 -0.2566568998245233 0.07012483601762931 0.0 0.0 0.0 -0.10584443108419635 -0.09730280814974934 -0.012807176161187758 -0.01177363978611967 0.0 0.0 0.0 0.0 10.200000000000008 0.0 0.07 10.200000000000008 0.0 0.07 0.3 0.05 0.8 0.3 0.05 0.8 0.5 0.1 0.05
944 5.044540166854858 0.0 0.0 0.0 0.0 0.0 0.0 -0.008959843269594914 -0.028563730227512074 -0.9107471456802135 0.16689710972195776 -0.2566568998245233 0.07012483601762931 0.0 0.0 0.0 -0.10584443108419635 -0.09730280814974934 -0.012807176161187758 -0.01177363978611967 0.0 0.0 0.0 0.0 10.200000000000008 0.0 0.07 10.200000000000008 0.0 0.07 0.3 0.05 0.8 0.3 0.05 0.8 0.5 0.1 0.05
945 5.049986362457275 0.0 0.0 0.0 0.0 0.0 0.0 -0.008827362836365942 -0.028336298351026745 -0.9117658347294477 0.16689710972195776 -0.2566568998245233 0.07012483601762931 0.0 0.0 0.0 -0.10584443108419635 -0.09730280814974934 -0.012807176161187758 -0.01177363978611967 0.0 0.0 0.0 0.0 10.200000000000008 0.0 0.07 10.200000000000008 0.0 0.07 0.3 0.05 0.8 0.3 0.05 0.8 0.5 0.1 0.05
946 5.055272340774536 0.0 0.0 0.0 0.0 0.0 0.0 -0.008901273090222504 -0.02819983922513555 -0.9128372198585122 0.16689710972195776 -0.2566568998245233 0.07012483601762931 0.0 0.0 0.0 -0.10584443108419635 -0.09730280814974934 -0.012807176161187758 -0.01177363978611967 0.0 0.0 0.0 0.0 10.200000000000008 0.0 0.07 10.200000000000008 0.0 0.07 0.3 0.05 0.8 0.3 0.05 0.8 0.5 0.1 0.05
947 5.060537815093994 0.0 0.0 0.0 0.0 0.0 0.0 -0.00917571552311124 -0.028117963749600832 -0.9138635472204357 0.16689710972195776 -0.2566568998245233 0.07012483601762931 0.0 0.0 0.0 -0.10584443108419635 -0.09730280814974934 -0.012807176161187758 -0.01177363978611967 0.0 0.0 0.0 0.0 10.200000000000008 0.0 0.07 10.200000000000008 0.0 0.07 0.3 0.05 0.8 0.3 0.05 0.8 0.5 0.1 0.05
948 5.065792560577393 0.0 0.0 0.0 0.0 0.0 0.0 -0.009800576524226317 -0.028145537721176974 -0.9153230354634565 0.16689710972195776 -0.2566568998245233 0.07012483601762931 0.0 0.0 0.0 -0.10584443108419635 -0.09730280814974934 -0.012807176161187758 -0.01177363978611967 0.0 0.0 0.0 0.0 10.200000000000008 0.0 0.07 10.200000000000008 0.0 0.07 0.3 0.05 0.8 0.3 0.05 0.8 0.5 0.1 0.05
949 5.0710062980651855 0.0 0.0 0.0 0.0 0.0 0.0 -0.010482288662367136 -0.028162082104122656 -0.9165822246937538 0.16689710972195776 -0.2566568998245233 0.07012483601762931 0.0 0.0 0.0 -0.10584443108419635 -0.09730280814974934 -0.012807176161187758 -0.01177363978611967 0.0 0.0 0.0 0.0 10.200000000000008 0.0 0.07 10.200000000000008 0.0 0.07 0.3 0.05 0.8 0.3 0.05 0.8 0.5 0.1 0.05
950 5.076260566711426 0.0 0.0 0.0 0.0 0.0 0.0 -0.011198111482723398 -0.02817200873389007 -0.9177979337733141 0.16689710972195776 -0.2566568998245233 0.07012483601762931 0.0 0.0 0.0 -0.10584443108419635 -0.09730280814974934 -0.012807176161187758 -0.01177363978611967 0.0 0.0 0.0 0.0 10.200000000000008 0.0 0.07 10.200000000000008 0.0 0.07 0.3 0.05 0.8 0.3 0.05 0.8 0.5 0.1 0.05
951 5.08158802986145 0.0 0.0 0.0 0.0 0.0 0.0 -0.011934402202525046 -0.028254663968647488 -0.9189108555055351 0.16689710972195776 -0.2566568998245233 0.07012483601762931 0.0 0.0 0.0 -0.10584443108419635 -0.09730280814974934 -0.012807176161187758 -0.01177363978611967 0.0 0.0 0.0 0.0 10.200000000000008 0.0 0.07 10.200000000000008 0.0 0.07 0.3 0.05 0.8 0.3 0.05 0.8 0.5 0.1 0.05
952 5.086857318878174 0.0 0.0 0.0 0.0 0.0 0.0 -0.012759671428774778 -0.028304257109501938 -0.9199621048293526 0.16689710972195776 -0.2566568998245233 0.07012483601762931 0.0 0.0 0.0 -0.10584443108419635 -0.09730280814974934 -0.012807176161187758 -0.01177363978611967 0.0 0.0 0.0 0.0 10.200000000000008 0.0 0.07 10.200000000000008 0.0 0.07 0.3 0.05 0.8 0.3 0.05 0.8 0.5 0.1 0.05
953 5.092215061187744 0.0 0.0 0.0 0.0 0.0 0.0 -0.01363832775889336 -0.02841071225091158 -0.9210530499650249 0.16689710972195776 -0.2566568998245233 0.07012483601762931 0.0 0.0 0.0 -0.10584443108419635 -0.09730280814974934 -0.012807176161187758 -0.01177363978611967 0.0 0.0 0.0 0.0 10.200000000000008 0.0 0.07 10.200000000000008 0.0 0.07 0.3 0.05 0.8 0.3 0.05 0.8 0.5 0.1 0.05
954 5.097589015960693 0.0 0.0 0.0 0.0 0.0 0.0 -0.014549017841449373 -0.028627983849551314 -0.9220911133309131 0.16689710972195776 -0.2566568998245233 0.07012483601762931 0.0 0.0 0.0 -0.10584443108419635 -0.09730280814974934 -0.012807176161187758 -0.01177363978611967 0.0 0.0 0.0 0.0 10.200000000000008 0.0 0.07 10.200000000000008 0.0 0.07 0.3 0.05 0.8 0.3 0.05 0.8 0.5 0.1 0.05
955 5.102933883666992 0.0 0.0 0.0 0.0 0.0 0.0 -0.015478926685351724 -0.028835044575516007 -0.9231741468918279 0.16689710972195776 -0.2566568998245233 0.07012483601762931 0.0 0.0 0.0 -0.10584443108419635 -0.09730280814974934 -0.012807176161187758 -0.01177363978611967 0.0 0.0 0.0 0.0 10.200000000000008 0.0 0.07 10.200000000000008 0.0 0.07 0.3 0.05 0.8 0.3 0.05 0.8 0.5 0.1 0.05
956 5.108235597610474 0.0 0.0 0.0 0.0 0.0 0.0 -0.01642036678606188 -0.029112679524888767 -0.9242074633128616 0.16689710972195776 -0.2566568998245233 0.07012483601762931 0.0 0.0 0.0 -0.10584443108419635 -0.09730280814974934 -0.012807176161187758 -0.01177363978611967 0.0 0.0 0.0 0.0 10.200000000000008 0.0 0.07 10.200000000000008 0.0 0.07 0.3 0.05 0.8 0.3 0.05 0.8 0.5 0.1 0.05
957 5.113487482070923 0.0 0.0 0.0 0.0 0.0 0.0 -0.017368725640856716 -0.029432659008306366 -0.9252109494499667 0.16689710972195776 -0.2566568998245233 0.07012483601762931 0.0 0.0 0.0 -0.10584443108419635 -0.09730280814974934 -0.012807176161187758 -0.01177363978611967 0.0 0.0 0.0 0.0 10.200000000000008 0.0 0.07 10.200000000000008 0.0 0.07 0.3 0.05 0.8 0.3 0.05 0.8 0.5 0.1 0.05
958 5.118758916854858 0.0 0.0 0.0 0.0 0.0 0.0 -0.018321237238218484 -0.029854742978931724 -0.9261965374167146 0.16689710972195776 -0.2566568998245233 0.07012483601762931 0.0 0.0 0.0 -0.10584443108419635 -0.09730280814974934 -0.012807176161187758 -0.01177363978611967 0.0 0.0 0.0 0.0 10.200000000000008 0.0 0.07 10.200000000000008 0.0 0.07 0.3 0.05 0.8 0.3 0.05 0.8 0.5 0.1 0.05
959 5.124058485031128 0.0 0.0 0.0 0.0 0.0 0.0 -0.019122840477210343 -0.030338091131997858 -0.9272480857381452 0.16689710972195776 -0.2566568998245233 0.07012483601762931 0.0 0.0 0.0 -0.10584443108419635 -0.09730280814974934 -0.012807176161187758 -0.01177363978611967 0.0 0.0 0.0 0.0 10.200000000000008 0.0 0.07 10.200000000000008 0.0 0.07 0.3 0.05 0.8 0.3 0.05 0.8 0.5 0.1 0.05
960 5.1293556690216064 0.0 0.0 0.0 0.0 0.0 0.0 -0.019910599448193348 -0.030934895561309312 -0.9282625110154885 0.16689710972195776 -0.2566568998245233 0.07012483601762931 0.0 0.0 0.0 -0.10584443108419635 -0.09730280814974934 -0.012807176161187758 -0.01177363978611967 0.0 0.0 0.0 0.0 10.200000000000008 0.0 0.07 10.200000000000008 0.0 0.07 0.3 0.05 0.8 0.3 0.05 0.8 0.5 0.1 0.05
961 5.134770631790161 0.0 0.0 0.0 0.0 0.0 0.0 -0.02061335111135795 -0.03167647450338104 -0.9292546624663793 0.16689710972195776 -0.2566568998245233 0.07012483601762931 0.0 0.0 0.0 -0.10584443108419635 -0.09730280814974934 -0.012807176161187758 -0.01177363978611967 0.0 0.0 0.0 0.0 10.200000000000008 0.0 0.07 10.200000000000008 0.0 0.07 0.3 0.05 0.8 0.3 0.05 0.8 0.5 0.1 0.05
962 5.140135765075684 0.0 0.0 0.0 0.0 0.0 0.0 -0.021035002109256712 -0.03212142186862409 -0.9298499533369138 0.16689710972195776 -0.2566568998245233 0.07012483601762931 0.0 0.0 0.0 -0.10584443108419635 -0.09730280814974934 -0.012807176161187758 -0.01177363978611967 0.0 0.0 0.0 0.0 10.200000000000008 0.0 0.07 10.200000000000008 0.0 0.07 0.3 0.05 0.8 0.3 0.05 0.8 0.5 0.1 0.05
963 5.145525217056274 0.0 0.0 0.0 0.0 0.0 0.0 -0.02144139122178991 -0.03323207913340437 -0.9309741204282042 0.16689710972195776 -0.2566568998245233 0.07012483601762931 0.0 0.0 0.0 -0.10584443108419635 -0.09730280814974934 -0.012807176161187758 -0.01177363978611967 0.0 0.0 0.0 0.0 10.200000000000008 0.0 0.07 10.200000000000008 0.0 0.07 0.3 0.05 0.8 0.3 0.05 0.8 0.5 0.1 0.05
964 5.150798797607422 0.0 0.0 0.0 0.0 0.0 0.0 -0.02160852543241286 -0.03443536680043523 -0.9320321169674632 0.16689710972195776 -0.2566568998245233 0.07012483601762931 0.0 0.0 0.0 -0.10584443108419635 -0.09730280814974934 -0.012807176161187758 -0.01177363978611967 0.0 0.0 0.0 0.0 10.200000000000008 0.0 0.07 10.200000000000008 0.0 0.07 0.3 0.05 0.8 0.3 0.05 0.8 0.5 0.1 0.05
965 5.156246662139893 0.0 0.0 0.0 0.0 0.0 0.0 -0.021248611907520913 -0.0363078252738761 -0.9334338836181305 0.16689710972195776 -0.2566568998245233 0.07012483601762931 0.0 0.0 0.0 -0.10584443108419635 -0.09730280814974934 -0.012807176161187758 -0.01177363978611967 0.0 0.0 0.0 0.0 10.200000000000008 0.0 0.07 10.200000000000008 0.0 0.07 0.3 0.05 0.8 0.3 0.05 0.8 0.5 0.1 0.05
966 5.16160249710083 0.0 0.0 0.0 0.0 0.0 0.0 -0.02057246974132003 -0.03812159143483919 -0.9346584398930158 0.16689710972195776 -0.2566568998245233 0.07012483601762931 0.0 0.0 0.0 -0.10584443108419635 -0.09730280814974934 -0.012807176161187758 -0.01177363978611967 0.0 0.0 0.0 0.0 10.200000000000008 0.0 0.07 10.200000000000008 0.0 0.07 0.3 0.05 0.8 0.3 0.05 0.8 0.5 0.1 0.05
967 5.166883707046509 0.0 0.0 0.0 0.0 0.0 0.0 -0.019629891133436807 -0.039900142953373685 -0.9357766699424318 0.16689710972195776 -0.2566568998245233 0.07012483601762931 0.0 0.0 0.0 -0.10584443108419635 -0.09730280814974934 -0.012807176161187758 -0.01177363978611967 0.0 0.0 0.0 0.0 10.200000000000008 0.0 0.07 10.200000000000008 0.0 0.07 0.3 0.05 0.8 0.3 0.05 0.8 0.5 0.1 0.05
968 5.172135829925537 0.0 0.0 0.0 0.0 0.0 0.0 -0.018297352889853267 -0.04173426419828993 -0.9368311042565662 0.16689710972195776 -0.2566568998245233 0.07012483601762931 0.0 0.0 0.0 -0.10584443108419635 -0.09730280814974934 -0.012807176161187758 -0.01177363978611967 0.0 0.0 0.0 0.0 10.200000000000008 0.0 0.07 10.200000000000008 0.0 0.07 0.3 0.05 0.8 0.3 0.05 0.8 0.5 0.1 0.05
969 5.177347660064697 0.0 0.0 0.0 0.0 0.0 0.0 -0.016730840354965654 -0.04360172727903522 -0.9377705618726349 0.16689710972195776 -0.2566568998245233 0.07012483601762931 0.0 0.0 0.0 -0.10584443108419635 -0.09730280814974934 -0.012807176161187758 -0.01177363978611967 0.0 0.0 0.0 0.0 10.200000000000008 0.0 0.07 10.200000000000008 0.0 0.07 0.3 0.05 0.8 0.3 0.05 0.8 0.5 0.1 0.05
970 5.182594299316406 0.0 0.0 0.0 0.0 0.0 0.0 -0.014793845474604684 -0.04548919546127794 -0.9387177327267608 0.16689710972195776 -0.2566568998245233 0.07012483601762931 0.0 0.0 0.0 -0.10584443108419635 -0.09730280814974934 -0.012807176161187758 -0.01177363978611967 0.0 0.0 0.0 0.0 10.200000000000008 0.0 0.07 10.200000000000008 0.0 0.07 0.3 0.05 0.8 0.3 0.05 0.8 0.5 0.1 0.05
971 5.18799090385437 0.0 0.0 0.0 0.0 0.0 0.0 -0.01248116267316575 -0.04738866670441913 -0.9396695315237213 0.16689710972195776 -0.2566568998245233 0.07012483601762931 0.0 0.0 0.0 -0.10584443108419635 -0.09730280814974934 -0.012807176161187758 -0.01177363978611967 0.0 0.0 0.0 0.0 10.200000000000008 0.0 0.07 10.200000000000008 0.0 0.07 0.3 0.05 0.8 0.3 0.05 0.8 0.5 0.1 0.05
972 5.193280935287476 0.0 0.0 0.0 0.0 0.0 0.0 -0.009789668605286092 -0.04937203904099636 -0.9405474078294855 0.16689710972195776 -0.2566568998245233 0.07012483601762931 0.0 0.0 0.0 -0.10584443108419635 -0.09730280814974934 -0.012807176161187758 -0.01177363978611967 0.0 0.0 0.0 0.0 10.200000000000008 0.0 0.07 10.200000000000008 0.0 0.07 0.3 0.05 0.8 0.3 0.05 0.8 0.5 0.1 0.05
973 5.198599338531494 0.0 0.0 0.0 0.0 0.0 0.0 0.0 -0.05140575166110618 -0.9414576298974289 0.16689710972195776 -0.2566568998245233 0.07012483601762931 0.0 0.0 0.0 -0.10584443108419635 -0.09730280814974934 -0.012807176161187758 -0.01177363978611967 0.0 0.0 0.0 0.0 10.200000000000008 0.0 0.07 10.200000000000008 0.0 0.07 0.3 0.05 0.8 0.3 0.05 0.8 0.5 0.1 0.05
974 5.204065561294556 0.0 0.0 0.0 0.0 0.0 0.0 0.0 -0.0534696688238646 -0.9423872594226798 0.16689710972195776 -0.2566568998245233 0.07012483601762931 0.0 0.0 0.0 -0.10584443108419635 -0.09730280814974934 -0.012807176161187758 -0.01177363978611967 0.0 0.0 0.0 0.0 10.200000000000008 0.0 0.07 10.200000000000008 0.0 0.07 0.3 0.05 0.8 0.3 0.05 0.8 0.5 0.1 0.05
975 5.2094199657440186 0.0 0.0 0.0 0.0 0.0 0.0 0.0 -0.05555170871221217 -0.9432518341654181 0.16689710972195776 -0.2566568998245233 0.07012483601762931 0.0 0.0 0.0 -0.10584443108419635 -0.09730280814974934 -0.012807176161187758 -0.01177363978611967 0.0 0.0 0.0 0.0 10.200000000000008 0.0 0.07 10.200000000000008 0.0 0.07 0.3 0.05 0.8 0.3 0.05 0.8 0.5 0.1 0.05
976 5.214748382568359 0.0 0.0 0.0 0.0 0.0 0.0 0.0 -0.05764462204964872 -0.9441540752955461 0.16689710972195776 -0.2566568998245233 0.07012483601762931 0.0 0.0 0.0 -0.10584443108419635 -0.09730280814974934 -0.012807176161187758 -0.01177363978611967 0.0 0.0 0.0 0.0 10.200000000000008 0.0 0.07 10.200000000000008 0.0 0.07 0.3 0.05 0.8 0.3 0.05 0.8 0.5 0.1 0.05
977 5.220030784606934 0.0 0.0 0.0 0.0 0.0 0.0 0.0 -0.05890037005211064 -0.9446954199736228 0.16689710972195776 -0.2566568998245233 0.07012483601762931 0.0 0.0 0.0 -0.10584443108419635 -0.09730280814974934 -0.012807176161187758 -0.01177363978611967 0.0 0.0 0.0 0.0 10.200000000000008 0.0 0.07 10.200000000000008 0.0 0.07 0.3 0.05 0.8 0.3 0.05 0.8 0.5 0.1 0.05
978 5.225295066833496 0.0 0.0 0.0 0.0 0.0 0.0 0.012894457417647238 -0.061341197732293004 -0.9456338208356446 0.16689710972195776 -0.2566568998245233 0.07012483601762931 0.0 0.0 0.0 -0.10584443108419635 -0.09730280814974934 -0.012807176161187758 -0.01177363978611967 0.0 0.0 0.0 0.0 10.200000000000008 0.0 0.07 10.200000000000008 0.0 0.07 0.3 0.05 0.8 0.3 0.05 0.8 0.5 0.1 0.05
979 5.230517625808716 0.0 0.0 0.0 0.0 0.0 0.0 0.01855123912568104 -0.0636493837681135 -0.9465803576373426 0.16689710972195776 -0.2566568998245233 0.07012483601762931 0.0 0.0 0.0 -0.10584443108419635 -0.09730280814974934 -0.012807176161187758 -0.01177363978611967 0.0 0.0 0.0 0.0 10.200000000000008 0.0 0.07 10.200000000000008 0.0 0.07 0.3 0.05 0.8 0.3 0.05 0.8 0.5 0.1 0.05
980 5.2357776165008545 0.0 0.0 0.0 0.0 0.0 0.0 0.024322978408784935 -0.06587798488716605 -0.9474550767459493 0.16689710972195776 -0.2566568998245233 0.07012483601762931 0.0 0.0 0.0 -0.10584443108419635 -0.09730280814974934 -0.012807176161187758 -0.01177363978611967 0.0 0.0 0.0 0.0 10.200000000000008 0.0 0.07 10.200000000000008 0.0 0.07 0.3 0.05 0.8 0.3 0.05 0.8 0.5 0.1 0.05
981 5.241173267364502 0.0 0.0 0.0 0.0 0.0 0.0 0.032924858034641305 -0.06897922362435056 -0.948670201523186 0.16689710972195776 -0.2566568998245233 0.07012483601762931 0.0 0.0 0.0 -0.10584443108419635 -0.09730280814974934 -0.012807176161187758 -0.01177363978611967 0.0 0.0 0.0 0.0 10.200000000000008 0.0 0.07 10.200000000000008 0.0 0.07 0.3 0.05 0.8 0.3 0.05 0.8 0.5 0.1 0.05
982 5.2464377880096436 0.0 0.0 0.0 0.0 0.0 0.0 0.04084715086280749 -0.07168365608482477 -0.949706073417116 0.16689710972195776 -0.2566568998245233 0.07012483601762931 0.0 0.0 0.0 -0.10584443108419635 -0.09730280814974934 -0.012807176161187758 -0.01177363978611967 0.0 0.0 0.0 0.0 10.200000000000008 0.0 0.07 10.200000000000008 0.0 0.07 0.3 0.05 0.8 0.3 0.05 0.8 0.5 0.1 0.05
983 5.251768112182617 0.0 0.0 0.0 0.0 0.0 0.0 0.048361691612359564 -0.07415000515180181 -0.9506343935810617 0.16689710972195776 -0.2566568998245233 0.07012483601762931 0.0 0.0 0.0 -0.10584443108419635 -0.09730280814974934 -0.012807176161187758 -0.01177363978611967 0.0 0.0 0.0 0.0 10.200000000000008 0.0 0.07 10.200000000000008 0.0 0.07 0.3 0.05 0.8 0.3 0.05 0.8 0.5 0.1 0.05
984 5.257034540176392 0.0 0.0 0.0 0.0 0.0 0.0 0.05578498037359517 -0.07655020306704849 -0.9514981827070171 0.16689710972195776 -0.2566568998245233 0.07012483601762931 0.0 0.0 0.0 -0.10584443108419635 -0.09730280814974934 -0.012807176161187758 -0.01177363978611967 0.0 0.0 0.0 0.0 10.200000000000008 0.0 0.07 10.200000000000008 0.0 0.07 0.3 0.05 0.8 0.3 0.05 0.8 0.5 0.1 0.05
985 5.262283563613892 0.0 0.0 0.0 0.0 0.0 0.0 0.06315351645172476 -0.07883401140688902 -0.9523232532101784 0.16689710972195776 -0.2566568998245233 0.07012483601762931 0.0 0.0 0.0 -0.10584443108419635 -0.09730280814974934 -0.012807176161187758 -0.01177363978611967 0.0 0.0 0.0 0.0 10.200000000000008 0.0 0.07 10.200000000000008 0.0 0.07 0.3 0.05 0.8 0.3 0.05 0.8 0.5 0.1 0.05
986 5.2675042152404785 0.0 0.0 0.0 0.0 0.0 0.0 0.07056590166700387 -0.08104798600148586 -0.9531250925396629 0.16689710972195776 -0.2566568998245233 0.07012483601762931 0.0 0.0 0.0 -0.10584443108419635 -0.09730280814974934 -0.012807176161187758 -0.01177363978611967 0.0 0.0 0.0 0.0 10.200000000000008 0.0 0.07 10.200000000000008 0.0 0.07 0.3 0.05 0.8 0.3 0.05 0.8 0.5 0.1 0.05
987 5.2727134227752686 0.0 0.0 0.0 0.0 0.0 0.0 0.07808129413135352 -0.08322005960387843 -0.9539129931649415 0.16689710972195776 -0.2566568998245233 0.07012483601762931 0.0 0.0 0.0 -0.10584443108419635 -0.09730280814974934 -0.012807176161187758 -0.01177363978611967 0.0 0.0 0.0 0.0 10.200000000000008 0.0 0.07 10.200000000000008 0.0 0.07 0.3 0.05 0.8 0.3 0.05 0.8 0.5 0.1 0.05
988 5.277921438217163 0.0 0.0 0.0 0.0 0.0 0.0 0.08565849243526162 -0.08536699335600648 -0.9546925305676965 0.16689710972195776 -0.2566568998245233 0.07012483601762931 0.0 0.0 0.0 -0.10584443108419635 -0.09730280814974934 -0.012807176161187758 -0.01177363978611967 0.0 0.0 0.0 0.0 10.200000000000008 0.0 0.07 10.200000000000008 0.0 0.07 0.3 0.05 0.8 0.3 0.05 0.8 0.5 0.1 0.05
989 5.283148288726807 0.0 0.0 0.0 0.0 0.0 0.0 0.09334947200968564 -0.08749884319797584 -0.9554670261950796 0.16689710972195776 -0.2566568998245233 0.07012483601762931 0.0 0.0 0.0 -0.10584443108419635 -0.09730280814974934 -0.012807176161187758 -0.01177363978611967 0.0 0.0 0.0 0.0 10.200000000000008 0.0 0.07 10.200000000000008 0.0 0.07 0.3 0.05 0.8 0.3 0.05 0.8 0.5 0.1 0.05
990 5.288361310958862 0.0 0.0 0.0 0.0 0.0 0.0 0.10110872034641923 -0.08962164269384998 -0.9562385205990973 0.16689710972195776 -0.2566568998245233 0.07012483601762931 0.0 0.0 0.0 -0.10584443108419635 -0.09730280814974934 -0.012807176161187758 -0.01177363978611967 0.0 0.0 0.0 0.0 10.200000000000008 0.0 0.07 10.200000000000008 0.0 0.07 0.3 0.05 0.8 0.3 0.05 0.8 0.5 0.1 0.05
991 5.293727397918701 0.0 0.0 0.0 0.0 0.0 0.0 0.10890892994053852 -0.09173901198206698 -0.9570082142690959 0.16689710972195776 -0.2566568998245233 0.07012483601762931 0.0 0.0 0.0 -0.10584443108419635 -0.09730280814974934 -0.012807176161187758 -0.01177363978611967 0.0 0.0 0.0 0.0 10.200000000000008 0.0 0.07 10.200000000000008 0.0 0.07 0.3 0.05 0.8 0.3 0.05 0.8 0.5 0.1 0.05
992 5.298995733261108 0.0 0.0 0.0 0.0 0.0 0.0 0.11358905569701011 -0.09300943355499719 -0.957470030471095 0.16689710972195776 -0.2566568998245233 0.07012483601762931 0.0 0.0 0.0 -0.10584443108419635 -0.09730280814974934 -0.012807176161187758 -0.01177363978611967 0.0 0.0 0.0 0.0 10.200000000000008 0.0 0.07 10.200000000000008 0.0 0.07 0.3 0.05 0.8 0.3 0.05 0.8 0.5 0.1 0.05
993 5.30442476272583 0.0 0.0 0.0 0.0 0.0 0.0 0.12268645233505139 -0.09538236642324338 -0.9584374135043672 0.16689710972195776 -0.2566568998245233 0.07012483601762931 0.0 0.0 0.0 -0.10584443108419635 -0.09730280814974934 -0.012807176161187758 -0.01177363978611967 0.0 0.0 0.0 0.0 10.200000000000008 0.0 0.07 10.200000000000008 0.0 0.07 0.3 0.05 0.8 0.3 0.05 0.8 0.5 0.1 0.05
994 5.309781312942505 0.0 0.0 0.0 0.0 0.0 0.0 0.1312895509099553 -0.09757311573292857 -0.9593246403519184 0.16689710972195776 -0.2566568998245233 0.07012483601762931 0.0 0.0 0.0 -0.10584443108419635 -0.09730280814974934 -0.012807176161187758 -0.01177363978611967 0.0 0.0 0.0 0.0 10.200000000000008 0.0 0.07 10.200000000000008 0.0 0.07 0.3 0.05 0.8 0.3 0.05 0.8 0.5 0.1 0.05
995 5.315190315246582 0.0 0.0 0.0 0.0 0.0 0.0 0.1395960676667446 -0.0996545563975933 -0.960163773488037 0.16689710972195776 -0.2566568998245233 0.07012483601762931 0.0 0.0 0.0 -0.10584443108419635 -0.09730280814974934 -0.012807176161187758 -0.01177363978611967 0.0 0.0 0.0 0.0 10.200000000000008 0.0 0.07 10.200000000000008 0.0 0.07 0.3 0.05 0.8 0.3 0.05 0.8 0.5 0.1 0.05
996 5.3205132484436035 0.0 0.0 0.0 0.0 0.0 0.0 0.1476479420362326 -0.10167041187524574 -0.9609740503972961 0.16689710972195776 -0.2566568998245233 0.07012483601762931 0.0 0.0 0.0 -0.10584443108419635 -0.09730280814974934 -0.012807176161187758 -0.01177363978611967 0.0 0.0 0.0 0.0 10.200000000000008 0.0 0.07 10.200000000000008 0.0 0.07 0.3 0.05 0.8 0.3 0.05 0.8 0.5 0.1 0.05
997 5.3258607387542725 0.0 0.0 0.0 0.0 0.0 0.0 0.15554703097333983 -0.10357021549367772 -0.9617670135704395 0.16689710972195776 -0.2566568998245233 0.07012483601762931 0.0 0.0 0.0 -0.10584443108419635 -0.09730280814974934 -0.012807176161187758 -0.01177363978611967 0.0 0.0 0.0 0.0 10.200000000000008 0.0 0.07 10.200000000000008 0.0 0.07 0.3 0.05 0.8 0.3 0.05 0.8 0.5 0.1 0.05
998 5.331197500228882 0.0 0.0 0.0 0.0 0.0 0.0 0.16634570774907156 -0.10609068130865018 -0.9628563855295013 0.16689710972195776 -0.2566568998245233 0.07012483601762931 0.0 0.0 0.0 -0.10584443108419635 -0.09730280814974934 -0.012807176161187758 -0.01177363978611967 0.0 0.0 0.0 0.0 10.200000000000008 0.0 0.07 10.200000000000008 0.0 0.07 0.3 0.05 0.8 0.3 0.05 0.8 0.5 0.1 0.05
999 5.33645224571228 0.0 0.0 0.0 0.0 0.0 0.0 0.1728249138145106 -0.10760296079763365 -0.9635100087049383 0.16689710972195776 -0.2566568998245233 0.07012483601762931 0.0 0.0 0.0 -0.10584443108419635 -0.09730280814974934 -0.012807176161187758 -0.01177363978611967 0.0 0.0 0.0 0.0 10.200000000000008 0.0 0.07 10.200000000000008 0.0 0.07 0.3 0.05 0.8 0.3 0.05 0.8 0.5 0.1 0.05
1000 5.34174370765686 0.0 0.0 0.0 0.0 0.0 0.0 0.18246486383965355 -0.10973751213102695 -0.9645157766653762 0.16689710972195776 -0.2566568998245233 0.07012483601762931 0.0 0.0 0.0 -0.10584443108419635 -0.09730280814974934 -0.012807176161187758 -0.01177363978611967 0.0 0.0 0.0 0.0 10.200000000000008 0.0 0.07 10.200000000000008 0.0 0.07 0.3 0.05 0.8 0.3 0.05 0.8 0.5 0.1 0.05
1001 5.347160339355469 0.0 0.0 0.0 0.0 0.0 0.0 0.19108670039946285 -0.11163183549612257 -0.9654260344692269 0.16689710972195776 -0.2566568998245233 0.07012483601762931 0.0 0.0 0.0 -0.10584443108419635 -0.09730280814974934 -0.012807176161187758 -0.01177363978611967 0.0 0.0 0.0 0.0 10.200000000000008 0.0 0.07 10.200000000000008 0.0 0.07 0.3 0.05 0.8 0.3 0.05 0.8 0.5 0.1 0.05
1002 5.352507591247559 0.0 0.0 0.0 0.0 0.0 0.0 0.19894426440581348 -0.11330532282334263 -0.9662789861791252 0.16689710972195776 -0.2566568998245233 0.07012483601762931 0.0 0.0 0.0 -0.10584443108419635 -0.09730280814974934 -0.012807176161187758 -0.01177363978611967 0.0 0.0 0.0 0.0 10.200000000000008 0.0 0.07 10.200000000000008 0.0 0.07 0.3 0.05 0.8 0.3 0.05 0.8 0.5 0.1 0.05
1003 5.357805967330933 0.0 0.0 0.0 0.0 0.0 0.0 0.20634327084055343 -0.11476960927094039 -0.9670975542326522 0.16689710972195776 -0.2566568998245233 0.07012483601762931 0.0 0.0 0.0 -0.10584443108419635 -0.09730280814974934 -0.012807176161187758 -0.01177363978611967 0.0 0.0 0.0 0.0 10.200000000000008 0.0 0.07 10.200000000000008 0.0 0.07 0.3 0.05 0.8 0.3 0.05 0.8 0.5 0.1 0.05
1004 5.363092422485352 0.0 0.0 0.0 0.0 0.0 0.0 0.21331374421853305 -0.11610837519076478 -0.9678954920923561 0.16689710972195776 -0.2566568998245233 0.07012483601762931 0.0 0.0 0.0 -0.10584443108419635 -0.09730280814974934 -0.012807176161187758 -0.01177363978611967 0.0 0.0 0.0 0.0 10.200000000000008 0.0 0.07 10.200000000000008 0.0 0.07 0.3 0.05 0.8 0.3 0.05 0.8 0.5 0.1 0.05
1005 5.368499755859375 0.0 0.0 0.0 0.0 0.0 0.0 0.21995039850555945 -0.11729513102714426 -0.9686810518357665 0.16689710972195776 -0.2566568998245233 0.07012483601762931 0.0 0.0 0.0 -0.10584443108419635 -0.09730280814974934 -0.012807176161187758 -0.01177363978611967 0.0 0.0 0.0 0.0 10.200000000000008 0.0 0.07 10.200000000000008 0.0 0.07 0.3 0.05 0.8 0.3 0.05 0.8 0.5 0.1 0.05
1006 5.3737874031066895 0.0 0.0 0.0 0.0 0.0 0.0 0.22631006208111698 -0.11831398006644371 -0.9695358839662975 0.16689710972195776 -0.2566568998245233 0.07012483601762931 0.0 0.0 0.0 -0.10584443108419635 -0.09730280814974934 -0.012807176161187758 -0.01177363978611967 0.0 0.0 0.0 0.0 10.200000000000008 0.0 0.07 10.200000000000008 0.0 0.07 0.3 0.05 0.8 0.3 0.05 0.8 0.5 0.1 0.05
1007 5.379032373428345 0.0 0.0 0.0 0.0 0.0 0.0 0.23012586022645148 -0.11892528949002339 -0.9700487832446161 0.16689710972195776 -0.2566568998245233 0.07012483601762931 0.0 0.0 0.0 -0.10584443108419635 -0.09730280814974934 -0.012807176161187758 -0.01177363978611967 0.0 0.0 0.0 0.0 10.200000000000008 0.0 0.07 10.200000000000008 0.0 0.07 0.3 0.05 0.8 0.3 0.05 0.8 0.5 0.1 0.05
1008 5.384245872497559 0.0 0.0 0.0 0.0 0.0 0.0 0.2367104855789537 -0.11975226919543691 -0.970970116866783 0.16689710972195776 -0.2566568998245233 0.07012483601762931 0.0 0.0 0.0 -0.10584443108419635 -0.09730280814974934 -0.012807176161187758 -0.01177363978611967 0.0 0.0 0.0 0.0 10.200000000000008 0.0 0.07 10.200000000000008 0.0 0.07 0.3 0.05 0.8 0.3 0.05 0.8 0.5 0.1 0.05
1009 5.389482021331787 0.0 0.0 0.0 0.0 0.0 0.0 0.24257873625241488 -0.12032515627558199 -0.9718297140676712 0.16689710972195776 -0.2566568998245233 0.07012483601762931 0.0 0.0 0.0 -0.10584443108419635 -0.09730280814974934 -0.012807176161187758 -0.01177363978611967 0.0 0.0 0.0 0.0 10.200000000000008 0.0 0.07 10.200000000000008 0.0 0.07 0.3 0.05 0.8 0.3 0.05 0.8 0.5 0.1 0.05
1010 5.394683837890625 0.0 0.0 0.0 0.0 0.0 0.0 0.24794046286155444 -0.12066888852366905 -0.9726522694157919 0.16689710972195776 -0.2566568998245233 0.07012483601762931 0.0 0.0 0.0 -0.10584443108419635 -0.09730280814974934 -0.012807176161187758 -0.01177363978611967 0.0 0.0 0.0 0.0 10.200000000000008 0.0 0.07 10.200000000000008 0.0 0.07 0.3 0.05 0.8 0.3 0.05 0.8 0.5 0.1 0.05
1011 5.400041580200195 0.0 0.0 0.0 0.0 0.0 0.0 0.2527681772614101 -0.12087512787252128 -0.9734525996522523 0.16689710972195776 -0.2566568998245233 0.07012483601762931 0.0 0.0 0.0 -0.10584443108419635 -0.09730280814974934 -0.012807176161187758 -0.01177363978611967 0.0 0.0 0.0 0.0 10.200000000000008 0.0 0.07 10.200000000000008 0.0 0.07 0.3 0.05 0.8 0.3 0.05 0.8 0.5 0.1 0.05
1012 5.405327796936035 0.0 0.0 0.0 0.0 0.0 0.0 0.25712208582190155 -0.12076877520125781 -0.9742395948217164 0.16689710972195776 -0.2566568998245233 0.07012483601762931 0.0 0.0 0.0 -0.10584443108419635 -0.09730280814974934 -0.012807176161187758 -0.01177363978611967 0.0 0.0 0.0 0.0 10.200000000000008 0.0 0.07 10.200000000000008 0.0 0.07 0.3 0.05 0.8 0.3 0.05 0.8 0.5 0.1 0.05
1013 5.410712003707886 0.0 0.0 0.0 0.0 0.0 0.0 0.26103831832544494 -0.12047486582780882 -0.9750185889509828 0.16689710972195776 -0.2566568998245233 0.07012483601762931 0.0 0.0 0.0 -0.10584443108419635 -0.09730280814974934 -0.012807176161187758 -0.01177363978611967 0.0 0.0 0.0 0.0 10.200000000000008 0.0 0.07 10.200000000000008 0.0 0.07 0.3 0.05 0.8 0.3 0.05 0.8 0.5 0.1 0.05
1014 5.416000843048096 0.0 0.0 0.0 0.0 0.0 0.0 0.2645385407205611 -0.11991502540937068 -0.9758694817130273 0.16689710972195776 -0.2566568998245233 0.07012483601762931 0.0 0.0 0.0 -0.10584443108419635 -0.09730280814974934 -0.012807176161187758 -0.01177363978611967 0.0 0.0 0.0 0.0 10.200000000000008 0.0 0.07 10.200000000000008 0.0 0.07 0.3 0.05 0.8 0.3 0.05 0.8 0.5 0.1 0.05
1015 5.421370029449463 0.0 0.0 0.0 0.0 0.0 0.0 0.26755906524039447 -0.11911892710704208 -0.9766867905559842 0.16689710972195776 -0.2566568998245233 0.07012483601762931 0.0 0.0 0.0 -0.10584443108419635 -0.09730280814974934 -0.012807176161187758 -0.01177363978611967 0.0 0.0 0.0 0.0 10.200000000000008 0.0 0.07 10.200000000000008 0.0 0.07 0.3 0.05 0.8 0.3 0.05 0.8 0.5 0.1 0.05
1016 5.426886320114136 0.0 0.0 0.0 0.0 0.0 0.0 0.2705985621021816 -0.11733738373862863 -0.977790769916934 0.16689710972195776 -0.2566568998245233 0.07012483601762931 0.0 0.0 0.0 -0.10584443108419635 -0.09730280814974934 -0.012807176161187758 -0.01177363978611967 0.0 0.0 0.0 0.0 10.200000000000008 0.0 0.07 10.200000000000008 0.0 0.07 0.3 0.05 0.8 0.3 0.05 0.8 0.5 0.1 0.05
1017 5.432163953781128 0.0 0.0 0.0 0.0 0.0 0.0 0.2728057565037387 -0.11550146663872696 -0.9786832553041949 0.16689710972195776 -0.2566568998245233 0.07012483601762931 0.0 0.0 0.0 -0.10584443108419635 -0.09730280814974934 -0.012807176161187758 -0.01177363978611967 0.0 0.0 0.0 0.0 10.200000000000008 0.0 0.07 10.200000000000008 0.0 0.07 0.3 0.05 0.8 0.3 0.05 0.8 0.5 0.1 0.05
1018 5.437380313873291 0.0 0.0 0.0 0.0 0.0 0.0 0.2742834716584669 -0.11347952827625452 -0.9795255435641392 0.16689710972195776 -0.2566568998245233 0.07012483601762931 0.0 0.0 0.0 -0.10584443108419635 -0.09730280814974934 -0.012807176161187758 -0.01177363978611967 0.0 0.0 0.0 0.0 10.200000000000008 0.0 0.07 10.200000000000008 0.0 0.07 0.3 0.05 0.8 0.3 0.05 0.8 0.5 0.1 0.05
1019 5.442594766616821 0.0 0.0 0.0 0.0 0.0 0.0 0.27509340149440686 -0.11119257864244567 -0.9803377135476938 0.16689710972195776 -0.2566568998245233 0.07012483601762931 0.0 0.0 0.0 -0.10584443108419635 -0.09730280814974934 -0.012807176161187758 -0.01177363978611967 0.0 0.0 0.0 0.0 10.200000000000008 0.0 0.07 10.200000000000008 0.0 0.07 0.3 0.05 0.8 0.3 0.05 0.8 0.5 0.1 0.05
1020 5.447859525680542 0.0 0.0 0.0 0.0 0.0 0.0 0.2753492616252799 -0.10874662224583498 -0.9811318125654144 0.16689710972195776 -0.2566568998245233 0.07012483601762931 0.0 0.0 0.0 -0.10584443108419635 -0.09730280814974934 -0.012807176161187758 -0.01177363978611967 0.0 0.0 0.0 0.0 10.200000000000008 0.0 0.07 10.200000000000008 0.0 0.07 0.3 0.05 0.8 0.3 0.05 0.8 0.5 0.1 0.05
1021 5.4532270431518555 0.0 0.0 0.0 0.0 0.0 0.0 0.2750425821624219 -0.10605186476786538 -0.9818383697467377 0.16689710972195776 -0.2566568998245233 0.07012483601762931 0.0 0.0 0.0 -0.10584443108419635 -0.09730280814974934 -0.012807176161187758 -0.01177363978611967 0.0 0.0 0.0 0.0 10.200000000000008 0.0 0.07 10.200000000000008 0.0 0.07 0.3 0.05 0.8 0.3 0.05 0.8 0.5 0.1 0.05
1022 5.458503007888794 0.0 0.0 0.0 0.0 0.0 0.0 0.2748585744847071 -0.1044350102810836 -0.9822623040555316 0.16689710972195776 -0.2566568998245233 0.07012483601762931 0.0 0.0 0.0 -0.10584443108419635 -0.09730280814974934 -0.012807176161187758 -0.01177363978611967 0.0 0.0 0.0 0.0 10.200000000000008 0.0 0.07 10.200000000000008 0.0 0.07 0.3 0.05 0.8 0.3 0.05 0.8 0.5 0.1 0.05
1023 5.463848114013672 0.0 0.0 0.0 0.0 0.0 0.0 0.27329088995750017 -0.10070373104624605 -0.9831302586959838 0.16689710972195776 -0.2566568998245233 0.07012483601762931 0.0 0.0 0.0 -0.10584443108419635 -0.09730280814974934 -0.012807176161187758 -0.01177363978611967 0.0 0.0 0.0 0.0 10.200000000000008 0.0 0.07 10.200000000000008 0.0 0.07 0.3 0.05 0.8 0.3 0.05 0.8 0.5 0.1 0.05
1024 5.469079494476318 0.0 0.0 0.0 0.0 0.0 0.0 0.2713531948619799 -0.09693098283775244 -0.983881129250946 0.16689710972195776 -0.2566568998245233 0.07012483601762931 0.0 0.0 0.0 -0.10584443108419635 -0.09730280814974934 -0.012807176161187758 -0.01177363978611967 0.0 0.0 0.0 0.0 10.200000000000008 0.0 0.07 10.200000000000008 0.0 0.07 0.3 0.05 0.8 0.3 0.05 0.8 0.5 0.1 0.05
1025 5.47430419921875 0.0 0.0 0.0 0.0 0.0 0.0 0.26896338969431616 -0.0930566539881682 -0.9846384486115112 0.16689710972195776 -0.2566568998245233 0.07012483601762931 0.0 0.0 0.0 -0.10584443108419635 -0.09730280814974934 -0.012807176161187758 -0.01177363978611967 0.0 0.0 0.0 0.0 10.200000000000008 0.0 0.07 10.200000000000008 0.0 0.07 0.3 0.05 0.8 0.3 0.05 0.8 0.5 0.1 0.05
1026 5.47952938079834 0.0 0.0 0.0 0.0 0.0 0.0 0.2661489259300369 -0.08904467824209067 -0.9853229379985413 0.16689710972195776 -0.2566568998245233 0.07012483601762931 0.0 0.0 0.0 -0.10584443108419635 -0.09730280814974934 -0.012807176161187758 -0.01177363978611967 0.0 0.0 0.0 0.0 10.200000000000008 0.0 0.07 10.200000000000008 0.0 0.07 0.3 0.05 0.8 0.3 0.05 0.8 0.5 0.1 0.05
1027 5.484755754470825 0.0 0.0 0.0 0.0 0.0 0.0 0.2628495632766329 -0.08479671547179421 -0.9860404286583472 0.16689710972195776 -0.2566568998245233 0.07012483601762931 0.0 0.0 0.0 -0.10584443108419635 -0.09730280814974934 -0.012807176161187758 -0.01177363978611967 0.0 0.0 0.0 0.0 10.200000000000008 0.0 0.07 10.200000000000008 0.0 0.07 0.3 0.05 0.8 0.3 0.05 0.8 0.5 0.1 0.05
1028 5.489985704421997 0.0 0.0 0.0 0.0 0.0 0.0 0.2591058687364246 -0.0804071608594954 -0.9867010208249216 0.16689710972195776 -0.2566568998245233 0.07012483601762931 0.0 0.0 0.0 -0.10584443108419635 -0.09730280814974934 -0.012807176161187758 -0.01177363978611967 0.0 0.0 0.0 0.0 10.200000000000008 0.0 0.07 10.200000000000008 0.0 0.07 0.3 0.05 0.8 0.3 0.05 0.8 0.5 0.1 0.05
1029 5.495227575302124 0.0 0.0 0.0 0.0 0.0 0.0 0.2549421765503398 -0.07585595207136273 -0.9874041731524542 0.16689710972195776 -0.2566568998245233 0.07012483601762931 0.0 0.0 0.0 -0.10584443108419635 -0.09730280814974934 -0.012807176161187758 -0.01177363978611967 0.0 0.0 0.0 0.0 10.200000000000008 0.0 0.07 10.200000000000008 0.0 0.07 0.3 0.05 0.8 0.3 0.05 0.8 0.5 0.1 0.05
1030 5.500450611114502 0.0 0.0 0.0 0.0 0.0 0.0 0.25037308726293517 -0.07120775077772976 -0.9880561623196646 0.16689710972195776 -0.2566568998245233 0.07012483601762931 0.0 0.0 0.0 -0.10584443108419635 -0.09730280814974934 -0.012807176161187758 -0.01177363978611967 0.0 0.0 0.0 0.0 10.200000000000008 0.0 0.07 10.200000000000008 0.0 0.07 0.3 0.05 0.8 0.3 0.05 0.8 0.5 0.1 0.05
1031 5.505780935287476 0.0 0.0 0.0 0.0 0.0 0.0 0.2454073612009446 -0.06642465491016411 -0.9886774535906819 0.16689710972195776 -0.2566568998245233 0.07012483601762931 0.0 0.0 0.0 -0.10584443108419635 -0.09730280814974934 -0.012807176161187758 -0.01177363978611967 0.0 0.0 0.0 0.0 10.200000000000008 0.0 0.07 10.200000000000008 0.0 0.07 0.3 0.05 0.8 0.3 0.05 0.8 0.5 0.1 0.05
1032 5.511228799819946 0.0 0.0 0.0 0.0 0.0 0.0 0.23997355530351164 -0.06156062229823889 -0.9893570253808801 0.16689710972195776 -0.2566568998245233 0.07012483601762931 0.0 0.0 0.0 -0.10584443108419635 -0.09730280814974934 -0.012807176161187758 -0.01177363978611967 0.0 0.0 0.0 0.0 10.200000000000008 0.0 0.07 10.200000000000008 0.0 0.07 0.3 0.05 0.8 0.3 0.05 0.8 0.5 0.1 0.05
1033 5.5166015625 0.0 0.0 0.0 0.0 0.0 0.0 0.23149774017745114 -0.05442375552267922 -0.9902249639963809 0.16689710972195776 -0.2566568998245233 0.07012483601762931 0.0 0.0 0.0 -0.10584443108419635 -0.09730280814974934 -0.012807176161187758 -0.01177363978611967 0.0 0.0 0.0 0.0 10.200000000000008 0.0 0.07 10.200000000000008 0.0 0.07 0.3 0.05 0.8 0.3 0.05 0.8 0.5 0.1 0.05
1034 5.521901607513428 0.0 0.0 0.0 0.0 0.0 0.0 0.22357438455709133 -0.04799406222469266 -0.9909758249363723 0.16689710972195776 -0.2566568998245233 0.07012483601762931 0.0 0.0 0.0 -0.10584443108419635 -0.09730280814974934 -0.012807176161187758 -0.01177363978611967 0.0 0.0 0.0 0.0 10.200000000000008 0.0 0.07 10.200000000000008 0.0 0.07 0.3 0.05 0.8 0.3 0.05 0.8 0.5 0.1 0.05
1035 5.527196884155273 0.0 0.0 0.0 0.0 0.0 0.0 0.21590581134371944 -0.041988673758308025 -0.991656439271058 0.16689710972195776 -0.2566568998245233 0.07012483601762931 0.0 0.0 0.0 -0.10584443108419635 -0.09730280814974934 -0.012807176161187758 -0.01177363978611967 0.0 0.0 0.0 0.0 10.200000000000008 0.0 0.07 10.200000000000008 0.0 0.07 0.3 0.05 0.8 0.3 0.05 0.8 0.5 0.1 0.05
1036 5.532514572143555 0.0 0.0 0.0 0.0 0.0 0.0 0.20831340235717885 -0.036237867445826494 -0.9923716048994573 0.16689710972195776 -0.2566568998245233 0.07012483601762931 0.0 0.0 0.0 -0.10584443108419635 -0.09730280814974934 -0.012807176161187758 -0.01177363978611967 0.0 0.0 0.0 0.0 10.200000000000008 0.0 0.07 10.200000000000008 0.0 0.07 0.3 0.05 0.8 0.3 0.05 0.8 0.5 0.1 0.05
1037 5.5377702713012695 0.0 0.0 0.0 0.0 0.0 0.0 0.2037579569652545 -0.03278738365833757 -0.9928007042764968 0.16689710972195776 -0.2566568998245233 0.07012483601762931 0.0 0.0 0.0 -0.10584443108419635 -0.09730280814974934 -0.012807176161187758 -0.01177363978611967 0.0 0.0 0.0 0.0 10.200000000000008 0.0 0.07 10.200000000000008 0.0 0.07 0.3 0.05 0.8 0.3 0.05 0.8 0.5 0.1 0.05
1038 5.543007135391235 0.0 0.0 0.0 0.0 0.0 0.0 0.1945819700321476 -0.0264219469205427 -0.9935183594441024 0.16689710972195776 -0.2566568998245233 0.07012483601762931 0.0 0.0 0.0 -0.10584443108419635 -0.09730280814974934 -0.012807176161187758 -0.01177363978611967 0.0 0.0 0.0 0.0 10.200000000000008 0.0 0.07 10.200000000000008 0.0 0.07 0.3 0.05 0.8 0.3 0.05 0.8 0.5 0.1 0.05
1039 5.548253774642944 0.0 0.0 0.0 0.0 0.0 0.0 0.1857783217466426 -0.020531810902111994 -0.9941790503153567 0.16689710972195776 -0.2566568998245233 0.07012483601762931 0.0 0.0 0.0 -0.10584443108419635 -0.09730280814974934 -0.012807176161187758 -0.01177363978611967 0.0 0.0 0.0 0.0 10.200000000000008 0.0 0.07 10.200000000000008 0.0 0.07 0.3 0.05 0.8 0.3 0.05 0.8 0.5 0.1 0.05
1040 5.553467512130737 0.0 0.0 0.0 0.0 0.0 0.0 0.1771213714323373 -0.014926855315299789 -0.9948822618656972 0.16689710972195776 -0.2566568998245233 0.07012483601762931 0.0 0.0 0.0 -0.10584443108419635 -0.09730280814974934 -0.012807176161187758 -0.01177363978611967 0.0 0.0 0.0 0.0 10.200000000000008 0.0 0.07 10.200000000000008 0.0 0.07 0.3 0.05 0.8 0.3 0.05 0.8 0.5 0.1 0.05
1041 5.558828115463257 0.0 0.0 0.0 0.0 0.0 0.0 0.1684757466043193 -0.009493007987458682 -0.9955342865665924 0.16689710972195776 -0.2566568998245233 0.07012483601762931 0.0 0.0 0.0 -0.10584443108419635 -0.09730280814974934 -0.012807176161187758 -0.01177363978611967 0.0 0.0 0.0 0.0 10.200000000000008 0.0 0.07 10.200000000000008 0.0 0.07 0.3 0.05 0.8 0.3 0.05 0.8 0.5 0.1 0.05
1042 5.564110517501831 0.0 0.0 0.0 0.0 0.0 0.0 0.15983691408784145 0.0 -0.9961555991578204 0.16689710972195776 -0.2566568998245233 0.07012483601762931 0.0 0.0 0.0 -0.10584443108419635 -0.09730280814974934 -0.012807176161187758 -0.01177363978611967 0.0 0.0 0.0 0.0 10.200000000000008 0.0 0.07 10.200000000000008 0.0 0.07 0.3 0.05 0.8 0.3 0.05 0.8 0.5 0.1 0.05
1043 5.569411039352417 0.0 0.0 0.0 0.0 0.0 0.0 0.15112545770139071 0.0 -0.9967584844832481 0.16689710972195776 -0.2566568998245233 0.07012483601762931 0.0 0.0 0.0 -0.10584443108419635 -0.09730280814974934 -0.012807176161187758 -0.01177363978611967 0.0 0.0 0.0 0.0 10.200000000000008 0.0 0.07 10.200000000000008 0.0 0.07 0.3 0.05 0.8 0.3 0.05 0.8 0.5 0.1 0.05
1044 5.5746986865997314 0.0 0.0 0.0 0.0 0.0 0.0 0.14237042699295624 0.0 -0.9973503134491957 0.16689710972195776 -0.2566568998245233 0.07012483601762931 0.0 0.0 0.0 -0.10584443108419635 -0.09730280814974934 -0.012807176161187758 -0.01177363978611967 0.0 0.0 0.0 0.0 10.200000000000008 0.0 0.07 10.200000000000008 0.0 0.07 0.3 0.05 0.8 0.3 0.05 0.8 0.5 0.1 0.05
1045 5.580025911331177 0.0 0.0 0.0 0.0 0.0 0.0 0.13358925467156377 0.010758072506416236 -0.9980121840144942 0.16689710972195776 -0.2566568998245233 0.07012483601762931 0.0 0.0 0.0 -0.10584443108419635 -0.09730280814974934 -0.012807176161187758 -0.01177363978611967 0.0 0.0 0.0 0.0 10.200000000000008 0.0 0.07 10.200000000000008 0.0 0.07 0.3 0.05 0.8 0.3 0.05 0.8 0.5 0.1 0.05
1046 5.585266351699829 0.0 0.0 0.0 0.0 0.0 0.0 0.12479239440216426 0.015505328995602367 -0.9986394041243642 0.16689710972195776 -0.2566568998245233 0.07012483601762931 0.0 0.0 0.0 -0.10584443108419635 -0.09730280814974934 -0.012807176161187758 -0.01177363978611967 0.0 0.0 0.0 0.0 10.200000000000008 0.0 0.07 10.200000000000008 0.0 0.07 0.3 0.05 0.8 0.3 0.05 0.8 0.5 0.1 0.05
1047 5.590501308441162 0.0 0.0 0.0 0.0 0.0 0.0 0.11598612136396053 0.020041063560615205 -0.9992458339609772 0.16689710972195776 -0.2566568998245233 0.07012483601762931 0.0 0.0 0.0 -0.10584443108419635 -0.09730280814974934 -0.012807176161187758 -0.01177363978611967 0.0 0.0 0.0 0.0 10.200000000000008 0.0 0.07 10.200000000000008 0.0 0.07 0.3 0.05 0.8 0.3 0.05 0.8 0.5 0.1 0.05
1048 5.595725059509277 0.0 0.0 0.0 0.0 0.0 0.0 0.1071742036447065 0.024449881990891827 -0.999839789633636 0.16689710972195776 -0.2566568998245233 0.07012483601762931 0.0 0.0 0.0 -0.10584443108419635 -0.09730280814974934 -0.012807176161187758 -0.01177363978611967 0.0 0.0 0.0 0.0 10.200000000000008 0.0 0.07 10.200000000000008 0.0 0.07 0.3 0.05 0.8 0.3 0.05 0.8 0.5 0.1 0.05
1049 5.600928544998169 0.0 0.0 0.0 0.0 0.0 0.0 0.09843559539348704 0.028705854463661987 -1.000502960064819 0.16689710972195776 -0.2566568998245233 0.07012483601762931 0.0 0.0 0.0 -0.10584443108419635 -0.09730280814974934 -0.012807176161187758 -0.01177363978611967 0.0 0.0 0.0 0.0 10.200000000000008 0.0 0.07 10.200000000000008 0.0 0.07 0.3 0.05 0.8 0.3 0.05 0.8 0.5 0.1 0.05
1050 5.6061646938323975 0.0 0.0 0.0 0.0 0.0 0.0 0.08651961446422829 0.0342507000256093 -1.0013610578649106 0.16689710972195776 -0.2566568998245233 0.07012483601762931 0.0 0.0 0.0 -0.10584443108419635 -0.09730280814974934 -0.012807176161187758 -0.01177363978611967 0.0 0.0 0.0 0.0 10.200000000000008 0.0 0.07 10.200000000000008 0.0 0.07 0.3 0.05 0.8 0.3 0.05 0.8 0.5 0.1 0.05
1051 5.611629962921143 0.0 0.0 0.0 0.0 0.0 0.0 0.07937002590667304 0.03757760736277769 -1.0018759165449656 0.16689710972195776 -0.2566568998245233 0.07012483601762931 0.0 0.0 0.0 -0.10584443108419635 -0.09730280814974934 -0.012807176161187758 -0.01177363978611967 0.0 0.0 0.0 0.0 10.200000000000008 0.0 0.07 10.200000000000008 0.0 0.07 0.3 0.05 0.8 0.3 0.05 0.8 0.5 0.1 0.05
1052 5.617022514343262 0.0 0.0 0.0 0.0 0.0 0.0 0.07178221366626678 0.04095433242875975 -1.0024149295236895 0.16689710972195776 -0.2566568998245233 0.07012483601762931 0.0 0.0 0.0 -0.10584443108419635 -0.09730280814974934 -0.012807176161187758 -0.01177363978611967 0.0 0.0 0.0 0.0 10.200000000000008 0.0 0.07 10.200000000000008 0.0 0.07 0.3 0.05 0.8 0.3 0.05 0.8 0.5 0.1 0.05
1053 5.622320890426636 0.0 0.0 0.0 0.0 0.0 0.0 0.06101690364970361 0.04543473772858764 -1.0032752321092027 0.16689710972195776 -0.2566568998245233 0.07012483601762931 0.0 0.0 0.0 -0.10584443108419635 -0.09730280814974934 -0.012807176161187758 -0.01177363978611967 0.0 0.0 0.0 0.0 10.200000000000008 0.0 0.07 10.200000000000008 0.0 0.07 0.3 0.05 0.8 0.3 0.05 0.8 0.5 0.1 0.05
1054 5.627569198608398 0.0 0.0 0.0 0.0 0.0 0.0 0.05156645518895146 0.04927346678170672 -1.0040215114312014 0.16689710972195776 -0.2566568998245233 0.07012483601762931 0.0 0.0 0.0 -0.10584443108419635 -0.09730280814974934 -0.012807176161187758 -0.01177363978611967 0.0 0.0 0.0 0.0 10.200000000000008 0.0 0.07 10.200000000000008 0.0 0.07 0.3 0.05 0.8 0.3 0.05 0.8 0.5 0.1 0.05
1055 5.632797002792358 0.0 0.0 0.0 0.0 0.0 0.0 0.043058321523554065 0.05265049082990355 -1.0047760760519888 0.16689710972195776 -0.2566568998245233 0.07012483601762931 0.0 0.0 0.0 -0.10584443108419635 -0.09730280814974934 -0.012807176161187758 -0.01177363978611967 0.0 0.0 0.0 0.0 10.200000000000008 0.0 0.07 10.200000000000008 0.0 0.07 0.3 0.05 0.8 0.3 0.05 0.8 0.5 0.1 0.05
1056 5.638015270233154 0.0 0.0 0.0 0.0 0.0 0.0 0.03526897487663444 0.05559709336135308 -1.005458912595152 0.16689710972195776 -0.2566568998245233 0.07012483601762931 0.0 0.0 0.0 -0.10584443108419635 -0.09730280814974934 -0.012807176161187758 -0.01177363978611967 0.0 0.0 0.0 0.0 10.200000000000008 0.0 0.07 10.200000000000008 0.0 0.07 0.3 0.05 0.8 0.3 0.05 0.8 0.5 0.1 0.05
1057 5.643240213394165 0.0 0.0 0.0 0.0 0.0 0.0 0.027987599418301676 0.05828544298275423 -1.0061754115486379 0.16689710972195776 -0.2566568998245233 0.07012483601762931 0.0 0.0 0.0 -0.10584443108419635 -0.09730280814974934 -0.012807176161187758 -0.01177363978611967 0.0 0.0 0.0 0.0 10.200000000000008 0.0 0.07 10.200000000000008 0.0 0.07 0.3 0.05 0.8 0.3 0.05 0.8 0.5 0.1 0.05
1058 5.648457050323486 0.0 0.0 0.0 0.0 0.0 0.0 0.02116440462812143 0.06074214458146163 -1.0068354086914204 0.16689710972195776 -0.2566568998245233 0.07012483601762931 0.0 0.0 0.0 -0.10584443108419635 -0.09730280814974934 -0.012807176161187758 -0.01177363978611967 0.0 0.0 0.0 0.0 10.200000000000008 0.0 0.07 10.200000000000008 0.0 0.07 0.3 0.05 0.8 0.3 0.05 0.8 0.5 0.1 0.05
1059 5.653730392456055 0.0 0.0 0.0 0.0 0.0 0.0 0.014769516752626643 0.06298315214919131 -1.0075382040046776 0.16689710972195776 -0.2566568998245233 0.07012483601762931 0.0 0.0 0.0 -0.10584443108419635 -0.09730280814974934 -0.012807176161187758 -0.01177363978611967 0.0 0.0 0.0 0.0 10.200000000000008 0.0 0.07 10.200000000000008 0.0 0.07 0.3 0.05 0.8 0.3 0.05 0.8 0.5 0.1 0.05
1060 5.658958435058594 0.0 0.0 0.0 0.0 0.0 0.0 0.008785010794679013 0.0649413507450049 -1.008189978963323 0.16689710972195776 -0.2566568998245233 0.07012483601762931 0.0 0.0 0.0 -0.10584443108419635 -0.09730280814974934 -0.012807176161187758 -0.01177363978611967 0.0 0.0 0.0 0.0 10.200000000000008 0.0 0.07 10.200000000000008 0.0 0.07 0.3 0.05 0.8 0.3 0.05 0.8 0.5 0.1 0.05
1061 5.664299488067627 0.0 0.0 0.0 0.0 0.0 0.0 0.0 0.06672986395766883 -1.0088878409660982 0.16689710972195776 -0.2566568998245233 0.07012483601762931 0.0 0.0 0.0 -0.10584443108419635 -0.09730280814974934 -0.012807176161187758 -0.01177363978611967 0.0 0.0 0.0 0.0 10.200000000000008 0.0 0.07 10.200000000000008 0.0 0.07 0.3 0.05 0.8 0.3 0.05 0.8 0.5 0.1 0.05
1062 5.66955828666687 0.0 0.0 0.0 0.0 0.0 0.0 0.0 0.068339866683546 -1.0096133551953512 0.16689710972195776 -0.2566568998245233 0.07012483601762931 0.0 0.0 0.0 -0.10584443108419635 -0.09730280814974934 -0.012807176161187758 -0.01177363978611967 0.0 0.0 0.0 0.0 10.200000000000008 0.0 0.07 10.200000000000008 0.0 0.07 0.3 0.05 0.8 0.3 0.05 0.8 0.5 0.1 0.05
1063 5.674900531768799 0.0 0.0 0.0 0.0 0.0 0.0 0.0 0.06976605789998966 -1.0102787615035937 0.16689710972195776 -0.2566568998245233 0.07012483601762931 0.0 0.0 0.0 -0.10584443108419635 -0.09730280814974934 -0.012807176161187758 -0.01177363978611967 0.0 0.0 0.0 0.0 10.200000000000008 0.0 0.07 10.200000000000008 0.0 0.07 0.3 0.05 0.8 0.3 0.05 0.8 0.5 0.1 0.05
1064 5.6801629066467285 0.0 0.0 0.0 0.0 0.0 0.0 -0.011359725256744616 0.07100526891434072 -1.0109848023161272 0.16689710972195776 -0.2566568998245233 0.07012483601762931 0.0 0.0 0.0 -0.10584443108419635 -0.09730280814974934 -0.012807176161187758 -0.01177363978611967 0.0 0.0 0.0 0.0 10.200000000000008 0.0 0.07 10.200000000000008 0.0 0.07 0.3 0.05 0.8 0.3 0.05 0.8 0.5 0.1 0.05
1065 5.685507774353027 0.0 0.0 0.0 0.0 0.0 0.0 -0.015329429572810884 0.07213229180743622 -1.0117152238312352 0.16689710972195776 -0.2566568998245233 0.07012483601762931 0.0 0.0 0.0 -0.10584443108419635 -0.09730280814974934 -0.012807176161187758 -0.01177363978611967 0.0 0.0 0.0 0.0 10.200000000000008 0.0 0.07 10.200000000000008 0.0 0.07 0.3 0.05 0.8 0.3 0.05 0.8 0.5 0.1 0.05
1066 5.690758228302002 0.0 0.0 0.0 0.0 0.0 0.0 -0.01893843580245385 0.07311530257088142 -1.0124602737678878 0.16689710972195776 -0.2566568998245233 0.07012483601762931 0.0 0.0 0.0 -0.10584443108419635 -0.09730280814974934 -0.012807176161187758 -0.01177363978611967 0.0 0.0 0.0 0.0 10.200000000000008 0.0 0.07 10.200000000000008 0.0 0.07 0.3 0.05 0.8 0.3 0.05 0.8 0.5 0.1 0.05
1067 5.69599986076355 0.0 0.0 0.0 0.0 0.0 0.0 -0.022100926899668034 0.07393520679963944 -1.0132141007574673 0.16689710972195776 -0.2566568998245233 0.07012483601762931 0.0 0.0 0.0 -0.10584443108419635 -0.09730280814974934 -0.012807176161187758 -0.01177363978611967 0.0 0.0 0.0 0.0 10.200000000000008 0.0 0.07 10.200000000000008 0.0 0.07 0.3 0.05 0.8 0.3 0.05 0.8 0.5 0.1 0.05
1068 5.701229572296143 0.0 0.0 0.0 0.0 0.0 0.0 -0.023998421557996544 0.07442714933689426 -1.013666396951215 0.16689710972195776 -0.2566568998245233 0.07012483601762931 0.0 0.0 0.0 -0.10584443108419635 -0.09730280814974934 -0.012807176161187758 -0.01177363978611967 0.0 0.0 0.0 0.0 10.200000000000008 0.0 0.07 10.200000000000008 0.0 0.07 0.3 0.05 0.8 0.3 0.05 0.8 0.5 0.1 0.05
1069 5.706435441970825 0.0 0.0 0.0 0.0 0.0 0.0 -0.02651750199690692 0.07510581114373202 -1.0145513687226395 0.16689710972195776 -0.2566568998245233 0.07012483601762931 0.0 0.0 0.0 -0.10584443108419635 -0.09730280814974934 -0.012807176161187758 -0.01177363978611967 0.0 0.0 0.0 0.0 10.200000000000008 0.0 0.07 10.200000000000008 0.0 0.07 0.3 0.05 0.8 0.3 0.05 0.8 0.5 0.1 0.05
1070 5.711742162704468 0.0 0.0 0.0 0.0 0.0 0.0 -0.028642542825312808 0.07574310003806112 -1.0157726450975668 0.16689710972195776 -0.2566568998245233 0.07012483601762931 0.0 0.0 0.0 -0.10584443108419635 -0.09730280814974934 -0.012807176161187758 -0.01177363978611967 0.0 0.0 0.0 0.0 10.200000000000008 0.0 0.07 10.200000000000008 0.0 0.07 0.3 0.05 0.8 0.3 0.05 0.8 0.5 0.1 0.05
1071 5.717317581176758 0.0 0.0 0.0 0.0 0.0 0.0 -0.029917567322356342 0.07627887188845252 -1.0168122079501112 0.16689710972195776 -0.2566568998245233 0.07012483601762931 0.0 0.0 0.0 -0.10584443108419635 -0.09730280814974934 -0.012807176161187758 -0.01177363978611967 0.0 0.0 0.0 0.0 10.200000000000008 0.0 0.07 10.200000000000008 0.0 0.07 0.3 0.05 0.8 0.3 0.05 0.8 0.5 0.1 0.05
1072 5.72269344329834 0.0 0.0 0.0 0.0 0.0 0.0 -0.030529183506788515 0.07667703425558434 -1.0178194419461226 0.16689710972195776 -0.2566568998245233 0.07012483601762931 0.0 0.0 0.0 -0.10584443108419635 -0.09730280814974934 -0.012807176161187758 -0.01177363978611967 0.0 0.0 0.0 0.0 10.200000000000008 0.0 0.07 10.200000000000008 0.0 0.07 0.3 0.05 0.8 0.3 0.05 0.8 0.5 0.1 0.05
1073 5.7280237674713135 0.0 0.0 0.0 0.0 0.0 0.0 -0.030512658423079077 0.07706933018965736 -1.0188072547863565 0.16689710972195776 -0.2566568998245233 0.07012483601762931 0.0 0.0 0.0 -0.10584443108419635 -0.09730280814974934 -0.012807176161187758 -0.01177363978611967 0.0 0.0 0.0 0.0 10.200000000000008 0.0 0.07 10.200000000000008 0.0 0.07 0.3 0.05 0.8 0.3 0.05 0.8 0.5 0.1 0.05
1074 5.73344874382019 0.0 0.0 0.0 0.0 0.0 0.0 -0.029965850064690724 0.07745810626389513 -1.0197834387749816 0.16689710972195776 -0.2566568998245233 0.07012483601762931 0.0 0.0 0.0 -0.10584443108419635 -0.09730280814974934 -0.012807176161187758 -0.01177363978611967 0.0 0.0 0.0 0.0 10.200000000000008 0.0 0.07 10.200000000000008 0.0 0.07 0.3 0.05 0.8 0.3 0.05 0.8 0.5 0.1 0.05
1075 5.738791227340698 0.0 0.0 0.0 0.0 0.0 0.0 -0.028947473227701078 0.07784477042223173 -1.0207526454526414 0.16689710972195776 -0.2566568998245233 0.07012483601762931 0.0 0.0 0.0 -0.10584443108419635 -0.09730280814974934 -0.012807176161187758 -0.01177363978611967 0.0 0.0 0.0 0.0 10.200000000000008 0.0 0.07 10.200000000000008 0.0 0.07 0.3 0.05 0.8 0.3 0.05 0.8 0.5 0.1 0.05
1076 5.74409294128418 0.0 0.0 0.0 0.0 0.0 0.0 -0.02756945604665368 0.07823016743102765 -1.0217176657437224 0.16689710972195776 -0.2566568998245233 0.07012483601762931 0.0 0.0 0.0 -0.10584443108419635 -0.09730280814974934 -0.012807176161187758 -0.01177363978611967 0.0 0.0 0.0 0.0 10.200000000000008 0.0 0.07 10.200000000000008 0.0 0.07 0.3 0.05 0.8 0.3 0.05 0.8 0.5 0.1 0.05
1077 5.749363422393799 0.0 0.0 0.0 0.0 0.0 0.0 -0.025745558378596836 0.0786915034069961 -1.0226801742028557 0.16689710972195776 -0.2566568998245233 0.07012483601762931 0.0 0.0 0.0 -0.10584443108419635 -0.09730280814974934 -0.012807176161187758 -0.01177363978611967 0.0 0.0 0.0 0.0 10.200000000000008 0.0 0.07 10.200000000000008 0.0 0.07 0.3 0.05 0.8 0.3 0.05 0.8 0.5 0.1 0.05
1078 5.754631996154785 0.0 0.0 0.0 0.0 0.0 0.0 -0.02357743316143735 0.07927510202016506 -1.0236411755628207 0.16689710972195776 -0.2566568998245233 0.07012483601762931 0.0 0.0 0.0 -0.10584443108419635 -0.09730280814974934 -0.012807176161187758 -0.01177363978611967 0.0 0.0 0.0 0.0 10.200000000000008 0.0 0.07 10.200000000000008 0.0 0.07 0.3 0.05 0.8 0.3 0.05 0.8 0.5 0.1 0.05
1079 5.759909391403198 0.0 0.0 0.0 0.0 0.0 0.0 -0.021126072157919312 0.07993205821565433 -1.0246779719201815 0.16689710972195776 -0.2566568998245233 0.07012483601762931 0.0 0.0 0.0 -0.10584443108419635 -0.09730280814974934 -0.012807176161187758 -0.01177363978611967 0.0 0.0 0.0 0.0 10.200000000000008 0.0 0.07 10.200000000000008 0.0 0.07 0.3 0.05 0.8 0.3 0.05 0.8 0.5 0.1 0.05
1080 5.765221118927002 0.0 0.0 0.0 0.0 0.0 0.0 -0.018428071915805283 0.08070972225696828 -1.0257602452759798 0.16689710972195776 -0.2566568998245233 0.07012483601762931 0.0 0.0 0.0 -0.10584443108419635 -0.09730280814974934 -0.012807176161187758 -0.01177363978611967 0.0 0.0 0.0 0.0 10.200000000000008 0.0 0.07 10.200000000000008 0.0 0.07 0.3 0.05 0.8 0.3 0.05 0.8 0.5 0.1 0.05
1081 5.770589351654053 0.0 0.0 0.0 0.0 0.0 0.0 -0.015505387383520568 0.08155981696624151 -1.0267931055739434 0.16689710972195776 -0.2566568998245233 0.07012483601762931 0.0 0.0 0.0 -0.10584443108419635 -0.09730280814974934 -0.012807176161187758 -0.01177363978611967 0.0 0.0 0.0 0.0 10.200000000000008 0.0 0.07 10.200000000000008 0.0 0.07 0.3 0.05 0.8 0.3 0.05 0.8 0.5 0.1 0.05
1082 5.775939226150513 0.0 0.0 0.0 0.0 0.0 0.0 -0.012371194510352592 0.0825300693331873 -1.0278730172941035 0.16689710972195776 -0.2566568998245233 0.07012483601762931 0.0 0.0 0.0 -0.10584443108419635 -0.09730280814974934 -0.012807176161187758 -0.01177363978611967 0.0 0.0 0.0 0.0 10.200000000000008 0.0 0.07 10.200000000000008 0.0 0.07 0.3 0.05 0.8 0.3 0.05 0.8 0.5 0.1 0.05
1083 5.781334638595581 0.0 0.0 0.0 0.0 0.0 0.0 -0.010490678786451805 0.08311222075335475 -1.0285209643261997 0.16689710972195776 -0.2566568998245233 0.07012483601762931 0.0 0.0 0.0 -0.10584443108419635 -0.09730280814974934 -0.012807176161187758 -0.01177363978611967 0.0 0.0 0.0 0.0 10.200000000000008 0.0 0.07 10.200000000000008 0.0 0.07 0.3 0.05 0.8 0.3 0.05 0.8 0.5 0.1 0.05
1084 5.786575555801392 0.0 0.0 0.0 0.0 0.0 0.0 0.0 0.08453530120201286 -1.029830123628221 0.16689710972195776 -0.2566568998245233 0.07012483601762931 0.0 0.0 0.0 -0.10584443108419635 -0.09730280814974934 -0.012807176161187758 -0.01177363978611967 0.0 0.0 0.0 0.0 10.200000000000008 0.0 0.07 10.200000000000008 0.0 0.07 0.3 0.05 0.8 0.3 0.05 0.8 0.5 0.1 0.05
1085 5.791872262954712 0.0 0.0 0.0 0.0 0.0 0.0 0.0 0.08669303087799177 -1.0314593110353005 0.16689710972195776 -0.2566568998245233 0.07012483601762931 0.0 0.0 0.0 -0.10584443108419635 -0.09730280814974934 -0.012807176161187758 -0.01177363978611967 0.0 0.0 0.0 0.0 10.200000000000008 0.0 0.07 10.200000000000008 0.0 0.07 0.3 0.05 0.8 0.3 0.05 0.8 0.5 0.1 0.05
1086 5.797129392623901 0.0 0.0 0.0 0.0 0.0 0.0 0.0 0.08875466125254884 -1.03289701902093 0.16689710972195776 -0.2566568998245233 0.07012483601762931 0.0 0.0 0.0 -0.10584443108419635 -0.09730280814974934 -0.012807176161187758 -0.01177363978611967 0.0 0.0 0.0 0.0 10.200000000000008 0.0 0.07 10.200000000000008 0.0 0.07 0.3 0.05 0.8 0.3 0.05 0.8 0.5 0.1 0.05
1087 5.802372455596924 0.0 0.0 0.0 0.0 0.0 0.0 0.0 0.09075862608578833 -1.0342198393536894 0.16689710972195776 -0.2566568998245233 0.07012483601762931 0.0 0.0 0.0 -0.10584443108419635 -0.09730280814974934 -0.012807176161187758 -0.01177363978611967 0.0 0.0 0.0 0.0 10.200000000000008 0.0 0.07 10.200000000000008 0.0 0.07 0.3 0.05 0.8 0.3 0.05 0.8 0.5 0.1 0.05
1088 5.807628393173218 0.0 0.0 0.0 0.0 0.0 0.0 0.009811049745749064 0.09280469681159872 -1.0354737270947272 0.16689710972195776 -0.2566568998245233 0.07012483601762931 0.0 0.0 0.0 -0.10584443108419635 -0.09730280814974934 -0.012807176161187758 -0.01177363978611967 0.0 0.0 0.0 0.0 10.200000000000008 0.0 0.07 10.200000000000008 0.0 0.07 0.3 0.05 0.8 0.3 0.05 0.8 0.5 0.1 0.05
1089 5.812912225723267 0.0 0.0 0.0 0.0 0.0 0.0 0.012866242481035368 0.09495272436938416 -1.0366862552807317 0.16689710972195776 -0.2566568998245233 0.07012483601762931 0.0 0.0 0.0 -0.10584443108419635 -0.09730280814974934 -0.012807176161187758 -0.01177363978611967 0.0 0.0 0.0 0.0 10.200000000000008 0.0 0.07 10.200000000000008 0.0 0.07 0.3 0.05 0.8 0.3 0.05 0.8 0.5 0.1 0.05
1090 5.818234205245972 0.0 0.0 0.0 0.0 0.0 0.0 0.015696445667900072 0.0971619319868191 -1.037797268476819 0.16689710972195776 -0.2566568998245233 0.07012483601762931 0.0 0.0 0.0 -0.10584443108419635 -0.09730280814974934 -0.012807176161187758 -0.01177363978611967 0.0 0.0 0.0 0.0 10.200000000000008 0.0 0.07 10.200000000000008 0.0 0.07 0.3 0.05 0.8 0.3 0.05 0.8 0.5 0.1 0.05
1091 5.823714971542358 0.0 0.0 0.0 0.0 0.0 0.0 0.018161557913814443 0.09948454093647624 -1.0389240719358535 0.16689710972195776 -0.2566568998245233 0.07012483601762931 0.0 0.0 0.0 -0.10584443108419635 -0.09730280814974934 -0.012807176161187758 -0.01177363978611967 0.0 0.0 0.0 0.0 10.200000000000008 0.0 0.07 10.200000000000008 0.0 0.07 0.3 0.05 0.8 0.3 0.05 0.8 0.5 0.1 0.05
1092 5.829052925109863 0.0 0.0 0.0 0.0 0.0 0.0 0.02040761568829087 0.10187519664593114 -1.0400603257107979 0.16689710972195776 -0.2566568998245233 0.07012483601762931 0.0 0.0 0.0 -0.10584443108419635 -0.09730280814974934 -0.012807176161187758 -0.01177363978611967 0.0 0.0 0.0 0.0 10.200000000000008 0.0 0.07 10.200000000000008 0.0 0.07 0.3 0.05 0.8 0.3 0.05 0.8 0.5 0.1 0.05
1093 5.834403038024902 0.0 0.0 0.0 0.0 0.0 0.0 0.022292143661139414 0.10430668041126473 -1.0411255742602494 0.16689710972195776 -0.2566568998245233 0.07012483601762931 0.0 0.0 0.0 -0.10584443108419635 -0.09730280814974934 -0.012807176161187758 -0.01177363978611967 0.0 0.0 0.0 0.0 10.200000000000008 0.0 0.07 10.200000000000008 0.0 0.07 0.3 0.05 0.8 0.3 0.05 0.8 0.5 0.1 0.05
1094 5.839776515960693 0.0 0.0 0.0 0.0 0.0 0.0 0.023883054705661835 0.10683935430655803 -1.0421482196744052 0.16689710972195776 -0.2566568998245233 0.07012483601762931 0.0 0.0 0.0 -0.10584443108419635 -0.09730280814974934 -0.012807176161187758 -0.01177363978611967 0.0 0.0 0.0 0.0 10.200000000000008 0.0 0.07 10.200000000000008 0.0 0.07 0.3 0.05 0.8 0.3 0.05 0.8 0.5 0.1 0.05
1095 5.845061540603638 0.0 0.0 0.0 0.0 0.0 0.0 0.02506769845696117 0.10943274824029162 -1.0432220024642804 0.16689710972195776 -0.2566568998245233 0.07012483601762931 0.0 0.0 0.0 -0.10584443108419635 -0.09730280814974934 -0.012807176161187758 -0.01177363978611967 0.0 0.0 0.0 0.0 10.200000000000008 0.0 0.07 10.200000000000008 0.0 0.07 0.3 0.05 0.8 0.3 0.05 0.8 0.5 0.1 0.05
1096 5.850397109985352 0.0 0.0 0.0 0.0 0.0 0.0 0.0258551837492694 0.11213926749352189 -1.0442497684226906 0.16689710972195776 -0.2566568998245233 0.07012483601762931 0.0 0.0 0.0 -0.10584443108419635 -0.09730280814974934 -0.012807176161187758 -0.01177363978611967 0.0 0.0 0.0 0.0 10.200000000000008 0.0 0.07 10.200000000000008 0.0 0.07 0.3 0.05 0.8 0.3 0.05 0.8 0.5 0.1 0.05
1097 5.855664014816284 0.0 0.0 0.0 0.0 0.0 0.0 0.026327674924654335 0.11483696268155319 -1.0451732250253245 0.16689710972195776 -0.2566568998245233 0.07012483601762931 0.0 0.0 0.0 -0.10584443108419635 -0.09730280814974934 -0.012807176161187758 -0.01177363978611967 0.0 0.0 0.0 0.0 10.200000000000008 0.0 0.07 10.200000000000008 0.0 0.07 0.3 0.05 0.8 0.3 0.05 0.8 0.5 0.1 0.05
1098 5.860956430435181 0.0 0.0 0.0 0.0 0.0 0.0 0.0266111696298853 0.11645557979437199 -1.0457272989869049 0.16689710972195776 -0.2566568998245233 0.07012483601762931 0.0 0.0 0.0 -0.10584443108419635 -0.09730280814974934 -0.012807176161187758 -0.01177363978611967 0.0 0.0 0.0 0.0 10.200000000000008 0.0 0.07 10.200000000000008 0.0 0.07 0.3 0.05 0.8 0.3 0.05 0.8 0.5 0.1 0.05
1099 5.866203308105469 0.0 0.0 0.0 0.0 0.0 0.0 0.026397771239559976 0.11957432329471401 -1.046826735932823 0.16689710972195776 -0.2566568998245233 0.07012483601762931 0.0 0.0 0.0 -0.10584443108419635 -0.09730280814974934 -0.012807176161187758 -0.01177363978611967 0.0 0.0 0.0 0.0 10.200000000000008 0.0 0.07 10.200000000000008 0.0 0.07 0.3 0.05 0.8 0.3 0.05 0.8 0.5 0.1 0.05
1100 5.8714494705200195 0.0 0.0 0.0 0.0 0.0 0.0 0.025809537921268423 0.12244265973457988 -1.0477931951279618 0.16689710972195776 -0.2566568998245233 0.07012483601762931 0.0 0.0 0.0 -0.10584443108419635 -0.09730280814974934 -0.012807176161187758 -0.01177363978611967 0.0 0.0 0.0 0.0 10.200000000000008 0.0 0.07 10.200000000000008 0.0 0.07 0.3 0.05 0.8 0.3 0.05 0.8 0.5 0.1 0.05
1101 5.87702751159668 0.0 0.0 0.0 0.0 0.0 0.0 0.024152714195202995 0.12615783631735622 -1.0490633639571176 0.16689710972195776 -0.2566568998245233 0.07012483601762931 0.0 0.0 0.0 -0.10584443108419635 -0.09730280814974934 -0.012807176161187758 -0.01177363978611967 0.0 0.0 0.0 0.0 10.200000000000008 0.0 0.07 10.200000000000008 0.0 0.07 0.3 0.05 0.8 0.3 0.05 0.8 0.5 0.1 0.05
1102 5.8823323249816895 0.0 0.0 0.0 0.0 0.0 0.0 0.022238231484503275 0.1292306340928887 -1.0501322622821991 0.16689710972195776 -0.2566568998245233 0.07012483601762931 0.0 0.0 0.0 -0.10584443108419635 -0.09730280814974934 -0.012807176161187758 -0.01177363978611967 0.0 0.0 0.0 0.0 10.200000000000008 0.0 0.07 10.200000000000008 0.0 0.07 0.3 0.05 0.8 0.3 0.05 0.8 0.5 0.1 0.05
1103 5.887633800506592 0.0 0.0 0.0 0.0 0.0 0.0 0.020092454498655037 0.13191799862361042 -1.0510803983048358 0.16689710972195776 -0.2566568998245233 0.07012483601762931 0.0 0.0 0.0 -0.10584443108419635 -0.09730280814974934 -0.012807176161187758 -0.01177363978611967 0.0 0.0 0.0 0.0 10.200000000000008 0.0 0.07 10.200000000000008 0.0 0.07 0.3 0.05 0.8 0.3 0.05 0.8 0.5 0.1 0.05
1104 5.892894983291626 0.0 0.0 0.0 0.0 0.0 0.0 0.017731201690820715 0.1342974099110132 -1.0518793776891089 0.16689710972195776 -0.2566568998245233 0.07012483601762931 0.0 0.0 0.0 -0.10584443108419635 -0.09730280814974934 -0.012807176161187758 -0.01177363978611967 0.0 0.0 0.0 0.0 10.200000000000008 0.0 0.07 10.200000000000008 0.0 0.07 0.3 0.05 0.8 0.3 0.05 0.8 0.5 0.1 0.05
1105 5.89811635017395 0.0 0.0 0.0 0.0 0.0 0.0 0.015087265248529828 0.1364153499955276 -1.0526655623472605 0.16689710972195776 -0.2566568998245233 0.07012483601762931 0.0 0.0 0.0 -0.10584443108419635 -0.09730280814974934 -0.012807176161187758 -0.01177363978611967 0.0 0.0 0.0 0.0 10.200000000000008 0.0 0.07 10.200000000000008 0.0 0.07 0.3 0.05 0.8 0.3 0.05 0.8 0.5 0.1 0.05
1106 5.903343677520752 0.0 0.0 0.0 0.0 0.0 0.0 0.012197019741197059 0.13829970214094756 -1.0533673709128424 0.16689710972195776 -0.2566568998245233 0.07012483601762931 0.0 0.0 0.0 -0.10584443108419635 -0.09730280814974934 -0.012807176161187758 -0.01177363978611967 0.0 0.0 0.0 0.0 10.200000000000008 0.0 0.07 10.200000000000008 0.0 0.07 0.3 0.05 0.8 0.3 0.05 0.8 0.5 0.1 0.05
1107 5.9085657596588135 0.0 0.0 0.0 0.0 0.0 0.0 0.009005590281045216 0.13996720822647832 -1.0540185538228823 0.16689710972195776 -0.2566568998245233 0.07012483601762931 0.0 0.0 0.0 -0.10584443108419635 -0.09730280814974934 -0.012807176161187758 -0.01177363978611967 0.0 0.0 0.0 0.0 10.200000000000008 0.0 0.07 10.200000000000008 0.0 0.07 0.3 0.05 0.8 0.3 0.05 0.8 0.5 0.1 0.05
1108 5.913764953613281 0.0 0.0 0.0 0.0 0.0 0.0 0.0 0.1414279074191786 -1.0547160605964943 0.16689710972195776 -0.2566568998245233 0.07012483601762931 0.0 0.0 0.0 -0.10584443108419635 -0.09730280814974934 -0.012807176161187758 -0.01177363978611967 0.0 0.0 0.0 0.0 10.200000000000008 0.0 0.07 10.200000000000008 0.0 0.07 0.3 0.05 0.8 0.3 0.05 0.8 0.5 0.1 0.05
1109 5.91896915435791 0.0 0.0 0.0 0.0 0.0 0.0 0.0 0.14261112396238668 -1.0553646624313524 0.16689710972195776 -0.2566568998245233 0.07012483601762931 0.0 0.0 0.0 -0.10584443108419635 -0.09730280814974934 -0.012807176161187758 -0.01177363978611967 0.0 0.0 0.0 0.0 10.200000000000008 0.0 0.07 10.200000000000008 0.0 0.07 0.3 0.05 0.8 0.3 0.05 0.8 0.5 0.1 0.05
1110 5.92432427406311 0.0 0.0 0.0 0.0 0.0 0.0 0.0 0.14355115165900245 -1.055907222046061 0.16689710972195776 -0.2566568998245233 0.07012483601762931 0.0 0.0 0.0 -0.10584443108419635 -0.09730280814974934 -0.012807176161187758 -0.01177363978611967 0.0 0.0 0.0 0.0 10.200000000000008 0.0 0.07 10.200000000000008 0.0 0.07 0.3 0.05 0.8 0.3 0.05 0.8 0.5 0.1 0.05
1111 5.929684638977051 0.0 0.0 0.0 0.0 0.0 0.0 0.0 0.14426856679076586 -1.0564628555855773 0.16689710972195776 -0.2566568998245233 0.07012483601762931 0.0 0.0 0.0 -0.10584443108419635 -0.09730280814974934 -0.012807176161187758 -0.01177363978611967 0.0 0.0 0.0 0.0 10.200000000000008 0.0 0.07 10.200000000000008 0.0 0.07 0.3 0.05 0.8 0.3 0.05 0.8 0.5 0.1 0.05
1112 5.934980392456055 0.0 0.0 0.0 0.0 0.0 0.0 -0.009894869403511412 0.1446990158698239 -1.0570263334799779 0.16689710972195776 -0.2566568998245233 0.07012483601762931 0.0 0.0 0.0 -0.10584443108419635 -0.09730280814974934 -0.012807176161187758 -0.01177363978611967 0.0 0.0 0.0 0.0 10.200000000000008 0.0 0.07 10.200000000000008 0.0 0.07 0.3 0.05 0.8 0.3 0.05 0.8 0.5 0.1 0.05
1113 5.940316200256348 0.0 0.0 0.0 0.0 0.0 0.0 -0.01237964059500106 0.1449572853172587 -1.0573644202166184 0.16689710972195776 -0.2566568998245233 0.07012483601762931 0.0 0.0 0.0 -0.10584443108419635 -0.09730280814974934 -0.012807176161187758 -0.01177363978611967 0.0 0.0 0.0 0.0 10.200000000000008 0.0 0.07 10.200000000000008 0.0 0.07 0.3 0.05 0.8 0.3 0.05 0.8 0.5 0.1 0.05
1114 5.945653915405273 0.0 0.0 0.0 0.0 0.0 0.0 -0.017475359443355848 0.14480544995813172 -1.0579507685430873 0.16689710972195776 -0.2566568998245233 0.07012483601762931 0.0 0.0 0.0 -0.10584443108419635 -0.09730280814974934 -0.012807176161187758 -0.01177363978611967 0.0 0.0 0.0 0.0 10.200000000000008 0.0 0.07 10.200000000000008 0.0 0.07 0.3 0.05 0.8 0.3 0.05 0.8 0.5 0.1 0.05
1115 5.9508891105651855 0.0 0.0 0.0 0.0 0.0 0.0 -0.022373566957431583 0.14440755171506764 -1.0584559760527628 0.16689710972195776 -0.2566568998245233 0.07012483601762931 0.0 0.0 0.0 -0.10584443108419635 -0.09730280814974934 -0.012807176161187758 -0.01177363978611967 0.0 0.0 0.0 0.0 10.200000000000008 0.0 0.07 10.200000000000008 0.0 0.07 0.3 0.05 0.8 0.3 0.05 0.8 0.5 0.1 0.05
1116 5.9561216831207275 0.0 0.0 0.0 0.0 0.0 0.0 -0.02715326916105601 0.14378531648474432 -1.058912499072362 0.16689710972195776 -0.2566568998245233 0.07012483601762931 0.0 0.0 0.0 -0.10584443108419635 -0.09730280814974934 -0.012807176161187758 -0.01177363978611967 0.0 0.0 0.0 0.0 10.200000000000008 0.0 0.07 10.200000000000008 0.0 0.07 0.3 0.05 0.8 0.3 0.05 0.8 0.5 0.1 0.05
1117 5.961378574371338 0.0 0.0 0.0 0.0 0.0 0.0 -0.031861866688293536 0.14287508054827153 -1.0593398113979156 0.16689710972195776 -0.2566568998245233 0.07012483601762931 0.0 0.0 0.0 -0.10584443108419635 -0.09730280814974934 -0.012807176161187758 -0.01177363978611967 0.0 0.0 0.0 0.0 10.200000000000008 0.0 0.07 10.200000000000008 0.0 0.07 0.3 0.05 0.8 0.3 0.05 0.8 0.5 0.1 0.05
1118 5.966583490371704 0.0 0.0 0.0 0.0 0.0 0.0 -0.038445279851890994 0.14087165906580984 -1.0599029958208357 0.16689710972195776 -0.2566568998245233 0.07012483601762931 0.0 0.0 0.0 -0.10584443108419635 -0.09730280814974934 -0.012807176161187758 -0.01177363978611967 0.0 0.0 0.0 0.0 10.200000000000008 0.0 0.07 10.200000000000008 0.0 0.07 0.3 0.05 0.8 0.3 0.05 0.8 0.5 0.1 0.05
1119 5.971829175949097 0.0 0.0 0.0 0.0 0.0 0.0 -0.042395327750049464 0.13966960617633284 -1.0602409064745877 0.16689710972195776 -0.2566568998245233 0.07012483601762931 0.0 0.0 0.0 -0.10584443108419635 -0.09730280814974934 -0.012807176161187758 -0.01177363978611967 0.0 0.0 0.0 0.0 10.200000000000008 0.0 0.07 10.200000000000008 0.0 0.07 0.3 0.05 0.8 0.3 0.05 0.8 0.5 0.1 0.05
1120 5.977082967758179 0.0 0.0 0.0 0.0 0.0 0.0 -0.046606132694007416 0.13802798335988295 -1.0605970513806326 0.16689710972195776 -0.2566568998245233 0.07012483601762931 0.0 0.0 0.0 -0.10584443108419635 -0.09730280814974934 -0.012807176161187758 -0.01177363978611967 0.0 0.0 0.0 0.0 10.200000000000008 0.0 0.07 10.200000000000008 0.0 0.07 0.3 0.05 0.8 0.3 0.05 0.8 0.5 0.1 0.05
1121 5.982462644577026 0.0 0.0 0.0 0.0 0.0 0.0 -0.05273746881361095 0.1348187371804653 -1.0610408360949508 0.16689710972195776 -0.2566568998245233 0.07012483601762931 0.0 0.0 0.0 -0.10584443108419635 -0.09730280814974934 -0.012807176161187758 -0.01177363978611967 0.0 0.0 0.0 0.0 10.200000000000008 0.0 0.07 10.200000000000008 0.0 0.07 0.3 0.05 0.8 0.3 0.05 0.8 0.5 0.1 0.05
1122 5.987809896469116 0.0 0.0 0.0 0.0 0.0 0.0 -0.0581803504137712 0.13158930806603064 -1.0613838061804386 0.16689710972195776 -0.2566568998245233 0.07012483601762931 0.0 0.0 0.0 -0.10584443108419635 -0.09730280814974934 -0.012807176161187758 -0.01177363978611967 0.0 0.0 0.0 0.0 10.200000000000008 0.0 0.07 10.200000000000008 0.0 0.07 0.3 0.05 0.8 0.3 0.05 0.8 0.5 0.1 0.05
1123 5.993122100830078 0.0 0.0 0.0 0.0 0.0 0.0 -0.06321015632203325 0.1282710699336888 -1.0617429629036672 0.16689710972195776 -0.2566568998245233 0.07012483601762931 0.0 0.0 0.0 -0.10584443108419635 -0.09730280814974934 -0.012807176161187758 -0.01177363978611967 0.0 0.0 0.0 0.0 10.200000000000008 0.0 0.07 10.200000000000008 0.0 0.07 0.3 0.05 0.8 0.3 0.05 0.8 0.5 0.1 0.05
1124 5.998358488082886 0.0 0.0 0.0 0.0 0.0 0.0 -0.06783872128159465 0.12482284117324124 -1.0620351561945014 0.16689710972195776 -0.2566568998245233 0.07012483601762931 0.0 0.0 0.0 -0.10584443108419635 -0.09730280814974934 -0.012807176161187758 -0.01177363978611967 0.0 0.0 0.0 0.0 10.200000000000008 0.0 0.07 10.200000000000008 0.0 0.07 0.3 0.05 0.8 0.3 0.05 0.8 0.5 0.1 0.05
1125 6.003694772720337 0.0 0.0 0.0 0.0 0.0 0.0 -0.07222653869170345 0.12106652622570377 -1.0622871714258988 0.16689710972195776 -0.2566568998245233 0.07012483601762931 0.0 0.0 0.0 -0.10584443108419635 -0.09730280814974934 -0.012807176161187758 -0.01177363978611967 0.0 0.0 0.0 0.0 10.200000000000008 0.0 0.07 10.200000000000008 0.0 0.07 0.3 0.05 0.8 0.3 0.05 0.8 0.5 0.1 0.05
1126 6.008933067321777 0.0 0.0 0.0 0.0 0.0 0.0 -0.07646991055237291 0.11712535956591238 -1.0625150798216343 0.16689710972195776 -0.2566568998245233 0.07012483601762931 0.0 0.0 0.0 -0.10584443108419635 -0.09730280814974934 -0.012807176161187758 -0.01177363978611967 0.0 0.0 0.0 0.0 10.200000000000008 0.0 0.07 10.200000000000008 0.0 0.07 0.3 0.05 0.8 0.3 0.05 0.8 0.5 0.1 0.05
1127 6.014130592346191 0.0 0.0 0.0 0.0 0.0 0.0 -0.0804732135893526 0.11291988336497467 -1.0627285241159725 0.16689710972195776 -0.2566568998245233 0.07012483601762931 0.0 0.0 0.0 -0.10584443108419635 -0.09730280814974934 -0.012807176161187758 -0.01177363978611967 0.0 0.0 0.0 0.0 10.200000000000008 0.0 0.07 10.200000000000008 0.0 0.07 0.3 0.05 0.8 0.3 0.05 0.8 0.5 0.1 0.05
1128 6.019342422485352 0.0 0.0 0.0 0.0 0.0 0.0 -0.0828751954115404 0.11039659764441205 -1.0628565906925753 0.16689710972195776 -0.2566568998245233 0.07012483601762931 0.0 0.0 0.0 -0.10584443108419635 -0.09730280814974934 -0.012807176161187758 -0.01177363978611967 0.0 0.0 0.0 0.0 10.200000000000008 0.0 0.07 10.200000000000008 0.0 0.07 0.3 0.05 0.8 0.3 0.05 0.8 0.5 0.1 0.05
1129 6.024699687957764 0.0 0.0 0.0 0.0 0.0 0.0 -0.08707755179267962 0.10489427677436086 -1.063163528409228 0.16689710972195776 -0.2566568998245233 0.07012483601762931 0.0 0.0 0.0 -0.10584443108419635 -0.09730280814974934 -0.012807176161187758 -0.01177363978611967 0.0 0.0 0.0 0.0 10.200000000000008 0.0 0.07 10.200000000000008 0.0 0.07 0.3 0.05 0.8 0.3 0.05 0.8 0.5 0.1 0.05
1130 6.030014514923096 0.0 0.0 0.0 0.0 0.0 0.0 -0.09082614777125024 0.09952201027657637 -1.0633476910392197 0.16689710972195776 -0.2566568998245233 0.07012483601762931 0.0 0.0 0.0 -0.10584443108419635 -0.09730280814974934 -0.012807176161187758 -0.01177363978611967 0.0 0.0 0.0 0.0 10.200000000000008 0.0 0.07 10.200000000000008 0.0 0.07 0.3 0.05 0.8 0.3 0.05 0.8 0.5 0.1 0.05
1131 6.035392761230469 0.0 0.0 0.0 0.0 0.0 0.0 -0.09430249048851194 0.09407437788835793 -1.0635348878741115 0.16689710972195776 -0.2566568998245233 0.07012483601762931 0.0 0.0 0.0 -0.10584443108419635 -0.09730280814974934 -0.012807176161187758 -0.01177363978611967 0.0 0.0 0.0 0.0 10.200000000000008 0.0 0.07 10.200000000000008 0.0 0.07 0.3 0.05 0.8 0.3 0.05 0.8 0.5 0.1 0.05
1132 6.040707349777222 0.0 0.0 0.0 0.0 0.0 0.0 -0.09746208571542658 0.08858152596587915 -1.0637239052319436 0.16689710972195776 -0.2566568998245233 0.07012483601762931 0.0 0.0 0.0 -0.10584443108419635 -0.09730280814974934 -0.012807176161187758 -0.01177363978611967 0.0 0.0 0.0 0.0 10.200000000000008 0.0 0.07 10.200000000000008 0.0 0.07 0.3 0.05 0.8 0.3 0.05 0.8 0.5 0.1 0.05
1133 6.046054363250732 0.0 0.0 0.0 0.0 0.0 0.0 -0.10035492723077152 0.08298484306594717 -1.06391401490354 0.16689710972195776 -0.2566568998245233 0.07012483601762931 0.0 0.0 0.0 -0.10584443108419635 -0.09730280814974934 -0.012807176161187758 -0.01177363978611967 0.0 0.0 0.0 0.0 10.200000000000008 0.0 0.07 10.200000000000008 0.0 0.07 0.3 0.05 0.8 0.3 0.05 0.8 0.5 0.1 0.05
1134 6.051403999328613 0.0 0.0 0.0 0.0 0.0 0.0 -0.10301102322274217 0.07724916232264631 -1.0641047799633947 0.16689710972195776 -0.2566568998245233 0.07012483601762931 0.0 0.0 0.0 -0.10584443108419635 -0.09730280814974934 -0.012807176161187758 -0.01177363978611967 0.0 0.0 0.0 0.0 10.200000000000008 0.0 0.07 10.200000000000008 0.0 0.07 0.3 0.05 0.8 0.3 0.05 0.8 0.5 0.1 0.05
1135 6.056726455688477 0.0 0.0 0.0 0.0 0.0 0.0 -0.1053716674264298 0.07143008287332411 -1.0642959382562045 0.16689710972195776 -0.2566568998245233 0.07012483601762931 0.0 0.0 0.0 -0.10584443108419635 -0.09730280814974934 -0.012807176161187758 -0.01177363978611967 0.0 0.0 0.0 0.0 10.200000000000008 0.0 0.07 10.200000000000008 0.0 0.07 0.3 0.05 0.8 0.3 0.05 0.8 0.5 0.1 0.05
1136 6.0620105266571045 0.0 0.0 0.0 0.0 0.0 0.0 -0.10755504651761211 0.06548426494349215 -1.0644873324887874 0.16689710972195776 -0.2566568998245233 0.07012483601762931 0.0 0.0 0.0 -0.10584443108419635 -0.09730280814974934 -0.012807176161187758 -0.01177363978611967 0.0 0.0 0.0 0.0 10.200000000000008 0.0 0.07 10.200000000000008 0.0 0.07 0.3 0.05 0.8 0.3 0.05 0.8 0.5 0.1 0.05
1137 6.06724214553833 0.0 0.0 0.0 0.0 0.0 0.0 -0.10993886356887911 0.05693133738845094 -1.064755567542131 0.16689710972195776 -0.2566568998245233 0.07012483601762931 0.0 0.0 0.0 -0.10584443108419635 -0.09730280814974934 -0.012807176161187758 -0.01177363978611967 0.0 0.0 0.0 0.0 10.200000000000008 0.0 0.07 10.200000000000008 0.0 0.07 0.3 0.05 0.8 0.3 0.05 0.8 0.5 0.1 0.05
1138 6.07246470451355 0.0 0.0 0.0 0.0 0.0 0.0 -0.11182934338055667 0.04926851431852283 -1.0649165085741372 0.16689710972195776 -0.2566568998245233 0.07012483601762931 0.0 0.0 0.0 -0.10584443108419635 -0.09730280814974934 -0.012807176161187758 -0.01177363978611967 0.0 0.0 0.0 0.0 10.200000000000008 0.0 0.07 10.200000000000008 0.0 0.07 0.3 0.05 0.8 0.3 0.05 0.8 0.5 0.1 0.05
1139 6.077658414840698 0.0 0.0 0.0 0.0 0.0 0.0 -0.11319372903825412 0.04221645021632732 -1.065089772450238 0.16689710972195776 -0.2566568998245233 0.07012483601762931 0.0 0.0 0.0 -0.10584443108419635 -0.09730280814974934 -0.012807176161187758 -0.01177363978611967 0.0 0.0 0.0 0.0 10.200000000000008 0.0 0.07 10.200000000000008 0.0 0.07 0.3 0.05 0.8 0.3 0.05 0.8 0.5 0.1 0.05
1140 6.08286714553833 0.0 0.0 0.0 0.0 0.0 0.0 -0.11247838125539761 0.0364512295973028 -1.0653471292896923 0.16689710972195776 -0.2566568998245233 0.07012483601762931 0.0 0.0 0.0 -0.10584443108419635 -0.09730280814974934 -0.012807176161187758 -0.01177363978611967 0.0 0.0 0.0 0.0 10.200000000000008 0.0 0.07 10.200000000000008 0.0 0.07 0.3 0.05 0.8 0.3 0.05 0.8 0.5 0.1 0.05
1141 6.0881733894348145 0.0 0.0 0.0 0.0 0.0 0.0 -0.10836762017555798 0.03268530317853244 -1.0658083404209528 0.16689710972195776 -0.2566568998245233 0.07012483601762931 0.0 0.0 0.0 -0.10584443108419635 -0.09730280814974934 -0.012807176161187758 -0.01177363978611967 0.0 0.0 0.0 0.0 10.200000000000008 0.0 0.07 10.200000000000008 0.0 0.07 0.3 0.05 0.8 0.3 0.05 0.8 0.5 0.1 0.05
1142 6.09351921081543 0.0 0.0 0.0 0.0 0.0 0.0 -0.10106912226407387 0.03073254137462587 -1.066545262641091 0.16689710972195776 -0.2566568998245233 0.07012483601762931 0.0 0.0 0.0 -0.10584443108419635 -0.09730280814974934 -0.012807176161187758 -0.01177363978611967 0.0 0.0 0.0 0.0 10.200000000000008 0.0 0.07 10.200000000000008 0.0 0.07 0.3 0.05 0.8 0.3 0.05 0.8 0.5 0.1 0.05
1143 6.099054336547852 0.0 0.0 0.0 0.0 0.0 0.0 -0.09669002351718341 0.02956088429228193 -1.0669874159731738 0.16689710972195776 -0.2566568998245233 0.07012483601762931 0.0 0.0 0.0 -0.10584443108419635 -0.09730280814974934 -0.012807176161187758 -0.01177363978611967 0.0 0.0 0.0 0.0 10.200000000000008 0.0 0.07 10.200000000000008 0.0 0.07 0.3 0.05 0.8 0.3 0.05 0.8 0.5 0.1 0.05
1144 6.104461908340454 0.0 0.0 0.0 0.0 0.0 0.0 -0.08455188323591467 0.029087987813566488 -1.0678663020275994 0.16689710972195776 -0.2566568998245233 0.07012483601762931 0.0 0.0 0.0 -0.10584443108419635 -0.09730280814974934 -0.012807176161187758 -0.01177363978611967 0.0 0.0 0.0 0.0 10.200000000000008 0.0 0.07 10.200000000000008 0.0 0.07 0.3 0.05 0.8 0.3 0.05 0.8 0.5 0.1 0.05
1145 6.109864950180054 0.0 0.0 0.0 0.0 0.0 0.0 -0.07312725111564586 0.029034347697028135 -1.0687771299447395 0.16689710972195776 -0.2566568998245233 0.07012483601762931 0.0 0.0 0.0 -0.10584443108419635 -0.09730280814974934 -0.012807176161187758 -0.01177363978611967 0.0 0.0 0.0 0.0 10.200000000000008 0.0 0.07 10.200000000000008 0.0 0.07 0.3 0.05 0.8 0.3 0.05 0.8 0.5 0.1 0.05
1146 6.1153175830841064 0.0 0.0 0.0 0.0 0.0 0.0 -0.0615938290936982 0.028695366599517234 -1.0697838222364053 0.16689710972195776 -0.2566568998245233 0.07012483601762931 0.0 0.0 0.0 -0.10584443108419635 -0.09730280814974934 -0.012807176161187758 -0.01177363978611967 0.0 0.0 0.0 0.0 10.200000000000008 0.0 0.07 10.200000000000008 0.0 0.07 0.3 0.05 0.8 0.3 0.05 0.8 0.5 0.1 0.05
1147 6.1207685470581055 0.0 0.0 0.0 0.0 0.0 0.0 -0.05022523239155026 0.027111394297097427 -1.0707713338958897 0.16689710972195776 -0.2566568998245233 0.07012483601762931 0.0 0.0 0.0 -0.10584443108419635 -0.09730280814974934 -0.012807176161187758 -0.01177363978611967 0.0 0.0 0.0 0.0 10.200000000000008 0.0 0.07 10.200000000000008 0.0 0.07 0.3 0.05 0.8 0.3 0.05 0.8 0.5 0.1 0.05
1148 6.126664161682129 0.0 0.0 0.0 0.0 0.0 0.0 -0.03918562716185696 0.024013437682994784 -1.0718240364329623 0.16689710972195776 -0.2566568998245233 0.07012483601762931 0.0 0.0 0.0 -0.10584443108419635 -0.09730280814974934 -0.012807176161187758 -0.01177363978611967 0.0 0.0 0.0 0.0 10.200000000000008 0.0 0.07 10.200000000000008 0.0 0.07 0.3 0.05 0.8 0.3 0.05 0.8 0.5 0.1 0.05
1149 6.132098436355591 0.0 0.0 0.0 0.0 0.0 0.0 -0.028880310123799127 0.019546897920732845 -1.0729925527534847 0.16689710972195776 -0.2566568998245233 0.07012483601762931 0.0 -0.2930415211768881 0.0 -0.10584443108419635 -0.09730280814974934 -0.012807176161187758 -0.01177363978611967 0.0 0.0 0.0 0.0 10.200000000000008 0.0 0.07 10.200000000000008 0.0 0.07 0.3 0.05 0.8 0.3 0.05 0.8 0.5 0.1 0.05
1150 6.1375837326049805 0.0 0.0 0.0 0.0 0.0 0.0 -0.022083527335904764 0.016406778521993844 -1.0752276476837377 0.16689710972195776 -0.25805939654487586 0.07012483601762931 0.0 0.0 0.0 -0.10629869902876371 -0.09756507986982954 -0.01286214258248041 -0.011805374664249375 -0.01099328425853037 -0.006346975625940929 0.0 0.0 10.200000000000008 0.0 0.07 10.200000000000008 0.0 0.07 0.3 0.05 0.8 0.3 0.05 0.8 0.5 0.1 0.05
1151 6.143104791641235 0.0 0.0 0.0 0.0 0.0 0.0 -0.019232641303171354 0.015059601681029253 -1.07756579498155 0.16689710972195776 -0.25805939654487586 0.07012483601762931 0.0 0.0 0.2799953524361322 -0.10629869902876371 -0.09756507986982954 -0.01286214258248041 -0.011805374664249375 0.0 0.0 0.0 0.0 10.200000000000008 0.0 0.07 10.200000000000008 0.0 0.07 0.3 0.05 0.8 0.3 0.05 0.8 0.5 0.1 0.05
1152 6.148452997207642 0.0 0.0 0.0 0.0 0.0 0.0 -0.019439586635607263 0.015171683678981931 -1.0799657498580402 0.16689710972195776 -0.25805939654487586 0.0715273327379819 0.0 0.0 0.0 -0.10675296697333107 -0.09730280814974937 -0.01291710900377306 -0.011773639786119674 -0.010993284258530023 0.006346975625940235 0.0 0.0 10.200000000000008 0.0 0.07 10.200000000000008 0.0 0.07 0.3 0.05 0.8 0.3 0.05 0.8 0.5 0.1 0.05
1153 6.153913736343384 0.0 0.0 0.0 0.0 0.0 0.0 -0.020560841194497217 0.015775827676032347 -1.0824795123804918 0.16689710972195776 -0.25805939654487586 0.0715273327379819 0.0 0.0 0.0 -0.10675296697333107 -0.09730280814974937 -0.01291710900377306 -0.011773639786119674 0.0 0.0 0.0 0.0 10.200000000000008 0.0 0.07 10.200000000000008 0.0 0.07 0.3 0.05 0.8 0.3 0.05 0.8 0.5 0.1 0.05
1154 6.159301996231079 0.0 0.0 0.0 0.0 0.0 0.0 -0.02238407980305354 0.016675205892309166 -1.0848314617198296 0.16689710972195776 -0.25805939654487586 0.0715273327379819 -0.2960102828941718 0.0 0.0 -0.10675296697333107 -0.09730280814974937 -0.01291710900377306 -0.011773639786119674 0.0 0.0 0.0 0.0 10.200000000000008 0.0 0.07 10.200000000000008 0.0 0.07 0.3 0.05 0.8 0.3 0.05 0.8 0.5 0.1 0.05
1155 6.164734840393066 0.0 0.0 0.0 0.0 0.0 0.0 -0.024398411070718766 0.01706143430828131 -1.086779526121711 0.16549461300160517 -0.25805939654487586 0.0715273327379819 -0.2658257620076926 0.0 0.0 -0.10675296697333107 -0.09677826470958897 -0.01291710900377306 -0.011710170029860266 0.0 0.01269395125188151 0.0 0.0 10.200000000000008 0.0 0.07 10.200000000000008 0.0 0.07 0.3 0.05 0.8 0.3 0.05 0.8 0.5 0.1 0.05
1156 6.170175552368164 0.0 0.0 0.0 0.0 0.0 0.0 -0.02675749570454025 0.016219384741539222 -1.0882551617904277 0.1640921162812526 -0.25805939654487586 0.0715273327379819 0.0 -0.29695039600944023 0.0 -0.10675296697333107 -0.09625372126942862 -0.01291710900377306 -0.011646700273600862 0.0 0.012693951251880817 0.0 0.0 10.200000000000008 0.0 0.07 10.200000000000008 0.0 0.07 0.3 0.05 0.8 0.3 0.05 0.8 0.5 0.1 0.05
1157 6.175572633743286 0.0 0.0 0.0 0.0 0.0 0.0 -0.028709839792995837 0.014026777310225048 -1.0892172424485547 0.1640921162812526 -0.25946189326522845 0.0715273327379819 -0.25435196234178203 0.0 -0.25435196234178203 -0.10720723491789844 -0.09651599298950879 -0.01297207542506571 -0.011678435151730563 -0.010993284258530023 -0.006346975625940235 0.0 0.0 10.200000000000008 0.0 0.07 10.200000000000008 0.0 0.07 0.3 0.05 0.8 0.3 0.05 0.8 0.5 0.1 0.05
1158 6.181081771850586 0.0 0.0 0.0 0.0 0.0 0.0 -0.029881246246069186 0.012711212851436542 -1.089794490843431 0.1626896195609 -0.25946189326522845 0.07012483601762931 0.0 -0.2985941495321665 0.0 -0.10675296697333107 -0.0962537212694286 -0.01291710900377306 -0.01164670027360086 0.010993284258530023 0.006346975625940582 0.0 0.0 10.200000000000008 0.0 0.07 10.200000000000008 0.0 0.07 0.3 0.05 0.8 0.3 0.05 0.8 0.5 0.1 0.05
1159 6.186643838882446 0.0 0.0 0.0 0.0 0.0 0.0 -0.03135107970665068 0.0 -1.0899107421096659 0.1626896195609 -0.26086438998558104 0.07012483601762931 0.0 -0.24836138132682595 0.0 -0.10720723491789844 -0.09651599298950879 -0.01297207542506571 -0.011678435151730563 -0.010993284258530023 -0.006346975625940582 0.0 0.0 10.200000000000008 0.0 0.07 10.200000000000008 0.0 0.07 0.3 0.05 0.8 0.3 0.05 0.8 0.5 0.1 0.05
1160 6.192062854766846 0.0 0.0 0.0 0.0 0.0 0.0 -0.03223297978299958 0.0 -1.0900571921263036 0.1626896195609 -0.2622668867059336 0.07012483601762931 0.0 0.0 0.0 -0.10766150286246581 -0.09677826470958899 -0.013027041846358363 -0.011710170029860268 -0.010993284258530717 -0.006346975625940929 0.0 0.0 10.200000000000008 0.0 0.07 10.200000000000008 0.0 0.07 0.3 0.05 0.8 0.3 0.05 0.8 0.5 0.1 0.05
1161 6.199815034866333 0.0 0.0 0.0 0.0 0.0 0.0 -0.03222522652064623 0.0 -1.0901450621362863 0.1626896195609 -0.2636693834262862 0.07012483601762931 0.0 0.0 0.0 -0.10811577080703318 -0.09704053642966917 -0.013082008267651013 -0.011741904907989969 -0.010993284258530023 -0.006346975625940235 0.0 0.0 10.200000000000008 0.0 0.07 10.200000000000008 0.0 0.07 0.3 0.05 0.8 0.3 0.05 0.8 0.5 0.1 0.05
1162 6.2054972648620605 0.0 0.0 0.0 0.0 0.0 0.0 -0.031837079768865476 0.0 -1.090121084885379 0.1626896195609 -0.2636693834262862 0.07012483601762931 0.0 -0.27317816913762877 0.0 -0.10811577080703318 -0.09704053642966917 -0.013082008267651013 -0.011741904907989969 0.0 0.0 0.0 0.0 10.200000000000008 0.0 0.07 10.200000000000008 0.0 0.07 0.3 0.05 0.8 0.3 0.05 0.8 0.5 0.1 0.05
1163 6.211077928543091 0.0 0.0 0.0 0.0 0.0 0.0 -0.03129739618032525 0.0 -1.0898766007641436 0.1626896195609 -0.2650718801466388 0.07012483601762931 0.0 0.0 0.0 -0.10857003875160054 -0.09730280814974934 -0.013136974688943665 -0.01177363978611967 -0.01099328425853037 -0.006346975625940235 0.0 0.0 10.200000000000008 0.0 0.07 10.200000000000008 0.0 0.07 0.3 0.05 0.8 0.3 0.05 0.8 0.5 0.1 0.05
1164 6.216574668884277 0.0 0.0 0.0 0.0 0.0 0.0 -0.030590089742716254 0.0 -1.0893464140069176 0.1626896195609 -0.2650718801466388 0.07012483601762931 0.0 0.0 0.0 -0.10857003875160054 -0.09730280814974934 -0.013136974688943665 -0.01177363978611967 0.0 0.0 0.0 0.0 10.200000000000008 0.0 0.07 10.200000000000008 0.0 0.07 0.3 0.05 0.8 0.3 0.05 0.8 0.5 0.1 0.05
1165 6.22275972366333 0.0 0.0 0.0 0.0 0.0 0.0 -0.030779298445210518 0.0 -1.0880312116129214 0.1626896195609 -0.2650718801466388 0.07012483601762931 0.0 0.0 0.0 -0.10857003875160054 -0.09730280814974934 -0.013136974688943665 -0.01177363978611967 0.0 0.0 0.0 0.0 10.200000000000008 0.0 0.07 10.200000000000008 0.0 0.07 0.3 0.05 0.8 0.3 0.05 0.8 0.5 0.1 0.05
1166 6.228181600570679 0.0 0.0 0.0 0.0 0.0 0.0 -0.03135301771797279 0.0 -1.0870119924058326 0.1626896195609 -0.2650718801466388 0.07012483601762931 0.0 0.0 0.0 -0.10857003875160054 -0.09730280814974934 -0.013136974688943665 -0.01177363978611967 0.0 0.0 0.0 0.0 10.200000000000008 0.0 0.07 10.200000000000008 0.0 0.07 0.3 0.05 0.8 0.3 0.05 0.8 0.5 0.1 0.05
1167 6.233731269836426 0.0 0.0 0.0 0.0 0.0 0.0 -0.03192734705232107 0.0 -1.0861703631108885 0.1626896195609 -0.2650718801466388 0.07012483601762931 0.0 0.2840787361459563 0.0 -0.10857003875160054 -0.09730280814974934 -0.013136974688943665 -0.01177363978611967 0.0 0.0 0.0 0.0 10.200000000000008 0.0 0.07 10.200000000000008 0.0 0.07 0.3 0.05 0.8 0.3 0.05 0.8 0.5 0.1 0.05
1168 6.240374326705933 0.0 0.0 0.0 0.0 0.0 0.0 -0.03204184688223913 0.0 -1.0856653855339222 0.1626896195609 -0.2636693834262862 0.07012483601762931 0.0 0.0 0.0 -0.10811577080703318 -0.09704053642966917 -0.013082008267651013 -0.011741904907989969 0.01099328425853037 0.006346975625940235 0.0 0.0 10.200000000000008 0.0 0.07 10.200000000000008 0.0 0.07 0.3 0.05 0.8 0.3 0.05 0.8 0.5 0.1 0.05
1169 6.245785236358643 0.0 0.0 0.0 0.0 0.0 0.0 -0.03172705198582121 0.0 -1.0854390982446391 0.1626896195609 -0.2636693834262862 0.07012483601762931 0.0 0.2655238016570591 0.0 -0.10811577080703318 -0.09704053642966917 -0.013082008267651013 -0.011741904907989969 0.0 0.0 0.0 0.0 10.200000000000008 0.0 0.07 10.200000000000008 0.0 0.07 0.3 0.05 0.8 0.3 0.05 0.8 0.5 0.1 0.05
1170 6.252208709716797 0.0 0.0 0.0 0.0 0.0 0.0 -0.03146147579107349 0.0 -1.0854567243848634 0.1626896195609 -0.2622668867059336 0.07012483601762931 0.0 0.0 0.0 -0.10766150286246581 -0.09677826470958899 -0.013027041846358363 -0.011710170029860268 0.010993284258530023 0.006346975625940235 0.0 0.0 10.200000000000008 0.0 0.07 10.200000000000008 0.0 0.07 0.3 0.05 0.8 0.3 0.05 0.8 0.5 0.1 0.05
1171 6.257801294326782 0.0 0.0 0.0 0.0 0.0 0.0 -0.03153222784491577 0.0 -1.0855439993258948 0.1626896195609 -0.2622668867059336 0.07012483601762931 0.0 0.0 0.0 -0.10766150286246581 -0.09677826470958899 -0.013027041846358363 -0.011710170029860268 0.0 0.0 0.0 0.0 10.200000000000008 0.0 0.07 10.200000000000008 0.0 0.07 0.3 0.05 0.8 0.3 0.05 0.8 0.5 0.1 0.05
1172 6.263263940811157 0.0 0.0 0.0 0.0 0.0 0.0 -0.03172807610089897 0.0 -1.0859031613181016 0.1626896195609 -0.2622668867059336 0.07012483601762931 0.0 0.0 0.0 -0.10766150286246581 -0.09677826470958899 -0.013027041846358363 -0.011710170029860268 0.0 0.0 0.0 0.0 10.200000000000008 0.0 0.07 10.200000000000008 0.0 0.07 0.3 0.05 0.8 0.3 0.05 0.8 0.5 0.1 0.05
1173 6.268614292144775 0.0 0.0 0.0 0.0 0.0 0.0 -0.031768887287708034 0.0 -1.0861953577703227 0.1626896195609 -0.2622668867059336 0.07012483601762931 0.0 0.0 0.0 -0.10766150286246581 -0.09677826470958899 -0.013027041846358363 -0.011710170029860268 0.0 0.0 0.0 0.0 10.200000000000008 0.0 0.07 10.200000000000008 0.0 0.07 0.3 0.05 0.8 0.3 0.05 0.8 0.5 0.1 0.05
1174 6.273957014083862 0.0 0.0 0.0 0.0 0.0 0.0 -0.0317166747428965 0.0 -1.0864473748985524 0.1626896195609 -0.2622668867059336 0.07012483601762931 0.0 0.0 0.0 -0.10766150286246581 -0.09677826470958899 -0.013027041846358363 -0.011710170029860268 0.0 0.0 0.0 0.0 10.200000000000008 0.0 0.07 10.200000000000008 0.0 0.07 0.3 0.05 0.8 0.3 0.05 0.8 0.5 0.1 0.05
1175 6.279213905334473 0.0 0.0 0.0 0.0 0.0 0.0 -0.03183874423968741 0.0 -1.086675284432387 0.1626896195609 -0.2622668867059336 0.07012483601762931 0.0 0.0 0.0 -0.10766150286246581 -0.09677826470958899 -0.013027041846358363 -0.011710170029860268 0.0 0.0 0.0 0.0 10.200000000000008 0.0 0.07 10.200000000000008 0.0 0.07 0.3 0.05 0.8 0.3 0.05 0.8 0.5 0.1 0.05
1176 6.2844438552856445 0.0 0.0 0.0 0.0 0.0 0.0 -0.03198868519465893 0.0 -1.0868887294095848 0.1626896195609 -0.2622668867059336 0.07012483601762931 0.0 -0.264921934331807 0.0 -0.10766150286246581 -0.09677826470958899 -0.013027041846358363 -0.011710170029860268 0.0 0.0 0.0 0.0 10.200000000000008 0.0 0.07 10.200000000000008 0.0 0.07 0.3 0.05 0.8 0.3 0.05 0.8 0.5 0.1 0.05
1177 6.289659738540649 0.0 0.0 0.0 0.0 0.0 0.0 -0.03207864976764184 0.0 -1.0870934956528004 0.1626896195609 -0.2636693834262862 0.07012483601762931 0.2966991157928044 0.0 0.0 -0.10811577080703318 -0.09704053642966917 -0.013082008267651013 -0.011741904907989969 -0.010993284258530023 -0.006346975625940235 0.0 0.0 10.200000000000008 0.0 0.07 10.200000000000008 0.0 0.07 0.3 0.05 0.8 0.3 0.05 0.8 0.5 0.1 0.05
1178 6.294941663742065 0.0 0.0 0.0 0.0 0.0 0.0 -0.03205592925453461 0.0 -1.0873697539125238 0.1640921162812526 -0.2636693834262862 0.07012483601762931 0.0 0.0 0.0 -0.10811577080703318 -0.09756507986982954 -0.013082008267651013 -0.011805374664249375 0.0 -0.012693951251881164 0.0 0.0 10.200000000000008 0.0 0.07 10.200000000000008 0.0 0.07 0.3 0.05 0.8 0.3 0.05 0.8 0.5 0.1 0.05
1179 6.300187587738037 0.0 0.0 0.0 0.0 0.0 0.0 -0.03196559917988942 0.0 -1.0876122081252548 0.1640921162812526 -0.2636693834262862 0.07012483601762931 0.0 0.0 0.0 -0.10811577080703318 -0.09756507986982954 -0.013082008267651013 -0.011805374664249375 0.0 0.0 0.0 0.0 10.200000000000008 0.0 0.07 10.200000000000008 0.0 0.07 0.3 0.05 0.8 0.3 0.05 0.8 0.5 0.1 0.05
1180 6.305414438247681 0.0 0.0 0.0 0.0 0.0 0.0 -0.03191140113510231 0.0 -1.0879110791666873 0.1640921162812526 -0.2636693834262862 0.07012483601762931 0.0 0.0 0.0 -0.10811577080703318 -0.09756507986982954 -0.013082008267651013 -0.011805374664249375 0.0 0.0 0.0 0.0 10.200000000000008 0.0 0.07 10.200000000000008 0.0 0.07 0.3 0.05 0.8 0.3 0.05 0.8 0.5 0.1 0.05
1181 6.310795783996582 0.0 0.0 0.0 0.0 0.0 0.0 -0.0319555800750109 0.0 -1.0882438003053407 0.1640921162812526 -0.2636693834262862 0.07012483601762931 0.0 0.0 0.0 -0.10811577080703318 -0.09756507986982954 -0.013082008267651013 -0.011805374664249375 0.0 0.0 0.0 0.0 10.200000000000008 0.0 0.07 10.200000000000008 0.0 0.07 0.3 0.05 0.8 0.3 0.05 0.8 0.5 0.1 0.05
1182 6.316068887710571 0.0 0.0 0.0 0.0 0.0 0.0 -0.031982087438956044 0.0 -1.0885201322454299 0.1640921162812526 -0.2636693834262862 0.07012483601762931 0.0 0.0 0.0 -0.10811577080703318 -0.09756507986982954 -0.013082008267651013 -0.011805374664249375 0.0 0.0 0.0 0.0 10.200000000000008 0.0 0.07 10.200000000000008 0.0 0.07 0.3 0.05 0.8 0.3 0.05 0.8 0.5 0.1 0.05
1183 6.3214111328125 0.0 0.0 0.0 0.0 0.0 0.0 -0.03199799185732313 0.0 -1.0887626306663802 0.1640921162812526 -0.2636693834262862 0.07012483601762931 0.0 0.0 0.0 -0.10811577080703318 -0.09756507986982954 -0.013082008267651013 -0.011805374664249375 0.0 0.0 0.0 0.0 10.200000000000008 0.0 0.07 10.200000000000008 0.0 0.07 0.3 0.05 0.8 0.3 0.05 0.8 0.5 0.1 0.05
1184 6.326808452606201 0.0 0.0 0.0 0.0 0.0 0.0 -0.03193083674156254 0.0 -1.0889081297189505 0.1640921162812526 -0.2636693834262862 0.07012483601762931 0.0 0.0 0.0 -0.10811577080703318 -0.09756507986982954 -0.013082008267651013 -0.011805374664249375 0.0 0.0 0.0 0.0 10.200000000000008 0.0 0.07 10.200000000000008 0.0 0.07 0.3 0.05 0.8 0.3 0.05 0.8 0.5 0.1 0.05
1185 6.332372665405273 0.0 0.0 0.0 0.0 0.0 0.0 -0.031890543672106184 0.0 -1.0890721284073897 0.1640921162812526 -0.2636693834262862 0.07012483601762931 0.0 0.0 0.0 -0.10811577080703318 -0.09756507986982954 -0.013082008267651013 -0.011805374664249375 0.0 0.0 0.0 0.0 10.200000000000008 0.0 0.07 10.200000000000008 0.0 0.07 0.3 0.05 0.8 0.3 0.05 0.8 0.5 0.1 0.05
1186 6.33785080909729 0.0 0.0 0.0 0.0 0.0 0.0 -0.03186636783043237 0.0 -1.089170527620453 0.1640921162812526 -0.2636693834262862 0.07012483601762931 0.0 0.0 0.0 -0.10811577080703318 -0.09756507986982954 -0.013082008267651013 -0.011805374664249375 0.0 0.0 0.0 0.0 10.200000000000008 0.0 0.07 10.200000000000008 0.0 0.07 0.3 0.05 0.8 0.3 0.05 0.8 0.5 0.1 0.05
1187 6.343134164810181 0.0 0.0 0.0 0.0 0.0 0.0 -0.03185186232542808 0.0 -1.0892295671482912 0.1640921162812526 -0.2636693834262862 0.07012483601762931 0.0 0.0 0.0 -0.10811577080703318 -0.09756507986982954 -0.013082008267651013 -0.011805374664249375 0.0 0.0 0.0 0.0 10.200000000000008 0.0 0.07 10.200000000000008 0.0 0.07 0.3 0.05 0.8 0.3 0.05 0.8 0.5 0.1 0.05
1188 6.34837532043457 0.0 0.0 0.0 0.0 0.0 0.0 -0.03176645976552853 0.0 -1.089264990864994 0.1640921162812526 -0.2636693834262862 0.07012483601762931 0.0 0.0 0.0 -0.10811577080703318 -0.09756507986982954 -0.013082008267651013 -0.011805374664249375 0.0 0.0 0.0 0.0 10.200000000000008 0.0 0.07 10.200000000000008 0.0 0.07 0.3 0.05 0.8 0.3 0.05 0.8 0.5 0.1 0.05
1189 6.353592872619629 0.0 0.0 0.0 0.0 0.0 0.0 -0.0317152182295888 0.0 -1.0892862450950158 0.1640921162812526 -0.2636693834262862 0.07012483601762931 0.0 0.0 0.0 -0.10811577080703318 -0.09756507986982954 -0.013082008267651013 -0.011805374664249375 0.0 0.0 0.0 0.0 10.200000000000008 0.0 0.07 10.200000000000008 0.0 0.07 0.3 0.05 0.8 0.3 0.05 0.8 0.5 0.1 0.05
1190 6.358822345733643 0.0 0.0 0.0 0.0 0.0 0.0 -0.031684473308024964 0.0 -1.0892989976330287 0.1640921162812526 -0.2636693834262862 0.07012483601762931 0.0 0.0 0.0 -0.10811577080703318 -0.09756507986982954 -0.013082008267651013 -0.011805374664249375 0.0 0.0 0.0 0.0 10.200000000000008 0.0 0.07 10.200000000000008 0.0 0.07 0.3 0.05 0.8 0.3 0.05 0.8 0.5 0.1 0.05
1191 6.36418604850769 0.0 0.0 0.0 0.0 0.0 0.0 -0.03166602635508666 0.0 -1.0893066491558365 0.1640921162812526 -0.2636693834262862 0.07012483601762931 0.0 0.0 0.0 -0.10811577080703318 -0.09756507986982954 -0.013082008267651013 -0.011805374664249375 0.0 0.0 0.0 0.0 10.200000000000008 0.0 0.07 10.200000000000008 0.0 0.07 0.3 0.05 0.8 0.3 0.05 0.8 0.5 0.1 0.05
1192 6.369466543197632 0.0 0.0 0.0 0.0 0.0 0.0 -0.03165495818332368 0.0 -1.0893112400695213 0.1640921162812526 -0.2636693834262862 0.07012483601762931 0.0 0.0 0.0 -0.10811577080703318 -0.09756507986982954 -0.013082008267651013 -0.011805374664249375 0.0 0.0 0.0 0.0 10.200000000000008 0.0 0.07 10.200000000000008 0.0 0.07 0.3 0.05 0.8 0.3 0.05 0.8 0.5 0.1 0.05
1193 6.3747878074646 0.0 0.0 0.0 0.0 0.0 0.0 -0.03164831728026589 0.0 -1.0892372953608351 0.1640921162812526 -0.2636693834262862 0.07012483601762931 0.0 0.0 0.0 -0.10811577080703318 -0.09756507986982954 -0.013082008267651013 -0.011805374664249375 0.0 0.0 0.0 0.0 10.200000000000008 0.0 0.07 10.200000000000008 0.0 0.07 0.3 0.05 0.8 0.3 0.05 0.8 0.5 0.1 0.05
1194 6.380043268203735 0.0 0.0 0.0 0.0 0.0 0.0 -0.031644332738431216 0.0 -1.0891929285356234 0.1640921162812526 -0.2636693834262862 0.07012483601762931 0.0 0.0 0.0 -0.10811577080703318 -0.09756507986982954 -0.013082008267651013 -0.011805374664249375 0.0 0.0 0.0 0.0 10.200000000000008 0.0 0.07 10.200000000000008 0.0 0.07 0.3 0.05 0.8 0.3 0.05 0.8 0.5 0.1 0.05
1195 6.3854005336761475 0.0 0.0 0.0 0.0 0.0 0.0 -0.03156524275643344 0.0 -1.0891663084404963 0.1640921162812526 -0.2636693834262862 0.07012483601762931 0.0 0.0 0.0 -0.10811577080703318 -0.09756507986982954 -0.013082008267651013 -0.011805374664249375 0.0 0.0 0.0 0.0 10.200000000000008 0.0 0.07 10.200000000000008 0.0 0.07 0.3 0.05 0.8 0.3 0.05 0.8 0.5 0.1 0.05
1196 6.390674114227295 0.0 0.0 0.0 0.0 0.0 0.0 -0.031517788767234774 0.0 -1.089073637126523 0.1640921162812526 -0.2636693834262862 0.07012483601762931 0.0 0.0 0.0 -0.10811577080703318 -0.09756507986982954 -0.013082008267651013 -0.011805374664249375 0.0 0.0 0.0 0.0 10.200000000000008 0.0 0.07 10.200000000000008 0.0 0.07 0.3 0.05 0.8 0.3 0.05 0.8 0.5 0.1 0.05
1197 6.395934820175171 0.0 0.0 0.0 0.0 0.0 0.0 -0.031489316373715576 0.0 -1.0890180343381393 0.1640921162812526 -0.2636693834262862 0.07012483601762931 0.0 0.0 0.0 -0.10811577080703318 -0.09756507986982954 -0.013082008267651013 -0.011805374664249375 0.0 0.0 0.0 0.0 10.200000000000008 0.0 0.07 10.200000000000008 0.0 0.07 0.3 0.05 0.8 0.3 0.05 0.8 0.5 0.1 0.05
1198 6.401186227798462 0.0 0.0 0.0 0.0 0.0 0.0 -0.03147223293760405 0.0 -1.088984672665109 0.1640921162812526 -0.2636693834262862 0.07012483601762931 0.0 0.0 0.0 -0.10811577080703318 -0.09756507986982954 -0.013082008267651013 -0.011805374664249375 0.0 0.0 0.0 0.0 10.200000000000008 0.0 0.07 10.200000000000008 0.0 0.07 0.3 0.05 0.8 0.3 0.05 0.8 0.5 0.1 0.05
1199 6.406455755233765 0.0 0.0 0.0 0.0 0.0 0.0 -0.03146198287593714 0.0 -1.0889646556612906 0.1640921162812526 -0.2636693834262862 0.07012483601762931 0.0 0.0 0.0 -0.10811577080703318 -0.09756507986982954 -0.013082008267651013 -0.011805374664249375 0.0 0.0 0.0 0.0 10.200000000000008 0.0 0.07 10.200000000000008 0.0 0.07 0.3 0.05 0.8 0.3 0.05 0.8 0.5 0.1 0.05
1200 6.41173243522644 0.0 0.0 0.0 0.0 0.0 0.0 -0.03145583283893699 0.0 -1.0889526454589997 0.1640921162812526 -0.2636693834262862 0.07012483601762931 0.0 0.0 0.0 -0.10811577080703318 -0.09756507986982954 -0.013082008267651013 -0.011805374664249375 0.0 0.0 0.0 0.0 10.200000000000008 0.0 0.07 10.200000000000008 0.0 0.07 0.3 0.05 0.8 0.3 0.05 0.8 0.5 0.1 0.05
1201 6.4170732498168945 0.0 0.0 0.0 0.0 0.0 0.0 -0.03137544355983993 0.0 -1.0889454393376252 0.1640921162812526 -0.2636693834262862 0.07012483601762931 0.0 0.0 0.0 -0.10811577080703318 -0.09756507986982954 -0.013082008267651013 -0.011805374664249375 0.0 0.0 0.0 0.0 10.200000000000008 0.0 0.07 10.200000000000008 0.0 0.07 0.3 0.05 0.8 0.3 0.05 0.8 0.5 0.1 0.05
1202 6.422428846359253 0.0 0.0 0.0 0.0 0.0 0.0 -0.03132720999238169 0.0 -1.0889411156648006 0.1640921162812526 -0.2636693834262862 0.07012483601762931 0.0 0.0 0.0 -0.10811577080703318 -0.09756507986982954 -0.013082008267651013 -0.011805374664249375 0.0 0.0 0.0 0.0 10.200000000000008 0.0 0.07 10.200000000000008 0.0 0.07 0.3 0.05 0.8 0.3 0.05 0.8 0.5 0.1 0.05
1203 6.427870988845825 0.0 0.0 0.0 0.0 0.0 0.0 -0.03129826985190676 0.0 -1.0889385214611056 0.1640921162812526 -0.2636693834262862 0.07012483601762931 0.0 0.0 0.0 -0.10811577080703318 -0.09756507986982954 -0.013082008267651013 -0.011805374664249375 0.0 0.0 0.0 0.0 10.200000000000008 0.0 0.07 10.200000000000008 0.0 0.07 0.3 0.05 0.8 0.3 0.05 0.8 0.5 0.1 0.05
1204 6.433157444000244 0.0 0.0 0.0 0.0 0.0 0.0 -0.03120420651072482 0.0 -1.0889369649388887 0.1640921162812526 -0.2636693834262862 0.07012483601762931 0.0 0.0 0.0 -0.10811577080703318 -0.09756507986982954 -0.013082008267651013 -0.011805374664249375 0.0 0.0 0.0 0.0 10.200000000000008 0.0 0.07 10.200000000000008 0.0 0.07 0.3 0.05 0.8 0.3 0.05 0.8 0.5 0.1 0.05
1205 6.438607692718506 0.0 0.0 0.0 0.0 0.0 0.0 -0.031147768506015656 0.0 -1.0889360310255585 0.1640921162812526 -0.2636693834262862 0.07012483601762931 0.0 0.0 0.0 -0.10811577080703318 -0.09756507986982954 -0.013082008267651013 -0.011805374664249375 0.0 0.0 0.0 0.0 10.200000000000008 0.0 0.07 10.200000000000008 0.0 0.07 0.3 0.05 0.8 0.3 0.05 0.8 0.5 0.1 0.05
1206 6.443940162658691 0.0 0.0 0.0 0.0 0.0 0.0 -0.03111390570319016 0.0 -1.0889354706775605 0.1640921162812526 -0.2636693834262862 0.07012483601762931 0.0 0.0 0.0 -0.10811577080703318 -0.09756507986982954 -0.013082008267651013 -0.011805374664249375 0.0 0.0 0.0 0.0 10.200000000000008 0.0 0.07 10.200000000000008 0.0 0.07 0.3 0.05 0.8 0.3 0.05 0.8 0.5 0.1 0.05
1207 6.449159860610962 0.0 0.0 0.0 0.0 0.0 0.0 -0.03109358802149486 0.0 -1.0889351344687617 0.1640921162812526 -0.2636693834262862 0.07012483601762931 0.0 0.0 0.0 -0.10811577080703318 -0.09756507986982954 -0.013082008267651013 -0.011805374664249375 0.0 0.0 0.0 0.0 10.200000000000008 0.0 0.07 10.200000000000008 0.0 0.07 0.3 0.05 0.8 0.3 0.05 0.8 0.5 0.1 0.05
1208 6.454385757446289 0.0 0.0 0.0 0.0 0.0 0.0 -0.03108139741247768 0.0 -1.0889349327434823 0.1640921162812526 -0.2636693834262862 0.07012483601762931 0.0 0.0 0.0 -0.10811577080703318 -0.09756507986982954 -0.013082008267651013 -0.011805374664249375 0.0 0.0 0.0 0.0 10.200000000000008 0.0 0.07 10.200000000000008 0.0 0.07 0.3 0.05 0.8 0.3 0.05 0.8 0.5 0.1 0.05
1209 6.459595441818237 0.0 0.0 0.0 0.0 0.0 0.0 -0.031074083047067373 0.0 -1.0889348117083146 0.1640921162812526 -0.2636693834262862 0.07012483601762931 0.0 0.0 0.0 -0.10811577080703318 -0.09756507986982954 -0.013082008267651013 -0.011805374664249375 0.0 0.0 0.0 0.0 10.200000000000008 0.0 0.07 10.200000000000008 0.0 0.07 0.3 0.05 0.8 0.3 0.05 0.8 0.5 0.1 0.05
1210 6.464842796325684 0.0 0.0 0.0 0.0 0.0 0.0 -0.03106969442782119 0.0 -1.0889347390872142 0.1640921162812526 -0.2636693834262862 0.07012483601762931 0.0 0.0 0.0 -0.10811577080703318 -0.09756507986982954 -0.013082008267651013 -0.011805374664249375 0.0 0.0 0.0 0.0 10.200000000000008 0.0 0.07 10.200000000000008 0.0 0.07 0.3 0.05 0.8 0.3 0.05 0.8 0.5 0.1 0.05
1211 6.4702088832855225 0.0 0.0 0.0 0.0 0.0 0.0 -0.031067061256273478 0.0 -1.0889346955145538 0.1640921162812526 -0.2636693834262862 0.07012483601762931 0.0 0.0 0.0 -0.10811577080703318 -0.09756507986982954 -0.013082008267651013 -0.011805374664249375 0.0 0.0 0.0 0.0 10.200000000000008 0.0 0.07 10.200000000000008 0.0 0.07 0.3 0.05 0.8 0.3 0.05 0.8 0.5 0.1 0.05
1212 6.475491523742676 0.0 0.0 0.0 0.0 0.0 0.0 -0.03098878209644788 0.0 -1.0889346693709576 0.1640921162812526 -0.2636693834262862 0.07012483601762931 0.0 0.0 0.0 -0.10811577080703318 -0.09756507986982954 -0.013082008267651013 -0.011805374664249375 0.0 0.0 0.0 0.0 10.200000000000008 0.0 0.07 10.200000000000008 0.0 0.07 0.3 0.05 0.8 0.3 0.05 0.8 0.5 0.1 0.05
1213 6.480818748474121 0.0 0.0 0.0 0.0 0.0 0.0 -0.030941814600552522 0.0 -1.0889346536848 0.1640921162812526 -0.2636693834262862 0.07012483601762931 0.0 0.0 0.0 -0.10811577080703318 -0.09756507986982954 -0.013082008267651013 -0.011805374664249375 0.0 0.0 0.0 0.0 10.200000000000008 0.0 0.07 10.200000000000008 0.0 0.07 0.3 0.05 0.8 0.3 0.05 0.8 0.5 0.1 0.05
1214 6.486078262329102 0.0 0.0 0.0 0.0 0.0 0.0 -0.030913634103015307 0.0 -1.0889346442731054 0.1640921162812526 -0.2636693834262862 0.07012483601762931 0.0 0.0 0.0 -0.10811577080703318 -0.09756507986982954 -0.013082008267651013 -0.011805374664249375 0.0 0.0 0.0 0.0 10.200000000000008 0.0 0.07 10.200000000000008 0.0 0.07 0.3 0.05 0.8 0.3 0.05 0.8 0.5 0.1 0.05
1215 6.491410970687866 0.0 0.0 0.0 0.0 0.0 0.0 -0.030896725804492976 0.0 -1.0889346386260885 0.1640921162812526 -0.2636693834262862 0.07012483601762931 0.0 0.0 0.0 -0.10811577080703318 -0.09756507986982954 -0.013082008267651013 -0.011805374664249375 0.0 0.0 0.0 0.0 10.200000000000008 0.0 0.07 10.200000000000008 0.0 0.07 0.3 0.05 0.8 0.3 0.05 0.8 0.5 0.1 0.05
1216 6.496654272079468 0.0 0.0 0.0 0.0 0.0 0.0 -0.030886580825379577 0.0 -1.0889346352378784 0.1640921162812526 -0.2636693834262862 0.07012483601762931 0.0 0.0 0.0 -0.10811577080703318 -0.09756507986982954 -0.013082008267651013 -0.011805374664249375 0.0 0.0 0.0 0.0 10.200000000000008 0.0 0.07 10.200000000000008 0.0 0.07 0.3 0.05 0.8 0.3 0.05 0.8 0.5 0.1 0.05
1217 6.501904010772705 0.0 0.0 0.0 0.0 0.0 0.0 -0.03088049383791154 0.0 -1.0889346332049523 0.1640921162812526 -0.2636693834262862 0.07012483601762931 0.0 0.0 0.0 -0.10811577080703318 -0.09756507986982954 -0.013082008267651013 -0.011805374664249375 0.0 0.0 0.0 0.0 10.200000000000008 0.0 0.07 10.200000000000008 0.0 0.07 0.3 0.05 0.8 0.3 0.05 0.8 0.5 0.1 0.05
1218 6.507154226303101 0.0 0.0 0.0 0.0 0.0 0.0 -0.030800142388533742 0.0 -1.0889346319851967 0.1640921162812526 -0.2636693834262862 0.07012483601762931 0.0 0.0 0.0 -0.10811577080703318 -0.09756507986982954 -0.013082008267651013 -0.011805374664249375 0.0 0.0 0.0 0.0 10.200000000000008 0.0 0.07 10.200000000000008 0.0 0.07 0.3 0.05 0.8 0.3 0.05 0.8 0.5 0.1 0.05
1219 6.512427568435669 0.0 0.0 0.0 0.0 0.0 0.0 -0.030751931518907066 0.0 -1.0889346312533434 0.1640921162812526 -0.2636693834262862 0.07012483601762931 0.0 0.0 0.0 -0.10811577080703318 -0.09756507986982954 -0.013082008267651013 -0.011805374664249375 0.0 0.0 0.0 0.0 10.200000000000008 0.0 0.07 10.200000000000008 0.0 0.07 0.3 0.05 0.8 0.3 0.05 0.8 0.5 0.1 0.05
1220 6.517654895782471 0.0 0.0 0.0 0.0 0.0 0.0 -0.030723004997131056 0.0 -1.0889346308142314 0.1640921162812526 -0.2636693834262862 0.07012483601762931 0.0 0.0 0.0 -0.10811577080703318 -0.09756507986982954 -0.013082008267651013 -0.011805374664249375 0.0 0.0 0.0 0.0 10.200000000000008 0.0 0.07 10.200000000000008 0.0 0.07 0.3 0.05 0.8 0.3 0.05 0.8 0.5 0.1 0.05
1221 6.5229833126068115 0.0 0.0 0.0 0.0 0.0 0.0 -0.0306289513172846 0.0 -1.0889346305507641 0.1640921162812526 -0.2636693834262862 0.07012483601762931 0.0 0.0 0.0 -0.10811577080703318 -0.09756507986982954 -0.013082008267651013 -0.011805374664249375 0.0 0.0 0.0 0.0 10.200000000000008 0.0 0.07 10.200000000000008 0.0 0.07 0.3 0.05 0.8 0.3 0.05 0.8 0.5 0.1 0.05
1222 6.528257369995117 0.0 0.0 0.0 0.0 0.0 0.0 -0.030572519109376726 0.0 -1.088934630392684 0.1640921162812526 -0.2636693834262862 0.07012483601762931 0.0 0.0 0.0 -0.10811577080703318 -0.09756507986982954 -0.013082008267651013 -0.011805374664249375 0.0 0.0 0.0 0.0 10.200000000000008 0.0 0.07 10.200000000000008 0.0 0.07 0.3 0.05 0.8 0.3 0.05 0.8 0.5 0.1 0.05
1223 6.533552646636963 0.0 0.0 0.0 0.0 0.0 0.0 -0.030538659784632 0.0 -1.0889346302978358 0.1640921162812526 -0.2636693834262862 0.07012483601762931 0.0 0.0 0.0 -0.10811577080703318 -0.09756507986982954 -0.013082008267651013 -0.011805374664249375 0.0 0.0 0.0 0.0 10.200000000000008 0.0 0.07 10.200000000000008 0.0 0.07 0.3 0.05 0.8 0.3 0.05 0.8 0.5 0.1 0.05
1224 6.538780689239502 0.0 0.0 0.0 0.0 0.0 0.0 -0.030518344189785166 0.0 -1.0889346302409268 0.1640921162812526 -0.2636693834262862 0.07012483601762931 0.0 0.0 0.0 -0.10811577080703318 -0.09756507986982954 -0.013082008267651013 -0.011805374664249375 0.0 0.0 0.0 0.0 10.200000000000008 0.0 0.07 10.200000000000008 0.0 0.07 0.3 0.05 0.8 0.3 0.05 0.8 0.5 0.1 0.05
1225 6.544125080108643 0.0 0.0 0.0 0.0 0.0 0.0 -0.030506154832877067 0.0 -1.0889346302067815 0.1640921162812526 -0.2636693834262862 0.07012483601762931 0.0 0.0 0.0 -0.10811577080703318 -0.09756507986982954 -0.013082008267651013 -0.011805374664249375 0.0 0.0 0.0 0.0 10.200000000000008 0.0 0.07 10.200000000000008 0.0 0.07 0.3 0.05 0.8 0.3 0.05 0.8 0.5 0.1 0.05
1226 6.549384593963623 0.0 0.0 0.0 0.0 0.0 0.0 -0.030498841218732205 0.0 -1.0889346301862943 0.1640921162812526 -0.2636693834262862 0.07012483601762931 0.0 0.0 0.0 -0.10811577080703318 -0.09756507986982954 -0.013082008267651013 -0.011805374664249375 0.0 0.0 0.0 0.0 10.200000000000008 0.0 0.07 10.200000000000008 0.0 0.07 0.3 0.05 0.8 0.3 0.05 0.8 0.5 0.1 0.05
1227 6.554632186889648 0.0 0.0 0.0 0.0 0.0 0.0 -0.03049445305024529 0.0 -1.0888579309171051 0.1640921162812526 -0.2636693834262862 0.07012483601762931 0.0 0.0 0.0 -0.10811577080703318 -0.09756507986982954 -0.013082008267651013 -0.011805374664249375 0.0 0.0 0.0 0.0 10.200000000000008 0.0 0.07 10.200000000000008 0.0 0.07 0.3 0.05 0.8 0.3 0.05 0.8 0.5 0.1 0.05
1228 6.559931755065918 0.0 0.0 0.0 0.0 0.0 0.0 -0.03049182014915314 0.0 -1.0888119113555916 0.1640921162812526 -0.2636693834262862 0.07012483601762931 0.0 0.0 0.0 -0.10811577080703318 -0.09756507986982954 -0.013082008267651013 -0.011805374664249375 0.0 0.0 0.0 0.0 10.200000000000008 0.0 0.07 10.200000000000008 0.0 0.07 0.3 0.05 0.8 0.3 0.05 0.8 0.5 0.1 0.05
1229 6.565185070037842 0.0 0.0 0.0 0.0 0.0 0.0 -0.03041354115160088 0.0 -1.0887842996186834 0.1640921162812526 -0.2636693834262862 0.07012483601762931 0.0 0.0 0.0 -0.10811577080703318 -0.09756507986982954 -0.013082008267651013 -0.011805374664249375 0.0 0.0 0.0 0.0 10.200000000000008 0.0 0.07 10.200000000000008 0.0 0.07 0.3 0.05 0.8 0.3 0.05 0.8 0.5 0.1 0.05
1230 6.570392847061157 0.0 0.0 0.0 0.0 0.0 0.0 -0.03036657375306952 0.0 -1.0887677325765384 0.1640921162812526 -0.2636693834262862 0.07012483601762931 0.0 0.0 0.0 -0.10811577080703318 -0.09756507986982954 -0.013082008267651013 -0.011805374664249375 0.0 0.0 0.0 0.0 10.200000000000008 0.0 0.07 10.200000000000008 0.0 0.07 0.3 0.05 0.8 0.3 0.05 0.8 0.5 0.1 0.05
1231 6.575737476348877 0.0 0.0 0.0 0.0 0.0 0.0 -0.030338393313950707 0.0 -1.0887577923512515 0.1640921162812526 -0.2636693834262862 0.07012483601762931 0.0 0.0 0.0 -0.10811577080703318 -0.09756507986982954 -0.013082008267651013 -0.011805374664249375 0.0 0.0 0.0 0.0 10.200000000000008 0.0 0.07 10.200000000000008 0.0 0.07 0.3 0.05 0.8 0.3 0.05 0.8 0.5 0.1 0.05
1232 6.581021547317505 0.0 0.0 0.0 0.0 0.0 0.0 -0.030321485050479418 0.0 -1.0887518282160793 0.1640921162812526 -0.2636693834262862 0.07012483601762931 0.0 0.0 0.0 -0.10811577080703318 -0.09756507986982954 -0.013082008267651013 -0.011805374664249375 0.0 0.0 0.0 0.0 10.200000000000008 0.0 0.07 10.200000000000008 0.0 0.07 0.3 0.05 0.8 0.3 0.05 0.8 0.5 0.1 0.05
1233 6.586339950561523 0.0 0.0 0.0 0.0 0.0 0.0 -0.030311340092396645 0.0 -1.088748249734976 0.1640921162812526 -0.2636693834262862 0.07012483601762931 0.0 0.0 0.0 -0.10811577080703318 -0.09756507986982954 -0.013082008267651013 -0.011805374664249375 0.0 0.0 0.0 0.0 10.200000000000008 0.0 0.07 10.200000000000008 0.0 0.07 0.3 0.05 0.8 0.3 0.05 0.8 0.5 0.1 0.05
1234 6.5915961265563965 0.0 0.0 0.0 0.0 0.0 0.0 -0.03030525311754698 0.0 -1.088746102646314 0.1640921162812526 -0.2636693834262862 0.07012483601762931 0.0 0.0 0.0 -0.10811577080703318 -0.09756507986982954 -0.013082008267651013 -0.011805374664249375 0.0 0.0 0.0 0.0 10.200000000000008 0.0 0.07 10.200000000000008 0.0 0.07 0.3 0.05 0.8 0.3 0.05 0.8 0.5 0.1 0.05
1235 6.596939325332642 0.0 0.0 0.0 0.0 0.0 0.0 -0.030224901675740205 0.0 -1.0887448143931169 0.1640921162812526 -0.2636693834262862 0.07012483601762931 0.0 0.0 0.0 -0.10811577080703318 -0.09756507986982954 -0.013082008267651013 -0.011805374664249375 0.0 0.0 0.0 0.0 10.200000000000008 0.0 0.07 10.200000000000008 0.0 0.07 0.3 0.05 0.8 0.3 0.05 0.8 0.5 0.1 0.05
1236 6.602191686630249 0.0 0.0 0.0 0.0 0.0 0.0 -0.030176690810656145 0.0 -1.0887440414411986 0.1640921162812526 -0.2636693834262862 0.07012483601762931 0.0 0.0 0.0 -0.10811577080703318 -0.09756507986982954 -0.013082008267651013 -0.011805374664249375 0.0 0.0 0.0 0.0 10.200000000000008 0.0 0.07 10.200000000000008 0.0 0.07 0.3 0.05 0.8 0.3 0.05 0.8 0.5 0.1 0.05
1237 6.60741400718689 0.0 0.0 0.0 0.0 0.0 0.0 -0.030147764291605705 0.0 -1.0887435776700476 0.1640921162812526 -0.2636693834262862 0.07012483601762931 0.0 0.0 0.0 -0.10811577080703318 -0.09756507986982954 -0.013082008267651013 -0.011805374664249375 0.0 0.0 0.0 0.0 10.200000000000008 0.0 0.07 10.200000000000008 0.0 0.07 0.3 0.05 0.8 0.3 0.05 0.8 0.5 0.1 0.05
1238 6.612661600112915 0.0 0.0 0.0 0.0 0.0 0.0 -0.030130408380175444 0.0 -1.088743299407357 0.1640921162812526 -0.2636693834262862 0.07012483601762931 0.0 0.0 0.0 -0.10811577080703318 -0.09756507986982954 -0.013082008267651013 -0.011805374664249375 0.0 0.0 0.0 0.0 10.200000000000008 0.0 0.07 10.200000000000008 0.0 0.07 0.3 0.05 0.8 0.3 0.05 0.8 0.5 0.1 0.05
1239 6.6178624629974365 0.0 0.0 0.0 0.0 0.0 0.0 -0.030119994833317287 0.0 -1.0887431324497425 0.1640921162812526 -0.2636693834262862 0.07012483601762931 0.0 0.0 0.0 -0.10811577080703318 -0.09756507986982954 -0.013082008267651013 -0.011805374664249375 0.0 0.0 0.0 0.0 10.200000000000008 0.0 0.07 10.200000000000008 0.0 0.07 0.3 0.05 0.8 0.3 0.05 0.8 0.5 0.1 0.05
1240 6.6230621337890625 0.0 0.0 0.0 0.0 0.0 0.0 -0.030037047448305418 0.0 -1.0887430322751739 0.1640921162812526 -0.2636693834262862 0.07012483601762931 0.0 0.0 0.0 -0.10811577080703318 -0.09756507986982954 -0.013082008267651013 -0.011805374664249375 0.0 0.0 0.0 0.0 10.200000000000008 0.0 0.07 10.200000000000008 0.0 0.07 0.3 0.05 0.8 0.3 0.05 0.8 0.5 0.1 0.05
1241 6.628457307815552 0.0 0.0 0.0 0.0 0.0 0.0 -0.0299872790172983 0.0 -1.0887429721704327 0.1640921162812526 -0.2636693834262862 0.07012483601762931 0.0 0.0 0.0 -0.10811577080703318 -0.09756507986982954 -0.013082008267651013 -0.011805374664249375 0.0 0.0 0.0 0.0 10.200000000000008 0.0 0.07 10.200000000000008 0.0 0.07 0.3 0.05 0.8 0.3 0.05 0.8 0.5 0.1 0.05
1242 6.633734941482544 0.0 0.0 0.0 0.0 0.0 0.0 -0.029957417958694027 0.0 -1.088742936107588 0.1640921162812526 -0.2636693834262862 0.07012483601762931 0.0 0.0 0.0 -0.10811577080703318 -0.09756507986982954 -0.013082008267651013 -0.011805374664249375 0.0 0.0 0.0 0.0 10.200000000000008 0.0 0.07 10.200000000000008 0.0 0.07 0.3 0.05 0.8 0.3 0.05 0.8 0.5 0.1 0.05
1243 6.639057874679565 0.0 0.0 0.0 0.0 0.0 0.0 -0.029939501323531466 0.0 -1.088742914469881 0.1640921162812526 -0.2636693834262862 0.07012483601762931 0.0 0.0 0.0 -0.10811577080703318 -0.09756507986982954 -0.013082008267651013 -0.011805374664249375 0.0 0.0 0.0 0.0 10.200000000000008 0.0 0.07 10.200000000000008 0.0 0.07 0.3 0.05 0.8 0.3 0.05 0.8 0.5 0.1 0.05
1244 6.644474744796753 0.0 0.0 0.0 0.0 0.0 0.0 -0.029928751342433925 0.0 -1.0887429014872572 0.1640921162812526 -0.2636693834262862 0.07012483601762931 0.0 0.0 0.0 -0.10811577080703318 -0.09756507986982954 -0.013082008267651013 -0.011805374664249375 0.0 0.0 0.0 0.0 10.200000000000008 0.0 0.07 10.200000000000008 0.0 0.07 0.3 0.05 0.8 0.3 0.05 0.8 0.5 0.1 0.05
1245 6.64978289604187 0.0 0.0 0.0 0.0 0.0 0.0 -0.029922301353775403 0.0 -1.0887428936976828 0.1640921162812526 -0.2636693834262862 0.07012483601762931 0.0 0.0 0.0 -0.10811577080703318 -0.09756507986982954 -0.013082008267651013 -0.011805374664249375 0.0 0.0 0.0 0.0 10.200000000000008 0.0 0.07 10.200000000000008 0.0 0.07 0.3 0.05 0.8 0.3 0.05 0.8 0.5 0.1 0.05
1246 6.655014991760254 0.0 0.0 0.0 0.0 0.0 0.0 -0.02991843136058029 0.0 -1.0887428890239381 0.1640921162812526 -0.2636693834262862 0.07012483601762931 0.0 0.0 0.0 -0.10811577080703318 -0.09756507986982954 -0.013082008267651013 -0.011805374664249375 0.0 0.0 0.0 0.0 10.200000000000008 0.0 0.07 10.200000000000008 0.0 0.07 0.3 0.05 0.8 0.3 0.05 0.8 0.5 0.1 0.05
1247 6.660261392593384 0.0 0.0 0.0 0.0 0.0 0.0 -0.02991610936466322 0.0 -1.0887428862196913 0.1640921162812526 -0.2636693834262862 0.07012483601762931 0.0 0.0 0.0 -0.10811577080703318 -0.09756507986982954 -0.013082008267651013 -0.011805374664249375 0.0 0.0 0.0 0.0 10.200000000000008 0.0 0.07 10.200000000000008 0.0 0.07 0.3 0.05 0.8 0.3 0.05 0.8 0.5 0.1 0.05
1248 6.665508985519409 0.0 0.0 0.0 0.0 0.0 0.0 -0.029838016910216005 0.0 -1.0887428845371432 0.1640921162812526 -0.2636693834262862 0.07012483601762931 0.0 0.0 0.0 -0.10811577080703318 -0.09756507986982954 -0.013082008267651013 -0.011805374664249375 0.0 0.0 0.0 0.0 10.200000000000008 0.0 0.07 10.200000000000008 0.0 0.07 0.3 0.05 0.8 0.3 0.05 0.8 0.5 0.1 0.05
1249 6.670737266540527 0.0 0.0 0.0 0.0 0.0 0.0 -0.02979116143754768 0.0 -1.0887428835276143 0.1640921162812526 -0.2636693834262862 0.07012483601762931 0.0 0.0 0.0 -0.10811577080703318 -0.09756507986982954 -0.013082008267651013 -0.011805374664249375 0.0 0.0 0.0 0.0 10.200000000000008 0.0 0.07 10.200000000000008 0.0 0.07 0.3 0.05 0.8 0.3 0.05 0.8 0.5 0.1 0.05
1250 6.675999402999878 0.0 0.0 0.0 0.0 0.0 0.0 -0.029763048153946682 0.0 -1.0887428829218968 0.1640921162812526 -0.2636693834262862 0.07012483601762931 0.0 0.0 0.0 -0.10811577080703318 -0.09756507986982954 -0.013082008267651013 -0.011805374664249375 0.0 0.0 0.0 0.0 10.200000000000008 0.0 0.07 10.200000000000008 0.0 0.07 0.3 0.05 0.8 0.3 0.05 0.8 0.5 0.1 0.05
1251 6.681364297866821 0.0 0.0 0.0 0.0 0.0 0.0 -0.029746180183786084 0.0 -1.0887428825584666 0.1640921162812526 -0.2636693834262862 0.07012483601762931 0.0 0.0 0.0 -0.10811577080703318 -0.09756507986982954 -0.013082008267651013 -0.011805374664249375 0.0 0.0 0.0 0.0 10.200000000000008 0.0 0.07 10.200000000000008 0.0 0.07 0.3 0.05 0.8 0.3 0.05 0.8 0.5 0.1 0.05
1252 6.686641693115234 0.0 0.0 0.0 0.0 0.0 0.0 -0.029736059401689725 0.0 -1.0887428823404084 0.1640921162812526 -0.2636693834262862 0.07012483601762931 0.0 0.0 0.0 -0.10811577080703318 -0.09756507986982954 -0.013082008267651013 -0.011805374664249375 0.0 0.0 0.0 0.0 10.200000000000008 0.0 0.07 10.200000000000008 0.0 0.07 0.3 0.05 0.8 0.3 0.05 0.8 0.5 0.1 0.05
1253 6.691984176635742 0.0 0.0 0.0 0.0 0.0 0.0 -0.02972998693243191 0.0 -1.0887428822095733 0.1640921162812526 -0.2636693834262862 0.07012483601762931 0.0 0.0 0.0 -0.10811577080703318 -0.09756507986982954 -0.013082008267651013 -0.011805374664249375 0.0 0.0 0.0 0.0 10.200000000000008 0.0 0.07 10.200000000000008 0.0 0.07 0.3 0.05 0.8 0.3 0.05 0.8 0.5 0.1 0.05
1254 6.697237014770508 0.0 0.0 0.0 0.0 0.0 0.0 -0.02972634345087722 0.0 -1.0887428821310725 0.1640921162812526 -0.2636693834262862 0.07012483601762931 0.0 0.0 0.0 -0.10811577080703318 -0.09756507986982954 -0.013082008267651013 -0.011805374664249375 0.0 0.0 0.0 0.0 10.200000000000008 0.0 0.07 10.200000000000008 0.0 0.07 0.3 0.05 0.8 0.3 0.05 0.8 0.5 0.1 0.05
1255 6.702632188796997 0.0 0.0 0.0 0.0 0.0 0.0 -0.029724157361944406 0.0 -1.088742882083972 0.1640921162812526 -0.2636693834262862 0.07012483601762931 0.0 0.0 0.0 -0.10811577080703318 -0.09756507986982954 -0.013082008267651013 -0.011805374664249375 0.0 0.0 0.0 0.0 10.200000000000008 0.0 0.07 10.200000000000008 0.0 0.07 0.3 0.05 0.8 0.3 0.05 0.8 0.5 0.1 0.05
1256 6.7079246044158936 0.0 0.0 0.0 0.0 0.0 0.0 -0.029646146451687748 0.0 -1.0887428820557115 0.1640921162812526 -0.2636693834262862 0.07012483601762931 0.0 0.0 0.0 -0.10811577080703318 -0.09756507986982954 -0.013082008267651013 -0.011805374664249375 0.0 0.0 0.0 0.0 10.200000000000008 0.0 0.07 10.200000000000008 0.0 0.07 0.3 0.05 0.8 0.3 0.05 0.8 0.5 0.1 0.05
1257 6.7131664752960205 0.0 0.0 0.0 0.0 0.0 0.0 -0.02959933990553375 0.0 -1.0887428820387552 0.1640921162812526 -0.2636693834262862 0.07012483601762931 0.0 0.0 0.0 -0.10811577080703318 -0.09756507986982954 -0.013082008267651013 -0.011805374664249375 0.0 0.0 0.0 0.0 10.200000000000008 0.0 0.07 10.200000000000008 0.0 0.07 0.3 0.05 0.8 0.3 0.05 0.8 0.5 0.1 0.05
1258 6.718385219573975 0.0 0.0 0.0 0.0 0.0 0.0 -0.029571255977841354 0.0 -1.0887428820285816 0.1640921162812526 -0.2636693834262862 0.07012483601762931 0.0 0.0 0.0 -0.10811577080703318 -0.09756507986982954 -0.013082008267651013 -0.011805374664249375 0.0 0.0 0.0 0.0 10.200000000000008 0.0 0.07 10.200000000000008 0.0 0.07 0.3 0.05 0.8 0.3 0.05 0.8 0.5 0.1 0.05
1259 6.7236082553863525 0.0 0.0 0.0 0.0 0.0 0.0 -0.029554405621225917 0.0 -1.0887428820224774 0.1640921162812526 -0.2636693834262862 0.07012483601762931 0.0 0.0 0.0 -0.10811577080703318 -0.09756507986982954 -0.013082008267651013 -0.011805374664249375 0.0 0.0 0.0 0.0 10.200000000000008 0.0 0.07 10.200000000000008 0.0 0.07 0.3 0.05 0.8 0.3 0.05 0.8 0.5 0.1 0.05
1260 6.728846549987793 0.0 0.0 0.0 0.0 0.0 0.0 -0.029544295407256654 0.0 -1.0887428820188148 0.1640921162812526 -0.2636693834262862 0.07012483601762931 0.0 0.0 0.0 -0.10811577080703318 -0.09756507986982954 -0.013082008267651013 -0.011805374664249375 0.0 0.0 0.0 0.0 10.200000000000008 0.0 0.07 10.200000000000008 0.0 0.07 0.3 0.05 0.8 0.3 0.05 0.8 0.5 0.1 0.05
1261 6.734179735183716 0.0 0.0 0.0 0.0 0.0 0.0 -0.029538229278875096 0.0 -1.0887428820166174 0.1640921162812526 -0.2636693834262862 0.07012483601762931 0.0 0.0 0.0 -0.10811577080703318 -0.09756507986982954 -0.013082008267651013 -0.011805374664249375 0.0 0.0 0.0 0.0 10.200000000000008 0.0 0.07 10.200000000000008 0.0 0.07 0.3 0.05 0.8 0.3 0.05 0.8 0.5 0.1 0.05
1262 6.7394514083862305 0.0 0.0 0.0 0.0 0.0 0.0 -0.02953458960184616 0.0 -1.088742882015299 0.1640921162812526 -0.2636693834262862 0.07012483601762931 0.0 0.0 0.0 -0.10811577080703318 -0.09756507986982954 -0.013082008267651013 -0.011805374664249375 0.0 0.0 0.0 0.0 10.200000000000008 0.0 0.07 10.200000000000008 0.0 0.07 0.3 0.05 0.8 0.3 0.05 0.8 0.5 0.1 0.05
1263 6.744785308837891 0.0 0.0 0.0 0.0 0.0 0.0 -0.02945570802884795 0.0 -1.0887428820145078 0.1640921162812526 -0.2636693834262862 0.07012483601762931 0.0 0.0 0.0 -0.10811577080703318 -0.09756507986982954 -0.013082008267651013 -0.011805374664249375 0.0 0.0 0.0 0.0 10.200000000000008 0.0 0.07 10.200000000000008 0.0 0.07 0.3 0.05 0.8 0.3 0.05 0.8 0.5 0.1 0.05
1264 6.750115156173706 0.0 0.0 0.0 0.0 0.0 0.0 -0.029408379085049022 0.0 -1.088742882014033 0.1640921162812526 -0.2636693834262862 0.07012483601762931 0.0 0.0 0.0 -0.10811577080703318 -0.09756507986982954 -0.013082008267651013 -0.011805374664249375 0.0 0.0 0.0 0.0 10.200000000000008 0.0 0.07 10.200000000000008 0.0 0.07 0.3 0.05 0.8 0.3 0.05 0.8 0.5 0.1 0.05
1265 6.755451202392578 0.0 0.0 0.0 0.0 0.0 0.0 -0.02937998171876966 0.0 -1.0887428820137481 0.1640921162812526 -0.2636693834262862 0.07012483601762931 0.0 0.0 0.0 -0.10811577080703318 -0.09756507986982954 -0.013082008267651013 -0.011805374664249375 0.0 0.0 0.0 0.0 10.200000000000008 0.0 0.07 10.200000000000008 0.0 0.07 0.3 0.05 0.8 0.3 0.05 0.8 0.5 0.1 0.05
1266 6.760747194290161 0.0 0.0 0.0 0.0 0.0 0.0 -0.029362943299002048 0.0 -1.0887428820135772 0.1640921162812526 -0.2636693834262862 0.07012483601762931 0.0 0.0 0.0 -0.10811577080703318 -0.09756507986982954 -0.013082008267651013 -0.011805374664249375 0.0 0.0 0.0 0.0 10.200000000000008 0.0 0.07 10.200000000000008 0.0 0.07 0.3 0.05 0.8 0.3 0.05 0.8 0.5 0.1 0.05
1267 6.765973806381226 0.0 0.0 0.0 0.0 0.0 0.0 -0.02935272024714148 0.0 -1.0887428820134746 0.1640921162812526 -0.2636693834262862 0.07012483601762931 0.0 0.0 0.0 -0.10811577080703318 -0.09756507986982954 -0.013082008267651013 -0.011805374664249375 0.0 0.0 0.0 0.0 10.200000000000008 0.0 0.07 10.200000000000008 0.0 0.07 0.3 0.05 0.8 0.3 0.05 0.8 0.5 0.1 0.05
1268 6.771224498748779 0.0 0.0 0.0 0.0 0.0 0.0 -0.02934658641602514 0.0 -1.0887428820134133 0.1640921162812526 -0.2636693834262862 0.07012483601762931 0.0 0.0 0.0 -0.10811577080703318 -0.09756507986982954 -0.013082008267651013 -0.011805374664249375 0.0 0.0 0.0 0.0 10.200000000000008 0.0 0.07 10.200000000000008 0.0 0.07 0.3 0.05 0.8 0.3 0.05 0.8 0.5 0.1 0.05
1269 6.77644419670105 0.0 0.0 0.0 0.0 0.0 0.0 -0.029342906117355336 0.0 -1.0887428820133764 0.1640921162812526 -0.2636693834262862 0.07012483601762931 0.0 0.0 0.0 -0.10811577080703318 -0.09756507986982954 -0.013082008267651013 -0.011805374664249375 0.0 0.0 0.0 0.0 10.200000000000008 0.0 0.07 10.200000000000008 0.0 0.07 0.3 0.05 0.8 0.3 0.05 0.8 0.5 0.1 0.05
1270 6.781713962554932 0.0 0.0 0.0 0.0 0.0 0.0 -0.02934069793815345 0.0 -1.0887428820133542 0.1640921162812526 -0.2636693834262862 0.07012483601762931 0.0 0.0 0.0 -0.10811577080703318 -0.09756507986982954 -0.013082008267651013 -0.011805374664249375 0.0 0.0 0.0 0.0 10.200000000000008 0.0 0.07 10.200000000000008 0.0 0.07 0.3 0.05 0.8 0.3 0.05 0.8 0.5 0.1 0.05
1271 6.787064075469971 0.0 0.0 0.0 0.0 0.0 0.0 -0.029262673773735346 0.0 -1.088742882013341 0.1640921162812526 -0.2636693834262862 0.07012483601762931 0.0 0.0 0.0 -0.10811577080703318 -0.09756507986982954 -0.013082008267651013 -0.011805374664249375 0.0 0.0 0.0 0.0 10.200000000000008 0.0 0.07 10.200000000000008 0.0 0.07 0.3 0.05 0.8 0.3 0.05 0.8 0.5 0.1 0.05
1272 6.79235577583313 0.0 0.0 0.0 0.0 0.0 0.0 -0.029215859275084483 0.0 -1.088742882013333 0.1640921162812526 -0.2636693834262862 0.07012483601762931 0.0 0.0 0.0 -0.10811577080703318 -0.09756507986982954 -0.013082008267651013 -0.011805374664249375 0.0 0.0 0.0 0.0 10.200000000000008 0.0 0.07 10.200000000000008 0.0 0.07 0.3 0.05 0.8 0.3 0.05 0.8 0.5 0.1 0.05
1273 6.797741413116455 0.0 0.0 0.0 0.0 0.0 0.0 -0.029187770575893966 0.0 -1.088742882013328 0.1640921162812526 -0.2636693834262862 0.07012483601762931 0.0 0.0 0.0 -0.10811577080703318 -0.09756507986982954 -0.013082008267651013 -0.011805374664249375 0.0 0.0 0.0 0.0 10.200000000000008 0.0 0.07 10.200000000000008 0.0 0.07 0.3 0.05 0.8 0.3 0.05 0.8 0.5 0.1 0.05
1274 6.8030054569244385 0.0 0.0 0.0 0.0 0.0 0.0 -0.029170917356379656 0.0 -1.0887428820133254 0.1640921162812526 -0.2636693834262862 0.07012483601762931 0.0 0.0 0.0 -0.10811577080703318 -0.09756507986982954 -0.013082008267651013 -0.011805374664249375 0.0 0.0 0.0 0.0 10.200000000000008 0.0 0.07 10.200000000000008 0.0 0.07 0.3 0.05 0.8 0.3 0.05 0.8 0.5 0.1 0.05
1275 6.808296203613281 0.0 0.0 0.0 0.0 0.0 0.0 -0.02916080542467107 0.0 -1.0887428820133236 0.1640921162812526 -0.2636693834262862 0.07012483601762931 0.0 0.0 0.0 -0.10811577080703318 -0.09756507986982954 -0.013082008267651013 -0.011805374664249375 0.0 0.0 0.0 0.0 10.200000000000008 0.0 0.07 10.200000000000008 0.0 0.07 0.3 0.05 0.8 0.3 0.05 0.8 0.5 0.1 0.05
1276 6.813561677932739 0.0 0.0 0.0 0.0 0.0 0.0 -0.029154738265645918 0.0 -1.0887428820133227 0.1640921162812526 -0.2636693834262862 0.07012483601762931 0.0 0.0 0.0 -0.10811577080703318 -0.09756507986982954 -0.013082008267651013 -0.011805374664249375 0.0 0.0 0.0 0.0 10.200000000000008 0.0 0.07 10.200000000000008 0.0 0.07 0.3 0.05 0.8 0.3 0.05 0.8 0.5 0.1 0.05
1277 6.818779230117798 0.0 0.0 0.0 0.0 0.0 0.0 -0.029151097970230827 0.0 -1.088742882013322 0.1640921162812526 -0.2636693834262862 0.07012483601762931 0.0 0.0 0.0 -0.10811577080703318 -0.09756507986982954 -0.013082008267651013 -0.011805374664249375 0.0 0.0 0.0 0.0 10.200000000000008 0.0 0.07 10.200000000000008 0.0 0.07 0.3 0.05 0.8 0.3 0.05 0.8 0.5 0.1 0.05
1278 6.824010848999023 0.0 0.0 0.0 0.0 0.0 0.0 -0.029148913792981773 0.0 -1.0887428820133216 0.1640921162812526 -0.2636693834262862 0.07012483601762931 0.0 0.0 0.0 -0.10811577080703318 -0.09756507986982954 -0.013082008267651013 -0.011805374664249375 0.0 0.0 0.0 0.0 10.200000000000008 0.0 0.07 10.200000000000008 0.0 0.07 0.3 0.05 0.8 0.3 0.05 0.8 0.5 0.1 0.05
1279 6.829244613647461 0.0 0.0 0.0 0.0 0.0 0.0 -0.02914760328663234 0.0 -1.0887428820133214 0.1640921162812526 -0.2636693834262862 0.07012483601762931 0.0 0.0 0.0 -0.10811577080703318 -0.09756507986982954 -0.013082008267651013 -0.011805374664249375 0.0 0.0 0.0 0.0 10.200000000000008 0.0 0.07 10.200000000000008 0.0 0.07 0.3 0.05 0.8 0.3 0.05 0.8 0.5 0.1 0.05
1280 6.83446741104126 0.0 0.0 0.0 0.0 0.0 0.0 -0.029070117725925708 0.0 -1.0887428820133214 0.1640921162812526 -0.2636693834262862 0.07012483601762931 0.0 0.0 0.0 -0.10811577080703318 -0.09756507986982954 -0.013082008267651013 -0.011805374664249375 0.0 0.0 0.0 0.0 10.200000000000008 0.0 0.07 10.200000000000008 0.0 0.07 0.3 0.05 0.8 0.3 0.05 0.8 0.5 0.1 0.05
1281 6.839840650558472 0.0 0.0 0.0 0.0 0.0 0.0 -0.02902362638950173 0.0 -1.0887428820133214 0.1640921162812526 -0.2636693834262862 0.07012483601762931 0.0 0.0 0.0 -0.10811577080703318 -0.09756507986982954 -0.013082008267651013 -0.011805374664249375 0.0 0.0 0.0 0.0 10.200000000000008 0.0 0.07 10.200000000000008 0.0 0.07 0.3 0.05 0.8 0.3 0.05 0.8 0.5 0.1 0.05
1282 6.845127105712891 0.0 0.0 0.0 0.0 0.0 0.0 -0.02899573158764734 0.0 -1.0887428820133214 0.1640921162812526 -0.2636693834262862 0.07012483601762931 0.0 0.0 0.0 -0.10811577080703318 -0.09756507986982954 -0.013082008267651013 -0.011805374664249375 0.0 0.0 0.0 0.0 10.200000000000008 0.0 0.07 10.200000000000008 0.0 0.07 0.3 0.05 0.8 0.3 0.05 0.8 0.5 0.1 0.05
1283 6.850635528564453 0.0 0.0 0.0 0.0 0.0 0.0 -0.02897899470653471 0.0 -1.0887428820133214 0.1640921162812526 -0.2636693834262862 0.07012483601762931 0.0 0.0 0.0 -0.10811577080703318 -0.09756507986982954 -0.013082008267651013 -0.011805374664249375 0.0 0.0 0.0 0.0 10.200000000000008 0.0 0.07 10.200000000000008 0.0 0.07 0.3 0.05 0.8 0.3 0.05 0.8 0.5 0.1 0.05
1284 6.855918884277344 0.0 0.0 0.0 0.0 0.0 0.0 -0.028968952577867132 0.0 -1.0887428820133214 0.1640921162812526 -0.2636693834262862 0.07012483601762931 0.0 0.0 0.0 -0.10811577080703318 -0.09756507986982954 -0.013082008267651013 -0.011805374664249375 0.0 0.0 0.0 0.0 10.200000000000008 0.0 0.07 10.200000000000008 0.0 0.07 0.3 0.05 0.8 0.3 0.05 0.8 0.5 0.1 0.05
1285 6.8612518310546875 0.0 0.0 0.0 0.0 0.0 0.0 -0.028962927300666585 0.0 -1.0887428820133214 0.1640921162812526 -0.2636693834262862 0.07012483601762931 0.0 0.0 0.0 -0.10811577080703318 -0.09756507986982954 -0.013082008267651013 -0.011805374664249375 0.0 0.0 0.0 0.0 10.200000000000008 0.0 0.07 10.200000000000008 0.0 0.07 0.3 0.05 0.8 0.3 0.05 0.8 0.5 0.1 0.05
1286 6.866539001464844 0.0 0.0 0.0 0.0 0.0 0.0 -0.028959312134346254 0.0 -1.0887428820133214 0.1640921162812526 -0.2636693834262862 0.07012483601762931 0.0 0.0 0.0 -0.10811577080703318 -0.09756507986982954 -0.013082008267651013 -0.011805374664249375 0.0 0.0 0.0 0.0 10.200000000000008 0.0 0.07 10.200000000000008 0.0 0.07 0.3 0.05 0.8 0.3 0.05 0.8 0.5 0.1 0.05
1287 6.871877193450928 0.0 0.0 0.0 0.0 0.0 0.0 -0.028957143034554055 0.0 -1.0887428820133214 0.1640921162812526 -0.2636693834262862 0.07012483601762931 0.0 0.0 0.0 -0.10811577080703318 -0.09756507986982954 -0.013082008267651013 -0.011805374664249375 0.0 0.0 0.0 0.0 10.200000000000008 0.0 0.07 10.200000000000008 0.0 0.07 0.3 0.05 0.8 0.3 0.05 0.8 0.5 0.1 0.05
1288 6.877141952514648 0.0 0.0 0.0 0.0 0.0 0.0 -0.028955841574678738 0.0 -1.0887428820133214 0.1640921162812526 -0.2636693834262862 0.07012483601762931 0.0 0.0 0.0 -0.10811577080703318 -0.09756507986982954 -0.013082008267651013 -0.011805374664249375 0.0 0.0 0.0 0.0 10.200000000000008 0.0 0.07 10.200000000000008 0.0 0.07 0.3 0.05 0.8 0.3 0.05 0.8 0.5 0.1 0.05
1289 6.882368326187134 0.0 0.0 0.0 0.0 0.0 0.0 -0.028955060698753546 0.0 -1.0887428820133214 0.1640921162812526 -0.2636693834262862 0.07012483601762931 0.0 0.0 0.0 -0.10811577080703318 -0.09756507986982954 -0.013082008267651013 -0.011805374664249375 0.0 0.0 0.0 0.0 10.200000000000008 0.0 0.07 10.200000000000008 0.0 0.07 0.3 0.05 0.8 0.3 0.05 0.8 0.5 0.1 0.05
1290 6.887600898742676 0.0 0.0 0.0 0.0 0.0 0.0 -0.02887789291630146 0.0 -1.0887428820133214 0.1640921162812526 -0.2636693834262862 0.07012483601762931 0.0 0.0 0.0 -0.10811577080703318 -0.09756507986982954 -0.013082008267651013 -0.011805374664249375 0.0 0.0 0.0 0.0 10.200000000000008 0.0 0.07 10.200000000000008 0.0 0.07 0.3 0.05 0.8 0.3 0.05 0.8 0.5 0.1 0.05
1291 6.892970323562622 0.0 0.0 0.0 0.0 0.0 0.0 -0.02883159224683021 0.0 -1.0887428820133214 0.1640921162812526 -0.2636693834262862 0.07012483601762931 0.0 0.0 0.0 -0.10811577080703318 -0.09756507986982954 -0.013082008267651013 -0.011805374664249375 0.0 0.0 0.0 0.0 10.200000000000008 0.0 0.07 10.200000000000008 0.0 0.07 0.3 0.05 0.8 0.3 0.05 0.8 0.5 0.1 0.05
1292 6.898254632949829 0.0 0.0 0.0 0.0 0.0 0.0 -0.028803811845147458 0.0 -1.0887428820133214 0.1640921162812526 -0.2636693834262862 0.07012483601762931 0.0 0.0 0.0 -0.10811577080703318 -0.09756507986982954 -0.013082008267651013 -0.011805374664249375 0.0 0.0 0.0 0.0 10.200000000000008 0.0 0.07 10.200000000000008 0.0 0.07 0.3 0.05 0.8 0.3 0.05 0.8 0.5 0.1 0.05
1293 6.903550863265991 0.0 0.0 0.0 0.0 0.0 0.0 -0.028787143604137807 0.0 -1.0887428820133214 0.1640921162812526 -0.2636693834262862 0.07012483601762931 0.0 0.0 0.0 -0.10811577080703318 -0.09756507986982954 -0.013082008267651013 -0.011805374664249375 0.0 0.0 0.0 0.0 10.200000000000008 0.0 0.07 10.200000000000008 0.0 0.07 0.3 0.05 0.8 0.3 0.05 0.8 0.5 0.1 0.05
1294 6.908812046051025 0.0 0.0 0.0 0.0 0.0 0.0 -0.028777142659532018 0.0 -1.0887428820133214 0.1640921162812526 -0.2636693834262862 0.07012483601762931 0.0 0.0 0.0 -0.10811577080703318 -0.09756507986982954 -0.013082008267651013 -0.011805374664249375 0.0 0.0 0.0 0.0 10.200000000000008 0.0 0.07 10.200000000000008 0.0 0.07 0.3 0.05 0.8 0.3 0.05 0.8 0.5 0.1 0.05
1295 6.914169788360596 0.0 0.0 0.0 0.0 0.0 0.0 -0.028771142092768542 0.0 -1.0887428820133214 0.1640921162812526 -0.2636693834262862 0.07012483601762931 0.0 0.0 0.0 -0.10811577080703318 -0.09756507986982954 -0.013082008267651013 -0.011805374664249375 0.0 0.0 0.0 0.0 10.200000000000008 0.0 0.07 10.200000000000008 0.0 0.07 0.3 0.05 0.8 0.3 0.05 0.8 0.5 0.1 0.05
1296 6.919454574584961 0.0 0.0 0.0 0.0 0.0 0.0 -0.028767541752710457 0.0 -1.0887428820133214 0.1640921162812526 -0.2636693834262862 0.07012483601762931 0.0 0.0 0.0 -0.10811577080703318 -0.09756507986982954 -0.013082008267651013 -0.011805374664249375 0.0 0.0 0.0 0.0 10.200000000000008 0.0 0.07 10.200000000000008 0.0 0.07 0.3 0.05 0.8 0.3 0.05 0.8 0.5 0.1 0.05
1297 6.9246907234191895 0.0 0.0 0.0 0.0 0.0 0.0 -0.028765381548675608 0.0 -1.0887428820133214 0.1640921162812526 -0.2636693834262862 0.07012483601762931 0.0 0.0 0.0 -0.10811577080703318 -0.09756507986982954 -0.013082008267651013 -0.011805374664249375 0.0 0.0 0.0 0.0 10.200000000000008 0.0 0.07 10.200000000000008 0.0 0.07 0.3 0.05 0.8 0.3 0.05 0.8 0.5 0.1 0.05
1298 6.929932355880737 0.0 0.0 0.0 0.0 0.0 0.0 -0.028764085426254696 0.0 -1.0887428820133214 0.1640921162812526 -0.2636693834262862 0.07012483601762931 0.0 0.0 0.0 -0.10811577080703318 -0.09756507986982954 -0.013082008267651013 -0.011805374664249375 0.0 0.0 0.0 0.0 10.200000000000008 0.0 0.07 10.200000000000008 0.0 0.07 0.3 0.05 0.8 0.3 0.05 0.8 0.5 0.1 0.05
1299 6.935215711593628 0.0 0.0 0.0 0.0 0.0 0.0 -0.028686608495905173 0.0 -1.0887428820133214 0.1640921162812526 -0.2636693834262862 0.07012483601762931 0.0 0.0 0.0 -0.10811577080703318 -0.09756507986982954 -0.013082008267651013 -0.011805374664249375 0.0 0.0 0.0 0.0 10.200000000000008 0.0 0.07 10.200000000000008 0.0 0.07 0.3 0.05 0.8 0.3 0.05 0.8 0.5 0.1 0.05
1300 6.940426826477051 0.0 0.0 0.0 0.0 0.0 0.0 -0.028640122337695466 0.0 -1.0887428820133214 0.1640921162812526 -0.2636693834262862 0.07012483601762931 0.0 0.0 0.0 -0.10811577080703318 -0.09756507986982954 -0.013082008267651013 -0.011805374664249375 0.0 0.0 0.0 0.0 10.200000000000008 0.0 0.07 10.200000000000008 0.0 0.07 0.3 0.05 0.8 0.3 0.05 0.8 0.5 0.1 0.05
1301 6.9457597732543945 0.0 0.0 0.0 0.0 0.0 0.0 -0.02861223064276964 0.0 -1.0887428820133214 0.1640921162812526 -0.2636693834262862 0.07012483601762931 0.0 0.0 0.0 -0.10811577080703318 -0.09756507986982954 -0.013082008267651013 -0.011805374664249375 0.0 0.0 0.0 0.0 10.200000000000008 0.0 0.07 10.200000000000008 0.0 0.07 0.3 0.05 0.8 0.3 0.05 0.8 0.5 0.1 0.05
1302 6.9511120319366455 0.0 0.0 0.0 0.0 0.0 0.0 -0.028595495625814142 0.0 -1.0887428820133214 0.1640921162812526 -0.2636693834262862 0.07012483601762931 0.0 0.0 0.0 -0.10811577080703318 -0.09756507986982954 -0.013082008267651013 -0.011805374664249375 0.0 0.0 0.0 0.0 10.200000000000008 0.0 0.07 10.200000000000008 0.0 0.07 0.3 0.05 0.8 0.3 0.05 0.8 0.5 0.1 0.05
1303 6.956538915634155 0.0 0.0 0.0 0.0 0.0 0.0 -0.028585454615640847 0.0 -1.0887428820133214 0.1640921162812526 -0.2636693834262862 0.07012483601762931 0.0 0.0 0.0 -0.10811577080703318 -0.09756507986982954 -0.013082008267651013 -0.011805374664249375 0.0 0.0 0.0 0.0 10.200000000000008 0.0 0.07 10.200000000000008 0.0 0.07 0.3 0.05 0.8 0.3 0.05 0.8 0.5 0.1 0.05
1304 6.961895942687988 0.0 0.0 0.0 0.0 0.0 0.0 -0.028579430009536867 0.0 -1.0887428820133214 0.1640921162812526 -0.2636693834262862 0.07012483601762931 0.0 0.0 0.0 -0.10811577080703318 -0.09756507986982954 -0.013082008267651013 -0.011805374664249375 0.0 0.0 0.0 0.0 10.200000000000008 0.0 0.07 10.200000000000008 0.0 0.07 0.3 0.05 0.8 0.3 0.05 0.8 0.5 0.1 0.05
1305 6.967209815979004 0.0 0.0 0.0 0.0 0.0 0.0 -0.028575815245874478 0.0 -1.0887428820133214 0.1640921162812526 -0.2636693834262862 0.07012483601762931 0.0 0.0 0.0 -0.10811577080703318 -0.09756507986982954 -0.013082008267651013 -0.011805374664249375 0.0 0.0 0.0 0.0 10.200000000000008 0.0 0.07 10.200000000000008 0.0 0.07 0.3 0.05 0.8 0.3 0.05 0.8 0.5 0.1 0.05
1306 6.972615003585815 0.0 0.0 0.0 0.0 0.0 0.0 -0.028573646387677044 0.0 -1.0887428820133214 0.1640921162812526 -0.2636693834262862 0.07012483601762931 0.0 0.0 0.0 -0.10811577080703318 -0.09756507986982954 -0.013082008267651013 -0.011805374664249375 0.0 0.0 0.0 0.0 10.200000000000008 0.0 0.07 10.200000000000008 0.0 0.07 0.3 0.05 0.8 0.3 0.05 0.8 0.5 0.1 0.05
1307 6.9778733253479 0.0 0.0 0.0 0.0 0.0 0.0 -0.028572345072758583 0.0 -1.0887428820133214 0.1640921162812526 -0.2636693834262862 0.07012483601762931 0.0 0.0 0.0 -0.10811577080703318 -0.09756507986982954 -0.013082008267651013 -0.011805374664249375 0.0 0.0 0.0 0.0 10.200000000000008 0.0 0.07 10.200000000000008 0.0 0.07 0.3 0.05 0.8 0.3 0.05 0.8 0.5 0.1 0.05
1308 6.983184814453125 0.0 0.0 0.0 0.0 0.0 0.0 -0.028571564283807506 0.0 -1.0887428820133214 0.1640921162812526 -0.2636693834262862 0.07012483601762931 0.0 0.0 0.0 -0.10811577080703318 -0.09756507986982954 -0.013082008267651013 -0.011805374664249375 0.0 0.0 0.0 0.0 10.200000000000008 0.0 0.07 10.200000000000008 0.0 0.07 0.3 0.05 0.8 0.3 0.05 0.8 0.5 0.1 0.05
1309 6.988483428955078 0.0 0.0 0.0 0.0 0.0 0.0 -0.028494396553539893 0.0 -1.0887428820133214 0.1640921162812526 -0.2636693834262862 0.07012483601762931 0.0 0.0 0.0 -0.10811577080703318 -0.09756507986982954 -0.013082008267651013 -0.011805374664249375 0.0 0.0 0.0 0.0 10.200000000000008 0.0 0.07 10.200000000000008 0.0 0.07 0.3 0.05 0.8 0.3 0.05 0.8 0.5 0.1 0.05
1310 6.993715286254883 0.0 0.0 0.0 0.0 0.0 0.0 -0.02844809591537932 0.0 -1.0887428820133214 0.1640921162812526 -0.2636693834262862 0.07012483601762931 0.0 0.0 0.0 -0.10811577080703318 -0.09756507986982954 -0.013082008267651013 -0.011805374664249375 0.0 0.0 0.0 0.0 10.200000000000008 0.0 0.07 10.200000000000008 0.0 0.07 0.3 0.05 0.8 0.3 0.05 0.8 0.5 0.1 0.05
1311 6.99912166595459 0.0 0.0 0.0 0.0 0.0 0.0 -0.028420315532482976 0.0 -1.0887428820133214 0.1640921162812526 -0.2636693834262862 0.07012483601762931 0.0 0.0 0.0 -0.10811577080703318 -0.09756507986982954 -0.013082008267651013 -0.011805374664249375 0.0 0.0 0.0 0.0 10.200000000000008 0.0 0.07 10.200000000000008 0.0 0.07 0.3 0.05 0.8 0.3 0.05 0.8 0.5 0.1 0.05
1312 7.004395008087158 0.0 0.0 0.0 0.0 0.0 0.0 -0.028403647302745173 0.0 -1.0887428820133214 0.1640921162812526 -0.2636693834262862 0.07012483601762931 0.0 0.0 0.0 -0.10811577080703318 -0.09756507986982954 -0.013082008267651013 -0.011805374664249375 0.0 0.0 0.0 0.0 10.200000000000008 0.0 0.07 10.200000000000008 0.0 0.07 0.3 0.05 0.8 0.3 0.05 0.8 0.5 0.1 0.05
1313 7.009689569473267 0.0 0.0 0.0 0.0 0.0 0.0 -0.02839364636490249 0.0 -1.0887428820133214 0.1640921162812526 -0.2636693834262862 0.07012483601762931 0.0 0.0 0.0 -0.10811577080703318 -0.09756507986982954 -0.013082008267651013 -0.011805374664249375 0.0 0.0 0.0 0.0 10.200000000000008 0.0 0.07 10.200000000000008 0.0 0.07 0.3 0.05 0.8 0.3 0.05 0.8 0.5 0.1 0.05
1314 7.014973878860474 0.0 0.0 0.0 0.0 0.0 0.0 -0.02838764580219688 0.0 -1.0887428820133214 0.1640921162812526 -0.2636693834262862 0.07012483601762931 0.0 0.0 0.0 -0.10811577080703318 -0.09756507986982954 -0.013082008267651013 -0.011805374664249375 0.0 0.0 0.0 0.0 10.200000000000008 0.0 0.07 10.200000000000008 0.0 0.07 0.3 0.05 0.8 0.3 0.05 0.8 0.5 0.1 0.05
1315 7.020256519317627 0.0 0.0 0.0 0.0 0.0 0.0 -0.028384045464573515 0.0 -1.0887428820133214 0.1640921162812526 -0.2636693834262862 0.07012483601762931 0.0 0.0 0.0 -0.10811577080703318 -0.09756507986982954 -0.013082008267651013 -0.011805374664249375 0.0 0.0 0.0 0.0 10.200000000000008 0.0 0.07 10.200000000000008 0.0 0.07 0.3 0.05 0.8 0.3 0.05 0.8 0.5 0.1 0.05
1316 7.025650978088379 0.0 0.0 0.0 0.0 0.0 0.0 -0.028381885261999494 0.0 -1.0887428820133214 0.1640921162812526 -0.2636693834262862 0.07012483601762931 0.0 0.0 0.0 -0.10811577080703318 -0.09756507986982954 -0.013082008267651013 -0.011805374664249375 0.0 0.0 0.0 0.0 10.200000000000008 0.0 0.07 10.200000000000008 0.0 0.07 0.3 0.05 0.8 0.3 0.05 0.8 0.5 0.1 0.05
1317 7.030956745147705 0.0 0.0 0.0 0.0 0.0 0.0 -0.028380589140455083 0.0 -1.0887428820133214 0.1640921162812526 -0.2636693834262862 0.07012483601762931 0.0 0.0 0.0 -0.10811577080703318 -0.09756507986982954 -0.013082008267651013 -0.011805374664249375 0.0 0.0 0.0 0.0 10.200000000000008 0.0 0.07 10.200000000000008 0.0 0.07 0.3 0.05 0.8 0.3 0.05 0.8 0.5 0.1 0.05
1318 7.036242961883545 0.0 0.0 0.0 0.0 0.0 0.0 -0.028379811467528437 0.0 -1.0887428820133214 0.1640921162812526 -0.2636693834262862 0.07012483601762931 0.0 0.0 0.0 -0.10811577080703318 -0.09756507986982954 -0.013082008267651013 -0.011805374664249375 0.0 0.0 0.0 0.0 10.200000000000008 0.0 0.07 10.200000000000008 0.0 0.07 0.3 0.05 0.8 0.3 0.05 0.8 0.5 0.1 0.05
1319 7.041494846343994 0.0 0.0 0.0 0.0 0.0 0.0 -0.02837934486377245 0.0 -1.0887428820133214 0.1640921162812526 -0.2636693834262862 0.07012483601762931 0.0 0.0 0.0 -0.10811577080703318 -0.09756507986982954 -0.013082008267651013 -0.011805374664249375 0.0 0.0 0.0 0.0 10.200000000000008 0.0 0.07 10.200000000000008 0.0 0.07 0.3 0.05 0.8 0.3 0.05 0.8 0.5 0.1 0.05
1320 7.046762466430664 0.0 0.0 0.0 0.0 0.0 0.0 -0.028302365644621883 0.0 -1.0887428820133214 0.1640921162812526 -0.2636693834262862 0.07012483601762931 0.0 0.0 0.0 -0.10811577080703318 -0.09756507986982954 -0.013082008267651013 -0.011805374664249375 0.0 0.0 0.0 0.0 10.200000000000008 0.0 0.07 10.200000000000008 0.0 0.07 0.3 0.05 0.8 0.3 0.05 0.8 0.5 0.1 0.05
1321 7.05219578742981 0.0 0.0 0.0 0.0 0.0 0.0 -0.028256178113131542 0.0 -1.0887428820133214 0.1640921162812526 -0.2636693834262862 0.07012483601762931 0.0 0.0 0.0 -0.10811577080703318 -0.09756507986982954 -0.013082008267651013 -0.011805374664249375 0.0 0.0 0.0 0.0 10.200000000000008 0.0 0.07 10.200000000000008 0.0 0.07 0.3 0.05 0.8 0.3 0.05 0.8 0.5 0.1 0.05
1322 7.0578179359436035 0.0 0.0 0.0 0.0 0.0 0.0 -0.028228465594237338 0.0 -1.0887428820133214 0.1640921162812526 -0.2636693834262862 0.07012483601762931 0.0 0.0 0.0 -0.10811577080703318 -0.09756507986982954 -0.013082008267651013 -0.011805374664249375 0.0 0.0 0.0 0.0 10.200000000000008 0.0 0.07 10.200000000000008 0.0 0.07 0.3 0.05 0.8 0.3 0.05 0.8 0.5 0.1 0.05
1323 7.063120126724243 0.0 0.0 0.0 0.0 0.0 0.0 -0.028211838082900814 0.0 -1.0887428820133214 0.1640921162812526 -0.2636693834262862 0.07012483601762931 0.0 0.0 0.0 -0.10811577080703318 -0.09756507986982954 -0.013082008267651013 -0.011805374664249375 0.0 0.0 0.0 0.0 10.200000000000008 0.0 0.07 10.200000000000008 0.0 0.07 0.3 0.05 0.8 0.3 0.05 0.8 0.5 0.1 0.05
1324 7.068394660949707 0.0 0.0 0.0 0.0 0.0 0.0 -0.028201861576098903 0.0 -1.0887428820133214 0.1640921162812526 -0.2636693834262862 0.07012483601762931 0.0 0.0 0.0 -0.10811577080703318 -0.09756507986982954 -0.013082008267651013 -0.011805374664249375 0.0 0.0 0.0 0.0 10.200000000000008 0.0 0.07 10.200000000000008 0.0 0.07 0.3 0.05 0.8 0.3 0.05 0.8 0.5 0.1 0.05
1325 7.073653936386108 0.0 0.0 0.0 0.0 0.0 0.0 -0.028195875672017756 0.0 -1.0887428820133214 0.1640921162812526 -0.2636693834262862 0.07012483601762931 0.0 0.0 0.0 -0.10811577080703318 -0.09756507986982954 -0.013082008267651013 -0.011805374664249375 0.0 0.0 0.0 0.0 10.200000000000008 0.0 0.07 10.200000000000008 0.0 0.07 0.3 0.05 0.8 0.3 0.05 0.8 0.5 0.1 0.05
1326 7.078949213027954 0.0 0.0 0.0 0.0 0.0 0.0 -0.028192284129569065 0.0 -1.0887428820133214 0.1640921162812526 -0.2636693834262862 0.07012483601762931 0.0 0.0 0.0 -0.10811577080703318 -0.09756507986982954 -0.013082008267651013 -0.011805374664249375 0.0 0.0 0.0 0.0 10.200000000000008 0.0 0.07 10.200000000000008 0.0 0.07 0.3 0.05 0.8 0.3 0.05 0.8 0.5 0.1 0.05
1327 7.084219932556152 0.0 0.0 0.0 0.0 0.0 0.0 -0.028190129204099853 0.0 -1.0887428820133214 0.1640921162812526 -0.2636693834262862 0.07012483601762931 0.0 0.0 0.0 -0.10811577080703318 -0.09756507986982954 -0.013082008267651013 -0.011805374664249375 0.0 0.0 0.0 0.0 10.200000000000008 0.0 0.07 10.200000000000008 0.0 0.07 0.3 0.05 0.8 0.3 0.05 0.8 0.5 0.1 0.05
1328 7.08943772315979 0.0 0.0 0.0 0.0 0.0 0.0 -0.028188836248818325 0.0 -1.0887428820133214 0.1640921162812526 -0.2636693834262862 0.07012483601762931 0.0 0.0 0.0 -0.10811577080703318 -0.09756507986982954 -0.013082008267651013 -0.011805374664249375 0.0 0.0 0.0 0.0 10.200000000000008 0.0 0.07 10.200000000000008 0.0 0.07 0.3 0.05 0.8 0.3 0.05 0.8 0.5 0.1 0.05
1329 7.094628810882568 0.0 0.0 0.0 0.0 0.0 0.0 -0.02818806047564941 0.0 -1.0887428820133214 0.1640921162812526 -0.2636693834262862 0.07012483601762931 0.0 0.0 0.0 -0.10811577080703318 -0.09756507986982954 -0.013082008267651013 -0.011805374664249375 0.0 0.0 0.0 0.0 10.200000000000008 0.0 0.07 10.200000000000008 0.0 0.07 0.3 0.05 0.8 0.3 0.05 0.8 0.5 0.1 0.05
1330 7.099847078323364 0.0 0.0 0.0 0.0 0.0 0.0 -0.02818759501174806 0.0 -1.0887428820133214 0.1640921162812526 -0.2636693834262862 0.07012483601762931 0.0 0.0 0.0 -0.10811577080703318 -0.09756507986982954 -0.013082008267651013 -0.011805374664249375 0.0 0.0 0.0 0.0 10.200000000000008 0.0 0.07 10.200000000000008 0.0 0.07 0.3 0.05 0.8 0.3 0.05 0.8 0.5 0.1 0.05
1331 7.105240345001221 0.0 0.0 0.0 0.0 0.0 0.0 -0.028110617966626394 0.0 -1.0887428820133214 0.1640921162812526 -0.2636693834262862 0.07012483601762931 0.0 0.0 0.0 -0.10811577080703318 -0.09756507986982954 -0.013082008267651013 -0.011805374664249375 0.0 0.0 0.0 0.0 10.200000000000008 0.0 0.07 10.200000000000008 0.0 0.07 0.3 0.05 0.8 0.3 0.05 0.8 0.5 0.1 0.05
1332 7.110524892807007 0.0 0.0 0.0 0.0 0.0 0.0 -0.0280644317395534 0.0 -1.0887428820133214 0.1640921162812526 -0.2636693834262862 0.07012483601762931 0.0 0.0 0.0 -0.10811577080703318 -0.09756507986982954 -0.013082008267651013 -0.011805374664249375 0.0 0.0 0.0 0.0 10.200000000000008 0.0 0.07 10.200000000000008 0.0 0.07 0.3 0.05 0.8 0.3 0.05 0.8 0.5 0.1 0.05
1333 7.115863084793091 0.0 0.0 0.0 0.0 0.0 0.0 -0.028036720003309597 0.0 -1.0887428820133214 0.1640921162812526 -0.2636693834262862 0.07012483601762931 0.0 0.0 0.0 -0.10811577080703318 -0.09756507986982954 -0.013082008267651013 -0.011805374664249375 0.0 0.0 0.0 0.0 10.200000000000008 0.0 0.07 10.200000000000008 0.0 0.07 0.3 0.05 0.8 0.3 0.05 0.8 0.5 0.1 0.05
1334 7.121135711669922 0.0 0.0 0.0 0.0 0.0 0.0 -0.02802009296156332 0.0 -1.0887428820133214 0.1640921162812526 -0.2636693834262862 0.07012483601762931 0.0 0.0 0.0 -0.10811577080703318 -0.09756507986982954 -0.013082008267651013 -0.011805374664249375 0.0 0.0 0.0 0.0 10.200000000000008 0.0 0.07 10.200000000000008 0.0 0.07 0.3 0.05 0.8 0.3 0.05 0.8 0.5 0.1 0.05
1335 7.126398086547852 0.0 0.0 0.0 0.0 0.0 0.0 -0.02801011673651555 0.0 -1.0887428820133214 0.1640921162812526 -0.2636693834262862 0.07012483601762931 0.0 0.0 0.0 -0.10811577080703318 -0.09756507986982954 -0.013082008267651013 -0.011805374664249375 0.0 0.0 0.0 0.0 10.200000000000008 0.0 0.07 10.200000000000008 0.0 0.07 0.3 0.05 0.8 0.3 0.05 0.8 0.5 0.1 0.05
1336 7.131760835647583 0.0 0.0 0.0 0.0 0.0 0.0 -0.02800413100148689 0.0 -1.0887428820133214 0.1640921162812526 -0.2636693834262862 0.07012483601762931 0.0 0.0 0.0 -0.10811577080703318 -0.09756507986982954 -0.013082008267651013 -0.011805374664249375 0.0 0.0 0.0 0.0 10.200000000000008 0.0 0.07 10.200000000000008 0.0 0.07 0.3 0.05 0.8 0.3 0.05 0.8 0.5 0.1 0.05
1337 7.137033462524414 0.0 0.0 0.0 0.0 0.0 0.0 -0.028000539560469696 0.0 -1.0887428820133214 0.1640921162812526 -0.2636693834262862 0.07012483601762931 0.0 0.0 0.0 -0.10811577080703318 -0.09756507986982954 -0.013082008267651013 -0.011805374664249375 0.0 0.0 0.0 0.0 10.200000000000008 0.0 0.07 10.200000000000008 0.0 0.07 0.3 0.05 0.8 0.3 0.05 0.8 0.5 0.1 0.05
1338 7.142271995544434 0.0 0.0 0.0 0.0 0.0 0.0 -0.027998384695859378 0.0 -1.0887428820133214 0.1640921162812526 -0.2636693834262862 0.07012483601762931 0.0 0.0 0.0 -0.10811577080703318 -0.09756507986982954 -0.013082008267651013 -0.011805374664249375 0.0 0.0 0.0 0.0 10.200000000000008 0.0 0.07 10.200000000000008 0.0 0.07 0.3 0.05 0.8 0.3 0.05 0.8 0.5 0.1 0.05
1339 7.147493124008179 0.0 0.0 0.0 0.0 0.0 0.0 -0.02799709177709319 0.0 -1.0887428820133214 0.1640921162812526 -0.2636693834262862 0.07012483601762931 0.0 0.0 0.0 -0.10811577080703318 -0.09756507986982954 -0.013082008267651013 -0.011805374664249375 0.0 0.0 0.0 0.0 10.200000000000008 0.0 0.07 10.200000000000008 0.0 0.07 0.3 0.05 0.8 0.3 0.05 0.8 0.5 0.1 0.05
1340 7.152745246887207 0.0 0.0 0.0 0.0 0.0 0.0 -0.027996316025833475 0.0 -1.0887428820133214 0.1640921162812526 -0.2636693834262862 0.07012483601762931 0.0 0.0 0.0 -0.10811577080703318 -0.09756507986982954 -0.013082008267651013 -0.011805374664249375 0.0 0.0 0.0 0.0 10.200000000000008 0.0 0.07 10.200000000000008 0.0 0.07 0.3 0.05 0.8 0.3 0.05 0.8 0.5 0.1 0.05
1341 7.158656120300293 0.0 0.0 0.0 0.0 0.0 0.0 -0.027995850575077648 0.0 -1.0887428820133214 0.1640921162812526 -0.2636693834262862 0.07012483601762931 0.0 0.0 0.0 -0.10811577080703318 -0.09756507986982954 -0.013082008267651013 -0.011805374664249375 0.0 0.0 0.0 0.0 10.200000000000008 0.0 0.07 10.200000000000008 0.0 0.07 0.3 0.05 0.8 0.3 0.05 0.8 0.5 0.1 0.05
1342 7.164012670516968 0.0 0.0 0.0 0.0 0.0 0.0 -0.027918872047727174 0.0 -1.0887428820133214 0.1640921162812526 -0.2636693834262862 0.07012483601762931 0.0 0.0 0.0 -0.10811577080703318 -0.09756507986982954 -0.013082008267651013 -0.011805374664249375 0.0 0.0 0.0 0.0 10.200000000000008 0.0 0.07 10.200000000000008 0.0 0.07 0.3 0.05 0.8 0.3 0.05 0.8 0.5 0.1 0.05
1343 7.1693031787872314 0.0 0.0 0.0 0.0 0.0 0.0 -0.027872684931316893 0.0 -1.0887428820133214 0.1640921162812526 -0.2636693834262862 0.07012483601762931 0.0 0.0 0.0 -0.10811577080703318 -0.09756507986982954 -0.013082008267651013 -0.011805374664249375 0.0 0.0 0.0 0.0 10.200000000000008 0.0 0.07 10.200000000000008 0.0 0.07 0.3 0.05 0.8 0.3 0.05 0.8 0.5 0.1 0.05
1344 7.174535751342773 0.0 0.0 0.0 0.0 0.0 0.0 -0.02784497266147072 0.0 -1.0887428820133214 0.1640921162812526 -0.2636693834262862 0.07012483601762931 0.0 0.0 0.0 -0.10811577080703318 -0.09756507986982954 -0.013082008267651013 -0.011805374664249375 0.0 0.0 0.0 0.0 10.200000000000008 0.0 0.07 10.200000000000008 0.0 0.07 0.3 0.05 0.8 0.3 0.05 0.8 0.5 0.1 0.05
1345 7.17982816696167 0.0 0.0 0.0 0.0 0.0 0.0 -0.027828345299563018 0.0 -1.0887428820133214 0.1640921162812526 -0.2636693834262862 0.07012483601762931 0.0 0.0 0.0 -0.10811577080703318 -0.09756507986982954 -0.013082008267651013 -0.011805374664249375 0.0 0.0 0.0 0.0 10.200000000000008 0.0 0.07 10.200000000000008 0.0 0.07 0.3 0.05 0.8 0.3 0.05 0.8 0.5 0.1 0.05
1346 7.185182094573975 0.0 0.0 0.0 0.0 0.0 0.0 -0.0278183688824184 0.0 -1.0887428820133214 0.1640921162812526 -0.2636693834262862 0.07012483601762931 0.0 0.0 0.0 -0.10811577080703318 -0.09756507986982954 -0.013082008267651013 -0.011805374664249375 0.0 0.0 0.0 0.0 10.200000000000008 0.0 0.07 10.200000000000008 0.0 0.07 0.3 0.05 0.8 0.3 0.05 0.8 0.5 0.1 0.05
1347 7.190445423126221 0.0 0.0 0.0 0.0 0.0 0.0 -0.027812383032131627 0.0 -1.0887428820133214 0.1640921162812526 -0.2636693834262862 0.07012483601762931 0.0 0.0 0.0 -0.10811577080703318 -0.09756507986982954 -0.013082008267651013 -0.011805374664249375 0.0 0.0 0.0 0.0 10.200000000000008 0.0 0.07 10.200000000000008 0.0 0.07 0.3 0.05 0.8 0.3 0.05 0.8 0.5 0.1 0.05
1348 7.195750951766968 0.0 0.0 0.0 0.0 0.0 0.0 -0.027808791521959565 0.0 -1.0887428820133214 0.1640921162812526 -0.2636693834262862 0.07012483601762931 0.0 0.0 0.0 -0.10811577080703318 -0.09756507986982954 -0.013082008267651013 -0.011805374664249375 0.0 0.0 0.0 0.0 10.200000000000008 0.0 0.07 10.200000000000008 0.0 0.07 0.3 0.05 0.8 0.3 0.05 0.8 0.5 0.1 0.05
1349 7.20128321647644 0.0 0.0 0.0 0.0 0.0 0.0 -0.027806636615856327 0.0 -1.0887428820133214 0.1640921162812526 -0.2636693834262862 0.07012483601762931 0.0 0.0 0.0 -0.10811577080703318 -0.09756507986982954 -0.013082008267651013 -0.011805374664249375 0.0 0.0 0.0 0.0 10.200000000000008 0.0 0.07 10.200000000000008 0.0 0.07 0.3 0.05 0.8 0.3 0.05 0.8 0.5 0.1 0.05
1350 7.206855773925781 0.0 0.0 0.0 0.0 0.0 0.0 -0.027805343672194387 0.0 -1.0887428820133214 0.1640921162812526 -0.2636693834262862 0.07012483601762931 0.0 0.0 0.0 -0.10811577080703318 -0.09756507986982954 -0.013082008267651013 -0.011805374664249375 0.0 0.0 0.0 0.0 10.200000000000008 0.0 0.07 10.200000000000008 0.0 0.07 0.3 0.05 0.8 0.3 0.05 0.8 0.5 0.1 0.05
1351 7.213184833526611 0.0 0.0 0.0 0.0 0.0 0.0 -0.027804567905997217 0.0 -1.0887428820133214 0.1640921162812526 -0.2636693834262862 0.07012483601762931 0.0 0.0 0.0 -0.10811577080703318 -0.09756507986982954 -0.013082008267651013 -0.011805374664249375 0.0 0.0 0.0 0.0 10.200000000000008 0.0 0.07 10.200000000000008 0.0 0.07 0.3 0.05 0.8 0.3 0.05 0.8 0.5 0.1 0.05
1352 7.218651294708252 0.0 0.0 0.0 0.0 0.0 0.0 -0.02780410244627892 0.0 -1.0887428820133214 0.1640921162812526 -0.2636693834262862 0.07012483601762931 0.0 0.0 0.0 -0.10811577080703318 -0.09756507986982954 -0.013082008267651013 -0.011805374664249375 0.0 0.0 0.0 0.0 10.200000000000008 0.0 0.07 10.200000000000008 0.0 0.07 0.3 0.05 0.8 0.3 0.05 0.8 0.5 0.1 0.05
1353 7.2241199016571045 0.0 0.0 0.0 0.0 0.0 0.0 -0.02780382317044794 0.0 -1.0887428820133214 0.1640921162812526 -0.2636693834262862 0.07012483601762931 0.0 0.0 0.0 -0.10811577080703318 -0.09756507986982954 -0.013082008267651013 -0.011805374664249375 0.0 0.0 0.0 0.0 10.200000000000008 0.0 0.07 10.200000000000008 0.0 0.07 0.3 0.05 0.8 0.3 0.05 0.8 0.5 0.1 0.05
1354 7.2295982837677 0.0 0.0 0.0 0.0 0.0 0.0 -0.02780365560494935 0.0 -1.0887428820133214 0.1640921162812526 -0.2636693834262862 0.07012483601762931 0.0 0.0 0.0 -0.10811577080703318 -0.09756507986982954 -0.013082008267651013 -0.011805374664249375 0.0 0.0 0.0 0.0 10.200000000000008 0.0 0.07 10.200000000000008 0.0 0.07 0.3 0.05 0.8 0.3 0.05 0.8 0.5 0.1 0.05
1355 7.235142469406128 0.0 0.0 0.0 0.0 0.0 0.0 -0.027726855808753226 0.0 -1.0887428820133214 0.1640921162812526 -0.2636693834262862 0.07012483601762931 0.0 0.0 0.0 -0.10811577080703318 -0.09756507986982954 -0.013082008267651013 -0.011805374664249375 0.0 0.0 0.0 0.0 10.200000000000008 0.0 0.07 10.200000000000008 0.0 0.07 0.3 0.05 0.8 0.3 0.05 0.8 0.5 0.1 0.05
1356 7.240617513656616 0.0 0.0 0.0 0.0 0.0 0.0 -0.02768077593103555 0.0 -1.0887428820133214 0.1640921162812526 -0.2636693834262862 0.07012483601762931 0.0 0.0 0.0 -0.10811577080703318 -0.09756507986982954 -0.013082008267651013 -0.011805374664249375 0.0 0.0 0.0 0.0 10.200000000000008 0.0 0.07 10.200000000000008 0.0 0.07 0.3 0.05 0.8 0.3 0.05 0.8 0.5 0.1 0.05
1357 7.246134042739868 0.0 0.0 0.0 0.0 0.0 0.0 -0.027653128004404944 0.0 -1.0886661827564241 0.1640921162812526 -0.2636693834262862 0.07012483601762931 0.0 0.0 0.0 -0.10811577080703318 -0.09756507986982954 -0.013082008267651013 -0.011805374664249375 0.0 0.0 0.0 0.0 10.200000000000008 0.0 0.07 10.200000000000008 0.0 0.07 0.3 0.05 0.8 0.3 0.05 0.8 0.5 0.1 0.05
1358 7.251594305038452 0.0 0.0 0.0 0.0 0.0 0.0 -0.02763653924842658 0.0 -1.0886201632022858 0.1640921162812526 -0.2636693834262862 0.07012483601762931 0.0 0.0 0.0 -0.10811577080703318 -0.09756507986982954 -0.013082008267651013 -0.011805374664249375 0.0 0.0 0.0 0.0 10.200000000000008 0.0 0.07 10.200000000000008 0.0 0.07 0.3 0.05 0.8 0.3 0.05 0.8 0.5 0.1 0.05
1359 7.257231950759888 0.0 0.0 0.0 0.0 0.0 0.0 -0.027626585994839564 0.0 -1.088592551469803 0.1640921162812526 -0.2636693834262862 0.07012483601762931 0.0 0.0 0.0 -0.10811577080703318 -0.09756507986982954 -0.013082008267651013 -0.011805374664249375 0.0 0.0 0.0 0.0 10.200000000000008 0.0 0.07 10.200000000000008 0.0 0.07 0.3 0.05 0.8 0.3 0.05 0.8 0.5 0.1 0.05
1360 7.26277756690979 0.0 0.0 0.0 0.0 0.0 0.0 -0.027620614042687352 0.0 -1.0885759844303131 0.1640921162812526 -0.2636693834262862 0.07012483601762931 0.0 0.0 0.0 -0.10811577080703318 -0.09756507986982954 -0.013082008267651013 -0.011805374664249375 0.0 0.0 0.0 0.0 10.200000000000008 0.0 0.07 10.200000000000008 0.0 0.07 0.3 0.05 0.8 0.3 0.05 0.8 0.5 0.1 0.05
1361 7.26948881149292 0.0 0.0 0.0 0.0 0.0 0.0 -0.027617030871396026 0.0 -1.0885660442066194 0.1640921162812526 -0.2636693834262862 0.07012483601762931 0.0 0.0 0.0 -0.10811577080703318 -0.09756507986982954 -0.013082008267651013 -0.011805374664249375 0.0 0.0 0.0 0.0 10.200000000000008 0.0 0.07 10.200000000000008 0.0 0.07 0.3 0.05 0.8 0.3 0.05 0.8 0.5 0.1 0.05
1362 7.275659084320068 0.0 0.0 0.0 0.0 0.0 0.0 -0.02761488096862123 0.0 -1.0885600800724031 0.1640921162812526 -0.2636693834262862 0.07012483601762931 0.0 0.0 0.0 -0.10811577080703318 -0.09756507986982954 -0.013082008267651013 -0.011805374664249375 0.0 0.0 0.0 0.0 10.200000000000008 0.0 0.07 10.200000000000008 0.0 0.07 0.3 0.05 0.8 0.3 0.05 0.8 0.5 0.1 0.05
1363 7.281174421310425 0.0 0.0 0.0 0.0 0.0 0.0 -0.027613591026956354 0.0 -1.0885565015918732 0.1640921162812526 -0.2636693834262862 0.07012483601762931 0.0 0.0 0.0 -0.10811577080703318 -0.09756507986982954 -0.013082008267651013 -0.011805374664249375 0.0 0.0 0.0 0.0 10.200000000000008 0.0 0.07 10.200000000000008 0.0 0.07 0.3 0.05 0.8 0.3 0.05 0.8 0.5 0.1 0.05
1364 7.286734342575073 0.0 0.0 0.0 0.0 0.0 0.0 -0.027612817061957427 0.0 -1.0885543545035552 0.1640921162812526 -0.2636693834262862 0.07012483601762931 0.0 0.0 0.0 -0.10811577080703318 -0.09756507986982954 -0.013082008267651013 -0.011805374664249375 0.0 0.0 0.0 0.0 10.200000000000008 0.0 0.07 10.200000000000008 0.0 0.07 0.3 0.05 0.8 0.3 0.05 0.8 0.5 0.1 0.05
1365 7.292363166809082 0.0 0.0 0.0 0.0 0.0 0.0 -0.027612352682958072 0.0 -1.0885530662505645 0.1640921162812526 -0.2636693834262862 0.07012483601762931 0.0 0.0 0.0 -0.10811577080703318 -0.09756507986982954 -0.013082008267651013 -0.011805374664249375 0.0 0.0 0.0 0.0 10.200000000000008 0.0 0.07 10.200000000000008 0.0 0.07 0.3 0.05 0.8 0.3 0.05 0.8 0.5 0.1 0.05
1366 7.298806667327881 0.0 0.0 0.0 0.0 0.0 0.0 -0.027612074055558457 0.0 -1.0885522932987701 0.1640921162812526 -0.2636693834262862 0.07012483601762931 0.0 0.0 0.0 -0.10811577080703318 -0.09756507986982954 -0.013082008267651013 -0.011805374664249375 0.0 0.0 0.0 0.0 10.200000000000008 0.0 0.07 10.200000000000008 0.0 0.07 0.3 0.05 0.8 0.3 0.05 0.8 0.5 0.1 0.05
1367 7.304277420043945 0.0 0.0 0.0 0.0 0.0 0.0 -0.02761190687911869 0.0 -1.0885518295276935 0.1640921162812526 -0.2636693834262862 0.07012483601762931 0.0 0.0 0.0 -0.10811577080703318 -0.09756507986982954 -0.013082008267651013 -0.011805374664249375 0.0 0.0 0.0 0.0 10.200000000000008 0.0 0.07 10.200000000000008 0.0 0.07 0.3 0.05 0.8 0.3 0.05 0.8 0.5 0.1 0.05
1368 7.309674263000488 0.0 0.0 0.0 0.0 0.0 0.0 -0.027611806573254828 0.0 -1.0885515512650474 0.1640921162812526 -0.2636693834262862 0.07012483601762931 0.0 0.0 0.0 -0.10811577080703318 -0.09756507986982954 -0.013082008267651013 -0.011805374664249375 0.0 0.0 0.0 0.0 10.200000000000008 0.0 0.07 10.200000000000008 0.0 0.07 0.3 0.05 0.8 0.3 0.05 0.8 0.5 0.1 0.05
1369 7.315053224563599 0.0 0.0 0.0 0.0 0.0 0.0 -0.027535047132839538 0.0 -1.08855138430746 0.1640921162812526 -0.2636693834262862 0.07012483601762931 0.0 0.0 0.0 -0.10811577080703318 -0.09756507986982954 -0.013082008267651013 -0.011805374664249375 0.0 0.0 0.0 0.0 10.200000000000008 0.0 0.07 10.200000000000008 0.0 0.07 0.3 0.05 0.8 0.3 0.05 0.8 0.5 0.1 0.05
1370 7.320431232452393 0.0 0.0 0.0 0.0 0.0 0.0 -0.027488991468590365 0.0 -1.0885512841329072 0.1640921162812526 -0.2636693834262862 0.07012483601762931 0.0 0.0 0.0 -0.10811577080703318 -0.09756507986982954 -0.013082008267651013 -0.011805374664249375 0.0 0.0 0.0 0.0 10.200000000000008 0.0 0.07 10.200000000000008 0.0 0.07 0.3 0.05 0.8 0.3 0.05 0.8 0.5 0.1 0.05
1371 7.3267292976379395 0.0 0.0 0.0 0.0 0.0 0.0 -0.02746135807004086 0.0 -1.0885512240281758 0.1640921162812526 -0.2636693834262862 0.07012483601762931 0.0 0.0 0.0 -0.10811577080703318 -0.09756507986982954 -0.013082008267651013 -0.011805374664249375 0.0 0.0 0.0 0.0 10.200000000000008 0.0 0.07 10.200000000000008 0.0 0.07 0.3 0.05 0.8 0.3 0.05 0.8 0.5 0.1 0.05
1372 7.3323352336883545 0.0 0.0 0.0 0.0 0.0 0.0 -0.02744477803091116 0.0 -1.088551187965337 0.1640921162812526 -0.2636693834262862 0.07012483601762931 0.0 0.0 0.0 -0.10811577080703318 -0.09756507986982954 -0.013082008267651013 -0.011805374664249375 0.0 0.0 0.0 0.0 10.200000000000008 0.0 0.07 10.200000000000008 0.0 0.07 0.3 0.05 0.8 0.3 0.05 0.8 0.5 0.1 0.05
1373 7.3382039070129395 0.0 0.0 0.0 0.0 0.0 0.0 -0.02743483000743334 0.0 -1.0885511663276335 0.1640921162812526 -0.2636693834262862 0.07012483601762931 0.0 0.0 0.0 -0.10811577080703318 -0.09756507986982954 -0.013082008267651013 -0.011805374664249375 0.0 0.0 0.0 0.0 10.200000000000008 0.0 0.07 10.200000000000008 0.0 0.07 0.3 0.05 0.8 0.3 0.05 0.8 0.5 0.1 0.05
1374 7.34389328956604 0.0 0.0 0.0 0.0 0.0 0.0 -0.027428861193346647 0.0 -1.0885511533450116 0.1640921162812526 -0.2636693834262862 0.07012483601762931 0.0 0.0 0.0 -0.10811577080703318 -0.09756507986982954 -0.013082008267651013 -0.011805374664249375 0.0 0.0 0.0 0.0 10.200000000000008 0.0 0.07 10.200000000000008 0.0 0.07 0.3 0.05 0.8 0.3 0.05 0.8 0.5 0.1 0.05
1375 7.349298715591431 0.0 0.0 0.0 0.0 0.0 0.0 -0.027425279904894632 0.0 -1.0885511455554382 0.1640921162812526 -0.2636693834262862 0.07012483601762931 0.0 0.0 0.0 -0.10811577080703318 -0.09756507986982954 -0.013082008267651013 -0.011805374664249375 0.0 0.0 0.0 0.0 10.200000000000008 0.0 0.07 10.200000000000008 0.0 0.07 0.3 0.05 0.8 0.3 0.05 0.8 0.5 0.1 0.05
1376 7.354605674743652 0.0 0.0 0.0 0.0 0.0 0.0 -0.02742313113182342 0.0 -1.0885511408816941 0.1640921162812526 -0.2636693834262862 0.07012483601762931 0.0 0.0 0.0 -0.10811577080703318 -0.09756507986982954 -0.013082008267651013 -0.011805374664249375 0.0 0.0 0.0 0.0 10.200000000000008 0.0 0.07 10.200000000000008 0.0 0.07 0.3 0.05 0.8 0.3 0.05 0.8 0.5 0.1 0.05
1377 7.359907627105713 0.0 0.0 0.0 0.0 0.0 0.0 -0.027421841867980693 0.0 -1.088551138077448 0.1640921162812526 -0.2636693834262862 0.07012483601762931 0.0 0.0 0.0 -0.10811577080703318 -0.09756507986982954 -0.013082008267651013 -0.011805374664249375 0.0 0.0 0.0 0.0 10.200000000000008 0.0 0.07 10.200000000000008 0.0 0.07 0.3 0.05 0.8 0.3 0.05 0.8 0.5 0.1 0.05
1378 7.365328311920166 0.0 0.0 0.0 0.0 0.0 0.0 -0.02742106830967506 0.0 -1.0885511363949 0.1640921162812526 -0.2636693834262862 0.07012483601762931 0.0 0.0 0.0 -0.10811577080703318 -0.09756507986982954 -0.013082008267651013 -0.011805374664249375 0.0 0.0 0.0 0.0 10.200000000000008 0.0 0.07 10.200000000000008 0.0 0.07 0.3 0.05 0.8 0.3 0.05 0.8 0.5 0.1 0.05
1379 7.370635747909546 0.0 0.0 0.0 0.0 0.0 0.0 -0.02742060417469168 0.0 -1.0885511353853714 0.1640921162812526 -0.2636693834262862 0.07012483601762931 0.0 0.0 0.0 -0.10811577080703318 -0.09756507986982954 -0.013082008267651013 -0.011805374664249375 0.0 0.0 0.0 0.0 10.200000000000008 0.0 0.07 10.200000000000008 0.0 0.07 0.3 0.05 0.8 0.3 0.05 0.8 0.5 0.1 0.05
1380 7.375879764556885 0.0 0.0 0.0 0.0 0.0 0.0 -0.02742032569370165 0.0 -1.0885511347796544 0.1640921162812526 -0.2636693834262862 0.07012483601762931 0.0 0.0 0.0 -0.10811577080703318 -0.09756507986982954 -0.013082008267651013 -0.011805374664249375 0.0 0.0 0.0 0.0 10.200000000000008 0.0 0.07 10.200000000000008 0.0 0.07 0.3 0.05 0.8 0.3 0.05 0.8 0.5 0.1 0.05
1381 7.382211685180664 0.0 0.0 0.0 0.0 0.0 0.0 -0.027420158605107634 0.0 -1.088551134416224 0.1640921162812526 -0.2636693834262862 0.07012483601762931 0.0 0.0 0.0 -0.10811577080703318 -0.09756507986982954 -0.013082008267651013 -0.011805374664249375 0.0 0.0 0.0 0.0 10.200000000000008 0.0 0.07 10.200000000000008 0.0 0.07 0.3 0.05 0.8 0.3 0.05 0.8 0.5 0.1 0.05
1382 7.3875885009765625 0.0 0.0 0.0 0.0 0.0 0.0 -0.027420058351951222 0.0 -1.0885511341981657 0.1640921162812526 -0.2636693834262862 0.07012483601762931 0.0 0.0 0.0 -0.10811577080703318 -0.09756507986982954 -0.013082008267651013 -0.011805374664249375 0.0 0.0 0.0 0.0 10.200000000000008 0.0 0.07 10.200000000000008 0.0 0.07 0.3 0.05 0.8 0.3 0.05 0.8 0.5 0.1 0.05
1383 7.392951726913452 0.0 0.0 0.0 0.0 0.0 0.0 -0.027419998200057374 0.008751106098034 -1.0885511340673308 0.1640921162812526 -0.2636693834262862 0.07012483601762931 0.0 0.0 0.0 -0.10811577080703318 -0.09756507986982954 -0.013082008267651013 -0.011805374664249375 0.0 0.0 0.0 0.0 10.200000000000008 0.0 0.07 10.200000000000008 0.0 0.07 0.3 0.05 0.8 0.3 0.05 0.8 0.5 0.1 0.05
1384 7.398429870605469 0.0 0.0 0.0 0.0 0.0 0.0 -0.027419962108921066 0.008778817555152186 -1.0885511339888299 0.1640921162812526 -0.2636693834262862 0.07012483601762931 0.0 0.0 0.0 -0.10811577080703318 -0.09756507986982954 -0.013082008267651013 -0.011805374664249375 0.0 0.0 0.0 0.0 10.200000000000008 0.0 0.07 10.200000000000008 0.0 0.07 0.3 0.05 0.8 0.3 0.05 0.8 0.5 0.1 0.05
1385 7.403902769088745 0.0 0.0 0.0 0.0 0.0 0.0 -0.027419940454239282 0.008795444429423099 -1.0885511339417293 0.1640921162812526 -0.2636693834262862 0.07012483601762931 0.0 0.0 0.0 -0.10811577080703318 -0.09756507986982954 -0.013082008267651013 -0.011805374664249375 0.0 0.0 0.0 0.0 10.200000000000008 0.0 0.07 10.200000000000008 0.0 0.07 0.3 0.05 0.8 0.3 0.05 0.8 0.5 0.1 0.05
1386 7.409228801727295 0.0 0.0 0.0 0.0 0.0 0.0 -0.02741992746143021 0.008805420553985647 -1.088551133913469 0.1640921162812526 -0.2636693834262862 0.07012483601762931 0.0 0.0 0.0 -0.10811577080703318 -0.09756507986982954 -0.013082008267651013 -0.011805374664249375 0.0 0.0 0.0 0.0 10.200000000000008 0.0 0.07 10.200000000000008 0.0 0.07 0.3 0.05 0.8 0.3 0.05 0.8 0.5 0.1 0.05
1387 7.41455602645874 0.0 0.0 0.0 0.0 0.0 0.0 -0.02741991966574477 0.008811406228723177 -1.0885511338965128 0.1640921162812526 -0.2636693834262862 0.07012483601762931 0.0 0.0 0.0 -0.10811577080703318 -0.09756507986982954 -0.013082008267651013 -0.011805374664249375 0.0 0.0 0.0 0.0 10.200000000000008 0.0 0.07 10.200000000000008 0.0 0.07 0.3 0.05 0.8 0.3 0.05 0.8 0.5 0.1 0.05
1388 7.419989347457886 0.0 0.0 0.0 0.0 0.0 0.0 -0.027343215731436533 0.008814997633565694 -1.0885511338863392 0.1640921162812526 -0.2636693834262862 0.07012483601762931 0.0 0.0 0.0 -0.10811577080703318 -0.09756507986982954 -0.013082008267651013 -0.011805374664249375 0.0 0.0 0.0 0.0 10.200000000000008 0.0 0.07 10.200000000000008 0.0 0.07 0.3 0.05 0.8 0.3 0.05 0.8 0.5 0.1 0.05
1389 7.425533056259155 0.0 0.0 0.0 0.0 0.0 0.0 -0.02729719337085159 0.008817152476471204 -1.0885511338802347 0.1640921162812526 -0.2636693834262862 0.07012483601762931 0.0 0.0 0.0 -0.10811577080703318 -0.09756507986982954 -0.013082008267651013 -0.011805374664249375 0.0 0.0 0.0 0.0 10.200000000000008 0.0 0.07 10.200000000000008 0.0 0.07 0.3 0.05 0.8 0.3 0.05 0.8 0.5 0.1 0.05
1390 7.430990934371948 0.0 0.0 0.0 0.0 0.0 0.0 -0.027269579954500623 0.008818445382214511 -1.0885511338765723 0.1640921162812526 -0.2636693834262862 0.07012483601762931 0.0 0.0 0.0 -0.10811577080703318 -0.09756507986982954 -0.013082008267651013 -0.011805374664249375 0.0 0.0 0.0 0.0 10.200000000000008 0.0 0.07 10.200000000000008 0.0 0.07 0.3 0.05 0.8 0.3 0.05 0.8 0.5 0.1 0.05
1391 7.4366655349731445 0.0 0.0 0.0 0.0 0.0 0.0 -0.027253011904690046 0.008819221125660495 -1.0885511338743747 0.1640921162812526 -0.2636693834262862 0.07012483601762931 0.0 0.0 0.0 -0.10811577080703318 -0.09756507986982954 -0.013082008267651013 -0.011805374664249375 0.0 0.0 0.0 0.0 10.200000000000008 0.0 0.07 10.200000000000008 0.0 0.07 0.3 0.05 0.8 0.3 0.05 0.8 0.5 0.1 0.05
1392 7.442145824432373 0.0 0.0 0.0 0.0 0.0 0.0 -0.0272430710748037 0.008819686571728085 -1.0885511338730562 0.1640921162812526 -0.2636693834262862 0.07012483601762931 0.0 0.0 0.0 -0.10811577080703318 -0.09756507986982954 -0.013082008267651013 -0.011805374664249375 0.0 0.0 0.0 0.0 10.200000000000008 0.0 0.07 10.200000000000008 0.0 0.07 0.3 0.05 0.8 0.3 0.05 0.8 0.5 0.1 0.05
1393 7.447669267654419 0.0 0.0 0.0 0.0 0.0 0.0 -0.02723710657687189 0.008896665096265612 -1.088551133872265 0.1640921162812526 -0.2636693834262862 0.07012483601762931 0.0 0.0 0.0 -0.10811577080703318 -0.09756507986982954 -0.013082008267651013 -0.011805374664249375 0.0 0.0 0.0 0.0 10.200000000000008 0.0 0.07 10.200000000000008 0.0 0.07 0.3 0.05 0.8 0.3 0.05 0.8 0.5 0.1 0.05
1394 7.453068494796753 0.0 0.0 0.0 0.0 0.0 0.0 -0.027233527878112805 0.008942852210988127 -1.0885511338717904 0.1640921162812526 -0.2636693834262862 0.07012483601762931 0.0 0.0 0.0 -0.10811577080703318 -0.09756507986982954 -0.013082008267651013 -0.011805374664249375 0.0 0.0 0.0 0.0 10.200000000000008 0.0 0.07 10.200000000000008 0.0 0.07 0.3 0.05 0.8 0.3 0.05 0.8 0.5 0.1 0.05
1395 7.458438873291016 0.0 0.0 0.0 0.0 0.0 0.0 -0.027231380658857354 0.008970564479821636 -1.0885511338715057 0.1640921162812526 -0.2636693834262862 0.07012483601762931 0.0 0.0 0.0 -0.10811577080703318 -0.09756507986982954 -0.013082008267651013 -0.011805374664249375 0.0 0.0 0.0 0.0 10.200000000000008 0.0 0.07 10.200000000000008 0.0 0.07 0.3 0.05 0.8 0.3 0.05 0.8 0.5 0.1 0.05
1396 7.463874101638794 0.0 0.0 0.0 0.0 0.0 0.0 -0.027230092327304084 0.008987191841121742 -1.0885511338713347 0.1640921162812526 -0.2636693834262862 0.07012483601762931 0.0 0.0 0.0 -0.10811577080703318 -0.09756507986982954 -0.013082008267651013 -0.011805374664249375 0.0 0.0 0.0 0.0 10.200000000000008 0.0 0.07 10.200000000000008 0.0 0.07 0.3 0.05 0.8 0.3 0.05 0.8 0.5 0.1 0.05
1397 7.4695611000061035 0.0 0.0 0.0 0.0 0.0 0.0 -0.02722931932837212 0.008997168257901806 -1.0885511338712321 0.1640921162812526 -0.2636693834262862 0.07012483601762931 0.0 0.0 0.0 -0.10811577080703318 -0.09756507986982954 -0.013082008267651013 -0.011805374664249375 0.0 0.0 0.0 0.0 10.200000000000008 0.0 0.07 10.200000000000008 0.0 0.07 0.3 0.05 0.8 0.3 0.05 0.8 0.5 0.1 0.05
1398 7.4750449657440186 0.0 0.0 0.0 0.0 0.0 0.0 -0.02722885552901294 0.009003154107969842 -1.0885511338711706 0.1640921162812526 -0.2636693834262862 0.07012483601762931 0.0 0.0 0.0 -0.10811577080703318 -0.09756507986982954 -0.013082008267651013 -0.011805374664249375 0.0 0.0 0.0 0.0 10.200000000000008 0.0 0.07 10.200000000000008 0.0 0.07 0.3 0.05 0.8 0.3 0.05 0.8 0.5 0.1 0.05
1399 7.480435132980347 0.0 0.0 0.0 0.0 0.0 0.0 -0.027228577249397434 0.009006745618010665 -1.0885511338711338 0.1640921162812526 -0.2636693834262862 0.07012483601762931 0.0 0.0 0.0 -0.10811577080703318 -0.09756507986982954 -0.013082008267651013 -0.011805374664249375 0.0 0.0 0.0 0.0 10.200000000000008 0.0 0.07 10.200000000000008 0.0 0.07 0.3 0.05 0.8 0.3 0.05 0.8 0.5 0.1 0.05
1400 7.4858739376068115 0.0 0.0 0.0 0.0 0.0 0.0 -0.027228410281628132 0.00900890052403516 -1.0885511338711118 0.1640921162812526 -0.2636693834262862 0.07012483601762931 0.0 0.0 0.0 -0.10811577080703318 -0.09756507986982954 -0.013082008267651013 -0.011805374664249375 0.0 0.0 0.0 0.0 10.200000000000008 0.0 0.07 10.200000000000008 0.0 0.07 0.3 0.05 0.8 0.3 0.05 0.8 0.5 0.1 0.05
1401 7.491897821426392 0.0 0.0 0.0 0.0 0.0 0.0 -0.02722831010096655 0.009010193467649856 -1.0885511338710985 0.1640921162812526 -0.2636693834262862 0.07012483601762931 0.0 0.0 0.0 -0.10811577080703318 -0.09756507986982954 -0.013082008267651013 -0.011805374664249375 0.0 0.0 0.0 0.0 10.200000000000008 0.0 0.07 10.200000000000008 0.0 0.07 0.3 0.05 0.8 0.3 0.05 0.8 0.5 0.1 0.05
1402 7.497476816177368 0.0 0.0 0.0 0.0 0.0 0.0 -0.0272282499925696 0.009010969233818673 -1.0885511338710905 0.1640921162812526 -0.2636693834262862 0.07012483601762931 0.0 0.0 0.0 -0.10811577080703318 -0.09756507986982954 -0.013082008267651013 -0.011805374664249375 0.0 0.0 0.0 0.0 10.200000000000008 0.0 0.07 10.200000000000008 0.0 0.07 0.3 0.05 0.8 0.3 0.05 0.8 0.5 0.1 0.05
1403 7.502957344055176 0.0 0.0 0.0 0.0 0.0 0.0 -0.02722821392753143 0.009011434693519964 -1.0885511338710856 0.1640921162812526 -0.2636693834262862 0.07012483601762931 0.0 0.0 0.0 -0.10811577080703318 -0.09756507986982954 -0.013082008267651013 -0.011805374664249375 0.0 0.0 0.0 0.0 10.200000000000008 0.0 0.07 10.200000000000008 0.0 0.07 0.3 0.05 0.8 0.3 0.05 0.8 0.5 0.1 0.05
1404 7.508549690246582 0.0 0.0 0.0 0.0 0.0 0.0 -0.027228192288508528 0.009011713969340739 -1.0885511338710827 0.1640921162812526 -0.2636693834262862 0.07012483601762931 0.0 0.0 0.0 -0.10811577080703318 -0.09756507986982954 -0.013082008267651013 -0.011805374664249375 0.0 0.0 0.0 0.0 10.200000000000008 0.0 0.07 10.200000000000008 0.0 0.07 0.3 0.05 0.8 0.3 0.05 0.8 0.5 0.1 0.05
1405 7.514010429382324 0.0 0.0 0.0 0.0 0.0 0.0 -0.027228179305094788 0.009011881534833203 -1.0885511338710812 0.1640921162812526 -0.2636693834262862 0.07012483601762931 0.0 0.0 0.0 -0.10811577080703318 -0.09756507986982954 -0.013082008267651013 -0.011805374664249375 0.0 0.0 0.0 0.0 10.200000000000008 0.0 0.07 10.200000000000008 0.0 0.07 0.3 0.05 0.8 0.3 0.05 0.8 0.5 0.1 0.05
1406 7.519376754760742 0.0 0.0 0.0 0.0 0.0 0.0 -0.027228171515046543 0.009011982074128682 -1.08855113387108 0.1640921162812526 -0.2636693834262862 0.07012483601762931 0.0 0.0 0.0 -0.10811577080703318 -0.09756507986982954 -0.013082008267651013 -0.011805374664249375 0.0 0.0 0.0 0.0 10.200000000000008 0.0 0.07 10.200000000000008 0.0 0.07 0.3 0.05 0.8 0.3 0.05 0.8 0.5 0.1 0.05
1407 7.524760484695435 0.0 0.0 0.0 0.0 0.0 0.0 -0.027228166841017597 0.009012042397705968 -1.0885511338710794 0.1640921162812526 -0.2636693834262862 0.07012483601762931 0.0 0.0 0.0 -0.10811577080703318 -0.09756507986982954 -0.013082008267651013 -0.011805374664249375 0.0 0.0 0.0 0.0 10.200000000000008 0.0 0.07 10.200000000000008 0.0 0.07 0.3 0.05 0.8 0.3 0.05 0.8 0.5 0.1 0.05
1408 7.5301477909088135 0.0 0.0 0.0 0.0 0.0 0.0 -0.02722816403660023 0.009012078591852341 -1.088551133871079 0.1640921162812526 -0.2636693834262862 0.07012483601762931 0.0 0.0 0.0 -0.10811577080703318 -0.09756507986982954 -0.013082008267651013 -0.011805374664249375 0.0 0.0 0.0 0.0 10.200000000000008 0.0 0.07 10.200000000000008 0.0 0.07 0.3 0.05 0.8 0.3 0.05 0.8 0.5 0.1 0.05
1409 7.535512685775757 0.0 0.0 0.0 0.0 0.0 0.0 -0.027228162353949807 0.009012100308340164 -1.0885511338710787 0.1640921162812526 -0.2636693834262862 0.07012483601762931 0.0 0.0 0.0 -0.10811577080703318 -0.09756507986982954 -0.013082008267651013 -0.011805374664249375 0.0 0.0 0.0 0.0 10.200000000000008 0.0 0.07 10.200000000000008 0.0 0.07 0.3 0.05 0.8 0.3 0.05 0.8 0.5 0.1 0.05
1410 7.540904760360718 0.0 0.0 0.0 0.0 0.0 0.0 -0.027228161344359555 0.009012113338232859 -1.0885511338710785 0.1640921162812526 -0.2636693834262862 0.07012483601762931 0.0 0.0 0.0 -0.10811577080703318 -0.09756507986982954 -0.013082008267651013 -0.011805374664249375 0.0 0.0 0.0 0.0 10.200000000000008 0.0 0.07 10.200000000000008 0.0 0.07 0.3 0.05 0.8 0.3 0.05 0.8 0.5 0.1 0.05
1411 7.546847581863403 0.0 0.0 0.0 0.0 0.0 0.0 -0.027228160738605404 0.009012121156168475 -1.0885511338710785 0.1640921162812526 -0.2636693834262862 0.07012483601762931 0.0 0.0 0.0 -0.10811577080703318 -0.09756507986982954 -0.013082008267651013 -0.011805374664249375 0.0 0.0 0.0 0.0 10.200000000000008 0.0 0.07 10.200000000000008 0.0 0.07 0.3 0.05 0.8 0.3 0.05 0.8 0.5 0.1 0.05
1412 7.552380800247192 0.0 0.0 0.0 0.0 0.0 0.0 -0.027228160375152913 0.009012125846929845 -1.0885511338710785 0.1640921162812526 -0.2636693834262862 0.07012483601762931 0.0 0.0 0.0 -0.10811577080703318 -0.09756507986982954 -0.013082008267651013 -0.011805374664249375 0.0 0.0 0.0 0.0 10.200000000000008 0.0 0.07 10.200000000000008 0.0 0.07 0.3 0.05 0.8 0.3 0.05 0.8 0.5 0.1 0.05
1413 7.557884931564331 0.0 0.0 0.0 0.0 0.0 0.0 -0.02722816015708142 0.009012128661386667 -1.0885511338710785 0.1640921162812526 -0.2636693834262862 0.07012483601762931 0.0 0.0 0.0 -0.10811577080703318 -0.09756507986982954 -0.013082008267651013 -0.011805374664249375 0.0 0.0 0.0 0.0 10.200000000000008 0.0 0.07 10.200000000000008 0.0 0.07 0.3 0.05 0.8 0.3 0.05 0.8 0.5 0.1 0.05
1414 7.563690423965454 0.0 0.0 0.0 0.0 0.0 0.0 -0.027228160026238523 0.00901213035006076 -1.0885511338710785 0.1640921162812526 -0.2636693834262862 0.07012483601762931 0.0 0.0 0.0 -0.10811577080703318 -0.09756507986982954 -0.013082008267651013 -0.011805374664249375 0.0 0.0 0.0 0.0 10.200000000000008 0.0 0.07 10.200000000000008 0.0 0.07 0.3 0.05 0.8 0.3 0.05 0.8 0.5 0.1 0.05
1415 7.569184064865112 0.0 0.0 0.0 0.0 0.0 0.0 -0.027228159947732783 0.009012131363265216 -1.0885511338710785 0.1640921162812526 -0.2636693834262862 0.07012483601762931 0.0 0.0 0.0 -0.10811577080703318 -0.09756507986982954 -0.013082008267651013 -0.011805374664249375 0.0 0.0 0.0 0.0 10.200000000000008 0.0 0.07 10.200000000000008 0.0 0.07 0.3 0.05 0.8 0.3 0.05 0.8 0.5 0.1 0.05
1416 7.574728488922119 0.0 0.0 0.0 0.0 0.0 0.0 -0.02722815990062934 0.00901213197118789 -1.0885511338710785 0.1640921162812526 -0.2636693834262862 0.07012483601762931 0.0 0.0 0.0 -0.10811577080703318 -0.09756507986982954 -0.013082008267651013 -0.011805374664249375 0.0 0.0 0.0 0.0 10.200000000000008 0.0 0.07 10.200000000000008 0.0 0.07 0.3 0.05 0.8 0.3 0.05 0.8 0.5 0.1 0.05
1417 7.580350875854492 0.0 0.0 0.0 0.0 0.0 0.0 -0.027228159872367274 0.009012132335941494 -1.0885511338710785 0.1640921162812526 -0.2636693834262862 0.07012483601762931 0.0 0.0 0.0 -0.10811577080703318 -0.09756507986982954 -0.013082008267651013 -0.011805374664249375 0.0 0.0 0.0 0.0 10.200000000000008 0.0 0.07 10.200000000000008 0.0 0.07 0.3 0.05 0.8 0.3 0.05 0.8 0.5 0.1 0.05
1418 7.585745573043823 0.0 0.0 0.0 0.0 0.0 0.0 -0.027228159855410036 0.009012132554793656 -1.0885511338710785 0.1640921162812526 -0.2636693834262862 0.07012483601762931 0.0 0.0 0.0 -0.10811577080703318 -0.09756507986982954 -0.013082008267651013 -0.011805374664249375 0.0 0.0 0.0 0.0 10.200000000000008 0.0 0.07 10.200000000000008 0.0 0.07 0.3 0.05 0.8 0.3 0.05 0.8 0.5 0.1 0.05
1419 7.591151237487793 0.0 0.0 0.0 0.0 0.0 0.0 -0.027228159845235692 0.009012132686104953 -1.0885511338710785 0.1640921162812526 -0.2636693834262862 0.07012483601762931 0.0 0.0 0.0 -0.10811577080703318 -0.09756507986982954 -0.013082008267651013 -0.011805374664249375 0.0 0.0 0.0 0.0 10.200000000000008 0.0 0.07 10.200000000000008 0.0 0.07 0.3 0.05 0.8 0.3 0.05 0.8 0.5 0.1 0.05
1420 7.596536159515381 0.0 0.0 0.0 0.0 0.0 0.0 -0.027228159839131086 0.009012132764891732 -1.0885511338710785 0.1640921162812526 -0.2636693834262862 0.07012483601762931 0.0 0.0 0.0 -0.10811577080703318 -0.09756507986982954 -0.013082008267651013 -0.011805374664249375 0.0 0.0 0.0 0.0 10.200000000000008 0.0 0.07 10.200000000000008 0.0 0.07 0.3 0.05 0.8 0.3 0.05 0.8 0.5 0.1 0.05
1421 7.602155923843384 0.0 0.0 0.0 0.0 0.0 0.0 -0.02722815983546832 0.009012132812163799 -1.0885511338710785 0.1640921162812526 -0.2636693834262862 0.07012483601762931 0.0 0.0 0.0 -0.10811577080703318 -0.09756507986982954 -0.013082008267651013 -0.011805374664249375 0.0 0.0 0.0 0.0 10.200000000000008 0.0 0.07 10.200000000000008 0.0 0.07 0.3 0.05 0.8 0.3 0.05 0.8 0.5 0.1 0.05
1422 7.607577085494995 0.0 0.0 0.0 0.0 0.0 0.0 -0.027228159833270663 0.00901213284052704 -1.0885511338710785 0.1640921162812526 -0.2636693834262862 0.07012483601762931 0.0 0.0 0.0 -0.10811577080703318 -0.09756507986982954 -0.013082008267651013 -0.011805374664249375 0.0 0.0 0.0 0.0 10.200000000000008 0.0 0.07 10.200000000000008 0.0 0.07 0.3 0.05 0.8 0.3 0.05 0.8 0.5 0.1 0.05
1423 7.613103151321411 0.0 0.0 0.0 0.0 0.0 0.0 -0.027228159831952068 0.009012132857544984 -1.0885511338710785 0.1640921162812526 -0.2636693834262862 0.07012483601762931 0.0 0.0 0.0 -0.10811577080703318 -0.09756507986982954 -0.013082008267651013 -0.011805374664249375 0.0 0.0 0.0 0.0 10.200000000000008 0.0 0.07 10.200000000000008 0.0 0.07 0.3 0.05 0.8 0.3 0.05 0.8 0.5 0.1 0.05
1424 7.61858057975769 0.0 0.0 0.0 0.0 0.0 0.0 -0.027151460574263937 0.00901213286775575 -1.0885511338710785 0.1640921162812526 -0.2636693834262862 0.07012483601762931 0.0 0.0 0.0 -0.10811577080703318 -0.09756507986982954 -0.013082008267651013 -0.011805374664249375 0.0 0.0 0.0 0.0 10.200000000000008 0.0 0.07 10.200000000000008 0.0 0.07 0.3 0.05 0.8 0.3 0.05 0.8 0.5 0.1 0.05
1425 7.62403416633606 0.0 0.0 0.0 0.0 0.0 0.0 -0.02710544101965106 0.00901213287388221 -1.0885511338710785 0.1640921162812526 -0.2636693834262862 0.07012483601762931 0.0 0.0 0.0 -0.10811577080703318 -0.09756507986982954 -0.013082008267651013 -0.011805374664249375 0.0 0.0 0.0 0.0 10.200000000000008 0.0 0.07 10.200000000000008 0.0 0.07 0.3 0.05 0.8 0.3 0.05 0.8 0.5 0.1 0.05
1426 7.629411220550537 0.0 0.0 0.0 0.0 0.0 0.0 -0.027077829286883334 0.009012132877558086 -1.0885511338710785 0.1640921162812526 -0.2636693834262862 0.07012483601762931 0.0 0.0 0.0 -0.10811577080703318 -0.09756507986982954 -0.013082008267651013 -0.011805374664249375 0.0 0.0 0.0 0.0 10.200000000000008 0.0 0.07 10.200000000000008 0.0 0.07 0.3 0.05 0.8 0.3 0.05 0.8 0.5 0.1 0.05
1427 7.634863615036011 0.0 0.0 0.0 0.0 0.0 0.0 -0.027061262247222696 0.009012132879763612 -1.0885511338710785 0.1640921162812526 -0.2636693834262862 0.07012483601762931 0.0 0.0 0.0 -0.10811577080703318 -0.09756507986982954 -0.013082008267651013 -0.011805374664249375 0.0 0.0 0.0 0.0 10.200000000000008 0.0 0.07 10.200000000000008 0.0 0.07 0.3 0.05 0.8 0.3 0.05 0.8 0.5 0.1 0.05
1428 7.640237331390381 0.0 0.0 0.0 0.0 0.0 0.0 -0.027051322023426312 0.009012132881086926 -1.0885511338710785 0.1640921162812526 -0.2636693834262862 0.07012483601762931 0.0 0.0 0.0 -0.10811577080703318 -0.09756507986982954 -0.013082008267651013 -0.011805374664249375 0.0 0.0 0.0 0.0 10.200000000000008 0.0 0.07 10.200000000000008 0.0 0.07 0.3 0.05 0.8 0.3 0.05 0.8 0.5 0.1 0.05
1429 7.645595073699951 0.0 0.0 0.0 0.0 0.0 0.0 -0.027045357889148483 0.009012132881880916 -1.0885511338710785 0.1640921162812526 -0.2636693834262862 0.07012483601762931 0.0 0.0 0.0 -0.10811577080703318 -0.09756507986982954 -0.013082008267651013 -0.011805374664249375 0.0 0.0 0.0 0.0 10.200000000000008 0.0 0.07 10.200000000000008 0.0 0.07 0.3 0.05 0.8 0.3 0.05 0.8 0.5 0.1 0.05
1430 7.650939702987671 0.0 0.0 0.0 0.0 0.0 0.0 -0.02704177940858179 0.00901213288235731 -1.0885511338710785 0.1640921162812526 -0.2636693834262862 0.07012483601762931 0.0 0.0 0.0 -0.10811577080703318 -0.09756507986982954 -0.013082008267651013 -0.011805374664249375 0.0 0.0 0.0 0.0 10.200000000000008 0.0 0.07 10.200000000000008 0.0 0.07 0.3 0.05 0.8 0.3 0.05 0.8 0.5 0.1 0.05
1431 7.656513690948486 0.0 0.0 0.0 0.0 0.0 0.0 -0.02703963232024177 0.009012132882643145 -1.0885511338710785 0.1640921162812526 -0.2636693834262862 0.07012483601762931 0.0 0.0 0.0 -0.10811577080703318 -0.09756507986982954 -0.013082008267651013 -0.011805374664249375 0.0 0.0 0.0 0.0 10.200000000000008 0.0 0.07 10.200000000000008 0.0 0.07 0.3 0.05 0.8 0.3 0.05 0.8 0.5 0.1 0.05
1432 7.662009954452515 0.0 0.0 0.0 0.0 0.0 0.0 -0.027038344067237763 0.009012132882814647 -1.0885511338710785 0.1640921162812526 -0.2636693834262862 0.07012483601762931 0.0 0.0 0.0 -0.10811577080703318 -0.09756507986982954 -0.013082008267651013 -0.011805374664249375 0.0 0.0 0.0 0.0 10.200000000000008 0.0 0.07 10.200000000000008 0.0 0.07 0.3 0.05 0.8 0.3 0.05 0.8 0.5 0.1 0.05
1433 7.667495250701904 0.0 0.0 0.0 0.0 0.0 0.0 -0.027037571115435352 0.009012132882917547 -1.0885511338710785 0.1640921162812526 -0.2636693834262862 0.07012483601762931 0.0 0.0 0.0 -0.10811577080703318 -0.09756507986982954 -0.013082008267651013 -0.011805374664249375 0.0 0.0 0.0 0.0 10.200000000000008 0.0 0.07 10.200000000000008 0.0 0.07 0.3 0.05 0.8 0.3 0.05 0.8 0.5 0.1 0.05
1434 7.673619031906128 0.0 0.0 0.0 0.0 0.0 0.0 -0.02703710734435391 0.009012132882979288 -1.0885511338710785 0.1640921162812526 -0.2636693834262862 0.07012483601762931 0.0 0.0 0.0 -0.10811577080703318 -0.09756507986982954 -0.013082008267651013 -0.011805374664249375 0.0 0.0 0.0 0.0 10.200000000000008 0.0 0.07 10.200000000000008 0.0 0.07 0.3 0.05 0.8 0.3 0.05 0.8 0.5 0.1 0.05
1435 7.679474830627441 0.0 0.0 0.0 0.0 0.0 0.0 -0.027036829081705044 0.009012132883016333 -1.0885511338710785 0.1640921162812526 -0.2636693834262862 0.07012483601762931 0.0 0.0 0.0 -0.10811577080703318 -0.09756507986982954 -0.013082008267651013 -0.011805374664249375 0.0 0.0 0.0 0.0 10.200000000000008 0.0 0.07 10.200000000000008 0.0 0.07 0.3 0.05 0.8 0.3 0.05 0.8 0.5 0.1 0.05
1436 7.684980392456055 0.0 0.0 0.0 0.0 0.0 0.0 -0.02703666212411572 0.00901213288303856 -1.0885511338710785 0.1640921162812526 -0.2636693834262862 0.07012483601762931 0.0 0.0 0.0 -0.10811577080703318 -0.09756507986982954 -0.013082008267651013 -0.011805374664249375 0.0 0.0 0.0 0.0 10.200000000000008 0.0 0.07 10.200000000000008 0.0 0.07 0.3 0.05 0.8 0.3 0.05 0.8 0.5 0.1 0.05
1437 7.690392017364502 0.0 0.0 0.0 0.0 0.0 0.0 -0.02703656194956213 0.009012132883051896 -1.0885511338710785 0.1640921162812526 -0.2636693834262862 0.07012483601762931 0.0 0.0 0.0 -0.10811577080703318 -0.09756507986982954 -0.013082008267651013 -0.011805374664249375 0.0 0.0 0.0 0.0 10.200000000000008 0.0 0.07 10.200000000000008 0.0 0.07 0.3 0.05 0.8 0.3 0.05 0.8 0.5 0.1 0.05
1438 7.695807695388794 0.0 0.0 0.0 0.0 0.0 0.0 -0.027036501844829974 0.00908883213995687 -1.0885511338710785 0.1640921162812526 -0.2636693834262862 0.07012483601762931 0.0 0.0 0.0 -0.10811577080703318 -0.09756507986982954 -0.013082008267651013 -0.011805374664249375 0.0 0.0 0.0 0.0 10.200000000000008 0.0 0.07 10.200000000000008 0.0 0.07 0.3 0.05 0.8 0.3 0.05 0.8 0.5 0.1 0.05
1439 7.70122766494751 0.0 0.0 0.0 0.0 0.0 0.0 -0.027036465781990683 0.009134851694099855 -1.0885511338710785 0.1640921162812526 -0.2636693834262862 0.07012483601762931 0.0 0.0 0.0 -0.10811577080703318 -0.09756507986982954 -0.013082008267651013 -0.011805374664249375 0.0 0.0 0.0 0.0 10.200000000000008 0.0 0.07 10.200000000000008 0.0 0.07 0.3 0.05 0.8 0.3 0.05 0.8 0.5 0.1 0.05
1440 7.706655025482178 0.0 0.0 0.0 0.0 0.0 0.0 -0.02703644414428711 0.009162463426585646 -1.0885511338710785 0.1640921162812526 -0.2636693834262862 0.07012483601762931 0.0 0.0 0.0 -0.10811577080703318 -0.09756507986982954 -0.013082008267651013 -0.011805374664249375 0.0 0.0 0.0 0.0 10.200000000000008 0.0 0.07 10.200000000000008 0.0 0.07 0.3 0.05 0.8 0.3 0.05 0.8 0.5 0.1 0.05
1441 7.712472677230835 0.0 0.0 0.0 0.0 0.0 0.0 -0.027036431161664966 0.00917903046607712 -1.0885511338710785 0.1640921162812526 -0.2636693834262862 0.07012483601762931 0.0 0.0 0.0 -0.10811577080703318 -0.09756507986982954 -0.013082008267651013 -0.011805374664249375 0.0 0.0 0.0 0.0 10.200000000000008 0.0 0.07 10.200000000000008 0.0 0.07 0.3 0.05 0.8 0.3 0.05 0.8 0.5 0.1 0.05
1442 7.718008995056152 0.0 0.0 0.0 0.0 0.0 0.0 -0.027036423372091674 0.009188970689772005 -1.0885511338710785 0.1640921162812526 -0.2636693834262862 0.07012483601762931 0.0 0.0 0.0 -0.10811577080703318 -0.09756507986982954 -0.013082008267651013 -0.011805374664249375 0.0 0.0 0.0 0.0 10.200000000000008 0.0 0.07 10.200000000000008 0.0 0.07 0.3 0.05 0.8 0.3 0.05 0.8 0.5 0.1 0.05
1443 7.72421669960022 0.0 0.0 0.0 0.0 0.0 0.0 -0.0270364186983477 0.009194934823988934 -1.0885511338710785 0.1640921162812526 -0.2636693834262862 0.07012483601762931 0.0 0.0 0.0 -0.10811577080703318 -0.09756507986982954 -0.013082008267651013 -0.011805374664249375 0.0 0.0 0.0 0.0 10.200000000000008 0.0 0.07 10.200000000000008 0.0 0.07 0.3 0.05 0.8 0.3 0.05 0.8 0.5 0.1 0.05
1444 7.72970986366272 0.0 0.0 0.0 0.0 0.0 0.0 -0.027036415894101315 0.009198513304519092 -1.0885511338710785 0.1640921162812526 -0.2636693834262862 0.07012483601762931 0.0 0.0 0.0 -0.10811577080703318 -0.09756507986982954 -0.013082008267651013 -0.011805374664249375 0.0 0.0 0.0 0.0 10.200000000000008 0.0 0.07 10.200000000000008 0.0 0.07 0.3 0.05 0.8 0.3 0.05 0.8 0.5 0.1 0.05
1445 7.735182762145996 0.0 0.0 0.0 0.0 0.0 0.0 -0.027036414211553485 0.009200660392837188 -1.0885511338710785 0.1640921162812526 -0.2636693834262862 0.07012483601762931 0.0 0.0 0.0 -0.10811577080703318 -0.09756507986982954 -0.013082008267651013 -0.011805374664249375 0.0 0.0 0.0 0.0 10.200000000000008 0.0 0.07 10.200000000000008 0.0 0.07 0.3 0.05 0.8 0.3 0.05 0.8 0.5 0.1 0.05
1446 7.7405686378479 0.0 0.0 0.0 0.0 0.0 0.0 -0.027036413202024788 0.009201948645828045 -1.0885511338710785 0.1640921162812526 -0.2636693834262862 0.07012483601762931 0.0 0.0 0.0 -0.10811577080703318 -0.09756507986982954 -0.013082008267651013 -0.011805374664249375 0.0 0.0 0.0 0.0 10.200000000000008 0.0 0.07 10.200000000000008 0.0 0.07 0.3 0.05 0.8 0.3 0.05 0.8 0.5 0.1 0.05
1447 7.745941638946533 0.0 0.0 0.0 0.0 0.0 0.0 -0.02703641259630757 0.00920272159762256 -1.0885511338710785 0.1640921162812526 -0.2636693834262862 0.07012483601762931 0.0 0.0 0.0 -0.10811577080703318 -0.09756507986982954 -0.013082008267651013 -0.011805374664249375 0.0 0.0 0.0 0.0 10.200000000000008 0.0 0.07 10.200000000000008 0.0 0.07 0.3 0.05 0.8 0.3 0.05 0.8 0.5 0.1 0.05
1448 7.7513427734375 0.0 0.0 0.0 0.0 0.0 0.0 -0.02703641223287724 0.009203185368699268 -1.0885511338710785 0.1640921162812526 -0.2636693834262862 0.07012483601762931 0.0 0.0 0.0 -0.10811577080703318 -0.09756507986982954 -0.013082008267651013 -0.011805374664249375 0.0 0.0 0.0 0.0 10.200000000000008 0.0 0.07 10.200000000000008 0.0 0.07 0.3 0.05 0.8 0.3 0.05 0.8 0.5 0.1 0.05
1449 7.756739854812622 0.0 0.0 0.0 0.0 0.0 0.0 -0.027036412014819045 0.009203463631345294 -1.0885511338710785 0.1640921162812526 -0.2636693834262862 0.07012483601762931 0.0 0.0 0.0 -0.10811577080703318 -0.09756507986982954 -0.013082008267651013 -0.011805374664249375 0.0 0.0 0.0 0.0 10.200000000000008 0.0 0.07 10.200000000000008 0.0 0.07 0.3 0.05 0.8 0.3 0.05 0.8 0.5 0.1 0.05
1450 7.762128829956055 0.0 0.0 0.0 0.0 0.0 0.0 -0.027036411883984125 0.009203630588932908 -1.0885511338710785 0.1640921162812526 -0.2636693834262862 0.07012483601762931 0.0 0.0 0.0 -0.10811577080703318 -0.09756507986982954 -0.013082008267651013 -0.011805374664249375 0.0 0.0 0.0 0.0 10.200000000000008 0.0 0.07 10.200000000000008 0.0 0.07 0.3 0.05 0.8 0.3 0.05 0.8 0.5 0.1 0.05
1451 7.767847537994385 0.0 0.0 0.0 0.0 0.0 0.0 -0.02703641180548317 0.009203730763485478 -1.0885511338710785 0.1640921162812526 -0.2636693834262862 0.07012483601762931 0.0 0.0 0.0 -0.10811577080703318 -0.09756507986982954 -0.013082008267651013 -0.011805374664249375 0.0 0.0 0.0 0.0 10.200000000000008 0.0 0.07 10.200000000000008 0.0 0.07 0.3 0.05 0.8 0.3 0.05 0.8 0.5 0.1 0.05
1452 7.773726940155029 0.0 0.0 0.0 0.0 0.0 0.0 -0.027036411758382596 0.009203790868217019 -1.0885511338710785 0.1640921162812526 -0.2636693834262862 0.07012483601762931 0.0 0.0 0.0 -0.10811577080703318 -0.09756507986982954 -0.013082008267651013 -0.011805374664249375 0.0 0.0 0.0 0.0 10.200000000000008 0.0 0.07 10.200000000000008 0.0 0.07 0.3 0.05 0.8 0.3 0.05 0.8 0.5 0.1 0.05
1453 7.779237747192383 0.0 0.0 0.0 0.0 0.0 0.0 -0.027036411730122258 0.009203826931055944 -1.0885511338710785 0.1640921162812526 -0.2636693834262862 0.07012483601762931 0.0 0.0 0.0 -0.10811577080703318 -0.09756507986982954 -0.013082008267651013 -0.011805374664249375 0.0 0.0 0.0 0.0 10.200000000000008 0.0 0.07 10.200000000000008 0.0 0.07 0.3 0.05 0.8 0.3 0.05 0.8 0.5 0.1 0.05
1454 7.78488564491272 0.0 0.0 0.0 0.0 0.0 0.0 -0.02703641171316605 0.009203848568759299 -1.0885511338710785 0.1640921162812526 -0.2636693834262862 0.07012483601762931 0.0 0.0 0.0 -0.10811577080703318 -0.09756507986982954 -0.013082008267651013 -0.011805374664249375 0.0 0.0 0.0 0.0 10.200000000000008 0.0 0.07 10.200000000000008 0.0 0.07 0.3 0.05 0.8 0.3 0.05 0.8 0.5 0.1 0.05
1455 7.79043173789978 0.0 0.0 0.0 0.0 0.0 0.0 -0.027036411702992327 0.009203861551381311 -1.0885511338710785 0.1640921162812526 -0.2636693834262862 0.07012483601762931 0.0 0.0 0.0 -0.10811577080703318 -0.09756507986982954 -0.013082008267651013 -0.011805374664249375 0.0 0.0 0.0 0.0 10.200000000000008 0.0 0.07 10.200000000000008 0.0 0.07 0.3 0.05 0.8 0.3 0.05 0.8 0.5 0.1 0.05
1456 7.795915603637695 0.0 0.0 0.0 0.0 0.0 0.0 -0.027036411696888092 0.00920386934095452 -1.0885511338710785 0.1640921162812526 -0.2636693834262862 0.07012483601762931 0.0 0.0 0.0 -0.10811577080703318 -0.09756507986982954 -0.013082008267651013 -0.011805374664249375 0.0 0.0 0.0 0.0 10.200000000000008 0.0 0.07 10.200000000000008 0.0 0.07 0.3 0.05 0.8 0.3 0.05 0.8 0.5 0.1 0.05
1457 7.8013386726379395 0.0 0.0 0.0 0.0 0.0 0.0 -0.02703641169322555 0.009203874014698445 -1.0885511338710785 0.1640921162812526 -0.2636693834262862 0.07012483601762931 0.0 0.0 0.0 -0.10811577080703318 -0.09756507986982954 -0.013082008267651013 -0.011805374664249375 0.0 0.0 0.0 0.0 10.200000000000008 0.0 0.07 10.200000000000008 0.0 0.07 0.3 0.05 0.8 0.3 0.05 0.8 0.5 0.1 0.05
1458 7.806748867034912 0.0 0.0 0.0 0.0 0.0 0.0 -0.02703641169102803 0.009203876818944799 -1.0885511338710785 0.1640921162812526 -0.2636693834262862 0.07012483601762931 0.0 0.0 0.0 -0.10811577080703318 -0.09756507986982954 -0.013082008267651013 -0.011805374664249375 0.0 0.0 0.0 0.0 10.200000000000008 0.0 0.07 10.200000000000008 0.0 0.07 0.3 0.05 0.8 0.3 0.05 0.8 0.5 0.1 0.05
1459 7.812144994735718 0.0 0.0 0.0 0.0 0.0 0.0 -0.027036411689709515 0.009203878501492612 -1.0885511338710785 0.1640921162812526 -0.2636693834262862 0.07012483601762931 0.0 0.0 0.0 -0.10811577080703318 -0.09756507986982954 -0.013082008267651013 -0.011805374664249375 0.0 0.0 0.0 0.0 10.200000000000008 0.0 0.07 10.200000000000008 0.0 0.07 0.3 0.05 0.8 0.3 0.05 0.8 0.5 0.1 0.05
1460 7.817535877227783 0.0 0.0 0.0 0.0 0.0 0.0 -0.027036411688918405 0.0092038795110213 -1.0885511338710785 0.1640921162812526 -0.2636693834262862 0.07012483601762931 0.0 0.0 0.0 -0.10811577080703318 -0.09756507986982954 -0.013082008267651013 -0.011805374664249375 0.0 0.0 0.0 0.0 10.200000000000008 0.0 0.07 10.200000000000008 0.0 0.07 0.3 0.05 0.8 0.3 0.05 0.8 0.5 0.1 0.05
1461 7.8231422901153564 0.0 0.0 0.0 0.0 0.0 0.0 -0.027036411688443743 0.009203880116738512 -1.0885511338710785 0.1640921162812526 -0.2636693834262862 0.07012483601762931 0.0 0.0 0.0 -0.10811577080703318 -0.09756507986982954 -0.013082008267651013 -0.011805374664249375 0.0 0.0 0.0 0.0 10.200000000000008 0.0 0.07 10.200000000000008 0.0 0.07 0.3 0.05 0.8 0.3 0.05 0.8 0.5 0.1 0.05
1462 7.828721284866333 0.0 0.0 0.0 0.0 0.0 0.0 -0.027036411688158943 0.00920388048016884 -1.0885511338710785 0.1640921162812526 -0.2636693834262862 0.07012483601762931 0.0 0.0 0.0 -0.10811577080703318 -0.09756507986982954 -0.013082008267651013 -0.011805374664249375 0.0 0.0 0.0 0.0 10.200000000000008 0.0 0.07 10.200000000000008 0.0 0.07 0.3 0.05 0.8 0.3 0.05 0.8 0.5 0.1 0.05
1463 7.834304332733154 0.0 0.0 0.0 0.0 0.0 0.0 -0.027036411687988066 0.009203880698227036 -1.0885511338710785 0.1640921162812526 -0.2636693834262862 0.07012483601762931 0.0 0.0 0.0 -0.10811577080703318 -0.09756507986982954 -0.013082008267651013 -0.011805374664249375 0.0 0.0 0.0 0.0 10.200000000000008 0.0 0.07 10.200000000000008 0.0 0.07 0.3 0.05 0.8 0.3 0.05 0.8 0.5 0.1 0.05
1464 7.839853048324585 0.0 0.0 0.0 0.0 0.0 0.0 -0.027036411687885537 0.009203880829061954 -1.0885511338710785 0.1640921162812526 -0.2636693834262862 0.07012483601762931 0.0 0.0 0.0 -0.10811577080703318 -0.09756507986982954 -0.013082008267651013 -0.011805374664249375 0.0 0.0 0.0 0.0 10.200000000000008 0.0 0.07 10.200000000000008 0.0 0.07 0.3 0.05 0.8 0.3 0.05 0.8 0.5 0.1 0.05
1465 7.845316171646118 0.0 0.0 0.0 0.0 0.0 0.0 -0.027036411687824016 0.009203880907562904 -1.0885511338710785 0.1640921162812526 -0.2636693834262862 0.07012483601762931 0.0 0.0 0.0 -0.10811577080703318 -0.09756507986982954 -0.013082008267651013 -0.011805374664249375 0.0 0.0 0.0 0.0 10.200000000000008 0.0 0.07 10.200000000000008 0.0 0.07 0.3 0.05 0.8 0.3 0.05 0.8 0.5 0.1 0.05
1466 7.85071325302124 0.0 0.0 0.0 0.0 0.0 0.0 -0.02703641168778711 0.009203880954663474 -1.0885511338710785 0.1640921162812526 -0.2636693834262862 0.07012483601762931 0.0 0.0 0.0 -0.10811577080703318 -0.09756507986982954 -0.013082008267651013 -0.011805374664249375 0.0 0.0 0.0 0.0 10.200000000000008 0.0 0.07 10.200000000000008 0.0 0.07 0.3 0.05 0.8 0.3 0.05 0.8 0.5 0.1 0.05
1467 7.856091499328613 0.0 0.0 0.0 0.0 0.0 0.0 -0.02703641168776496 0.009203880982923816 -1.0885511338710785 0.1640921162812526 -0.2636693834262862 0.07012483601762931 0.0 0.0 0.0 -0.10811577080703318 -0.09756507986982954 -0.013082008267651013 -0.011805374664249375 0.0 0.0 0.0 0.0 10.200000000000008 0.0 0.07 10.200000000000008 0.0 0.07 0.3 0.05 0.8 0.3 0.05 0.8 0.5 0.1 0.05
1468 7.861531972885132 0.0 0.0 0.0 0.0 0.0 0.0 -0.02703641168775167 0.009203880999880022 -1.0885511338710785 0.1640921162812526 -0.2636693834262862 0.07012483601762931 0.0 0.0 0.0 -0.10811577080703318 -0.09756507986982954 -0.013082008267651013 -0.011805374664249375 0.0 0.0 0.0 0.0 10.200000000000008 0.0 0.07 10.200000000000008 0.0 0.07 0.3 0.05 0.8 0.3 0.05 0.8 0.5 0.1 0.05
1469 7.866906404495239 0.0 0.0 0.0 0.0 0.0 0.0 -0.0270364116877437 0.009203881010053745 -1.0885511338710785 0.1640921162812526 -0.2636693834262862 0.07012483601762931 0.0 0.0 0.0 -0.10811577080703318 -0.09756507986982954 -0.013082008267651013 -0.011805374664249375 0.0 0.0 0.0 0.0 10.200000000000008 0.0 0.07 10.200000000000008 0.0 0.07 0.3 0.05 0.8 0.3 0.05 0.8 0.5 0.1 0.05
1470 7.872369050979614 0.0 0.0 0.0 0.0 0.0 0.0 -0.027036411687738918 0.00920388101615798 -1.0885511338710785 0.1640921162812526 -0.2636693834262862 0.07012483601762931 0.0 0.0 0.0 -0.10811577080703318 -0.09756507986982954 -0.013082008267651013 -0.011805374664249375 0.0 0.0 0.0 0.0 10.200000000000008 0.0 0.07 10.200000000000008 0.0 0.07 0.3 0.05 0.8 0.3 0.05 0.8 0.5 0.1 0.05
1471 7.878041744232178 0.0 0.0 0.0 0.0 0.0 0.0 -0.027036411687736045 0.00920388101982052 -1.0885511338710785 0.1640921162812526 -0.2636693834262862 0.07012483601762931 0.0 0.0 0.0 -0.10811577080703318 -0.09756507986982954 -0.013082008267651013 -0.011805374664249375 0.0 0.0 0.0 0.0 10.200000000000008 0.0 0.07 10.200000000000008 0.0 0.07 0.3 0.05 0.8 0.3 0.05 0.8 0.5 0.1 0.05
1472 7.883600234985352 0.0 0.0 0.0 0.0 0.0 0.0 -0.027036411687734324 0.009203881022018044 -1.0885511338710785 0.1640921162812526 -0.2636693834262862 0.07012483601762931 0.0 0.0 0.0 -0.10811577080703318 -0.09756507986982954 -0.013082008267651013 -0.011805374664249375 0.0 0.0 0.0 0.0 10.200000000000008 0.0 0.07 10.200000000000008 0.0 0.07 0.3 0.05 0.8 0.3 0.05 0.8 0.5 0.1 0.05
1473 7.88922119140625 0.0 0.0 0.0 0.0 0.0 0.0 -0.02703641168773329 0.009203881023336559 -1.0885511338710785 0.1640921162812526 -0.2636693834262862 0.07012483601762931 0.0 0.0 0.0 -0.10811577080703318 -0.09756507986982954 -0.013082008267651013 -0.011805374664249375 0.0 0.0 0.0 0.0 10.200000000000008 0.0 0.07 10.200000000000008 0.0 0.07 0.3 0.05 0.8 0.3 0.05 0.8 0.5 0.1 0.05
1474 7.894730806350708 0.0 0.0 0.0 0.0 0.0 0.0 -0.027036411687732673 0.009203881024127667 -1.0885511338710785 0.1640921162812526 -0.2636693834262862 0.07012483601762931 0.0 0.0 0.0 -0.10811577080703318 -0.09756507986982954 -0.013082008267651013 -0.011805374664249375 0.0 0.0 0.0 0.0 10.200000000000008 0.0 0.07 10.200000000000008 0.0 0.07 0.3 0.05 0.8 0.3 0.05 0.8 0.5 0.1 0.05
1475 7.9001922607421875 0.0 0.0 0.0 0.0 0.0 0.0 -0.027036411687732298 0.009203881024602333 -1.0885511338710785 0.1640921162812526 -0.2636693834262862 0.07012483601762931 0.0 0.0 0.0 -0.10811577080703318 -0.09756507986982954 -0.013082008267651013 -0.011805374664249375 0.0 0.0 0.0 0.0 10.200000000000008 0.0 0.07 10.200000000000008 0.0 0.07 0.3 0.05 0.8 0.3 0.05 0.8 0.5 0.1 0.05
1476 7.905615568161011 0.0 0.0 0.0 0.0 0.0 0.0 -0.027036411687732076 0.009203881024887133 -1.0885511338710785 0.1640921162812526 -0.2636693834262862 0.07012483601762931 0.0 0.0 0.0 -0.10811577080703318 -0.09756507986982954 -0.013082008267651013 -0.011805374664249375 0.0 0.0 0.0 0.0 10.200000000000008 0.0 0.07 10.200000000000008 0.0 0.07 0.3 0.05 0.8 0.3 0.05 0.8 0.5 0.1 0.05
1477 7.911024808883667 0.0 0.0 0.0 0.0 0.0 0.0 -0.027036411687731944 0.009203881025058012 -1.0885511338710785 0.1640921162812526 -0.2636693834262862 0.07012483601762931 0.0 0.0 0.0 -0.10811577080703318 -0.09756507986982954 -0.013082008267651013 -0.011805374664249375 0.0 0.0 0.0 0.0 10.200000000000008 0.0 0.07 10.200000000000008 0.0 0.07 0.3 0.05 0.8 0.3 0.05 0.8 0.5 0.1 0.05
1478 7.916441917419434 0.0 0.0 0.0 0.0 0.0 0.0 -0.02703641168773186 0.00920388102516054 -1.0885511338710785 0.1640921162812526 -0.2636693834262862 0.07012483601762931 0.0 0.0 0.0 -0.10811577080703318 -0.09756507986982954 -0.013082008267651013 -0.011805374664249375 0.0 0.0 0.0 0.0 10.200000000000008 0.0 0.07 10.200000000000008 0.0 0.07 0.3 0.05 0.8 0.3 0.05 0.8 0.5 0.1 0.05
1479 7.921831369400024 0.0 0.0 0.0 0.0 0.0 0.0 -0.027036411687731812 0.009203881025222056 -1.0885511338710785 0.1640921162812526 -0.2636693834262862 0.07012483601762931 0.0 0.0 0.0 -0.10811577080703318 -0.09756507986982954 -0.013082008267651013 -0.011805374664249375 0.0 0.0 0.0 0.0 10.200000000000008 0.0 0.07 10.200000000000008 0.0 0.07 0.3 0.05 0.8 0.3 0.05 0.8 0.5 0.1 0.05
1480 7.927268743515015 0.0 0.0 0.0 0.0 0.0 0.0 -0.02695971243083481 0.009203881025258966 -1.0885511338710785 0.1640921162812526 -0.2636693834262862 0.07012483601762931 0.0 0.0 0.0 -0.10811577080703318 -0.09756507986982954 -0.013082008267651013 -0.011805374664249375 0.0 0.0 0.0 0.0 10.200000000000008 0.0 0.07 10.200000000000008 0.0 0.07 0.3 0.05 0.8 0.3 0.05 0.8 0.5 0.1 0.05
1481 7.932947635650635 0.0 0.0 0.0 0.0 0.0 0.0 -0.026913692876696607 0.009203881025281111 -1.0885511338710785 0.1640921162812526 -0.2636693834262862 0.07012483601762931 0.0 0.0 0.0 -0.10811577080703318 -0.09756507986982954 -0.013082008267651013 -0.011805374664249375 0.0 0.0 0.0 0.0 10.200000000000008 0.0 0.07 10.200000000000008 0.0 0.07 0.3 0.05 0.8 0.3 0.05 0.8 0.5 0.1 0.05
1482 7.938382863998413 0.0 0.0 0.0 0.0 0.0 0.0 -0.02688608114421369 0.009280580282191371 -1.0885511338710785 0.1640921162812526 -0.2636693834262862 0.07012483601762931 0.0 0.0 0.0 -0.10811577080703318 -0.09756507986982954 -0.013082008267651013 -0.011805374664249375 0.0 0.0 0.0 0.0 10.200000000000008 0.0 0.07 10.200000000000008 0.0 0.07 0.3 0.05 0.8 0.3 0.05 0.8 0.5 0.1 0.05
1483 7.943976402282715 0.0 0.0 0.0 0.0 0.0 0.0 -0.026869514104723935 0.009326599836337528 -1.0885511338710785 0.1640921162812526 -0.2636693834262862 0.07012483601762931 0.0 0.0 0.0 -0.10811577080703318 -0.09756507986982954 -0.013082008267651013 -0.011805374664249375 0.0 0.0 0.0 0.0 10.200000000000008 0.0 0.07 10.200000000000008 0.0 0.07 0.3 0.05 0.8 0.3 0.05 0.8 0.5 0.1 0.05
1484 7.949547529220581 0.0 0.0 0.0 0.0 0.0 0.0 -0.026859573881030087 0.00935421156882522 -1.0885511338710785 0.1640921162812526 -0.2636693834262862 0.07012483601762931 0.0 0.0 0.0 -0.10811577080703318 -0.09756507986982954 -0.013082008267651013 -0.011805374664249375 0.0 0.0 0.0 0.0 10.200000000000008 0.0 0.07 10.200000000000008 0.0 0.07 0.3 0.05 0.8 0.3 0.05 0.8 0.5 0.1 0.05
1485 7.955160140991211 0.0 0.0 0.0 0.0 0.0 0.0 -0.026853609746813778 0.009370778608317837 -1.0885511338710785 0.1640921162812526 -0.2636693834262862 0.07012483601762931 0.0 0.0 0.0 -0.10811577080703318 -0.09756507986982954 -0.013082008267651013 -0.011805374664249375 0.0 0.0 0.0 0.0 10.200000000000008 0.0 0.07 10.200000000000008 0.0 0.07 0.3 0.05 0.8 0.3 0.05 0.8 0.5 0.1 0.05
1486 7.960550546646118 0.0 0.0 0.0 0.0 0.0 0.0 -0.02685003126628399 0.009380718832013406 -1.0885511338710785 0.1640921162812526 -0.2636693834262862 0.07012483601762931 0.0 0.0 0.0 -0.10811577080703318 -0.09756507986982954 -0.013082008267651013 -0.011805374664249375 0.0 0.0 0.0 0.0 10.200000000000008 0.0 0.07 10.200000000000008 0.0 0.07 0.3 0.05 0.8 0.3 0.05 0.8 0.5 0.1 0.05
1487 7.965935945510864 0.0 0.0 0.0 0.0 0.0 0.0 -0.026847884177966116 0.009386682966230749 -1.0885511338710785 0.1640921162812526 -0.2636693834262862 0.07012483601762931 0.0 0.0 0.0 -0.10811577080703318 -0.09756507986982954 -0.013082008267651013 -0.011805374664249375 0.0 0.0 0.0 0.0 10.200000000000008 0.0 0.07 10.200000000000008 0.0 0.07 0.3 0.05 0.8 0.3 0.05 0.8 0.5 0.1 0.05
1488 7.971320152282715 0.0 0.0 0.0 0.0 0.0 0.0 -0.026846595924975396 0.009390261446761153 -1.0885511338710785 0.1640921162812526 -0.2636693834262862 0.07012483601762931 0.0 0.0 0.0 -0.10811577080703318 -0.09756507986982954 -0.013082008267651013 -0.011805374664249375 0.0 0.0 0.0 0.0 10.200000000000008 0.0 0.07 10.200000000000008 0.0 0.07 0.3 0.05 0.8 0.3 0.05 0.8 0.5 0.1 0.05
1489 7.976670265197754 0.0 0.0 0.0 0.0 0.0 0.0 -0.026845822973180965 0.009392408535079395 -1.0885511338710785 0.1640921162812526 -0.2636693834262862 0.07012483601762931 0.0 0.0 0.0 -0.10811577080703318 -0.09756507986982954 -0.013082008267651013 -0.011805374664249375 0.0 0.0 0.0 0.0 10.200000000000008 0.0 0.07 10.200000000000008 0.0 0.07 0.3 0.05 0.8 0.3 0.05 0.8 0.5 0.1 0.05
1490 7.981999635696411 0.0 0.0 0.0 0.0 0.0 0.0 -0.026845359202104305 0.009393696788070342 -1.0885511338710785 0.1640921162812526 -0.2636693834262862 0.07012483601762931 0.0 0.0 0.0 -0.10811577080703318 -0.09756507986982954 -0.013082008267651013 -0.011805374664249375 0.0 0.0 0.0 0.0 10.200000000000008 0.0 0.07 10.200000000000008 0.0 0.07 0.3 0.05 0.8 0.3 0.05 0.8 0.5 0.1 0.05
1491 7.987585544586182 0.0 0.0 0.0 0.0 0.0 0.0 -0.02684508093945831 0.00939446973986491 -1.0885511338710785 0.1640921162812526 -0.2636693834262862 0.07012483601762931 0.0 0.0 0.0 -0.10811577080703318 -0.09756507986982954 -0.013082008267651013 -0.011805374664249375 0.0 0.0 0.0 0.0 10.200000000000008 0.0 0.07 10.200000000000008 0.0 0.07 0.3 0.05 0.8 0.3 0.05 0.8 0.5 0.1 0.05
1492 7.993146181106567 0.0 0.0 0.0 0.0 0.0 0.0 -0.026844913981870708 0.009394933510941651 -1.0885511338710785 0.1640921162812526 -0.2636693834262862 0.07012483601762931 0.0 0.0 0.0 -0.10811577080703318 -0.09756507986982954 -0.013082008267651013 -0.011805374664249375 0.0 0.0 0.0 0.0 10.200000000000008 0.0 0.07 10.200000000000008 0.0 0.07 0.3 0.05 0.8 0.3 0.05 0.8 0.5 0.1 0.05
1493 7.998763561248779 0.0 0.0 0.0 0.0 0.0 0.0 -0.026844813807318152 0.009395211773587694 -1.0885511338710785 0.1640921162812526 -0.2636693834262862 0.07012483601762931 0.0 0.0 0.0 -0.10811577080703318 -0.09756507986982954 -0.013082008267651013 -0.011805374664249375 0.0 0.0 0.0 0.0 10.200000000000008 0.0 0.07 10.200000000000008 0.0 0.07 0.3 0.05 0.8 0.3 0.05 0.8 0.5 0.1 0.05
1494 8.004210948944092 0.0 0.0 0.0 0.0 0.0 0.0 -0.026844753702586613 0.009395378731175321 -1.0885511338710785 0.1640921162812526 -0.2636693834262862 0.07012483601762931 0.0 0.0 0.0 -0.10811577080703318 -0.09756507986982954 -0.013082008267651013 -0.011805374664249375 0.0 0.0 0.0 0.0 10.200000000000008 0.0 0.07 10.200000000000008 0.0 0.07 0.3 0.05 0.8 0.3 0.05 0.8 0.5 0.1 0.05
1495 8.009626388549805 0.0 0.0 0.0 0.0 0.0 0.0 -0.02684471763974769 0.009395478905727898 -1.0885511338710785 0.1640921162812526 -0.2636693834262862 0.07012483601762931 0.0 0.0 0.0 -0.10811577080703318 -0.09756507986982954 -0.013082008267651013 -0.011805374664249375 0.0 0.0 0.0 0.0 10.200000000000008 0.0 0.07 10.200000000000008 0.0 0.07 0.3 0.05 0.8 0.3 0.05 0.8 0.5 0.1 0.05
1496 8.014992952346802 0.0 0.0 0.0 0.0 0.0 0.0 -0.026844696002044338 0.009395539010459444 -1.0885511338710785 0.1640921162812526 -0.2636693834262862 0.07012483601762931 0.0 0.0 0.0 -0.10811577080703318 -0.09756507986982954 -0.013082008267651013 -0.011805374664249375 0.0 0.0 0.0 0.0 10.200000000000008 0.0 0.07 10.200000000000008 0.0 0.07 0.3 0.05 0.8 0.3 0.05 0.8 0.5 0.1 0.05
1497 8.020390033721924 0.0 0.0 0.0 0.0 0.0 0.0 -0.026844683019422326 0.00939557507329837 -1.0885511338710785 0.1640921162812526 -0.2636693834262862 0.07012483601762931 0.0 0.0 0.0 -0.10811577080703318 -0.09756507986982954 -0.013082008267651013 -0.011805374664249375 0.0 0.0 0.0 0.0 10.200000000000008 0.0 0.07 10.200000000000008 0.0 0.07 0.3 0.05 0.8 0.3 0.05 0.8 0.5 0.1 0.05
1498 8.025758028030396 0.0 0.0 0.0 0.0 0.0 0.0 -0.026844675229849117 0.009395596711001727 -1.0885511338710785 0.1640921162812526 -0.2636693834262862 0.07012483601762931 0.0 0.0 0.0 -0.10811577080703318 -0.09756507986982954 -0.013082008267651013 -0.011805374664249375 0.0 0.0 0.0 0.0 10.200000000000008 0.0 0.07 10.200000000000008 0.0 0.07 0.3 0.05 0.8 0.3 0.05 0.8 0.5 0.1 0.05
1499 8.031193733215332 0.0 0.0 0.0 0.0 0.0 0.0 -0.026844670556105198 0.009395609693623741 -1.0885511338710785 0.1640921162812526 -0.2636693834262862 0.07012483601762931 0.0 0.0 0.0 -0.10811577080703318 -0.09756507986982954 -0.013082008267651013 -0.011805374664249375 0.0 0.0 0.0 0.0 10.200000000000008 0.0 0.07 10.200000000000008 0.0 0.07 0.3 0.05 0.8 0.3 0.05 0.8 0.5 0.1 0.05
1500 8.036611080169678 0.0 0.0 0.0 0.0 0.0 0.0 -0.02684466775185884 0.00939561748319695 -1.0885511338710785 0.1640921162812526 -0.2636693834262862 0.07012483601762931 0.0 0.0 0.0 -0.10811577080703318 -0.09756507986982954 -0.013082008267651013 -0.011805374664249375 0.0 0.0 0.0 0.0 10.200000000000008 0.0 0.07 10.200000000000008 0.0 0.07 0.3 0.05 0.8 0.3 0.05 0.8 0.5 0.1 0.05
1501 8.042227745056152 0.0 0.0 0.0 0.0 0.0 0.0 -0.026844666069311032 0.009395622156940875 -1.0885511338710785 0.1640921162812526 -0.2636693834262862 0.07012483601762931 0.0 0.0 0.0 -0.10811577080703318 -0.09756507986982954 -0.013082008267651013 -0.011805374664249375 0.0 0.0 0.0 0.0 10.200000000000008 0.0 0.07 10.200000000000008 0.0 0.07 0.3 0.05 0.8 0.3 0.05 0.8 0.5 0.1 0.05
1502 8.047682523727417 0.0 0.0 0.0 0.0 0.0 0.0 -0.026844665059782342 0.009395624961187229 -1.0885511338710785 0.1640921162812526 -0.2636693834262862 0.07012483601762931 0.0 0.0 0.0 -0.10811577080703318 -0.09756507986982954 -0.013082008267651013 -0.011805374664249375 0.0 0.0 0.0 0.0 10.200000000000008 0.0 0.07 10.200000000000008 0.0 0.07 0.3 0.05 0.8 0.3 0.05 0.8 0.5 0.1 0.05
1503 8.053317308425903 0.0 0.0 0.0 0.0 0.0 0.0 -0.02684466445406513 0.009395626643735042 -1.0885511338710785 0.1640921162812526 -0.2636693834262862 0.07012483601762931 0.0 0.0 0.0 -0.10811577080703318 -0.09756507986982954 -0.013082008267651013 -0.011805374664249375 0.0 0.0 0.0 0.0 10.200000000000008 0.0 0.07 10.200000000000008 0.0 0.07 0.3 0.05 0.8 0.3 0.05 0.8 0.5 0.1 0.05
1504 8.059320449829102 0.0 0.0 0.0 0.0 0.0 0.0 -0.026844664090634802 0.00939562765326373 -1.0885511338710785 0.1640921162812526 -0.2636693834262862 0.07012483601762931 0.0 0.0 0.0 -0.10811577080703318 -0.09756507986982954 -0.013082008267651013 -0.011805374664249375 0.0 0.0 0.0 0.0 10.200000000000008 0.0 0.07 10.200000000000008 0.0 0.07 0.3 0.05 0.8 0.3 0.05 0.8 0.5 0.1 0.05
1505 8.064876556396484 0.0 0.0 0.0 0.0 0.0 0.0 -0.026844663872576606 0.009395628258980944 -1.0885511338710785 0.1640921162812526 -0.2636693834262862 0.07012483601762931 0.0 0.0 0.0 -0.10811577080703318 -0.09756507986982954 -0.013082008267651013 -0.011805374664249375 0.0 0.0 0.0 0.0 10.200000000000008 0.0 0.07 10.200000000000008 0.0 0.07 0.3 0.05 0.8 0.3 0.05 0.8 0.5 0.1 0.05
1506 8.070407390594482 0.0 0.0 0.0 0.0 0.0 0.0 -0.026844663741741687 0.009395628622411271 -1.0885511338710785 0.1640921162812526 -0.2636693834262862 0.07012483601762931 0.0 0.0 0.0 -0.10811577080703318 -0.09756507986982954 -0.013082008267651013 -0.011805374664249375 0.0 0.0 0.0 0.0 10.200000000000008 0.0 0.07 10.200000000000008 0.0 0.07 0.3 0.05 0.8 0.3 0.05 0.8 0.5 0.1 0.05
1507 8.075905323028564 0.0 0.0 0.0 0.0 0.0 0.0 -0.026844663663240738 0.009395628840469468 -1.0885511338710785 0.1640921162812526 -0.2636693834262862 0.07012483601762931 0.0 0.0 0.0 -0.10811577080703318 -0.09756507986982954 -0.013082008267651013 -0.011805374664249375 0.0 0.0 0.0 0.0 10.200000000000008 0.0 0.07 10.200000000000008 0.0 0.07 0.3 0.05 0.8 0.3 0.05 0.8 0.5 0.1 0.05
1508 8.081357479095459 0.0 0.0 0.0 0.0 0.0 0.0 -0.026844663616140164 0.009395628971304385 -1.0885511338710785 0.1640921162812526 -0.2636693834262862 0.07012483601762931 0.0 0.0 0.0 -0.10811577080703318 -0.09756507986982954 -0.013082008267651013 -0.011805374664249375 0.0 0.0 0.0 0.0 10.200000000000008 0.0 0.07 10.200000000000008 0.0 0.07 0.3 0.05 0.8 0.3 0.05 0.8 0.5 0.1 0.05
1509 8.086817741394043 0.0 0.0 0.0 0.0 0.0 0.0 -0.026844663587879826 0.009395629049805336 -1.0885511338710785 0.1640921162812526 -0.2636693834262862 0.07012483601762931 0.0 0.0 0.0 -0.10811577080703318 -0.09756507986982954 -0.013082008267651013 -0.011805374664249375 0.0 0.0 0.0 0.0 10.200000000000008 0.0 0.07 10.200000000000008 0.0 0.07 0.3 0.05 0.8 0.3 0.05 0.8 0.5 0.1 0.05
1510 8.092248916625977 0.0 0.0 0.0 0.0 0.0 0.0 -0.02684466357092362 0.009395629096905906 -1.0885511338710785 0.1640921162812526 -0.2636693834262862 0.07012483601762931 0.0 0.0 0.0 -0.10811577080703318 -0.09756507986982954 -0.013082008267651013 -0.011805374664249375 0.0 0.0 0.0 0.0 10.200000000000008 0.0 0.07 10.200000000000008 0.0 0.07 0.3 0.05 0.8 0.3 0.05 0.8 0.5 0.1 0.05
1511 8.09792947769165 0.0 0.0 0.0 0.0 0.0 0.0 -0.026844663560749896 0.009395629125166248 -1.0885511338710785 0.1640921162812526 -0.2636693834262862 0.07012483601762931 0.0 0.0 0.0 -0.10811577080703318 -0.09756507986982954 -0.013082008267651013 -0.011805374664249375 0.0 0.0 0.0 0.0 10.200000000000008 0.0 0.07 10.200000000000008 0.0 0.07 0.3 0.05 0.8 0.3 0.05 0.8 0.5 0.1 0.05
1512 8.104116916656494 0.0 0.0 0.0 0.0 0.0 0.0 -0.02684466355464566 0.009395629142122454 -1.0885511338710785 0.1640921162812526 -0.2636693834262862 0.07012483601762931 0.0 0.0 0.0 -0.10811577080703318 -0.09756507986982954 -0.013082008267651013 -0.011805374664249375 0.0 0.0 0.0 0.0 10.200000000000008 0.0 0.07 10.200000000000008 0.0 0.07 0.3 0.05 0.8 0.3 0.05 0.8 0.5 0.1 0.05
1513 8.10981798171997 0.0 0.0 0.0 0.0 0.0 0.0 -0.026844663550983118 0.009395629152296178 -1.0885511338710785 0.1640921162812526 -0.2636693834262862 0.07012483601762931 0.0 0.0 0.0 -0.10811577080703318 -0.09756507986982954 -0.013082008267651013 -0.011805374664249375 0.0 0.0 0.0 0.0 10.200000000000008 0.0 0.07 10.200000000000008 0.0 0.07 0.3 0.05 0.8 0.3 0.05 0.8 0.5 0.1 0.05
1514 8.115394830703735 0.0 0.0 0.0 0.0 0.0 0.0 -0.026844663548785598 0.009395629158400412 -1.0885511338710785 0.1640921162812526 -0.2636693834262862 0.07012483601762931 0.0 0.0 0.0 -0.10811577080703318 -0.09756507986982954 -0.013082008267651013 -0.011805374664249375 0.0 0.0 0.0 0.0 10.200000000000008 0.0 0.07 10.200000000000008 0.0 0.07 0.3 0.05 0.8 0.3 0.05 0.8 0.5 0.1 0.05
1515 8.120963335037231 0.0 0.0 0.0 0.0 0.0 0.0 -0.026844663547467083 0.009395629162062952 -1.0885511338710785 0.1640921162812526 -0.2636693834262862 0.07012483601762931 0.0 0.0 0.0 -0.10811577080703318 -0.09756507986982954 -0.013082008267651013 -0.011805374664249375 0.0 0.0 0.0 0.0 10.200000000000008 0.0 0.07 10.200000000000008 0.0 0.07 0.3 0.05 0.8 0.3 0.05 0.8 0.5 0.1 0.05
1516 8.12642216682434 0.0 0.0 0.0 0.0 0.0 0.0 -0.026844663546675973 0.009395629164260476 -1.0885511338710785 0.1640921162812526 -0.2636693834262862 0.07012483601762931 0.0 0.0 0.0 -0.10811577080703318 -0.09756507986982954 -0.013082008267651013 -0.011805374664249375 0.0 0.0 0.0 0.0 10.200000000000008 0.0 0.07 10.200000000000008 0.0 0.07 0.3 0.05 0.8 0.3 0.05 0.8 0.5 0.1 0.05
1517 8.131896257400513 0.0 0.0 0.0 0.0 0.0 0.0 -0.02684466354620131 0.00939562916557899 -1.0885511338710785 0.1640921162812526 -0.2636693834262862 0.07012483601762931 0.0 0.0 0.0 -0.10811577080703318 -0.09756507986982954 -0.013082008267651013 -0.011805374664249375 0.0 0.0 0.0 0.0 10.200000000000008 0.0 0.07 10.200000000000008 0.0 0.07 0.3 0.05 0.8 0.3 0.05 0.8 0.5 0.1 0.05
1518 8.137333154678345 0.0 0.0 0.0 0.0 0.0 0.0 -0.02684466354591651 0.009395629166370099 -1.0885511338710785 0.1640921162812526 -0.2636693834262862 0.07012483601762931 0.0 0.0 0.0 -0.10811577080703318 -0.09756507986982954 -0.013082008267651013 -0.011805374664249375 0.0 0.0 0.0 0.0 10.200000000000008 0.0 0.07 10.200000000000008 0.0 0.07 0.3 0.05 0.8 0.3 0.05 0.8 0.5 0.1 0.05
1519 8.142730236053467 0.0 0.0 0.0 0.0 0.0 0.0 -0.026844663545745634 0.009395629166844765 -1.0885511338710785 0.1640921162812526 -0.2636693834262862 0.07012483601762931 0.0 0.0 0.0 -0.10811577080703318 -0.09756507986982954 -0.013082008267651013 -0.011805374664249375 0.0 0.0 0.0 0.0 10.200000000000008 0.0 0.07 10.200000000000008 0.0 0.07 0.3 0.05 0.8 0.3 0.05 0.8 0.5 0.1 0.05
1520 8.148127555847168 0.0 0.0 0.0 0.0 0.0 0.0 -0.026844663545643105 0.009395629167129563 -1.0885511338710785 0.1640921162812526 -0.2636693834262862 0.07012483601762931 0.0 0.0 0.0 -0.10811577080703318 -0.09756507986982954 -0.013082008267651013 -0.011805374664249375 0.0 0.0 0.0 0.0 10.200000000000008 0.0 0.07 10.200000000000008 0.0 0.07 0.3 0.05 0.8 0.3 0.05 0.8 0.5 0.1 0.05
1521 8.153710126876831 0.0 0.0 0.0 0.0 0.0 0.0 -0.026844663545581585 0.009395629167300443 -1.0885511338710785 0.1640921162812526 -0.2636693834262862 0.07012483601762931 0.0 0.0 0.0 -0.10811577080703318 -0.09756507986982954 -0.013082008267651013 -0.011805374664249375 0.0 0.0 0.0 0.0 10.200000000000008 0.0 0.07 10.200000000000008 0.0 0.07 0.3 0.05 0.8 0.3 0.05 0.8 0.5 0.1 0.05
1522 8.15958309173584 0.0 0.0 0.0 0.0 0.0 0.0 -0.026844663545544677 0.00939562916740297 -1.0885511338710785 0.1640921162812526 -0.2636693834262862 0.07012483601762931 0.0 0.0 0.0 -0.10811577080703318 -0.09756507986982954 -0.013082008267651013 -0.011805374664249375 0.0 0.0 0.0 0.0 10.200000000000008 0.0 0.07 10.200000000000008 0.0 0.07 0.3 0.05 0.8 0.3 0.05 0.8 0.5 0.1 0.05
1523 8.165085554122925 0.0 0.0 0.0 0.0 0.0 0.0 -0.026844663545522528 0.009472328424361461 -1.0885511338710785 0.1640921162812526 -0.2636693834262862 0.07012483601762931 0.0 0.0 0.0 -0.10811577080703318 -0.09756507986982954 -0.013082008267651013 -0.011805374664249375 0.0 0.0 0.0 0.0 10.200000000000008 0.0 0.07 10.200000000000008 0.0 0.07 0.3 0.05 0.8 0.3 0.05 0.8 0.5 0.1 0.05
1524 8.170650482177734 0.0 0.0 0.0 0.0 0.0 0.0 -0.02684466354550924 0.009518347978536554 -1.0885511338710785 0.1640921162812526 -0.2636693834262862 0.07012483601762931 0.0 0.0 0.0 -0.10811577080703318 -0.09756507986982954 -0.013082008267651013 -0.011805374664249375 0.0 0.0 0.0 0.0 10.200000000000008 0.0 0.07 10.200000000000008 0.0 0.07 0.3 0.05 0.8 0.3 0.05 0.8 0.5 0.1 0.05
1525 8.176124811172485 0.0 0.0 0.0 0.0 0.0 0.0 -0.026844663545501267 0.00954595971104161 -1.0885511338710785 0.1640921162812526 -0.2636693834262862 0.07012483601762931 0.0 0.0 0.0 -0.10811577080703318 -0.09756507986982954 -0.013082008267651013 -0.011805374664249375 0.0 0.0 0.0 0.0 10.200000000000008 0.0 0.07 10.200000000000008 0.0 0.07 0.3 0.05 0.8 0.3 0.05 0.8 0.5 0.1 0.05
1526 8.181541442871094 0.0 0.0 0.0 0.0 0.0 0.0 -0.026844663545496486 0.009562526750544644 -1.0885511338710785 0.1640921162812526 -0.2636693834262862 0.07012483601762931 0.0 0.0 0.0 -0.10811577080703318 -0.09756507986982954 -0.013082008267651013 -0.011805374664249375 0.0 0.0 0.0 0.0 10.200000000000008 0.0 0.07 10.200000000000008 0.0 0.07 0.3 0.05 0.8 0.3 0.05 0.8 0.5 0.1 0.05
1527 8.186886310577393 0.0 0.0 0.0 0.0 0.0 0.0 -0.026844663545493613 0.009572466974246463 -1.0885511338710785 0.1640921162812526 -0.2636693834262862 0.07012483601762931 0.0 0.0 0.0 -0.10811577080703318 -0.09756507986982954 -0.013082008267651013 -0.011805374664249375 0.0 0.0 0.0 0.0 10.200000000000008 0.0 0.07 10.200000000000008 0.0 0.07 0.3 0.05 0.8 0.3 0.05 0.8 0.5 0.1 0.05
1528 8.192253589630127 0.0 0.0 0.0 0.0 0.0 0.0 -0.026844663545491892 0.009578431108467556 -1.0885511338710785 0.1640921162812526 -0.2636693834262862 0.07012483601762931 0.0 0.0 0.0 -0.10811577080703318 -0.09756507986982954 -0.013082008267651013 -0.011805374664249375 0.0 0.0 0.0 0.0 10.200000000000008 0.0 0.07 10.200000000000008 0.0 0.07 0.3 0.05 0.8 0.3 0.05 0.8 0.5 0.1 0.05
1529 8.197640657424927 0.0 0.0 0.0 0.0 0.0 0.0 -0.02684466354549086 0.009582009589000212 -1.0885511338710785 0.1640921162812526 -0.2636693834262862 0.07012483601762931 0.0 0.0 0.0 -0.10811577080703318 -0.09756507986982954 -0.013082008267651013 -0.011805374664249375 0.0 0.0 0.0 0.0 10.200000000000008 0.0 0.07 10.200000000000008 0.0 0.07 0.3 0.05 0.8 0.3 0.05 0.8 0.5 0.1 0.05
1530 8.203057765960693 0.0 0.0 0.0 0.0 0.0 0.0 -0.02684466354549024 0.009584156677319804 -1.0885511338710785 0.1640921162812526 -0.2636693834262862 0.07012483601762931 0.0 0.0 0.0 -0.10811577080703318 -0.09756507986982954 -0.013082008267651013 -0.011805374664249375 0.0 0.0 0.0 0.0 10.200000000000008 0.0 0.07 10.200000000000008 0.0 0.07 0.3 0.05 0.8 0.3 0.05 0.8 0.5 0.1 0.05
1531 8.208805561065674 0.0 0.0 0.0 0.0 0.0 0.0 -0.026844663545489866 0.00958544493031156 -1.0885511338710785 0.1640921162812526 -0.2636693834262862 0.07012483601762931 0.0 0.0 0.0 -0.10811577080703318 -0.09756507986982954 -0.013082008267651013 -0.011805374664249375 0.0 0.0 0.0 0.0 10.200000000000008 0.0 0.07 10.200000000000008 0.0 0.07 0.3 0.05 0.8 0.3 0.05 0.8 0.5 0.1 0.05
1532 8.214285373687744 0.0 0.0 0.0 0.0 0.0 0.0 -0.026844663545489644 0.009586217882106614 -1.0885511338710785 0.1640921162812526 -0.2636693834262862 0.07012483601762931 0.0 0.0 0.0 -0.10811577080703318 -0.09756507986982954 -0.013082008267651013 -0.011805374664249375 0.0 0.0 0.0 0.0 10.200000000000008 0.0 0.07 10.200000000000008 0.0 0.07 0.3 0.05 0.8 0.3 0.05 0.8 0.5 0.1 0.05
1533 8.219816207885742 0.0 0.0 0.0 0.0 0.0 0.0 -0.026844663545489512 0.009586681653183646 -1.0885511338710785 0.1640921162812526 -0.2636693834262862 0.07012483601762931 0.0 0.0 0.0 -0.10811577080703318 -0.09756507986982954 -0.013082008267651013 -0.011805374664249375 0.0 0.0 0.0 0.0 10.200000000000008 0.0 0.07 10.200000000000008 0.0 0.07 0.3 0.05 0.8 0.3 0.05 0.8 0.5 0.1 0.05
1534 8.225353240966797 0.0 0.0 0.0 0.0 0.0 0.0 -0.02684466354548943 0.009586959915829866 -1.0885511338710785 0.1640921162812526 -0.2636693834262862 0.07012483601762931 0.0 0.0 0.0 -0.10811577080703318 -0.09756507986982954 -0.013082008267651013 -0.011805374664249375 0.0 0.0 0.0 0.0 10.200000000000008 0.0 0.07 10.200000000000008 0.0 0.07 0.3 0.05 0.8 0.3 0.05 0.8 0.5 0.1 0.05
1535 8.230889797210693 0.0 0.0 0.0 0.0 0.0 0.0 -0.02684466354548938 0.009587126873417597 -1.0885511338710785 0.1640921162812526 -0.2636693834262862 0.07012483601762931 0.0 0.0 0.0 -0.10811577080703318 -0.09756507986982954 -0.013082008267651013 -0.011805374664249375 0.0 0.0 0.0 0.0 10.200000000000008 0.0 0.07 10.200000000000008 0.0 0.07 0.3 0.05 0.8 0.3 0.05 0.8 0.5 0.1 0.05
1536 8.236406087875366 0.0 0.0 0.0 0.0 0.0 0.0 -0.026844663545489353 0.009587227047970236 -1.0885511338710785 0.1640921162812526 -0.2636693834262862 0.07012483601762931 0.0 0.0 0.0 -0.10811577080703318 -0.09756507986982954 -0.013082008267651013 -0.011805374664249375 0.0 0.0 0.0 0.0 10.200000000000008 0.0 0.07 10.200000000000008 0.0 0.07 0.3 0.05 0.8 0.3 0.05 0.8 0.5 0.1 0.05
1537 8.241828203201294 0.0 0.0 0.0 0.0 0.0 0.0 -0.02684466354548934 0.00958728715270182 -1.0885511338710785 0.1640921162812526 -0.2636693834262862 0.07012483601762931 0.0 0.0 0.0 -0.10811577080703318 -0.09756507986982954 -0.013082008267651013 -0.011805374664249375 0.0 0.0 0.0 0.0 10.200000000000008 0.0 0.07 10.200000000000008 0.0 0.07 0.3 0.05 0.8 0.3 0.05 0.8 0.5 0.1 0.05
1538 8.247251749038696 0.0 0.0 0.0 0.0 0.0 0.0 -0.026844663545489325 0.00958732321554077 -1.0885511338710785 0.1640921162812526 -0.2636693834262862 0.07012483601762931 0.0 0.0 0.0 -0.10811577080703318 -0.09756507986982954 -0.013082008267651013 -0.011805374664249375 0.0 0.0 0.0 0.0 10.200000000000008 0.0 0.07 10.200000000000008 0.0 0.07 0.3 0.05 0.8 0.3 0.05 0.8 0.5 0.1 0.05
1539 8.2526535987854 0.0 0.0 0.0 0.0 0.0 0.0 -0.026844663545489318 0.00958734485324414 -1.0885511338710785 0.1640921162812526 -0.2636693834262862 0.07012483601762931 0.0 0.0 0.0 -0.10811577080703318 -0.09756507986982954 -0.013082008267651013 -0.011805374664249375 0.0 0.0 0.0 0.0 10.200000000000008 0.0 0.07 10.200000000000008 0.0 0.07 0.3 0.05 0.8 0.3 0.05 0.8 0.5 0.1 0.05
1540 8.258049249649048 0.0 0.0 0.0 0.0 0.0 0.0 -0.026844663545489318 0.009587357835866162 -1.0885511338710785 0.1640921162812526 -0.2636693834262862 0.07012483601762931 0.0 0.0 0.0 -0.10811577080703318 -0.09756507986982954 -0.013082008267651013 -0.011805374664249375 0.0 0.0 0.0 0.0 10.200000000000008 0.0 0.07 10.200000000000008 0.0 0.07 0.3 0.05 0.8 0.3 0.05 0.8 0.5 0.1 0.05
1541 8.263726234436035 0.0 0.0 0.0 0.0 0.0 0.0 -0.026844663545489318 0.009587365625439374 -1.0885511338710785 0.1640921162812526 -0.2636693834262862 0.07012483601762931 0.0 0.0 0.0 -0.10811577080703318 -0.09756507986982954 -0.013082008267651013 -0.011805374664249375 0.0 0.0 0.0 0.0 10.200000000000008 0.0 0.07 10.200000000000008 0.0 0.07 0.3 0.05 0.8 0.3 0.05 0.8 0.5 0.1 0.05
1542 8.269240379333496 0.0 0.0 0.0 0.0 0.0 0.0 -0.026844663545489318 0.009587370299183303 -1.0885511338710785 0.1640921162812526 -0.2636693834262862 0.07012483601762931 0.0 0.0 0.0 -0.10811577080703318 -0.09756507986982954 -0.013082008267651013 -0.011805374664249375 0.0 0.0 0.0 0.0 10.200000000000008 0.0 0.07 10.200000000000008 0.0 0.07 0.3 0.05 0.8 0.3 0.05 0.8 0.5 0.1 0.05
1543 8.274855613708496 0.0 0.0 0.0 0.0 0.0 0.0 -0.026844663545489318 0.00958737310342966 -1.0885511338710785 0.1640921162812526 -0.2636693834262862 0.07012483601762931 0.0 0.0 0.0 -0.10811577080703318 -0.09756507986982954 -0.013082008267651013 -0.011805374664249375 0.0 0.0 0.0 0.0 10.200000000000008 0.0 0.07 10.200000000000008 0.0 0.07 0.3 0.05 0.8 0.3 0.05 0.8 0.5 0.1 0.05
1544 8.280436515808105 0.0 0.0 0.0 0.0 0.0 0.0 -0.026844663545489318 0.009587374785977473 -1.0885511338710785 0.1640921162812526 -0.2636693834262862 0.07012483601762931 0.0 0.0 0.0 -0.10811577080703318 -0.09756507986982954 -0.013082008267651013 -0.011805374664249375 0.0 0.0 0.0 0.0 10.200000000000008 0.0 0.07 10.200000000000008 0.0 0.07 0.3 0.05 0.8 0.3 0.05 0.8 0.5 0.1 0.05
1545 8.285893440246582 0.0 0.0 0.0 0.0 0.0 0.0 -0.026844663545489318 0.009587375795506161 -1.0885511338710785 0.1640921162812526 -0.2636693834262862 0.07012483601762931 0.0 0.0 0.0 -0.10811577080703318 -0.09756507986982954 -0.013082008267651013 -0.011805374664249375 0.0 0.0 0.0 0.0 10.200000000000008 0.0 0.07 10.200000000000008 0.0 0.07 0.3 0.05 0.8 0.3 0.05 0.8 0.5 0.1 0.05
1546 8.291353940963745 0.0 0.0 0.0 0.0 0.0 0.0 -0.026844663545489318 0.009587376401223376 -1.0885511338710785 0.1640921162812526 -0.2636693834262862 0.07012483601762931 0.0 0.0 0.0 -0.10811577080703318 -0.09756507986982954 -0.013082008267651013 -0.011805374664249375 0.0 0.0 0.0 0.0 10.200000000000008 0.0 0.07 10.200000000000008 0.0 0.07 0.3 0.05 0.8 0.3 0.05 0.8 0.5 0.1 0.05
1547 8.296861410140991 0.0 0.0 0.0 0.0 0.0 0.0 -0.026844663545489318 0.009587376764653703 -1.0885511338710785 0.1640921162812526 -0.2636693834262862 0.07012483601762931 0.0 0.0 0.0 -0.10811577080703318 -0.09756507986982954 -0.013082008267651013 -0.011805374664249375 0.0 0.0 0.0 0.0 10.200000000000008 0.0 0.07 10.200000000000008 0.0 0.07 0.3 0.05 0.8 0.3 0.05 0.8 0.5 0.1 0.05
1548 8.302348136901855 0.0 0.0 0.0 0.0 0.0 0.0 -0.026844663545489318 0.0095873769827119 -1.0885511338710785 0.1640921162812526 -0.2636693834262862 0.07012483601762931 0.0 0.0 0.0 -0.10811577080703318 -0.09756507986982954 -0.013082008267651013 -0.011805374664249375 0.0 0.0 0.0 0.0 10.200000000000008 0.0 0.07 10.200000000000008 0.0 0.07 0.3 0.05 0.8 0.3 0.05 0.8 0.5 0.1 0.05
1549 8.307985305786133 0.0 0.0 0.0 0.0 0.0 0.0 -0.026844663545489318 0.009587377113546817 -1.0885511338710785 0.1640921162812526 -0.2636693834262862 0.07012483601762931 0.0 0.0 0.0 -0.10811577080703318 -0.09756507986982954 -0.013082008267651013 -0.011805374664249375 0.0 0.0 0.0 0.0 10.200000000000008 0.0 0.07 10.200000000000008 0.0 0.07 0.3 0.05 0.8 0.3 0.05 0.8 0.5 0.1 0.05
1550 8.313622951507568 0.0 0.0 0.0 0.0 0.0 0.0 -0.026844663545489318 0.009587377192047768 -1.0885511338710785 0.1640921162812526 -0.2636693834262862 0.07012483601762931 0.0 0.0 0.0 -0.10811577080703318 -0.09756507986982954 -0.013082008267651013 -0.011805374664249375 0.0 0.0 0.0 0.0 10.200000000000008 0.0 0.07 10.200000000000008 0.0 0.07 0.3 0.05 0.8 0.3 0.05 0.8 0.5 0.1 0.05
1551 8.319328784942627 0.0 0.0 0.0 0.0 0.0 0.0 -0.026767965778708463 0.009587377239148338 -1.0885511338710785 0.1640921162812526 -0.2636693834262862 0.07012483601762931 0.0 0.0 0.0 -0.10811577080703318 -0.09756507986982954 -0.013082008267651013 -0.011805374664249375 0.0 0.0 0.0 0.0 10.200000000000008 0.0 0.07 10.200000000000008 0.0 0.07 0.3 0.05 0.8 0.3 0.05 0.8 0.5 0.1 0.05
1552 8.32491397857666 0.0 0.0 0.0 0.0 0.0 0.0 -0.02672194711863995 0.00958737726740868 -1.0885511338710785 0.1640921162812526 -0.2636693834262862 0.07012483601762931 0.0 0.0 0.0 -0.10811577080703318 -0.09756507986982954 -0.013082008267651013 -0.011805374664249375 0.0 0.0 0.0 0.0 10.200000000000008 0.0 0.07 10.200000000000008 0.0 0.07 0.3 0.05 0.8 0.3 0.05 0.8 0.5 0.1 0.05
1553 8.330397605895996 0.0 0.0 0.0 0.0 0.0 0.0 -0.026694335922598844 0.009587377284364885 -1.0885511338710785 0.1640921162812526 -0.2636693834262862 0.07012483601762931 0.0 0.0 0.0 -0.10811577080703318 -0.09756507986982954 -0.013082008267651013 -0.011805374664249375 0.0 0.0 0.0 0.0 10.200000000000008 0.0 0.07 10.200000000000008 0.0 0.07 0.3 0.05 0.8 0.3 0.05 0.8 0.5 0.1 0.05
1554 8.336084127426147 0.0 0.0 0.0 0.0 0.0 0.0 -0.026677769204974177 0.00958737729453861 -1.0885511338710785 0.1640921162812526 -0.2636693834262862 0.07012483601762931 0.0 0.0 0.0 -0.10811577080703318 -0.09756507986982954 -0.013082008267651013 -0.011805374664249375 0.0 0.0 0.0 0.0 10.200000000000008 0.0 0.07 10.200000000000008 0.0 0.07 0.3 0.05 0.8 0.3 0.05 0.8 0.5 0.1 0.05
1555 8.341556310653687 0.0 0.0 0.0 0.0 0.0 0.0 -0.026667829174399377 0.009587377300642843 -1.0885511338710785 0.1640921162812526 -0.2636693834262862 0.07012483601762931 0.0 0.0 0.0 -0.10811577080703318 -0.09756507986982954 -0.013082008267651013 -0.011805374664249375 0.0 0.0 0.0 0.0 10.200000000000008 0.0 0.07 10.200000000000008 0.0 0.07 0.3 0.05 0.8 0.3 0.05 0.8 0.5 0.1 0.05
1556 8.346941471099854 0.0 0.0 0.0 0.0 0.0 0.0 -0.0266618651560545 0.009587377304305384 -1.0885511338710785 0.1640921162812526 -0.2636693834262862 0.07012483601762931 0.0 0.0 0.0 -0.10811577080703318 -0.09756507986982954 -0.013082008267651013 -0.011805374664249375 0.0 0.0 0.0 0.0 10.200000000000008 0.0 0.07 10.200000000000008 0.0 0.07 0.3 0.05 0.8 0.3 0.05 0.8 0.5 0.1 0.05
1557 8.352356910705566 0.0 0.0 0.0 0.0 0.0 0.0 -0.026658286745047572 0.009587377306502907 -1.0885511338710785 0.1640921162812526 -0.2636693834262862 0.07012483601762931 0.0 0.0 0.0 -0.10811577080703318 -0.09756507986982954 -0.013082008267651013 -0.011805374664249375 0.0 0.0 0.0 0.0 10.200000000000008 0.0 0.07 10.200000000000008 0.0 0.07 0.3 0.05 0.8 0.3 0.05 0.8 0.5 0.1 0.05
1558 8.357784509658813 0.0 0.0 0.0 0.0 0.0 0.0 -0.026656139698443417 0.009587377307821422 -1.0885511338710785 0.1640921162812526 -0.2636693834262862 0.07012483601762931 0.0 0.0 0.0 -0.10811577080703318 -0.09756507986982954 -0.013082008267651013 -0.011805374664249375 0.0 0.0 0.0 0.0 10.200000000000008 0.0 0.07 10.200000000000008 0.0 0.07 0.3 0.05 0.8 0.3 0.05 0.8 0.5 0.1 0.05
1559 8.363224267959595 0.0 0.0 0.0 0.0 0.0 0.0 -0.026654851470480922 0.00958737730861253 -1.0885511338710785 0.1640921162812526 -0.2636693834262862 0.07012483601762931 0.0 0.0 0.0 -0.10811577080703318 -0.09756507986982954 -0.013082008267651013 -0.011805374664249375 0.0 0.0 0.0 0.0 10.200000000000008 0.0 0.07 10.200000000000008 0.0 0.07 0.3 0.05 0.8 0.3 0.05 0.8 0.5 0.1 0.05
1560 8.368603467941284 0.0 0.0 0.0 0.0 0.0 0.0 -0.026654078533703426 0.009587377309087196 -1.0885511338710785 0.1640921162812526 -0.2636693834262862 0.07012483601762931 0.0 0.0 0.0 -0.10811577080703318 -0.09756507986982954 -0.013082008267651013 -0.011805374664249375 0.0 0.0 0.0 0.0 10.200000000000008 0.0 0.07 10.200000000000008 0.0 0.07 0.3 0.05 0.8 0.3 0.05 0.8 0.5 0.1 0.05
1561 8.3742036819458 0.0 0.0 0.0 0.0 0.0 0.0 -0.026653614771636927 0.009587377309371994 -1.0885511338710785 0.1640921162812526 -0.2636693834262862 0.07012483601762931 0.0 0.0 0.0 -0.10811577080703318 -0.09756507986982954 -0.013082008267651013 -0.011805374664249375 0.0 0.0 0.0 0.0 10.200000000000008 0.0 0.07 10.200000000000008 0.0 0.07 0.3 0.05 0.8 0.3 0.05 0.8 0.5 0.1 0.05
1562 8.379648685455322 0.0 0.0 0.0 0.0 0.0 0.0 -0.026653336514397028 0.009587377309542875 -1.0885511338710785 0.1640921162812526 -0.2636693834262862 0.07012483601762931 0.0 0.0 0.0 -0.10811577080703318 -0.09756507986982954 -0.013082008267651013 -0.011805374664249375 0.0 0.0 0.0 0.0 10.200000000000008 0.0 0.07 10.200000000000008 0.0 0.07 0.3 0.05 0.8 0.3 0.05 0.8 0.5 0.1 0.05
1563 8.385127544403076 0.0 0.0 0.0 0.0 0.0 0.0 -0.026653169560053088 0.009587377309645402 -1.0885511338710785 0.1640921162812526 -0.2636693834262862 0.07012483601762931 0.0 0.0 0.0 -0.10811577080703318 -0.09756507986982954 -0.013082008267651013 -0.011805374664249375 0.0 0.0 0.0 0.0 10.200000000000008 0.0 0.07 10.200000000000008 0.0 0.07 0.3 0.05 0.8 0.3 0.05 0.8 0.5 0.1 0.05
1564 8.390648126602173 0.0 0.0 0.0 0.0 0.0 0.0 -0.026653069387446725 0.00958737730970692 -1.0885511338710785 0.1640921162812526 -0.2636693834262862 0.07012483601762931 0.0 0.0 0.0 -0.10811577080703318 -0.09756507986982954 -0.013082008267651013 -0.011805374664249375 0.0 0.0 0.0 0.0 10.200000000000008 0.0 0.07 10.200000000000008 0.0 0.07 0.3 0.05 0.8 0.3 0.05 0.8 0.5 0.1 0.05
1565 8.396088123321533 0.0 0.0 0.0 0.0 0.0 0.0 -0.02665300928388291 0.0096640765666408 -1.0885511338710785 0.1640921162812526 -0.2636693834262862 0.07012483601762931 0.0 0.0 0.0 -0.10811577080703318 -0.09756507986982954 -0.013082008267651013 -0.011805374664249375 0.0 0.0 0.0 0.0 10.200000000000008 0.0 0.07 10.200000000000008 0.0 0.07 0.3 0.05 0.8 0.3 0.05 0.8 0.5 0.1 0.05
1566 8.401483297348022 0.0 0.0 0.0 0.0 0.0 0.0 -0.026652973221744616 0.009710096120801131 -1.0885511338710785 0.1640921162812526 -0.2636693834262862 0.07012483601762931 0.0 0.0 0.0 -0.10811577080703318 -0.09756507986982954 -0.013082008267651013 -0.011805374664249375 0.0 0.0 0.0 0.0 10.200000000000008 0.0 0.07 10.200000000000008 0.0 0.07 0.3 0.05 0.8 0.3 0.05 0.8 0.5 0.1 0.05
1567 8.406874656677246 0.0 0.0 0.0 0.0 0.0 0.0 -0.02665295158446164 0.00973770785329733 -1.0885511338710785 0.1640921162812526 -0.2636693834262862 0.07012483601762931 0.0 0.0 0.0 -0.10811577080703318 -0.09756507986982954 -0.013082008267651013 -0.011805374664249375 0.0 0.0 0.0 0.0 10.200000000000008 0.0 0.07 10.200000000000008 0.0 0.07 0.3 0.05 0.8 0.3 0.05 0.8 0.5 0.1 0.05
1568 8.412255048751831 0.0 0.0 0.0 0.0 0.0 0.0 -0.026652938602091857 0.00975427489279505 -1.0885511338710785 0.1640921162812526 -0.2636693834262862 0.07012483601762931 0.0 0.0 0.0 -0.10811577080703318 -0.09756507986982954 -0.013082008267651013 -0.011805374664249375 0.0 0.0 0.0 0.0 10.200000000000008 0.0 0.07 10.200000000000008 0.0 0.07 0.3 0.05 0.8 0.3 0.05 0.8 0.5 0.1 0.05
1569 8.41786789894104 0.0 0.0 0.0 0.0 0.0 0.0 -0.026652930812669985 0.00976421511649368 -1.0885511338710785 0.1640921162812526 -0.2636693834262862 0.07012483601762931 0.0 0.0 0.0 -0.10811577080703318 -0.09756507986982954 -0.013082008267651013 -0.011805374664249375 0.0 0.0 0.0 0.0 10.200000000000008 0.0 0.07 10.200000000000008 0.0 0.07 0.3 0.05 0.8 0.3 0.05 0.8 0.5 0.1 0.05
1570 8.423403024673462 0.0 0.0 0.0 0.0 0.0 0.0 -0.026652926139016864 0.009770179250712859 -1.0885511338710785 0.1640921162812526 -0.2636693834262862 0.07012483601762931 0.0 0.0 0.0 -0.10811577080703318 -0.09756507986982954 -0.013082008267651013 -0.011805374664249375 0.0 0.0 0.0 0.0 10.200000000000008 0.0 0.07 10.200000000000008 0.0 0.07 0.3 0.05 0.8 0.3 0.05 0.8 0.5 0.1 0.05
1571 8.429193019866943 0.0 0.0 0.0 0.0 0.0 0.0 -0.02665292333482499 0.009773757731244365 -1.0885511338710785 0.1640921162812526 -0.2636693834262862 0.07012483601762931 0.0 0.0 0.0 -0.10811577080703318 -0.09756507986982954 -0.013082008267651013 -0.011805374664249375 0.0 0.0 0.0 0.0 10.200000000000008 0.0 0.07 10.200000000000008 0.0 0.07 0.3 0.05 0.8 0.3 0.05 0.8 0.5 0.1 0.05
1572 8.434792280197144 0.0 0.0 0.0 0.0 0.0 0.0 -0.026652921652309865 0.00977590481956327 -1.0885511338710785 0.1640921162812526 -0.2636693834262862 0.07012483601762931 0.0 0.0 0.0 -0.10811577080703318 -0.09756507986982954 -0.013082008267651013 -0.011805374664249375 0.0 0.0 0.0 0.0 10.200000000000008 0.0 0.07 10.200000000000008 0.0 0.07 0.3 0.05 0.8 0.3 0.05 0.8 0.5 0.1 0.05
1573 8.440384864807129 0.0 0.0 0.0 0.0 0.0 0.0 -0.026652920642800792 0.009777193072554612 -1.0885511338710785 0.1640921162812526 -0.2636693834262862 0.07012483601762931 0.0 0.0 0.0 -0.10811577080703318 -0.09756507986982954 -0.013082008267651013 -0.011805374664249375 0.0 0.0 0.0 0.0 10.200000000000008 0.0 0.07 10.200000000000008 0.0 0.07 0.3 0.05 0.8 0.3 0.05 0.8 0.5 0.1 0.05
1574 8.446009635925293 0.0 0.0 0.0 0.0 0.0 0.0 -0.026652920037095348 0.009777966024349417 -1.0885511338710785 0.1640921162812526 -0.2636693834262862 0.07012483601762931 0.0 0.0 0.0 -0.10811577080703318 -0.09756507986982954 -0.013082008267651013 -0.011805374664249375 0.0 0.0 0.0 0.0 10.200000000000008 0.0 0.07 10.200000000000008 0.0 0.07 0.3 0.05 0.8 0.3 0.05 0.8 0.5 0.1 0.05
1575 8.45147705078125 0.0 0.0 0.0 0.0 0.0 0.0 -0.02665291967367208 0.009778429795426301 -1.0885511338710785 0.1640921162812526 -0.2636693834262862 0.07012483601762931 0.0 0.0 0.0 -0.10811577080703318 -0.09756507986982954 -0.013082008267651013 -0.011805374664249375 0.0 0.0 0.0 0.0 10.200000000000008 0.0 0.07 10.200000000000008 0.0 0.07 0.3 0.05 0.8 0.3 0.05 0.8 0.5 0.1 0.05
1576 8.45686149597168 0.0 0.0 0.0 0.0 0.0 0.0 -0.02665291945561812 0.009778708058072431 -1.0885511338710785 0.1640921162812526 -0.2636693834262862 0.07012483601762931 0.0 0.0 0.0 -0.10811577080703318 -0.09756507986982954 -0.013082008267651013 -0.011805374664249375 0.0 0.0 0.0 0.0 10.200000000000008 0.0 0.07 10.200000000000008 0.0 0.07 0.3 0.05 0.8 0.3 0.05 0.8 0.5 0.1 0.05
1577 8.462231636047363 0.0 0.0 0.0 0.0 0.0 0.0 -0.026652919324785744 0.009778875015660108 -1.0885511338710785 0.1640921162812526 -0.2636693834262862 0.07012483601762931 0.0 0.0 0.0 -0.10811577080703318 -0.09756507986982954 -0.013082008267651013 -0.011805374664249375 0.0 0.0 0.0 0.0 10.200000000000008 0.0 0.07 10.200000000000008 0.0 0.07 0.3 0.05 0.8 0.3 0.05 0.8 0.5 0.1 0.05
1578 8.467617750167847 0.0 0.0 0.0 0.0 0.0 0.0 -0.02665291924628632 0.009778975190212716 -1.0885511338710785 0.1640921162812526 -0.2636693834262862 0.07012483601762931 0.0 0.0 0.0 -0.10811577080703318 -0.09756507986982954 -0.013082008267651013 -0.011805374664249375 0.0 0.0 0.0 0.0 10.200000000000008 0.0 0.07 10.200000000000008 0.0 0.07 0.3 0.05 0.8 0.3 0.05 0.8 0.5 0.1 0.05
1579 8.47300934791565 0.0 0.0 0.0 0.0 0.0 0.0 -0.026652919199186664 0.00977903529494428 -1.0885511338710785 0.1640921162812526 -0.2636693834262862 0.07012483601762931 0.0 0.0 0.0 -0.10811577080703318 -0.09756507986982954 -0.013082008267651013 -0.011805374664249375 0.0 0.0 0.0 0.0 10.200000000000008 0.0 0.07 10.200000000000008 0.0 0.07 0.3 0.05 0.8 0.3 0.05 0.8 0.5 0.1 0.05
1580 8.478389024734497 0.0 0.0 0.0 0.0 0.0 0.0 -0.02665291917092687 0.009779071357783218 -1.0885511338710785 0.1640921162812526 -0.2636693834262862 0.07012483601762931 0.0 0.0 0.0 -0.10811577080703318 -0.09756507986982954 -0.013082008267651013 -0.011805374664249375 0.0 0.0 0.0 0.0 10.200000000000008 0.0 0.07 10.200000000000008 0.0 0.07 0.3 0.05 0.8 0.3 0.05 0.8 0.5 0.1 0.05
1581 8.484008312225342 0.0 0.0 0.0 0.0 0.0 0.0 -0.026652919153970993 0.009779092995486582 -1.0885511338710785 0.1640921162812526 -0.2636693834262862 0.07012483601762931 0.0 0.0 0.0 -0.10811577080703318 -0.09756507986982954 -0.013082008267651013 -0.011805374664249375 0.0 0.0 0.0 0.0 10.200000000000008 0.0 0.07 10.200000000000008 0.0 0.07 0.3 0.05 0.8 0.3 0.05 0.8 0.5 0.1 0.05
1582 8.48997187614441 0.0 0.0 0.0 0.0 0.0 0.0 -0.026652919143797468 0.0097791059781086 -1.0885511338710785 0.1640921162812526 -0.2636693834262862 0.07012483601762931 0.0 0.0 0.0 -0.10811577080703318 -0.09756507986982954 -0.013082008267651013 -0.011805374664249375 0.0 0.0 0.0 0.0 10.200000000000008 0.0 0.07 10.200000000000008 0.0 0.07 0.3 0.05 0.8 0.3 0.05 0.8 0.5 0.1 0.05
1583 8.495689153671265 0.0 0.0 0.0 0.0 0.0 0.0 -0.026652919137693354 0.009779113767681811 -1.0885511338710785 0.1640921162812526 -0.2636693834262862 0.07012483601762931 0.0 0.0 0.0 -0.10811577080703318 -0.09756507986982954 -0.013082008267651013 -0.011805374664249375 0.0 0.0 0.0 0.0 10.200000000000008 0.0 0.07 10.200000000000008 0.0 0.07 0.3 0.05 0.8 0.3 0.05 0.8 0.5 0.1 0.05
1584 8.50130820274353 0.0 0.0 0.0 0.0 0.0 0.0 -0.026652919134030884 0.009779118441425736 -1.0885511338710785 0.1640921162812526 -0.2636693834262862 0.07012483601762931 0.0 0.0 0.0 -0.10811577080703318 -0.09756507986982954 -0.013082008267651013 -0.011805374664249375 0.0 0.0 0.0 0.0 10.200000000000008 0.0 0.07 10.200000000000008 0.0 0.07 0.3 0.05 0.8 0.3 0.05 0.8 0.5 0.1 0.05
1585 8.506914138793945 0.0 0.0 0.0 0.0 0.0 0.0 -0.026652919131833402 0.009779121245672092 -1.0885511338710785 0.1640921162812526 -0.2636693834262862 0.07012483601762931 0.0 0.0 0.0 -0.10811577080703318 -0.09756507986982954 -0.013082008267651013 -0.011805374664249375 0.0 0.0 0.0 0.0 10.200000000000008 0.0 0.07 10.200000000000008 0.0 0.07 0.3 0.05 0.8 0.3 0.05 0.8 0.5 0.1 0.05
1586 8.51267409324646 0.0 0.0 0.0 0.0 0.0 0.0 -0.026652919130514912 0.009779122928219905 -1.0885511338710785 0.1640921162812526 -0.2636693834262862 0.07012483601762931 0.0 0.0 0.0 -0.10811577080703318 -0.09756507986982954 -0.013082008267651013 -0.011805374664249375 0.0 0.0 0.0 0.0 10.200000000000008 0.0 0.07 10.200000000000008 0.0 0.07 0.3 0.05 0.8 0.3 0.05 0.8 0.5 0.1 0.05
1587 8.518724203109741 0.0 0.0 0.0 0.0 0.0 0.0 -0.02665291912972382 0.009779123937748595 -1.0885511338710785 0.1640921162812526 -0.2636693834262862 0.07012483601762931 0.0 0.0 0.0 -0.10811577080703318 -0.09756507986982954 -0.013082008267651013 -0.011805374664249375 0.0 0.0 0.0 0.0 10.200000000000008 0.0 0.07 10.200000000000008 0.0 0.07 0.3 0.05 0.8 0.3 0.05 0.8 0.5 0.1 0.05
1588 8.524380445480347 0.0 0.0 0.0 0.0 0.0 0.0 -0.026652919129249164 0.009779124543465807 -1.0885511338710785 0.1640921162812526 -0.2636693834262862 0.07012483601762931 0.0 0.0 0.0 -0.10811577080703318 -0.09756507986982954 -0.013082008267651013 -0.011805374664249375 0.0 0.0 0.0 0.0 10.200000000000008 0.0 0.07 10.200000000000008 0.0 0.07 0.3 0.05 0.8 0.3 0.05 0.8 0.5 0.1 0.05
1589 8.53010368347168 0.0 0.0 0.0 0.0 0.0 0.0 -0.02665291912896437 0.009779124906896135 -1.0885511338710785 0.1640921162812526 -0.2636693834262862 0.07012483601762931 0.0 0.0 0.0 -0.10811577080703318 -0.09756507986982954 -0.013082008267651013 -0.011805374664249375 0.0 0.0 0.0 0.0 10.200000000000008 0.0 0.07 10.200000000000008 0.0 0.07 0.3 0.05 0.8 0.3 0.05 0.8 0.5 0.1 0.05
1590 8.535670042037964 0.0 0.0 0.0 0.0 0.0 0.0 -0.026652919128793494 0.009779125124954331 -1.0885511338710785 0.1640921162812526 -0.2636693834262862 0.07012483601762931 0.0 0.0 0.0 -0.10811577080703318 -0.09756507986982954 -0.013082008267651013 -0.011805374664249375 0.0 0.0 0.0 0.0 10.200000000000008 0.0 0.07 10.200000000000008 0.0 0.07 0.3 0.05 0.8 0.3 0.05 0.8 0.5 0.1 0.05
1591 8.541868686676025 0.0 0.0 0.0 0.0 0.0 0.0 -0.026652919128690968 0.00977912525578925 -1.0885511338710785 0.1640921162812526 -0.2636693834262862 0.07012483601762931 0.0 0.0 0.0 -0.10811577080703318 -0.09756507986982954 -0.013082008267651013 -0.011805374664249375 0.0 0.0 0.0 0.0 10.200000000000008 0.0 0.07 10.200000000000008 0.0 0.07 0.3 0.05 0.8 0.3 0.05 0.8 0.5 0.1 0.05
1592 8.547571897506714 0.0 0.0 0.0 0.0 0.0 0.0 -0.02665291912862945 0.009779125334290201 -1.0885511338710785 0.1640921162812526 -0.2636693834262862 0.07012483601762931 0.0 0.0 0.0 -0.10811577080703318 -0.09756507986982954 -0.013082008267651013 -0.011805374664249375 0.0 0.0 0.0 0.0 10.200000000000008 0.0 0.07 10.200000000000008 0.0 0.07 0.3 0.05 0.8 0.3 0.05 0.8 0.5 0.1 0.05
1593 8.553415060043335 0.0 0.0 0.0 0.0 0.0 0.0 -0.026652919128592543 0.009779125381390771 -1.0885511338710785 0.1640921162812526 -0.2636693834262862 0.07012483601762931 0.0 0.0 0.0 -0.10811577080703318 -0.09756507986982954 -0.013082008267651013 -0.011805374664249375 0.0 0.0 0.0 0.0 10.200000000000008 0.0 0.07 10.200000000000008 0.0 0.07 0.3 0.05 0.8 0.3 0.05 0.8 0.5 0.1 0.05
1594 8.559289455413818 0.0 0.0 0.0 0.0 0.0 0.0 -0.026652919128570398 0.009779125409651113 -1.0885511338710785 0.1640921162812526 -0.2636693834262862 0.07012483601762931 0.0 0.0 0.0 -0.10811577080703318 -0.09756507986982954 -0.013082008267651013 -0.011805374664249375 0.0 0.0 0.0 0.0 10.200000000000008 0.0 0.07 10.200000000000008 0.0 0.07 0.3 0.05 0.8 0.3 0.05 0.8 0.5 0.1 0.05
1595 8.565850257873535 0.0 0.0 0.0 0.0 0.0 0.0 -0.02665291912855711 0.009779125426607319 -1.0885511338710785 0.1640921162812526 -0.2636693834262862 0.07012483601762931 0.0 0.0 0.0 -0.10811577080703318 -0.09756507986982954 -0.013082008267651013 -0.011805374664249375 0.0 0.0 0.0 0.0 10.200000000000008 0.0 0.07 10.200000000000008 0.0 0.07 0.3 0.05 0.8 0.3 0.05 0.8 0.5 0.1 0.05
1596 8.571442604064941 0.0 0.0 0.0 0.0 0.0 0.0 -0.026652919128549137 0.009779125436781042 -1.0885511338710785 0.1640921162812526 -0.2636693834262862 0.07012483601762931 0.0 0.0 0.0 -0.10811577080703318 -0.09756507986982954 -0.013082008267651013 -0.011805374664249375 0.0 0.0 0.0 0.0 10.200000000000008 0.0 0.07 10.200000000000008 0.0 0.07 0.3 0.05 0.8 0.3 0.05 0.8 0.5 0.1 0.05
1597 8.577455997467041 0.0 0.0 0.0 0.0 0.0 0.0 -0.026652919128544353 0.009779125442885277 -1.0885511338710785 0.1640921162812526 -0.2636693834262862 0.07012483601762931 0.0 0.0 0.0 -0.10811577080703318 -0.09756507986982954 -0.013082008267651013 -0.011805374664249375 0.0 0.0 0.0 0.0 10.200000000000008 0.0 0.07 10.200000000000008 0.0 0.07 0.3 0.05 0.8 0.3 0.05 0.8 0.5 0.1 0.05
1598 8.583133220672607 0.0 0.0 0.0 0.0 0.0 0.0 -0.026652919128541484 0.009779125446547816 -1.0885511338710785 0.1640921162812526 -0.2636693834262862 0.07012483601762931 0.0 0.0 0.0 -0.10811577080703318 -0.09756507986982954 -0.013082008267651013 -0.011805374664249375 0.0 0.0 0.0 0.0 10.200000000000008 0.0 0.07 10.200000000000008 0.0 0.07 0.3 0.05 0.8 0.3 0.05 0.8 0.5 0.1 0.05
1599 8.58858609199524 0.0 0.0 0.0 0.0 0.0 0.0 -0.026652919128539763 0.009779125448745339 -1.0885511338710785 0.1640921162812526 -0.2636693834262862 0.07012483601762931 0.0 0.0 0.0 -0.10811577080703318 -0.09756507986982954 -0.013082008267651013 -0.011805374664249375 0.0 0.0 0.0 0.0 10.200000000000008 0.0 0.07 10.200000000000008 0.0 0.07 0.3 0.05 0.8 0.3 0.05 0.8 0.5 0.1 0.05
1600 8.59401535987854 0.0 0.0 0.0 0.0 0.0 0.0 -0.02665291912853873 0.009779125450063854 -1.0885511338710785 0.1640921162812526 -0.2636693834262862 0.07012483601762931 0.0 0.0 0.0 -0.10811577080703318 -0.09756507986982954 -0.013082008267651013 -0.011805374664249375 0.0 0.0 0.0 0.0 10.200000000000008 0.0 0.07 10.200000000000008 0.0 0.07 0.3 0.05 0.8 0.3 0.05 0.8 0.5 0.1 0.05
1601 8.600510835647583 0.0 0.0 0.0 0.0 0.0 0.0 -0.026652919128538108 0.009779125450854964 -1.0885511338710785 0.1640921162812526 -0.2636693834262862 0.07012483601762931 0.0 0.0 0.0 -0.10811577080703318 -0.09756507986982954 -0.013082008267651013 -0.011805374664249375 0.0 0.0 0.0 0.0 10.200000000000008 0.0 0.07 10.200000000000008 0.0 0.07 0.3 0.05 0.8 0.3 0.05 0.8 0.5 0.1 0.05
1602 8.606059312820435 0.0 0.0 0.0 0.0 0.0 0.0 -0.026652919128537737 0.00977912545132963 -1.0885511338710785 0.1640921162812526 -0.2636693834262862 0.07012483601762931 0.0 0.0 0.0 -0.10811577080703318 -0.09756507986982954 -0.013082008267651013 -0.011805374664249375 0.0 0.0 0.0 0.0 10.200000000000008 0.0 0.07 10.200000000000008 0.0 0.07 0.3 0.05 0.8 0.3 0.05 0.8 0.5 0.1 0.05
1603 8.611584186553955 0.0 0.0 0.0 0.0 0.0 0.0 -0.026652919128537515 0.00977912545161443 -1.0885511338710785 0.1640921162812526 -0.2636693834262862 0.07012483601762931 0.0 0.0 0.0 -0.10811577080703318 -0.09756507986982954 -0.013082008267651013 -0.011805374664249375 0.0 0.0 0.0 0.0 10.200000000000008 0.0 0.07 10.200000000000008 0.0 0.07 0.3 0.05 0.8 0.3 0.05 0.8 0.5 0.1 0.05
1604 8.617036581039429 0.0 0.0 0.0 0.0 0.0 0.0 -0.02665291912853738 0.009779125451785308 -1.0885511338710785 0.1640921162812526 -0.2636693834262862 0.07012483601762931 0.0 0.0 0.0 -0.10811577080703318 -0.09756507986982954 -0.013082008267651013 -0.011805374664249375 0.0 0.0 0.0 0.0 10.200000000000008 0.0 0.07 10.200000000000008 0.0 0.07 0.3 0.05 0.8 0.3 0.05 0.8 0.5 0.1 0.05
1605 8.622422695159912 0.0 0.0 0.0 0.0 0.0 0.0 -0.0266529191285373 0.009779125451887836 -1.0885511338710785 0.1640921162812526 -0.2636693834262862 0.07012483601762931 0.0 0.0 0.0 -0.10811577080703318 -0.09756507986982954 -0.013082008267651013 -0.011805374664249375 0.0 0.0 0.0 0.0 10.200000000000008 0.0 0.07 10.200000000000008 0.0 0.07 0.3 0.05 0.8 0.3 0.05 0.8 0.5 0.1 0.05
1606 8.6279776096344 0.0 0.0 0.0 0.0 0.0 0.0 -0.02665291912853725 0.009855824708846325 -1.0885511338710785 0.1640921162812526 -0.2636693834262862 0.07012483601762931 0.0 0.0 0.0 -0.10811577080703318 -0.09756507986982954 -0.013082008267651013 -0.011805374664249375 0.0 0.0 0.0 0.0 10.200000000000008 0.0 0.07 10.200000000000008 0.0 0.07 0.3 0.05 0.8 0.3 0.05 0.8 0.5 0.1 0.05
1607 8.633362770080566 0.0 0.0 0.0 0.0 0.0 0.0 -0.026652919128537223 0.009901844263021417 -1.0885511338710785 0.1640921162812526 -0.2636693834262862 0.07012483601762931 0.0 0.0 0.0 -0.10811577080703318 -0.09756507986982954 -0.013082008267651013 -0.011805374664249375 0.0 0.0 0.0 0.0 10.200000000000008 0.0 0.07 10.200000000000008 0.0 0.07 0.3 0.05 0.8 0.3 0.05 0.8 0.5 0.1 0.05
1608 8.638636112213135 0.0 0.0 0.0 0.0 0.0 0.0 -0.026652919128537206 0.009929455995526474 -1.0885511338710785 0.1640921162812526 -0.2636693834262862 0.07012483601762931 0.0 0.0 0.0 -0.10811577080703318 -0.09756507986982954 -0.013082008267651013 -0.011805374664249375 0.0 0.0 0.0 0.0 10.200000000000008 0.0 0.07 10.200000000000008 0.0 0.07 0.3 0.05 0.8 0.3 0.05 0.8 0.5 0.1 0.05
1609 8.64400029182434 0.0 0.0 0.0 0.0 0.0 0.0 -0.026652919128537195 0.009946023035029509 -1.0885511338710785 0.1640921162812526 -0.2636693834262862 0.07012483601762931 0.0 0.0 0.0 -0.10811577080703318 -0.09756507986982954 -0.013082008267651013 -0.011805374664249375 0.0 0.0 0.0 0.0 10.200000000000008 0.0 0.07 10.200000000000008 0.0 0.07 0.3 0.05 0.8 0.3 0.05 0.8 0.5 0.1 0.05
1610 8.649316787719727 0.0 0.0 0.0 0.0 0.0 0.0 -0.02665291912853719 0.00995596325873133 -1.0885511338710785 0.1640921162812526 -0.2636693834262862 0.07012483601762931 0.0 0.0 0.0 -0.10811577080703318 -0.09756507986982954 -0.013082008267651013 -0.011805374664249375 0.0 0.0 0.0 0.0 10.200000000000008 0.0 0.07 10.200000000000008 0.0 0.07 0.3 0.05 0.8 0.3 0.05 0.8 0.5 0.1 0.05
1611 8.655436515808105 0.0 0.0 0.0 0.0 0.0 0.0 -0.026652919128537185 0.009961927392952421 -1.0885511338710785 0.1640921162812526 -0.2636693834262862 0.07012483601762931 0.0 0.0 0.0 -0.10811577080703318 -0.09756507986982954 -0.013082008267651013 -0.011805374664249375 0.0 0.0 0.0 0.0 10.200000000000008 0.0 0.07 10.200000000000008 0.0 0.07 0.3 0.05 0.8 0.3 0.05 0.8 0.5 0.1 0.05
1612 8.660918235778809 0.0 0.0 0.0 0.0 0.0 0.0 -0.02665291912853718 0.009965505873485075 -1.0885511338710785 0.1640921162812526 -0.2636693834262862 0.07012483601762931 0.0 0.0 0.0 -0.10811577080703318 -0.09756507986982954 -0.013082008267651013 -0.011805374664249375 0.0 0.0 0.0 0.0 10.200000000000008 0.0 0.07 10.200000000000008 0.0 0.07 0.3 0.05 0.8 0.3 0.05 0.8 0.5 0.1 0.05
1613 8.666380882263184 0.0 0.0 0.0 0.0 0.0 0.0 -0.02665291912853718 0.009967652961804668 -1.0885511338710785 0.1640921162812526 -0.2636693834262862 0.07012483601762931 0.0 0.0 0.0 -0.10811577080703318 -0.09756507986982954 -0.013082008267651013 -0.011805374664249375 0.0 0.0 0.0 0.0 10.200000000000008 0.0 0.07 10.200000000000008 0.0 0.07 0.3 0.05 0.8 0.3 0.05 0.8 0.5 0.1 0.05
1614 8.671963214874268 0.0 0.0 0.0 0.0 0.0 0.0 -0.02665291912853718 0.009968941214796424 -1.0885511338710785 0.1640921162812526 -0.2636693834262862 0.07012483601762931 0.0 0.0 0.0 -0.10811577080703318 -0.09756507986982954 -0.013082008267651013 -0.011805374664249375 0.0 0.0 0.0 0.0 10.200000000000008 0.0 0.07 10.200000000000008 0.0 0.07 0.3 0.05 0.8 0.3 0.05 0.8 0.5 0.1 0.05
1615 8.677369117736816 0.0 0.0 0.0 0.0 0.0 0.0 -0.02665291912853718 0.009969714166591478 -1.0885511338710785 0.1640921162812526 -0.2636693834262862 0.07012483601762931 0.0 0.0 0.0 -0.10811577080703318 -0.09756507986982954 -0.013082008267651013 -0.011805374664249375 0.0 0.0 0.0 0.0 10.200000000000008 0.0 0.07 10.200000000000008 0.0 0.07 0.3 0.05 0.8 0.3 0.05 0.8 0.5 0.1 0.05
1616 8.682690620422363 0.0 0.0 0.0 0.0 0.0 0.0 -0.02665291912853718 0.009970177937668509 -1.0885511338710785 0.1640921162812526 -0.2636693834262862 0.07012483601762931 0.0 0.0 0.0 -0.10811577080703318 -0.09756507986982954 -0.013082008267651013 -0.011805374664249375 0.0 0.0 0.0 0.0 10.200000000000008 0.0 0.07 10.200000000000008 0.0 0.07 0.3 0.05 0.8 0.3 0.05 0.8 0.5 0.1 0.05
1617 8.68799638748169 0.0 0.0 0.0 0.0 0.0 0.0 -0.02665291912853718 0.00997045620031473 -1.0885511338710785 0.1640921162812526 -0.2636693834262862 0.07012483601762931 0.0 0.0 0.0 -0.10811577080703318 -0.09756507986982954 -0.013082008267651013 -0.011805374664249375 0.0 0.0 0.0 0.0 10.200000000000008 0.0 0.07 10.200000000000008 0.0 0.07 0.3 0.05 0.8 0.3 0.05 0.8 0.5 0.1 0.05
1618 8.693335056304932 0.0 0.0 0.0 0.0 0.0 0.0 -0.02665291912853718 0.00997062315790246 -1.0885511338710785 0.1640921162812526 -0.2636693834262862 0.07012483601762931 0.0 0.0 0.0 -0.10811577080703318 -0.09756507986982954 -0.013082008267651013 -0.011805374664249375 0.0 0.0 0.0 0.0 10.200000000000008 0.0 0.07 10.200000000000008 0.0 0.07 0.3 0.05 0.8 0.3 0.05 0.8 0.5 0.1 0.05
1619 8.69863772392273 0.0 0.0 0.0 0.0 0.0 0.0 -0.02665291912853718 0.009970723332455099 -1.0885511338710785 0.1640921162812526 -0.2636693834262862 0.07012483601762931 0.0 0.0 0.0 -0.10811577080703318 -0.09756507986982954 -0.013082008267651013 -0.011805374664249375 0.0 0.0 0.0 0.0 10.200000000000008 0.0 0.07 10.200000000000008 0.0 0.07 0.3 0.05 0.8 0.3 0.05 0.8 0.5 0.1 0.05
1620 8.703927040100098 0.0 0.0 0.0 0.0 0.0 0.0 -0.02665291912853718 0.009970783437186683 -1.0885511338710785 0.1640921162812526 -0.2636693834262862 0.07012483601762931 0.0 0.0 0.0 -0.10811577080703318 -0.09756507986982954 -0.013082008267651013 -0.011805374664249375 0.0 0.0 0.0 0.0 10.200000000000008 0.0 0.07 10.200000000000008 0.0 0.07 0.3 0.05 0.8 0.3 0.05 0.8 0.5 0.1 0.05
1621 8.709462404251099 0.0 0.0 0.0 0.0 0.0 0.0 -0.02665291912853718 0.009970819500025634 -1.0885511338710785 0.1640921162812526 -0.2636693834262862 0.07012483601762931 0.0 0.0 0.0 -0.10811577080703318 -0.09756507986982954 -0.013082008267651013 -0.011805374664249375 0.0 0.0 0.0 0.0 10.200000000000008 0.0 0.07 10.200000000000008 0.0 0.07 0.3 0.05 0.8 0.3 0.05 0.8 0.5 0.1 0.05
1622 8.714918851852417 0.0 0.0 0.0 0.0 0.0 0.0 -0.02665291912853718 0.009970841137729003 -1.0885511338710785 0.1640921162812526 -0.2636693834262862 0.07012483601762931 0.0 0.0 0.0 -0.10811577080703318 -0.09756507986982954 -0.013082008267651013 -0.011805374664249375 0.0 0.0 0.0 0.0 10.200000000000008 0.0 0.07 10.200000000000008 0.0 0.07 0.3 0.05 0.8 0.3 0.05 0.8 0.5 0.1 0.05
1623 8.720289707183838 0.0 0.0 0.0 0.0 0.0 0.0 -0.02665291912853718 0.009970854120351026 -1.0885511338710785 0.1640921162812526 -0.2636693834262862 0.07012483601762931 0.0 0.0 0.0 -0.10811577080703318 -0.09756507986982954 -0.013082008267651013 -0.011805374664249375 0.0 0.0 0.0 0.0 10.200000000000008 0.0 0.07 10.200000000000008 0.0 0.07 0.3 0.05 0.8 0.3 0.05 0.8 0.5 0.1 0.05
1624 8.725741147994995 0.0 0.0 0.0 0.0 0.0 0.0 -0.02665291912853718 0.009970861909924238 -1.0885511338710785 0.1640921162812526 -0.2636693834262862 0.07012483601762931 0.0 0.0 0.0 -0.10811577080703318 -0.09756507986982954 -0.013082008267651013 -0.011805374664249375 0.0 0.0 0.0 0.0 10.200000000000008 0.0 0.07 10.200000000000008 0.0 0.07 0.3 0.05 0.8 0.3 0.05 0.8 0.5 0.1 0.05
1625 8.731424570083618 0.0 0.0 0.0 0.0 0.0 0.0 -0.02665291912853718 0.009970866583668166 -1.0885511338710785 0.1640921162812526 -0.2636693834262862 0.07012483601762931 0.0 0.0 0.0 -0.10811577080703318 -0.09756507986982954 -0.013082008267651013 -0.011805374664249375 0.0 0.0 0.0 0.0 10.200000000000008 0.0 0.07 10.200000000000008 0.0 0.07 0.3 0.05 0.8 0.3 0.05 0.8 0.5 0.1 0.05
1626 8.736989259719849 0.0 0.0 0.0 0.0 0.0 0.0 -0.02665291912853718 0.009970869387914524 -1.0885511338710785 0.1640921162812526 -0.2636693834262862 0.07012483601762931 0.0 0.0 0.0 -0.10811577080703318 -0.09756507986982954 -0.013082008267651013 -0.011805374664249375 0.0 0.0 0.0 0.0 10.200000000000008 0.0 0.07 10.200000000000008 0.0 0.07 0.3 0.05 0.8 0.3 0.05 0.8 0.5 0.1 0.05
1627 8.742503643035889 0.0 0.0 0.0 0.0 0.0 0.0 -0.02665291912853718 0.009970871070462337 -1.0885511338710785 0.1640921162812526 -0.2636693834262862 0.07012483601762931 0.0 0.0 0.0 -0.10811577080703318 -0.09756507986982954 -0.013082008267651013 -0.011805374664249375 0.0 0.0 0.0 0.0 10.200000000000008 0.0 0.07 10.200000000000008 0.0 0.07 0.3 0.05 0.8 0.3 0.05 0.8 0.5 0.1 0.05
1628 8.748044729232788 0.0 0.0 0.0 0.0 0.0 0.0 -0.02665291912853718 0.009970872079991026 -1.0885511338710785 0.1640921162812526 -0.2636693834262862 0.07012483601762931 0.0 0.0 0.0 -0.10811577080703318 -0.09756507986982954 -0.013082008267651013 -0.011805374664249375 0.0 0.0 0.0 0.0 10.200000000000008 0.0 0.07 10.200000000000008 0.0 0.07 0.3 0.05 0.8 0.3 0.05 0.8 0.5 0.1 0.05
1629 8.753496408462524 0.0 0.0 0.0 0.0 0.0 0.0 -0.02665291912853718 0.009970872685708239 -1.0885511338710785 0.1640921162812526 -0.2636693834262862 0.07012483601762931 0.0 0.0 0.0 -0.10811577080703318 -0.09756507986982954 -0.013082008267651013 -0.011805374664249375 0.0 0.0 0.0 0.0 10.200000000000008 0.0 0.07 10.200000000000008 0.0 0.07 0.3 0.05 0.8 0.3 0.05 0.8 0.5 0.1 0.05
1630 8.758962631225586 0.0 0.0 0.0 0.0 0.0 0.0 -0.02665291912853718 0.009970873049138566 -1.0885511338710785 0.1640921162812526 -0.2636693834262862 0.07012483601762931 0.0 0.0 0.0 -0.10811577080703318 -0.09756507986982954 -0.013082008267651013 -0.011805374664249375 0.0 0.0 0.0 0.0 10.200000000000008 0.0 0.07 10.200000000000008 0.0 0.07 0.3 0.05 0.8 0.3 0.05 0.8 0.5 0.1 0.05
1631 8.764888525009155 0.0 0.0 0.0 0.0 0.0 0.0 -0.02665291912853718 0.009970873267196763 -1.0885511338710785 0.1640921162812526 -0.2636693834262862 0.07012483601762931 0.0 0.0 0.0 -0.10811577080703318 -0.09756507986982954 -0.013082008267651013 -0.011805374664249375 0.0 0.0 0.0 0.0 10.200000000000008 0.0 0.07 10.200000000000008 0.0 0.07 0.3 0.05 0.8 0.3 0.05 0.8 0.5 0.1 0.05
1632 8.770423650741577 0.0 0.0 0.0 0.0 0.0 0.0 -0.02665291912853718 0.009970873398031682 -1.0885511338710785 0.1640921162812526 -0.2636693834262862 0.07012483601762931 0.0 0.0 0.0 -0.10811577080703318 -0.09756507986982954 -0.013082008267651013 -0.011805374664249375 0.0 0.0 0.0 0.0 10.200000000000008 0.0 0.07 10.200000000000008 0.0 0.07 0.3 0.05 0.8 0.3 0.05 0.8 0.5 0.1 0.05
1633 8.776065826416016 0.0 0.0 0.0 0.0 0.0 0.0 -0.02665291912853718 0.009970873476532633 -1.0885511338710785 0.1640921162812526 -0.2636693834262862 0.07012483601762931 0.0 0.0 0.0 -0.10811577080703318 -0.09756507986982954 -0.013082008267651013 -0.011805374664249375 0.0 0.0 0.0 0.0 10.200000000000008 0.0 0.07 10.200000000000008 0.0 0.07 0.3 0.05 0.8 0.3 0.05 0.8 0.5 0.1 0.05
1634 8.7817542552948 0.0 0.0 0.0 0.0 0.0 0.0 -0.02665291912853718 0.009970873523633203 -1.0885511338710785 0.1640921162812526 -0.2636693834262862 0.07012483601762931 0.0 0.0 0.0 -0.10811577080703318 -0.09756507986982954 -0.013082008267651013 -0.011805374664249375 0.0 0.0 0.0 0.0 10.200000000000008 0.0 0.07 10.200000000000008 0.0 0.07 0.3 0.05 0.8 0.3 0.05 0.8 0.5 0.1 0.05
1635 8.787264585494995 0.0 0.0 0.0 0.0 0.0 0.0 -0.02665291912853718 0.009970873551893545 -1.0885511338710785 0.1640921162812526 -0.2636693834262862 0.07012483601762931 0.0 0.0 0.0 -0.10811577080703318 -0.09756507986982954 -0.013082008267651013 -0.011805374664249375 0.0 0.0 0.0 0.0 10.200000000000008 0.0 0.07 10.200000000000008 0.0 0.07 0.3 0.05 0.8 0.3 0.05 0.8 0.5 0.1 0.05
1636 8.792657852172852 0.0 0.0 0.0 0.0 0.0 0.0 -0.02665291912853718 0.00997087356884975 -1.0885511338710785 0.1640921162812526 -0.2636693834262862 0.07012483601762931 0.0 0.0 0.0 -0.10811577080703318 -0.09756507986982954 -0.013082008267651013 -0.011805374664249375 0.0 0.0 0.0 0.0 10.200000000000008 0.0 0.07 10.200000000000008 0.0 0.07 0.3 0.05 0.8 0.3 0.05 0.8 0.5 0.1 0.05
1637 8.798104763031006 0.0 0.0 0.0 0.0 0.0 0.0 -0.02657621987164021 0.009970873579023473 -1.0885511338710785 0.1640921162812526 -0.2636693834262862 0.07012483601762931 0.0 0.0 0.0 -0.10811577080703318 -0.09756507986982954 -0.013082008267651013 -0.011805374664249375 0.0 0.0 0.0 0.0 10.200000000000008 0.0 0.07 10.200000000000008 0.0 0.07 0.3 0.05 0.8 0.3 0.05 0.8 0.5 0.1 0.05
1638 8.803597450256348 0.0 0.0 0.0 0.0 0.0 0.0 -0.02653020031750202 0.009970873585127708 -1.0885511338710785 0.1640921162812526 -0.2636693834262862 0.07012483601762931 0.0 0.0 0.0 -0.10811577080703318 -0.09756507986982954 -0.013082008267651013 -0.011805374664249375 0.0 0.0 0.0 0.0 10.200000000000008 0.0 0.07 10.200000000000008 0.0 0.07 0.3 0.05 0.8 0.3 0.05 0.8 0.5 0.1 0.05
1639 8.80906867980957 0.0 0.0 0.0 0.0 0.0 0.0 -0.02650258858501911 0.009970873588790247 -1.0885511338710785 0.1640921162812526 -0.2636693834262862 0.07012483601762931 0.0 0.0 0.0 -0.10811577080703318 -0.09756507986982954 -0.013082008267651013 -0.011805374664249375 0.0 0.0 0.0 0.0 10.200000000000008 0.0 0.07 10.200000000000008 0.0 0.07 0.3 0.05 0.8 0.3 0.05 0.8 0.5 0.1 0.05
1640 8.814553260803223 0.0 0.0 0.0 0.0 0.0 0.0 -0.026486021545529363 0.00997087359098777 -1.0885511338710785 0.1640921162812526 -0.2636693834262862 0.07012483601762931 0.0 0.0 0.0 -0.10811577080703318 -0.09756507986982954 -0.013082008267651013 -0.011805374664249375 0.0 0.0 0.0 0.0 10.200000000000008 0.0 0.07 10.200000000000008 0.0 0.07 0.3 0.05 0.8 0.3 0.05 0.8 0.5 0.1 0.05
1641 8.820936918258667 0.0 0.0 0.0 0.0 0.0 0.0 -0.026476081321835515 0.009970873592306286 -1.0885511338710785 0.1640921162812526 -0.2636693834262862 0.07012483601762931 0.0 0.0 0.0 -0.10811577080703318 -0.09756507986982954 -0.013082008267651013 -0.011805374664249375 0.0 0.0 0.0 0.0 10.200000000000008 0.0 0.07 10.200000000000008 0.0 0.07 0.3 0.05 0.8 0.3 0.05 0.8 0.5 0.1 0.05
1642 8.82648777961731 0.0 0.0 0.0 0.0 0.0 0.0 -0.026470117187619206 0.009970873593097396 -1.0885511338710785 0.1640921162812526 -0.2636693834262862 0.07012483601762931 0.0 0.0 0.0 -0.10811577080703318 -0.09756507986982954 -0.013082008267651013 -0.011805374664249375 0.0 0.0 0.0 0.0 10.200000000000008 0.0 0.07 10.200000000000008 0.0 0.07 0.3 0.05 0.8 0.3 0.05 0.8 0.5 0.1 0.05
1643 8.832154750823975 0.0 0.0 0.0 0.0 0.0 0.0 -0.02646653870708942 0.009970873593572061 -1.0885511338710785 0.1640921162812526 -0.2636693834262862 0.07012483601762931 0.0 0.0 0.0 -0.10811577080703318 -0.09756507986982954 -0.013082008267651013 -0.011805374664249375 0.0 0.0 0.0 0.0 10.200000000000008 0.0 0.07 10.200000000000008 0.0 0.07 0.3 0.05 0.8 0.3 0.05 0.8 0.5 0.1 0.05
1644 8.837942838668823 0.0 0.0 0.0 0.0 0.0 0.0 -0.02646439161877155 0.009970873593856861 -1.0885511338710785 0.1640921162812526 -0.2636693834262862 0.07012483601762931 0.0 0.0 0.0 -0.10811577080703318 -0.09756507986982954 -0.013082008267651013 -0.011805374664249375 0.0 0.0 0.0 0.0 10.200000000000008 0.0 0.07 10.200000000000008 0.0 0.07 0.3 0.05 0.8 0.3 0.05 0.8 0.5 0.1 0.05
1645 8.84351897239685 0.0 0.0 0.0 0.0 0.0 0.0 -0.02646310336578083 0.00997087359402774 -1.0885511338710785 0.1640921162812526 -0.2636693834262862 0.07012483601762931 0.0 0.0 0.0 -0.10811577080703318 -0.09756507986982954 -0.013082008267651013 -0.011805374664249375 0.0 0.0 0.0 0.0 10.200000000000008 0.0 0.07 10.200000000000008 0.0 0.07 0.3 0.05 0.8 0.3 0.05 0.8 0.5 0.1 0.05
1646 8.849041223526001 0.0 0.0 0.0 0.0 0.0 0.0 -0.0264623304139864 0.009970873594130267 -1.0885511338710785 0.1640921162812526 -0.2636693834262862 0.07012483601762931 0.0 0.0 0.0 -0.10811577080703318 -0.09756507986982954 -0.013082008267651013 -0.011805374664249375 0.0 0.0 0.0 0.0 10.200000000000008 0.0 0.07 10.200000000000008 0.0 0.07 0.3 0.05 0.8 0.3 0.05 0.8 0.5 0.1 0.05
1647 8.854597330093384 0.0 0.0 0.0 0.0 0.0 0.0 -0.02646186664290974 0.009970873594191784 -1.0885511338710785 0.1640921162812526 -0.2636693834262862 0.07012483601762931 0.0 0.0 0.0 -0.10811577080703318 -0.09756507986982954 -0.013082008267651013 -0.011805374664249375 0.0 0.0 0.0 0.0 10.200000000000008 0.0 0.07 10.200000000000008 0.0 0.07 0.3 0.05 0.8 0.3 0.05 0.8 0.5 0.1 0.05
1648 8.860108852386475 0.0 0.0 0.0 0.0 0.0 0.0 -0.026461588380263745 0.010047572851125666 -1.0885511338710785 0.1640921162812526 -0.2636693834262862 0.07012483601762931 0.0 0.0 0.0 -0.10811577080703318 -0.09756507986982954 -0.013082008267651013 -0.011805374664249375 0.0 0.0 0.0 0.0 10.200000000000008 0.0 0.07 10.200000000000008 0.0 0.07 0.3 0.05 0.8 0.3 0.05 0.8 0.5 0.1 0.05
1649 8.865553617477417 0.0 0.0 0.0 0.0 0.0 0.0 -0.026461421422676143 0.010093592405285994 -1.0885511338710785 0.1640921162812526 -0.2636693834262862 0.07012483601762931 0.0 0.0 0.0 -0.10811577080703318 -0.09756507986982954 -0.013082008267651013 -0.011805374664249375 0.0 0.0 0.0 0.0 10.200000000000008 0.0 0.07 10.200000000000008 0.0 0.07 0.3 0.05 0.8 0.3 0.05 0.8 0.5 0.1 0.05
1650 8.871013641357422 0.0 0.0 0.0 0.0 0.0 0.0 -0.026461321248123587 0.010121204137782192 -1.0885511338710785 0.1640921162812526 -0.2636693834262862 0.07012483601762931 0.0 0.0 0.0 -0.10811577080703318 -0.09756507986982954 -0.013082008267651013 -0.011805374664249375 0.0 0.0 0.0 0.0 10.200000000000008 0.0 0.07 10.200000000000008 0.0 0.07 0.3 0.05 0.8 0.3 0.05 0.8 0.5 0.1 0.05
1651 8.876645565032959 0.0 0.0 0.0 0.0 0.0 0.0 -0.026461261143392048 0.01013777117727991 -1.0885511338710785 0.1640921162812526 -0.2636693834262862 0.07012483601762931 0.0 0.0 0.0 -0.10811577080703318 -0.09756507986982954 -0.013082008267651013 -0.011805374664249375 0.0 0.0 0.0 0.0 10.200000000000008 0.0 0.07 10.200000000000008 0.0 0.07 0.3 0.05 0.8 0.3 0.05 0.8 0.5 0.1 0.05
1652 8.882121324539185 0.0 0.0 0.0 0.0 0.0 0.0 -0.026461225080553125 0.010147711400978542 -1.0885511338710785 0.1640921162812526 -0.2636693834262862 0.07012483601762931 0.0 0.0 0.0 -0.10811577080703318 -0.09756507986982954 -0.013082008267651013 -0.011805374664249375 0.0 0.0 0.0 0.0 10.200000000000008 0.0 0.07 10.200000000000008 0.0 0.07 0.3 0.05 0.8 0.3 0.05 0.8 0.5 0.1 0.05
1653 8.887631893157959 0.0 0.0 0.0 0.0 0.0 0.0 -0.026461203442849773 0.01015367553519772 -1.0885511338710785 0.1640921162812526 -0.2636693834262862 0.07012483601762931 0.0 0.0 0.0 -0.10811577080703318 -0.09756507986982954 -0.013082008267651013 -0.011805374664249375 0.0 0.0 0.0 0.0 10.200000000000008 0.0 0.07 10.200000000000008 0.0 0.07 0.3 0.05 0.8 0.3 0.05 0.8 0.5 0.1 0.05
1654 8.893166542053223 0.0 0.0 0.0 0.0 0.0 0.0 -0.02646119046022776 0.010157254015729228 -1.0885511338710785 0.1640921162812526 -0.2636693834262862 0.07012483601762931 0.0 0.0 0.0 -0.10811577080703318 -0.09756507986982954 -0.013082008267651013 -0.011805374664249375 0.0 0.0 0.0 0.0 10.200000000000008 0.0 0.07 10.200000000000008 0.0 0.07 0.3 0.05 0.8 0.3 0.05 0.8 0.5 0.1 0.05
1655 8.898649215698242 0.0 0.0 0.0 0.0 0.0 0.0 -0.026461182670654552 0.010159401104048133 -1.0885511338710785 0.1640921162812526 -0.2636693834262862 0.07012483601762931 0.0 0.0 0.0 -0.10811577080703318 -0.09756507986982954 -0.013082008267651013 -0.011805374664249375 0.0 0.0 0.0 0.0 10.200000000000008 0.0 0.07 10.200000000000008 0.0 0.07 0.3 0.05 0.8 0.3 0.05 0.8 0.5 0.1 0.05
1656 8.904065370559692 0.0 0.0 0.0 0.0 0.0 0.0 -0.026461177996910633 0.010160689357039475 -1.0885511338710785 0.1640921162812526 -0.2636693834262862 0.07012483601762931 0.0 0.0 0.0 -0.10811577080703318 -0.09756507986982954 -0.013082008267651013 -0.011805374664249375 0.0 0.0 0.0 0.0 10.200000000000008 0.0 0.07 10.200000000000008 0.0 0.07 0.3 0.05 0.8 0.3 0.05 0.8 0.5 0.1 0.05
1657 8.909470081329346 0.0 0.0 0.0 0.0 0.0 0.0 -0.026461175192664277 0.01016146230883428 -1.0885511338710785 0.1640921162812526 -0.2636693834262862 0.07012483601762931 0.0 0.0 0.0 -0.10811577080703318 -0.09756507986982954 -0.013082008267651013 -0.011805374664249375 0.0 0.0 0.0 0.0 10.200000000000008 0.0 0.07 10.200000000000008 0.0 0.07 0.3 0.05 0.8 0.3 0.05 0.8 0.5 0.1 0.05
1658 8.91492509841919 0.0 0.0 0.0 0.0 0.0 0.0 -0.026461173510116467 0.010161926079911163 -1.0885511338710785 0.1640921162812526 -0.2636693834262862 0.07012483601762931 0.0 0.0 0.0 -0.10811577080703318 -0.09756507986982954 -0.013082008267651013 -0.011805374664249375 0.0 0.0 0.0 0.0 10.200000000000008 0.0 0.07 10.200000000000008 0.0 0.07 0.3 0.05 0.8 0.3 0.05 0.8 0.5 0.1 0.05
1659 8.920371055603027 0.0 0.0 0.0 0.0 0.0 0.0 -0.026461172500587778 0.010162204342557293 -1.0885511338710785 0.1640921162812526 -0.2636693834262862 0.07012483601762931 0.0 0.0 0.0 -0.10811577080703318 -0.09756507986982954 -0.013082008267651013 -0.011805374664249375 0.0 0.0 0.0 0.0 10.200000000000008 0.0 0.07 10.200000000000008 0.0 0.07 0.3 0.05 0.8 0.3 0.05 0.8 0.5 0.1 0.05
1660 8.925786256790161 0.0 0.0 0.0 0.0 0.0 0.0 -0.026461171894870565 0.010162371300144971 -1.0885511338710785 0.1640921162812526 -0.2636693834262862 0.07012483601762931 0.0 0.0 0.0 -0.10811577080703318 -0.09756507986982954 -0.013082008267651013 -0.011805374664249375 0.0 0.0 0.0 0.0 10.200000000000008 0.0 0.07 10.200000000000008 0.0 0.07 0.3 0.05 0.8 0.3 0.05 0.8 0.5 0.1 0.05
1661 8.93138337135315 0.0 0.0 0.0 0.0 0.0 0.0 -0.026461171531440238 0.01016247147469758 -1.0885511338710785 0.1640921162812526 -0.2636693834262862 0.07012483601762931 0.0 0.0 0.0 -0.10811577080703318 -0.09756507986982954 -0.013082008267651013 -0.011805374664249375 0.0 0.0 0.0 0.0 10.200000000000008 0.0 0.07 10.200000000000008 0.0 0.07 0.3 0.05 0.8 0.3 0.05 0.8 0.5 0.1 0.05
1662 8.93686842918396 0.0 0.0 0.0 0.0 0.0 0.0 -0.02646117131338204 0.010162531579429143 -1.0885511338710785 0.1640921162812526 -0.2636693834262862 0.07012483601762931 0.0 0.0 0.0 -0.10811577080703318 -0.09756507986982954 -0.013082008267651013 -0.011805374664249375 0.0 0.0 0.0 0.0 10.200000000000008 0.0 0.07 10.200000000000008 0.0 0.07 0.3 0.05 0.8 0.3 0.05 0.8 0.5 0.1 0.05
1663 8.94247031211853 0.0 0.0 0.0 0.0 0.0 0.0 -0.026461171182547122 0.01016256764226808 -1.0885511338710785 0.1640921162812526 -0.2636693834262862 0.07012483601762931 0.0 0.0 0.0 -0.10811577080703318 -0.09756507986982954 -0.013082008267651013 -0.011805374664249375 0.0 0.0 0.0 0.0 10.200000000000008 0.0 0.07 10.200000000000008 0.0 0.07 0.3 0.05 0.8 0.3 0.05 0.8 0.5 0.1 0.05
1664 8.948079109191895 0.0 0.0 0.0 0.0 0.0 0.0 -0.026461171104046173 0.010162589279971443 -1.0885511338710785 0.1640921162812526 -0.2636693834262862 0.07012483601762931 0.0 0.0 0.0 -0.10811577080703318 -0.09756507986982954 -0.013082008267651013 -0.011805374664249375 0.0 0.0 0.0 0.0 10.200000000000008 0.0 0.07 10.200000000000008 0.0 0.07 0.3 0.05 0.8 0.3 0.05 0.8 0.5 0.1 0.05
1665 8.953497886657715 0.0 0.0 0.0 0.0 0.0 0.0 -0.0264611710569456 0.01016260226259346 -1.0885511338710785 0.1640921162812526 -0.2636693834262862 0.07012483601762931 0.0 0.0 0.0 -0.10811577080703318 -0.09756507986982954 -0.013082008267651013 -0.011805374664249375 0.0 0.0 0.0 0.0 10.200000000000008 0.0 0.07 10.200000000000008 0.0 0.07 0.3 0.05 0.8 0.3 0.05 0.8 0.5 0.1 0.05
1666 8.958882093429565 0.0 0.0 0.0 0.0 0.0 0.0 -0.02646117102868526 0.010162610052166673 -1.0885511338710785 0.1640921162812526 -0.2636693834262862 0.07012483601762931 0.0 0.0 0.0 -0.10811577080703318 -0.09756507986982954 -0.013082008267651013 -0.011805374664249375 0.0 0.0 0.0 0.0 10.200000000000008 0.0 0.07 10.200000000000008 0.0 0.07 0.3 0.05 0.8 0.3 0.05 0.8 0.5 0.1 0.05
1667 8.964370012283325 0.0 0.0 0.0 0.0 0.0 0.0 -0.026461171011729054 0.0101626147259106 -1.0885511338710785 0.1640921162812526 -0.2636693834262862 0.07012483601762931 0.0 0.0 0.0 -0.10811577080703318 -0.09756507986982954 -0.013082008267651013 -0.011805374664249375 0.0 0.0 0.0 0.0 10.200000000000008 0.0 0.07 10.200000000000008 0.0 0.07 0.3 0.05 0.8 0.3 0.05 0.8 0.5 0.1 0.05
1668 8.969785213470459 0.0 0.0 0.0 0.0 0.0 0.0 -0.02646117100155533 0.010162617530156955 -1.0885511338710785 0.1640921162812526 -0.2636693834262862 0.07012483601762931 0.0 0.0 0.0 -0.10811577080703318 -0.09756507986982954 -0.013082008267651013 -0.011805374664249375 0.0 0.0 0.0 0.0 10.200000000000008 0.0 0.07 10.200000000000008 0.0 0.07 0.3 0.05 0.8 0.3 0.05 0.8 0.5 0.1 0.05
1669 8.975169658660889 0.0 0.0 0.0 0.0 0.0 0.0 -0.026461170995451096 0.010162619212704768 -1.0885511338710785 0.1640921162812526 -0.2636693834262862 0.07012483601762931 0.0 0.0 0.0 -0.10811577080703318 -0.09756507986982954 -0.013082008267651013 -0.011805374664249375 0.0 0.0 0.0 0.0 10.200000000000008 0.0 0.07 10.200000000000008 0.0 0.07 0.3 0.05 0.8 0.3 0.05 0.8 0.5 0.1 0.05
1670 8.980758428573608 0.0 0.0 0.0 0.0 0.0 0.0 -0.026461170991788553 0.010162620222233456 -1.0885511338710785 0.1640921162812526 -0.2636693834262862 0.07012483601762931 0.0 0.0 0.0 -0.10811577080703318 -0.09756507986982954 -0.013082008267651013 -0.011805374664249375 0.0 0.0 0.0 0.0 10.200000000000008 0.0 0.07 10.200000000000008 0.0 0.07 0.3 0.05 0.8 0.3 0.05 0.8 0.5 0.1 0.05
1671 8.986349821090698 0.0 0.0 0.0 0.0 0.0 0.0 -0.026461170989591033 0.010162620827950669 -1.0885511338710785 0.1640921162812526 -0.2636693834262862 0.07012483601762931 0.0 0.0 0.0 -0.10811577080703318 -0.09756507986982954 -0.013082008267651013 -0.011805374664249375 0.0 0.0 0.0 0.0 10.200000000000008 0.0 0.07 10.200000000000008 0.0 0.07 0.3 0.05 0.8 0.3 0.05 0.8 0.5 0.1 0.05
1672 8.991899967193604 0.0 0.0 0.0 0.0 0.0 0.0 -0.02646117098827252 0.010162621191380996 -1.0885511338710785 0.1640921162812526 -0.2636693834262862 0.07012483601762931 0.0 0.0 0.0 -0.10811577080703318 -0.09756507986982954 -0.013082008267651013 -0.011805374664249375 0.0 0.0 0.0 0.0 10.200000000000008 0.0 0.07 10.200000000000008 0.0 0.07 0.3 0.05 0.8 0.3 0.05 0.8 0.5 0.1 0.05
1673 8.997378587722778 0.0 0.0 0.0 0.0 0.0 0.0 -0.02646117098748141 0.010162621409439193 -1.0885511338710785 0.1640921162812526 -0.2636693834262862 0.07012483601762931 0.0 0.0 0.0 -0.10811577080703318 -0.09756507986982954 -0.013082008267651013 -0.011805374664249375 0.0 0.0 0.0 0.0 10.200000000000008 0.0 0.07 10.200000000000008 0.0 0.07 0.3 0.05 0.8 0.3 0.05 0.8 0.5 0.1 0.05
1674 9.002794027328491 0.0 0.0 0.0 0.0 0.0 0.0 -0.026461170987006746 0.01016262154027411 -1.0885511338710785 0.1640921162812526 -0.2636693834262862 0.07012483601762931 0.0 0.0 0.0 -0.10811577080703318 -0.09756507986982954 -0.013082008267651013 -0.011805374664249375 0.0 0.0 0.0 0.0 10.200000000000008 0.0 0.07 10.200000000000008 0.0 0.07 0.3 0.05 0.8 0.3 0.05 0.8 0.5 0.1 0.05
1675 9.008320569992065 0.0 0.0 0.0 0.0 0.0 0.0 -0.026461170986721946 0.010162621618775063 -1.0885511338710785 0.1640921162812526 -0.2636693834262862 0.07012483601762931 0.0 0.0 0.0 -0.10811577080703318 -0.09756507986982954 -0.013082008267651013 -0.011805374664249375 0.0 0.0 0.0 0.0 10.200000000000008 0.0 0.07 10.200000000000008 0.0 0.07 0.3 0.05 0.8 0.3 0.05 0.8 0.5 0.1 0.05
1676 9.013786315917969 0.0 0.0 0.0 0.0 0.0 0.0 -0.02646117098655107 0.010162621665875633 -1.0885511338710785 0.1640921162812526 -0.2636693834262862 0.07012483601762931 0.0 0.0 0.0 -0.10811577080703318 -0.09756507986982954 -0.013082008267651013 -0.011805374664249375 0.0 0.0 0.0 0.0 10.200000000000008 0.0 0.07 10.200000000000008 0.0 0.07 0.3 0.05 0.8 0.3 0.05 0.8 0.5 0.1 0.05
1677 9.019164323806763 0.0 0.0 0.0 0.0 0.0 0.0 -0.02646117098644854 0.010162621694135975 -1.0885511338710785 0.1640921162812526 -0.2636693834262862 0.07012483601762931 0.0 0.0 0.0 -0.10811577080703318 -0.09756507986982954 -0.013082008267651013 -0.011805374664249375 0.0 0.0 0.0 0.0 10.200000000000008 0.0 0.07 10.200000000000008 0.0 0.07 0.3 0.05 0.8 0.3 0.05 0.8 0.5 0.1 0.05
1678 9.024530172348022 0.0 0.0 0.0 0.0 0.0 0.0 -0.02646117098638702 0.01016262171109218 -1.0885511338710785 0.1640921162812526 -0.2636693834262862 0.07012483601762931 0.0 0.0 0.0 -0.10811577080703318 -0.09756507986982954 -0.013082008267651013 -0.011805374664249375 0.0 0.0 0.0 0.0 10.200000000000008 0.0 0.07 10.200000000000008 0.0 0.07 0.3 0.05 0.8 0.3 0.05 0.8 0.5 0.1 0.05
1679 9.029913425445557 0.0 0.0 0.0 0.0 0.0 0.0 -0.026461170986350112 0.010162621721265903 -1.0885511338710785 0.1640921162812526 -0.2636693834262862 0.07012483601762931 0.0 0.0 0.0 -0.10811577080703318 -0.09756507986982954 -0.013082008267651013 -0.011805374664249375 0.0 0.0 0.0 0.0 10.200000000000008 0.0 0.07 10.200000000000008 0.0 0.07 0.3 0.05 0.8 0.3 0.05 0.8 0.5 0.1 0.05
1680 9.03537917137146 0.0 0.0 0.0 0.0 0.0 0.0 -0.026461170986327963 0.010162621727370136 -1.0885511338710785 0.1640921162812526 -0.2636693834262862 0.07012483601762931 0.0 0.0 0.0 -0.10811577080703318 -0.09756507986982954 -0.013082008267651013 -0.011805374664249375 0.0 0.0 0.0 0.0 10.200000000000008 0.0 0.07 10.200000000000008 0.0 0.07 0.3 0.05 0.8 0.3 0.05 0.8 0.5 0.1 0.05
1681 9.041043996810913 0.0 0.0 0.0 0.0 0.0 0.0 -0.026461170986314675 0.010162621731032677 -1.0885511338710785 0.1640921162812526 -0.2636693834262862 0.07012483601762931 0.0 0.0 0.0 -0.10811577080703318 -0.09756507986982954 -0.013082008267651013 -0.011805374664249375 0.0 0.0 0.0 0.0 10.200000000000008 0.0 0.07 10.200000000000008 0.0 0.07 0.3 0.05 0.8 0.3 0.05 0.8 0.5 0.1 0.05
1682 9.046664953231812 0.0 0.0 0.0 0.0 0.0 0.0 -0.026461170986306702 0.010162621733230202 -1.0885511338710785 0.1640921162812526 -0.2636693834262862 0.07012483601762931 0.0 0.0 0.0 -0.10811577080703318 -0.09756507986982954 -0.013082008267651013 -0.011805374664249375 0.0 0.0 0.0 0.0 10.200000000000008 0.0 0.07 10.200000000000008 0.0 0.07 0.3 0.05 0.8 0.3 0.05 0.8 0.5 0.1 0.05
1683 9.052173852920532 0.0 0.0 0.0 0.0 0.0 0.0 -0.02646117098630192 0.010162621734548717 -1.0885511338710785 0.1640921162812526 -0.2636693834262862 0.07012483601762931 0.0 0.0 0.0 -0.10811577080703318 -0.09756507986982954 -0.013082008267651013 -0.011805374664249375 0.0 0.0 0.0 0.0 10.200000000000008 0.0 0.07 10.200000000000008 0.0 0.07 0.3 0.05 0.8 0.3 0.05 0.8 0.5 0.1 0.05
1684 9.057862997055054 0.0 0.0 0.0 0.0 0.0 0.0 -0.02646117098629905 0.010162621735339826 -1.0885511338710785 0.1640921162812526 -0.2636693834262862 0.07012483601762931 0.0 0.0 0.0 -0.10811577080703318 -0.09756507986982954 -0.013082008267651013 -0.011805374664249375 0.0 0.0 0.0 0.0 10.200000000000008 0.0 0.07 10.200000000000008 0.0 0.07 0.3 0.05 0.8 0.3 0.05 0.8 0.5 0.1 0.05
1685 9.063358545303345 0.0 0.0 0.0 0.0 0.0 0.0 -0.026461170986297328 0.010162621735814491 -1.0885511338710785 0.1640921162812526 -0.2636693834262862 0.07012483601762931 0.0 0.0 0.0 -0.10811577080703318 -0.09756507986982954 -0.013082008267651013 -0.011805374664249375 0.0 0.0 0.0 0.0 10.200000000000008 0.0 0.07 10.200000000000008 0.0 0.07 0.3 0.05 0.8 0.3 0.05 0.8 0.5 0.1 0.05
1686 9.068780899047852 0.0 0.0 0.0 0.0 0.0 0.0 -0.026461170986296294 0.01016262173609929 -1.0885511338710785 0.1640921162812526 -0.2636693834262862 0.07012483601762931 0.0 0.0 0.0 -0.10811577080703318 -0.09756507986982954 -0.013082008267651013 -0.011805374664249375 0.0 0.0 0.0 0.0 10.200000000000008 0.0 0.07 10.200000000000008 0.0 0.07 0.3 0.05 0.8 0.3 0.05 0.8 0.5 0.1 0.05
1687 9.07414722442627 0.0 0.0 0.0 0.0 0.0 0.0 -0.026461170986295676 0.01016262173627017 -1.0885511338710785 0.1640921162812526 -0.2636693834262862 0.07012483601762931 0.0 0.0 0.0 -0.10811577080703318 -0.09756507986982954 -0.013082008267651013 -0.011805374664249375 0.0 0.0 0.0 0.0 10.200000000000008 0.0 0.07 10.200000000000008 0.0 0.07 0.3 0.05 0.8 0.3 0.05 0.8 0.5 0.1 0.05
1688 9.079558610916138 0.0 0.0 0.0 0.0 0.0 0.0 -0.0264611709862953 0.010162621736372697 -1.0885511338710785 0.1640921162812526 -0.2636693834262862 0.07012483601762931 0.0 0.0 0.0 -0.10811577080703318 -0.09756507986982954 -0.013082008267651013 -0.011805374664249375 0.0 0.0 0.0 0.0 10.200000000000008 0.0 0.07 10.200000000000008 0.0 0.07 0.3 0.05 0.8 0.3 0.05 0.8 0.5 0.1 0.05
1689 9.085087537765503 0.0 0.0 0.0 0.0 0.0 0.0 -0.02646117098629508 0.010162621736434214 -1.0885511338710785 0.1640921162812526 -0.2636693834262862 0.07012483601762931 0.0 0.0 0.0 -0.10811577080703318 -0.09756507986982954 -0.013082008267651013 -0.011805374664249375 0.0 0.0 0.0 0.0 10.200000000000008 0.0 0.07 10.200000000000008 0.0 0.07 0.3 0.05 0.8 0.3 0.05 0.8 0.5 0.1 0.05
1690 9.09046196937561 0.0 0.0 0.0 0.0 0.0 0.0 -0.026461170986294948 0.010162621736471124 -1.0885511338710785 0.1640921162812526 -0.2636693834262862 0.07012483601762931 0.0 0.0 0.0 -0.10811577080703318 -0.09756507986982954 -0.013082008267651013 -0.011805374664249375 0.0 0.0 0.0 0.0 10.200000000000008 0.0 0.07 10.200000000000008 0.0 0.07 0.3 0.05 0.8 0.3 0.05 0.8 0.5 0.1 0.05
1691 9.096062660217285 0.0 0.0 0.0 0.0 0.0 0.0 -0.026461170986294864 0.01016262173649327 -1.0885511338710785 0.1640921162812526 -0.2636693834262862 0.07012483601762931 0.0 0.0 0.0 -0.10811577080703318 -0.09756507986982954 -0.013082008267651013 -0.011805374664249375 0.0 0.0 0.0 0.0 10.200000000000008 0.0 0.07 10.200000000000008 0.0 0.07 0.3 0.05 0.8 0.3 0.05 0.8 0.5 0.1 0.05
1692 9.101492404937744 0.0 0.0 0.0 0.0 0.0 0.0 -0.026461170986294816 0.01023932099340353 -1.0885511338710785 0.1640921162812526 -0.2636693834262862 0.07012483601762931 0.0 0.0 0.0 -0.10811577080703318 -0.09756507986982954 -0.013082008267651013 -0.011805374664249375 0.0 0.0 0.0 0.0 10.200000000000008 0.0 0.07 10.200000000000008 0.0 0.07 0.3 0.05 0.8 0.3 0.05 0.8 0.5 0.1 0.05
1693 9.106977939605713 0.0 0.0 0.0 0.0 0.0 0.0 -0.026461170986294788 0.010285340547549687 -1.0885511338710785 0.1640921162812526 -0.2636693834262862 0.07012483601762931 0.0 0.0 0.0 -0.10811577080703318 -0.09756507986982954 -0.013082008267651013 -0.011805374664249375 0.0 0.0 0.0 0.0 10.200000000000008 0.0 0.07 10.200000000000008 0.0 0.07 0.3 0.05 0.8 0.3 0.05 0.8 0.5 0.1 0.05
1694 9.112427711486816 0.0 0.0 0.0 0.0 0.0 0.0 -0.026461170986294774 0.010312952280037379 -1.0885511338710785 0.1640921162812526 -0.2636693834262862 0.07012483601762931 0.0 0.0 0.0 -0.10811577080703318 -0.09756507986982954 -0.013082008267651013 -0.011805374664249375 0.0 0.0 0.0 0.0 10.200000000000008 0.0 0.07 10.200000000000008 0.0 0.07 0.3 0.05 0.8 0.3 0.05 0.8 0.5 0.1 0.05
1695 9.117944717407227 0.0 0.0 0.0 0.0 0.0 0.0 -0.02646117098629476 0.010329519319529995 -1.0885511338710785 0.1640921162812526 -0.2636693834262862 0.07012483601762931 0.0 0.0 0.0 -0.10811577080703318 -0.09756507986982954 -0.013082008267651013 -0.011805374664249375 0.0 0.0 0.0 0.0 10.200000000000008 0.0 0.07 10.200000000000008 0.0 0.07 0.3 0.05 0.8 0.3 0.05 0.8 0.5 0.1 0.05
1696 9.12342119216919 0.0 0.0 0.0 0.0 0.0 0.0 -0.026461170986294753 0.010339459543225564 -1.0885511338710785 0.1640921162812526 -0.2636693834262862 0.07012483601762931 0.0 0.0 0.0 -0.10811577080703318 -0.09756507986982954 -0.013082008267651013 -0.011805374664249375 0.0 0.0 0.0 0.0 10.200000000000008 0.0 0.07 10.200000000000008 0.0 0.07 0.3 0.05 0.8 0.3 0.05 0.8 0.5 0.1 0.05
1697 9.128844499588013 0.0 0.0 0.0 0.0 0.0 0.0 -0.026461170986294753 0.010345423677442907 -1.0885511338710785 0.1640921162812526 -0.2636693834262862 0.07012483601762931 0.0 0.0 0.0 -0.10811577080703318 -0.09756507986982954 -0.013082008267651013 -0.011805374664249375 0.0 0.0 0.0 0.0 10.200000000000008 0.0 0.07 10.200000000000008 0.0 0.07 0.3 0.05 0.8 0.3 0.05 0.8 0.5 0.1 0.05
1698 9.134217500686646 0.0 0.0 0.0 0.0 0.0 0.0 -0.026461170986294753 0.010349002157973311 -1.0885511338710785 0.1640921162812526 -0.2636693834262862 0.07012483601762931 0.0 0.0 0.0 -0.10811577080703318 -0.09756507986982954 -0.013082008267651013 -0.011805374664249375 0.0 0.0 0.0 0.0 10.200000000000008 0.0 0.07 10.200000000000008 0.0 0.07 0.3 0.05 0.8 0.3 0.05 0.8 0.5 0.1 0.05
1699 9.139652729034424 0.0 0.0 0.0 0.0 0.0 0.0 -0.026461170986294753 0.010351149246291554 -1.0885511338710785 0.1640921162812526 -0.2636693834262862 0.07012483601762931 0.0 0.0 0.0 -0.10811577080703318 -0.09756507986982954 -0.013082008267651013 -0.011805374664249375 0.0 0.0 0.0 0.0 10.200000000000008 0.0 0.07 10.200000000000008 0.0 0.07 0.3 0.05 0.8 0.3 0.05 0.8 0.5 0.1 0.05
1700 9.145060777664185 0.0 0.0 0.0 0.0 0.0 0.0 -0.026461170986294753 0.0103524374992825 -1.0885511338710785 0.1640921162812526 -0.2636693834262862 0.07012483601762931 0.0 0.0 0.0 -0.10811577080703318 -0.09756507986982954 -0.013082008267651013 -0.011805374664249375 0.0 0.0 0.0 0.0 10.200000000000008 0.0 0.07 10.200000000000008 0.0 0.07 0.3 0.05 0.8 0.3 0.05 0.8 0.5 0.1 0.05
1701 9.150812864303589 0.0 0.0 0.0 0.0 0.0 0.0 -0.026461170986294753 0.010353210451077068 -1.0885511338710785 0.1640921162812526 -0.2636693834262862 0.07012483601762931 0.0 0.0 0.0 -0.10811577080703318 -0.09756507986982954 -0.013082008267651013 -0.011805374664249375 0.0 0.0 0.0 0.0 10.200000000000008 0.0 0.07 10.200000000000008 0.0 0.07 0.3 0.05 0.8 0.3 0.05 0.8 0.5 0.1 0.05
1702 9.156334638595581 0.0 0.0 0.0 0.0 0.0 0.0 -0.026461170986294753 0.01035367422215381 -1.0885511338710785 0.1640921162812526 -0.2636693834262862 0.07012483601762931 0.0 0.0 0.0 -0.10811577080703318 -0.09756507986982954 -0.013082008267651013 -0.011805374664249375 0.0 0.0 0.0 0.0 10.200000000000008 0.0 0.07 10.200000000000008 0.0 0.07 0.3 0.05 0.8 0.3 0.05 0.8 0.5 0.1 0.05
1703 9.1618013381958 0.0 0.0 0.0 0.0 0.0 0.0 -0.026461170986294753 0.010353952484799853 -1.0885511338710785 0.1640921162812526 -0.2636693834262862 0.07012483601762931 0.0 0.0 0.0 -0.10811577080703318 -0.09756507986982954 -0.013082008267651013 -0.011805374664249375 0.0 0.0 0.0 0.0 10.200000000000008 0.0 0.07 10.200000000000008 0.0 0.07 0.3 0.05 0.8 0.3 0.05 0.8 0.5 0.1 0.05
1704 9.167315483093262 0.0 0.0 0.0 0.0 0.0 0.0 -0.026461170986294753 0.01035411944238748 -1.0885511338710785 0.1640921162812526 -0.2636693834262862 0.07012483601762931 0.0 0.0 0.0 -0.10811577080703318 -0.09756507986982954 -0.013082008267651013 -0.011805374664249375 0.0 0.0 0.0 0.0 10.200000000000008 0.0 0.07 10.200000000000008 0.0 0.07 0.3 0.05 0.8 0.3 0.05 0.8 0.5 0.1 0.05
1705 9.172799825668335 0.0 0.0 0.0 0.0 0.0 0.0 -0.026461170986294753 0.010354219616940056 -1.0885511338710785 0.1640921162812526 -0.2636693834262862 0.07012483601762931 0.0 0.0 0.0 -0.10811577080703318 -0.09756507986982954 -0.013082008267651013 -0.011805374664249375 0.0 0.0 0.0 0.0 10.200000000000008 0.0 0.07 10.200000000000008 0.0 0.07 0.3 0.05 0.8 0.3 0.05 0.8 0.5 0.1 0.05
1706 9.178223609924316 0.0 0.0 0.0 0.0 0.0 0.0 -0.026461170986294753 0.010354279721671602 -1.0885511338710785 0.1640921162812526 -0.2636693834262862 0.07012483601762931 0.0 0.0 0.0 -0.10811577080703318 -0.09756507986982954 -0.013082008267651013 -0.011805374664249375 0.0 0.0 0.0 0.0 10.200000000000008 0.0 0.07 10.200000000000008 0.0 0.07 0.3 0.05 0.8 0.3 0.05 0.8 0.5 0.1 0.05
1707 9.183592319488525 0.0 0.0 0.0 0.0 0.0 0.0 -0.026461170986294753 0.010354315784510529 -1.0885511338710785 0.1640921162812526 -0.2636693834262862 0.07012483601762931 0.0 0.0 0.0 -0.10811577080703318 -0.09756507986982954 -0.013082008267651013 -0.011805374664249375 0.0 0.0 0.0 0.0 10.200000000000008 0.0 0.07 10.200000000000008 0.0 0.07 0.3 0.05 0.8 0.3 0.05 0.8 0.5 0.1 0.05
1708 9.188966274261475 0.0 0.0 0.0 0.0 0.0 0.0 -0.026461170986294753 0.010354337422213885 -1.0885511338710785 0.1640921162812526 -0.2636693834262862 0.07012483601762931 0.0 0.0 0.0 -0.10811577080703318 -0.09756507986982954 -0.013082008267651013 -0.011805374664249375 0.0 0.0 0.0 0.0 10.200000000000008 0.0 0.07 10.200000000000008 0.0 0.07 0.3 0.05 0.8 0.3 0.05 0.8 0.5 0.1 0.05
1709 9.194318771362305 0.0 0.0 0.0 0.0 0.0 0.0 -0.026461170986294753 0.0103543504048359 -1.0885511338710785 0.1640921162812526 -0.2636693834262862 0.07012483601762931 0.0 0.0 0.0 -0.10811577080703318 -0.09756507986982954 -0.013082008267651013 -0.011805374664249375 0.0 0.0 0.0 0.0 10.200000000000008 0.0 0.07 10.200000000000008 0.0 0.07 0.3 0.05 0.8 0.3 0.05 0.8 0.5 0.1 0.05
1710 9.199795961380005 0.0 0.0 0.0 0.0 0.0 0.0 -0.026461170986294753 0.010354358194409108 -1.0885511338710785 0.1640921162812526 -0.2636693834262862 0.07012483601762931 0.0 0.0 0.0 -0.10811577080703318 -0.09756507986982954 -0.013082008267651013 -0.011805374664249375 0.0 0.0 0.0 0.0 10.200000000000008 0.0 0.07 10.200000000000008 0.0 0.07 0.3 0.05 0.8 0.3 0.05 0.8 0.5 0.1 0.05
1711 9.205360174179077 0.0 0.0 0.0 0.0 0.0 0.0 -0.026461170986294753 0.010354362868153033 -1.0885511338710785 0.1640921162812526 -0.2636693834262862 0.07012483601762931 0.0 0.0 0.0 -0.10811577080703318 -0.09756507986982954 -0.013082008267651013 -0.011805374664249375 0.0 0.0 0.0 0.0 10.200000000000008 0.0 0.07 10.200000000000008 0.0 0.07 0.3 0.05 0.8 0.3 0.05 0.8 0.5 0.1 0.05
1712 9.210813045501709 0.0 0.0 0.0 0.0 0.0 0.0 -0.026461170986294753 0.010354365672399387 -1.0885511338710785 0.1640921162812526 -0.2636693834262862 0.07012483601762931 0.0 0.0 0.0 -0.10811577080703318 -0.09756507986982954 -0.013082008267651013 -0.011805374664249375 0.0 0.0 0.0 0.0 10.200000000000008 0.0 0.07 10.200000000000008 0.0 0.07 0.3 0.05 0.8 0.3 0.05 0.8 0.5 0.1 0.05
1713 9.216295003890991 0.0 0.0 0.0 0.0 0.0 0.0 -0.026461170986294753 0.0103543673549472 -1.0885511338710785 0.1640921162812526 -0.2636693834262862 0.07012483601762931 0.0 0.0 0.0 -0.10811577080703318 -0.09756507986982954 -0.013082008267651013 -0.011805374664249375 0.0 0.0 0.0 0.0 10.200000000000008 0.0 0.07 10.200000000000008 0.0 0.07 0.3 0.05 0.8 0.3 0.05 0.8 0.5 0.1 0.05
1714 9.221760034561157 0.0 0.0 0.0 0.0 0.0 0.0 -0.026461170986294753 0.010354368364475888 -1.0885511338710785 0.1640921162812526 -0.2636693834262862 0.07012483601762931 0.0 0.0 0.0 -0.10811577080703318 -0.09756507986982954 -0.013082008267651013 -0.011805374664249375 0.0 0.0 0.0 0.0 10.200000000000008 0.0 0.07 10.200000000000008 0.0 0.07 0.3 0.05 0.8 0.3 0.05 0.8 0.5 0.1 0.05
1715 9.227309465408325 0.0 0.0 0.0 0.0 0.0 0.0 -0.026461170986294753 0.010354368970193102 -1.0885511338710785 0.1640921162812526 -0.2636693834262862 0.07012483601762931 0.0 0.0 0.0 -0.10811577080703318 -0.09756507986982954 -0.013082008267651013 -0.011805374664249375 0.0 0.0 0.0 0.0 10.200000000000008 0.0 0.07 10.200000000000008 0.0 0.07 0.3 0.05 0.8 0.3 0.05 0.8 0.5 0.1 0.05
1716 9.232793807983398 0.0 0.0 0.0 0.0 0.0 0.0 -0.026461170986294753 0.01035436933362343 -1.0885511338710785 0.1640921162812526 -0.2636693834262862 0.07012483601762931 0.0 0.0 0.0 -0.10811577080703318 -0.09756507986982954 -0.013082008267651013 -0.011805374664249375 0.0 0.0 0.0 0.0 10.200000000000008 0.0 0.07 10.200000000000008 0.0 0.07 0.3 0.05 0.8 0.3 0.05 0.8 0.5 0.1 0.05
1717 9.238291263580322 0.0 0.0 0.0 0.0 0.0 0.0 -0.026461170986294753 0.010354369551681626 -1.0885511338710785 0.1640921162812526 -0.2636693834262862 0.07012483601762931 0.0 0.0 0.0 -0.10811577080703318 -0.09756507986982954 -0.013082008267651013 -0.011805374664249375 0.0 0.0 0.0 0.0 10.200000000000008 0.0 0.07 10.200000000000008 0.0 0.07 0.3 0.05 0.8 0.3 0.05 0.8 0.5 0.1 0.05
1718 9.243803262710571 0.0 0.0 0.0 0.0 0.0 0.0 -0.026461170986294753 0.010354369682516544 -1.0885511338710785 0.1640921162812526 -0.2636693834262862 0.07012483601762931 0.0 0.0 0.0 -0.10811577080703318 -0.09756507986982954 -0.013082008267651013 -0.011805374664249375 0.0 0.0 0.0 0.0 10.200000000000008 0.0 0.07 10.200000000000008 0.0 0.07 0.3 0.05 0.8 0.3 0.05 0.8 0.5 0.1 0.05
1719 9.24920105934143 0.0 0.0 0.0 0.0 0.0 0.0 -0.026461170986294753 0.010354369761017494 -1.0885511338710785 0.1640921162812526 -0.2636693834262862 0.07012483601762931 0.0 0.0 0.0 -0.10811577080703318 -0.09756507986982954 -0.013082008267651013 -0.011805374664249375 0.0 0.0 0.0 0.0 10.200000000000008 0.0 0.07 10.200000000000008 0.0 0.07 0.3 0.05 0.8 0.3 0.05 0.8 0.5 0.1 0.05
1720 9.254751920700073 0.0 0.0 0.0 0.0 0.0 0.0 -0.026461170986294753 0.010354369808118064 -1.0885511338710785 0.1640921162812526 -0.2636693834262862 0.07012483601762931 0.0 0.0 0.0 -0.10811577080703318 -0.09756507986982954 -0.013082008267651013 -0.011805374664249375 0.0 0.0 0.0 0.0 10.200000000000008 0.0 0.07 10.200000000000008 0.0 0.07 0.3 0.05 0.8 0.3 0.05 0.8 0.5 0.1 0.05
1721 9.260661125183105 0.0 0.0 0.0 0.0 0.0 0.0 -0.026461170986294753 0.010354369836378406 -1.0885511338710785 0.1640921162812526 -0.2636693834262862 0.07012483601762931 0.0 0.0 0.0 -0.10811577080703318 -0.09756507986982954 -0.013082008267651013 -0.011805374664249375 0.0 0.0 0.0 0.0 10.200000000000008 0.0 0.07 10.200000000000008 0.0 0.07 0.3 0.05 0.8 0.3 0.05 0.8 0.5 0.1 0.05
1722 9.266103506088257 0.0 0.0 0.0 0.0 0.0 0.0 -0.026461170986294753 0.010354369853334612 -1.0885511338710785 0.1640921162812526 -0.2636693834262862 0.07012483601762931 0.0 0.0 0.0 -0.10811577080703318 -0.09756507986982954 -0.013082008267651013 -0.011805374664249375 0.0 0.0 0.0 0.0 10.200000000000008 0.0 0.07 10.200000000000008 0.0 0.07 0.3 0.05 0.8 0.3 0.05 0.8 0.5 0.1 0.05
1723 9.27180528640747 0.0 0.0 0.0 0.0 0.0 0.0 -0.026461170986294753 0.010354369863508336 -1.0885511338710785 0.1640921162812526 -0.2636693834262862 0.07012483601762931 0.0 0.0 0.0 -0.10811577080703318 -0.09756507986982954 -0.013082008267651013 -0.011805374664249375 0.0 0.0 0.0 0.0 10.200000000000008 0.0 0.07 10.200000000000008 0.0 0.07 0.3 0.05 0.8 0.3 0.05 0.8 0.5 0.1 0.05
1724 9.277370691299438 0.0 0.0 0.0 0.0 0.0 0.0 -0.026461170986294753 0.01035436986961257 -1.0885511338710785 0.1640921162812526 -0.2636693834262862 0.07012483601762931 0.0 0.0 0.0 -0.10811577080703318 -0.09756507986982954 -0.013082008267651013 -0.011805374664249375 0.0 0.0 0.0 0.0 10.200000000000008 0.0 0.07 10.200000000000008 0.0 0.07 0.3 0.05 0.8 0.3 0.05 0.8 0.5 0.1 0.05
1725 9.28286099433899 0.0 0.0 0.0 0.0 0.0 0.0 -0.026461170986294753 0.01035436987327511 -1.0885511338710785 0.1640921162812526 -0.2636693834262862 0.07012483601762931 0.0 0.0 0.0 -0.10811577080703318 -0.09756507986982954 -0.013082008267651013 -0.011805374664249375 0.0 0.0 0.0 0.0 10.200000000000008 0.0 0.07 10.200000000000008 0.0 0.07 0.3 0.05 0.8 0.3 0.05 0.8 0.5 0.1 0.05
1726 9.288289546966553 0.0 0.0 0.0 0.0 0.0 0.0 -0.026461170986294753 0.010354369875472634 -1.0885511338710785 0.1640921162812526 -0.2636693834262862 0.07012483601762931 0.0 0.0 0.0 -0.10811577080703318 -0.09756507986982954 -0.013082008267651013 -0.011805374664249375 0.0 0.0 0.0 0.0 10.200000000000008 0.0 0.07 10.200000000000008 0.0 0.07 0.3 0.05 0.8 0.3 0.05 0.8 0.5 0.1 0.05
1727 9.293669939041138 0.0 0.0 0.0 0.0 0.0 0.0 -0.026461170986294753 0.010354369876791149 -1.0885511338710785 0.1640921162812526 -0.2636693834262862 0.07012483601762931 0.0 0.0 0.0 -0.10811577080703318 -0.09756507986982954 -0.013082008267651013 -0.011805374664249375 0.0 0.0 0.0 0.0 10.200000000000008 0.0 0.07 10.200000000000008 0.0 0.07 0.3 0.05 0.8 0.3 0.05 0.8 0.5 0.1 0.05
1728 9.299048662185669 0.0 0.0 0.0 0.0 0.0 0.0 -0.026461170986294753 0.010354369877582257 -1.0885511338710785 0.1640921162812526 -0.2636693834262862 0.07012483601762931 0.0 0.0 0.0 -0.10811577080703318 -0.09756507986982954 -0.013082008267651013 -0.011805374664249375 0.0 0.0 0.0 0.0 10.200000000000008 0.0 0.07 10.200000000000008 0.0 0.07 0.3 0.05 0.8 0.3 0.05 0.8 0.5 0.1 0.05
1729 9.304431200027466 0.0 0.0 0.0 0.0 0.0 0.0 -0.026461170986294753 0.010354369878056923 -1.0885511338710785 0.1640921162812526 -0.2636693834262862 0.07012483601762931 0.0 0.0 0.0 -0.10811577080703318 -0.09756507986982954 -0.013082008267651013 -0.011805374664249375 0.0 0.0 0.0 0.0 10.200000000000008 0.0 0.07 10.200000000000008 0.0 0.07 0.3 0.05 0.8 0.3 0.05 0.8 0.5 0.1 0.05
1730 9.30979609489441 0.0 0.0 0.0 0.0 0.0 0.0 -0.026461170986294753 0.010354369878341721 -1.0885511338710785 0.1640921162812526 -0.2636693834262862 0.07012483601762931 0.0 0.0 0.0 -0.10811577080703318 -0.09756507986982954 -0.013082008267651013 -0.011805374664249375 0.0 0.0 0.0 0.0 10.200000000000008 0.0 0.07 10.200000000000008 0.0 0.07 0.3 0.05 0.8 0.3 0.05 0.8 0.5 0.1 0.05
1731 9.315471410751343 0.0 0.0 0.0 0.0 0.0 0.0 -0.026461170986294753 0.010354369878512602 -1.0885511338710785 0.1640921162812526 -0.2636693834262862 0.07012483601762931 0.0 0.0 0.0 -0.10811577080703318 -0.09756507986982954 -0.013082008267651013 -0.011805374664249375 0.0 0.0 0.0 0.0 10.200000000000008 0.0 0.07 10.200000000000008 0.0 0.07 0.3 0.05 0.8 0.3 0.05 0.8 0.5 0.1 0.05
1732 9.320983648300171 0.0 0.0 0.0 0.0 0.0 0.0 -0.026461170986294753 0.010354369878615129 -1.0885511338710785 0.1640921162812526 -0.2636693834262862 0.07012483601762931 0.0 0.0 0.0 -0.10811577080703318 -0.09756507986982954 -0.013082008267651013 -0.011805374664249375 0.0 0.0 0.0 0.0 10.200000000000008 0.0 0.07 10.200000000000008 0.0 0.07 0.3 0.05 0.8 0.3 0.05 0.8 0.5 0.1 0.05
1733 9.326472997665405 0.0 0.0 0.0 0.0 0.0 0.0 -0.026461170986294753 0.010354369878676646 -1.0885511338710785 0.1640921162812526 -0.2636693834262862 0.07012483601762931 0.0 0.0 0.0 -0.10811577080703318 -0.09756507986982954 -0.013082008267651013 -0.011805374664249375 0.0 0.0 0.0 0.0 10.200000000000008 0.0 0.07 10.200000000000008 0.0 0.07 0.3 0.05 0.8 0.3 0.05 0.8 0.5 0.1 0.05
1734 9.332072496414185 0.0 0.0 0.0 0.0 0.0 0.0 -0.026461170986294753 0.010354369878713555 -1.0885511338710785 0.1640921162812526 -0.2636693834262862 0.07012483601762931 0.0 0.0 0.0 -0.10811577080703318 -0.09756507986982954 -0.013082008267651013 -0.011805374664249375 0.0 0.0 0.0 0.0 10.200000000000008 0.0 0.07 10.200000000000008 0.0 0.07 0.3 0.05 0.8 0.3 0.05 0.8 0.5 0.1 0.05
1735 9.337582111358643 0.0 0.0 0.0 0.0 0.0 0.0 -0.026461170986294753 0.010354369878735701 -1.0885511338710785 0.1640921162812526 -0.2636693834262862 0.07012483601762931 0.0 0.0 0.0 -0.10811577080703318 -0.09756507986982954 -0.013082008267651013 -0.011805374664249375 0.0 0.0 0.0 0.0 10.200000000000008 0.0 0.07 10.200000000000008 0.0 0.07 0.3 0.05 0.8 0.3 0.05 0.8 0.5 0.1 0.05
1736 9.342983722686768 0.0 0.0 0.0 0.0 0.0 0.0 -0.026461170986294753 0.010431069135645961 -1.0885511338710785 0.1640921162812526 -0.2636693834262862 0.07012483601762931 0.0 0.0 0.0 -0.10811577080703318 -0.09756507986982954 -0.013082008267651013 -0.011805374664249375 0.0 0.0 0.0 0.0 10.200000000000008 0.0 0.07 10.200000000000008 0.0 0.07 0.3 0.05 0.8 0.3 0.05 0.8 0.5 0.1 0.05
1737 9.348379135131836 0.0 0.0 0.0 0.0 0.0 0.0 -0.026461170986294753 0.010477088689792118 -1.0885511338710785 0.1640921162812526 -0.2636693834262862 0.07012483601762931 0.0 0.0 0.0 -0.10811577080703318 -0.09756507986982954 -0.013082008267651013 -0.011805374664249375 0.0 0.0 0.0 0.0 10.200000000000008 0.0 0.07 10.200000000000008 0.0 0.07 0.3 0.05 0.8 0.3 0.05 0.8 0.5 0.1 0.05
1738 9.353747844696045 0.0 0.0 0.0 0.0 0.0 0.0 -0.026461170986294753 0.010504700422279812 -1.0885511338710785 0.1640921162812526 -0.2636693834262862 0.07012483601762931 0.0 0.0 0.0 -0.10811577080703318 -0.09756507986982954 -0.013082008267651013 -0.011805374664249375 0.0 0.0 0.0 0.0 10.200000000000008 0.0 0.07 10.200000000000008 0.0 0.07 0.3 0.05 0.8 0.3 0.05 0.8 0.5 0.1 0.05
1739 9.359132766723633 0.0 0.0 0.0 0.0 0.0 0.0 -0.026461170986294753 0.010521267461772428 -1.0885511338710785 0.1640921162812526 -0.2636693834262862 0.07012483601762931 0.0 0.0 0.0 -0.10811577080703318 -0.09756507986982954 -0.013082008267651013 -0.011805374664249375 0.0 0.0 0.0 0.0 10.200000000000008 0.0 0.07 10.200000000000008 0.0 0.07 0.3 0.05 0.8 0.3 0.05 0.8 0.5 0.1 0.05
1740 9.364768505096436 0.0 0.0 0.0 0.0 0.0 0.0 -0.026461170986294753 0.010531207685467999 -1.0885511338710785 0.1640921162812526 -0.2636693834262862 0.07012483601762931 0.0 0.0 0.0 -0.10811577080703318 -0.09756507986982954 -0.013082008267651013 -0.011805374664249375 0.0 0.0 0.0 0.0 10.200000000000008 0.0 0.07 10.200000000000008 0.0 0.07 0.3 0.05 0.8 0.3 0.05 0.8 0.5 0.1 0.05
1741 9.37070369720459 0.0 0.0 0.0 0.0 0.0 0.0 -0.026461170986294753 0.01053717181968534 -1.0885511338710785 0.1640921162812526 -0.2636693834262862 0.07012483601762931 0.0 0.0 0.0 -0.10811577080703318 -0.09756507986982954 -0.013082008267651013 -0.011805374664249375 0.0 0.0 0.0 0.0 10.200000000000008 0.0 0.07 10.200000000000008 0.0 0.07 0.3 0.05 0.8 0.3 0.05 0.8 0.5 0.1 0.05
1742 9.37630581855774 0.0 0.0 0.0 0.0 0.0 0.0 -0.026461170986294753 0.010540750300215746 -1.0885511338710785 0.1640921162812526 -0.2636693834262862 0.07012483601762931 0.0 0.0 0.0 -0.10811577080703318 -0.09756507986982954 -0.013082008267651013 -0.011805374664249375 0.0 0.0 0.0 0.0 10.200000000000008 0.0 0.07 10.200000000000008 0.0 0.07 0.3 0.05 0.8 0.3 0.05 0.8 0.5 0.1 0.05
1743 9.381973505020142 0.0 0.0 0.0 0.0 0.0 0.0 -0.026461170986294753 0.010542897388533989 -1.0885511338710785 0.1640921162812526 -0.2636693834262862 0.07012483601762931 0.0 0.0 0.0 -0.10811577080703318 -0.09756507986982954 -0.013082008267651013 -0.011805374664249375 0.0 0.0 0.0 0.0 10.200000000000008 0.0 0.07 10.200000000000008 0.0 0.07 0.3 0.05 0.8 0.3 0.05 0.8 0.5 0.1 0.05
1744 9.387717247009277 0.0 0.0 0.0 0.0 0.0 0.0 -0.026461170986294753 0.010544185641524935 -1.0885511338710785 0.1640921162812526 -0.2636693834262862 0.07012483601762931 0.0 0.0 0.0 -0.10811577080703318 -0.09756507986982954 -0.013082008267651013 -0.011805374664249375 0.0 0.0 0.0 0.0 10.200000000000008 0.0 0.07 10.200000000000008 0.0 0.07 0.3 0.05 0.8 0.3 0.05 0.8 0.5 0.1 0.05
1745 9.393269538879395 0.0 0.0 0.0 0.0 0.0 0.0 -0.026461170986294753 0.010544958593319501 -1.0885511338710785 0.1640921162812526 -0.2636693834262862 0.07012483601762931 0.0 0.0 0.0 -0.10811577080703318 -0.09756507986982954 -0.013082008267651013 -0.011805374664249375 0.0 0.0 0.0 0.0 10.200000000000008 0.0 0.07 10.200000000000008 0.0 0.07 0.3 0.05 0.8 0.3 0.05 0.8 0.5 0.1 0.05
1746 9.398796558380127 0.0 0.0 0.0 0.0 0.0 0.0 -0.026384471729397778 0.010545422364396241 -1.0885511338710785 0.1640921162812526 -0.2636693834262862 0.07012483601762931 0.0 0.0 0.0 -0.10811577080703318 -0.09756507986982954 -0.013082008267651013 -0.011805374664249375 0.0 0.0 0.0 0.0 10.200000000000008 0.0 0.07 10.200000000000008 0.0 0.07 0.3 0.05 0.8 0.3 0.05 0.8 0.5 0.1 0.05
1747 9.404291152954102 0.0 0.0 0.0 0.0 0.0 0.0 -0.02633845217525959 0.010545700627042286 -1.0885511338710785 0.1640921162812526 -0.2636693834262862 0.07012483601762931 0.0 0.0 0.0 -0.10811577080703318 -0.09756507986982954 -0.013082008267651013 -0.011805374664249375 0.0 0.0 0.0 0.0 10.200000000000008 0.0 0.07 10.200000000000008 0.0 0.07 0.3 0.05 0.8 0.3 0.05 0.8 0.5 0.1 0.05
1748 9.409783601760864 0.0 0.0 0.0 0.0 0.0 0.0 -0.02631084044277668 0.010545867584629913 -1.0885511338710785 0.1640921162812526 -0.2636693834262862 0.07012483601762931 0.0 0.0 0.0 -0.10811577080703318 -0.09756507986982954 -0.013082008267651013 -0.011805374664249375 0.0 0.0 0.0 0.0 10.200000000000008 0.0 0.07 10.200000000000008 0.0 0.07 0.3 0.05 0.8 0.3 0.05 0.8 0.5 0.1 0.05
1749 9.41529130935669 0.0 0.0 0.0 0.0 0.0 0.0 -0.02629427340328693 0.010545967759182488 -1.0885511338710785 0.1640921162812526 -0.2636693834262862 0.07012483601762931 0.0 0.0 0.0 -0.10811577080703318 -0.09756507986982954 -0.013082008267651013 -0.011805374664249375 0.0 0.0 0.0 0.0 10.200000000000008 0.0 0.07 10.200000000000008 0.0 0.07 0.3 0.05 0.8 0.3 0.05 0.8 0.5 0.1 0.05
1750 9.420660734176636 0.0 0.0 0.0 0.0 0.0 0.0 -0.026284333179593083 0.010546027863914034 -1.0885511338710785 0.1640921162812526 -0.2636693834262862 0.07012483601762931 0.0 0.0 0.0 -0.10811577080703318 -0.09756507986982954 -0.013082008267651013 -0.011805374664249375 0.0 0.0 0.0 0.0 10.200000000000008 0.0 0.07 10.200000000000008 0.0 0.07 0.3 0.05 0.8 0.3 0.05 0.8 0.5 0.1 0.05
1751 9.426318883895874 0.0 0.0 0.0 0.0 0.0 0.0 -0.026278369045376775 0.01054606392675296 -1.0885511338710785 0.1640921162812526 -0.2636693834262862 0.07012483601762931 0.0 0.0 0.0 -0.10811577080703318 -0.09756507986982954 -0.013082008267651013 -0.011805374664249375 0.0 0.0 0.0 0.0 10.200000000000008 0.0 0.07 10.200000000000008 0.0 0.07 0.3 0.05 0.8 0.3 0.05 0.8 0.5 0.1 0.05
1752 9.431862115859985 0.0 0.0 0.0 0.0 0.0 0.0 -0.026274790564846988 0.010546085564456317 -1.0885511338710785 0.1640921162812526 -0.2636693834262862 0.07012483601762931 0.0 0.0 0.0 -0.10811577080703318 -0.09756507986982954 -0.013082008267651013 -0.011805374664249375 0.0 0.0 0.0 0.0 10.200000000000008 0.0 0.07 10.200000000000008 0.0 0.07 0.3 0.05 0.8 0.3 0.05 0.8 0.5 0.1 0.05
1753 9.437597036361694 0.0 0.0 0.0 0.0 0.0 0.0 -0.02627264347652912 0.01054609854707833 -1.0885511338710785 0.1640921162812526 -0.2636693834262862 0.07012483601762931 0.0 0.0 0.0 -0.10811577080703318 -0.09756507986982954 -0.013082008267651013 -0.011805374664249375 0.0 0.0 0.0 0.0 10.200000000000008 0.0 0.07 10.200000000000008 0.0 0.07 0.3 0.05 0.8 0.3 0.05 0.8 0.5 0.1 0.05
1754 9.44359803199768 0.0 0.0 0.0 0.0 0.0 0.0 -0.0262713552235384 0.01054610633665154 -1.0885511338710785 0.1640921162812526 -0.2636693834262862 0.07012483601762931 0.0 0.0 0.0 -0.10811577080703318 -0.09756507986982954 -0.013082008267651013 -0.011805374664249375 0.0 0.0 0.0 0.0 10.200000000000008 0.0 0.07 10.200000000000008 0.0 0.07 0.3 0.05 0.8 0.3 0.05 0.8 0.5 0.1 0.05
1755 9.449006080627441 0.0 0.0 0.0 0.0 0.0 0.0 -0.026270582271743968 0.010546111010395464 -1.0885511338710785 0.1640921162812526 -0.2636693834262862 0.07012483601762931 0.0 0.0 0.0 -0.10811577080703318 -0.09756507986982954 -0.013082008267651013 -0.011805374664249375 0.0 0.0 0.0 0.0 10.200000000000008 0.0 0.07 10.200000000000008 0.0 0.07 0.3 0.05 0.8 0.3 0.05 0.8 0.5 0.1 0.05
1756 9.454351663589478 0.0 0.0 0.0 0.0 0.0 0.0 -0.026270118500667308 0.010546113814641819 -1.0885511338710785 0.1640921162812526 -0.2636693834262862 0.07012483601762931 0.0 0.0 0.0 -0.10811577080703318 -0.09756507986982954 -0.013082008267651013 -0.011805374664249375 0.0 0.0 0.0 0.0 10.200000000000008 0.0 0.07 10.200000000000008 0.0 0.07 0.3 0.05 0.8 0.3 0.05 0.8 0.5 0.1 0.05
1757 9.459829807281494 0.0 0.0 0.0 0.0 0.0 0.0 -0.026269840238021314 0.010546115497189631 -1.0885511338710785 0.1640921162812526 -0.2636693834262862 0.07012483601762931 0.0 0.0 0.0 -0.10811577080703318 -0.09756507986982954 -0.013082008267651013 -0.011805374664249375 0.0 0.0 0.0 0.0 10.200000000000008 0.0 0.07 10.200000000000008 0.0 0.07 0.3 0.05 0.8 0.3 0.05 0.8 0.5 0.1 0.05
1758 9.465752363204956 0.0 0.0 0.0 0.0 0.0 0.0 -0.02626967328043371 0.01054611650671832 -1.0885511338710785 0.1640921162812526 -0.2636693834262862 0.07012483601762931 0.0 0.0 0.0 -0.10811577080703318 -0.09756507986982954 -0.013082008267651013 -0.011805374664249375 0.0 0.0 0.0 0.0 10.200000000000008 0.0 0.07 10.200000000000008 0.0 0.07 0.3 0.05 0.8 0.3 0.05 0.8 0.5 0.1 0.05
1759 9.471295595169067 0.0 0.0 0.0 0.0 0.0 0.0 -0.026269573105881155 0.010546117112435534 -1.0885511338710785 0.1640921162812526 -0.2636693834262862 0.07012483601762931 0.0 0.0 0.0 -0.10811577080703318 -0.09756507986982954 -0.013082008267651013 -0.011805374664249375 0.0 0.0 0.0 0.0 10.200000000000008 0.0 0.07 10.200000000000008 0.0 0.07 0.3 0.05 0.8 0.3 0.05 0.8 0.5 0.1 0.05
1760 9.476716756820679 0.0 0.0 0.0 0.0 0.0 0.0 -0.026269513001149616 0.010546117475865861 -1.0885511338710785 0.1640921162812526 -0.2636693834262862 0.07012483601762931 0.0 0.0 0.0 -0.10811577080703318 -0.09756507986982954 -0.013082008267651013 -0.011805374664249375 0.0 0.0 0.0 0.0 10.200000000000008 0.0 0.07 10.200000000000008 0.0 0.07 0.3 0.05 0.8 0.3 0.05 0.8 0.5 0.1 0.05
1761 9.482475280761719 0.0 0.0 0.0 0.0 0.0 0.0 -0.026269476938310693 0.010546117693924058 -1.0885511338710785 0.1640921162812526 -0.2636693834262862 0.07012483601762931 0.0 0.0 0.0 -0.10811577080703318 -0.09756507986982954 -0.013082008267651013 -0.011805374664249375 0.0 0.0 0.0 0.0 10.200000000000008 0.0 0.07 10.200000000000008 0.0 0.07 0.3 0.05 0.8 0.3 0.05 0.8 0.5 0.1 0.05
1762 9.488024234771729 0.0 0.0 0.0 0.0 0.0 0.0 -0.02626945530060734 0.010546117824758975 -1.0885511338710785 0.1640921162812526 -0.2636693834262862 0.07012483601762931 0.0 0.0 0.0 -0.10811577080703318 -0.09756507986982954 -0.013082008267651013 -0.011805374664249375 0.0 0.0 0.0 0.0 10.200000000000008 0.0 0.07 10.200000000000008 0.0 0.07 0.3 0.05 0.8 0.3 0.05 0.8 0.5 0.1 0.05
1763 9.493500471115112 0.0 0.0 0.0 0.0 0.0 0.0 -0.02626944231798533 0.010546117903259926 -1.0885511338710785 0.1640921162812526 -0.2636693834262862 0.07012483601762931 0.0 0.0 0.0 -0.10811577080703318 -0.09756507986982954 -0.013082008267651013 -0.011805374664249375 0.0 0.0 0.0 0.0 10.200000000000008 0.0 0.07 10.200000000000008 0.0 0.07 0.3 0.05 0.8 0.3 0.05 0.8 0.5 0.1 0.05
1764 9.498997211456299 0.0 0.0 0.0 0.0 0.0 0.0 -0.02626943452841212 0.010546117950360496 -1.0885511338710785 0.1640921162812526 -0.2636693834262862 0.07012483601762931 0.0 0.0 0.0 -0.10811577080703318 -0.09756507986982954 -0.013082008267651013 -0.011805374664249375 0.0 0.0 0.0 0.0 10.200000000000008 0.0 0.07 10.200000000000008 0.0 0.07 0.3 0.05 0.8 0.3 0.05 0.8 0.5 0.1 0.05
1765 9.504408597946167 0.0 0.0 0.0 0.0 0.0 0.0 -0.0262694298546682 0.010546117978620838 -1.0885511338710785 0.1640921162812526 -0.2636693834262862 0.07012483601762931 0.0 0.0 0.0 -0.10811577080703318 -0.09756507986982954 -0.013082008267651013 -0.011805374664249375 0.0 0.0 0.0 0.0 10.200000000000008 0.0 0.07 10.200000000000008 0.0 0.07 0.3 0.05 0.8 0.3 0.05 0.8 0.5 0.1 0.05
1766 9.509811878204346 0.0 0.0 0.0 0.0 0.0 0.0 -0.026269427050421845 0.010546117995577043 -1.0885511338710785 0.1640921162812526 -0.2636693834262862 0.07012483601762931 0.0 0.0 0.0 -0.10811577080703318 -0.09756507986982954 -0.013082008267651013 -0.011805374664249375 0.0 0.0 0.0 0.0 10.200000000000008 0.0 0.07 10.200000000000008 0.0 0.07 0.3 0.05 0.8 0.3 0.05 0.8 0.5 0.1 0.05
1767 9.515257358551025 0.0 0.0 0.0 0.0 0.0 0.0 -0.026269425367874036 0.010546118005750768 -1.0885511338710785 0.1640921162812526 -0.2636693834262862 0.07012483601762931 0.0 0.0 0.0 -0.10811577080703318 -0.09756507986982954 -0.013082008267651013 -0.011805374664249375 0.0 0.0 0.0 0.0 10.200000000000008 0.0 0.07 10.200000000000008 0.0 0.07 0.3 0.05 0.8 0.3 0.05 0.8 0.5 0.1 0.05
1768 9.520753622055054 0.0 0.0 0.0 0.0 0.0 0.0 -0.026269424358345346 0.010546118011855002 -1.0885511338710785 0.1640921162812526 -0.2636693834262862 0.07012483601762931 0.0 0.0 0.0 -0.10811577080703318 -0.09756507986982954 -0.013082008267651013 -0.011805374664249375 0.0 0.0 0.0 0.0 10.200000000000008 0.0 0.07 10.200000000000008 0.0 0.07 0.3 0.05 0.8 0.3 0.05 0.8 0.5 0.1 0.05
1769 9.52614450454712 0.0 0.0 0.0 0.0 0.0 0.0 -0.026269423752628134 0.010546118015517542 -1.0885511338710785 0.1640921162812526 -0.2636693834262862 0.07012483601762931 0.0 0.0 0.0 -0.10811577080703318 -0.09756507986982954 -0.013082008267651013 -0.011805374664249375 0.0 0.0 0.0 0.0 10.200000000000008 0.0 0.07 10.200000000000008 0.0 0.07 0.3 0.05 0.8 0.3 0.05 0.8 0.5 0.1 0.05
1770 9.531597375869751 0.0 0.0 0.0 0.0 0.0 0.0 -0.026269423389197806 0.010546118017715066 -1.0885511338710785 0.1640921162812526 -0.2636693834262862 0.07012483601762931 0.0 0.0 0.0 -0.10811577080703318 -0.09756507986982954 -0.013082008267651013 -0.011805374664249375 0.0 0.0 0.0 0.0 10.200000000000008 0.0 0.07 10.200000000000008 0.0 0.07 0.3 0.05 0.8 0.3 0.05 0.8 0.5 0.1 0.05
1771 9.537240266799927 0.0 0.0 0.0 0.0 0.0 0.0 -0.02626942317113961 0.01054611801903358 -1.0885511338710785 0.1640921162812526 -0.2636693834262862 0.07012483601762931 0.0 0.0 0.0 -0.10811577080703318 -0.09756507986982954 -0.013082008267651013 -0.011805374664249375 0.0 0.0 0.0 0.0 10.200000000000008 0.0 0.07 10.200000000000008 0.0 0.07 0.3 0.05 0.8 0.3 0.05 0.8 0.5 0.1 0.05
1772 9.542694568634033 0.0 0.0 0.0 0.0 0.0 0.0 -0.02626942304030469 0.010546118019824689 -1.0885511338710785 0.1640921162812526 -0.2636693834262862 0.07012483601762931 0.0 0.0 0.0 -0.10811577080703318 -0.09756507986982954 -0.013082008267651013 -0.011805374664249375 0.0 0.0 0.0 0.0 10.200000000000008 0.0 0.07 10.200000000000008 0.0 0.07 0.3 0.05 0.8 0.3 0.05 0.8 0.5 0.1 0.05
1773 9.54820966720581 0.0 0.0 0.0 0.0 0.0 0.0 -0.02626942296180374 0.010546118020299354 -1.0885511338710785 0.1640921162812526 -0.2636693834262862 0.07012483601762931 0.0 0.0 0.0 -0.10811577080703318 -0.09756507986982954 -0.013082008267651013 -0.011805374664249375 0.0 0.0 0.0 0.0 10.200000000000008 0.0 0.07 10.200000000000008 0.0 0.07 0.3 0.05 0.8 0.3 0.05 0.8 0.5 0.1 0.05
1774 9.55374002456665 0.0 0.0 0.0 0.0 0.0 0.0 -0.026269422914703168 0.010546118020584153 -1.0885511338710785 0.1640921162812526 -0.2636693834262862 0.07012483601762931 0.0 0.0 0.0 -0.10811577080703318 -0.09756507986982954 -0.013082008267651013 -0.011805374664249375 0.0 0.0 0.0 0.0 10.200000000000008 0.0 0.07 10.200000000000008 0.0 0.07 0.3 0.05 0.8 0.3 0.05 0.8 0.5 0.1 0.05
1775 9.559177875518799 0.0 0.0 0.0 0.0 0.0 0.0 -0.02626942288644283 0.010546118020755033 -1.0885511338710785 0.1640921162812526 -0.2636693834262862 0.07012483601762931 0.0 0.0 0.0 -0.10811577080703318 -0.09756507986982954 -0.013082008267651013 -0.011805374664249375 0.0 0.0 0.0 0.0 10.200000000000008 0.0 0.07 10.200000000000008 0.0 0.07 0.3 0.05 0.8 0.3 0.05 0.8 0.5 0.1 0.05
1776 9.564652919769287 0.0 0.0 0.0 0.0 0.0 0.0 -0.026269422869486622 0.01054611802085756 -1.0885511338710785 0.1640921162812526 -0.2636693834262862 0.07012483601762931 0.0 0.0 0.0 -0.10811577080703318 -0.09756507986982954 -0.013082008267651013 -0.011805374664249375 0.0 0.0 0.0 0.0 10.200000000000008 0.0 0.07 10.200000000000008 0.0 0.07 0.3 0.05 0.8 0.3 0.05 0.8 0.5 0.1 0.05
1777 9.570078611373901 0.0 0.0 0.0 0.0 0.0 0.0 -0.0262694228593129 0.010546118020919077 -1.0885511338710785 0.1640921162812526 -0.2636693834262862 0.07012483601762931 0.0 0.0 0.0 -0.10811577080703318 -0.09756507986982954 -0.013082008267651013 -0.011805374664249375 0.0 0.0 0.0 0.0 10.200000000000008 0.0 0.07 10.200000000000008 0.0 0.07 0.3 0.05 0.8 0.3 0.05 0.8 0.5 0.1 0.05
1778 9.575855731964111 0.0 0.0 0.0 0.0 0.0 0.0 -0.026269422853208664 0.010546118020955987 -1.0885511338710785 0.1640921162812526 -0.2636693834262862 0.07012483601762931 0.0 0.0 0.0 -0.10811577080703318 -0.09756507986982954 -0.013082008267651013 -0.011805374664249375 0.0 0.0 0.0 0.0 10.200000000000008 0.0 0.07 10.200000000000008 0.0 0.07 0.3 0.05 0.8 0.3 0.05 0.8 0.5 0.1 0.05
1779 9.581271409988403 0.0 0.0 0.0 0.0 0.0 0.0 -0.02626942284954612 0.010546118020978133 -1.0885511338710785 0.1640921162812526 -0.2636693834262862 0.07012483601762931 0.0 0.0 0.0 -0.10811577080703318 -0.09756507986982954 -0.013082008267651013 -0.011805374664249375 0.0 0.0 0.0 0.0 10.200000000000008 0.0 0.07 10.200000000000008 0.0 0.07 0.3 0.05 0.8 0.3 0.05 0.8 0.5 0.1 0.05
1780 9.58683729171753 0.0 0.0 0.0 0.0 0.0 0.0 -0.0262694228473486 0.01054611802099142 -1.0885511338710785 0.1640921162812526 -0.2636693834262862 0.07012483601762931 0.0 0.0 0.0 -0.10811577080703318 -0.09756507986982954 -0.013082008267651013 -0.011805374664249375 0.0 0.0 0.0 0.0 10.200000000000008 0.0 0.07 10.200000000000008 0.0 0.07 0.3 0.05 0.8 0.3 0.05 0.8 0.5 0.1 0.05
1781 9.592680215835571 0.0 0.0 0.0 0.0 0.0 0.0 -0.026269422846030087 0.010546118020999393 -1.0885511338710785 0.1640921162812526 -0.2636693834262862 0.07012483601762931 0.0 0.0 0.0 -0.10811577080703318 -0.09756507986982954 -0.013082008267651013 -0.011805374664249375 0.0 0.0 0.0 0.0 10.200000000000008 0.0 0.07 10.200000000000008 0.0 0.07 0.3 0.05 0.8 0.3 0.05 0.8 0.5 0.1 0.05
1782 9.59830641746521 0.0 0.0 0.0 0.0 0.0 0.0 -0.026269422845238977 0.01062281727790115 -1.0885511338710785 0.1640921162812526 -0.2636693834262862 0.07012483601762931 0.0 0.0 0.0 -0.10811577080703318 -0.09756507986982954 -0.013082008267651013 -0.011805374664249375 0.0 0.0 0.0 0.0 10.200000000000008 0.0 0.07 10.200000000000008 0.0 0.07 0.3 0.05 0.8 0.3 0.05 0.8 0.5 0.1 0.05
1783 9.603969812393188 0.0 0.0 0.0 0.0 0.0 0.0 -0.026269422844764315 0.010668836832042203 -1.0885511338710785 0.1640921162812526 -0.2636693834262862 0.07012483601762931 0.0 0.0 0.0 -0.10811577080703318 -0.09756507986982954 -0.013082008267651013 -0.011805374664249375 0.0 0.0 0.0 0.0 10.200000000000008 0.0 0.07 10.200000000000008 0.0 0.07 0.3 0.05 0.8 0.3 0.05 0.8 0.5 0.1 0.05
1784 9.609560251235962 0.0 0.0 0.0 0.0 0.0 0.0 -0.026269422844479515 0.010696448564526836 -1.0885511338710785 0.1640921162812526 -0.2636693834262862 0.07012483601762931 0.0 0.0 0.0 -0.10811577080703318 -0.09756507986982954 -0.013082008267651013 -0.011805374664249375 0.0 0.0 0.0 0.0 10.200000000000008 0.0 0.07 10.200000000000008 0.0 0.07 0.3 0.05 0.8 0.3 0.05 0.8 0.5 0.1 0.05
1785 9.615066528320312 0.0 0.0 0.0 0.0 0.0 0.0 -0.026269422844308637 0.010713015604017617 -1.0885511338710785 0.1640921162812526 -0.2636693834262862 0.07012483601762931 0.0 0.0 0.0 -0.10811577080703318 -0.09756507986982954 -0.013082008267651013 -0.011805374664249375 0.0 0.0 0.0 0.0 10.200000000000008 0.0 0.07 10.200000000000008 0.0 0.07 0.3 0.05 0.8 0.3 0.05 0.8 0.5 0.1 0.05
1786 9.62054967880249 0.0 0.0 0.0 0.0 0.0 0.0 -0.02626942284420611 0.010722955827712084 -1.0885511338710785 0.1640921162812526 -0.2636693834262862 0.07012483601762931 0.0 0.0 0.0 -0.10811577080703318 -0.09756507986982954 -0.013082008267651013 -0.011805374664249375 0.0 0.0 0.0 0.0 10.200000000000008 0.0 0.07 10.200000000000008 0.0 0.07 0.3 0.05 0.8 0.3 0.05 0.8 0.5 0.1 0.05
1787 9.625944375991821 0.0 0.0 0.0 0.0 0.0 0.0 -0.026269422844144588 0.010728919961928764 -1.0885511338710785 0.1640921162812526 -0.2636693834262862 0.07012483601762931 0.0 0.0 0.0 -0.10811577080703318 -0.09756507986982954 -0.013082008267651013 -0.011805374664249375 0.0 0.0 0.0 0.0 10.200000000000008 0.0 0.07 10.200000000000008 0.0 0.07 0.3 0.05 0.8 0.3 0.05 0.8 0.5 0.1 0.05
1788 9.631454944610596 0.0 0.0 0.0 0.0 0.0 0.0 -0.02626942284410768 0.010732498442458771 -1.0885511338710785 0.1640921162812526 -0.2636693834262862 0.07012483601762931 0.0 0.0 0.0 -0.10811577080703318 -0.09756507986982954 -0.013082008267651013 -0.011805374664249375 0.0 0.0 0.0 0.0 10.200000000000008 0.0 0.07 10.200000000000008 0.0 0.07 0.3 0.05 0.8 0.3 0.05 0.8 0.5 0.1 0.05
1789 9.636857748031616 0.0 0.0 0.0 0.0 0.0 0.0 -0.02626942284408553 0.010734645530776778 -1.0885511338710785 0.1640921162812526 -0.2636693834262862 0.07012483601762931 0.0 0.0 0.0 -0.10811577080703318 -0.09756507986982954 -0.013082008267651013 -0.011805374664249375 0.0 0.0 0.0 0.0 10.200000000000008 0.0 0.07 10.200000000000008 0.0 0.07 0.3 0.05 0.8 0.3 0.05 0.8 0.5 0.1 0.05
1790 9.642214059829712 0.0 0.0 0.0 0.0 0.0 0.0 -0.026269422844072243 0.010735933783767582 -1.0885511338710785 0.1640921162812526 -0.2636693834262862 0.07012483601762931 0.0 0.0 0.0 -0.10811577080703318 -0.09756507986982954 -0.013082008267651013 -0.011805374664249375 0.0 0.0 0.0 0.0 10.200000000000008 0.0 0.07 10.200000000000008 0.0 0.07 0.3 0.05 0.8 0.3 0.05 0.8 0.5 0.1 0.05
1791 9.648427963256836 0.0 0.0 0.0 0.0 0.0 0.0 -0.02626942284406427 0.010736706735562063 -1.0885511338710785 0.1640921162812526 -0.2636693834262862 0.07012483601762931 0.0 0.0 0.0 -0.10811577080703318 -0.09756507986982954 -0.013082008267651013 -0.011805374664249375 0.0 0.0 0.0 0.0 10.200000000000008 0.0 0.07 10.200000000000008 0.0 0.07 0.3 0.05 0.8 0.3 0.05 0.8 0.5 0.1 0.05
1792 9.653955221176147 0.0 0.0 0.0 0.0 0.0 0.0 -0.02626942284405949 0.010737170506638753 -1.0885511338710785 0.1640921162812526 -0.2636693834262862 0.07012483601762931 0.0 0.0 0.0 -0.10811577080703318 -0.09756507986982954 -0.013082008267651013 -0.011805374664249375 0.0 0.0 0.0 0.0 10.200000000000008 0.0 0.07 10.200000000000008 0.0 0.07 0.3 0.05 0.8 0.3 0.05 0.8 0.5 0.1 0.05
1793 9.65940523147583 0.0 0.0 0.0 0.0 0.0 0.0 -0.026269422844056617 0.010737448769284764 -1.0885511338710785 0.1640921162812526 -0.2636693834262862 0.07012483601762931 0.0 0.0 0.0 -0.10811577080703318 -0.09756507986982954 -0.013082008267651013 -0.011805374664249375 0.0 0.0 0.0 0.0 10.200000000000008 0.0 0.07 10.200000000000008 0.0 0.07 0.3 0.05 0.8 0.3 0.05 0.8 0.5 0.1 0.05
1794 9.664912939071655 0.0 0.0 0.0 0.0 0.0 0.0 -0.026269422844054896 0.010737615726872374 -1.0885511338710785 0.1640921162812526 -0.2636693834262862 0.07012483601762931 0.0 0.0 0.0 -0.10811577080703318 -0.09756507986982954 -0.013082008267651013 -0.011805374664249375 0.0 0.0 0.0 0.0 10.200000000000008 0.0 0.07 10.200000000000008 0.0 0.07 0.3 0.05 0.8 0.3 0.05 0.8 0.5 0.1 0.05
1795 9.670400619506836 0.0 0.0 0.0 0.0 0.0 0.0 -0.026269422844053862 0.010737715901424938 -1.0885511338710785 0.1640921162812526 -0.2636693834262862 0.07012483601762931 0.0 0.0 0.0 -0.10811577080703318 -0.09756507986982954 -0.013082008267651013 -0.011805374664249375 0.0 0.0 0.0 0.0 10.200000000000008 0.0 0.07 10.200000000000008 0.0 0.07 0.3 0.05 0.8 0.3 0.05 0.8 0.5 0.1 0.05
1796 9.676097393035889 0.0 0.0 0.0 0.0 0.0 0.0 -0.026269422844053245 0.010737776006156476 -1.0885511338710785 0.1640921162812526 -0.2636693834262862 0.07012483601762931 0.0 0.0 0.0 -0.10811577080703318 -0.09756507986982954 -0.013082008267651013 -0.011805374664249375 0.0 0.0 0.0 0.0 10.200000000000008 0.0 0.07 10.200000000000008 0.0 0.07 0.3 0.05 0.8 0.3 0.05 0.8 0.5 0.1 0.05
1797 9.681567668914795 0.0 0.0 0.0 0.0 0.0 0.0 -0.02626942284405287 0.010737812068995399 -1.0885511338710785 0.1640921162812526 -0.2636693834262862 0.07012483601762931 0.0 0.0 0.0 -0.10811577080703318 -0.09756507986982954 -0.013082008267651013 -0.011805374664249375 0.0 0.0 0.0 0.0 10.200000000000008 0.0 0.07 10.200000000000008 0.0 0.07 0.3 0.05 0.8 0.3 0.05 0.8 0.5 0.1 0.05
1798 9.686947107315063 0.0 0.0 0.0 0.0 0.0 0.0 -0.026269422844052648 0.010737833706698754 -1.0885511338710785 0.1640921162812526 -0.2636693834262862 0.07012483601762931 0.0 0.0 0.0 -0.10811577080703318 -0.09756507986982954 -0.013082008267651013 -0.011805374664249375 0.0 0.0 0.0 0.0 10.200000000000008 0.0 0.07 10.200000000000008 0.0 0.07 0.3 0.05 0.8 0.3 0.05 0.8 0.5 0.1 0.05
1799 9.6923246383667 0.0 0.0 0.0 0.0 0.0 0.0 -0.026269422844052516 0.010737846689320766 -1.0885511338710785 0.1640921162812526 -0.2636693834262862 0.07012483601762931 0.0 0.0 0.0 -0.10811577080703318 -0.09756507986982954 -0.013082008267651013 -0.011805374664249375 0.0 0.0 0.0 0.0 10.200000000000008 0.0 0.07 10.200000000000008 0.0 0.07 0.3 0.05 0.8 0.3 0.05 0.8 0.5 0.1 0.05
1800 9.697654724121094 0.0 0.0 0.0 0.0 0.0 0.0 -0.026269422844052433 0.010737854478893975 -1.0885511338710785 0.1640921162812526 -0.2636693834262862 0.07012483601762931 0.0 0.0 0.0 -0.10811577080703318 -0.09756507986982954 -0.013082008267651013 -0.011805374664249375 0.0 0.0 0.0 0.0 10.200000000000008 0.0 0.07 10.200000000000008 0.0 0.07 0.3 0.05 0.8 0.3 0.05 0.8 0.5 0.1 0.05
1801 9.703869104385376 0.0 0.0 0.0 0.0 0.0 0.0 -0.026269422844052384 0.010737859152637898 -1.0885511338710785 0.1640921162812526 -0.2636693834262862 0.07012483601762931 0.0 0.0 0.0 -0.10811577080703318 -0.09756507986982954 -0.013082008267651013 -0.011805374664249375 0.0 0.0 0.0 0.0 10.200000000000008 0.0 0.07 10.200000000000008 0.0 0.07 0.3 0.05 0.8 0.3 0.05 0.8 0.5 0.1 0.05
1802 9.709486961364746 0.0 0.0 0.0 0.0 0.0 0.0 -0.026269422844052356 0.010737861956884254 -1.0885511338710785 0.1640921162812526 -0.2636693834262862 0.07012483601762931 0.0 0.0 0.0 -0.10811577080703318 -0.09756507986982954 -0.013082008267651013 -0.011805374664249375 0.0 0.0 0.0 0.0 10.200000000000008 0.0 0.07 10.200000000000008 0.0 0.07 0.3 0.05 0.8 0.3 0.05 0.8 0.5 0.1 0.05
1803 9.71509075164795 0.0 0.0 0.0 0.0 0.0 0.0 -0.026269422844052343 0.010737863639432067 -1.0885511338710785 0.1640921162812526 -0.2636693834262862 0.07012483601762931 0.0 0.0 0.0 -0.10811577080703318 -0.09756507986982954 -0.013082008267651013 -0.011805374664249375 0.0 0.0 0.0 0.0 10.200000000000008 0.0 0.07 10.200000000000008 0.0 0.07 0.3 0.05 0.8 0.3 0.05 0.8 0.5 0.1 0.05
1804 9.720605611801147 0.0 0.0 0.0 0.0 0.0 0.0 -0.02626942284405233 0.010737864648960753 -1.0885511338710785 0.1640921162812526 -0.2636693834262862 0.07012483601762931 0.0 0.0 0.0 -0.10811577080703318 -0.09756507986982954 -0.013082008267651013 -0.011805374664249375 0.0 0.0 0.0 0.0 10.200000000000008 0.0 0.07 10.200000000000008 0.0 0.07 0.3 0.05 0.8 0.3 0.05 0.8 0.5 0.1 0.05
1805 9.726001501083374 0.0 0.0 0.0 0.0 0.0 0.0 -0.02626942284405232 0.010737865254677965 -1.0885511338710785 0.1640921162812526 -0.2636693834262862 0.07012483601762931 0.0 0.0 0.0 -0.10811577080703318 -0.09756507986982954 -0.013082008267651013 -0.011805374664249375 0.0 0.0 0.0 0.0 10.200000000000008 0.0 0.07 10.200000000000008 0.0 0.07 0.3 0.05 0.8 0.3 0.05 0.8 0.5 0.1 0.05
1806 9.731428146362305 0.0 0.0 0.0 0.0 0.0 0.0 -0.02626942284405232 0.010737865618108293 -1.0885511338710785 0.1640921162812526 -0.2636693834262862 0.07012483601762931 0.0 0.0 0.0 -0.10811577080703318 -0.09756507986982954 -0.013082008267651013 -0.011805374664249375 0.0 0.0 0.0 0.0 10.200000000000008 0.0 0.07 10.200000000000008 0.0 0.07 0.3 0.05 0.8 0.3 0.05 0.8 0.5 0.1 0.05
1807 9.736811399459839 0.0 0.0 0.0 0.0 0.0 0.0 -0.02626942284405232 0.01073786583616649 -1.0885511338710785 0.1640921162812526 -0.2636693834262862 0.07012483601762931 0.0 0.0 0.0 -0.10811577080703318 -0.09756507986982954 -0.013082008267651013 -0.011805374664249375 0.0 0.0 0.0 0.0 10.200000000000008 0.0 0.07 10.200000000000008 0.0 0.07 0.3 0.05 0.8 0.3 0.05 0.8 0.5 0.1 0.05
1808 9.74220585823059 0.0 0.0 0.0 0.0 0.0 0.0 -0.02626942284405232 0.010737865967001409 -1.0885511338710785 0.1640921162812526 -0.2636693834262862 0.07012483601762931 0.0 0.0 0.0 -0.10811577080703318 -0.09756507986982954 -0.013082008267651013 -0.011805374664249375 0.0 0.0 0.0 0.0 10.200000000000008 0.0 0.07 10.200000000000008 0.0 0.07 0.3 0.05 0.8 0.3 0.05 0.8 0.5 0.1 0.05
1809 9.747595310211182 0.0 0.0 0.0 0.0 0.0 0.0 -0.02626942284405232 0.01073786604550236 -1.0885511338710785 0.1640921162812526 -0.2636693834262862 0.07012483601762931 0.0 0.0 0.0 -0.10811577080703318 -0.09756507986982954 -0.013082008267651013 -0.011805374664249375 0.0 0.0 0.0 0.0 10.200000000000008 0.0 0.07 10.200000000000008 0.0 0.07 0.3 0.05 0.8 0.3 0.05 0.8 0.5 0.1 0.05
1810 9.75297737121582 0.0 0.0 0.0 0.0 0.0 0.0 -0.02626942284405232 0.01073786609260293 -1.0885511338710785 0.1640921162812526 -0.2636693834262862 0.07012483601762931 0.0 0.0 0.0 -0.10811577080703318 -0.09756507986982954 -0.013082008267651013 -0.011805374664249375 0.0 0.0 0.0 0.0 10.200000000000008 0.0 0.07 10.200000000000008 0.0 0.07 0.3 0.05 0.8 0.3 0.05 0.8 0.5 0.1 0.05
1811 9.759363174438477 0.0 0.0 0.0 0.0 0.0 0.0 -0.02626942284405232 0.010737866120863271 -1.0885511338710785 0.1640921162812526 -0.2636693834262862 0.07012483601762931 0.0 0.0 0.0 -0.10811577080703318 -0.09756507986982954 -0.013082008267651013 -0.011805374664249375 0.0 0.0 0.0 0.0 10.200000000000008 0.0 0.07 10.200000000000008 0.0 0.07 0.3 0.05 0.8 0.3 0.05 0.8 0.5 0.1 0.05
1812 9.764963865280151 0.0 0.0 0.0 0.0 0.0 0.0 -0.02626942284405232 0.010737866137819477 -1.0885511338710785 0.1640921162812526 -0.2636693834262862 0.07012483601762931 0.0 0.0 0.0 -0.10811577080703318 -0.09756507986982954 -0.013082008267651013 -0.011805374664249375 0.0 0.0 0.0 0.0 10.200000000000008 0.0 0.07 10.200000000000008 0.0 0.07 0.3 0.05 0.8 0.3 0.05 0.8 0.5 0.1 0.05
1813 9.770496129989624 0.0 0.0 0.0 0.0 0.0 0.0 -0.02626942284405232 0.0107378661479932 -1.0885511338710785 0.1640921162812526 -0.2636693834262862 0.07012483601762931 0.0 0.0 0.0 -0.10811577080703318 -0.09756507986982954 -0.013082008267651013 -0.011805374664249375 0.0 0.0 0.0 0.0 10.200000000000008 0.0 0.07 10.200000000000008 0.0 0.07 0.3 0.05 0.8 0.3 0.05 0.8 0.5 0.1 0.05
1814 9.77597689628601 0.0 0.0 0.0 0.0 0.0 0.0 -0.02626942284405232 0.010737866154097435 -1.0885511338710785 0.1640921162812526 -0.2636693834262862 0.07012483601762931 0.0 0.0 0.0 -0.10811577080703318 -0.09756507986982954 -0.013082008267651013 -0.011805374664249375 0.0 0.0 0.0 0.0 10.200000000000008 0.0 0.07 10.200000000000008 0.0 0.07 0.3 0.05 0.8 0.3 0.05 0.8 0.5 0.1 0.05
1815 9.78180742263794 0.0 0.0 0.0 0.0 0.0 0.0 -0.02626942284405232 0.010737866157759974 -1.0885511338710785 0.1640921162812526 -0.2636693834262862 0.07012483601762931 0.0 0.0 0.0 -0.10811577080703318 -0.09756507986982954 -0.013082008267651013 -0.011805374664249375 0.0 0.0 0.0 0.0 10.200000000000008 0.0 0.07 10.200000000000008 0.0 0.07 0.3 0.05 0.8 0.3 0.05 0.8 0.5 0.1 0.05
1816 9.787286520004272 0.0 0.0 0.0 0.0 0.0 0.0 -0.02626942284405232 0.010737866159957497 -1.0885511338710785 0.1640921162812526 -0.2636693834262862 0.07012483601762931 0.0 0.0 0.0 -0.10811577080703318 -0.09756507986982954 -0.013082008267651013 -0.011805374664249375 0.0 0.0 0.0 0.0 10.200000000000008 0.0 0.07 10.200000000000008 0.0 0.07 0.3 0.05 0.8 0.3 0.05 0.8 0.5 0.1 0.05
1817 9.792665243148804 0.0 0.0 0.0 0.0 0.0 0.0 -0.02626942284405232 0.010737866161276012 -1.0885511338710785 0.1640921162812526 -0.2636693834262862 0.07012483601762931 0.0 0.0 0.0 -0.10811577080703318 -0.09756507986982954 -0.013082008267651013 -0.011805374664249375 0.0 0.0 0.0 0.0 10.200000000000008 0.0 0.07 10.200000000000008 0.0 0.07 0.3 0.05 0.8 0.3 0.05 0.8 0.5 0.1 0.05
1818 9.798050880432129 0.0 0.0 0.0 0.0 0.0 0.0 -0.02626942284405232 0.010737866162067122 -1.0885511338710785 0.1640921162812526 -0.2636693834262862 0.07012483601762931 0.0 0.0 0.0 -0.10811577080703318 -0.09756507986982954 -0.013082008267651013 -0.011805374664249375 0.0 0.0 0.0 0.0 10.200000000000008 0.0 0.07 10.200000000000008 0.0 0.07 0.3 0.05 0.8 0.3 0.05 0.8 0.5 0.1 0.05
1819 9.80342411994934 0.0 0.0 0.0 0.0 0.0 0.0 -0.02626942284405232 0.010737866162541788 -1.0885511338710785 0.1640921162812526 -0.2636693834262862 0.07012483601762931 0.0 0.0 0.0 -0.10811577080703318 -0.09756507986982954 -0.013082008267651013 -0.011805374664249375 0.0 0.0 0.0 0.0 10.200000000000008 0.0 0.07 10.200000000000008 0.0 0.07 0.3 0.05 0.8 0.3 0.05 0.8 0.5 0.1 0.05
1820 9.808813571929932 0.0 0.0 0.0 0.0 0.0 0.0 -0.02626942284405232 0.010737866162826588 -1.0885511338710785 0.1640921162812526 -0.2636693834262862 0.07012483601762931 0.0 0.0 0.0 -0.10811577080703318 -0.09756507986982954 -0.013082008267651013 -0.011805374664249375 0.0 0.0 0.0 0.0 10.200000000000008 0.0 0.07 10.200000000000008 0.0 0.07 0.3 0.05 0.8 0.3 0.05 0.8 0.5 0.1 0.05
1821 9.814769983291626 0.0 0.0 0.0 0.0 0.0 0.0 -0.02626942284405232 0.010737866162997467 -1.0885511338710785 0.1640921162812526 -0.2636693834262862 0.07012483601762931 0.0 0.0 0.0 -0.10811577080703318 -0.09756507986982954 -0.013082008267651013 -0.011805374664249375 0.0 0.0 0.0 0.0 10.200000000000008 0.0 0.07 10.200000000000008 0.0 0.07 0.3 0.05 0.8 0.3 0.05 0.8 0.5 0.1 0.05
1822 9.820330142974854 0.0 0.0 0.0 0.0 0.0 0.0 -0.02626942284405232 0.010737866163099994 -1.0885511338710785 0.1640921162812526 -0.2636693834262862 0.07012483601762931 0.0 0.0 0.0 -0.10811577080703318 -0.09756507986982954 -0.013082008267651013 -0.011805374664249375 0.0 0.0 0.0 0.0 10.200000000000008 0.0 0.07 10.200000000000008 0.0 0.07 0.3 0.05 0.8 0.3 0.05 0.8 0.5 0.1 0.05
1823 9.82591962814331 0.0 0.0 0.0 0.0 0.0 0.0 -0.02626942284405232 0.01073786616316151 -1.0885511338710785 0.1640921162812526 -0.2636693834262862 0.07012483601762931 0.0 0.0 0.0 -0.10811577080703318 -0.09756507986982954 -0.013082008267651013 -0.011805374664249375 0.0 0.0 0.0 0.0 10.200000000000008 0.0 0.07 10.200000000000008 0.0 0.07 0.3 0.05 0.8 0.3 0.05 0.8 0.5 0.1 0.05
1824 9.831724166870117 0.0 0.0 0.0 0.0 0.0 0.0 -0.02626942284405232 0.01073786616319842 -1.0885511338710785 0.1640921162812526 -0.2636693834262862 0.07012483601762931 0.0 0.0 0.0 -0.10811577080703318 -0.09756507986982954 -0.013082008267651013 -0.011805374664249375 0.0 0.0 0.0 0.0 10.200000000000008 0.0 0.07 10.200000000000008 0.0 0.07 0.3 0.05 0.8 0.3 0.05 0.8 0.5 0.1 0.05
1825 9.837141036987305 0.0 0.0 0.0 0.0 0.0 0.0 -0.02626942284405232 0.010737866163220566 -1.0885511338710785 0.1640921162812526 -0.2636693834262862 0.07012483601762931 0.0 0.0 0.0 -0.10811577080703318 -0.09756507986982954 -0.013082008267651013 -0.011805374664249375 0.0 0.0 0.0 0.0 10.200000000000008 0.0 0.07 10.200000000000008 0.0 0.07 0.3 0.05 0.8 0.3 0.05 0.8 0.5 0.1 0.05
1826 9.842516660690308 0.0 0.0 0.0 0.0 0.0 0.0 -0.02626942284405232 0.010737866163233852 -1.0885511338710785 0.1640921162812526 -0.2636693834262862 0.07012483601762931 0.0 0.0 0.0 -0.10811577080703318 -0.09756507986982954 -0.013082008267651013 -0.011805374664249375 0.0 0.0 0.0 0.0 10.200000000000008 0.0 0.07 10.200000000000008 0.0 0.07 0.3 0.05 0.8 0.3 0.05 0.8 0.5 0.1 0.05
1827 9.847904205322266 0.0 0.0 0.0 0.0 0.0 0.0 -0.02626942284405232 0.010737866163241825 -1.0885511338710785 0.1640921162812526 -0.2636693834262862 0.07012483601762931 0.0 0.0 0.0 -0.10811577080703318 -0.09756507986982954 -0.013082008267651013 -0.011805374664249375 0.0 0.0 0.0 0.0 10.200000000000008 0.0 0.07 10.200000000000008 0.0 0.07 0.3 0.05 0.8 0.3 0.05 0.8 0.5 0.1 0.05
1828 9.853255987167358 0.0 0.0 0.0 0.0 0.0 0.0 -0.02626942284405232 0.01073786616324661 -1.0885511338710785 0.1640921162812526 -0.2636693834262862 0.07012483601762931 0.0 0.0 0.0 -0.10811577080703318 -0.09756507986982954 -0.013082008267651013 -0.011805374664249375 0.0 0.0 0.0 0.0 10.200000000000008 0.0 0.07 10.200000000000008 0.0 0.07 0.3 0.05 0.8 0.3 0.05 0.8 0.5 0.1 0.05
1829 9.85864782333374 0.0 0.0 0.0 0.0 0.0 0.0 -0.02626942284405232 0.010737866163249479 -1.0885511338710785 0.1640921162812526 -0.2636693834262862 0.07012483601762931 0.0 0.0 0.0 -0.10811577080703318 -0.09756507986982954 -0.013082008267651013 -0.011805374664249375 0.0 0.0 0.0 0.0 10.200000000000008 0.0 0.07 10.200000000000008 0.0 0.07 0.3 0.05 0.8 0.3 0.05 0.8 0.5 0.1 0.05
1830 9.86402702331543 0.0 0.0 0.0 0.0 0.0 0.0 -0.02626942284405232 0.010737866163251201 -1.0885511338710785 0.1640921162812526 -0.2636693834262862 0.07012483601762931 0.0 0.0 0.0 -0.10811577080703318 -0.09756507986982954 -0.013082008267651013 -0.011805374664249375 0.0 0.0 0.0 0.0 10.200000000000008 0.0 0.07 10.200000000000008 0.0 0.07 0.3 0.05 0.8 0.3 0.05 0.8 0.5 0.1 0.05
1831 9.869608640670776 0.0 0.0 0.0 0.0 0.0 0.0 -0.02626942284405232 0.010814565420149207 -1.0885511338710785 0.1640921162812526 -0.2636693834262862 0.07012483601762931 0.0 0.0 0.0 -0.10811577080703318 -0.09756507986982954 -0.013082008267651013 -0.011805374664249375 0.0 0.0 0.0 0.0 10.200000000000008 0.0 0.07 10.200000000000008 0.0 0.07 0.3 0.05 0.8 0.3 0.05 0.8 0.5 0.1 0.05
1832 9.875070810317993 0.0 0.0 0.0 0.0 0.0 0.0 -0.02626942284405232 0.010860584974288011 -1.0885511338710785 0.1640921162812526 -0.2636693834262862 0.07012483601762931 0.0 0.0 0.0 -0.10811577080703318 -0.09756507986982954 -0.013082008267651013 -0.011805374664249375 0.0 0.0 0.0 0.0 10.200000000000008 0.0 0.07 10.200000000000008 0.0 0.07 0.3 0.05 0.8 0.3 0.05 0.8 0.5 0.1 0.05
1833 9.880629539489746 0.0 0.0 0.0 0.0 0.0 0.0 -0.02626942284405232 0.010888196706771294 -1.0885511338710785 0.1640921162812526 -0.2636693834262862 0.07012483601762931 0.0 0.0 0.0 -0.10811577080703318 -0.09756507986982954 -0.013082008267651013 -0.011805374664249375 0.0 0.0 0.0 0.0 10.200000000000008 0.0 0.07 10.200000000000008 0.0 0.07 0.3 0.05 0.8 0.3 0.05 0.8 0.5 0.1 0.05
1834 9.886412620544434 0.0 0.0 0.0 0.0 0.0 0.0 -0.02626942284405232 0.010904763746261262 -1.0885511338710785 0.1640921162812526 -0.2636693834262862 0.07012483601762931 0.0 0.0 0.0 -0.10811577080703318 -0.09756507986982954 -0.013082008267651013 -0.011805374664249375 0.0 0.0 0.0 0.0 10.200000000000008 0.0 0.07 10.200000000000008 0.0 0.07 0.3 0.05 0.8 0.3 0.05 0.8 0.5 0.1 0.05
1835 9.891993522644043 0.0 0.0 0.0 0.0 0.0 0.0 -0.02626942284405232 0.010914703969955244 -1.0885511338710785 0.1640921162812526 -0.2636693834262862 0.07012483601762931 0.0 0.0 0.0 -0.10811577080703318 -0.09756507986982954 -0.013082008267651013 -0.011805374664249375 0.0 0.0 0.0 0.0 10.200000000000008 0.0 0.07 10.200000000000008 0.0 0.07 0.3 0.05 0.8 0.3 0.05 0.8 0.5 0.1 0.05
1836 9.897471189498901 0.0 0.0 0.0 0.0 0.0 0.0 -0.02626942284405232 0.010920668104171633 -1.0885511338710785 0.1640921162812526 -0.2636693834262862 0.07012483601762931 0.0 0.0 0.0 -0.10811577080703318 -0.09756507986982954 -0.013082008267651013 -0.011805374664249375 0.0 0.0 0.0 0.0 10.200000000000008 0.0 0.07 10.200000000000008 0.0 0.07 0.3 0.05 0.8 0.3 0.05 0.8 0.5 0.1 0.05
1837 9.902892112731934 0.0 0.0 0.0 0.0 0.0 0.0 -0.02626942284405232 0.010924246584701466 -1.0885511338710785 0.1640921162812526 -0.2636693834262862 0.07012483601762931 0.0 0.0 0.0 -0.10811577080703318 -0.09756507986982954 -0.013082008267651013 -0.011805374664249375 0.0 0.0 0.0 0.0 10.200000000000008 0.0 0.07 10.200000000000008 0.0 0.07 0.3 0.05 0.8 0.3 0.05 0.8 0.5 0.1 0.05
1838 9.908321619033813 0.0 0.0 0.0 0.0 0.0 0.0 -0.02626942284405232 0.010926393673019365 -1.0885511338710785 0.1640921162812526 -0.2636693834262862 0.07012483601762931 0.0 0.0 0.0 -0.10811577080703318 -0.09756507986982954 -0.013082008267651013 -0.011805374664249375 0.0 0.0 0.0 0.0 10.200000000000008 0.0 0.07 10.200000000000008 0.0 0.07 0.3 0.05 0.8 0.3 0.05 0.8 0.5 0.1 0.05
1839 9.91370964050293 0.0 0.0 0.0 0.0 0.0 0.0 -0.02626942284405232 0.010927681926010107 -1.0885511338710785 0.1640921162812526 -0.2636693834262862 0.07012483601762931 0.0 0.0 0.0 -0.10811577080703318 -0.09756507986982954 -0.013082008267651013 -0.011805374664249375 0.0 0.0 0.0 0.0 10.200000000000008 0.0 0.07 10.200000000000008 0.0 0.07 0.3 0.05 0.8 0.3 0.05 0.8 0.5 0.1 0.05
1840 9.91908884048462 0.0 0.0 0.0 0.0 0.0 0.0 -0.02626942284405232 0.010928454877804552 -1.0885511338710785 0.1640921162812526 -0.2636693834262862 0.07012483601762931 0.0 0.0 0.0 -0.10811577080703318 -0.09756507986982954 -0.013082008267651013 -0.011805374664249375 0.0 0.0 0.0 0.0 10.200000000000008 0.0 0.07 10.200000000000008 0.0 0.07 0.3 0.05 0.8 0.3 0.05 0.8 0.5 0.1 0.05
1841 9.924691677093506 0.0 0.0 0.0 0.0 0.0 0.0 -0.02626942284405232 0.010928918648881219 -1.0885511338710785 0.1640921162812526 -0.2636693834262862 0.07012483601762931 0.0 0.0 0.0 -0.10811577080703318 -0.09756507986982954 -0.013082008267651013 -0.011805374664249375 0.0 0.0 0.0 0.0 10.200000000000008 0.0 0.07 10.200000000000008 0.0 0.07 0.3 0.05 0.8 0.3 0.05 0.8 0.5 0.1 0.05
1842 9.930154085159302 0.0 0.0 0.0 0.0 0.0 0.0 -0.02626942284405232 0.010929196911527217 -1.0885511338710785 0.1640921162812526 -0.2636693834262862 0.07012483601762931 0.0 0.0 0.0 -0.10811577080703318 -0.09756507986982954 -0.013082008267651013 -0.011805374664249375 0.0 0.0 0.0 0.0 10.200000000000008 0.0 0.07 10.200000000000008 0.0 0.07 0.3 0.05 0.8 0.3 0.05 0.8 0.5 0.1 0.05
1843 9.935776710510254 0.0 0.0 0.0 0.0 0.0 0.0 -0.02626942284405232 0.010929363869114816 -1.0885511338710785 0.1640921162812526 -0.2636693834262862 0.07012483601762931 0.0 0.0 0.0 -0.10811577080703318 -0.09756507986982954 -0.013082008267651013 -0.011805374664249375 0.0 0.0 0.0 0.0 10.200000000000008 0.0 0.07 10.200000000000008 0.0 0.07 0.3 0.05 0.8 0.3 0.05 0.8 0.5 0.1 0.05
1844 9.941256523132324 0.0 0.0 0.0 0.0 0.0 0.0 -0.02626942284405232 0.010929464043667375 -1.0885511338710785 0.1640921162812526 -0.2636693834262862 0.07012483601762931 0.0 0.0 0.0 -0.10811577080703318 -0.09756507986982954 -0.013082008267651013 -0.011805374664249375 0.0 0.0 0.0 0.0 10.200000000000008 0.0 0.07 10.200000000000008 0.0 0.07 0.3 0.05 0.8 0.3 0.05 0.8 0.5 0.1 0.05
1845 9.946640729904175 0.0 0.0 0.0 0.0 0.0 0.0 -0.02626942284405232 0.01092952414839891 -1.0885511338710785 0.1640921162812526 -0.2636693834262862 0.07012483601762931 0.0 0.0 0.0 -0.10811577080703318 -0.09756507986982954 -0.013082008267651013 -0.011805374664249375 0.0 0.0 0.0 0.0 10.200000000000008 0.0 0.07 10.200000000000008 0.0 0.07 0.3 0.05 0.8 0.3 0.05 0.8 0.5 0.1 0.05
1846 9.952047109603882 0.0 0.0 0.0 0.0 0.0 0.0 -0.02626942284405232 0.010929560211237834 -1.0885511338710785 0.1640921162812526 -0.2636693834262862 0.07012483601762931 0.0 0.0 0.0 -0.10811577080703318 -0.09756507986982954 -0.013082008267651013 -0.011805374664249375 0.0 0.0 0.0 0.0 10.200000000000008 0.0 0.07 10.200000000000008 0.0 0.07 0.3 0.05 0.8 0.3 0.05 0.8 0.5 0.1 0.05
1847 9.95740818977356 0.0 0.0 0.0 0.0 0.0 0.0 -0.02626942284405232 0.010929581848941187 -1.0885511338710785 0.1640921162812526 -0.2636693834262862 0.07012483601762931 0.0 0.0 0.0 -0.10811577080703318 -0.09756507986982954 -0.013082008267651013 -0.011805374664249375 0.0 0.0 0.0 0.0 10.200000000000008 0.0 0.07 10.200000000000008 0.0 0.07 0.3 0.05 0.8 0.3 0.05 0.8 0.5 0.1 0.05
1848 9.962756872177124 0.0 0.0 0.0 0.0 0.0 0.0 -0.02626942284405232 0.0109295948315632 -1.0885511338710785 0.1640921162812526 -0.2636693834262862 0.07012483601762931 0.0 0.0 0.0 -0.10811577080703318 -0.09756507986982954 -0.013082008267651013 -0.011805374664249375 0.0 0.0 0.0 0.0 10.200000000000008 0.0 0.07 10.200000000000008 0.0 0.07 0.3 0.05 0.8 0.3 0.05 0.8 0.5 0.1 0.05
1849 9.968149662017822 0.0 0.0 0.0 0.0 0.0 0.0 -0.02626942284405232 0.010929602621136406 -1.0885511338710785 0.1640921162812526 -0.2636693834262862 0.07012483601762931 0.0 0.0 0.0 -0.10811577080703318 -0.09756507986982954 -0.013082008267651013 -0.011805374664249375 0.0 0.0 0.0 0.0 10.200000000000008 0.0 0.07 10.200000000000008 0.0 0.07 0.3 0.05 0.8 0.3 0.05 0.8 0.5 0.1 0.05
1850 9.973592758178711 0.0 0.0 0.0 0.0 0.0 0.0 -0.02626942284405232 0.01092960729488033 -1.0885511338710785 0.1640921162812526 -0.2636693834262862 0.07012483601762931 0.0 0.0 0.0 -0.10811577080703318 -0.09756507986982954 -0.013082008267651013 -0.011805374664249375 0.0 0.0 0.0 0.0 10.200000000000008 0.0 0.07 10.200000000000008 0.0 0.07 0.3 0.05 0.8 0.3 0.05 0.8 0.5 0.1 0.05
1851 9.979159593582153 0.0 0.0 0.0 0.0 0.0 0.0 -0.02626942284405232 0.010929610099126685 -1.0885511338710785 0.1640921162812526 -0.2636693834262862 0.07012483601762931 0.0 0.0 0.0 -0.10811577080703318 -0.09756507986982954 -0.013082008267651013 -0.011805374664249375 0.0 0.0 0.0 0.0 10.200000000000008 0.0 0.07 10.200000000000008 0.0 0.07 0.3 0.05 0.8 0.3 0.05 0.8 0.5 0.1 0.05
1852 9.984645366668701 0.0 0.0 0.0 0.0 0.0 0.0 -0.02626942284405232 0.010929611781674498 -1.0885511338710785 0.1640921162812526 -0.2636693834262862 0.07012483601762931 0.0 0.0 0.0 -0.10811577080703318 -0.09756507986982954 -0.013082008267651013 -0.011805374664249375 0.0 0.0 0.0 0.0 10.200000000000008 0.0 0.07 10.200000000000008 0.0 0.07 0.3 0.05 0.8 0.3 0.05 0.8 0.5 0.1 0.05
1853 9.990219593048096 0.0 0.0 0.0 0.0 0.0 0.0 -0.02626942284405232 0.010929612791203185 -1.0885511338710785 0.1640921162812526 -0.2636693834262862 0.07012483601762931 0.0 0.0 0.0 -0.10811577080703318 -0.09756507986982954 -0.013082008267651013 -0.011805374664249375 0.0 0.0 0.0 0.0 10.200000000000008 0.0 0.07 10.200000000000008 0.0 0.07 0.3 0.05 0.8 0.3 0.05 0.8 0.5 0.1 0.05
1854 9.995856046676636 0.0 0.0 0.0 0.0 0.0 0.0 -0.02626942284405232 0.010929613396920397 -1.0885511338710785 0.1640921162812526 -0.2636693834262862 0.07012483601762931 0.0 0.0 0.0 -0.10811577080703318 -0.09756507986982954 -0.013082008267651013 -0.011805374664249375 0.0 0.0 0.0 0.0 10.200000000000008 0.0 0.07 10.200000000000008 0.0 0.07 0.3 0.05 0.8 0.3 0.05 0.8 0.5 0.1 0.05
1855 10.001518964767456 0.0 0.0 0.0 0.0 0.0 0.0 -0.02626942284405232 0.010929613760350725 -1.0885511338710785 0.1640921162812526 -0.2636693834262862 0.07012483601762931 0.0 0.0 0.0 -0.10811577080703318 -0.09756507986982954 -0.013082008267651013 -0.011805374664249375 0.0 0.0 0.0 0.0 10.200000000000008 0.0 0.07 10.200000000000008 0.0 0.07 0.3 0.05 0.8 0.3 0.05 0.8 0.5 0.1 0.05
1856 10.007008075714111 0.0 0.0 0.0 0.0 0.0 0.0 -0.02626942284405232 0.010929613978408921 -1.0885511338710785 0.1640921162812526 -0.2636693834262862 0.07012483601762931 0.0 0.0 0.0 -0.10811577080703318 -0.09756507986982954 -0.013082008267651013 -0.011805374664249375 0.0 0.0 0.0 0.0 10.200000000000008 0.0 0.07 10.200000000000008 0.0 0.07 0.3 0.05 0.8 0.3 0.05 0.8 0.5 0.1 0.05
1857 10.012494087219238 0.0 0.0 0.0 0.0 0.0 0.0 -0.02626942284405232 0.01092961410924384 -1.0885511338710785 0.1640921162812526 -0.2636693834262862 0.07012483601762931 0.0 0.0 0.0 -0.10811577080703318 -0.09756507986982954 -0.013082008267651013 -0.011805374664249375 0.0 0.0 0.0 0.0 10.200000000000008 0.0 0.07 10.200000000000008 0.0 0.07 0.3 0.05 0.8 0.3 0.05 0.8 0.5 0.1 0.05
1858 10.017928123474121 0.0 0.0 0.0 0.0 0.0 0.0 -0.02626942284405232 0.010929614187744791 -1.0885511338710785 0.1640921162812526 -0.2636693834262862 0.07012483601762931 0.0 0.0 0.0 -0.10811577080703318 -0.09756507986982954 -0.013082008267651013 -0.011805374664249375 0.0 0.0 0.0 0.0 10.200000000000008 0.0 0.07 10.200000000000008 0.0 0.07 0.3 0.05 0.8 0.3 0.05 0.8 0.5 0.1 0.05
1859 10.023319244384766 0.0 0.0 0.0 0.0 0.0 0.0 -0.02626942284405232 0.01092961423484536 -1.0885511338710785 0.1640921162812526 -0.2636693834262862 0.07012483601762931 0.0 0.0 0.0 -0.10811577080703318 -0.09756507986982954 -0.013082008267651013 -0.011805374664249375 0.0 0.0 0.0 0.0 10.200000000000008 0.0 0.07 10.200000000000008 0.0 0.07 0.3 0.05 0.8 0.3 0.05 0.8 0.5 0.1 0.05
1860 10.02869701385498 0.0 0.0 0.0 0.0 0.0 0.0 -0.02626942284405232 0.010929614263105703 -1.0885511338710785 0.1640921162812526 -0.2636693834262862 0.07012483601762931 0.0 0.0 0.0 -0.10811577080703318 -0.09756507986982954 -0.013082008267651013 -0.011805374664249375 0.0 0.0 0.0 0.0 10.200000000000008 0.0 0.07 10.200000000000008 0.0 0.07 0.3 0.05 0.8 0.3 0.05 0.8 0.5 0.1 0.05
1861 10.034229516983032 0.0 0.0 0.0 0.0 0.0 0.0 -0.02626942284405232 0.010929614280061908 -1.0885511338710785 0.1640921162812526 -0.2636693834262862 0.07012483601762931 0.0 0.0 0.0 -0.10811577080703318 -0.09756507986982954 -0.013082008267651013 -0.011805374664249375 0.0 0.0 0.0 0.0 10.200000000000008 0.0 0.07 10.200000000000008 0.0 0.07 0.3 0.05 0.8 0.3 0.05 0.8 0.5 0.1 0.05
1862 10.039795637130737 0.0 0.0 0.0 0.0 0.0 0.0 -0.02626942284405232 0.010929614290235631 -1.0885511338710785 0.1640921162812526 -0.2636693834262862 0.07012483601762931 0.0 0.0 0.0 -0.10811577080703318 -0.09756507986982954 -0.013082008267651013 -0.011805374664249375 0.0 0.0 0.0 0.0 10.200000000000008 0.0 0.07 10.200000000000008 0.0 0.07 0.3 0.05 0.8 0.3 0.05 0.8 0.5 0.1 0.05
1863 10.045348167419434 0.0 0.0 0.0 0.0 0.0 0.0 -0.02626942284405232 0.010929614296339867 -1.0885511338710785 0.1640921162812526 -0.2636693834262862 0.07012483601762931 0.0 0.0 0.0 -0.10811577080703318 -0.09756507986982954 -0.013082008267651013 -0.011805374664249375 0.0 0.0 0.0 0.0 10.200000000000008 0.0 0.07 10.200000000000008 0.0 0.07 0.3 0.05 0.8 0.3 0.05 0.8 0.5 0.1 0.05
1864 10.050812721252441 0.0 0.0 0.0 0.0 0.0 0.0 -0.02626942284405232 0.010929614300002406 -1.0885511338710785 0.1640921162812526 -0.2636693834262862 0.07012483601762931 0.0 0.0 0.0 -0.10811577080703318 -0.09756507986982954 -0.013082008267651013 -0.011805374664249375 0.0 0.0 0.0 0.0 10.200000000000008 0.0 0.07 10.200000000000008 0.0 0.07 0.3 0.05 0.8 0.3 0.05 0.8 0.5 0.1 0.05
1865 10.056229829788208 0.0 0.0 0.0 0.0 0.0 0.0 -0.02626942284405232 0.010929614302199929 -1.0885511338710785 0.1640921162812526 -0.2636693834262862 0.07012483601762931 0.0 0.0 0.0 -0.10811577080703318 -0.09756507986982954 -0.013082008267651013 -0.011805374664249375 0.0 0.0 0.0 0.0 10.200000000000008 0.0 0.07 10.200000000000008 0.0 0.07 0.3 0.05 0.8 0.3 0.05 0.8 0.5 0.1 0.05
1866 10.0617036819458 0.0 0.0 0.0 0.0 0.0 0.0 -0.02626942284405232 0.010929614303518444 -1.0885511338710785 0.1640921162812526 -0.2636693834262862 0.07012483601762931 0.0 0.0 0.0 -0.10811577080703318 -0.09756507986982954 -0.013082008267651013 -0.011805374664249375 0.0 0.0 0.0 0.0 10.200000000000008 0.0 0.07 10.200000000000008 0.0 0.07 0.3 0.05 0.8 0.3 0.05 0.8 0.5 0.1 0.05
1867 10.067118167877197 0.0 0.0 0.0 0.0 0.0 0.0 -0.02626942284405232 0.010929614304309554 -1.0885511338710785 0.1640921162812526 -0.2636693834262862 0.07012483601762931 0.0 0.0 0.0 -0.10811577080703318 -0.09756507986982954 -0.013082008267651013 -0.011805374664249375 0.0 0.0 0.0 0.0 10.200000000000008 0.0 0.07 10.200000000000008 0.0 0.07 0.3 0.05 0.8 0.3 0.05 0.8 0.5 0.1 0.05
1868 10.072505712509155 0.0 0.0 0.0 0.0 0.0 0.0 -0.02626942284405232 0.01092961430478422 -1.0885511338710785 0.1640921162812526 -0.2636693834262862 0.07012483601762931 0.0 0.0 0.0 -0.10811577080703318 -0.09756507986982954 -0.013082008267651013 -0.011805374664249375 0.0 0.0 0.0 0.0 10.200000000000008 0.0 0.07 10.200000000000008 0.0 0.07 0.3 0.05 0.8 0.3 0.05 0.8 0.5 0.1 0.05
1869 10.077862024307251 0.0 0.0 0.0 0.0 0.0 0.0 -0.02626942284405232 0.01092961430506902 -1.0885511338710785 0.1640921162812526 -0.2636693834262862 0.07012483601762931 0.0 0.0 0.0 -0.10811577080703318 -0.09756507986982954 -0.013082008267651013 -0.011805374664249375 0.0 0.0 0.0 0.0 10.200000000000008 0.0 0.07 10.200000000000008 0.0 0.07 0.3 0.05 0.8 0.3 0.05 0.8 0.5 0.1 0.05
1870 10.083277225494385 0.0 0.0 0.0 0.0 0.0 0.0 -0.02626942284405232 0.010929614305239898 -1.0885511338710785 0.1640921162812526 -0.2636693834262862 0.07012483601762931 0.0 0.0 0.0 -0.10811577080703318 -0.09756507986982954 -0.013082008267651013 -0.011805374664249375 0.0 0.0 0.0 0.0 10.200000000000008 0.0 0.07 10.200000000000008 0.0 0.07 0.3 0.05 0.8 0.3 0.05 0.8 0.5 0.1 0.05
1871 10.088958024978638 0.0 0.0 0.0 0.0 0.0 0.0 -0.02626942284405232 0.010929614305342426 -1.0885511338710785 0.1640921162812526 -0.2636693834262862 0.07012483601762931 0.0 0.0 0.0 -0.10811577080703318 -0.09756507986982954 -0.013082008267651013 -0.011805374664249375 0.0 0.0 0.0 0.0 10.200000000000008 0.0 0.07 10.200000000000008 0.0 0.07 0.3 0.05 0.8 0.3 0.05 0.8 0.5 0.1 0.05
1872 10.094424962997437 0.0 0.0 0.0 0.0 0.0 0.0 -0.02626942284405232 0.010929614305403942 -1.0885511338710785 0.1640921162812526 -0.2636693834262862 0.07012483601762931 0.0 0.0 0.0 -0.10811577080703318 -0.09756507986982954 -0.013082008267651013 -0.011805374664249375 0.0 0.0 0.0 0.0 10.200000000000008 0.0 0.07 10.200000000000008 0.0 0.07 0.3 0.05 0.8 0.3 0.05 0.8 0.5 0.1 0.05
1873 10.100094079971313 0.0 0.0 0.0 0.0 0.0 0.0 -0.02626942284405232 0.010929614305440852 -1.0885511338710785 0.1640921162812526 -0.2636693834262862 0.07012483601762931 0.0 0.0 0.0 -0.10811577080703318 -0.09756507986982954 -0.013082008267651013 -0.011805374664249375 0.0 0.0 0.0 0.0 10.200000000000008 0.0 0.07 10.200000000000008 0.0 0.07 0.3 0.05 0.8 0.3 0.05 0.8 0.5 0.1 0.05
1874 10.105638265609741 0.0 0.0 0.0 0.0 0.0 0.0 -0.02626942284405232 0.010929614305462998 -1.0885511338710785 0.1640921162812526 -0.2636693834262862 0.07012483601762931 0.0 0.0 0.0 -0.10811577080703318 -0.09756507986982954 -0.013082008267651013 -0.011805374664249375 0.0 0.0 0.0 0.0 10.200000000000008 0.0 0.07 10.200000000000008 0.0 0.07 0.3 0.05 0.8 0.3 0.05 0.8 0.5 0.1 0.05
1875 10.111117362976074 0.0 0.0 0.0 0.0 0.0 0.0 -0.026192723587155346 0.010929614305476286 -1.0885511338710785 0.1640921162812526 -0.2636693834262862 0.07012483601762931 0.0 0.0 0.0 -0.10811577080703318 -0.09756507986982954 -0.013082008267651013 -0.011805374664249375 0.0 0.0 0.0 0.0 10.200000000000008 0.0 0.07 10.200000000000008 0.0 0.07 0.3 0.05 0.8 0.3 0.05 0.8 0.5 0.1 0.05
1876 10.116869688034058 0.0 0.0 0.0 0.0 0.0 0.0 -0.02614670403301716 0.010929614305484258 -1.0885511338710785 0.1640921162812526 -0.2636693834262862 0.07012483601762931 0.0 0.0 0.0 -0.10811577080703318 -0.09756507986982954 -0.013082008267651013 -0.011805374664249375 0.0 0.0 0.0 0.0 10.200000000000008 0.0 0.07 10.200000000000008 0.0 0.07 0.3 0.05 0.8 0.3 0.05 0.8 0.5 0.1 0.05
1877 10.122298002243042 0.0 0.0 0.0 0.0 0.0 0.0 -0.02611909230053425 0.010929614305489041 -1.0885511338710785 0.1640921162812526 -0.2636693834262862 0.07012483601762931 0.0 0.0 0.0 -0.10811577080703318 -0.09756507986982954 -0.013082008267651013 -0.011805374664249375 0.0 0.0 0.0 0.0 10.200000000000008 0.0 0.07 10.200000000000008 0.0 0.07 0.3 0.05 0.8 0.3 0.05 0.8 0.5 0.1 0.05
1878 10.127798318862915 0.0 0.0 0.0 0.0 0.0 0.0 -0.026102525261044503 0.01092961430549191 -1.0885511338710785 0.1640921162812526 -0.2636693834262862 0.07012483601762931 0.0 0.0 0.0 -0.10811577080703318 -0.09756507986982954 -0.013082008267651013 -0.011805374664249375 0.0 0.0 0.0 0.0 10.200000000000008 0.0 0.07 10.200000000000008 0.0 0.07 0.3 0.05 0.8 0.3 0.05 0.8 0.5 0.1 0.05
1879 10.133216381072998 0.0 0.0 0.0 0.0 0.0 0.0 -0.026092585037350655 0.010929614305493633 -1.0885511338710785 0.1640921162812526 -0.2636693834262862 0.07012483601762931 0.0 0.0 0.0 -0.10811577080703318 -0.09756507986982954 -0.013082008267651013 -0.011805374664249375 0.0 0.0 0.0 0.0 10.200000000000008 0.0 0.07 10.200000000000008 0.0 0.07 0.3 0.05 0.8 0.3 0.05 0.8 0.5 0.1 0.05
1880 10.138649702072144 0.0 0.0 0.0 0.0 0.0 0.0 -0.026086620903134346 0.011006313562391639 -1.0885511338710785 0.1640921162812526 -0.2636693834262862 0.07012483601762931 0.0 0.0 0.0 -0.10811577080703318 -0.09756507986982954 -0.013082008267651013 -0.011805374664249375 0.0 0.0 0.0 0.0 10.200000000000008 0.0 0.07 10.200000000000008 0.0 0.07 0.3 0.05 0.8 0.3 0.05 0.8 0.5 0.1 0.05
1881 10.144197940826416 0.0 0.0 0.0 0.0 0.0 0.0 -0.02608304242260456 0.011052333116530443 -1.0885511338710785 0.1640921162812526 -0.2636693834262862 0.07012483601762931 0.0 0.0 0.0 -0.10811577080703318 -0.09756507986982954 -0.013082008267651013 -0.011805374664249375 0.0 0.0 0.0 0.0 10.200000000000008 0.0 0.07 10.200000000000008 0.0 0.07 0.3 0.05 0.8 0.3 0.05 0.8 0.5 0.1 0.05
1882 10.149671077728271 0.0 0.0 0.0 0.0 0.0 0.0 -0.02608089533428669 0.011079944849013725 -1.0885511338710785 0.1640921162812526 -0.2636693834262862 0.07012483601762931 0.0 0.0 0.0 -0.10811577080703318 -0.09756507986982954 -0.013082008267651013 -0.011805374664249375 0.0 0.0 0.0 0.0 10.200000000000008 0.0 0.07 10.200000000000008 0.0 0.07 0.3 0.05 0.8 0.3 0.05 0.8 0.5 0.1 0.05
1883 10.15518045425415 0.0 0.0 0.0 0.0 0.0 0.0 -0.026079607081295964 0.011096511888503694 -1.0885511338710785 0.1640921162812526 -0.2636693834262862 0.07012483601762931 0.0 0.0 0.0 -0.10811577080703318 -0.09756507986982954 -0.013082008267651013 -0.011805374664249375 0.0 0.0 0.0 0.0 10.200000000000008 0.0 0.07 10.200000000000008 0.0 0.07 0.3 0.05 0.8 0.3 0.05 0.8 0.5 0.1 0.05
1884 10.16074824333191 0.0 0.0 0.0 0.0 0.0 0.0 -0.02607883412950153 0.011106452112197674 -1.0885511338710785 0.1640921162812526 -0.2636693834262862 0.07012483601762931 0.0 0.0 0.0 -0.10811577080703318 -0.09756507986982954 -0.013082008267651013 -0.011805374664249375 0.0 0.0 0.0 0.0 10.200000000000008 0.0 0.07 10.200000000000008 0.0 0.07 0.3 0.05 0.8 0.3 0.05 0.8 0.5 0.1 0.05
1885 10.166255712509155 0.0 0.0 0.0 0.0 0.0 0.0 -0.02607837035842487 0.011112416246414063 -1.0885511338710785 0.1640921162812526 -0.2636693834262862 0.07012483601762931 0.0 0.0 0.0 -0.10811577080703318 -0.09756507986982954 -0.013082008267651013 -0.011805374664249375 0.0 0.0 0.0 0.0 10.200000000000008 0.0 0.07 10.200000000000008 0.0 0.07 0.3 0.05 0.8 0.3 0.05 0.8 0.5 0.1 0.05
1886 10.1718111038208 0.0 0.0 0.0 0.0 0.0 0.0 -0.026078092095778875 0.011115994726943896 -1.0885511338710785 0.1640921162812526 -0.2636693834262862 0.07012483601762931 0.0 0.0 0.0 -0.10811577080703318 -0.09756507986982954 -0.013082008267651013 -0.011805374664249375 0.0 0.0 0.0 0.0 10.200000000000008 0.0 0.07 10.200000000000008 0.0 0.07 0.3 0.05 0.8 0.3 0.05 0.8 0.5 0.1 0.05
1887 10.177321434020996 0.0 0.0 0.0 0.0 0.0 0.0 -0.026077925138191276 0.011118141815261797 -1.0885511338710785 0.1640921162812526 -0.2636693834262862 0.07012483601762931 0.0 0.0 0.0 -0.10811577080703318 -0.09756507986982954 -0.013082008267651013 -0.011805374664249375 0.0 0.0 0.0 0.0 10.200000000000008 0.0 0.07 10.200000000000008 0.0 0.07 0.3 0.05 0.8 0.3 0.05 0.8 0.5 0.1 0.05
1888 10.182770013809204 0.0 0.0 0.0 0.0 0.0 0.0 -0.026077824963638717 0.011119430068252537 -1.0885511338710785 0.1640921162812526 -0.2636693834262862 0.07012483601762931 0.0 0.0 0.0 -0.10811577080703318 -0.09756507986982954 -0.013082008267651013 -0.011805374664249375 0.0 0.0 0.0 0.0 10.200000000000008 0.0 0.07 10.200000000000008 0.0 0.07 0.3 0.05 0.8 0.3 0.05 0.8 0.5 0.1 0.05
1889 10.188162326812744 0.0 0.0 0.0 0.0 0.0 0.0 -0.02607776485890718 0.01112020302004698 -1.0885511338710785 0.1640921162812526 -0.2636693834262862 0.07012483601762931 0.0 0.0 0.0 -0.10811577080703318 -0.09756507986982954 -0.013082008267651013 -0.011805374664249375 0.0 0.0 0.0 0.0 10.200000000000008 0.0 0.07 10.200000000000008 0.0 0.07 0.3 0.05 0.8 0.3 0.05 0.8 0.5 0.1 0.05
1890 10.193536520004272 0.0 0.0 0.0 0.0 0.0 0.0 -0.02607772879606826 0.011120666791123647 -1.0885511338710785 0.1640921162812526 -0.2636693834262862 0.07012483601762931 0.0 0.0 0.0 -0.10811577080703318 -0.09756507986982954 -0.013082008267651013 -0.011805374664249375 0.0 0.0 0.0 0.0 10.200000000000008 0.0 0.07 10.200000000000008 0.0 0.07 0.3 0.05 0.8 0.3 0.05 0.8 0.5 0.1 0.05
1891 10.1990966796875 0.0 0.0 0.0 0.0 0.0 0.0 -0.02607770715836491 0.011120945053769647 -1.0885511338710785 0.1640921162812526 -0.2636693834262862 0.07012483601762931 0.0 0.0 0.0 -0.10811577080703318 -0.09756507986982954 -0.013082008267651013 -0.011805374664249375 0.0 0.0 0.0 0.0 10.200000000000008 0.0 0.07 10.200000000000008 0.0 0.07 0.3 0.05 0.8 0.3 0.05 0.8 0.5 0.1 0.05
1892 10.204727411270142 0.0 0.0 0.0 0.0 0.0 0.0 -0.026077694175742898 0.011121112011357247 -1.0885511338710785 0.1640921162812526 -0.2636693834262862 0.07012483601762931 0.0 0.0 0.0 -0.10811577080703318 -0.09756507986982954 -0.013082008267651013 -0.011805374664249375 0.0 0.0 0.0 0.0 10.200000000000008 0.0 0.07 10.200000000000008 0.0 0.07 0.3 0.05 0.8 0.3 0.05 0.8 0.5 0.1 0.05
1893 10.210260152816772 0.0 0.0 0.0 0.0 0.0 0.0 -0.026077686386169693 0.011121212185909807 -1.0885511338710785 0.1640921162812526 -0.2636693834262862 0.07012483601762931 0.0 0.0 0.0 -0.10811577080703318 -0.09756507986982954 -0.013082008267651013 -0.011805374664249375 0.0 0.0 0.0 0.0 10.200000000000008 0.0 0.07 10.200000000000008 0.0 0.07 0.3 0.05 0.8 0.3 0.05 0.8 0.5 0.1 0.05
1894 10.215725898742676 0.0 0.0 0.0 0.0 0.0 0.0 -0.02607768171242577 0.011121272290641342 -1.0885511338710785 0.1640921162812526 -0.2636693834262862 0.07012483601762931 0.0 0.0 0.0 -0.10811577080703318 -0.09756507986982954 -0.013082008267651013 -0.011805374664249375 0.0 0.0 0.0 0.0 10.200000000000008 0.0 0.07 10.200000000000008 0.0 0.07 0.3 0.05 0.8 0.3 0.05 0.8 0.5 0.1 0.05
1895 10.221367835998535 0.0 0.0 0.0 0.0 0.0 0.0 -0.026077678908179414 0.011121308353480264 -1.0885511338710785 0.1640921162812526 -0.2636693834262862 0.07012483601762931 0.0 0.0 0.0 -0.10811577080703318 -0.09756507986982954 -0.013082008267651013 -0.011805374664249375 0.0 0.0 0.0 0.0 10.200000000000008 0.0 0.07 10.200000000000008 0.0 0.07 0.3 0.05 0.8 0.3 0.05 0.8 0.5 0.1 0.05
1896 10.226876735687256 0.0 0.0 0.0 0.0 0.0 0.0 -0.0260776772256316 0.011121329991183617 -1.0885511338710785 0.1640921162812526 -0.2636693834262862 0.07012483601762931 0.0 0.0 0.0 -0.10811577080703318 -0.09756507986982954 -0.013082008267651013 -0.011805374664249375 0.0 0.0 0.0 0.0 10.200000000000008 0.0 0.07 10.200000000000008 0.0 0.07 0.3 0.05 0.8 0.3 0.05 0.8 0.5 0.1 0.05
1897 10.232306718826294 0.0 0.0 0.0 0.0 0.0 0.0 -0.026077676216102914 0.01112134297380563 -1.0885511338710785 0.1640921162812526 -0.2636693834262862 0.07012483601762931 0.0 0.0 0.0 -0.10811577080703318 -0.09756507986982954 -0.013082008267651013 -0.011805374664249375 0.0 0.0 0.0 0.0 10.200000000000008 0.0 0.07 10.200000000000008 0.0 0.07 0.3 0.05 0.8 0.3 0.05 0.8 0.5 0.1 0.05
1898 10.237672567367554 0.0 0.0 0.0 0.0 0.0 0.0 -0.026077675610385702 0.011121350763378836 -1.0885511338710785 0.1640921162812526 -0.2636693834262862 0.07012483601762931 0.0 0.0 0.0 -0.10811577080703318 -0.09756507986982954 -0.013082008267651013 -0.011805374664249375 0.0 0.0 0.0 0.0 10.200000000000008 0.0 0.07 10.200000000000008 0.0 0.07 0.3 0.05 0.8 0.3 0.05 0.8 0.5 0.1 0.05
1899 10.243082761764526 0.0 0.0 0.0 0.0 0.0 0.0 -0.026077675246955374 0.011121355437122761 -1.0885511338710785 0.1640921162812526 -0.2636693834262862 0.07012483601762931 0.0 0.0 0.0 -0.10811577080703318 -0.09756507986982954 -0.013082008267651013 -0.011805374664249375 0.0 0.0 0.0 0.0 10.200000000000008 0.0 0.07 10.200000000000008 0.0 0.07 0.3 0.05 0.8 0.3 0.05 0.8 0.5 0.1 0.05
1900 10.248459339141846 0.0 0.0 0.0 0.0 0.0 0.0 -0.026077675028897178 0.011121358241369115 -1.0885511338710785 0.1640921162812526 -0.2636693834262862 0.07012483601762931 0.0 0.0 0.0 -0.10811577080703318 -0.09756507986982954 -0.013082008267651013 -0.011805374664249375 0.0 0.0 0.0 0.0 10.200000000000008 0.0 0.07 10.200000000000008 0.0 0.07 0.3 0.05 0.8 0.3 0.05 0.8 0.5 0.1 0.05
1901 10.254058122634888 0.0 0.0 0.0 0.0 0.0 0.0 -0.02607767489806226 0.011121359923916928 -1.0885511338710785 0.1640921162812526 -0.2636693834262862 0.07012483601762931 0.0 0.0 0.0 -0.10811577080703318 -0.09756507986982954 -0.013082008267651013 -0.011805374664249375 0.0 0.0 0.0 0.0 10.200000000000008 0.0 0.07 10.200000000000008 0.0 0.07 0.3 0.05 0.8 0.3 0.05 0.8 0.5 0.1 0.05
1902 10.259511470794678 0.0 0.0 0.0 0.0 0.0 0.0 -0.026077674819561306 0.011121360933445616 -1.0885511338710785 0.1640921162812526 -0.2636693834262862 0.07012483601762931 0.0 0.0 0.0 -0.10811577080703318 -0.09756507986982954 -0.013082008267651013 -0.011805374664249375 0.0 0.0 0.0 0.0 10.200000000000008 0.0 0.07 10.200000000000008 0.0 0.07 0.3 0.05 0.8 0.3 0.05 0.8 0.5 0.1 0.05
1903 10.265024185180664 0.0 0.0 0.0 0.0 0.0 0.0 -0.026077674772460736 0.011121361539162829 -1.0885511338710785 0.1640921162812526 -0.2636693834262862 0.07012483601762931 0.0 0.0 0.0 -0.10811577080703318 -0.09756507986982954 -0.013082008267651013 -0.011805374664249375 0.0 0.0 0.0 0.0 10.200000000000008 0.0 0.07 10.200000000000008 0.0 0.07 0.3 0.05 0.8 0.3 0.05 0.8 0.5 0.1 0.05
1904 10.27040982246399 0.0 0.0 0.0 0.0 0.0 0.0 -0.026077674744200394 0.011121361902593156 -1.0885511338710785 0.1640921162812526 -0.2636693834262862 0.07012483601762931 0.0 0.0 0.0 -0.10811577080703318 -0.09756507986982954 -0.013082008267651013 -0.011805374664249375 0.0 0.0 0.0 0.0 10.200000000000008 0.0 0.07 10.200000000000008 0.0 0.07 0.3 0.05 0.8 0.3 0.05 0.8 0.5 0.1 0.05
1905 10.27601933479309 0.0 0.0 0.0 0.0 0.0 0.0 -0.02607767472724419 0.011121362120651353 -1.0885511338710785 0.1640921162812526 -0.2636693834262862 0.07012483601762931 0.0 0.0 0.0 -0.10811577080703318 -0.09756507986982954 -0.013082008267651013 -0.011805374664249375 0.0 0.0 0.0 0.0 10.200000000000008 0.0 0.07 10.200000000000008 0.0 0.07 0.3 0.05 0.8 0.3 0.05 0.8 0.5 0.1 0.05
1906 10.281547784805298 0.0 0.0 0.0 0.0 0.0 0.0 -0.026077674717070468 0.01112136225148627 -1.0885511338710785 0.1640921162812526 -0.2636693834262862 0.07012483601762931 0.0 0.0 0.0 -0.10811577080703318 -0.09756507986982954 -0.013082008267651013 -0.011805374664249375 0.0 0.0 0.0 0.0 10.200000000000008 0.0 0.07 10.200000000000008 0.0 0.07 0.3 0.05 0.8 0.3 0.05 0.8 0.5 0.1 0.05
1907 10.287070512771606 0.0 0.0 0.0 0.0 0.0 0.0 -0.026077674710966232 0.01112136232998722 -1.0885511338710785 0.1640921162812526 -0.2636693834262862 0.07012483601762931 0.0 0.0 0.0 -0.10811577080703318 -0.09756507986982954 -0.013082008267651013 -0.011805374664249375 0.0 0.0 0.0 0.0 10.200000000000008 0.0 0.07 10.200000000000008 0.0 0.07 0.3 0.05 0.8 0.3 0.05 0.8 0.5 0.1 0.05
1908 10.292518854141235 0.0 0.0 0.0 0.0 0.0 0.0 -0.026077674707303693 0.01112136237708779 -1.0885511338710785 0.1640921162812526 -0.2636693834262862 0.07012483601762931 0.0 0.0 0.0 -0.10811577080703318 -0.09756507986982954 -0.013082008267651013 -0.011805374664249375 0.0 0.0 0.0 0.0 10.200000000000008 0.0 0.07 10.200000000000008 0.0 0.07 0.3 0.05 0.8 0.3 0.05 0.8 0.5 0.1 0.05
1909 10.297916173934937 0.0 0.0 0.0 0.0 0.0 0.0 -0.02607767470510617 0.011121362405348133 -1.0885511338710785 0.1640921162812526 -0.2636693834262862 0.07012483601762931 0.0 0.0 0.0 -0.10811577080703318 -0.09756507986982954 -0.013082008267651013 -0.011805374664249375 0.0 0.0 0.0 0.0 10.200000000000008 0.0 0.07 10.200000000000008 0.0 0.07 0.3 0.05 0.8 0.3 0.05 0.8 0.5 0.1 0.05
1910 10.303308963775635 0.0 0.0 0.0 0.0 0.0 0.0 -0.026077674703787655 0.011121362422304338 -1.0885511338710785 0.1640921162812526 -0.2636693834262862 0.07012483601762931 0.0 0.0 0.0 -0.10811577080703318 -0.09756507986982954 -0.013082008267651013 -0.011805374664249375 0.0 0.0 0.0 0.0 10.200000000000008 0.0 0.07 10.200000000000008 0.0 0.07 0.3 0.05 0.8 0.3 0.05 0.8 0.5 0.1 0.05
1911 10.309215307235718 0.0 0.0 0.0 0.0 0.0 0.0 -0.026077674702996545 0.011121362432478061 -1.0885511338710785 0.1640921162812526 -0.2636693834262862 0.07012483601762931 0.0 0.0 0.0 -0.10811577080703318 -0.09756507986982954 -0.013082008267651013 -0.011805374664249375 0.0 0.0 0.0 0.0 10.200000000000008 0.0 0.07 10.200000000000008 0.0 0.07 0.3 0.05 0.8 0.3 0.05 0.8 0.5 0.1 0.05
1912 10.314713954925537 0.0 0.0 0.0 0.0 0.0 0.0 -0.02607767470252188 0.011121362438582295 -1.0885511338710785 0.1640921162812526 -0.2636693834262862 0.07012483601762931 0.0 0.0 0.0 -0.10811577080703318 -0.09756507986982954 -0.013082008267651013 -0.011805374664249375 0.0 0.0 0.0 0.0 10.200000000000008 0.0 0.07 10.200000000000008 0.0 0.07 0.3 0.05 0.8 0.3 0.05 0.8 0.5 0.1 0.05
1913 10.320334911346436 0.0 0.0 0.0 0.0 0.0 0.0 -0.02607767470223708 0.011121362442244835 -1.0885511338710785 0.1640921162812526 -0.2636693834262862 0.07012483601762931 0.0 0.0 0.0 -0.10811577080703318 -0.09756507986982954 -0.013082008267651013 -0.011805374664249375 0.0 0.0 0.0 0.0 10.200000000000008 0.0 0.07 10.200000000000008 0.0 0.07 0.3 0.05 0.8 0.3 0.05 0.8 0.5 0.1 0.05
1914 10.3259437084198 0.0 0.0 0.0 0.0 0.0 0.0 -0.0260776747020662 0.01112136244444236 -1.0885511338710785 0.1640921162812526 -0.2636693834262862 0.07012483601762931 0.0 0.0 0.0 -0.10811577080703318 -0.09756507986982954 -0.013082008267651013 -0.011805374664249375 0.0 0.0 0.0 0.0 10.200000000000008 0.0 0.07 10.200000000000008 0.0 0.07 0.3 0.05 0.8 0.3 0.05 0.8 0.5 0.1 0.05
1915 10.331827402114868 0.0 0.0 0.0 0.0 0.0 0.0 -0.026077674701963673 0.011121362445760875 -1.0885511338710785 0.1640921162812526 -0.2636693834262862 0.07012483601762931 0.0 0.0 0.0 -0.10811577080703318 -0.09756507986982954 -0.013082008267651013 -0.011805374664249375 0.0 0.0 0.0 0.0 10.200000000000008 0.0 0.07 10.200000000000008 0.0 0.07 0.3 0.05 0.8 0.3 0.05 0.8 0.5 0.1 0.05
1916 10.33756971359253 0.0 0.0 0.0 0.0 0.0 0.0 -0.026077674701902157 0.011121362446551984 -1.0885511338710785 0.1640921162812526 -0.2636693834262862 0.07012483601762931 0.0 0.0 0.0 -0.10811577080703318 -0.09756507986982954 -0.013082008267651013 -0.011805374664249375 0.0 0.0 0.0 0.0 10.200000000000008 0.0 0.07 10.200000000000008 0.0 0.07 0.3 0.05 0.8 0.3 0.05 0.8 0.5 0.1 0.05
1917 10.34303331375122 0.0 0.0 0.0 0.0 0.0 0.0 -0.026077674701865245 0.01112136244702665 -1.0885511338710785 0.1640921162812526 -0.2636693834262862 0.07012483601762931 0.0 0.0 0.0 -0.10811577080703318 -0.09756507986982954 -0.013082008267651013 -0.011805374664249375 0.0 0.0 0.0 0.0 10.200000000000008 0.0 0.07 10.200000000000008 0.0 0.07 0.3 0.05 0.8 0.3 0.05 0.8 0.5 0.1 0.05
1918 10.348422765731812 0.0 0.0 0.0 0.0 0.0 0.0 -0.0260776747018431 0.011121362447311448 -1.0885511338710785 0.1640921162812526 -0.2636693834262862 0.07012483601762931 0.0 0.0 0.0 -0.10811577080703318 -0.09756507986982954 -0.013082008267651013 -0.011805374664249375 0.0 0.0 0.0 0.0 10.200000000000008 0.0 0.07 10.200000000000008 0.0 0.07 0.3 0.05 0.8 0.3 0.05 0.8 0.5 0.1 0.05
1919 10.353884220123291 0.0 0.0 0.0 0.0 0.0 0.0 -0.02607767470182981 0.011121362447482328 -1.0885511338710785 0.1640921162812526 -0.2636693834262862 0.07012483601762931 0.0 0.0 0.0 -0.10811577080703318 -0.09756507986982954 -0.013082008267651013 -0.011805374664249375 0.0 0.0 0.0 0.0 10.200000000000008 0.0 0.07 10.200000000000008 0.0 0.07 0.3 0.05 0.8 0.3 0.05 0.8 0.5 0.1 0.05
1920 10.359266519546509 0.0 0.0 0.0 0.0 0.0 0.0 -0.02607767470182184 0.011121362447584856 -1.0885511338710785 0.1640921162812526 -0.2636693834262862 0.07012483601762931 0.0 0.0 0.0 -0.10811577080703318 -0.09756507986982954 -0.013082008267651013 -0.011805374664249375 0.0 0.0 0.0 0.0 10.200000000000008 0.0 0.07 10.200000000000008 0.0 0.07 0.3 0.05 0.8 0.3 0.05 0.8 0.5 0.1 0.05
1921 10.364953517913818 0.0 0.0 0.0 0.0 0.0 0.0 -0.026077674701817054 0.011121362447646372 -1.0885511338710785 0.1640921162812526 -0.2636693834262862 0.07012483601762931 0.0 0.0 0.0 -0.10811577080703318 -0.09756507986982954 -0.013082008267651013 -0.011805374664249375 0.0 0.0 0.0 0.0 10.200000000000008 0.0 0.07 10.200000000000008 0.0 0.07 0.3 0.05 0.8 0.3 0.05 0.8 0.5 0.1 0.05
1922 10.370411396026611 0.0 0.0 0.0 0.0 0.0 0.0 -0.026077674701814185 0.011121362447683282 -1.0885511338710785 0.1640921162812526 -0.2636693834262862 0.07012483601762931 0.0 0.0 0.0 -0.10811577080703318 -0.09756507986982954 -0.013082008267651013 -0.011805374664249375 0.0 0.0 0.0 0.0 10.200000000000008 0.0 0.07 10.200000000000008 0.0 0.07 0.3 0.05 0.8 0.3 0.05 0.8 0.5 0.1 0.05
1923 10.376060247421265 0.0 0.0 0.0 0.0 0.0 0.0 -0.026077674701812464 0.011121362447705428 -1.0885511338710785 0.1640921162812526 -0.2636693834262862 0.07012483601762931 0.0 0.0 0.0 -0.10811577080703318 -0.09756507986982954 -0.013082008267651013 -0.011805374664249375 0.0 0.0 0.0 0.0 10.200000000000008 0.0 0.07 10.200000000000008 0.0 0.07 0.3 0.05 0.8 0.3 0.05 0.8 0.5 0.1 0.05
1924 10.381623983383179 0.0 0.0 0.0 0.0 0.0 0.0 -0.02607767470181143 0.011121362447718715 -1.0885511338710785 0.1640921162812526 -0.2636693834262862 0.07012483601762931 0.0 0.0 0.0 -0.10811577080703318 -0.09756507986982954 -0.013082008267651013 -0.011805374664249375 0.0 0.0 0.0 0.0 10.200000000000008 0.0 0.07 10.200000000000008 0.0 0.07 0.3 0.05 0.8 0.3 0.05 0.8 0.5 0.1 0.05
1925 10.38705062866211 0.0 0.0 0.0 0.0 0.0 0.0 -0.02607767470181081 0.011121362447726688 -1.0885511338710785 0.1640921162812526 -0.2636693834262862 0.07012483601762931 0.0 0.0 0.0 -0.10811577080703318 -0.09756507986982954 -0.013082008267651013 -0.011805374664249375 0.0 0.0 0.0 0.0 10.200000000000008 0.0 0.07 10.200000000000008 0.0 0.07 0.3 0.05 0.8 0.3 0.05 0.8 0.5 0.1 0.05
1926 10.39244532585144 0.0 0.0 0.0 0.0 0.0 0.0 -0.026077674701810438 0.011121362447731473 -1.0885511338710785 0.1640921162812526 -0.2636693834262862 0.07012483601762931 0.0 0.0 0.0 -0.10811577080703318 -0.09756507986982954 -0.013082008267651013 -0.011805374664249375 0.0 0.0 0.0 0.0 10.200000000000008 0.0 0.07 10.200000000000008 0.0 0.07 0.3 0.05 0.8 0.3 0.05 0.8 0.5 0.1 0.05
1927 10.397833347320557 0.0 0.0 0.0 0.0 0.0 0.0 -0.026077674701810216 0.011121362447734342 -1.0885511338710785 0.1640921162812526 -0.2636693834262862 0.07012483601762931 0.0 0.0 0.0 -0.10811577080703318 -0.09756507986982954 -0.013082008267651013 -0.011805374664249375 0.0 0.0 0.0 0.0 10.200000000000008 0.0 0.07 10.200000000000008 0.0 0.07 0.3 0.05 0.8 0.3 0.05 0.8 0.5 0.1 0.05
1928 10.403217077255249 0.0 0.0 0.0 0.0 0.0 0.0 -0.02607767470181008 0.011121362447736063 -1.0885511338710785 0.1640921162812526 -0.2636693834262862 0.07012483601762931 0.0 0.0 0.0 -0.10811577080703318 -0.09756507986982954 -0.013082008267651013 -0.011805374664249375 0.0 0.0 0.0 0.0 10.200000000000008 0.0 0.07 10.200000000000008 0.0 0.07 0.3 0.05 0.8 0.3 0.05 0.8 0.5 0.1 0.05
1929 10.408607482910156 0.0 0.0 0.0 0.0 0.0 0.0 -0.02607767470181 0.011121362447737097 -1.0885511338710785 0.1640921162812526 -0.2636693834262862 0.07012483601762931 0.0 0.0 0.0 -0.10811577080703318 -0.09756507986982954 -0.013082008267651013 -0.011805374664249375 0.0 0.0 0.0 0.0 10.200000000000008 0.0 0.07 10.200000000000008 0.0 0.07 0.3 0.05 0.8 0.3 0.05 0.8 0.5 0.1 0.05
1930 10.414193868637085 0.0 0.0 0.0 0.0 0.0 0.0 -0.026077674701809953 0.011121362447737718 -1.0885511338710785 0.1640921162812526 -0.2636693834262862 0.07012483601762931 0.0 0.0 0.0 -0.10811577080703318 -0.09756507986982954 -0.013082008267651013 -0.011805374664249375 0.0 0.0 0.0 0.0 10.200000000000008 0.0 0.07 10.200000000000008 0.0 0.07 0.3 0.05 0.8 0.3 0.05 0.8 0.5 0.1 0.05
1931 10.419931650161743 0.0 0.0 0.0 0.0 0.0 0.0 -0.026077674701809925 0.01119806170463506 -1.0885511338710785 0.1640921162812526 -0.2636693834262862 0.07012483601762931 0.0 0.0 0.0 -0.10811577080703318 -0.09756507986982954 -0.013082008267651013 -0.011805374664249375 0.0 0.0 0.0 0.0 10.200000000000008 0.0 0.07 10.200000000000008 0.0 0.07 0.3 0.05 0.8 0.3 0.05 0.8 0.5 0.1 0.05
1932 10.425495386123657 0.0 0.0 0.0 0.0 0.0 0.0 -0.026077674701809907 0.011244081258773467 -1.0885511338710785 0.1640921162812526 -0.2636693834262862 0.07012483601762931 0.0 0.0 0.0 -0.10811577080703318 -0.09756507986982954 -0.013082008267651013 -0.011805374664249375 0.0 0.0 0.0 0.0 10.200000000000008 0.0 0.07 10.200000000000008 0.0 0.07 0.3 0.05 0.8 0.3 0.05 0.8 0.5 0.1 0.05
1933 10.431021690368652 0.0 0.0 0.0 0.0 0.0 0.0 -0.026077674701809897 0.01127169299125651 -1.0885511338710785 0.1640921162812526 -0.2636693834262862 0.07012483601762931 0.0 0.0 0.0 -0.10811577080703318 -0.09756507986982954 -0.013082008267651013 -0.011805374664249375 0.0 0.0 0.0 0.0 10.200000000000008 0.0 0.07 10.200000000000008 0.0 0.07 0.3 0.05 0.8 0.3 0.05 0.8 0.5 0.1 0.05
1934 10.436636686325073 0.0 0.0 0.0 0.0 0.0 0.0 -0.02607767470180989 0.011288260030746337 -1.0885511338710785 0.1640921162812526 -0.2636693834262862 0.07012483601762931 0.0 0.0 0.0 -0.10811577080703318 -0.09756507986982954 -0.013082008267651013 -0.011805374664249375 0.0 0.0 0.0 0.0 10.200000000000008 0.0 0.07 10.200000000000008 0.0 0.07 0.3 0.05 0.8 0.3 0.05 0.8 0.5 0.1 0.05
1935 10.442128419876099 0.0 0.0 0.0 0.0 0.0 0.0 -0.026077674701809887 0.011298200254440234 -1.0885511338710785 0.1640921162812526 -0.2636693834262862 0.07012483601762931 0.0 0.0 0.0 -0.10811577080703318 -0.09756507986982954 -0.013082008267651013 -0.011805374664249375 0.0 0.0 0.0 0.0 10.200000000000008 0.0 0.07 10.200000000000008 0.0 0.07 0.3 0.05 0.8 0.3 0.05 0.8 0.5 0.1 0.05
1936 10.447530269622803 0.0 0.0 0.0 0.0 0.0 0.0 -0.026077674701809883 0.01130416438865657 -1.0885511338710785 0.1640921162812526 -0.2636693834262862 0.07012483601762931 0.0 0.0 0.0 -0.10811577080703318 -0.09756507986982954 -0.013082008267651013 -0.011805374664249375 0.0 0.0 0.0 0.0 10.200000000000008 0.0 0.07 10.200000000000008 0.0 0.07 0.3 0.05 0.8 0.3 0.05 0.8 0.5 0.1 0.05
1937 10.452976703643799 0.0 0.0 0.0 0.0 0.0 0.0 -0.026077674701809883 0.011307742869186375 -1.0885511338710785 0.1640921162812526 -0.2636693834262862 0.07012483601762931 0.0 0.0 0.0 -0.10811577080703318 -0.09756507986982954 -0.013082008267651013 -0.011805374664249375 0.0 0.0 0.0 0.0 10.200000000000008 0.0 0.07 10.200000000000008 0.0 0.07 0.3 0.05 0.8 0.3 0.05 0.8 0.5 0.1 0.05
1938 10.458353281021118 0.0 0.0 0.0 0.0 0.0 0.0 -0.026077674701809883 0.011309889957504256 -1.0885511338710785 0.1640921162812526 -0.2636693834262862 0.07012483601762931 0.0 0.0 0.0 -0.10811577080703318 -0.09756507986982954 -0.013082008267651013 -0.011805374664249375 0.0 0.0 0.0 0.0 10.200000000000008 0.0 0.07 10.200000000000008 0.0 0.07 0.3 0.05 0.8 0.3 0.05 0.8 0.5 0.1 0.05
1939 10.463825941085815 0.0 0.0 0.0 0.0 0.0 0.0 -0.026077674701809883 0.011311178210494984 -1.0885511338710785 0.1640921162812526 -0.2636693834262862 0.07012483601762931 0.0 0.0 0.0 -0.10811577080703318 -0.09756507986982954 -0.013082008267651013 -0.011805374664249375 0.0 0.0 0.0 0.0 10.200000000000008 0.0 0.07 10.200000000000008 0.0 0.07 0.3 0.05 0.8 0.3 0.05 0.8 0.5 0.1 0.05
1940 10.469216346740723 0.0 0.0 0.0 0.0 0.0 0.0 -0.026077674701809883 0.011311951162289422 -1.0885511338710785 0.1640921162812526 -0.2636693834262862 0.07012483601762931 0.0 0.0 0.0 -0.10811577080703318 -0.09756507986982954 -0.013082008267651013 -0.011805374664249375 0.0 0.0 0.0 0.0 10.200000000000008 0.0 0.07 10.200000000000008 0.0 0.07 0.3 0.05 0.8 0.3 0.05 0.8 0.5 0.1 0.05
1941 10.474753856658936 0.0 0.0 0.0 0.0 0.0 0.0 -0.026077674701809883 0.011312414933366086 -1.0885511338710785 0.1640921162812526 -0.2636693834262862 0.07012483601762931 0.0 0.0 0.0 -0.10811577080703318 -0.09756507986982954 -0.013082008267651013 -0.011805374664249375 0.0 0.0 0.0 0.0 10.200000000000008 0.0 0.07 10.200000000000008 0.0 0.07 0.3 0.05 0.8 0.3 0.05 0.8 0.5 0.1 0.05
1942 10.480191230773926 0.0 0.0 0.0 0.0 0.0 0.0 -0.026077674701809883 0.011312693196012084 -1.0885511338710785 0.1640921162812526 -0.2636693834262862 0.07012483601762931 0.0 0.0 0.0 -0.10811577080703318 -0.09756507986982954 -0.013082008267651013 -0.011805374664249375 0.0 0.0 0.0 0.0 10.200000000000008 0.0 0.07 10.200000000000008 0.0 0.07 0.3 0.05 0.8 0.3 0.05 0.8 0.5 0.1 0.05
1943 10.48575234413147 0.0 0.0 0.0 0.0 0.0 0.0 -0.026077674701809883 0.011312860153599683 -1.0885511338710785 0.1640921162812526 -0.2636693834262862 0.07012483601762931 0.0 0.0 0.0 -0.10811577080703318 -0.09756507986982954 -0.013082008267651013 -0.011805374664249375 0.0 0.0 0.0 0.0 10.200000000000008 0.0 0.07 10.200000000000008 0.0 0.07 0.3 0.05 0.8 0.3 0.05 0.8 0.5 0.1 0.05
1944 10.491186618804932 0.0 0.0 0.0 0.0 0.0 0.0 -0.026077674701809883 0.011312960328152242 -1.0885511338710785 0.1640921162812526 -0.2636693834262862 0.07012483601762931 0.0 0.0 0.0 -0.10811577080703318 -0.09756507986982954 -0.013082008267651013 -0.011805374664249375 0.0 0.0 0.0 0.0 10.200000000000008 0.0 0.07 10.200000000000008 0.0 0.07 0.3 0.05 0.8 0.3 0.05 0.8 0.5 0.1 0.05
1945 10.49673843383789 0.0 0.0 0.0 0.0 0.0 0.0 -0.026077674701809883 0.011313020432883777 -1.0885511338710785 0.1640921162812526 -0.2636693834262862 0.07012483601762931 0.0 0.0 0.0 -0.10811577080703318 -0.09756507986982954 -0.013082008267651013 -0.011805374664249375 0.0 0.0 0.0 0.0 10.200000000000008 0.0 0.07 10.200000000000008 0.0 0.07 0.3 0.05 0.8 0.3 0.05 0.8 0.5 0.1 0.05
1946 10.502171039581299 0.0 0.0 0.0 0.0 0.0 0.0 -0.026077674701809883 0.011313056495722697 -1.0885511338710785 0.1640921162812526 -0.2636693834262862 0.07012483601762931 0.0 0.0 0.0 -0.10811577080703318 -0.09756507986982954 -0.013082008267651013 -0.011805374664249375 0.0 0.0 0.0 0.0 10.200000000000008 0.0 0.07 10.200000000000008 0.0 0.07 0.3 0.05 0.8 0.3 0.05 0.8 0.5 0.1 0.05
1947 10.507545471191406 0.0 0.0 0.0 0.0 0.0 0.0 -0.026077674701809883 0.011313078133426049 -1.0885511338710785 0.1640921162812526 -0.2636693834262862 0.07012483601762931 0.0 0.0 0.0 -0.10811577080703318 -0.09756507986982954 -0.013082008267651013 -0.011805374664249375 0.0 0.0 0.0 0.0 10.200000000000008 0.0 0.07 10.200000000000008 0.0 0.07 0.3 0.05 0.8 0.3 0.05 0.8 0.5 0.1 0.05
1948 10.513002634048462 0.0 0.0 0.0 0.0 0.0 0.0 -0.026077674701809883 0.01131309111604806 -1.0885511338710785 0.1640921162812526 -0.2636693834262862 0.07012483601762931 0.0 0.0 0.0 -0.10811577080703318 -0.09756507986982954 -0.013082008267651013 -0.011805374664249375 0.0 0.0 0.0 0.0 10.200000000000008 0.0 0.07 10.200000000000008 0.0 0.07 0.3 0.05 0.8 0.3 0.05 0.8 0.5 0.1 0.05
1949 10.518638134002686 0.0 0.0 0.0 0.0 0.0 0.0 -0.026077674701809883 0.011313098905621268 -1.0885511338710785 0.1640921162812526 -0.2636693834262862 0.07012483601762931 0.0 0.0 0.0 -0.10811577080703318 -0.09756507986982954 -0.013082008267651013 -0.011805374664249375 0.0 0.0 0.0 0.0 10.200000000000008 0.0 0.07 10.200000000000008 0.0 0.07 0.3 0.05 0.8 0.3 0.05 0.8 0.5 0.1 0.05
1950 10.524129152297974 0.0 0.0 0.0 0.0 0.0 0.0 -0.026077674701809883 0.011313103579365193 -1.0885511338710785 0.1640921162812526 -0.2636693834262862 0.07012483601762931 0.0 0.0 0.0 -0.10811577080703318 -0.09756507986982954 -0.013082008267651013 -0.011805374664249375 0.0 0.0 0.0 0.0 10.200000000000008 0.0 0.07 10.200000000000008 0.0 0.07 0.3 0.05 0.8 0.3 0.05 0.8 0.5 0.1 0.05
1951 10.529711484909058 0.0 0.0 0.0 0.0 0.0 0.0 -0.026077674701809883 0.011313106383611547 -1.0885511338710785 0.1640921162812526 -0.2636693834262862 0.07012483601762931 0.0 0.0 0.0 -0.10811577080703318 -0.09756507986982954 -0.013082008267651013 -0.011805374664249375 0.0 0.0 0.0 0.0 10.200000000000008 0.0 0.07 10.200000000000008 0.0 0.07 0.3 0.05 0.8 0.3 0.05 0.8 0.5 0.1 0.05
1952 10.535211324691772 0.0 0.0 0.0 0.0 0.0 0.0 -0.026077674701809883 0.01131310806615936 -1.0885511338710785 0.1640921162812526 -0.2636693834262862 0.07012483601762931 0.0 0.0 0.0 -0.10811577080703318 -0.09756507986982954 -0.013082008267651013 -0.011805374664249375 0.0 0.0 0.0 0.0 10.200000000000008 0.0 0.07 10.200000000000008 0.0 0.07 0.3 0.05 0.8 0.3 0.05 0.8 0.5 0.1 0.05
1953 10.540828943252563 0.0 0.0 0.0 0.0 0.0 0.0 -0.026077674701809883 0.011313109075688048 -1.0885511338710785 0.1640921162812526 -0.2636693834262862 0.07012483601762931 0.0 0.0 0.0 -0.10811577080703318 -0.09756507986982954 -0.013082008267651013 -0.011805374664249375 0.0 0.0 0.0 0.0 10.200000000000008 0.0 0.07 10.200000000000008 0.0 0.07 0.3 0.05 0.8 0.3 0.05 0.8 0.5 0.1 0.05
1954 10.54665231704712 0.0 0.0 0.0 0.0 0.0 0.0 -0.026077674701809883 0.01131310968140526 -1.0885511338710785 0.1640921162812526 -0.2636693834262862 0.07012483601762931 0.0 0.0 0.0 -0.10811577080703318 -0.09756507986982954 -0.013082008267651013 -0.011805374664249375 0.0 0.0 0.0 0.0 10.200000000000008 0.0 0.07 10.200000000000008 0.0 0.07 0.3 0.05 0.8 0.3 0.05 0.8 0.5 0.1 0.05
1955 10.552272081375122 0.0 0.0 0.0 0.0 0.0 0.0 -0.026077674701809883 0.011313110044835588 -1.0885511338710785 0.1640921162812526 -0.2636693834262862 0.07012483601762931 0.0 0.0 0.0 -0.10811577080703318 -0.09756507986982954 -0.013082008267651013 -0.011805374664249375 0.0 0.0 0.0 0.0 10.200000000000008 0.0 0.07 10.200000000000008 0.0 0.07 0.3 0.05 0.8 0.3 0.05 0.8 0.5 0.1 0.05
1956 10.557675838470459 0.0 0.0 0.0 0.0 0.0 0.0 -0.026077674701809883 0.011313110262893784 -1.0885511338710785 0.1640921162812526 -0.2636693834262862 0.07012483601762931 0.0 0.0 0.0 -0.10811577080703318 -0.09756507986982954 -0.013082008267651013 -0.011805374664249375 0.0 0.0 0.0 0.0 10.200000000000008 0.0 0.07 10.200000000000008 0.0 0.07 0.3 0.05 0.8 0.3 0.05 0.8 0.5 0.1 0.05
1957 10.563062906265259 0.0 0.0 0.0 0.0 0.0 0.0 -0.026077674701809883 0.011313110393728702 -1.0885511338710785 0.1640921162812526 -0.2636693834262862 0.07012483601762931 0.0 0.0 0.0 -0.10811577080703318 -0.09756507986982954 -0.013082008267651013 -0.011805374664249375 0.0 0.0 0.0 0.0 10.200000000000008 0.0 0.07 10.200000000000008 0.0 0.07 0.3 0.05 0.8 0.3 0.05 0.8 0.5 0.1 0.05
1958 10.568482160568237 0.0 0.0 0.0 0.0 0.0 0.0 -0.026077674701809883 0.011313110472229652 -1.0885511338710785 0.1640921162812526 -0.2636693834262862 0.07012483601762931 0.0 0.0 0.0 -0.10811577080703318 -0.09756507986982954 -0.013082008267651013 -0.011805374664249375 0.0 0.0 0.0 0.0 10.200000000000008 0.0 0.07 10.200000000000008 0.0 0.07 0.3 0.05 0.8 0.3 0.05 0.8 0.5 0.1 0.05
1959 10.573880672454834 0.0 0.0 0.0 0.0 0.0 0.0 -0.026077674701809883 0.011313110519330222 -1.0885511338710785 0.1640921162812526 -0.2636693834262862 0.07012483601762931 0.0 0.0 0.0 -0.10811577080703318 -0.09756507986982954 -0.013082008267651013 -0.011805374664249375 0.0 0.0 0.0 0.0 10.200000000000008 0.0 0.07 10.200000000000008 0.0 0.07 0.3 0.05 0.8 0.3 0.05 0.8 0.5 0.1 0.05
1960 10.57927131652832 0.0 0.0 0.0 0.0 0.0 0.0 -0.026077674701809883 0.011313110547590564 -1.0885511338710785 0.1640921162812526 -0.2636693834262862 0.07012483601762931 0.0 0.0 0.0 -0.10811577080703318 -0.09756507986982954 -0.013082008267651013 -0.011805374664249375 0.0 0.0 0.0 0.0 10.200000000000008 0.0 0.07 10.200000000000008 0.0 0.07 0.3 0.05 0.8 0.3 0.05 0.8 0.5 0.1 0.05
1961 10.584845066070557 0.0 0.0 0.0 0.0 0.0 0.0 -0.026077674701809883 0.01131311056454677 -1.0885511338710785 0.1640921162812526 -0.2636693834262862 0.07012483601762931 0.0 0.0 0.0 -0.10811577080703318 -0.09756507986982954 -0.013082008267651013 -0.011805374664249375 0.0 0.0 0.0 0.0 10.200000000000008 0.0 0.07 10.200000000000008 0.0 0.07 0.3 0.05 0.8 0.3 0.05 0.8 0.5 0.1 0.05
1962 10.590283632278442 0.0 0.0 0.0 0.0 0.0 0.0 -0.026077674701809883 0.011313110574720495 -1.0885511338710785 0.1640921162812526 -0.2636693834262862 0.07012483601762931 0.0 0.0 0.0 -0.10811577080703318 -0.09756507986982954 -0.013082008267651013 -0.011805374664249375 0.0 0.0 0.0 0.0 10.200000000000008 0.0 0.07 10.200000000000008 0.0 0.07 0.3 0.05 0.8 0.3 0.05 0.8 0.5 0.1 0.05
1963 10.595836877822876 0.0 0.0 0.0 0.0 0.0 0.0 -0.026077674701809883 0.011313110580824728 -1.0885511338710785 0.1640921162812526 -0.2636693834262862 0.07012483601762931 0.0 0.0 0.0 -0.10811577080703318 -0.09756507986982954 -0.013082008267651013 -0.011805374664249375 0.0 0.0 0.0 0.0 10.200000000000008 0.0 0.07 10.200000000000008 0.0 0.07 0.3 0.05 0.8 0.3 0.05 0.8 0.5 0.1 0.05
1964 10.601440906524658 0.0 0.0 0.0 0.0 0.0 0.0 -0.026077674701809883 0.011313110584487269 -1.0885511338710785 0.1640921162812526 -0.2636693834262862 0.07012483601762931 0.0 0.0 0.0 -0.10811577080703318 -0.09756507986982954 -0.013082008267651013 -0.011805374664249375 0.0 0.0 0.0 0.0 10.200000000000008 0.0 0.07 10.200000000000008 0.0 0.07 0.3 0.05 0.8 0.3 0.05 0.8 0.5 0.1 0.05
1965 10.607012510299683 0.0 0.0 0.0 0.0 0.0 0.0 -0.026077674701809883 0.011313110586684792 -1.0885511338710785 0.1640921162812526 -0.2636693834262862 0.07012483601762931 0.0 0.0 0.0 -0.10811577080703318 -0.09756507986982954 -0.013082008267651013 -0.011805374664249375 0.0 0.0 0.0 0.0 10.200000000000008 0.0 0.07 10.200000000000008 0.0 0.07 0.3 0.05 0.8 0.3 0.05 0.8 0.5 0.1 0.05
1966 10.612434387207031 0.0 0.0 0.0 0.0 0.0 0.0 -0.026077674701809883 0.011313110588003307 -1.0885511338710785 0.1640921162812526 -0.2636693834262862 0.07012483601762931 0.0 0.0 0.0 -0.10811577080703318 -0.09756507986982954 -0.013082008267651013 -0.011805374664249375 0.0 0.0 0.0 0.0 10.200000000000008 0.0 0.07 10.200000000000008 0.0 0.07 0.3 0.05 0.8 0.3 0.05 0.8 0.5 0.1 0.05
1967 10.617868900299072 0.0 0.0 0.0 0.0 0.0 0.0 -0.026077674701809883 0.011313110588794415 -1.0885511338710785 0.1640921162812526 -0.2636693834262862 0.07012483601762931 0.0 0.0 0.0 -0.10811577080703318 -0.09756507986982954 -0.013082008267651013 -0.011805374664249375 0.0 0.0 0.0 0.0 10.200000000000008 0.0 0.07 10.200000000000008 0.0 0.07 0.3 0.05 0.8 0.3 0.05 0.8 0.5 0.1 0.05
1968 10.623433589935303 0.0 0.0 0.0 0.0 0.0 0.0 -0.026077674701809883 0.011313110589269081 -1.0885511338710785 0.1640921162812526 -0.2636693834262862 0.07012483601762931 0.0 0.0 0.0 -0.10811577080703318 -0.09756507986982954 -0.013082008267651013 -0.011805374664249375 0.0 0.0 0.0 0.0 10.200000000000008 0.0 0.07 10.200000000000008 0.0 0.07 0.3 0.05 0.8 0.3 0.05 0.8 0.5 0.1 0.05
1969 10.629032373428345 0.0 0.0 0.0 0.0 0.0 0.0 -0.026077674701809883 0.01131311058955388 -1.0885511338710785 0.1640921162812526 -0.2636693834262862 0.07012483601762931 0.0 0.0 0.0 -0.10811577080703318 -0.09756507986982954 -0.013082008267651013 -0.011805374664249375 0.0 0.0 0.0 0.0 10.200000000000008 0.0 0.07 10.200000000000008 0.0 0.07 0.3 0.05 0.8 0.3 0.05 0.8 0.5 0.1 0.05
1970 10.634426593780518 0.0 0.0 0.0 0.0 0.0 0.0 -0.026077674701809883 0.01131311058972476 -1.0885511338710785 0.1640921162812526 -0.2636693834262862 0.07012483601762931 0.0 0.0 0.0 -0.10811577080703318 -0.09756507986982954 -0.013082008267651013 -0.011805374664249375 0.0 0.0 0.0 0.0 10.200000000000008 0.0 0.07 10.200000000000008 0.0 0.07 0.3 0.05 0.8 0.3 0.05 0.8 0.5 0.1 0.05
1971 10.640049457550049 0.0 0.0 0.0 0.0 0.0 0.0 -0.026077674701809883 0.011313110589827287 -1.0885511338710785 0.1640921162812526 -0.2636693834262862 0.07012483601762931 0.0 0.0 0.0 -0.10811577080703318 -0.09756507986982954 -0.013082008267651013 -0.011805374664249375 0.0 0.0 0.0 0.0 10.200000000000008 0.0 0.07 10.200000000000008 0.0 0.07 0.3 0.05 0.8 0.3 0.05 0.8 0.5 0.1 0.05
1972 10.645511388778687 0.0 0.0 0.0 0.0 0.0 0.0 -0.026077674701809883 0.011313110589888804 -1.0885511338710785 0.1640921162812526 -0.2636693834262862 0.07012483601762931 0.0 0.0 0.0 -0.10811577080703318 -0.09756507986982954 -0.013082008267651013 -0.011805374664249375 0.0 0.0 0.0 0.0 10.200000000000008 0.0 0.07 10.200000000000008 0.0 0.07 0.3 0.05 0.8 0.3 0.05 0.8 0.5 0.1 0.05
1973 10.651161909103394 0.0 0.0 0.0 0.0 0.0 0.0 -0.026077674701809883 0.011313110589925714 -1.0885511338710785 0.1640921162812526 -0.2636693834262862 0.07012483601762931 0.0 0.0 0.0 -0.10811577080703318 -0.09756507986982954 -0.013082008267651013 -0.011805374664249375 0.0 0.0 0.0 0.0 10.200000000000008 0.0 0.07 10.200000000000008 0.0 0.07 0.3 0.05 0.8 0.3 0.05 0.8 0.5 0.1 0.05
1974 10.656709432601929 0.0 0.0 0.0 0.0 0.0 0.0 -0.026077674701809883 0.01131311058994786 -1.0885511338710785 0.1640921162812526 -0.2636693834262862 0.07012483601762931 0.0 0.0 0.0 -0.10811577080703318 -0.09756507986982954 -0.013082008267651013 -0.011805374664249375 0.0 0.0 0.0 0.0 10.200000000000008 0.0 0.07 10.200000000000008 0.0 0.07 0.3 0.05 0.8 0.3 0.05 0.8 0.5 0.1 0.05
1975 10.662317991256714 0.0 0.0 0.0 0.0 0.0 0.0 -0.026077674701809883 0.011313110589961147 -1.0885511338710785 0.1640921162812526 -0.2636693834262862 0.07012483601762931 0.0 0.0 0.0 -0.10811577080703318 -0.09756507986982954 -0.013082008267651013 -0.011805374664249375 0.0 0.0 0.0 0.0 10.200000000000008 0.0 0.07 10.200000000000008 0.0 0.07 0.3 0.05 0.8 0.3 0.05 0.8 0.5 0.1 0.05
1976 10.667813777923584 0.0 0.0 0.0 0.0 0.0 0.0 -0.026077674701809883 0.01131311058996912 -1.0885511338710785 0.1640921162812526 -0.2636693834262862 0.07012483601762931 0.0 0.0 0.0 -0.10811577080703318 -0.09756507986982954 -0.013082008267651013 -0.011805374664249375 0.0 0.0 0.0 0.0 10.200000000000008 0.0 0.07 10.200000000000008 0.0 0.07 0.3 0.05 0.8 0.3 0.05 0.8 0.5 0.1 0.05
1977 10.673186779022217 0.0 0.0 0.0 0.0 0.0 0.0 -0.026077674701809883 0.011313110589973904 -1.0885511338710785 0.1640921162812526 -0.2636693834262862 0.07012483601762931 0.0 0.0 0.0 -0.10811577080703318 -0.09756507986982954 -0.013082008267651013 -0.011805374664249375 0.0 0.0 0.0 0.0 10.200000000000008 0.0 0.07 10.200000000000008 0.0 0.07 0.3 0.05 0.8 0.3 0.05 0.8 0.5 0.1 0.05
1978 10.67859148979187 0.0 0.0 0.0 0.0 0.0 0.0 -0.026077674701809883 0.011313110589976774 -1.0885511338710785 0.1640921162812526 -0.2636693834262862 0.07012483601762931 0.0 0.0 0.0 -0.10811577080703318 -0.09756507986982954 -0.013082008267651013 -0.011805374664249375 0.0 0.0 0.0 0.0 10.200000000000008 0.0 0.07 10.200000000000008 0.0 0.07 0.3 0.05 0.8 0.3 0.05 0.8 0.5 0.1 0.05
1979 10.683978080749512 0.0 0.0 0.0 0.0 0.0 0.0 -0.026077674701809883 0.011313110589978494 -1.0885511338710785 0.1640921162812526 -0.2636693834262862 0.07012483601762931 0.0 0.0 0.0 -0.10811577080703318 -0.09756507986982954 -0.013082008267651013 -0.011805374664249375 0.0 0.0 0.0 0.0 10.200000000000008 0.0 0.07 10.200000000000008 0.0 0.07 0.3 0.05 0.8 0.3 0.05 0.8 0.5 0.1 0.05
1980 10.689343690872192 0.0 0.0 0.0 0.0 0.0 0.0 -0.026077674701809883 0.011313110589979528 -1.0885511338710785 0.1640921162812526 -0.2636693834262862 0.07012483601762931 0.0 0.0 0.0 -0.10811577080703318 -0.09756507986982954 -0.013082008267651013 -0.011805374664249375 0.0 0.0 0.0 0.0 10.200000000000008 0.0 0.07 10.200000000000008 0.0 0.07 0.3 0.05 0.8 0.3 0.05 0.8 0.5 0.1 0.05
1981 10.694928169250488 0.0 0.0 0.0 0.0 0.0 0.0 -0.026077674701809883 0.01131311058998015 -1.0885511338710785 0.1640921162812526 -0.2636693834262862 0.07012483601762931 0.0 0.0 0.0 -0.10811577080703318 -0.09756507986982954 -0.013082008267651013 -0.011805374664249375 0.0 0.0 0.0 0.0 10.200000000000008 0.0 0.07 10.200000000000008 0.0 0.07 0.3 0.05 0.8 0.3 0.05 0.8 0.5 0.1 0.05
1982 10.70037317276001 0.0 0.0 0.0 0.0 0.0 0.0 -0.026077674701809883 0.01131311058998052 -1.0885511338710785 0.1640921162812526 -0.2636693834262862 0.07012483601762931 0.0 0.0 0.0 -0.10811577080703318 -0.09756507986982954 -0.013082008267651013 -0.011805374664249375 0.0 0.0 0.0 0.0 10.200000000000008 0.0 0.07 10.200000000000008 0.0 0.07 0.3 0.05 0.8 0.3 0.05 0.8 0.5 0.1 0.05
1983 10.705916166305542 0.0 0.0 0.0 0.0 0.0 0.0 -0.026077674701809883 0.011313110589980743 -1.0885511338710785 0.1640921162812526 -0.2636693834262862 0.07012483601762931 0.0 0.0 0.0 -0.10811577080703318 -0.09756507986982954 -0.013082008267651013 -0.011805374664249375 0.0 0.0 0.0 0.0 10.200000000000008 0.0 0.07 10.200000000000008 0.0 0.07 0.3 0.05 0.8 0.3 0.05 0.8 0.5 0.1 0.05
1984 10.711476564407349 0.0 0.0 0.0 0.0 0.0 0.0 -0.026077674701809883 0.011389806866645612 -1.0885511338710785 0.1640921162812526 -0.2636693834262862 0.07012483601762931 0.0 0.0 0.0 -0.10811577080703318 -0.09756507986982954 -0.013082008267651013 -0.011805374664249375 0.0 0.0 0.0 0.0 10.200000000000008 0.0 0.07 10.200000000000008 0.0 0.07 0.3 0.05 0.8 0.3 0.05 0.8 0.5 0.1 0.05
1985 10.717116832733154 0.0 0.0 0.0 0.0 0.0 0.0 -0.026077674701809883 0.011435824632644531 -1.0885511338710785 0.1640921162812526 -0.2636693834262862 0.07012483601762931 0.0 0.0 0.0 -0.10811577080703318 -0.09756507986982954 -0.013082008267651013 -0.011805374664249375 0.0 0.0 0.0 0.0 10.200000000000008 0.0 0.07 10.200000000000008 0.0 0.07 0.3 0.05 0.8 0.3 0.05 0.8 0.5 0.1 0.05
1986 10.72253966331482 0.0 0.0 0.0 0.0 0.0 0.0 -0.026077674701809883 0.011463435292243883 -1.0885511338710785 0.1640921162812526 -0.2636693834262862 0.07012483601762931 0.0 0.0 0.0 -0.10811577080703318 -0.09756507986982954 -0.013082008267651013 -0.011805374664249375 0.0 0.0 0.0 0.0 10.200000000000008 0.0 0.07 10.200000000000008 0.0 0.07 0.3 0.05 0.8 0.3 0.05 0.8 0.5 0.1 0.05
1987 10.728277206420898 0.0 0.0 0.0 0.0 0.0 0.0 -0.026077674701809883 0.011480001688003495 -1.0885511338710785 0.1640921162812526 -0.2636693834262862 0.07012483601762931 0.0 0.0 0.0 -0.10811577080703318 -0.09756507986982954 -0.013082008267651013 -0.011805374664249375 0.0 0.0 0.0 0.0 10.200000000000008 0.0 0.07 10.200000000000008 0.0 0.07 0.3 0.05 0.8 0.3 0.05 0.8 0.5 0.1 0.05
1988 10.733769416809082 0.0 0.0 0.0 0.0 0.0 0.0 -0.026077674701809883 0.011489941525459263 -1.0885511338710785 0.1640921162812526 -0.2636693834262862 0.07012483601762931 0.0 0.0 0.0 -0.10811577080703318 -0.09756507986982954 -0.013082008267651013 -0.011805374664249375 0.0 0.0 0.0 0.0 10.200000000000008 0.0 0.07 10.200000000000008 0.0 0.07 0.3 0.05 0.8 0.3 0.05 0.8 0.5 0.1 0.05
1989 10.739195823669434 0.0 0.0 0.0 0.0 0.0 0.0 -0.026077674701809883 0.011495905427932723 -1.0885511338710785 0.1640921162812526 -0.2636693834262862 0.07012483601762931 0.0 0.0 0.0 -0.10811577080703318 -0.09756507986982954 -0.013082008267651013 -0.011805374664249375 0.0 0.0 0.0 0.0 10.200000000000008 0.0 0.07 10.200000000000008 0.0 0.07 0.3 0.05 0.8 0.3 0.05 0.8 0.5 0.1 0.05
1990 10.744616985321045 0.0 0.0 0.0 0.0 0.0 0.0 -0.026077674701809883 0.011499483769416799 -1.0885511338710785 0.1640921162812526 -0.2636693834262862 0.07012483601762931 0.0 0.0 0.0 -0.10811577080703318 -0.09756507986982954 -0.013082008267651013 -0.011805374664249375 0.0 0.0 0.0 0.0 10.200000000000008 0.0 0.07 10.200000000000008 0.0 0.07 0.3 0.05 0.8 0.3 0.05 0.8 0.5 0.1 0.05
1991 10.750158548355103 0.0 0.0 0.0 0.0 0.0 0.0 -0.026077674701809883 0.011501630774307246 -1.0885511338710785 0.1640921162812526 -0.2636693834262862 0.07012483601762931 0.0 0.0 0.0 -0.10811577080703318 -0.09756507986982954 -0.013082008267651013 -0.011805374664249375 0.0 0.0 0.0 0.0 10.200000000000008 0.0 0.07 10.200000000000008 0.0 0.07 0.3 0.05 0.8 0.3 0.05 0.8 0.5 0.1 0.05
1992 10.755599975585938 0.0 0.0 0.0 0.0 0.0 0.0 -0.026077674701809883 0.011502918977241513 -1.0885511338710785 0.1640921162812526 -0.2636693834262862 0.07012483601762931 0.0 0.0 0.0 -0.10811577080703318 -0.09756507986982954 -0.013082008267651013 -0.011805374664249375 0.0 0.0 0.0 0.0 10.200000000000008 0.0 0.07 10.200000000000008 0.0 0.07 0.3 0.05 0.8 0.3 0.05 0.8 0.5 0.1 0.05
1993 10.761141538619995 0.0 0.0 0.0 0.0 0.0 0.0 -0.026077674701809883 0.011503691899002074 -1.0885511338710785 0.1640921162812526 -0.2636693834262862 0.07012483601762931 0.0 0.0 0.0 -0.10811577080703318 -0.09756507986982954 -0.013082008267651013 -0.011805374664249375 0.0 0.0 0.0 0.0 10.200000000000008 0.0 0.07 10.200000000000008 0.0 0.07 0.3 0.05 0.8 0.3 0.05 0.8 0.5 0.1 0.05
1994 10.766778469085693 0.0 0.0 0.0 0.0 0.0 0.0 -0.026077674701809883 0.01150415565205841 -1.0885511338710785 0.1640921162812526 -0.2636693834262862 0.07012483601762931 0.0 0.0 0.0 -0.10811577080703318 -0.09756507986982954 -0.013082008267651013 -0.011805374664249375 0.0 0.0 0.0 0.0 10.200000000000008 0.0 0.07 10.200000000000008 0.0 0.07 0.3 0.05 0.8 0.3 0.05 0.8 0.5 0.1 0.05
1995 10.77225661277771 0.0 0.0 0.0 0.0 0.0 0.0 -0.026077674701809883 0.01150443390389221 -1.0885511338710785 0.1640921162812526 -0.2636693834262862 0.07012483601762931 0.0 0.0 0.0 -0.10811577080703318 -0.09756507986982954 -0.013082008267651013 -0.011805374664249375 0.0 0.0 0.0 0.0 10.200000000000008 0.0 0.07 10.200000000000008 0.0 0.07 0.3 0.05 0.8 0.3 0.05 0.8 0.5 0.1 0.05
1996 10.777647733688354 0.0 0.0 0.0 0.0 0.0 0.0 -0.026077674701809883 0.011504600854992492 -1.0885511338710785 0.1640921162812526 -0.2636693834262862 0.07012483601762931 0.0 0.0 0.0 -0.10811577080703318 -0.09756507986982954 -0.013082008267651013 -0.011805374664249375 0.0 0.0 0.0 0.0 10.200000000000008 0.0 0.07 10.200000000000008 0.0 0.07 0.3 0.05 0.8 0.3 0.05 0.8 0.5 0.1 0.05
1997 10.783003568649292 0.0 0.0 0.0 0.0 0.0 0.0 -0.026077674701809883 0.01150470102565266 -1.0885511338710785 0.1640921162812526 -0.2636693834262862 0.07012483601762931 0.0 0.0 0.0 -0.10811577080703318 -0.09756507986982954 -0.013082008267651013 -0.011805374664249375 0.0 0.0 0.0 0.0 10.200000000000008 0.0 0.07 10.200000000000008 0.0 0.07 0.3 0.05 0.8 0.3 0.05 0.8 0.5 0.1 0.05
1998 10.78839898109436 0.0 0.0 0.0 0.0 0.0 0.0 -0.026077674701809883 0.011504761128048761 -1.0885511338710785 0.1640921162812526 -0.2636693834262862 0.07012483601762931 0.0 0.0 0.0 -0.10811577080703318 -0.09756507986982954 -0.013082008267651013 -0.011805374664249375 0.0 0.0 0.0 0.0 10.200000000000008 0.0 0.07 10.200000000000008 0.0 0.07 0.3 0.05 0.8 0.3 0.05 0.8 0.5 0.1 0.05
1999 10.793758869171143 0.0 0.0 0.0 0.0 0.0 0.0 -0.026077674701809883 0.011504797189486422 -1.0885511338710785 0.1640921162812526 -0.2636693834262862 0.07012483601762931 0.0 0.0 0.0 -0.10811577080703318 -0.09756507986982954 -0.013082008267651013 -0.011805374664249375 0.0 0.0 0.0 0.0 10.200000000000008 0.0 0.07 10.200000000000008 0.0 0.07 0.3 0.05 0.8 0.3 0.05 0.8 0.5 0.1 0.05
2000 10.799103736877441 0.0 0.0 0.0 0.0 0.0 0.0 -0.026077674701809883 0.011504818826349019 -1.0885511338710785 0.1640921162812526 -0.2636693834262862 0.07012483601762931 0.0 0.0 0.0 -0.10811577080703318 -0.09756507986982954 -0.013082008267651013 -0.011805374664249375 0.0 0.0 0.0 0.0 10.200000000000008 0.0 0.07 10.200000000000008 0.0 0.07 0.3 0.05 0.8 0.3 0.05 0.8 0.5 0.1 0.05
2001 10.804742574691772 0.0 0.0 0.0 0.0 0.0 0.0 -0.026077674701809883 0.011504831808466577 -1.0885511338710785 0.1640921162812526 -0.2636693834262862 0.07012483601762931 0.0 0.0 0.0 -0.10811577080703318 -0.09756507986982954 -0.013082008267651013 -0.011805374664249375 0.0 0.0 0.0 0.0 10.200000000000008 0.0 0.07 10.200000000000008 0.0 0.07 0.3 0.05 0.8 0.3 0.05 0.8 0.5 0.1 0.05
2002 10.810200452804565 0.0 0.0 0.0 0.0 0.0 0.0 -0.026077674701809883 0.011504839597737113 -1.0885511338710785 0.1640921162812526 -0.2636693834262862 0.07012483601762931 0.0 0.0 0.0 -0.10811577080703318 -0.09756507986982954 -0.013082008267651013 -0.011805374664249375 0.0 0.0 0.0 0.0 10.200000000000008 0.0 0.07 10.200000000000008 0.0 0.07 0.3 0.05 0.8 0.3 0.05 0.8 0.5 0.1 0.05
2003 10.815808057785034 0.0 0.0 0.0 0.0 0.0 0.0 -0.026077674701809883 0.011504844271299433 -1.0885511338710785 0.1640921162812526 -0.2636693834262862 0.07012483601762931 0.0 0.0 0.0 -0.10811577080703318 -0.09756507986982954 -0.013082008267651013 -0.011805374664249375 0.0 0.0 0.0 0.0 10.200000000000008 0.0 0.07 10.200000000000008 0.0 0.07 0.3 0.05 0.8 0.3 0.05 0.8 0.5 0.1 0.05
2004 10.821493148803711 0.0 0.0 0.0 0.0 0.0 0.0 -0.026077674701809883 0.011504847075436826 -1.0885511338710785 0.1640921162812526 -0.2636693834262862 0.07012483601762931 0.0 0.0 0.0 -0.10811577080703318 -0.09756507986982954 -0.013082008267651013 -0.011805374664249375 0.0 0.0 0.0 0.0 10.200000000000008 0.0 0.07 10.200000000000008 0.0 0.07 0.3 0.05 0.8 0.3 0.05 0.8 0.5 0.1 0.05
2005 10.826951265335083 0.0 0.0 0.0 0.0 0.0 0.0 -0.026077674701809883 0.01150484875791926 -1.0885511338710785 0.1640921162812526 -0.2636693834262862 0.07012483601762931 0.0 0.0 0.0 -0.10811577080703318 -0.09756507986982954 -0.013082008267651013 -0.011805374664249375 0.0 0.0 0.0 0.0 10.200000000000008 0.0 0.07 10.200000000000008 0.0 0.07 0.3 0.05 0.8 0.3 0.05 0.8 0.5 0.1 0.05
2006 10.832398176193237 0.0 0.0 0.0 0.0 0.0 0.0 -0.026077674701809883 0.011504849767408721 -1.0885511338710785 0.1640921162812526 -0.2636693834262862 0.07012483601762931 0.0 0.0 0.0 -0.10811577080703318 -0.09756507986982954 -0.013082008267651013 -0.011805374664249375 0.0 0.0 0.0 0.0 10.200000000000008 0.0 0.07 10.200000000000008 0.0 0.07 0.3 0.05 0.8 0.3 0.05 0.8 0.5 0.1 0.05
2007 10.837881088256836 0.0 0.0 0.0 0.0 0.0 0.0 -0.026077674701809883 0.011504850373102397 -1.0885511338710785 0.1640921162812526 -0.2636693834262862 0.07012483601762931 0.0 0.0 0.0 -0.10811577080703318 -0.09756507986982954 -0.013082008267651013 -0.011805374664249375 0.0 0.0 0.0 0.0 10.200000000000008 0.0 0.07 10.200000000000008 0.0 0.07 0.3 0.05 0.8 0.3 0.05 0.8 0.5 0.1 0.05
2008 10.84329605102539 0.0 0.0 0.0 0.0 0.0 0.0 -0.026077674701809883 0.011504850736518604 -1.0885511338710785 0.1640921162812526 -0.2636693834262862 0.07012483601762931 0.0 0.0 0.0 -0.10811577080703318 -0.09756507986982954 -0.013082008267651013 -0.011805374664249375 0.0 0.0 0.0 0.0 10.200000000000008 0.0 0.07 10.200000000000008 0.0 0.07 0.3 0.05 0.8 0.3 0.05 0.8 0.5 0.1 0.05
2009 10.848678588867188 0.0 0.0 0.0 0.0 0.0 0.0 -0.026077674701809883 0.011504850954568328 -1.0885511338710785 0.1640921162812526 -0.2636693834262862 0.07012483601762931 0.0 0.0 0.0 -0.10811577080703318 -0.09756507986982954 -0.013082008267651013 -0.011805374664249375 0.0 0.0 0.0 0.0 10.200000000000008 0.0 0.07 10.200000000000008 0.0 0.07 0.3 0.05 0.8 0.3 0.05 0.8 0.5 0.1 0.05
2010 10.854115962982178 0.0 0.0 0.0 0.0 0.0 0.0 -0.026077674701809883 0.01150485108539816 -1.0885511338710785 0.1640921162812526 -0.2636693834262862 0.07012483601762931 0.0 0.0 0.0 -0.10811577080703318 -0.09756507986982954 -0.013082008267651013 -0.011805374664249375 0.0 0.0 0.0 0.0 10.200000000000008 0.0 0.07 10.200000000000008 0.0 0.07 0.3 0.05 0.8 0.3 0.05 0.8 0.5 0.1 0.05
2011 10.859739780426025 0.0 0.0 0.0 0.0 0.0 0.0 -0.026077674701809883 0.011504851163896062 -1.0885511338710785 0.1640921162812526 -0.2636693834262862 0.07012483601762931 0.0 0.0 0.0 -0.10811577080703318 -0.09756507986982954 -0.013082008267651013 -0.011805374664249375 0.0 0.0 0.0 0.0 10.200000000000008 0.0 0.07 10.200000000000008 0.0 0.07 0.3 0.05 0.8 0.3 0.05 0.8 0.5 0.1 0.05
2012 10.865205526351929 0.0 0.0 0.0 0.0 0.0 0.0 -0.026077674701809883 0.011504851210994801 -1.0885511338710785 0.1640921162812526 -0.2636693834262862 0.07012483601762931 0.0 0.0 0.0 -0.10811577080703318 -0.09756507986982954 -0.013082008267651013 -0.011805374664249375 0.0 0.0 0.0 0.0 10.200000000000008 0.0 0.07 10.200000000000008 0.0 0.07 0.3 0.05 0.8 0.3 0.05 0.8 0.5 0.1 0.05
2013 10.870753526687622 0.0 0.0 0.0 0.0 0.0 0.0 -0.02600097544491291 0.011504851239254047 -1.0885511338710785 0.1640921162812526 -0.2636693834262862 0.07012483601762931 0.0 0.0 0.0 -0.10811577080703318 -0.09756507986982954 -0.013082008267651013 -0.011805374664249375 0.0 0.0 0.0 0.0 10.200000000000008 0.0 0.07 10.200000000000008 0.0 0.07 0.3 0.05 0.8 0.3 0.05 0.8 0.5 0.1 0.05
2014 10.876458406448364 0.0 0.0 0.0 0.0 0.0 0.0 -0.025954955890774727 0.011504851256209593 -1.0885511338710785 0.1640921162812526 -0.2636693834262862 0.07012483601762931 0.0 0.0 0.0 -0.10811577080703318 -0.09756507986982954 -0.013082008267651013 -0.011805374664249375 0.0 0.0 0.0 0.0 10.200000000000008 0.0 0.07 10.200000000000008 0.0 0.07 0.3 0.05 0.8 0.3 0.05 0.8 0.5 0.1 0.05
2015 10.882094621658325 0.0 0.0 0.0 0.0 0.0 0.0 -0.025927344158291815 0.011504851266382923 -1.0885511338710785 0.1640921162812526 -0.2636693834262862 0.07012483601762931 0.0 0.0 0.0 -0.10811577080703318 -0.09756507986982954 -0.013082008267651013 -0.011805374664249375 0.0 0.0 0.0 0.0 10.200000000000008 0.0 0.07 10.200000000000008 0.0 0.07 0.3 0.05 0.8 0.3 0.05 0.8 0.5 0.1 0.05
2016 10.887533903121948 0.0 0.0 0.0 0.0 0.0 0.0 -0.02591077711880207 0.011504851272486918 -1.0885511338710785 0.1640921162812526 -0.2636693834262862 0.07012483601762931 0.0 0.0 0.0 -0.10811577080703318 -0.09756507986982954 -0.013082008267651013 -0.011805374664249375 0.0 0.0 0.0 0.0 10.200000000000008 0.0 0.07 10.200000000000008 0.0 0.07 0.3 0.05 0.8 0.3 0.05 0.8 0.5 0.1 0.05
2017 10.892921686172485 0.0 0.0 0.0 0.0 0.0 0.0 -0.02590083689510822 0.011504851276149315 -1.0885511338710785 0.1640921162812526 -0.2636693834262862 0.07012483601762931 0.0 0.0 0.0 -0.10811577080703318 -0.09756507986982954 -0.013082008267651013 -0.011805374664249375 0.0 0.0 0.0 0.0 10.200000000000008 0.0 0.07 10.200000000000008 0.0 0.07 0.3 0.05 0.8 0.3 0.05 0.8 0.5 0.1 0.05
2018 10.898293018341064 0.0 0.0 0.0 0.0 0.0 0.0 -0.02589487276089191 0.011504851278346755 -1.0885511338710785 0.1640921162812526 -0.2636693834262862 0.07012483601762931 0.0 0.0 0.0 -0.10811577080703318 -0.09756507986982954 -0.013082008267651013 -0.011805374664249375 0.0 0.0 0.0 0.0 10.200000000000008 0.0 0.07 10.200000000000008 0.0 0.07 0.3 0.05 0.8 0.3 0.05 0.8 0.5 0.1 0.05
2019 10.903675317764282 0.0 0.0 0.0 0.0 0.0 0.0 -0.025891294280362128 0.011504851279665218 -1.0885511338710785 0.1640921162812526 -0.2636693834262862 0.07012483601762931 0.0 0.0 0.0 -0.10811577080703318 -0.09756507986982954 -0.013082008267651013 -0.011805374664249375 0.0 0.0 0.0 0.0 10.200000000000008 0.0 0.07 10.200000000000008 0.0 0.07 0.3 0.05 0.8 0.3 0.05 0.8 0.5 0.1 0.05
2020 10.909032106399536 0.0 0.0 0.0 0.0 0.0 0.0 -0.025889147192044257 0.011504851280456297 -1.0885511338710785 0.1640921162812526 -0.2636693834262862 0.07012483601762931 0.0 0.0 0.0 -0.10811577080703318 -0.09756507986982954 -0.013082008267651013 -0.011805374664249375 0.0 0.0 0.0 0.0 10.200000000000008 0.0 0.07 10.200000000000008 0.0 0.07 0.3 0.05 0.8 0.3 0.05 0.8 0.5 0.1 0.05
2021 10.914549589157104 0.0 0.0 0.0 0.0 0.0 0.0 -0.025887858939053536 0.011504851280930943 -1.0885511338710785 0.1640921162812526 -0.2636693834262862 0.07012483601762931 0.0 0.0 0.0 -0.10811577080703318 -0.09756507986982954 -0.013082008267651013 -0.011805374664249375 0.0 0.0 0.0 0.0 10.200000000000008 0.0 0.07 10.200000000000008 0.0 0.07 0.3 0.05 0.8 0.3 0.05 0.8 0.5 0.1 0.05
2022 10.9200599193573 0.0 0.0 0.0 0.0 0.0 0.0 -0.0258870859872591 0.011504851281215731 -1.0885511338710785 0.1640921162812526 -0.2636693834262862 0.07012483601762931 0.0 0.0 0.0 -0.10811577080703318 -0.09756507986982954 -0.013082008267651013 -0.011805374664249375 0.0 0.0 0.0 0.0 10.200000000000008 0.0 0.07 10.200000000000008 0.0 0.07 0.3 0.05 0.8 0.3 0.05 0.8 0.5 0.1 0.05
2023 10.925592184066772 0.0 0.0 0.0 0.0 0.0 0.0 -0.02588662221618244 0.011504851281386605 -1.0885511338710785 0.1640921162812526 -0.2636693834262862 0.07012483601762931 0.0 0.0 0.0 -0.10811577080703318 -0.09756507986982954 -0.013082008267651013 -0.011805374664249375 0.0 0.0 0.0 0.0 10.200000000000008 0.0 0.07 10.200000000000008 0.0 0.07 0.3 0.05 0.8 0.3 0.05 0.8 0.5 0.1 0.05
2024 10.931143999099731 0.0 0.0 0.0 0.0 0.0 0.0 -0.025886343953536443 0.011504851281489127 -1.0885511338710785 0.1640921162812526 -0.2636693834262862 0.07012483601762931 0.0 0.0 0.0 -0.10811577080703318 -0.09756507986982954 -0.013082008267651013 -0.011805374664249375 0.0 0.0 0.0 0.0 10.200000000000008 0.0 0.07 10.200000000000008 0.0 0.07 0.3 0.05 0.8 0.3 0.05 0.8 0.5 0.1 0.05
2025 10.936847686767578 0.0 0.0 0.0 0.0 0.0 0.0 -0.025886176995948848 0.01150485128155064 -1.0885511338710785 0.1640921162812526 -0.2636693834262862 0.07012483601762931 0.0 0.0 0.0 -0.10811577080703318 -0.09756507986982954 -0.013082008267651013 -0.011805374664249375 0.0 0.0 0.0 0.0 10.200000000000008 0.0 0.07 10.200000000000008 0.0 0.07 0.3 0.05 0.8 0.3 0.05 0.8 0.5 0.1 0.05
2026 10.942521810531616 0.0 0.0 0.0 0.0 0.0 0.0 -0.02588607682139629 0.011504851281587548 -1.0885511338710785 0.1640921162812526 -0.2636693834262862 0.07012483601762931 0.0 0.0 0.0 -0.10811577080703318 -0.09756507986982954 -0.013082008267651013 -0.011805374664249375 0.0 0.0 0.0 0.0 10.200000000000008 0.0 0.07 10.200000000000008 0.0 0.07 0.3 0.05 0.8 0.3 0.05 0.8 0.5 0.1 0.05
2027 10.94799542427063 0.0 0.0 0.0 0.0 0.0 0.0 -0.025886016716664753 0.011504851281609694 -1.0885511338710785 0.1640921162812526 -0.2636693834262862 0.07012483601762931 0.0 0.0 0.0 -0.10811577080703318 -0.09756507986982954 -0.013082008267651013 -0.011805374664249375 0.0 0.0 0.0 0.0 10.200000000000008 0.0 0.07 10.200000000000008 0.0 0.07 0.3 0.05 0.8 0.3 0.05 0.8 0.5 0.1 0.05
2028 10.95340371131897 0.0 0.0 0.0 0.0 0.0 0.0 -0.025885980653825833 0.011504851281622982 -1.0885511338710785 0.1640921162812526 -0.2636693834262862 0.07012483601762931 0.0 0.0 0.0 -0.10811577080703318 -0.09756507986982954 -0.013082008267651013 -0.011805374664249375 0.0 0.0 0.0 0.0 10.200000000000008 0.0 0.07 10.200000000000008 0.0 0.07 0.3 0.05 0.8 0.3 0.05 0.8 0.5 0.1 0.05
2029 10.958814859390259 0.0 0.0 0.0 0.0 0.0 0.0 -0.02588595901612248 0.011504851281630955 -1.0885511338710785 0.1640921162812526 -0.2636693834262862 0.07012483601762931 0.0 0.0 0.0 -0.10811577080703318 -0.09756507986982954 -0.013082008267651013 -0.011805374664249375 0.0 0.0 0.0 0.0 10.200000000000008 0.0 0.07 10.200000000000008 0.0 0.07 0.3 0.05 0.8 0.3 0.05 0.8 0.5 0.1 0.05
2030 10.964237928390503 0.0 0.0 0.0 0.0 0.0 0.0 -0.025885946033500466 0.011504851281635739 -1.0885511338710785 0.1640921162812526 -0.2636693834262862 0.07012483601762931 0.0 0.0 0.0 -0.10811577080703318 -0.09756507986982954 -0.013082008267651013 -0.011805374664249375 0.0 0.0 0.0 0.0 10.200000000000008 0.0 0.07 10.200000000000008 0.0 0.07 0.3 0.05 0.8 0.3 0.05 0.8 0.5 0.1 0.05
2031 10.969991683959961 0.0 0.0 0.0 0.0 0.0 0.0 -0.02588593824392726 0.011504851281638608 -1.0885511338710785 0.1640921162812526 -0.2636693834262862 0.07012483601762931 0.0 0.0 0.0 -0.10811577080703318 -0.09756507986982954 -0.013082008267651013 -0.011805374664249375 0.0 0.0 0.0 0.0 10.200000000000008 0.0 0.07 10.200000000000008 0.0 0.07 0.3 0.05 0.8 0.3 0.05 0.8 0.5 0.1 0.05
2032 10.975442886352539 0.0 0.0 0.0 0.0 0.0 0.0 -0.025885933570183338 0.011504851281640329 -1.0885511338710785 0.1640921162812526 -0.2636693834262862 0.07012483601762931 0.0 0.0 0.0 -0.10811577080703318 -0.09756507986982954 -0.013082008267651013 -0.011805374664249375 0.0 0.0 0.0 0.0 10.200000000000008 0.0 0.07 10.200000000000008 0.0 0.07 0.3 0.05 0.8 0.3 0.05 0.8 0.5 0.1 0.05
2033 10.980982542037964 0.0 0.0 0.0 0.0 0.0 0.0 -0.025885930765936982 0.011504851281641363 -1.0885511338710785 0.1640921162812526 -0.2636693834262862 0.07012483601762931 0.0 0.0 0.0 -0.10811577080703318 -0.09756507986982954 -0.013082008267651013 -0.011805374664249375 0.0 0.0 0.0 0.0 10.200000000000008 0.0 0.07 10.200000000000008 0.0 0.07 0.3 0.05 0.8 0.3 0.05 0.8 0.5 0.1 0.05
2034 10.986532211303711 0.0 0.0 0.0 0.0 0.0 0.0 -0.02588592908338917 0.011504851281641984 -1.0885511338710785 0.1640921162812526 -0.2636693834262862 0.07012483601762931 0.0 0.0 0.0 -0.10811577080703318 -0.09756507986982954 -0.013082008267651013 -0.011805374664249375 0.0 0.0 0.0 0.0 10.200000000000008 0.0 0.07 10.200000000000008 0.0 0.07 0.3 0.05 0.8 0.3 0.05 0.8 0.5 0.1 0.05
2035 10.992065906524658 0.0 0.0 0.0 0.0 0.0 0.0 -0.025885928073860483 0.011504851281642355 -1.0885511338710785 0.1640921162812526 -0.2636693834262862 0.07012483601762931 0.0 0.0 0.0 -0.10811577080703318 -0.09756507986982954 -0.013082008267651013 -0.011805374664249375 0.0 0.0 0.0 0.0 10.200000000000008 0.0 0.07 10.200000000000008 0.0 0.07 0.3 0.05 0.8 0.3 0.05 0.8 0.5 0.1 0.05
2036 10.997575044631958 0.0 0.0 0.0 0.0 0.0 0.0 -0.02588592746814327 0.011581550538539551 -1.0885511338710785 0.1640921162812526 -0.2636693834262862 0.07012483601762931 0.0 0.0 0.0 -0.10811577080703318 -0.09756507986982954 -0.013082008267651013 -0.011805374664249375 0.0 0.0 0.0 0.0 10.200000000000008 0.0 0.07 10.200000000000008 0.0 0.07 0.3 0.05 0.8 0.3 0.05 0.8 0.5 0.1 0.05
2037 11.002954244613647 0.0 0.0 0.0 0.0 0.0 0.0 -0.025885927104712943 0.011627570092677869 -1.0885511338710785 0.1640921162812526 -0.2636693834262862 0.07012483601762931 0.0 0.0 0.0 -0.10811577080703318 -0.09756507986982954 -0.013082008267651013 -0.011805374664249375 0.0 0.0 0.0 0.0 10.200000000000008 0.0 0.07 10.200000000000008 0.0 0.07 0.3 0.05 0.8 0.3 0.05 0.8 0.5 0.1 0.05
2038 11.008409976959229 0.0 0.0 0.0 0.0 0.0 0.0 -0.025885926886654746 0.01165518182516086 -1.0885511338710785 0.1640921162812526 -0.2636693834262862 0.07012483601762931 0.0 0.0 0.0 -0.10811577080703318 -0.09756507986982954 -0.013082008267651013 -0.011805374664249375 0.0 0.0 0.0 0.0 10.200000000000008 0.0 0.07 10.200000000000008 0.0 0.07 0.3 0.05 0.8 0.3 0.05 0.8 0.5 0.1 0.05
2039 11.013880252838135 0.0 0.0 0.0 0.0 0.0 0.0 -0.025885926755819827 0.011671748864650654 -1.0885511338710785 0.1640921162812526 -0.2636693834262862 0.07012483601762931 0.0 0.0 0.0 -0.10811577080703318 -0.09756507986982954 -0.013082008267651013 -0.011805374664249375 0.0 0.0 0.0 0.0 10.200000000000008 0.0 0.07 10.200000000000008 0.0 0.07 0.3 0.05 0.8 0.3 0.05 0.8 0.5 0.1 0.05
2040 11.019390106201172 0.0 0.0 0.0 0.0 0.0 0.0 -0.025885926677318878 0.011681689088344532 -1.0885511338710785 0.1640921162812526 -0.2636693834262862 0.07012483601762931 0.0 0.0 0.0 -0.10811577080703318 -0.09756507986982954 -0.013082008267651013 -0.011805374664249375 0.0 0.0 0.0 0.0 10.200000000000008 0.0 0.07 10.200000000000008 0.0 0.07 0.3 0.05 0.8 0.3 0.05 0.8 0.5 0.1 0.05
2041 11.025063037872314 0.0 0.0 0.0 0.0 0.0 0.0 -0.025885926630218308 0.011687653222560858 -1.0885511338710785 0.1640921162812526 -0.2636693834262862 0.07012483601762931 0.0 0.0 0.0 -0.10811577080703318 -0.09756507986982954 -0.013082008267651013 -0.011805374664249375 0.0 0.0 0.0 0.0 10.200000000000008 0.0 0.07 10.200000000000008 0.0 0.07 0.3 0.05 0.8 0.3 0.05 0.8 0.5 0.1 0.05
2042 11.030609369277954 0.0 0.0 0.0 0.0 0.0 0.0 -0.025885926601957966 0.011691231703090653 -1.0885511338710785 0.1640921162812526 -0.2636693834262862 0.07012483601762931 0.0 0.0 0.0 -0.10811577080703318 -0.09756507986982954 -0.013082008267651013 -0.011805374664249375 0.0 0.0 0.0 0.0 10.200000000000008 0.0 0.07 10.200000000000008 0.0 0.07 0.3 0.05 0.8 0.3 0.05 0.8 0.5 0.1 0.05
2043 11.036277532577515 0.0 0.0 0.0 0.0 0.0 0.0 -0.02588592658500176 0.01169337879140853 -1.0885511338710785 0.1640921162812526 -0.2636693834262862 0.07012483601762931 0.0 0.0 0.0 -0.10811577080703318 -0.09756507986982954 -0.013082008267651013 -0.011805374664249375 0.0 0.0 0.0 0.0 10.200000000000008 0.0 0.07 10.200000000000008 0.0 0.07 0.3 0.05 0.8 0.3 0.05 0.8 0.5 0.1 0.05
2044 11.041925191879272 0.0 0.0 0.0 0.0 0.0 0.0 -0.025885926574828036 0.011694667044399256 -1.0885511338710785 0.1640921162812526 -0.2636693834262862 0.07012483601762931 0.0 0.0 0.0 -0.10811577080703318 -0.09756507986982954 -0.013082008267651013 -0.011805374664249375 0.0 0.0 0.0 0.0 10.200000000000008 0.0 0.07 10.200000000000008 0.0 0.07 0.3 0.05 0.8 0.3 0.05 0.8 0.5 0.1 0.05
2045 11.047444343566895 0.0 0.0 0.0 0.0 0.0 0.0 -0.0258859265687238 0.011695439996193692 -1.0885511338710785 0.1640921162812526 -0.2636693834262862 0.07012483601762931 0.0 0.0 0.0 -0.10811577080703318 -0.09756507986982954 -0.013082008267651013 -0.011805374664249375 0.0 0.0 0.0 0.0 10.200000000000008 0.0 0.07 10.200000000000008 0.0 0.07 0.3 0.05 0.8 0.3 0.05 0.8 0.5 0.1 0.05
2046 11.052871942520142 0.0 0.0 0.0 0.0 0.0 0.0 -0.025885926565061262 0.011695903767270354 -1.0885511338710785 0.1640921162812526 -0.2636693834262862 0.07012483601762931 0.0 0.0 0.0 -0.10811577080703318 -0.09756507986982954 -0.013082008267651013 -0.011805374664249375 0.0 0.0 0.0 0.0 10.200000000000008 0.0 0.07 10.200000000000008 0.0 0.07 0.3 0.05 0.8 0.3 0.05 0.8 0.5 0.1 0.05
2047 11.058269023895264 0.0 0.0 0.0 0.0 0.0 0.0 -0.02588592656286374 0.01169618202991635 -1.0885511338710785 0.1640921162812526 -0.2636693834262862 0.07012483601762931 0.0 0.0 0.0 -0.10811577080703318 -0.09756507986982954 -0.013082008267651013 -0.011805374664249375 0.0 0.0 0.0 0.0 10.200000000000008 0.0 0.07 10.200000000000008 0.0 0.07 0.3 0.05 0.8 0.3 0.05 0.8 0.5 0.1 0.05
2048 11.06367802619934 0.0 0.0 0.0 0.0 0.0 0.0 -0.025885926561545224 0.011696348987503949 -1.0885511338710785 0.1640921162812526 -0.2636693834262862 0.07012483601762931 0.0 0.0 0.0 -0.10811577080703318 -0.09756507986982954 -0.013082008267651013 -0.011805374664249375 0.0 0.0 0.0 0.0 10.200000000000008 0.0 0.07 10.200000000000008 0.0 0.07 0.3 0.05 0.8 0.3 0.05 0.8 0.5 0.1 0.05
2049 11.069068431854248 0.0 0.0 0.0 0.0 0.0 0.0 -0.025885926560754113 0.011696449162056508 -1.0885511338710785 0.1640921162812526 -0.2636693834262862 0.07012483601762931 0.0 0.0 0.0 -0.10811577080703318 -0.09756507986982954 -0.013082008267651013 -0.011805374664249375 0.0 0.0 0.0 0.0 10.200000000000008 0.0 0.07 10.200000000000008 0.0 0.07 0.3 0.05 0.8 0.3 0.05 0.8 0.5 0.1 0.05
2050 11.074426412582397 0.0 0.0 0.0 0.0 0.0 0.0 -0.025885926560279448 0.011696509266788044 -1.0885511338710785 0.1640921162812526 -0.2636693834262862 0.07012483601762931 0.0 0.0 0.0 -0.10811577080703318 -0.09756507986982954 -0.013082008267651013 -0.011805374664249375 0.0 0.0 0.0 0.0 10.200000000000008 0.0 0.07 10.200000000000008 0.0 0.07 0.3 0.05 0.8 0.3 0.05 0.8 0.5 0.1 0.05
2051 11.08009123802185 0.0 0.0 0.0 0.0 0.0 0.0 -0.02588592655999465 0.011696545329626964 -1.0885511338710785 0.1640921162812526 -0.2636693834262862 0.07012483601762931 0.0 0.0 0.0 -0.10811577080703318 -0.09756507986982954 -0.013082008267651013 -0.011805374664249375 0.0 0.0 0.0 0.0 10.200000000000008 0.0 0.07 10.200000000000008 0.0 0.07 0.3 0.05 0.8 0.3 0.05 0.8 0.5 0.1 0.05
2052 11.085512638092041 0.0 0.0 0.0 0.0 0.0 0.0 -0.02588592655982377 0.011696566967330317 -1.0885511338710785 0.1640921162812526 -0.2636693834262862 0.07012483601762931 0.0 0.0 0.0 -0.10811577080703318 -0.09756507986982954 -0.013082008267651013 -0.011805374664249375 0.0 0.0 0.0 0.0 10.200000000000008 0.0 0.07 10.200000000000008 0.0 0.07 0.3 0.05 0.8 0.3 0.05 0.8 0.5 0.1 0.05
2053 11.091058254241943 0.0 0.0 0.0 0.0 0.0 0.0 -0.025885926559721245 0.011696579949952327 -1.0885511338710785 0.1640921162812526 -0.2636693834262862 0.07012483601762931 0.0 0.0 0.0 -0.10811577080703318 -0.09756507986982954 -0.013082008267651013 -0.011805374664249375 0.0 0.0 0.0 0.0 10.200000000000008 0.0 0.07 10.200000000000008 0.0 0.07 0.3 0.05 0.8 0.3 0.05 0.8 0.5 0.1 0.05
2054 11.09663724899292 0.0 0.0 0.0 0.0 0.0 0.0 -0.02588592655965973 0.011696587739525534 -1.0885511338710785 0.1640921162812526 -0.2636693834262862 0.07012483601762931 0.0 0.0 0.0 -0.10811577080703318 -0.09756507986982954 -0.013082008267651013 -0.011805374664249375 0.0 0.0 0.0 0.0 10.200000000000008 0.0 0.07 10.200000000000008 0.0 0.07 0.3 0.05 0.8 0.3 0.05 0.8 0.5 0.1 0.05
2055 11.102253198623657 0.0 0.0 0.0 0.0 0.0 0.0 -0.025885926559622817 0.011696592413269459 -1.0885511338710785 0.1640921162812526 -0.2636693834262862 0.07012483601762931 0.0 0.0 0.0 -0.10811577080703318 -0.09756507986982954 -0.013082008267651013 -0.011805374664249375 0.0 0.0 0.0 0.0 10.200000000000008 0.0 0.07 10.200000000000008 0.0 0.07 0.3 0.05 0.8 0.3 0.05 0.8 0.5 0.1 0.05
2056 11.108016729354858 0.0 0.0 0.0 0.0 0.0 0.0 -0.02588592655960067 0.011696595217515813 -1.0885511338710785 0.1640921162812526 -0.2636693834262862 0.07012483601762931 0.0 0.0 0.0 -0.10811577080703318 -0.09756507986982954 -0.013082008267651013 -0.011805374664249375 0.0 0.0 0.0 0.0 10.200000000000008 0.0 0.07 10.200000000000008 0.0 0.07 0.3 0.05 0.8 0.3 0.05 0.8 0.5 0.1 0.05
2057 11.113539457321167 0.0 0.0 0.0 0.0 0.0 0.0 -0.025885926559587383 0.011696596900063626 -1.0885511338710785 0.1640921162812526 -0.2636693834262862 0.07012483601762931 0.0 0.0 0.0 -0.10811577080703318 -0.09756507986982954 -0.013082008267651013 -0.011805374664249375 0.0 0.0 0.0 0.0 10.200000000000008 0.0 0.07 10.200000000000008 0.0 0.07 0.3 0.05 0.8 0.3 0.05 0.8 0.5 0.1 0.05
2058 11.118916749954224 0.0 0.0 0.0 0.0 0.0 0.0 -0.02588592655957941 0.011696597909592314 -1.0885511338710785 0.1640921162812526 -0.2636693834262862 0.07012483601762931 0.0 0.0 0.0 -0.10811577080703318 -0.09756507986982954 -0.013082008267651013 -0.011805374664249375 0.0 0.0 0.0 0.0 10.200000000000008 0.0 0.07 10.200000000000008 0.0 0.07 0.3 0.05 0.8 0.3 0.05 0.8 0.5 0.1 0.05
2059 11.124311447143555 0.0 0.0 0.0 0.0 0.0 0.0 -0.025885926559574626 0.011696598515309527 -1.0885511338710785 0.1640921162812526 -0.2636693834262862 0.07012483601762931 0.0 0.0 0.0 -0.10811577080703318 -0.09756507986982954 -0.013082008267651013 -0.011805374664249375 0.0 0.0 0.0 0.0 10.200000000000008 0.0 0.07 10.200000000000008 0.0 0.07 0.3 0.05 0.8 0.3 0.05 0.8 0.5 0.1 0.05
2060 11.129672050476074 0.0 0.0 0.0 0.0 0.0 0.0 -0.025885926559571757 0.011696598878739854 -1.0885511338710785 0.1640921162812526 -0.2636693834262862 0.07012483601762931 0.0 0.0 0.0 -0.10811577080703318 -0.09756507986982954 -0.013082008267651013 -0.011805374664249375 0.0 0.0 0.0 0.0 10.200000000000008 0.0 0.07 10.200000000000008 0.0 0.07 0.3 0.05 0.8 0.3 0.05 0.8 0.5 0.1 0.05
2061 11.135207414627075 0.0 0.0 0.0 0.0 0.0 0.0 -0.025885926559570033 0.01169659909679805 -1.0885511338710785 0.1640921162812526 -0.2636693834262862 0.07012483601762931 0.0 0.0 0.0 -0.10811577080703318 -0.09756507986982954 -0.013082008267651013 -0.011805374664249375 0.0 0.0 0.0 0.0 10.200000000000008 0.0 0.07 10.200000000000008 0.0 0.07 0.3 0.05 0.8 0.3 0.05 0.8 0.5 0.1 0.05
2062 11.140687465667725 0.0 0.0 0.0 0.0 0.0 0.0 -0.025885926559569 0.011696599227632968 -1.0885511338710785 0.1640921162812526 -0.2636693834262862 0.07012483601762931 0.0 0.0 0.0 -0.10811577080703318 -0.09756507986982954 -0.013082008267651013 -0.011805374664249375 0.0 0.0 0.0 0.0 10.200000000000008 0.0 0.07 10.200000000000008 0.0 0.07 0.3 0.05 0.8 0.3 0.05 0.8 0.5 0.1 0.05
2063 11.14621877670288 0.0 0.0 0.0 0.0 0.0 0.0 -0.02588592655956838 0.011696599306133919 -1.0885511338710785 0.1640921162812526 -0.2636693834262862 0.07012483601762931 0.0 0.0 0.0 -0.10811577080703318 -0.09756507986982954 -0.013082008267651013 -0.011805374664249375 0.0 0.0 0.0 0.0 10.200000000000008 0.0 0.07 10.200000000000008 0.0 0.07 0.3 0.05 0.8 0.3 0.05 0.8 0.5 0.1 0.05
2064 11.15188217163086 0.0 0.0 0.0 0.0 0.0 0.0 -0.02588592655956801 0.011696599353234489 -1.0885511338710785 0.1640921162812526 -0.2636693834262862 0.07012483601762931 0.0 0.0 0.0 -0.10811577080703318 -0.09756507986982954 -0.013082008267651013 -0.011805374664249375 0.0 0.0 0.0 0.0 10.200000000000008 0.0 0.07 10.200000000000008 0.0 0.07 0.3 0.05 0.8 0.3 0.05 0.8 0.5 0.1 0.05
2065 11.15747332572937 0.0 0.0 0.0 0.0 0.0 0.0 -0.025885926559567785 0.01169659938149483 -1.0885511338710785 0.1640921162812526 -0.2636693834262862 0.07012483601762931 0.0 0.0 0.0 -0.10811577080703318 -0.09756507986982954 -0.013082008267651013 -0.011805374664249375 0.0 0.0 0.0 0.0 10.200000000000008 0.0 0.07 10.200000000000008 0.0 0.07 0.3 0.05 0.8 0.3 0.05 0.8 0.5 0.1 0.05
2066 11.162879943847656 0.0 0.0 0.0 0.0 0.0 0.0 -0.025885926559567653 0.011696599398451036 -1.0885511338710785 0.1640921162812526 -0.2636693834262862 0.07012483601762931 0.0 0.0 0.0 -0.10811577080703318 -0.09756507986982954 -0.013082008267651013 -0.011805374664249375 0.0 0.0 0.0 0.0 10.200000000000008 0.0 0.07 10.200000000000008 0.0 0.07 0.3 0.05 0.8 0.3 0.05 0.8 0.5 0.1 0.05
2067 11.168315649032593 0.0 0.0 0.0 0.0 0.0 0.0 -0.025885926559567573 0.011696599408624761 -1.0885511338710785 0.1640921162812526 -0.2636693834262862 0.07012483601762931 0.0 0.0 0.0 -0.10811577080703318 -0.09756507986982954 -0.013082008267651013 -0.011805374664249375 0.0 0.0 0.0 0.0 10.200000000000008 0.0 0.07 10.200000000000008 0.0 0.07 0.3 0.05 0.8 0.3 0.05 0.8 0.5 0.1 0.05
2068 11.17371940612793 0.0 0.0 0.0 0.0 0.0 0.0 -0.025885926559567524 0.011696599414728994 -1.0885511338710785 0.1640921162812526 -0.2636693834262862 0.07012483601762931 0.0 0.0 0.0 -0.10811577080703318 -0.09756507986982954 -0.013082008267651013 -0.011805374664249375 0.0 0.0 0.0 0.0 10.200000000000008 0.0 0.07 10.200000000000008 0.0 0.07 0.3 0.05 0.8 0.3 0.05 0.8 0.5 0.1 0.05
2069 11.179087400436401 0.0 0.0 0.0 0.0 0.0 0.0 -0.025885926559567493 0.011696599418391535 -1.0885511338710785 0.1640921162812526 -0.2636693834262862 0.07012483601762931 0.0 0.0 0.0 -0.10811577080703318 -0.09756507986982954 -0.013082008267651013 -0.011805374664249375 0.0 0.0 0.0 0.0 10.200000000000008 0.0 0.07 10.200000000000008 0.0 0.07 0.3 0.05 0.8 0.3 0.05 0.8 0.5 0.1 0.05
2070 11.184475898742676 0.0 0.0 0.0 0.0 0.0 0.0 -0.025885926559567476 0.011696599420589059 -1.0885511338710785 0.1640921162812526 -0.2636693834262862 0.07012483601762931 0.0 0.0 0.0 -0.10811577080703318 -0.09756507986982954 -0.013082008267651013 -0.011805374664249375 0.0 0.0 0.0 0.0 10.200000000000008 0.0 0.07 10.200000000000008 0.0 0.07 0.3 0.05 0.8 0.3 0.05 0.8 0.5 0.1 0.05
2071 11.190057754516602 0.0 0.0 0.0 0.0 0.0 0.0 -0.025885926559567465 0.011696599421907573 -1.0885511338710785 0.1640921162812526 -0.2636693834262862 0.07012483601762931 0.0 0.0 0.0 -0.10811577080703318 -0.09756507986982954 -0.013082008267651013 -0.011805374664249375 0.0 0.0 0.0 0.0 10.200000000000008 0.0 0.07 10.200000000000008 0.0 0.07 0.3 0.05 0.8 0.3 0.05 0.8 0.5 0.1 0.05
2072 11.195484161376953 0.0 0.0 0.0 0.0 0.0 0.0 -0.02588592655956746 0.011696599422698682 -1.0885511338710785 0.1640921162812526 -0.2636693834262862 0.07012483601762931 0.0 0.0 0.0 -0.10811577080703318 -0.09756507986982954 -0.013082008267651013 -0.011805374664249375 0.0 0.0 0.0 0.0 10.200000000000008 0.0 0.07 10.200000000000008 0.0 0.07 0.3 0.05 0.8 0.3 0.05 0.8 0.5 0.1 0.05
2073 11.201008081436157 0.0 0.0 0.0 0.0 0.0 0.0 -0.025885926559567455 0.011696599423173347 -1.0885511338710785 0.1640921162812526 -0.2636693834262862 0.07012483601762931 0.0 0.0 0.0 -0.10811577080703318 -0.09756507986982954 -0.013082008267651013 -0.011805374664249375 0.0 0.0 0.0 0.0 10.200000000000008 0.0 0.07 10.200000000000008 0.0 0.07 0.3 0.05 0.8 0.3 0.05 0.8 0.5 0.1 0.05
2074 11.206504344940186 0.0 0.0 0.0 0.0 0.0 0.0 -0.02588592655956745 0.011696599423458146 -1.0885511338710785 0.1640921162812526 -0.2636693834262862 0.07012483601762931 0.0 0.0 0.0 -0.10811577080703318 -0.09756507986982954 -0.013082008267651013 -0.011805374664249375 0.0 0.0 0.0 0.0 10.200000000000008 0.0 0.07 10.200000000000008 0.0 0.07 0.3 0.05 0.8 0.3 0.05 0.8 0.5 0.1 0.05
2075 11.212127923965454 0.0 0.0 0.0 0.0 0.0 0.0 -0.02588592655956745 0.011696599423629026 -1.0885511338710785 0.1640921162812526 -0.2636693834262862 0.07012483601762931 0.0 0.0 0.0 -0.10811577080703318 -0.09756507986982954 -0.013082008267651013 -0.011805374664249375 0.0 0.0 0.0 0.0 10.200000000000008 0.0 0.07 10.200000000000008 0.0 0.07 0.3 0.05 0.8 0.3 0.05 0.8 0.5 0.1 0.05
2076 11.217714071273804 0.0 0.0 0.0 0.0 0.0 0.0 -0.02588592655956745 0.011696599423731554 -1.0885511338710785 0.1640921162812526 -0.2636693834262862 0.07012483601762931 0.0 0.0 0.0 -0.10811577080703318 -0.09756507986982954 -0.013082008267651013 -0.011805374664249375 0.0 0.0 0.0 0.0 10.200000000000008 0.0 0.07 10.200000000000008 0.0 0.07 0.3 0.05 0.8 0.3 0.05 0.8 0.5 0.1 0.05
2077 11.223142623901367 0.0 0.0 0.0 0.0 0.0 0.0 -0.02588592655956745 0.01169659942379307 -1.0885511338710785 0.1640921162812526 -0.2636693834262862 0.07012483601762931 0.0 0.0 0.0 -0.10811577080703318 -0.09756507986982954 -0.013082008267651013 -0.011805374664249375 0.0 0.0 0.0 0.0 10.200000000000008 0.0 0.07 10.200000000000008 0.0 0.07 0.3 0.05 0.8 0.3 0.05 0.8 0.5 0.1 0.05
2078 11.22852373123169 0.0 0.0 0.0 0.0 0.0 0.0 -0.02588592655956745 0.01169659942382998 -1.0885511338710785 0.1640921162812526 -0.2636693834262862 0.07012483601762931 0.0 0.0 0.0 -0.10811577080703318 -0.09756507986982954 -0.013082008267651013 -0.011805374664249375 0.0 0.0 0.0 0.0 10.200000000000008 0.0 0.07 10.200000000000008 0.0 0.07 0.3 0.05 0.8 0.3 0.05 0.8 0.5 0.1 0.05
2079 11.233913898468018 0.0 0.0 0.0 0.0 0.0 0.0 -0.02588592655956745 0.011696599423852126 -1.0885511338710785 0.1640921162812526 -0.2636693834262862 0.07012483601762931 0.0 0.0 0.0 -0.10811577080703318 -0.09756507986982954 -0.013082008267651013 -0.011805374664249375 0.0 0.0 0.0 0.0 10.200000000000008 0.0 0.07 10.200000000000008 0.0 0.07 0.3 0.05 0.8 0.3 0.05 0.8 0.5 0.1 0.05
2080 11.239307880401611 0.0 0.0 0.0 0.0 0.0 0.0 -0.02588592655956745 0.011696599423865413 -1.0885511338710785 0.1640921162812526 -0.2636693834262862 0.07012483601762931 0.0 0.0 0.0 -0.10811577080703318 -0.09756507986982954 -0.013082008267651013 -0.011805374664249375 0.0 0.0 0.0 0.0 10.200000000000008 0.0 0.07 10.200000000000008 0.0 0.07 0.3 0.05 0.8 0.3 0.05 0.8 0.5 0.1 0.05
2081 11.244919776916504 0.0 0.0 0.0 0.0 0.0 0.0 -0.02588592655956745 0.011696599423873386 -1.0885511338710785 0.1640921162812526 -0.2636693834262862 0.07012483601762931 0.0 0.0 0.0 -0.10811577080703318 -0.09756507986982954 -0.013082008267651013 -0.011805374664249375 0.0 0.0 0.0 0.0 10.200000000000008 0.0 0.07 10.200000000000008 0.0 0.07 0.3 0.05 0.8 0.3 0.05 0.8 0.5 0.1 0.05
2082 11.250372886657715 0.0 0.0 0.0 0.0 0.0 0.0 -0.02588592655956745 0.01169659942387817 -1.0885511338710785 0.1640921162812526 -0.2636693834262862 0.07012483601762931 0.0 0.0 0.0 -0.10811577080703318 -0.09756507986982954 -0.013082008267651013 -0.011805374664249375 0.0 0.0 0.0 0.0 10.200000000000008 0.0 0.07 10.200000000000008 0.0 0.07 0.3 0.05 0.8 0.3 0.05 0.8 0.5 0.1 0.05
2083 11.256088733673096 0.0 0.0 0.0 0.0 0.0 0.0 -0.02588592655956745 0.01169659942388104 -1.0885511338710785 0.1640921162812526 -0.2636693834262862 0.07012483601762931 0.0 0.0 0.0 -0.10811577080703318 -0.09756507986982954 -0.013082008267651013 -0.011805374664249375 0.0 0.0 0.0 0.0 10.200000000000008 0.0 0.07 10.200000000000008 0.0 0.07 0.3 0.05 0.8 0.3 0.05 0.8 0.5 0.1 0.05
2084 11.261573314666748 0.0 0.0 0.0 0.0 0.0 0.0 -0.02588592655956745 0.011696599423882762 -1.0885511338710785 0.1640921162812526 -0.2636693834262862 0.07012483601762931 0.0 0.0 0.0 -0.10811577080703318 -0.09756507986982954 -0.013082008267651013 -0.011805374664249375 0.0 0.0 0.0 0.0 10.200000000000008 0.0 0.07 10.200000000000008 0.0 0.07 0.3 0.05 0.8 0.3 0.05 0.8 0.5 0.1 0.05
2085 11.267027854919434 0.0 0.0 0.0 0.0 0.0 0.0 -0.02588592655956745 0.011696599423883795 -1.0885511338710785 0.1640921162812526 -0.2636693834262862 0.07012483601762931 0.0 0.0 0.0 -0.10811577080703318 -0.09756507986982954 -0.013082008267651013 -0.011805374664249375 0.0 0.0 0.0 0.0 10.200000000000008 0.0 0.07 10.200000000000008 0.0 0.07 0.3 0.05 0.8 0.3 0.05 0.8 0.5 0.1 0.05
2086 11.272916316986084 0.0 0.0 0.0 0.0 0.0 0.0 -0.02588592655956745 0.011696599423884416 -1.0885511338710785 0.1640921162812526 -0.2636693834262862 0.07012483601762931 0.0 0.0 0.0 -0.10811577080703318 -0.09756507986982954 -0.013082008267651013 -0.011805374664249375 0.0 0.0 0.0 0.0 10.200000000000008 0.0 0.07 10.200000000000008 0.0 0.07 0.3 0.05 0.8 0.3 0.05 0.8 0.5 0.1 0.05
2087 11.278318881988525 0.0 0.0 0.0 0.0 0.0 0.0 -0.02588592655956745 0.011696599423884787 -1.0885511338710785 0.1640921162812526 -0.2636693834262862 0.07012483601762931 0.0 0.0 0.0 -0.10811577080703318 -0.09756507986982954 -0.013082008267651013 -0.011805374664249375 0.0 0.0 0.0 0.0 10.200000000000008 0.0 0.07 10.200000000000008 0.0 0.07 0.3 0.05 0.8 0.3 0.05 0.8 0.5 0.1 0.05
2088 11.283747911453247 0.0 0.0 0.0 0.0 0.0 0.0 -0.02588592655956745 0.01169659942388501 -1.0885511338710785 0.1640921162812526 -0.2636693834262862 0.07012483601762931 0.0 0.0 0.0 -0.10811577080703318 -0.09756507986982954 -0.013082008267651013 -0.011805374664249375 0.0 0.0 0.0 0.0 10.200000000000008 0.0 0.07 10.200000000000008 0.0 0.07 0.3 0.05 0.8 0.3 0.05 0.8 0.5 0.1 0.05
2089 11.28915524482727 0.0 0.0 0.0 0.0 0.0 0.0 -0.02588592655956745 0.011696599423885144 -1.0885511338710785 0.1640921162812526 -0.2636693834262862 0.07012483601762931 0.0 0.0 0.0 -0.10811577080703318 -0.09756507986982954 -0.013082008267651013 -0.011805374664249375 0.0 0.0 0.0 0.0 10.200000000000008 0.0 0.07 10.200000000000008 0.0 0.07 0.3 0.05 0.8 0.3 0.05 0.8 0.5 0.1 0.05
2090 11.294518947601318 0.0 0.0 0.0 0.0 0.0 0.0 -0.02588592655956745 0.011696599423885224 -1.0885511338710785 0.1640921162812526 -0.2636693834262862 0.07012483601762931 0.0 0.0 0.0 -0.10811577080703318 -0.09756507986982954 -0.013082008267651013 -0.011805374664249375 0.0 0.0 0.0 0.0 10.200000000000008 0.0 0.07 10.200000000000008 0.0 0.07 0.3 0.05 0.8 0.3 0.05 0.8 0.5 0.1 0.05
2091 11.30024003982544 0.0 0.0 0.0 0.0 0.0 0.0 -0.02588592655956745 0.011773298680782245 -1.0885511338710785 0.1640921162812526 -0.2636693834262862 0.07012483601762931 0.0 0.0 0.0 -0.10811577080703318 -0.09756507986982954 -0.013082008267651013 -0.011805374664249375 0.0 0.0 0.0 0.0 10.200000000000008 0.0 0.07 10.200000000000008 0.0 0.07 0.3 0.05 0.8 0.3 0.05 0.8 0.5 0.1 0.05
2092 11.305721998214722 0.0 0.0 0.0 0.0 0.0 0.0 -0.02588592655956745 0.011819318234920457 -1.0885511338710785 0.1640921162812526 -0.2636693834262862 0.07012483601762931 0.0 0.0 0.0 -0.10811577080703318 -0.09756507986982954 -0.013082008267651013 -0.011805374664249375 0.0 0.0 0.0 0.0 10.200000000000008 0.0 0.07 10.200000000000008 0.0 0.07 0.3 0.05 0.8 0.3 0.05 0.8 0.5 0.1 0.05
2093 11.311264514923096 0.0 0.0 0.0 0.0 0.0 0.0 -0.02588592655956745 0.011846929967403386 -1.0885511338710785 0.1640921162812526 -0.2636693834262862 0.07012483601762931 0.0 0.0 0.0 -0.10811577080703318 -0.09756507986982954 -0.013082008267651013 -0.011805374664249375 0.0 0.0 0.0 0.0 10.200000000000008 0.0 0.07 10.200000000000008 0.0 0.07 0.3 0.05 0.8 0.3 0.05 0.8 0.5 0.1 0.05
2094 11.316722869873047 0.0 0.0 0.0 0.0 0.0 0.0 -0.02588592655956745 0.011863497006893143 -1.0885511338710785 0.1640921162812526 -0.2636693834262862 0.07012483601762931 0.0 0.0 0.0 -0.10811577080703318 -0.09756507986982954 -0.013082008267651013 -0.011805374664249375 0.0 0.0 0.0 0.0 10.200000000000008 0.0 0.07 10.200000000000008 0.0 0.07 0.3 0.05 0.8 0.3 0.05 0.8 0.5 0.1 0.05
2095 11.322204828262329 0.0 0.0 0.0 0.0 0.0 0.0 -0.02588592655956745 0.011873437230586996 -1.0885511338710785 0.1640921162812526 -0.2636693834262862 0.07012483601762931 0.0 0.0 0.0 -0.10811577080703318 -0.09756507986982954 -0.013082008267651013 -0.011805374664249375 0.0 0.0 0.0 0.0 10.200000000000008 0.0 0.07 10.200000000000008 0.0 0.07 0.3 0.05 0.8 0.3 0.05 0.8 0.5 0.1 0.05
2096 11.327610969543457 0.0 0.0 0.0 0.0 0.0 0.0 -0.02588592655956745 0.011879401364803309 -1.0885511338710785 0.1640921162812526 -0.2636693834262862 0.07012483601762931 0.0 0.0 0.0 -0.10811577080703318 -0.09756507986982954 -0.013082008267651013 -0.011805374664249375 0.0 0.0 0.0 0.0 10.200000000000008 0.0 0.07 10.200000000000008 0.0 0.07 0.3 0.05 0.8 0.3 0.05 0.8 0.5 0.1 0.05
2097 11.332971811294556 0.0 0.0 0.0 0.0 0.0 0.0 -0.02588592655956745 0.011882979845333097 -1.0885511338710785 0.1640921162812526 -0.2636693834262862 0.07012483601762931 0.0 0.0 0.0 -0.10811577080703318 -0.09756507986982954 -0.013082008267651013 -0.011805374664249375 0.0 0.0 0.0 0.0 10.200000000000008 0.0 0.07 10.200000000000008 0.0 0.07 0.3 0.05 0.8 0.3 0.05 0.8 0.5 0.1 0.05
2098 11.338324069976807 0.0 0.0 0.0 0.0 0.0 0.0 -0.02588592655956745 0.011885126933650968 -1.0885511338710785 0.1640921162812526 -0.2636693834262862 0.07012483601762931 0.0 0.0 0.0 -0.10811577080703318 -0.09756507986982954 -0.013082008267651013 -0.011805374664249375 0.0 0.0 0.0 0.0 10.200000000000008 0.0 0.07 10.200000000000008 0.0 0.07 0.3 0.05 0.8 0.3 0.05 0.8 0.5 0.1 0.05
2099 11.343810319900513 0.0 0.0 0.0 0.0 0.0 0.0 -0.02588592655956745 0.011886415186641693 -1.0885511338710785 0.1640921162812526 -0.2636693834262862 0.07012483601762931 0.0 0.0 0.0 -0.10811577080703318 -0.09756507986982954 -0.013082008267651013 -0.011805374664249375 0.0 0.0 0.0 0.0 10.200000000000008 0.0 0.07 10.200000000000008 0.0 0.07 0.3 0.05 0.8 0.3 0.05 0.8 0.5 0.1 0.05
2100 11.34919023513794 0.0 0.0 0.0 0.0 0.0 0.0 -0.02588592655956745 0.011887188138436127 -1.0885511338710785 0.1640921162812526 -0.2636693834262862 0.07012483601762931 0.0 0.0 0.0 -0.10811577080703318 -0.09756507986982954 -0.013082008267651013 -0.011805374664249375 0.0 0.0 0.0 0.0 10.200000000000008 0.0 0.07 10.200000000000008 0.0 0.07 0.3 0.05 0.8 0.3 0.05 0.8 0.5 0.1 0.05
2101 11.35473084449768 0.0 0.0 0.0 0.0 0.0 0.0 -0.02588592655956745 0.011887651909512787 -1.0885511338710785 0.1640921162812526 -0.2636693834262862 0.07012483601762931 0.0 0.0 0.0 -0.10811577080703318 -0.09756507986982954 -0.013082008267651013 -0.011805374664249375 0.0 0.0 0.0 0.0 10.200000000000008 0.0 0.07 10.200000000000008 0.0 0.07 0.3 0.05 0.8 0.3 0.05 0.8 0.5 0.1 0.05
2102 11.360305786132812 0.0 0.0 0.0 0.0 0.0 0.0 -0.02588592655956745 0.011887930172158783 -1.0885511338710785 0.1640921162812526 -0.2636693834262862 0.07012483601762931 0.0 0.0 0.0 -0.10811577080703318 -0.09756507986982954 -0.013082008267651013 -0.011805374664249375 0.0 0.0 0.0 0.0 10.200000000000008 0.0 0.07 10.200000000000008 0.0 0.07 0.3 0.05 0.8 0.3 0.05 0.8 0.5 0.1 0.05
2103 11.365821123123169 0.0 0.0 0.0 0.0 0.0 0.0 -0.02588592655956745 0.01188809712974638 -1.0885511338710785 0.1640921162812526 -0.2636693834262862 0.07012483601762931 0.0 0.0 0.0 -0.10811577080703318 -0.09756507986982954 -0.013082008267651013 -0.011805374664249375 0.0 0.0 0.0 0.0 10.200000000000008 0.0 0.07 10.200000000000008 0.0 0.07 0.3 0.05 0.8 0.3 0.05 0.8 0.5 0.1 0.05
2104 11.3712899684906 0.0 0.0 0.0 0.0 0.0 0.0 -0.02588592655956745 0.01188819730429894 -1.0885511338710785 0.1640921162812526 -0.2636693834262862 0.07012483601762931 0.0 0.0 0.0 -0.10811577080703318 -0.09756507986982954 -0.013082008267651013 -0.011805374664249375 0.0 0.0 0.0 0.0 10.200000000000008 0.0 0.07 10.200000000000008 0.0 0.07 0.3 0.05 0.8 0.3 0.05 0.8 0.5 0.1 0.05
2105 11.376690864562988 0.0 0.0 0.0 0.0 0.0 0.0 -0.02588592655956745 0.011888257409030475 -1.0885511338710785 0.1640921162812526 -0.2636693834262862 0.07012483601762931 0.0 0.0 0.0 -0.10811577080703318 -0.09756507986982954 -0.013082008267651013 -0.011805374664249375 0.0 0.0 0.0 0.0 10.200000000000008 0.0 0.07 10.200000000000008 0.0 0.07 0.3 0.05 0.8 0.3 0.05 0.8 0.5 0.1 0.05
2106 11.38240361213684 0.0 0.0 0.0 0.0 0.0 0.0 -0.02588592655956745 0.011888293471869395 -1.0885511338710785 0.1640921162812526 -0.2636693834262862 0.07012483601762931 0.0 0.0 0.0 -0.10811577080703318 -0.09756507986982954 -0.013082008267651013 -0.011805374664249375 0.0 0.0 0.0 0.0 10.200000000000008 0.0 0.07 10.200000000000008 0.0 0.07 0.3 0.05 0.8 0.3 0.05 0.8 0.5 0.1 0.05
2107 11.387880802154541 0.0 0.0 0.0 0.0 0.0 0.0 -0.02588592655956745 0.011888315109572748 -1.0885511338710785 0.1640921162812526 -0.2636693834262862 0.07012483601762931 0.0 0.0 0.0 -0.10811577080703318 -0.09756507986982954 -0.013082008267651013 -0.011805374664249375 0.0 0.0 0.0 0.0 10.200000000000008 0.0 0.07 10.200000000000008 0.0 0.07 0.3 0.05 0.8 0.3 0.05 0.8 0.5 0.1 0.05
2108 11.39323377609253 0.0 0.0 0.0 0.0 0.0 0.0 -0.02588592655956745 0.011888328092194759 -1.0885511338710785 0.1640921162812526 -0.2636693834262862 0.07012483601762931 0.0 0.0 0.0 -0.10811577080703318 -0.09756507986982954 -0.013082008267651013 -0.011805374664249375 0.0 0.0 0.0 0.0 10.200000000000008 0.0 0.07 10.200000000000008 0.0 0.07 0.3 0.05 0.8 0.3 0.05 0.8 0.5 0.1 0.05
2109 11.39857292175293 0.0 0.0 0.0 0.0 0.0 0.0 -0.02588592655956745 0.011888335881767966 -1.0885511338710785 0.1640921162812526 -0.2636693834262862 0.07012483601762931 0.0 0.0 0.0 -0.10811577080703318 -0.09756507986982954 -0.013082008267651013 -0.011805374664249375 0.0 0.0 0.0 0.0 10.200000000000008 0.0 0.07 10.200000000000008 0.0 0.07 0.3 0.05 0.8 0.3 0.05 0.8 0.5 0.1 0.05
2110 11.403921604156494 0.0 0.0 0.0 0.0 0.0 0.0 -0.02588592655956745 0.01188834055551189 -1.0885511338710785 0.1640921162812526 -0.2636693834262862 0.07012483601762931 0.0 0.0 0.0 -0.10811577080703318 -0.09756507986982954 -0.013082008267651013 -0.011805374664249375 0.0 0.0 0.0 0.0 10.200000000000008 0.0 0.07 10.200000000000008 0.0 0.07 0.3 0.05 0.8 0.3 0.05 0.8 0.5 0.1 0.05
2111 11.409424781799316 0.0 0.0 0.0 0.0 0.0 0.0 -0.02588592655956745 0.011888343359758245 -1.0885511338710785 0.1640921162812526 -0.2636693834262862 0.07012483601762931 0.0 0.0 0.0 -0.10811577080703318 -0.09756507986982954 -0.013082008267651013 -0.011805374664249375 0.0 0.0 0.0 0.0 10.200000000000008 0.0 0.07 10.200000000000008 0.0 0.07 0.3 0.05 0.8 0.3 0.05 0.8 0.5 0.1 0.05
2112 11.414897441864014 0.0 0.0 0.0 0.0 0.0 0.0 -0.02588592655956745 0.011888345042306058 -1.0885511338710785 0.1640921162812526 -0.2636693834262862 0.07012483601762931 0.0 0.0 0.0 -0.10811577080703318 -0.09756507986982954 -0.013082008267651013 -0.011805374664249375 0.0 0.0 0.0 0.0 10.200000000000008 0.0 0.07 10.200000000000008 0.0 0.07 0.3 0.05 0.8 0.3 0.05 0.8 0.5 0.1 0.05
2113 11.420402526855469 0.0 0.0 0.0 0.0 0.0 0.0 -0.02588592655956745 0.011888346051834746 -1.0885511338710785 0.1640921162812526 -0.2636693834262862 0.07012483601762931 0.0 0.0 0.0 -0.10811577080703318 -0.09756507986982954 -0.013082008267651013 -0.011805374664249375 0.0 0.0 0.0 0.0 10.200000000000008 0.0 0.07 10.200000000000008 0.0 0.07 0.3 0.05 0.8 0.3 0.05 0.8 0.5 0.1 0.05
2114 11.425955533981323 0.0 0.0 0.0 0.0 0.0 0.0 -0.02588592655956745 0.011888346657551958 -1.0885511338710785 0.1640921162812526 -0.2636693834262862 0.07012483601762931 0.0 0.0 0.0 -0.10811577080703318 -0.09756507986982954 -0.013082008267651013 -0.011805374664249375 0.0 0.0 0.0 0.0 10.200000000000008 0.0 0.07 10.200000000000008 0.0 0.07 0.3 0.05 0.8 0.3 0.05 0.8 0.5 0.1 0.05
2115 11.431483745574951 0.0 0.0 0.0 0.0 0.0 0.0 -0.02588592655956745 0.011888347020982286 -1.0885511338710785 0.1640921162812526 -0.2636693834262862 0.07012483601762931 0.0 0.0 0.0 -0.10811577080703318 -0.09756507986982954 -0.013082008267651013 -0.011805374664249375 0.0 0.0 0.0 0.0 10.200000000000008 0.0 0.07 10.200000000000008 0.0 0.07 0.3 0.05 0.8 0.3 0.05 0.8 0.5 0.1 0.05
2116 11.43703031539917 0.0 0.0 0.0 0.0 0.0 0.0 -0.02588592655956745 0.011888347239040482 -1.0885511338710785 0.1640921162812526 -0.2636693834262862 0.07012483601762931 0.0 0.0 0.0 -0.10811577080703318 -0.09756507986982954 -0.013082008267651013 -0.011805374664249375 0.0 0.0 0.0 0.0 10.200000000000008 0.0 0.07 10.200000000000008 0.0 0.07 0.3 0.05 0.8 0.3 0.05 0.8 0.5 0.1 0.05
2117 11.442553520202637 0.0 0.0 0.0 0.0 0.0 0.0 -0.02588592655956745 0.0118883473698754 -1.0885511338710785 0.1640921162812526 -0.2636693834262862 0.07012483601762931 0.0 0.0 0.0 -0.10811577080703318 -0.09756507986982954 -0.013082008267651013 -0.011805374664249375 0.0 0.0 0.0 0.0 10.200000000000008 0.0 0.07 10.200000000000008 0.0 0.07 0.3 0.05 0.8 0.3 0.05 0.8 0.5 0.1 0.05
2118 11.44802713394165 0.0 0.0 0.0 0.0 0.0 0.0 -0.02588592655956745 0.01188834744837635 -1.0885511338710785 0.1640921162812526 -0.2636693834262862 0.07012483601762931 0.0 0.0 0.0 -0.10811577080703318 -0.09756507986982954 -0.013082008267651013 -0.011805374664249375 0.0 0.0 0.0 0.0 10.200000000000008 0.0 0.07 10.200000000000008 0.0 0.07 0.3 0.05 0.8 0.3 0.05 0.8 0.5 0.1 0.05
2119 11.453421115875244 0.0 0.0 0.0 0.0 0.0 0.0 -0.02588592655956745 0.01188834749547692 -1.0885511338710785 0.1640921162812526 -0.2636693834262862 0.07012483601762931 0.0 0.0 0.0 -0.10811577080703318 -0.09756507986982954 -0.013082008267651013 -0.011805374664249375 0.0 0.0 0.0 0.0 10.200000000000008 0.0 0.07 10.200000000000008 0.0 0.07 0.3 0.05 0.8 0.3 0.05 0.8 0.5 0.1 0.05
2120 11.458831548690796 0.0 0.0 0.0 0.0 0.0 0.0 -0.02588592655956745 0.011888347523737262 -1.0885511338710785 0.1640921162812526 -0.2636693834262862 0.07012483601762931 0.0 0.0 0.0 -0.10811577080703318 -0.09756507986982954 -0.013082008267651013 -0.011805374664249375 0.0 0.0 0.0 0.0 10.200000000000008 0.0 0.07 10.200000000000008 0.0 0.07 0.3 0.05 0.8 0.3 0.05 0.8 0.5 0.1 0.05
2121 11.46466588973999 0.0 0.0 0.0 0.0 0.0 0.0 -0.02588592655956745 0.011888347540693468 -1.0885511338710785 0.1640921162812526 -0.2636693834262862 0.07012483601762931 0.0 0.0 0.0 -0.10811577080703318 -0.09756507986982954 -0.013082008267651013 -0.011805374664249375 0.0 0.0 0.0 0.0 10.200000000000008 0.0 0.07 10.200000000000008 0.0 0.07 0.3 0.05 0.8 0.3 0.05 0.8 0.5 0.1 0.05
2122 11.470209121704102 0.0 0.0 0.0 0.0 0.0 0.0 -0.02588592655956745 0.011888347550867193 -1.0885511338710785 0.1640921162812526 -0.2636693834262862 0.07012483601762931 0.0 0.0 0.0 -0.10811577080703318 -0.09756507986982954 -0.013082008267651013 -0.011805374664249375 0.0 0.0 0.0 0.0 10.200000000000008 0.0 0.07 10.200000000000008 0.0 0.07 0.3 0.05 0.8 0.3 0.05 0.8 0.5 0.1 0.05
2123 11.47592568397522 0.0 0.0 0.0 0.0 0.0 0.0 -0.02588592655956745 0.011888347556971426 -1.0885511338710785 0.1640921162812526 -0.2636693834262862 0.07012483601762931 0.0 0.0 0.0 -0.10811577080703318 -0.09756507986982954 -0.013082008267651013 -0.011805374664249375 0.0 0.0 0.0 0.0 10.200000000000008 0.0 0.07 10.200000000000008 0.0 0.07 0.3 0.05 0.8 0.3 0.05 0.8 0.5 0.1 0.05
2124 11.481327056884766 0.0 0.0 0.0 0.0 0.0 0.0 -0.02588592655956745 0.011888347560633967 -1.0885511338710785 0.1640921162812526 -0.2636693834262862 0.07012483601762931 0.0 0.0 0.0 -0.10811577080703318 -0.09756507986982954 -0.013082008267651013 -0.011805374664249375 0.0 0.0 0.0 0.0 10.200000000000008 0.0 0.07 10.200000000000008 0.0 0.07 0.3 0.05 0.8 0.3 0.05 0.8 0.5 0.1 0.05
2125 11.48691987991333 0.0 0.0 0.0 0.0 0.0 0.0 -0.02588592655956745 0.01188834756283149 -1.0885511338710785 0.1640921162812526 -0.2636693834262862 0.07012483601762931 0.0 0.0 0.0 -0.10811577080703318 -0.09756507986982954 -0.013082008267651013 -0.011805374664249375 0.0 0.0 0.0 0.0 10.200000000000008 0.0 0.07 10.200000000000008 0.0 0.07 0.3 0.05 0.8 0.3 0.05 0.8 0.5 0.1 0.05
2126 11.492395639419556 0.0 0.0 0.0 0.0 0.0 0.0 -0.02588592655956745 0.011888347564150005 -1.0885511338710785 0.1640921162812526 -0.2636693834262862 0.07012483601762931 0.0 0.0 0.0 -0.10811577080703318 -0.09756507986982954 -0.013082008267651013 -0.011805374664249375 0.0 0.0 0.0 0.0 10.200000000000008 0.0 0.07 10.200000000000008 0.0 0.07 0.3 0.05 0.8 0.3 0.05 0.8 0.5 0.1 0.05
2127 11.497839450836182 0.0 0.0 0.0 0.0 0.0 0.0 -0.02588592655956745 0.011888347564941113 -1.0885511338710785 0.1640921162812526 -0.2636693834262862 0.07012483601762931 0.0 0.0 0.0 -0.10811577080703318 -0.09756507986982954 -0.013082008267651013 -0.011805374664249375 0.0 0.0 0.0 0.0 10.200000000000008 0.0 0.07 10.200000000000008 0.0 0.07 0.3 0.05 0.8 0.3 0.05 0.8 0.5 0.1 0.05
2128 11.503214597702026 0.0 0.0 0.0 0.0 0.0 0.0 -0.02588592655956745 0.011888347565415779 -1.0885511338710785 0.1640921162812526 -0.2636693834262862 0.07012483601762931 0.0 0.0 0.0 -0.10811577080703318 -0.09756507986982954 -0.013082008267651013 -0.011805374664249375 0.0 0.0 0.0 0.0 10.200000000000008 0.0 0.07 10.200000000000008 0.0 0.07 0.3 0.05 0.8 0.3 0.05 0.8 0.5 0.1 0.05
2129 11.508604526519775 0.0 0.0 0.0 0.0 0.0 0.0 -0.02588592655956745 0.011888347565700577 -1.0885511338710785 0.1640921162812526 -0.2636693834262862 0.07012483601762931 0.0 0.0 0.0 -0.10811577080703318 -0.09756507986982954 -0.013082008267651013 -0.011805374664249375 0.0 0.0 0.0 0.0 10.200000000000008 0.0 0.07 10.200000000000008 0.0 0.07 0.3 0.05 0.8 0.3 0.05 0.8 0.5 0.1 0.05
2130 11.513953447341919 0.0 0.0 0.0 0.0 0.0 0.0 -0.02588592655956745 0.011888347565871458 -1.0885511338710785 0.1640921162812526 -0.2636693834262862 0.07012483601762931 0.0 0.0 0.0 -0.10811577080703318 -0.09756507986982954 -0.013082008267651013 -0.011805374664249375 0.0 0.0 0.0 0.0 10.200000000000008 0.0 0.07 10.200000000000008 0.0 0.07 0.3 0.05 0.8 0.3 0.05 0.8 0.5 0.1 0.05
2131 11.519512414932251 0.0 0.0 0.0 0.0 0.0 0.0 -0.02588592655956745 0.011888347565973985 -1.0885511338710785 0.1640921162812526 -0.2636693834262862 0.07012483601762931 0.0 0.0 0.0 -0.10811577080703318 -0.09756507986982954 -0.013082008267651013 -0.011805374664249375 0.0 0.0 0.0 0.0 10.200000000000008 0.0 0.07 10.200000000000008 0.0 0.07 0.3 0.05 0.8 0.3 0.05 0.8 0.5 0.1 0.05
2132 11.52495265007019 0.0 0.0 0.0 0.0 0.0 0.0 -0.02588592655956745 0.011888347566035502 -1.0885511338710785 0.1640921162812526 -0.2636693834262862 0.07012483601762931 0.0 0.0 0.0 -0.10811577080703318 -0.09756507986982954 -0.013082008267651013 -0.011805374664249375 0.0 0.0 0.0 0.0 10.200000000000008 0.0 0.07 10.200000000000008 0.0 0.07 0.3 0.05 0.8 0.3 0.05 0.8 0.5 0.1 0.05
2133 11.53044581413269 0.0 0.0 0.0 0.0 0.0 0.0 -0.02588592655956745 0.011888347566072412 -1.0885511338710785 0.1640921162812526 -0.2636693834262862 0.07012483601762931 0.0 0.0 0.0 -0.10811577080703318 -0.09756507986982954 -0.013082008267651013 -0.011805374664249375 0.0 0.0 0.0 0.0 10.200000000000008 0.0 0.07 10.200000000000008 0.0 0.07 0.3 0.05 0.8 0.3 0.05 0.8 0.5 0.1 0.05
2134 11.5360107421875 0.0 0.0 0.0 0.0 0.0 0.0 -0.02588592655956745 0.011888347566094557 -1.0885511338710785 0.1640921162812526 -0.2636693834262862 0.07012483601762931 0.0 0.0 0.0 -0.10811577080703318 -0.09756507986982954 -0.013082008267651013 -0.011805374664249375 0.0 0.0 0.0 0.0 10.200000000000008 0.0 0.07 10.200000000000008 0.0 0.07 0.3 0.05 0.8 0.3 0.05 0.8 0.5 0.1 0.05
2135 11.541488885879517 0.0 0.0 0.0 0.0 0.0 0.0 -0.02588592655956745 0.011888347566107845 -1.0885511338710785 0.1640921162812526 -0.2636693834262862 0.07012483601762931 0.0 0.0 0.0 -0.10811577080703318 -0.09756507986982954 -0.013082008267651013 -0.011805374664249375 0.0 0.0 0.0 0.0 10.200000000000008 0.0 0.07 10.200000000000008 0.0 0.07 0.3 0.05 0.8 0.3 0.05 0.8 0.5 0.1 0.05
2136 11.546964168548584 0.0 0.0 0.0 0.0 0.0 0.0 -0.02588592655956745 0.011888347566115818 -1.0885511338710785 0.1640921162812526 -0.2636693834262862 0.07012483601762931 0.0 0.0 0.0 -0.10811577080703318 -0.09756507986982954 -0.013082008267651013 -0.011805374664249375 0.0 0.0 0.0 0.0 10.200000000000008 0.0 0.07 10.200000000000008 0.0 0.07 0.3 0.05 0.8 0.3 0.05 0.8 0.5 0.1 0.05
2137 11.552513837814331 0.0 0.0 0.0 0.0 0.0 0.0 -0.02588592655956745 0.011888347566120602 -1.0885511338710785 0.1640921162812526 -0.2636693834262862 0.07012483601762931 0.0 0.0 0.0 -0.10811577080703318 -0.09756507986982954 -0.013082008267651013 -0.011805374664249375 0.0 0.0 0.0 0.0 10.200000000000008 0.0 0.07 10.200000000000008 0.0 0.07 0.3 0.05 0.8 0.3 0.05 0.8 0.5 0.1 0.05
2138 11.558002948760986 0.0 0.0 0.0 0.0 0.0 0.0 -0.02588592655956745 0.011888347566123472 -1.0885511338710785 0.1640921162812526 -0.2636693834262862 0.07012483601762931 0.0 0.0 0.0 -0.10811577080703318 -0.09756507986982954 -0.013082008267651013 -0.011805374664249375 0.0 0.0 0.0 0.0 10.200000000000008 0.0 0.07 10.200000000000008 0.0 0.07 0.3 0.05 0.8 0.3 0.05 0.8 0.5 0.1 0.05
2139 11.563671827316284 0.0 0.0 0.0 0.0 0.0 0.0 -0.02588592655956745 0.011888347566125194 -1.0885511338710785 0.1640921162812526 -0.2636693834262862 0.07012483601762931 0.0 0.0 0.0 -0.10811577080703318 -0.09756507986982954 -0.013082008267651013 -0.011805374664249375 0.0 0.0 0.0 0.0 10.200000000000008 0.0 0.07 10.200000000000008 0.0 0.07 0.3 0.05 0.8 0.3 0.05 0.8 0.5 0.1 0.05
2140 11.569238662719727 0.0 0.0 0.0 0.0 0.0 0.0 -0.02588592655956745 0.011888347566126226 -1.0885511338710785 0.1640921162812526 -0.2636693834262862 0.07012483601762931 0.0 0.0 0.0 -0.10811577080703318 -0.09756507986982954 -0.013082008267651013 -0.011805374664249375 0.0 0.0 0.0 0.0 10.200000000000008 0.0 0.07 10.200000000000008 0.0 0.07 0.3 0.05 0.8 0.3 0.05 0.8 0.5 0.1 0.05
2141 11.574992179870605 0.0 0.0 0.0 0.0 0.0 0.0 -0.02588592655956745 0.011888347566126847 -1.0885511338710785 0.1640921162812526 -0.2636693834262862 0.07012483601762931 0.0 0.0 0.0 -0.10811577080703318 -0.09756507986982954 -0.013082008267651013 -0.011805374664249375 0.0 0.0 0.0 0.0 10.200000000000008 0.0 0.07 10.200000000000008 0.0 0.07 0.3 0.05 0.8 0.3 0.05 0.8 0.5 0.1 0.05
2142 11.580489158630371 0.0 0.0 0.0 0.0 0.0 0.0 -0.02588592655956745 0.011888347566127219 -1.0885511338710785 0.1640921162812526 -0.2636693834262862 0.07012483601762931 0.0 0.0 0.0 -0.10811577080703318 -0.09756507986982954 -0.013082008267651013 -0.011805374664249375 0.0 0.0 0.0 0.0 10.200000000000008 0.0 0.07 10.200000000000008 0.0 0.07 0.3 0.05 0.8 0.3 0.05 0.8 0.5 0.1 0.05
2143 11.586023807525635 0.0 0.0 0.0 0.0 0.0 0.0 -0.02588592655956745 0.011888347566127442 -1.0885511338710785 0.1640921162812526 -0.2636693834262862 0.07012483601762931 0.0 0.0 0.0 -0.10811577080703318 -0.09756507986982954 -0.013082008267651013 -0.011805374664249375 0.0 0.0 0.0 0.0 10.200000000000008 0.0 0.07 10.200000000000008 0.0 0.07 0.3 0.05 0.8 0.3 0.05 0.8 0.5 0.1 0.05
2144 11.59157109260559 0.0 0.0 0.0 0.0 0.0 0.0 -0.02588592655956745 0.011888347566127576 -1.0885511338710785 0.1640921162812526 -0.2636693834262862 0.07012483601762931 0.0 0.0 0.0 -0.10811577080703318 -0.09756507986982954 -0.013082008267651013 -0.011805374664249375 0.0 0.0 0.0 0.0 10.200000000000008 0.0 0.07 10.200000000000008 0.0 0.07 0.3 0.05 0.8 0.3 0.05 0.8 0.5 0.1 0.05
2145 11.59707522392273 0.0 0.0 0.0 0.0 0.0 0.0 -0.02588592655956745 0.011888347566127656 -1.0885511338710785 0.1640921162812526 -0.2636693834262862 0.07012483601762931 0.0 0.0 0.0 -0.10811577080703318 -0.09756507986982954 -0.013082008267651013 -0.011805374664249375 0.0 0.0 0.0 0.0 10.200000000000008 0.0 0.07 10.200000000000008 0.0 0.07 0.3 0.05 0.8 0.3 0.05 0.8 0.5 0.1 0.05
2146 11.602486371994019 0.0 0.0 0.0 0.0 0.0 0.0 -0.02588592655956745 0.011888347566127704 -1.0885511338710785 0.1640921162812526 -0.2636693834262862 0.07012483601762931 0.0 0.0 0.0 -0.10811577080703318 -0.09756507986982954 -0.013082008267651013 -0.011805374664249375 0.0 0.0 0.0 0.0 10.200000000000008 0.0 0.07 10.200000000000008 0.0 0.07 0.3 0.05 0.8 0.3 0.05 0.8 0.5 0.1 0.05
2147 11.607930183410645 0.0 0.0 0.0 0.0 0.0 0.0 -0.02588592655956745 0.011965046823024707 -1.0885511338710785 0.1640921162812526 -0.2636693834262862 0.07012483601762931 0.0 0.0 0.0 -0.10811577080703318 -0.09756507986982954 -0.013082008267651013 -0.011805374664249375 0.0 0.0 0.0 0.0 10.200000000000008 0.0 0.07 10.200000000000008 0.0 0.07 0.3 0.05 0.8 0.3 0.05 0.8 0.5 0.1 0.05
2148 11.613304615020752 0.0 0.0 0.0 0.0 0.0 0.0 -0.02588592655956745 0.01201106637716291 -1.0885511338710785 0.1640921162812526 -0.2636693834262862 0.07012483601762931 0.0 0.0 0.0 -0.10811577080703318 -0.09756507986982954 -0.013082008267651013 -0.011805374664249375 0.0 0.0 0.0 0.0 10.200000000000008 0.0 0.07 10.200000000000008 0.0 0.07 0.3 0.05 0.8 0.3 0.05 0.8 0.5 0.1 0.05
2149 11.618655920028687 0.0 0.0 0.0 0.0 0.0 0.0 -0.02588592655956745 0.01203867810964583 -1.0885511338710785 0.1640921162812526 -0.2636693834262862 0.07012483601762931 0.0 0.0 0.0 -0.10811577080703318 -0.09756507986982954 -0.013082008267651013 -0.011805374664249375 0.0 0.0 0.0 0.0 10.200000000000008 0.0 0.07 10.200000000000008 0.0 0.07 0.3 0.05 0.8 0.3 0.05 0.8 0.5 0.1 0.05
2150 11.624065160751343 0.0 0.0 0.0 0.0 0.0 0.0 -0.02588592655956745 0.012055245149135582 -1.0885511338710785 0.1640921162812526 -0.2636693834262862 0.07012483601762931 0.0 0.0 0.0 -0.10811577080703318 -0.09756507986982954 -0.013082008267651013 -0.011805374664249375 0.0 0.0 0.0 0.0 10.200000000000008 0.0 0.07 10.200000000000008 0.0 0.07 0.3 0.05 0.8 0.3 0.05 0.8 0.5 0.1 0.05
2151 11.629657983779907 0.0 0.0 0.0 0.0 0.0 0.0 -0.02588592655956745 0.012065185372829433 -1.0885511338710785 0.1640921162812526 -0.2636693834262862 0.07012483601762931 0.0 0.0 0.0 -0.10811577080703318 -0.09756507986982954 -0.013082008267651013 -0.011805374664249375 0.0 0.0 0.0 0.0 10.200000000000008 0.0 0.07 10.200000000000008 0.0 0.07 0.3 0.05 0.8 0.3 0.05 0.8 0.5 0.1 0.05
2152 11.635125160217285 0.0 0.0 0.0 0.0 0.0 0.0 -0.02588592655956745 0.012071149507045744 -1.0885511338710785 0.1640921162812526 -0.2636693834262862 0.07012483601762931 0.0 0.0 0.0 -0.10811577080703318 -0.09756507986982954 -0.013082008267651013 -0.011805374664249375 0.0 0.0 0.0 0.0 10.200000000000008 0.0 0.07 10.200000000000008 0.0 0.07 0.3 0.05 0.8 0.3 0.05 0.8 0.5 0.1 0.05
2153 11.64063048362732 0.0 0.0 0.0 0.0 0.0 0.0 -0.02588592655956745 0.012074727987575529 -1.0885511338710785 0.1640921162812526 -0.2636693834262862 0.07012483601762931 0.0 0.0 0.0 -0.10811577080703318 -0.09756507986982954 -0.013082008267651013 -0.011805374664249375 0.0 0.0 0.0 0.0 10.200000000000008 0.0 0.07 10.200000000000008 0.0 0.07 0.3 0.05 0.8 0.3 0.05 0.8 0.5 0.1 0.05
2154 11.646164655685425 0.0 0.0 0.0 0.0 0.0 0.0 -0.02588592655956745 0.0120768750758934 -1.0885511338710785 0.1640921162812526 -0.2636693834262862 0.07012483601762931 0.0 0.0 0.0 -0.10811577080703318 -0.09756507986982954 -0.013082008267651013 -0.011805374664249375 0.0 0.0 0.0 0.0 10.200000000000008 0.0 0.07 10.200000000000008 0.0 0.07 0.3 0.05 0.8 0.3 0.05 0.8 0.5 0.1 0.05
2155 11.651639223098755 0.0 0.0 0.0 0.0 0.0 0.0 -0.02588592655956745 0.012078163328884124 -1.0885511338710785 0.1640921162812526 -0.2636693834262862 0.07012483601762931 0.0 0.0 0.0 -0.10811577080703318 -0.09756507986982954 -0.013082008267651013 -0.011805374664249375 0.0 0.0 0.0 0.0 10.200000000000008 0.0 0.07 10.200000000000008 0.0 0.07 0.3 0.05 0.8 0.3 0.05 0.8 0.5 0.1 0.05
2156 11.657142877578735 0.0 0.0 0.0 0.0 0.0 0.0 -0.02588592655956745 0.012078936280678559 -1.0885511338710785 0.1640921162812526 -0.2636693834262862 0.07012483601762931 0.0 0.0 0.0 -0.10811577080703318 -0.09756507986982954 -0.013082008267651013 -0.011805374664249375 0.0 0.0 0.0 0.0 10.200000000000008 0.0 0.07 10.200000000000008 0.0 0.07 0.3 0.05 0.8 0.3 0.05 0.8 0.5 0.1 0.05
2157 11.66284966468811 0.0 0.0 0.0 0.0 0.0 0.0 -0.02588592655956745 0.012079400051755219 -1.0885511338710785 0.1640921162812526 -0.2636693834262862 0.07012483601762931 0.0 0.0 0.0 -0.10811577080703318 -0.09756507986982954 -0.013082008267651013 -0.011805374664249375 0.0 0.0 0.0 0.0 10.200000000000008 0.0 0.07 10.200000000000008 0.0 0.07 0.3 0.05 0.8 0.3 0.05 0.8 0.5 0.1 0.05
2158 11.668273210525513 0.0 0.0 0.0 0.0 0.0 0.0 -0.02588592655956745 0.012079678314401215 -1.0885511338710785 0.1640921162812526 -0.2636693834262862 0.07012483601762931 0.0 0.0 0.0 -0.10811577080703318 -0.09756507986982954 -0.013082008267651013 -0.011805374664249375 0.0 0.0 0.0 0.0 10.200000000000008 0.0 0.07 10.200000000000008 0.0 0.07 0.3 0.05 0.8 0.3 0.05 0.8 0.5 0.1 0.05
2159 11.673848152160645 0.0 0.0 0.0 0.0 0.0 0.0 -0.02588592655956745 0.012079845271988812 -1.0885511338710785 0.1640921162812526 -0.2636693834262862 0.07012483601762931 0.0 0.0 0.0 -0.10811577080703318 -0.09756507986982954 -0.013082008267651013 -0.011805374664249375 0.0 0.0 0.0 0.0 10.200000000000008 0.0 0.07 10.200000000000008 0.0 0.07 0.3 0.05 0.8 0.3 0.05 0.8 0.5 0.1 0.05
2160 11.67934775352478 0.0 0.0 0.0 0.0 0.0 0.0 -0.02588592655956745 0.012079945446541372 -1.0885511338710785 0.1640921162812526 -0.2636693834262862 0.07012483601762931 0.0 0.0 0.0 -0.10811577080703318 -0.09756507986982954 -0.013082008267651013 -0.011805374664249375 0.0 0.0 0.0 0.0 10.200000000000008 0.0 0.07 10.200000000000008 0.0 0.07 0.3 0.05 0.8 0.3 0.05 0.8 0.5 0.1 0.05
2161 11.68508267402649 0.0 0.0 0.0 0.0 0.0 0.0 -0.02588592655956745 0.012080005551272907 -1.0885511338710785 0.1640921162812526 -0.2636693834262862 0.07012483601762931 0.0 0.0 0.0 -0.10811577080703318 -0.09756507986982954 -0.013082008267651013 -0.011805374664249375 0.0 0.0 0.0 0.0 10.200000000000008 0.0 0.07 10.200000000000008 0.0 0.07 0.3 0.05 0.8 0.3 0.05 0.8 0.5 0.1 0.05
2162 11.690653324127197 0.0 0.0 0.0 0.0 0.0 0.0 -0.02588592655956745 0.012080041614111827 -1.0885511338710785 0.1640921162812526 -0.2636693834262862 0.07012483601762931 0.0 0.0 0.0 -0.10811577080703318 -0.09756507986982954 -0.013082008267651013 -0.011805374664249375 0.0 0.0 0.0 0.0 10.200000000000008 0.0 0.07 10.200000000000008 0.0 0.07 0.3 0.05 0.8 0.3 0.05 0.8 0.5 0.1 0.05
2163 11.696204900741577 0.0 0.0 0.0 0.0 0.0 0.0 -0.02588592655956745 0.01208006325181518 -1.0885511338710785 0.1640921162812526 -0.2636693834262862 0.07012483601762931 0.0 0.0 0.0 -0.10811577080703318 -0.09756507986982954 -0.013082008267651013 -0.011805374664249375 0.0 0.0 0.0 0.0 10.200000000000008 0.0 0.07 10.200000000000008 0.0 0.07 0.3 0.05 0.8 0.3 0.05 0.8 0.5 0.1 0.05
2164 11.701756000518799 0.0 0.0 0.0 0.0 0.0 0.0 -0.02588592655956745 0.01208007623443719 -1.0885511338710785 0.1640921162812526 -0.2636693834262862 0.07012483601762931 0.0 0.0 0.0 -0.10811577080703318 -0.09756507986982954 -0.013082008267651013 -0.011805374664249375 0.0 0.0 0.0 0.0 10.200000000000008 0.0 0.07 10.200000000000008 0.0 0.07 0.3 0.05 0.8 0.3 0.05 0.8 0.5 0.1 0.05
2165 11.707316398620605 0.0 0.0 0.0 0.0 0.0 0.0 -0.02588592655956745 0.0120800840240104 -1.0885511338710785 0.1640921162812526 -0.2636693834262862 0.07012483601762931 0.0 0.0 0.0 -0.10811577080703318 -0.09756507986982954 -0.013082008267651013 -0.011805374664249375 0.0 0.0 0.0 0.0 10.200000000000008 0.0 0.07 10.200000000000008 0.0 0.07 0.3 0.05 0.8 0.3 0.05 0.8 0.5 0.1 0.05
2166 11.712829828262329 0.0 0.0 0.0 0.0 0.0 0.0 -0.02588592655956745 0.012080088697754322 -1.0885511338710785 0.1640921162812526 -0.2636693834262862 0.07012483601762931 0.0 0.0 0.0 -0.10811577080703318 -0.09756507986982954 -0.013082008267651013 -0.011805374664249375 0.0 0.0 0.0 0.0 10.200000000000008 0.0 0.07 10.200000000000008 0.0 0.07 0.3 0.05 0.8 0.3 0.05 0.8 0.5 0.1 0.05
2167 11.718219518661499 0.0 0.0 0.0 0.0 0.0 0.0 -0.02588592655956745 0.012080091502000678 -1.0885511338710785 0.1640921162812526 -0.2636693834262862 0.07012483601762931 0.0 0.0 0.0 -0.10811577080703318 -0.09756507986982954 -0.013082008267651013 -0.011805374664249375 0.0 0.0 0.0 0.0 10.200000000000008 0.0 0.07 10.200000000000008 0.0 0.07 0.3 0.05 0.8 0.3 0.05 0.8 0.5 0.1 0.05
2168 11.723632574081421 0.0 0.0 0.0 0.0 0.0 0.0 -0.02588592655956745 0.012080093184548491 -1.0885511338710785 0.1640921162812526 -0.2636693834262862 0.07012483601762931 0.0 0.0 0.0 -0.10811577080703318 -0.09756507986982954 -0.013082008267651013 -0.011805374664249375 0.0 0.0 0.0 0.0 10.200000000000008 0.0 0.07 10.200000000000008 0.0 0.07 0.3 0.05 0.8 0.3 0.05 0.8 0.5 0.1 0.05
2169 11.729012250900269 0.0 0.0 0.0 0.0 0.0 0.0 -0.02580922730267048 0.012080094194077177 -1.0885511338710785 0.1640921162812526 -0.2636693834262862 0.07012483601762931 0.0 0.0 0.0 -0.10811577080703318 -0.09756507986982954 -0.013082008267651013 -0.011805374664249375 0.0 0.0 0.0 0.0 10.200000000000008 0.0 0.07 10.200000000000008 0.0 0.07 0.3 0.05 0.8 0.3 0.05 0.8 0.5 0.1 0.05
2170 11.734395503997803 0.0 0.0 0.0 0.0 0.0 0.0 -0.025763207748532295 0.01208009479979439 -1.0885511338710785 0.1640921162812526 -0.2636693834262862 0.07012483601762931 0.0 0.0 0.0 -0.10811577080703318 -0.09756507986982954 -0.013082008267651013 -0.011805374664249375 0.0 0.0 0.0 0.0 10.200000000000008 0.0 0.07 10.200000000000008 0.0 0.07 0.3 0.05 0.8 0.3 0.05 0.8 0.5 0.1 0.05
2171 11.740115642547607 0.0 0.0 0.0 0.0 0.0 0.0 -0.025735596016049384 0.012080095163224717 -1.0885511338710785 0.1640921162812526 -0.2636693834262862 0.07012483601762931 0.0 0.0 0.0 -0.10811577080703318 -0.09756507986982954 -0.013082008267651013 -0.011805374664249375 0.0 0.0 0.0 0.0 10.200000000000008 0.0 0.07 10.200000000000008 0.0 0.07 0.3 0.05 0.8 0.3 0.05 0.8 0.5 0.1 0.05
2172 11.745611190795898 0.0 0.0 0.0 0.0 0.0 0.0 -0.025719028976559637 0.012080095381282914 -1.0885511338710785 0.1640921162812526 -0.2636693834262862 0.07012483601762931 0.0 0.0 0.0 -0.10811577080703318 -0.09756507986982954 -0.013082008267651013 -0.011805374664249375 0.0 0.0 0.0 0.0 10.200000000000008 0.0 0.07 10.200000000000008 0.0 0.07 0.3 0.05 0.8 0.3 0.05 0.8 0.5 0.1 0.05
2173 11.751140117645264 0.0 0.0 0.0 0.0 0.0 0.0 -0.02570908875286579 0.012080095512117833 -1.0885511338710785 0.1640921162812526 -0.2636693834262862 0.07012483601762931 0.0 0.0 0.0 -0.10811577080703318 -0.09756507986982954 -0.013082008267651013 -0.011805374664249375 0.0 0.0 0.0 0.0 10.200000000000008 0.0 0.07 10.200000000000008 0.0 0.07 0.3 0.05 0.8 0.3 0.05 0.8 0.5 0.1 0.05
2174 11.756698369979858 0.0 0.0 0.0 0.0 0.0 0.0 -0.02570312461864948 0.012080095590618784 -1.0885511338710785 0.1640921162812526 -0.2636693834262862 0.07012483601762931 0.0 0.0 0.0 -0.10811577080703318 -0.09756507986982954 -0.013082008267651013 -0.011805374664249375 0.0 0.0 0.0 0.0 10.200000000000008 0.0 0.07 10.200000000000008 0.0 0.07 0.3 0.05 0.8 0.3 0.05 0.8 0.5 0.1 0.05
2175 11.76217794418335 0.0 0.0 0.0 0.0 0.0 0.0 -0.025699546138119696 0.012080095637719354 -1.0885511338710785 0.1640921162812526 -0.2636693834262862 0.07012483601762931 0.0 0.0 0.0 -0.10811577080703318 -0.09756507986982954 -0.013082008267651013 -0.011805374664249375 0.0 0.0 0.0 0.0 10.200000000000008 0.0 0.07 10.200000000000008 0.0 0.07 0.3 0.05 0.8 0.3 0.05 0.8 0.5 0.1 0.05
2176 11.767775058746338 0.0 0.0 0.0 0.0 0.0 0.0 -0.025697399049801825 0.012080095665979696 -1.0885511338710785 0.1640921162812526 -0.2636693834262862 0.07012483601762931 0.0 0.0 0.0 -0.10811577080703318 -0.09756507986982954 -0.013082008267651013 -0.011805374664249375 0.0 0.0 0.0 0.0 10.200000000000008 0.0 0.07 10.200000000000008 0.0 0.07 0.3 0.05 0.8 0.3 0.05 0.8 0.5 0.1 0.05
2177 11.77316403388977 0.0 0.0 0.0 0.0 0.0 0.0 -0.025696110796811104 0.012080095682935901 -1.0885511338710785 0.1640921162812526 -0.2636693834262862 0.07012483601762931 0.0 0.0 0.0 -0.10811577080703318 -0.09756507986982954 -0.013082008267651013 -0.011805374664249375 0.0 0.0 0.0 0.0 10.200000000000008 0.0 0.07 10.200000000000008 0.0 0.07 0.3 0.05 0.8 0.3 0.05 0.8 0.5 0.1 0.05
2178 11.778652667999268 0.0 0.0 0.0 0.0 0.0 0.0 -0.025695337845016673 0.012080095693109624 -1.0885511338710785 0.1640921162812526 -0.2636693834262862 0.07012483601762931 0.0 0.0 0.0 -0.10811577080703318 -0.09756507986982954 -0.013082008267651013 -0.011805374664249375 0.0 0.0 0.0 0.0 10.200000000000008 0.0 0.07 10.200000000000008 0.0 0.07 0.3 0.05 0.8 0.3 0.05 0.8 0.5 0.1 0.05
2179 11.78416633605957 0.0 0.0 0.0 0.0 0.0 0.0 -0.025694874073940013 0.01208009569921386 -1.0885511338710785 0.1640921162812526 -0.2636693834262862 0.07012483601762931 0.0 0.0 0.0 -0.10811577080703318 -0.09756507986982954 -0.013082008267651013 -0.011805374664249375 0.0 0.0 0.0 0.0 10.200000000000008 0.0 0.07 10.200000000000008 0.0 0.07 0.3 0.05 0.8 0.3 0.05 0.8 0.5 0.1 0.05
2180 11.789600849151611 0.0 0.0 0.0 0.0 0.0 0.0 -0.02569459581129402 0.012080095702876398 -1.0885511338710785 0.1640921162812526 -0.2636693834262862 0.07012483601762931 0.0 0.0 0.0 -0.10811577080703318 -0.09756507986982954 -0.013082008267651013 -0.011805374664249375 0.0 0.0 0.0 0.0 10.200000000000008 0.0 0.07 10.200000000000008 0.0 0.07 0.3 0.05 0.8 0.3 0.05 0.8 0.5 0.1 0.05
2181 11.795201063156128 0.0 0.0 0.0 0.0 0.0 0.0 -0.02569442885370642 0.012080095705073922 -1.0885511338710785 0.1640921162812526 -0.2636693834262862 0.07012483601762931 0.0 0.0 0.0 -0.10811577080703318 -0.09756507986982954 -0.013082008267651013 -0.011805374664249375 0.0 0.0 0.0 0.0 10.200000000000008 0.0 0.07 10.200000000000008 0.0 0.07 0.3 0.05 0.8 0.3 0.05 0.8 0.5 0.1 0.05
2182 11.800686120986938 0.0 0.0 0.0 0.0 0.0 0.0 -0.02569432867915386 0.012080095706392437 -1.0885511338710785 0.1640921162812526 -0.2636693834262862 0.07012483601762931 0.0 0.0 0.0 -0.10811577080703318 -0.09756507986982954 -0.013082008267651013 -0.011805374664249375 0.0 0.0 0.0 0.0 10.200000000000008 0.0 0.07 10.200000000000008 0.0 0.07 0.3 0.05 0.8 0.3 0.05 0.8 0.5 0.1 0.05
2183 11.806355237960815 0.0 0.0 0.0 0.0 0.0 0.0 -0.025694268574422325 0.012080095707183547 -1.0885511338710785 0.1640921162812526 -0.2636693834262862 0.07012483601762931 0.0 0.0 0.0 -0.10811577080703318 -0.09756507986982954 -0.013082008267651013 -0.011805374664249375 0.0 0.0 0.0 0.0 10.200000000000008 0.0 0.07 10.200000000000008 0.0 0.07 0.3 0.05 0.8 0.3 0.05 0.8 0.5 0.1 0.05
2184 11.812001943588257 0.0 0.0 0.0 0.0 0.0 0.0 -0.025694232511583405 0.012080095707658212 -1.0885511338710785 0.1640921162812526 -0.2636693834262862 0.07012483601762931 0.0 0.0 0.0 -0.10811577080703318 -0.09756507986982954 -0.013082008267651013 -0.011805374664249375 0.0 0.0 0.0 0.0 10.200000000000008 0.0 0.07 10.200000000000008 0.0 0.07 0.3 0.05 0.8 0.3 0.05 0.8 0.5 0.1 0.05
2185 11.817430019378662 0.0 0.0 0.0 0.0 0.0 0.0 -0.025694210873880054 0.012080095707943012 -1.0885511338710785 0.1640921162812526 -0.2636693834262862 0.07012483601762931 0.0 0.0 0.0 -0.10811577080703318 -0.09756507986982954 -0.013082008267651013 -0.011805374664249375 0.0 0.0 0.0 0.0 10.200000000000008 0.0 0.07 10.200000000000008 0.0 0.07 0.3 0.05 0.8 0.3 0.05 0.8 0.5 0.1 0.05
2186 11.822922706604004 0.0 0.0 0.0 0.0 0.0 0.0 -0.02569419789125804 0.012080095708113891 -1.0885511338710785 0.1640921162812526 -0.2636693834262862 0.07012483601762931 0.0 0.0 0.0 -0.10811577080703318 -0.09756507986982954 -0.013082008267651013 -0.011805374664249375 0.0 0.0 0.0 0.0 10.200000000000008 0.0 0.07 10.200000000000008 0.0 0.07 0.3 0.05 0.8 0.3 0.05 0.8 0.5 0.1 0.05
2187 11.828347444534302 0.0 0.0 0.0 0.0 0.0 0.0 -0.025694190101684833 0.012080095708216419 -1.0885511338710785 0.1640921162812526 -0.2636693834262862 0.07012483601762931 0.0 0.0 0.0 -0.10811577080703318 -0.09756507986982954 -0.013082008267651013 -0.011805374664249375 0.0 0.0 0.0 0.0 10.200000000000008 0.0 0.07 10.200000000000008 0.0 0.07 0.3 0.05 0.8 0.3 0.05 0.8 0.5 0.1 0.05
2188 11.833710432052612 0.0 0.0 0.0 0.0 0.0 0.0 -0.025694185427940906 0.012080095708277935 -1.0885511338710785 0.1640921162812526 -0.2636693834262862 0.07012483601762931 0.0 0.0 0.0 -0.10811577080703318 -0.09756507986982954 -0.013082008267651013 -0.011805374664249375 0.0 0.0 0.0 0.0 10.200000000000008 0.0 0.07 10.200000000000008 0.0 0.07 0.3 0.05 0.8 0.3 0.05 0.8 0.5 0.1 0.05
2189 11.839066743850708 0.0 0.0 0.0 0.0 0.0 0.0 -0.02569418262369455 0.012080095708314845 -1.0885511338710785 0.1640921162812526 -0.2636693834262862 0.07012483601762931 0.0 0.0 0.0 -0.10811577080703318 -0.09756507986982954 -0.013082008267651013 -0.011805374664249375 0.0 0.0 0.0 0.0 10.200000000000008 0.0 0.07 10.200000000000008 0.0 0.07 0.3 0.05 0.8 0.3 0.05 0.8 0.5 0.1 0.05
2190 11.844479084014893 0.0 0.0 0.0 0.0 0.0 0.0 -0.02569418094114674 0.01208009570833699 -1.0885511338710785 0.1640921162812526 -0.2636693834262862 0.07012483601762931 0.0 0.0 0.0 -0.10811577080703318 -0.09756507986982954 -0.013082008267651013 -0.011805374664249375 0.0 0.0 0.0 0.0 10.200000000000008 0.0 0.07 10.200000000000008 0.0 0.07 0.3 0.05 0.8 0.3 0.05 0.8 0.5 0.1 0.05
2191 11.850059986114502 0.0 0.0 0.0 0.0 0.0 0.0 -0.02569417993161805 0.012080095708350277 -1.0885511338710785 0.1640921162812526 -0.2636693834262862 0.07012483601762931 0.0 0.0 0.0 -0.10811577080703318 -0.09756507986982954 -0.013082008267651013 -0.011805374664249375 0.0 0.0 0.0 0.0 10.200000000000008 0.0 0.07 10.200000000000008 0.0 0.07 0.3 0.05 0.8 0.3 0.05 0.8 0.5 0.1 0.05
2192 11.85554552078247 0.0 0.0 0.0 0.0 0.0 0.0 -0.02569417932590084 0.01208009570835825 -1.0885511338710785 0.1640921162812526 -0.2636693834262862 0.07012483601762931 0.0 0.0 0.0 -0.10811577080703318 -0.09756507986982954 -0.013082008267651013 -0.011805374664249375 0.0 0.0 0.0 0.0 10.200000000000008 0.0 0.07 10.200000000000008 0.0 0.07 0.3 0.05 0.8 0.3 0.05 0.8 0.5 0.1 0.05
2193 11.861054420471191 0.0 0.0 0.0 0.0 0.0 0.0 -0.02569417896247051 0.012080095708363034 -1.0885511338710785 0.1640921162812526 -0.2636693834262862 0.07012483601762931 0.0 0.0 0.0 -0.10811577080703318 -0.09756507986982954 -0.013082008267651013 -0.011805374664249375 0.0 0.0 0.0 0.0 10.200000000000008 0.0 0.07 10.200000000000008 0.0 0.07 0.3 0.05 0.8 0.3 0.05 0.8 0.5 0.1 0.05
2194 11.86649203300476 0.0 0.0 0.0 0.0 0.0 0.0 -0.025694178744412315 0.012080095708365903 -1.0885511338710785 0.1640921162812526 -0.2636693834262862 0.07012483601762931 0.0 0.0 0.0 -0.10811577080703318 -0.09756507986982954 -0.013082008267651013 -0.011805374664249375 0.0 0.0 0.0 0.0 10.200000000000008 0.0 0.07 10.200000000000008 0.0 0.07 0.3 0.05 0.8 0.3 0.05 0.8 0.5 0.1 0.05
2195 11.872052192687988 0.0 0.0 0.0 0.0 0.0 0.0 -0.025694178613577395 0.012080095708367626 -1.0885511338710785 0.1640921162812526 -0.2636693834262862 0.07012483601762931 0.0 0.0 0.0 -0.10811577080703318 -0.09756507986982954 -0.013082008267651013 -0.011805374664249375 0.0 0.0 0.0 0.0 10.200000000000008 0.0 0.07 10.200000000000008 0.0 0.07 0.3 0.05 0.8 0.3 0.05 0.8 0.5 0.1 0.05
2196 11.877662658691406 0.0 0.0 0.0 0.0 0.0 0.0 -0.025694178535076447 0.012080095708368658 -1.0885511338710785 0.1640921162812526 -0.2636693834262862 0.07012483601762931 0.0 0.0 0.0 -0.10811577080703318 -0.09756507986982954 -0.013082008267651013 -0.011805374664249375 0.0 0.0 0.0 0.0 10.200000000000008 0.0 0.07 10.200000000000008 0.0 0.07 0.3 0.05 0.8 0.3 0.05 0.8 0.5 0.1 0.05
2197 11.883222579956055 0.0 0.0 0.0 0.0 0.0 0.0 -0.025694178487975877 0.012080095708369279 -1.0885511338710785 0.1640921162812526 -0.2636693834262862 0.07012483601762931 0.0 0.0 0.0 -0.10811577080703318 -0.09756507986982954 -0.013082008267651013 -0.011805374664249375 0.0 0.0 0.0 0.0 10.200000000000008 0.0 0.07 10.200000000000008 0.0 0.07 0.3 0.05 0.8 0.3 0.05 0.8 0.5 0.1 0.05
2198 11.888728141784668 0.0 0.0 0.0 0.0 0.0 0.0 -0.025694178459715535 0.01208009570836965 -1.0885511338710785 0.1640921162812526 -0.2636693834262862 0.07012483601762931 0.0 0.0 0.0 -0.10811577080703318 -0.09756507986982954 -0.013082008267651013 -0.011805374664249375 0.0 0.0 0.0 0.0 10.200000000000008 0.0 0.07 10.200000000000008 0.0 0.07 0.3 0.05 0.8 0.3 0.05 0.8 0.5 0.1 0.05
2199 11.894102334976196 0.0 0.0 0.0 0.0 0.0 0.0 -0.025694178442759327 0.012080095708369874 -1.0885511338710785 0.1640921162812526 -0.2636693834262862 0.07012483601762931 0.0 0.0 0.0 -0.10811577080703318 -0.09756507986982954 -0.013082008267651013 -0.011805374664249375 0.0 0.0 0.0 0.0 10.200000000000008 0.0 0.07 10.200000000000008 0.0 0.07 0.3 0.05 0.8 0.3 0.05 0.8 0.5 0.1 0.05
2200 11.899455547332764 0.0 0.0 0.0 0.0 0.0 0.0 -0.025694178432585604 0.012080095708370008 -1.0885511338710785 0.1640921162812526 -0.2636693834262862 0.07012483601762931 0.0 0.0 0.0 -0.10811577080703318 -0.09756507986982954 -0.013082008267651013 -0.011805374664249375 0.0 0.0 0.0 0.0 10.200000000000008 0.0 0.07 10.200000000000008 0.0 0.07 0.3 0.05 0.8 0.3 0.05 0.8 0.5 0.1 0.05
2201 11.905044555664062 0.0 0.0 0.0 0.0 0.0 0.0 -0.02569417842648137 0.012080095708370087 -1.0885511338710785 0.1640921162812526 -0.2636693834262862 0.07012483601762931 0.0 0.0 0.0 -0.10811577080703318 -0.09756507986982954 -0.013082008267651013 -0.011805374664249375 0.0 0.0 0.0 0.0 10.200000000000008 0.0 0.07 10.200000000000008 0.0 0.07 0.3 0.05 0.8 0.3 0.05 0.8 0.5 0.1 0.05
2202 11.910548686981201 0.0 0.0 0.0 0.0 0.0 0.0 -0.02569417842281883 0.012080095708370136 -1.0885511338710785 0.1640921162812526 -0.2636693834262862 0.07012483601762931 0.0 0.0 0.0 -0.10811577080703318 -0.09756507986982954 -0.013082008267651013 -0.011805374664249375 0.0 0.0 0.0 0.0 10.200000000000008 0.0 0.07 10.200000000000008 0.0 0.07 0.3 0.05 0.8 0.3 0.05 0.8 0.5 0.1 0.05
2203 11.916085004806519 0.0 0.0 0.0 0.0 0.0 0.0 -0.025694178420621307 0.012080095708370165 -1.0885511338710785 0.1640921162812526 -0.2636693834262862 0.07012483601762931 0.0 0.0 0.0 -0.10811577080703318 -0.09756507986982954 -0.013082008267651013 -0.011805374664249375 0.0 0.0 0.0 0.0 10.200000000000008 0.0 0.07 10.200000000000008 0.0 0.07 0.3 0.05 0.8 0.3 0.05 0.8 0.5 0.1 0.05
2204 11.921488285064697 0.0 0.0 0.0 0.0 0.0 0.0 -0.025694178419302792 0.012080095708370183 -1.0885511338710785 0.1640921162812526 -0.2636693834262862 0.07012483601762931 0.0 0.0 0.0 -0.10811577080703318 -0.09756507986982954 -0.013082008267651013 -0.011805374664249375 0.0 0.0 0.0 0.0 10.200000000000008 0.0 0.07 10.200000000000008 0.0 0.07 0.3 0.05 0.8 0.3 0.05 0.8 0.5 0.1 0.05
2205 11.92704463005066 0.0 0.0 0.0 0.0 0.0 0.0 -0.02569417841851168 0.012080095708370193 -1.0885511338710785 0.1640921162812526 -0.2636693834262862 0.07012483601762931 0.0 0.0 0.0 -0.10811577080703318 -0.09756507986982954 -0.013082008267651013 -0.011805374664249375 0.0 0.0 0.0 0.0 10.200000000000008 0.0 0.07 10.200000000000008 0.0 0.07 0.3 0.05 0.8 0.3 0.05 0.8 0.5 0.1 0.05
2206 11.932795763015747 0.0 0.0 0.0 0.0 0.0 0.0 -0.02569417841803702 0.012080095708370198 -1.0885511338710785 0.1640921162812526 -0.2636693834262862 0.07012483601762931 0.0 0.0 0.0 -0.10811577080703318 -0.09756507986982954 -0.013082008267651013 -0.011805374664249375 0.0 0.0 0.0 0.0 10.200000000000008 0.0 0.07 10.200000000000008 0.0 0.07 0.3 0.05 0.8 0.3 0.05 0.8 0.5 0.1 0.05
2207 11.938239574432373 0.0 0.0 0.0 0.0 0.0 0.0 -0.02569417841775222 0.012156794965267175 -1.0885511338710785 0.1640921162812526 -0.2636693834262862 0.07012483601762931 0.0 0.0 0.0 -0.10811577080703318 -0.09756507986982954 -0.013082008267651013 -0.011805374664249375 0.0 0.0 0.0 0.0 10.200000000000008 0.0 0.07 10.200000000000008 0.0 0.07 0.3 0.05 0.8 0.3 0.05 0.8 0.5 0.1 0.05
2208 11.943715810775757 0.0 0.0 0.0 0.0 0.0 0.0 -0.025694178417581343 0.012202814519405362 -1.0885511338710785 0.1640921162812526 -0.2636693834262862 0.07012483601762931 0.0 0.0 0.0 -0.10811577080703318 -0.09756507986982954 -0.013082008267651013 -0.011805374664249375 0.0 0.0 0.0 0.0 10.200000000000008 0.0 0.07 10.200000000000008 0.0 0.07 0.3 0.05 0.8 0.3 0.05 0.8 0.5 0.1 0.05
2209 11.94912576675415 0.0 0.0 0.0 0.0 0.0 0.0 -0.025694178417478813 0.012230426251888273 -1.0885511338710785 0.1640921162812526 -0.2636693834262862 0.07012483601762931 0.0 0.0 0.0 -0.10811577080703318 -0.09756507986982954 -0.013082008267651013 -0.011805374664249375 0.0 0.0 0.0 0.0 10.200000000000008 0.0 0.07 10.200000000000008 0.0 0.07 0.3 0.05 0.8 0.3 0.05 0.8 0.5 0.1 0.05
2210 11.954525470733643 0.0 0.0 0.0 0.0 0.0 0.0 -0.025694178417417297 0.01224699329137802 -1.0885511338710785 0.1640921162812526 -0.2636693834262862 0.07012483601762931 0.0 0.0 0.0 -0.10811577080703318 -0.09756507986982954 -0.013082008267651013 -0.011805374664249375 0.0 0.0 0.0 0.0 10.200000000000008 0.0 0.07 10.200000000000008 0.0 0.07 0.3 0.05 0.8 0.3 0.05 0.8 0.5 0.1 0.05
2211 11.96013593673706 0.0 0.0 0.0 0.0 0.0 0.0 -0.025694178417380385 0.012256933515071868 -1.0885511338710785 0.1640921162812526 -0.2636693834262862 0.07012483601762931 0.0 0.0 0.0 -0.10811577080703318 -0.09756507986982954 -0.013082008267651013 -0.011805374664249375 0.0 0.0 0.0 0.0 10.200000000000008 0.0 0.07 10.200000000000008 0.0 0.07 0.3 0.05 0.8 0.3 0.05 0.8 0.5 0.1 0.05
2212 11.965710639953613 0.0 0.0 0.0 0.0 0.0 0.0 -0.02569417841735824 0.012262897649288177 -1.0885511338710785 0.1640921162812526 -0.2636693834262862 0.07012483601762931 0.0 0.0 0.0 -0.10811577080703318 -0.09756507986982954 -0.013082008267651013 -0.011805374664249375 0.0 0.0 0.0 0.0 10.200000000000008 0.0 0.07 10.200000000000008 0.0 0.07 0.3 0.05 0.8 0.3 0.05 0.8 0.5 0.1 0.05
2213 11.97123098373413 0.0 0.0 0.0 0.0 0.0 0.0 -0.025694178417344952 0.012266476129817964 -1.0885511338710785 0.1640921162812526 -0.2636693834262862 0.07012483601762931 0.0 0.0 0.0 -0.10811577080703318 -0.09756507986982954 -0.013082008267651013 -0.011805374664249375 0.0 0.0 0.0 0.0 10.200000000000008 0.0 0.07 10.200000000000008 0.0 0.07 0.3 0.05 0.8 0.3 0.05 0.8 0.5 0.1 0.05
2214 11.976701736450195 0.0 0.0 0.0 0.0 0.0 0.0 -0.02569417841733698 0.012268623218135835 -1.0885511338710785 0.1640921162812526 -0.2636693834262862 0.07012483601762931 0.0 0.0 0.0 -0.10811577080703318 -0.09756507986982954 -0.013082008267651013 -0.011805374664249375 0.0 0.0 0.0 0.0 10.200000000000008 0.0 0.07 10.200000000000008 0.0 0.07 0.3 0.05 0.8 0.3 0.05 0.8 0.5 0.1 0.05
2215 11.982276678085327 0.0 0.0 0.0 0.0 0.0 0.0 -0.025694178417332195 0.012269911471126558 -1.0885511338710785 0.1640921162812526 -0.2636693834262862 0.07012483601762931 0.0 0.0 0.0 -0.10811577080703318 -0.09756507986982954 -0.013082008267651013 -0.011805374664249375 0.0 0.0 0.0 0.0 10.200000000000008 0.0 0.07 10.200000000000008 0.0 0.07 0.3 0.05 0.8 0.3 0.05 0.8 0.5 0.1 0.05
2216 11.98804521560669 0.0 0.0 0.0 0.0 0.0 0.0 -0.025694178417329325 0.01227068442292099 -1.0885511338710785 0.1640921162812526 -0.2636693834262862 0.07012483601762931 0.0 0.0 0.0 -0.10811577080703318 -0.09756507986982954 -0.013082008267651013 -0.011805374664249375 0.0 0.0 0.0 0.0 10.200000000000008 0.0 0.07 10.200000000000008 0.0 0.07 0.3 0.05 0.8 0.3 0.05 0.8 0.5 0.1 0.05
2217 11.993769645690918 0.0 0.0 0.0 0.0 0.0 0.0 -0.025694178417327605 0.01227114819399765 -1.0885511338710785 0.1640921162812526 -0.2636693834262862 0.07012483601762931 0.0 0.0 0.0 -0.10811577080703318 -0.09756507986982954 -0.013082008267651013 -0.011805374664249375 0.0 0.0 0.0 0.0 10.200000000000008 0.0 0.07 10.200000000000008 0.0 0.07 0.3 0.05 0.8 0.3 0.05 0.8 0.5 0.1 0.05
2218 11.99934720993042 0.0 0.0 0.0 0.0 0.0 0.0 -0.02569417841732657 0.012271426456643647 -1.0885511338710785 0.1640921162812526 -0.2636693834262862 0.07012483601762931 0.0 0.0 0.0 -0.10811577080703318 -0.09756507986982954 -0.013082008267651013 -0.011805374664249375 0.0 0.0 0.0 0.0 10.200000000000008 0.0 0.07 10.200000000000008 0.0 0.07 0.3 0.05 0.8 0.3 0.05 0.8 0.5 0.1 0.05
2219 12.00485372543335 0.0 0.0 0.0 0.0 0.0 0.0 -0.02569417841732595 0.012271593414231244 -1.0885511338710785 0.1640921162812526 -0.2636693834262862 0.07012483601762931 0.0 0.0 0.0 -0.10811577080703318 -0.09756507986982954 -0.013082008267651013 -0.011805374664249375 0.0 0.0 0.0 0.0 10.200000000000008 0.0 0.07 10.200000000000008 0.0 0.07 0.3 0.05 0.8 0.3 0.05 0.8 0.5 0.1 0.05
2220 12.010441303253174 0.0 0.0 0.0 0.0 0.0 0.0 -0.02569417841732558 0.012271693588783803 -1.0885511338710785 0.1640921162812526 -0.2636693834262862 0.07012483601762931 0.0 0.0 0.0 -0.10811577080703318 -0.09756507986982954 -0.013082008267651013 -0.011805374664249375 0.0 0.0 0.0 0.0 10.200000000000008 0.0 0.07 10.200000000000008 0.0 0.07 0.3 0.05 0.8 0.3 0.05 0.8 0.5 0.1 0.05
2221 12.016223430633545 0.0 0.0 0.0 0.0 0.0 0.0 -0.025694178417325356 0.012271753693515339 -1.0885511338710785 0.1640921162812526 -0.2636693834262862 0.07012483601762931 0.0 0.0 0.0 -0.10811577080703318 -0.09756507986982954 -0.013082008267651013 -0.011805374664249375 0.0 0.0 0.0 0.0 10.200000000000008 0.0 0.07 10.200000000000008 0.0 0.07 0.3 0.05 0.8 0.3 0.05 0.8 0.5 0.1 0.05
2222 12.021939992904663 0.0 0.0 0.0 0.0 0.0 0.0 -0.02569417841732522 0.012271789756354259 -1.0885511338710785 0.1640921162812526 -0.2636693834262862 0.07012483601762931 0.0 0.0 0.0 -0.10811577080703318 -0.09756507986982954 -0.013082008267651013 -0.011805374664249375 0.0 0.0 0.0 0.0 10.200000000000008 0.0 0.07 10.200000000000008 0.0 0.07 0.3 0.05 0.8 0.3 0.05 0.8 0.5 0.1 0.05
2223 12.027679681777954 0.0 0.0 0.0 0.0 0.0 0.0 -0.02569417841732514 0.012271811394057612 -1.0885511338710785 0.1640921162812526 -0.2636693834262862 0.07012483601762931 0.0 0.0 0.0 -0.10811577080703318 -0.09756507986982954 -0.013082008267651013 -0.011805374664249375 0.0 0.0 0.0 0.0 10.200000000000008 0.0 0.07 10.200000000000008 0.0 0.07 0.3 0.05 0.8 0.3 0.05 0.8 0.5 0.1 0.05
2224 12.03333830833435 0.0 0.0 0.0 0.0 0.0 0.0 -0.025694178417325093 0.012271824376679624 -1.0885511338710785 0.1640921162812526 -0.2636693834262862 0.07012483601762931 0.0 0.0 0.0 -0.10811577080703318 -0.09756507986982954 -0.013082008267651013 -0.011805374664249375 0.0 0.0 0.0 0.0 10.200000000000008 0.0 0.07 10.200000000000008 0.0 0.07 0.3 0.05 0.8 0.3 0.05 0.8 0.5 0.1 0.05
2225 12.038811206817627 0.0 0.0 0.0 0.0 0.0 0.0 -0.025694178417325065 0.01227183216625283 -1.0885511338710785 0.1640921162812526 -0.2636693834262862 0.07012483601762931 0.0 0.0 0.0 -0.10811577080703318 -0.09756507986982954 -0.013082008267651013 -0.011805374664249375 0.0 0.0 0.0 0.0 10.200000000000008 0.0 0.07 10.200000000000008 0.0 0.07 0.3 0.05 0.8 0.3 0.05 0.8 0.5 0.1 0.05
2226 12.044522047042847 0.0 0.0 0.0 0.0 0.0 0.0 -0.025694178417325048 0.012271836839996754 -1.0885511338710785 0.1640921162812526 -0.2636693834262862 0.07012483601762931 0.0 0.0 0.0 -0.10811577080703318 -0.09756507986982954 -0.013082008267651013 -0.011805374664249375 0.0 0.0 0.0 0.0 10.200000000000008 0.0 0.07 10.200000000000008 0.0 0.07 0.3 0.05 0.8 0.3 0.05 0.8 0.5 0.1 0.05
2227 12.050062894821167 0.0 0.0 0.0 0.0 0.0 0.0 -0.025694178417325037 0.01227183964424311 -1.0885511338710785 0.1640921162812526 -0.2636693834262862 0.07012483601762931 0.0 0.0 0.0 -0.10811577080703318 -0.09756507986982954 -0.013082008267651013 -0.011805374664249375 0.0 0.0 0.0 0.0 10.200000000000008 0.0 0.07 10.200000000000008 0.0 0.07 0.3 0.05 0.8 0.3 0.05 0.8 0.5 0.1 0.05
2228 12.055732727050781 0.0 0.0 0.0 0.0 0.0 0.0 -0.02569417841732503 0.012271841326790923 -1.0885511338710785 0.1640921162812526 -0.2636693834262862 0.07012483601762931 0.0 0.0 0.0 -0.10811577080703318 -0.09756507986982954 -0.013082008267651013 -0.011805374664249375 0.0 0.0 0.0 0.0 10.200000000000008 0.0 0.07 10.200000000000008 0.0 0.07 0.3 0.05 0.8 0.3 0.05 0.8 0.5 0.1 0.05
2229 12.061297416687012 0.0 0.0 0.0 0.0 0.0 0.0 -0.025694178417325027 0.01227184233631961 -1.0885511338710785 0.1640921162812526 -0.2636693834262862 0.07012483601762931 0.0 0.0 0.0 -0.10811577080703318 -0.09756507986982954 -0.013082008267651013 -0.011805374664249375 0.0 0.0 0.0 0.0 10.200000000000008 0.0 0.07 10.200000000000008 0.0 0.07 0.3 0.05 0.8 0.3 0.05 0.8 0.5 0.1 0.05
2230 12.066872596740723 0.0 0.0 0.0 0.0 0.0 0.0 -0.025694178417325027 0.012271842942036822 -1.0885511338710785 0.1640921162812526 -0.2636693834262862 0.07012483601762931 0.0 0.0 0.0 -0.10811577080703318 -0.09756507986982954 -0.013082008267651013 -0.011805374664249375 0.0 0.0 0.0 0.0 10.200000000000008 0.0 0.07 10.200000000000008 0.0 0.07 0.3 0.05 0.8 0.3 0.05 0.8 0.5 0.1 0.05
2231 12.072641611099243 0.0 0.0 0.0 0.0 0.0 0.0 -0.025694178417325027 0.012271843305467149 -1.0885511338710785 0.1640921162812526 -0.2636693834262862 0.07012483601762931 0.0 0.0 0.0 -0.10811577080703318 -0.09756507986982954 -0.013082008267651013 -0.011805374664249375 0.0 0.0 0.0 0.0 10.200000000000008 0.0 0.07 10.200000000000008 0.0 0.07 0.3 0.05 0.8 0.3 0.05 0.8 0.5 0.1 0.05
2232 12.078258991241455 0.0 0.0 0.0 0.0 0.0 0.0 -0.025694178417325027 0.012271843523525346 -1.0885511338710785 0.1640921162812526 -0.2636693834262862 0.07012483601762931 0.0 0.0 0.0 -0.10811577080703318 -0.09756507986982954 -0.013082008267651013 -0.011805374664249375 0.0 0.0 0.0 0.0 10.200000000000008 0.0 0.07 10.200000000000008 0.0 0.07 0.3 0.05 0.8 0.3 0.05 0.8 0.5 0.1 0.05
2233 12.083795547485352 0.0 0.0 0.0 0.0 0.0 0.0 -0.025694178417325027 0.012271843654360265 -1.0885511338710785 0.1640921162812526 -0.2636693834262862 0.07012483601762931 0.0 0.0 0.0 -0.10811577080703318 -0.09756507986982954 -0.013082008267651013 -0.011805374664249375 0.0 0.0 0.0 0.0 10.200000000000008 0.0 0.07 10.200000000000008 0.0 0.07 0.3 0.05 0.8 0.3 0.05 0.8 0.5 0.1 0.05
2234 12.089264631271362 0.0 0.0 0.0 0.0 0.0 0.0 -0.025694178417325027 0.012271843732861215 -1.0885511338710785 0.1640921162812526 -0.2636693834262862 0.07012483601762931 0.0 0.0 0.0 -0.10811577080703318 -0.09756507986982954 -0.013082008267651013 -0.011805374664249375 0.0 0.0 0.0 0.0 10.200000000000008 0.0 0.07 10.200000000000008 0.0 0.07 0.3 0.05 0.8 0.3 0.05 0.8 0.5 0.1 0.05
2235 12.094812154769897 0.0 0.0 0.0 0.0 0.0 0.0 -0.025694178417325027 0.012271843779961785 -1.0885511338710785 0.1640921162812526 -0.2636693834262862 0.07012483601762931 0.0 0.0 0.0 -0.10811577080703318 -0.09756507986982954 -0.013082008267651013 -0.011805374664249375 0.0 0.0 0.0 0.0 10.200000000000008 0.0 0.07 10.200000000000008 0.0 0.07 0.3 0.05 0.8 0.3 0.05 0.8 0.5 0.1 0.05
2236 12.100295782089233 0.0 0.0 0.0 0.0 0.0 0.0 -0.025694178417325027 0.012271843808222127 -1.0885511338710785 0.1640921162812526 -0.2636693834262862 0.07012483601762931 0.0 0.0 0.0 -0.10811577080703318 -0.09756507986982954 -0.013082008267651013 -0.011805374664249375 0.0 0.0 0.0 0.0 10.200000000000008 0.0 0.07 10.200000000000008 0.0 0.07 0.3 0.05 0.8 0.3 0.05 0.8 0.5 0.1 0.05
2237 12.105738878250122 0.0 0.0 0.0 0.0 0.0 0.0 -0.025694178417325027 0.012271843825178333 -1.0885511338710785 0.1640921162812526 -0.2636693834262862 0.07012483601762931 0.0 0.0 0.0 -0.10811577080703318 -0.09756507986982954 -0.013082008267651013 -0.011805374664249375 0.0 0.0 0.0 0.0 10.200000000000008 0.0 0.07 10.200000000000008 0.0 0.07 0.3 0.05 0.8 0.3 0.05 0.8 0.5 0.1 0.05
2238 12.11116075515747 0.0 0.0 0.0 0.0 0.0 0.0 -0.025694178417325027 0.012271843835352056 -1.0885511338710785 0.1640921162812526 -0.2636693834262862 0.07012483601762931 0.0 0.0 0.0 -0.10811577080703318 -0.09756507986982954 -0.013082008267651013 -0.011805374664249375 0.0 0.0 0.0 0.0 10.200000000000008 0.0 0.07 10.200000000000008 0.0 0.07 0.3 0.05 0.8 0.3 0.05 0.8 0.5 0.1 0.05
2239 12.116604804992676 0.0 0.0 0.0 0.0 0.0 0.0 -0.025694178417325027 0.012271843841456291 -1.0885511338710785 0.1640921162812526 -0.2636693834262862 0.07012483601762931 0.0 0.0 0.0 -0.10811577080703318 -0.09756507986982954 -0.013082008267651013 -0.011805374664249375 0.0 0.0 0.0 0.0 10.200000000000008 0.0 0.07 10.200000000000008 0.0 0.07 0.3 0.05 0.8 0.3 0.05 0.8 0.5 0.1 0.05
2240 12.122014045715332 0.0 0.0 0.0 0.0 0.0 0.0 -0.025694178417325027 0.01227184384511883 -1.0885511338710785 0.1640921162812526 -0.2636693834262862 0.07012483601762931 0.0 0.0 0.0 -0.10811577080703318 -0.09756507986982954 -0.013082008267651013 -0.011805374664249375 0.0 0.0 0.0 0.0 10.200000000000008 0.0 0.07 10.200000000000008 0.0 0.07 0.3 0.05 0.8 0.3 0.05 0.8 0.5 0.1 0.05
2241 12.127936840057373 0.0 0.0 0.0 0.0 0.0 0.0 -0.025694178417325027 0.012271843847316354 -1.0885511338710785 0.1640921162812526 -0.2636693834262862 0.07012483601762931 0.0 0.0 0.0 -0.10811577080703318 -0.09756507986982954 -0.013082008267651013 -0.011805374664249375 0.0 0.0 0.0 0.0 10.200000000000008 0.0 0.07 10.200000000000008 0.0 0.07 0.3 0.05 0.8 0.3 0.05 0.8 0.5 0.1 0.05
2242 12.133410215377808 0.0 0.0 0.0 0.0 0.0 0.0 -0.025694178417325027 0.012271843848634868 -1.0885511338710785 0.1640921162812526 -0.2636693834262862 0.07012483601762931 0.0 0.0 0.0 -0.10811577080703318 -0.09756507986982954 -0.013082008267651013 -0.011805374664249375 0.0 0.0 0.0 0.0 10.200000000000008 0.0 0.07 10.200000000000008 0.0 0.07 0.3 0.05 0.8 0.3 0.05 0.8 0.5 0.1 0.05
2243 12.138862371444702 0.0 0.0 0.0 0.0 0.0 0.0 -0.025694178417325027 0.012271843849425979 -1.0885511338710785 0.1640921162812526 -0.2636693834262862 0.07012483601762931 0.0 0.0 0.0 -0.10811577080703318 -0.09756507986982954 -0.013082008267651013 -0.011805374664249375 0.0 0.0 0.0 0.0 10.200000000000008 0.0 0.07 10.200000000000008 0.0 0.07 0.3 0.05 0.8 0.3 0.05 0.8 0.5 0.1 0.05
2244 12.144402503967285 0.0 0.0 0.0 0.0 0.0 0.0 -0.025694178417325027 0.012271843849900644 -1.0885511338710785 0.1640921162812526 -0.2636693834262862 0.07012483601762931 0.0 0.0 0.0 -0.10811577080703318 -0.09756507986982954 -0.013082008267651013 -0.011805374664249375 0.0 0.0 0.0 0.0 10.200000000000008 0.0 0.07 10.200000000000008 0.0 0.07 0.3 0.05 0.8 0.3 0.05 0.8 0.5 0.1 0.05
2245 12.149950742721558 0.0 0.0 0.0 0.0 0.0 0.0 -0.025694178417325027 0.012271843850185444 -1.0885511338710785 0.1640921162812526 -0.2636693834262862 0.07012483601762931 0.0 0.0 0.0 -0.10811577080703318 -0.09756507986982954 -0.013082008267651013 -0.011805374664249375 0.0 0.0 0.0 0.0 10.200000000000008 0.0 0.07 10.200000000000008 0.0 0.07 0.3 0.05 0.8 0.3 0.05 0.8 0.5 0.1 0.05
2246 12.155333518981934 0.0 0.0 0.0 0.0 0.0 0.0 -0.025694178417325027 0.012271843850356323 -1.0885511338710785 0.1640921162812526 -0.2636693834262862 0.07012483601762931 0.0 0.0 0.0 -0.10811577080703318 -0.09756507986982954 -0.013082008267651013 -0.011805374664249375 0.0 0.0 0.0 0.0 10.200000000000008 0.0 0.07 10.200000000000008 0.0 0.07 0.3 0.05 0.8 0.3 0.05 0.8 0.5 0.1 0.05
2247 12.160712242126465 0.0 0.0 0.0 0.0 0.0 0.0 -0.025694178417325027 0.01227184385045885 -1.0885511338710785 0.1640921162812526 -0.2636693834262862 0.07012483601762931 0.0 0.0 0.0 -0.10811577080703318 -0.09756507986982954 -0.013082008267651013 -0.011805374664249375 0.0 0.0 0.0 0.0 10.200000000000008 0.0 0.07 10.200000000000008 0.0 0.07 0.3 0.05 0.8 0.3 0.05 0.8 0.5 0.1 0.05
2248 12.166149854660034 0.0 0.0 0.0 0.0 0.0 0.0 -0.025694178417325027 0.012271843850520367 -1.0885511338710785 0.1640921162812526 -0.2636693834262862 0.07012483601762931 0.0 0.0 0.0 -0.10811577080703318 -0.09756507986982954 -0.013082008267651013 -0.011805374664249375 0.0 0.0 0.0 0.0 10.200000000000008 0.0 0.07 10.200000000000008 0.0 0.07 0.3 0.05 0.8 0.3 0.05 0.8 0.5 0.1 0.05
2249 12.171513557434082 0.0 0.0 0.0 0.0 0.0 0.0 -0.025694178417325027 0.012271843850557277 -1.0885511338710785 0.1640921162812526 -0.2636693834262862 0.07012483601762931 0.0 0.0 0.0 -0.10811577080703318 -0.09756507986982954 -0.013082008267651013 -0.011805374664249375 0.0 0.0 0.0 0.0 10.200000000000008 0.0 0.07 10.200000000000008 0.0 0.07 0.3 0.05 0.8 0.3 0.05 0.8 0.5 0.1 0.05
2250 12.176860332489014 0.0 0.0 0.0 0.0 0.0 0.0 -0.025694178417325027 0.012271843850579422 -1.0885511338710785 0.1640921162812526 -0.2636693834262862 0.07012483601762931 0.0 0.0 0.0 -0.10811577080703318 -0.09756507986982954 -0.013082008267651013 -0.011805374664249375 0.0 0.0 0.0 0.0 10.200000000000008 0.0 0.07 10.200000000000008 0.0 0.07 0.3 0.05 0.8 0.3 0.05 0.8 0.5 0.1 0.05
2251 12.182444334030151 0.0 0.0 0.0 0.0 0.0 0.0 -0.025694178417325027 0.01227184385059271 -1.0885511338710785 0.1640921162812526 -0.2636693834262862 0.07012483601762931 0.0 0.0 0.0 -0.10811577080703318 -0.09756507986982954 -0.013082008267651013 -0.011805374664249375 0.0 0.0 0.0 0.0 10.200000000000008 0.0 0.07 10.200000000000008 0.0 0.07 0.3 0.05 0.8 0.3 0.05 0.8 0.5 0.1 0.05
2252 12.18787145614624 0.0 0.0 0.0 0.0 0.0 0.0 -0.025694178417325027 0.012271843850600683 -1.0885511338710785 0.1640921162812526 -0.2636693834262862 0.07012483601762931 0.0 0.0 0.0 -0.10811577080703318 -0.09756507986982954 -0.013082008267651013 -0.011805374664249375 0.0 0.0 0.0 0.0 10.200000000000008 0.0 0.07 10.200000000000008 0.0 0.07 0.3 0.05 0.8 0.3 0.05 0.8 0.5 0.1 0.05
2253 12.193296432495117 0.0 0.0 0.0 0.0 0.0 0.0 -0.025694178417325027 0.012271843850605466 -1.0885511338710785 0.1640921162812526 -0.2636693834262862 0.07012483601762931 0.0 0.0 0.0 -0.10811577080703318 -0.09756507986982954 -0.013082008267651013 -0.011805374664249375 0.0 0.0 0.0 0.0 10.200000000000008 0.0 0.07 10.200000000000008 0.0 0.07 0.3 0.05 0.8 0.3 0.05 0.8 0.5 0.1 0.05
2254 12.198895454406738 0.0 0.0 0.0 0.0 0.0 0.0 -0.025694178417325027 0.012271843850608335 -1.0885511338710785 0.1640921162812526 -0.2636693834262862 0.07012483601762931 0.0 0.0 0.0 -0.10811577080703318 -0.09756507986982954 -0.013082008267651013 -0.011805374664249375 0.0 0.0 0.0 0.0 10.200000000000008 0.0 0.07 10.200000000000008 0.0 0.07 0.3 0.05 0.8 0.3 0.05 0.8 0.5 0.1 0.05
2255 12.204508066177368 0.0 0.0 0.0 0.0 0.0 0.0 -0.025694178417325027 0.012271843850610057 -1.0885511338710785 0.1640921162812526 -0.2636693834262862 0.07012483601762931 0.0 0.0 0.0 -0.10811577080703318 -0.09756507986982954 -0.013082008267651013 -0.011805374664249375 0.0 0.0 0.0 0.0 10.200000000000008 0.0 0.07 10.200000000000008 0.0 0.07 0.3 0.05 0.8 0.3 0.05 0.8 0.5 0.1 0.05
2256 12.210222005844116 0.0 0.0 0.0 0.0 0.0 0.0 -0.025694178417325027 0.012271843850611091 -1.0885511338710785 0.1640921162812526 -0.2636693834262862 0.07012483601762931 0.0 0.0 0.0 -0.10811577080703318 -0.09756507986982954 -0.013082008267651013 -0.011805374664249375 0.0 0.0 0.0 0.0 10.200000000000008 0.0 0.07 10.200000000000008 0.0 0.07 0.3 0.05 0.8 0.3 0.05 0.8 0.5 0.1 0.05
2257 12.215883731842041 0.0 0.0 0.0 0.0 0.0 0.0 -0.025694178417325027 0.01227184385061171 -1.0885511338710785 0.1640921162812526 -0.2636693834262862 0.07012483601762931 0.0 0.0 0.0 -0.10811577080703318 -0.09756507986982954 -0.013082008267651013 -0.011805374664249375 0.0 0.0 0.0 0.0 10.200000000000008 0.0 0.07 10.200000000000008 0.0 0.07 0.3 0.05 0.8 0.3 0.05 0.8 0.5 0.1 0.05
2258 12.221444368362427 0.0 0.0 0.0 0.0 0.0 0.0 -0.025694178417325027 0.012271843850612082 -1.0885511338710785 0.1640921162812526 -0.2636693834262862 0.07012483601762931 0.0 0.0 0.0 -0.10811577080703318 -0.09756507986982954 -0.013082008267651013 -0.011805374664249375 0.0 0.0 0.0 0.0 10.200000000000008 0.0 0.07 10.200000000000008 0.0 0.07 0.3 0.05 0.8 0.3 0.05 0.8 0.5 0.1 0.05
2259 12.227023363113403 0.0 0.0 0.0 0.0 0.0 0.0 -0.025694178417325027 0.012271843850612306 -1.0885511338710785 0.1640921162812526 -0.2636693834262862 0.07012483601762931 0.0 0.0 0.0 -0.10811577080703318 -0.09756507986982954 -0.013082008267651013 -0.011805374664249375 0.0 0.0 0.0 0.0 10.200000000000008 0.0 0.07 10.200000000000008 0.0 0.07 0.3 0.05 0.8 0.3 0.05 0.8 0.5 0.1 0.05
2260 12.232571363449097 0.0 0.0 0.0 0.0 0.0 0.0 -0.025694178417325027 0.01227184385061244 -1.0885511338710785 0.1640921162812526 -0.2636693834262862 0.07012483601762931 0.0 0.0 0.0 -0.10811577080703318 -0.09756507986982954 -0.013082008267651013 -0.011805374664249375 0.0 0.0 0.0 0.0 10.200000000000008 0.0 0.07 10.200000000000008 0.0 0.07 0.3 0.05 0.8 0.3 0.05 0.8 0.5 0.1 0.05
2261 12.238879919052124 0.0 0.0 0.0 0.0 0.0 0.0 -0.025694178417325027 0.012271843850612519 -1.0885511338710785 0.1640921162812526 -0.2636693834262862 0.07012483601762931 0.0 0.0 0.0 -0.10811577080703318 -0.09756507986982954 -0.013082008267651013 -0.011805374664249375 0.0 0.0 0.0 0.0 10.200000000000008 0.0 0.07 10.200000000000008 0.0 0.07 0.3 0.05 0.8 0.3 0.05 0.8 0.5 0.1 0.05
2262 12.244466066360474 0.0 0.0 0.0 0.0 0.0 0.0 -0.025694178417325027 0.012271843850612568 -1.0885511338710785 0.1640921162812526 -0.2636693834262862 0.07012483601762931 0.0 0.0 0.0 -0.10811577080703318 -0.09756507986982954 -0.013082008267651013 -0.011805374664249375 0.0 0.0 0.0 0.0 10.200000000000008 0.0 0.07 10.200000000000008 0.0 0.07 0.3 0.05 0.8 0.3 0.05 0.8 0.5 0.1 0.05
2263 12.250001430511475 0.0 0.0 0.0 0.0 0.0 0.0 -0.025694178417325027 0.012271843850612597 -1.0885511338710785 0.1640921162812526 -0.2636693834262862 0.07012483601762931 0.0 0.0 0.0 -0.10811577080703318 -0.09756507986982954 -0.013082008267651013 -0.011805374664249375 0.0 0.0 0.0 0.0 10.200000000000008 0.0 0.07 10.200000000000008 0.0 0.07 0.3 0.05 0.8 0.3 0.05 0.8 0.5 0.1 0.05
2264 12.25549840927124 0.0 0.0 0.0 0.0 0.0 0.0 -0.025694178417325027 0.012271843850612614 -1.0885511338710785 0.1640921162812526 -0.2636693834262862 0.07012483601762931 0.0 0.0 0.0 -0.10811577080703318 -0.09756507986982954 -0.013082008267651013 -0.011805374664249375 0.0 0.0 0.0 0.0 10.200000000000008 0.0 0.07 10.200000000000008 0.0 0.07 0.3 0.05 0.8 0.3 0.05 0.8 0.5 0.1 0.05
2265 12.261051177978516 0.0 0.0 0.0 0.0 0.0 0.0 -0.025694178417325027 0.012271843850612625 -1.0885511338710785 0.1640921162812526 -0.2636693834262862 0.07012483601762931 0.0 0.0 0.0 -0.10811577080703318 -0.09756507986982954 -0.013082008267651013 -0.011805374664249375 0.0 0.0 0.0 0.0 10.200000000000008 0.0 0.07 10.200000000000008 0.0 0.07 0.3 0.05 0.8 0.3 0.05 0.8 0.5 0.1 0.05
2266 12.266562700271606 0.0 0.0 0.0 0.0 0.0 0.0 -0.025694178417325027 0.012271843850612632 -1.0885511338710785 0.1640921162812526 -0.2636693834262862 0.07012483601762931 0.0 0.0 0.0 -0.10811577080703318 -0.09756507986982954 -0.013082008267651013 -0.011805374664249375 0.0 0.0 0.0 0.0 10.200000000000008 0.0 0.07 10.200000000000008 0.0 0.07 0.3 0.05 0.8 0.3 0.05 0.8 0.5 0.1 0.05
2267 12.272096872329712 0.0 0.0 0.0 0.0 0.0 0.0 -0.025694178417325027 0.012271843850612635 -1.0885511338710785 0.1640921162812526 -0.2636693834262862 0.07012483601762931 0.0 0.0 0.0 -0.10811577080703318 -0.09756507986982954 -0.013082008267651013 -0.011805374664249375 0.0 0.0 0.0 0.0 10.200000000000008 0.0 0.07 10.200000000000008 0.0 0.07 0.3 0.05 0.8 0.3 0.05 0.8 0.5 0.1 0.05
2268 12.277591466903687 0.0 0.0 0.0 0.0 0.0 0.0 -0.025694178417325027 0.012271843850612637 -1.0885511338710785 0.1640921162812526 -0.2636693834262862 0.07012483601762931 0.0 0.0 0.0 -0.10811577080703318 -0.09756507986982954 -0.013082008267651013 -0.011805374664249375 0.0 0.0 0.0 0.0 10.200000000000008 0.0 0.07 10.200000000000008 0.0 0.07 0.3 0.05 0.8 0.3 0.05 0.8 0.5 0.1 0.05
2269 12.283051013946533 0.0 0.0 0.0 0.0 0.0 0.0 -0.025694178417325027 0.01234854310750961 -1.0885511338710785 0.1640921162812526 -0.2636693834262862 0.07012483601762931 0.0 0.0 0.0 -0.10811577080703318 -0.09756507986982954 -0.013082008267651013 -0.011805374664249375 0.0 0.0 0.0 0.0 10.200000000000008 0.0 0.07 10.200000000000008 0.0 0.07 0.3 0.05 0.8 0.3 0.05 0.8 0.5 0.1 0.05
2270 12.288610458374023 0.0 0.0 0.0 0.0 0.0 0.0 -0.025694178417325027 0.012394562661647795 -1.0885511338710785 0.1640921162812526 -0.2636693834262862 0.07012483601762931 0.0 0.0 0.0 -0.10811577080703318 -0.09756507986982954 -0.013082008267651013 -0.011805374664249375 0.0 0.0 0.0 0.0 10.200000000000008 0.0 0.07 10.200000000000008 0.0 0.07 0.3 0.05 0.8 0.3 0.05 0.8 0.5 0.1 0.05
2271 12.294742345809937 0.0 0.0 0.0 0.0 0.0 0.0 -0.025694178417325027 0.012422174394130705 -1.0885511338710785 0.1640921162812526 -0.2636693834262862 0.07012483601762931 0.0 0.0 0.0 -0.10811577080703318 -0.09756507986982954 -0.013082008267651013 -0.011805374664249375 0.0 0.0 0.0 0.0 10.200000000000008 0.0 0.07 10.200000000000008 0.0 0.07 0.3 0.05 0.8 0.3 0.05 0.8 0.5 0.1 0.05
2272 12.300591468811035 0.0 0.0 0.0 0.0 0.0 0.0 -0.025694178417325027 0.012438741433620452 -1.0885511338710785 0.1640921162812526 -0.2636693834262862 0.07012483601762931 0.0 0.0 0.0 -0.10811577080703318 -0.09756507986982954 -0.013082008267651013 -0.011805374664249375 0.0 0.0 0.0 0.0 10.200000000000008 0.0 0.07 10.200000000000008 0.0 0.07 0.3 0.05 0.8 0.3 0.05 0.8 0.5 0.1 0.05
2273 12.306200742721558 0.0 0.0 0.0 0.0 0.0 0.0 -0.025694178417325027 0.0124486816573143 -1.0885511338710785 0.1640921162812526 -0.2636693834262862 0.07012483601762931 0.0 0.0 0.0 -0.10811577080703318 -0.09756507986982954 -0.013082008267651013 -0.011805374664249375 0.0 0.0 0.0 0.0 10.200000000000008 0.0 0.07 10.200000000000008 0.0 0.07 0.3 0.05 0.8 0.3 0.05 0.8 0.5 0.1 0.05
2274 12.311745882034302 0.0 0.0 0.0 0.0 0.0 0.0 -0.025694178417325027 0.012454645791530609 -1.0885511338710785 0.1640921162812526 -0.2636693834262862 0.07012483601762931 0.0 0.0 0.0 -0.10811577080703318 -0.09756507986982954 -0.013082008267651013 -0.011805374664249375 0.0 0.0 0.0 0.0 10.200000000000008 0.0 0.07 10.200000000000008 0.0 0.07 0.3 0.05 0.8 0.3 0.05 0.8 0.5 0.1 0.05
2275 12.317328214645386 0.0 0.0 0.0 0.0 0.0 0.0 -0.025694178417325027 0.012458224272060394 -1.0885511338710785 0.1640921162812526 -0.2636693834262862 0.07012483601762931 0.0 0.0 0.0 -0.10811577080703318 -0.09756507986982954 -0.013082008267651013 -0.011805374664249375 0.0 0.0 0.0 0.0 10.200000000000008 0.0 0.07 10.200000000000008 0.0 0.07 0.3 0.05 0.8 0.3 0.05 0.8 0.5 0.1 0.05
2276 12.322878360748291 0.0 0.0 0.0 0.0 0.0 0.0 -0.025694178417325027 0.012460371360378265 -1.0885511338710785 0.1640921162812526 -0.2636693834262862 0.07012483601762931 0.0 0.0 0.0 -0.10811577080703318 -0.09756507986982954 -0.013082008267651013 -0.011805374664249375 0.0 0.0 0.0 0.0 10.200000000000008 0.0 0.07 10.200000000000008 0.0 0.07 0.3 0.05 0.8 0.3 0.05 0.8 0.5 0.1 0.05
2277 12.328596353530884 0.0 0.0 0.0 0.0 0.0 0.0 -0.025694178417325027 0.012461659613368987 -1.0885511338710785 0.1640921162812526 -0.2636693834262862 0.07012483601762931 0.0 0.0 0.0 -0.10811577080703318 -0.09756507986982954 -0.013082008267651013 -0.011805374664249375 0.0 0.0 0.0 0.0 10.200000000000008 0.0 0.07 10.200000000000008 0.0 0.07 0.3 0.05 0.8 0.3 0.05 0.8 0.5 0.1 0.05
2278 12.334161520004272 0.0 0.0 0.0 0.0 0.0 0.0 -0.025694178417325027 0.012462432565163422 -1.0885511338710785 0.1640921162812526 -0.2636693834262862 0.07012483601762931 0.0 0.0 0.0 -0.10811577080703318 -0.09756507986982954 -0.013082008267651013 -0.011805374664249375 0.0 0.0 0.0 0.0 10.200000000000008 0.0 0.07 10.200000000000008 0.0 0.07 0.3 0.05 0.8 0.3 0.05 0.8 0.5 0.1 0.05
2279 12.339778661727905 0.0 0.0 0.0 0.0 0.0 0.0 -0.025694178417325027 0.012462896336240082 -1.0885511338710785 0.1640921162812526 -0.2636693834262862 0.07012483601762931 0.0 0.0 0.0 -0.10811577080703318 -0.09756507986982954 -0.013082008267651013 -0.011805374664249375 0.0 0.0 0.0 0.0 10.200000000000008 0.0 0.07 10.200000000000008 0.0 0.07 0.3 0.05 0.8 0.3 0.05 0.8 0.5 0.1 0.05
2280 12.3455331325531 0.0 0.0 0.0 0.0 0.0 0.0 -0.025694178417325027 0.012463174598886077 -1.0885511338710785 0.1640921162812526 -0.2636693834262862 0.07012483601762931 0.0 0.0 0.0 -0.10811577080703318 -0.09756507986982954 -0.013082008267651013 -0.011805374664249375 0.0 0.0 0.0 0.0 10.200000000000008 0.0 0.07 10.200000000000008 0.0 0.07 0.3 0.05 0.8 0.3 0.05 0.8 0.5 0.1 0.05
2281 12.352977514266968 0.0 0.0 0.0 0.0 0.0 0.0 -0.025694178417325027 0.012463341556473675 -1.0885511338710785 0.1640921162812526 -0.2636693834262862 0.07012483601762931 0.0 0.0 0.0 -0.10811577080703318 -0.09756507986982954 -0.013082008267651013 -0.011805374664249375 0.0 0.0 0.0 0.0 10.200000000000008 0.0 0.07 10.200000000000008 0.0 0.07 0.3 0.05 0.8 0.3 0.05 0.8 0.5 0.1 0.05
2282 12.358490705490112 0.0 0.0 0.0 0.0 0.0 0.0 -0.025694178417325027 0.012463441731026235 -1.0885511338710785 0.1640921162812526 -0.2636693834262862 0.07012483601762931 0.0 0.0 0.0 -0.10811577080703318 -0.09756507986982954 -0.013082008267651013 -0.011805374664249375 0.0 0.0 0.0 0.0 10.200000000000008 0.0 0.07 10.200000000000008 0.0 0.07 0.3 0.05 0.8 0.3 0.05 0.8 0.5 0.1 0.05
2283 12.364447832107544 0.0 0.0 0.0 0.0 0.0 0.0 -0.025694178417325027 0.01246350183575777 -1.0885511338710785 0.1640921162812526 -0.2636693834262862 0.07012483601762931 0.0 0.0 0.0 -0.10811577080703318 -0.09756507986982954 -0.013082008267651013 -0.011805374664249375 0.0 0.0 0.0 0.0 10.200000000000008 0.0 0.07 10.200000000000008 0.0 0.07 0.3 0.05 0.8 0.3 0.05 0.8 0.5 0.1 0.05
2284 12.369938373565674 0.0 0.0 0.0 0.0 0.0 0.0 -0.025694178417325027 0.01246353789859669 -1.0885511338710785 0.1640921162812526 -0.2636693834262862 0.07012483601762931 0.0 0.0 0.0 -0.10811577080703318 -0.09756507986982954 -0.013082008267651013 -0.011805374664249375 0.0 0.0 0.0 0.0 10.200000000000008 0.0 0.07 10.200000000000008 0.0 0.07 0.3 0.05 0.8 0.3 0.05 0.8 0.5 0.1 0.05
2285 12.375512599945068 0.0 0.0 0.0 0.0 0.0 0.0 -0.025694178417325027 0.012463559536300042 -1.0885511338710785 0.1640921162812526 -0.2636693834262862 0.07012483601762931 0.0 0.0 0.0 -0.10811577080703318 -0.09756507986982954 -0.013082008267651013 -0.011805374664249375 0.0 0.0 0.0 0.0 10.200000000000008 0.0 0.07 10.200000000000008 0.0 0.07 0.3 0.05 0.8 0.3 0.05 0.8 0.5 0.1 0.05
2286 12.381046295166016 0.0 0.0 0.0 0.0 0.0 0.0 -0.025694178417325027 0.012463572518922054 -1.0885511338710785 0.1640921162812526 -0.2636693834262862 0.07012483601762931 0.0 0.0 0.0 -0.10811577080703318 -0.09756507986982954 -0.013082008267651013 -0.011805374664249375 0.0 0.0 0.0 0.0 10.200000000000008 0.0 0.07 10.200000000000008 0.0 0.07 0.3 0.05 0.8 0.3 0.05 0.8 0.5 0.1 0.05
2287 12.38671064376831 0.0 0.0 0.0 0.0 0.0 0.0 -0.025694178417325027 0.01246358030849526 -1.0885511338710785 0.1640921162812526 -0.2636693834262862 0.07012483601762931 0.0 0.0 0.0 -0.10811577080703318 -0.09756507986982954 -0.013082008267651013 -0.011805374664249375 0.0 0.0 0.0 0.0 10.200000000000008 0.0 0.07 10.200000000000008 0.0 0.07 0.3 0.05 0.8 0.3 0.05 0.8 0.5 0.1 0.05
2288 12.392637491226196 0.0 0.0 0.0 0.0 0.0 0.0 -0.025694178417325027 0.012463584982239186 -1.0885511338710785 0.1640921162812526 -0.2636693834262862 0.07012483601762931 0.0 0.0 0.0 -0.10811577080703318 -0.09756507986982954 -0.013082008267651013 -0.011805374664249375 0.0 0.0 0.0 0.0 10.200000000000008 0.0 0.07 10.200000000000008 0.0 0.07 0.3 0.05 0.8 0.3 0.05 0.8 0.5 0.1 0.05
2289 12.398254632949829 0.0 0.0 0.0 0.0 0.0 0.0 -0.025694178417325027 0.01246358778648554 -1.0885511338710785 0.1640921162812526 -0.2636693834262862 0.07012483601762931 0.0 0.0 0.0 -0.10811577080703318 -0.09756507986982954 -0.013082008267651013 -0.011805374664249375 0.0 0.0 0.0 0.0 10.200000000000008 0.0 0.07 10.200000000000008 0.0 0.07 0.3 0.05 0.8 0.3 0.05 0.8 0.5 0.1 0.05
2290 12.403570175170898 0.0 0.0 0.0 0.0 0.0 0.0 -0.025694178417325027 0.012463589469033353 -1.0885511338710785 0.1640921162812526 -0.2636693834262862 0.07012483601762931 0.0 0.0 0.0 -0.10811577080703318 -0.09756507986982954 -0.013082008267651013 -0.011805374664249375 0.0 0.0 0.0 0.0 10.200000000000008 0.0 0.07 10.200000000000008 0.0 0.07 0.3 0.05 0.8 0.3 0.05 0.8 0.5 0.1 0.05
2291 12.409192562103271 0.0 0.0 0.0 0.0 0.0 0.0 -0.025694178417325027 0.01246359047856204 -1.0885511338710785 0.1640921162812526 -0.2636693834262862 0.07012483601762931 0.0 0.0 0.0 -0.10811577080703318 -0.09756507986982954 -0.013082008267651013 -0.011805374664249375 0.0 0.0 0.0 0.0 10.200000000000008 0.0 0.07 10.200000000000008 0.0 0.07 0.3 0.05 0.8 0.3 0.05 0.8 0.5 0.1 0.05
2292 12.414499759674072 0.0 0.0 0.0 0.0 0.0 0.0 -0.025694178417325027 0.012463591084279253 -1.0885511338710785 0.1640921162812526 -0.2636693834262862 0.07012483601762931 0.0 0.0 0.0 -0.10811577080703318 -0.09756507986982954 -0.013082008267651013 -0.011805374664249375 0.0 0.0 0.0 0.0 10.200000000000008 0.0 0.07 10.200000000000008 0.0 0.07 0.3 0.05 0.8 0.3 0.05 0.8 0.5 0.1 0.05
2293 12.419922828674316 0.0 0.0 0.0 0.0 0.0 0.0 -0.025694178417325027 0.01246359144770958 -1.0885511338710785 0.1640921162812526 -0.2636693834262862 0.07012483601762931 0.0 0.0 0.0 -0.10811577080703318 -0.09756507986982954 -0.013082008267651013 -0.011805374664249375 0.0 0.0 0.0 0.0 10.200000000000008 0.0 0.07 10.200000000000008 0.0 0.07 0.3 0.05 0.8 0.3 0.05 0.8 0.5 0.1 0.05
2294 12.425408363342285 0.0 0.0 0.0 0.0 0.0 0.0 -0.025694178417325027 0.012463591665767777 -1.0885511338710785 0.1640921162812526 -0.2636693834262862 0.07012483601762931 0.0 0.0 0.0 -0.10811577080703318 -0.09756507986982954 -0.013082008267651013 -0.011805374664249375 0.0 0.0 0.0 0.0 10.200000000000008 0.0 0.07 10.200000000000008 0.0 0.07 0.3 0.05 0.8 0.3 0.05 0.8 0.5 0.1 0.05
2295 12.430794715881348 0.0 0.0 0.0 0.0 0.0 0.0 -0.025694178417325027 0.012463591796602695 -1.0885511338710785 0.1640921162812526 -0.2636693834262862 0.07012483601762931 0.0 0.0 0.0 -0.10811577080703318 -0.09756507986982954 -0.013082008267651013 -0.011805374664249375 0.0 0.0 0.0 0.0 10.200000000000008 0.0 0.07 10.200000000000008 0.0 0.07 0.3 0.05 0.8 0.3 0.05 0.8 0.5 0.1 0.05
2296 12.438028812408447 0.0 0.0 0.0 0.0 0.0 0.0 -0.025694178417325027 0.012463591875103645 -1.0885511338710785 0.1640921162812526 -0.2636693834262862 0.07012483601762931 0.0 0.0 0.0 -0.10811577080703318 -0.09756507986982954 -0.013082008267651013 -0.011805374664249375 0.0 0.0 0.0 0.0 10.200000000000008 0.0 0.07 10.200000000000008 0.0 0.07 0.3 0.05 0.8 0.3 0.05 0.8 0.5 0.1 0.05
2297 12.443583965301514 0.0 0.0 0.0 0.0 0.0 0.0 -0.025694178417325027 0.012463591922204215 -1.0885511338710785 0.1640921162812526 -0.2636693834262862 0.07012483601762931 0.0 0.0 0.0 -0.10811577080703318 -0.09756507986982954 -0.013082008267651013 -0.011805374664249375 0.0 0.0 0.0 0.0 10.200000000000008 0.0 0.07 10.200000000000008 0.0 0.07 0.3 0.05 0.8 0.3 0.05 0.8 0.5 0.1 0.05
2298 12.448968887329102 0.0 0.0 0.0 0.0 0.0 0.0 -0.025694178417325027 0.012463591950464557 -1.0885511338710785 0.1640921162812526 -0.2636693834262862 0.07012483601762931 0.0 0.0 0.0 -0.10811577080703318 -0.09756507986982954 -0.013082008267651013 -0.011805374664249375 0.0 0.0 0.0 0.0 10.200000000000008 0.0 0.07 10.200000000000008 0.0 0.07 0.3 0.05 0.8 0.3 0.05 0.8 0.5 0.1 0.05
2299 12.45438289642334 0.0 0.0 0.0 0.0 0.0 0.0 -0.025694178417325027 0.012463591967420763 -1.0885511338710785 0.1640921162812526 -0.2636693834262862 0.07012483601762931 0.0 0.0 0.0 -0.10811577080703318 -0.09756507986982954 -0.013082008267651013 -0.011805374664249375 0.0 0.0 0.0 0.0 10.200000000000008 0.0 0.07 10.200000000000008 0.0 0.07 0.3 0.05 0.8 0.3 0.05 0.8 0.5 0.1 0.05
2300 12.459815263748169 0.0 0.0 0.0 0.0 0.0 0.0 -0.025694178417325027 0.012463591977594486 -1.0885511338710785 0.1640921162812526 -0.2636693834262862 0.07012483601762931 0.0 0.0 0.0 -0.10811577080703318 -0.09756507986982954 -0.013082008267651013 -0.011805374664249375 0.0 0.0 0.0 0.0 10.200000000000008 0.0 0.07 10.200000000000008 0.0 0.07 0.3 0.05 0.8 0.3 0.05 0.8 0.5 0.1 0.05
2301 12.465193748474121 0.0 0.0 0.0 0.0 0.0 0.0 -0.025694178417325027 0.01246359198369872 -1.0885511338710785 0.1640921162812526 -0.2636693834262862 0.07012483601762931 0.0 0.0 0.0 -0.10811577080703318 -0.09756507986982954 -0.013082008267651013 -0.011805374664249375 0.0 0.0 0.0 0.0 10.200000000000008 0.0 0.07 10.200000000000008 0.0 0.07 0.3 0.05 0.8 0.3 0.05 0.8 0.5 0.1 0.05
2302 12.470513820648193 0.0 0.0 0.0 0.0 0.0 0.0 -0.025694178417325027 0.01246359198736126 -1.0885511338710785 0.1640921162812526 -0.2636693834262862 0.07012483601762931 0.0 0.0 0.0 -0.10811577080703318 -0.09756507986982954 -0.013082008267651013 -0.011805374664249375 0.0 0.0 0.0 0.0 10.200000000000008 0.0 0.07 10.200000000000008 0.0 0.07 0.3 0.05 0.8 0.3 0.05 0.8 0.5 0.1 0.05
2303 12.475847482681274 0.0 0.0 0.0 0.0 0.0 0.0 -0.025694178417325027 0.012463591989558785 -1.0885511338710785 0.1640921162812526 -0.2636693834262862 0.07012483601762931 0.0 0.0 0.0 -0.10811577080703318 -0.09756507986982954 -0.013082008267651013 -0.011805374664249375 0.0 0.0 0.0 0.0 10.200000000000008 0.0 0.07 10.200000000000008 0.0 0.07 0.3 0.05 0.8 0.3 0.05 0.8 0.5 0.1 0.05
2304 12.481175899505615 0.0 0.0 0.0 0.0 0.0 0.0 -0.025694178417325027 0.0124635919908773 -1.0885511338710785 0.1640921162812526 -0.2636693834262862 0.07012483601762931 0.0 0.0 0.0 -0.10811577080703318 -0.09756507986982954 -0.013082008267651013 -0.011805374664249375 0.0 0.0 0.0 0.0 10.200000000000008 0.0 0.07 10.200000000000008 0.0 0.07 0.3 0.05 0.8 0.3 0.05 0.8 0.5 0.1 0.05
2305 12.48645281791687 0.0 0.0 0.0 0.0 0.0 0.0 -0.025694178417325027 0.012463591991668408 -1.0885511338710785 0.1640921162812526 -0.2636693834262862 0.07012483601762931 0.0 0.0 0.0 -0.10811577080703318 -0.09756507986982954 -0.013082008267651013 -0.011805374664249375 0.0 0.0 0.0 0.0 10.200000000000008 0.0 0.07 10.200000000000008 0.0 0.07 0.3 0.05 0.8 0.3 0.05 0.8 0.5 0.1 0.05
2306 12.491660594940186 0.0 0.0 0.0 0.0 0.0 0.0 -0.025694178417325027 0.012463591992143074 -1.0885511338710785 0.1640921162812526 -0.2636693834262862 0.07012483601762931 0.0 0.0 0.0 -0.10811577080703318 -0.09756507986982954 -0.013082008267651013 -0.011805374664249375 0.0 0.0 0.0 0.0 10.200000000000008 0.0 0.07 10.200000000000008 0.0 0.07 0.3 0.05 0.8 0.3 0.05 0.8 0.5 0.1 0.05
2307 12.496865034103394 0.0 0.0 0.0 0.0 0.0 0.0 -0.025694178417325027 0.012463591992427872 -1.0885511338710785 0.1640921162812526 -0.2636693834262862 0.07012483601762931 0.0 0.0 0.0 -0.10811577080703318 -0.09756507986982954 -0.013082008267651013 -0.011805374664249375 0.0 0.0 0.0 0.0 10.200000000000008 0.0 0.07 10.200000000000008 0.0 0.07 0.3 0.05 0.8 0.3 0.05 0.8 0.5 0.1 0.05
2308 12.502102375030518 0.0 0.0 0.0 0.0 0.0 0.0 -0.025694178417325027 0.012463591992598753 -1.0885511338710785 0.1640921162812526 -0.2636693834262862 0.07012483601762931 0.0 0.0 0.0 -0.10811577080703318 -0.09756507986982954 -0.013082008267651013 -0.011805374664249375 0.0 0.0 0.0 0.0 10.200000000000008 0.0 0.07 10.200000000000008 0.0 0.07 0.3 0.05 0.8 0.3 0.05 0.8 0.5 0.1 0.05
2309 12.507370710372925 0.0 0.0 0.0 0.0 0.0 0.0 -0.025694178417325027 0.01246359199270128 -1.0885511338710785 0.1640921162812526 -0.2636693834262862 0.07012483601762931 0.0 0.0 0.0 -0.10811577080703318 -0.09756507986982954 -0.013082008267651013 -0.011805374664249375 0.0 0.0 0.0 0.0 10.200000000000008 0.0 0.07 10.200000000000008 0.0 0.07 0.3 0.05 0.8 0.3 0.05 0.8 0.5 0.1 0.05
2310 12.512749671936035 0.0 0.0 0.0 0.0 0.0 0.0 -0.025694178417325027 0.012463591992762797 -1.0885511338710785 0.1640921162812526 -0.2636693834262862 0.07012483601762931 0.0 0.0 0.0 -0.10811577080703318 -0.09756507986982954 -0.013082008267651013 -0.011805374664249375 0.0 0.0 0.0 0.0 10.200000000000008 0.0 0.07 10.200000000000008 0.0 0.07 0.3 0.05 0.8 0.3 0.05 0.8 0.5 0.1 0.05
2311 12.51814341545105 0.0 0.0 0.0 0.0 0.0 0.0 -0.025694178417325027 0.012463591992799707 -1.0885511338710785 0.1640921162812526 -0.2636693834262862 0.07012483601762931 0.0 0.0 0.0 -0.10811577080703318 -0.09756507986982954 -0.013082008267651013 -0.011805374664249375 0.0 0.0 0.0 0.0 10.200000000000008 0.0 0.07 10.200000000000008 0.0 0.07 0.3 0.05 0.8 0.3 0.05 0.8 0.5 0.1 0.05
2312 12.523413181304932 0.0 0.0 0.0 0.0 0.0 0.0 -0.025694178417325027 0.012463591992821852 -1.0885511338710785 0.1640921162812526 -0.2636693834262862 0.07012483601762931 0.0 0.0 0.0 -0.10811577080703318 -0.09756507986982954 -0.013082008267651013 -0.011805374664249375 0.0 0.0 0.0 0.0 10.200000000000008 0.0 0.07 10.200000000000008 0.0 0.07 0.3 0.05 0.8 0.3 0.05 0.8 0.5 0.1 0.05
2313 12.528706550598145 0.0 0.0 0.0 0.0 0.0 0.0 -0.025694178417325027 0.01246359199283514 -1.0885511338710785 0.1640921162812526 -0.2636693834262862 0.07012483601762931 0.0 0.0 0.0 -0.10811577080703318 -0.09756507986982954 -0.013082008267651013 -0.011805374664249375 0.0 0.0 0.0 0.0 10.200000000000008 0.0 0.07 10.200000000000008 0.0 0.07 0.3 0.05 0.8 0.3 0.05 0.8 0.5 0.1 0.05
2314 12.533946990966797 0.0 0.0 0.0 0.0 0.0 0.0 -0.025694178417325027 0.012463591992843113 -1.0885511338710785 0.1640921162812526 -0.2636693834262862 0.07012483601762931 0.0 0.0 0.0 -0.10811577080703318 -0.09756507986982954 -0.013082008267651013 -0.011805374664249375 0.0 0.0 0.0 0.0 10.200000000000008 0.0 0.07 10.200000000000008 0.0 0.07 0.3 0.05 0.8 0.3 0.05 0.8 0.5 0.1 0.05
2315 12.539250135421753 0.0 0.0 0.0 0.0 0.0 0.0 -0.025694178417325027 0.012463591992847897 -1.0885511338710785 0.1640921162812526 -0.2636693834262862 0.07012483601762931 0.0 0.0 0.0 -0.10811577080703318 -0.09756507986982954 -0.013082008267651013 -0.011805374664249375 0.0 0.0 0.0 0.0 10.200000000000008 0.0 0.07 10.200000000000008 0.0 0.07 0.3 0.05 0.8 0.3 0.05 0.8 0.5 0.1 0.05
2316 12.544504165649414 0.0 0.0 0.0 0.0 0.0 0.0 -0.025694178417325027 0.012463591992850766 -1.0885511338710785 0.1640921162812526 -0.2636693834262862 0.07012483601762931 0.0 0.0 0.0 -0.10811577080703318 -0.09756507986982954 -0.013082008267651013 -0.011805374664249375 0.0 0.0 0.0 0.0 10.200000000000008 0.0 0.07 10.200000000000008 0.0 0.07 0.3 0.05 0.8 0.3 0.05 0.8 0.5 0.1 0.05
2317 12.549752473831177 0.0 0.0 0.0 0.0 0.0 0.0 -0.025694178417325027 0.012463591992852487 -1.0885511338710785 0.1640921162812526 -0.2636693834262862 0.07012483601762931 0.0 0.0 0.0 -0.10811577080703318 -0.09756507986982954 -0.013082008267651013 -0.011805374664249375 0.0 0.0 0.0 0.0 10.200000000000008 0.0 0.07 10.200000000000008 0.0 0.07 0.3 0.05 0.8 0.3 0.05 0.8 0.5 0.1 0.05
2318 12.55495572090149 0.0 0.0 0.0 0.0 0.0 0.0 -0.025694178417325027 0.012463591992853521 -1.0885511338710785 0.1640921162812526 -0.2636693834262862 0.07012483601762931 0.0 0.0 0.0 -0.10811577080703318 -0.09756507986982954 -0.013082008267651013 -0.011805374664249375 0.0 0.0 0.0 0.0 10.200000000000008 0.0 0.07 10.200000000000008 0.0 0.07 0.3 0.05 0.8 0.3 0.05 0.8 0.5 0.1 0.05
2319 12.560264825820923 0.0 0.0 0.0 0.0 0.0 0.0 -0.025694178417325027 0.012463591992854142 -1.0885511338710785 0.1640921162812526 -0.2636693834262862 0.07012483601762931 0.0 0.0 0.0 -0.10811577080703318 -0.09756507986982954 -0.013082008267651013 -0.011805374664249375 0.0 0.0 0.0 0.0 10.200000000000008 0.0 0.07 10.200000000000008 0.0 0.07 0.3 0.05 0.8 0.3 0.05 0.8 0.5 0.1 0.05
2320 12.565614223480225 0.0 0.0 0.0 0.0 0.0 0.0 -0.025694178417325027 0.012463591992854513 -1.0885511338710785 0.1640921162812526 -0.2636693834262862 0.07012483601762931 0.0 0.0 0.0 -0.10811577080703318 -0.09756507986982954 -0.013082008267651013 -0.011805374664249375 0.0 0.0 0.0 0.0 10.200000000000008 0.0 0.07 10.200000000000008 0.0 0.07 0.3 0.05 0.8 0.3 0.05 0.8 0.5 0.1 0.05
2321 12.571006298065186 0.0 0.0 0.0 0.0 0.0 0.0 -0.025694178417325027 0.012463591992854735 -1.0885511338710785 0.1640921162812526 -0.2636693834262862 0.07012483601762931 0.0 0.0 0.0 -0.10811577080703318 -0.09756507986982954 -0.013082008267651013 -0.011805374664249375 0.0 0.0 0.0 0.0 10.200000000000008 0.0 0.07 10.200000000000008 0.0 0.07 0.3 0.05 0.8 0.3 0.05 0.8 0.5 0.1 0.05
2322 12.576330423355103 0.0 0.0 0.0 0.0 0.0 0.0 -0.025694178417325027 0.01246359199285487 -1.0885511338710785 0.1640921162812526 -0.2636693834262862 0.07012483601762931 0.0 0.0 0.0 -0.10811577080703318 -0.09756507986982954 -0.013082008267651013 -0.011805374664249375 0.0 0.0 0.0 0.0 10.200000000000008 0.0 0.07 10.200000000000008 0.0 0.07 0.3 0.05 0.8 0.3 0.05 0.8 0.5 0.1 0.05
2323 12.581713199615479 0.0 0.0 0.0 0.0 0.0 0.0 -0.025694178417325027 0.01246359199285495 -1.0885511338710785 0.1640921162812526 -0.2636693834262862 0.07012483601762931 0.0 0.0 0.0 -0.10811577080703318 -0.09756507986982954 -0.013082008267651013 -0.011805374664249375 0.0 0.0 0.0 0.0 10.200000000000008 0.0 0.07 10.200000000000008 0.0 0.07 0.3 0.05 0.8 0.3 0.05 0.8 0.5 0.1 0.05
2324 12.587010383605957 0.0 0.0 0.0 0.0 0.0 0.0 -0.025694178417325027 0.012463591992855 -1.0885511338710785 0.1640921162812526 -0.2636693834262862 0.07012483601762931 0.0 0.0 0.0 -0.10811577080703318 -0.09756507986982954 -0.013082008267651013 -0.011805374664249375 0.0 0.0 0.0 0.0 10.200000000000008 0.0 0.07 10.200000000000008 0.0 0.07 0.3 0.05 0.8 0.3 0.05 0.8 0.5 0.1 0.05
2325 12.592416286468506 0.0 0.0 0.0 0.0 0.0 0.0 -0.025694178417325027 0.012463591992855027 -1.0885511338710785 0.1640921162812526 -0.2636693834262862 0.07012483601762931 0.0 0.0 0.0 -0.10811577080703318 -0.09756507986982954 -0.013082008267651013 -0.011805374664249375 0.0 0.0 0.0 0.0 10.200000000000008 0.0 0.07 10.200000000000008 0.0 0.07 0.3 0.05 0.8 0.3 0.05 0.8 0.5 0.1 0.05
2326 12.597770690917969 0.0 0.0 0.0 0.0 0.0 0.0 -0.025694178417325027 0.012463591992855044 -1.0885511338710785 0.1640921162812526 -0.2636693834262862 0.07012483601762931 0.0 0.0 0.0 -0.10811577080703318 -0.09756507986982954 -0.013082008267651013 -0.011805374664249375 0.0 0.0 0.0 0.0 10.200000000000008 0.0 0.07 10.200000000000008 0.0 0.07 0.3 0.05 0.8 0.3 0.05 0.8 0.5 0.1 0.05
2327 12.603055715560913 0.0 0.0 0.0 0.0 0.0 0.0 -0.025694178417325027 0.012463591992855055 -1.0885511338710785 0.1640921162812526 -0.2636693834262862 0.07012483601762931 0.0 0.0 0.0 -0.10811577080703318 -0.09756507986982954 -0.013082008267651013 -0.011805374664249375 0.0 0.0 0.0 0.0 10.200000000000008 0.0 0.07 10.200000000000008 0.0 0.07 0.3 0.05 0.8 0.3 0.05 0.8 0.5 0.1 0.05
2328 12.608335018157959 0.0 0.0 0.0 0.0 0.0 0.0 -0.025694178417325027 0.012463591992855062 -1.0885511338710785 0.1640921162812526 -0.2636693834262862 0.07012483601762931 0.0 0.0 0.0 -0.10811577080703318 -0.09756507986982954 -0.013082008267651013 -0.011805374664249375 0.0 0.0 0.0 0.0 10.200000000000008 0.0 0.07 10.200000000000008 0.0 0.07 0.3 0.05 0.8 0.3 0.05 0.8 0.5 0.1 0.05
2329 12.613780736923218 0.0 0.0 0.0 0.0 0.0 0.0 -0.025694178417325027 0.012463591992855065 -1.0885511338710785 0.1640921162812526 -0.2636693834262862 0.07012483601762931 0.0 0.0 0.0 -0.10811577080703318 -0.09756507986982954 -0.013082008267651013 -0.011805374664249375 0.0 0.0 0.0 0.0 10.200000000000008 0.0 0.07 10.200000000000008 0.0 0.07 0.3 0.05 0.8 0.3 0.05 0.8 0.5 0.1 0.05
2330 12.619081258773804 0.0 0.0 0.0 0.0 0.0 0.0 -0.02561747916042805 0.01254029124975204 -1.0885511338710785 0.1640921162812526 -0.2636693834262862 0.07012483601762931 0.0 0.0 0.0 -0.10811577080703318 -0.09756507986982954 -0.013082008267651013 -0.011805374664249375 0.0 0.0 0.0 0.0 10.200000000000008 0.0 0.07 10.200000000000008 0.0 0.07 0.3 0.05 0.8 0.3 0.05 0.8 0.5 0.1 0.05
2331 12.624443769454956 0.0 0.0 0.0 0.0 0.0 0.0 -0.025571459606289863 0.012586310803890225 -1.0885511338710785 0.1640921162812526 -0.2636693834262862 0.07012483601762931 0.0 0.0 0.0 -0.10811577080703318 -0.09756507986982954 -0.013082008267651013 -0.011805374664249375 0.0 0.0 0.0 0.0 10.200000000000008 0.0 0.07 10.200000000000008 0.0 0.07 0.3 0.05 0.8 0.3 0.05 0.8 0.5 0.1 0.05
2332 12.629739046096802 0.0 0.0 0.0 0.0 0.0 0.0 -0.025543847873806952 0.012613922536373137 -1.0885511338710785 0.1640921162812526 -0.2636693834262862 0.07012483601762931 0.0 0.0 0.0 -0.10811577080703318 -0.09756507986982954 -0.013082008267651013 -0.011805374664249375 0.0 0.0 0.0 0.0 10.200000000000008 0.0 0.07 10.200000000000008 0.0 0.07 0.3 0.05 0.8 0.3 0.05 0.8 0.5 0.1 0.05
2333 12.635053396224976 0.0 0.0 0.0 0.0 0.0 0.0 -0.025527280834317205 0.012630489575862883 -1.0885511338710785 0.1640921162812526 -0.2636693834262862 0.07012483601762931 0.0 0.0 0.0 -0.10811577080703318 -0.09756507986982954 -0.013082008267651013 -0.011805374664249375 0.0 0.0 0.0 0.0 10.200000000000008 0.0 0.07 10.200000000000008 0.0 0.07 0.3 0.05 0.8 0.3 0.05 0.8 0.5 0.1 0.05
2334 12.640389442443848 0.0 0.0 0.0 0.0 0.0 0.0 -0.025517340610623357 0.012640429799556731 -1.0884744346141815 0.1640921162812526 -0.2636693834262862 0.07012483601762931 0.0 0.0 0.0 -0.10811577080703318 -0.09756507986982954 -0.013082008267651013 -0.011805374664249375 0.0 0.0 0.0 0.0 10.200000000000008 0.0 0.07 10.200000000000008 0.0 0.07 0.3 0.05 0.8 0.3 0.05 0.8 0.5 0.1 0.05
2335 12.645743131637573 0.0 0.0 0.0 0.0 0.0 0.0 -0.025511376476407048 0.01264639393377304 -1.0884284150600434 0.1640921162812526 -0.2636693834262862 0.07012483601762931 0.0 0.0 0.0 -0.10811577080703318 -0.09756507986982954 -0.013082008267651013 -0.011805374664249375 0.0 0.0 0.0 0.0 10.200000000000008 0.0 0.07 10.200000000000008 0.0 0.07 0.3 0.05 0.8 0.3 0.05 0.8 0.5 0.1 0.05
2336 12.651047468185425 0.0 0.0 0.0 0.0 0.0 0.0 -0.02550779799587726 0.012649972414302825 -1.0884008033275605 0.1640921162812526 -0.2636693834262862 0.07012483601762931 0.0 0.0 0.0 -0.10811577080703318 -0.09756507986982954 -0.013082008267651013 -0.011805374664249375 0.0 0.0 0.0 0.0 10.200000000000008 0.0 0.07 10.200000000000008 0.0 0.07 0.3 0.05 0.8 0.3 0.05 0.8 0.5 0.1 0.05
2337 12.656336307525635 0.0 0.0 0.0 0.0 0.0 0.0 -0.025505650907559393 0.012652119502620697 -1.0883842362880707 0.1640921162812526 -0.2636693834262862 0.07012483601762931 0.0 0.0 0.0 -0.10811577080703318 -0.09756507986982954 -0.013082008267651013 -0.011805374664249375 0.0 0.0 0.0 0.0 10.200000000000008 0.0 0.07 10.200000000000008 0.0 0.07 0.3 0.05 0.8 0.3 0.05 0.8 0.5 0.1 0.05
2338 12.661614656448364 0.0 0.0 0.0 0.0 0.0 0.0 -0.025504362654568673 0.012653407755611419 -1.0883742960643767 0.1640921162812526 -0.2636693834262862 0.07012483601762931 0.0 0.0 0.0 -0.10811577080703318 -0.09756507986982954 -0.013082008267651013 -0.011805374664249375 0.0 0.0 0.0 0.0 10.200000000000008 0.0 0.07 10.200000000000008 0.0 0.07 0.3 0.05 0.8 0.3 0.05 0.8 0.5 0.1 0.05
2339 12.666868448257446 0.0 0.0 0.0 0.0 0.0 0.0 -0.025503589702774238 0.012654180707405854 -1.0883683319301605 0.1640921162812526 -0.2636693834262862 0.07012483601762931 0.0 0.0 0.0 -0.10811577080703318 -0.09756507986982954 -0.013082008267651013 -0.011805374664249375 0.0 0.0 0.0 0.0 10.200000000000008 0.0 0.07 10.200000000000008 0.0 0.07 0.3 0.05 0.8 0.3 0.05 0.8 0.5 0.1 0.05
2340 12.672157526016235 0.0 0.0 0.0 0.0 0.0 0.0 -0.025503125931697578 0.012654644478482514 -1.0883647534496308 0.1640921162812526 -0.2636693834262862 0.07012483601762931 0.0 0.0 0.0 -0.10811577080703318 -0.09756507986982954 -0.013082008267651013 -0.011805374664249375 0.0 0.0 0.0 0.0 10.200000000000008 0.0 0.07 10.200000000000008 0.0 0.07 0.3 0.05 0.8 0.3 0.05 0.8 0.5 0.1 0.05
2341 12.677542924880981 0.0 0.0 0.0 0.0 0.0 0.0 -0.02550284766905158 0.012654922741128508 -1.088362606361313 0.1640921162812526 -0.2636693834262862 0.07012483601762931 0.0 0.0 0.0 -0.10811577080703318 -0.09756507986982954 -0.013082008267651013 -0.011805374664249375 0.0 0.0 0.0 0.0 10.200000000000008 0.0 0.07 10.200000000000008 0.0 0.07 0.3 0.05 0.8 0.3 0.05 0.8 0.5 0.1 0.05
2342 12.68288516998291 0.0 0.0 0.0 0.0 0.0 0.0 -0.025502680711463985 0.012655089698716107 -1.0883613181083223 0.1640921162812526 -0.2636693834262862 0.07012483601762931 0.0 0.0 0.0 -0.10811577080703318 -0.09756507986982954 -0.013082008267651013 -0.011805374664249375 0.0 0.0 0.0 0.0 10.200000000000008 0.0 0.07 10.200000000000008 0.0 0.07 0.3 0.05 0.8 0.3 0.05 0.8 0.5 0.1 0.05
2343 12.688246726989746 0.0 0.0 0.0 0.0 0.0 0.0 -0.025502580536911425 0.012655189873268666 -1.0883605451565277 0.1640921162812526 -0.2636693834262862 0.07012483601762931 0.0 0.0 0.0 -0.10811577080703318 -0.09756507986982954 -0.013082008267651013 -0.011805374664249375 0.0 0.0 0.0 0.0 10.200000000000008 0.0 0.07 10.200000000000008 0.0 0.07 0.3 0.05 0.8 0.3 0.05 0.8 0.5 0.1 0.05
2344 12.693509817123413 0.0 0.0 0.0 0.0 0.0 0.0 -0.02550252043217989 0.012655249978000202 -1.088360081385451 0.1640921162812526 -0.2636693834262862 0.07012483601762931 0.0 0.0 0.0 -0.10811577080703318 -0.09756507986982954 -0.013082008267651013 -0.011805374664249375 0.0 0.0 0.0 0.0 10.200000000000008 0.0 0.07 10.200000000000008 0.0 0.07 0.3 0.05 0.8 0.3 0.05 0.8 0.5 0.1 0.05
2345 12.698778629302979 0.0 0.0 0.0 0.0 0.0 0.0 -0.025502484369340966 0.012655286040839122 -1.088359803122805 0.1640921162812526 -0.2636693834262862 0.07012483601762931 0.0 0.0 0.0 -0.10811577080703318 -0.09756507986982954 -0.013082008267651013 -0.011805374664249375 0.0 0.0 0.0 0.0 10.200000000000008 0.0 0.07 10.200000000000008 0.0 0.07 0.3 0.05 0.8 0.3 0.05 0.8 0.5 0.1 0.05
2346 12.704117059707642 0.0 0.0 0.0 0.0 0.0 0.0 -0.025502462731637615 0.012655307678542473 -1.0883596361652175 0.1640921162812526 -0.2636693834262862 0.07012483601762931 0.0 0.0 0.0 -0.10811577080703318 -0.09756507986982954 -0.013082008267651013 -0.011805374664249375 0.0 0.0 0.0 0.0 10.200000000000008 0.0 0.07 10.200000000000008 0.0 0.07 0.3 0.05 0.8 0.3 0.05 0.8 0.5 0.1 0.05
2347 12.70941972732544 0.0 0.0 0.0 0.0 0.0 0.0 -0.025502449749015603 0.012655320661164485 -1.0883595359906648 0.1640921162812526 -0.2636693834262862 0.07012483601762931 0.0 0.0 0.0 -0.10811577080703318 -0.09756507986982954 -0.013082008267651013 -0.011805374664249375 0.0 0.0 0.0 0.0 10.200000000000008 0.0 0.07 10.200000000000008 0.0 0.07 0.3 0.05 0.8 0.3 0.05 0.8 0.5 0.1 0.05
2348 12.714683532714844 0.0 0.0 0.0 0.0 0.0 0.0 -0.025502441959442394 0.012655328450737692 -1.0883594758859334 0.1640921162812526 -0.2636693834262862 0.07012483601762931 0.0 0.0 0.0 -0.10811577080703318 -0.09756507986982954 -0.013082008267651013 -0.011805374664249375 0.0 0.0 0.0 0.0 10.200000000000008 0.0 0.07 10.200000000000008 0.0 0.07 0.3 0.05 0.8 0.3 0.05 0.8 0.5 0.1 0.05
2349 12.720032215118408 0.0 0.0 0.0 0.0 0.0 0.0 -0.02550243728569847 0.012655333124481617 -1.0883594398230945 0.1640921162812526 -0.2636693834262862 0.07012483601762931 0.0 0.0 0.0 -0.10811577080703318 -0.09756507986982954 -0.013082008267651013 -0.011805374664249375 0.0 0.0 0.0 0.0 10.200000000000008 0.0 0.07 10.200000000000008 0.0 0.07 0.3 0.05 0.8 0.3 0.05 0.8 0.5 0.1 0.05
2350 12.725339412689209 0.0 0.0 0.0 0.0 0.0 0.0 -0.02550243448145212 0.012655335928727971 -1.088359418185391 0.1640921162812526 -0.2636693834262862 0.07012483601762931 0.0 0.0 0.0 -0.10811577080703318 -0.09756507986982954 -0.013082008267651013 -0.011805374664249375 0.0 0.0 0.0 0.0 10.200000000000008 0.0 0.07 10.200000000000008 0.0 0.07 0.3 0.05 0.8 0.3 0.05 0.8 0.5 0.1 0.05
2351 12.73072075843811 0.0 0.0 0.0 0.0 0.0 0.0 -0.025502432798904306 0.012655337611275784 -1.088359405202769 0.1640921162812526 -0.2636693834262862 0.07012483601762931 0.0 0.0 0.0 -0.10811577080703318 -0.09756507986982954 -0.013082008267651013 -0.011805374664249375 0.0 0.0 0.0 0.0 10.200000000000008 0.0 0.07 10.200000000000008 0.0 0.07 0.3 0.05 0.8 0.3 0.05 0.8 0.5 0.1 0.05
2352 12.736036539077759 0.0 0.0 0.0 0.0 0.0 0.0 -0.02550243178937562 0.012655338620804472 -1.0883593974131958 0.1640921162812526 -0.2636693834262862 0.07012483601762931 0.0 0.0 0.0 -0.10811577080703318 -0.09756507986982954 -0.013082008267651013 -0.011805374664249375 0.0 0.0 0.0 0.0 10.200000000000008 0.0 0.07 10.200000000000008 0.0 0.07 0.3 0.05 0.8 0.3 0.05 0.8 0.5 0.1 0.05
2353 12.741364240646362 0.0 0.0 0.0 0.0 0.0 0.0 -0.025502431183658407 0.012655339226521685 -1.088359392739452 0.1640921162812526 -0.2636693834262862 0.07012483601762931 0.0 0.0 0.0 -0.10811577080703318 -0.09756507986982954 -0.013082008267651013 -0.011805374664249375 0.0 0.0 0.0 0.0 10.200000000000008 0.0 0.07 10.200000000000008 0.0 0.07 0.3 0.05 0.8 0.3 0.05 0.8 0.5 0.1 0.05
2354 12.746631860733032 0.0 0.0 0.0 0.0 0.0 0.0 -0.02550243082022808 0.012655339589952012 -1.0883593899352055 0.1640921162812526 -0.2636693834262862 0.07012483601762931 0.0 0.0 0.0 -0.10811577080703318 -0.09756507986982954 -0.013082008267651013 -0.011805374664249375 0.0 0.0 0.0 0.0 10.200000000000008 0.0 0.07 10.200000000000008 0.0 0.07 0.3 0.05 0.8 0.3 0.05 0.8 0.5 0.1 0.05
2355 12.752548456192017 0.0 0.0 0.0 0.0 0.0 0.0 -0.025502430602169883 0.012655339808010209 -1.0883593882526577 0.1640921162812526 -0.2636693834262862 0.07012483601762931 0.0 0.0 0.0 -0.10811577080703318 -0.09756507986982954 -0.013082008267651013 -0.011805374664249375 0.0 0.0 0.0 0.0 10.200000000000008 0.0 0.07 10.200000000000008 0.0 0.07 0.3 0.05 0.8 0.3 0.05 0.8 0.5 0.1 0.05
2356 12.758083581924438 0.0 0.0 0.0 0.0 0.0 0.0 -0.025502430471334964 0.012655339938845126 -1.088359387243129 0.1640921162812526 -0.2636693834262862 0.07012483601762931 0.0 0.0 0.0 -0.10811577080703318 -0.09756507986982954 -0.013082008267651013 -0.011805374664249375 0.0 0.0 0.0 0.0 10.200000000000008 0.0 0.07 10.200000000000008 0.0 0.07 0.3 0.05 0.8 0.3 0.05 0.8 0.5 0.1 0.05
2357 12.763478994369507 0.0 0.0 0.0 0.0 0.0 0.0 -0.025502430392834015 0.012655340017346077 -1.0883593866374117 0.1640921162812526 -0.2636693834262862 0.07012483601762931 0.0 0.0 0.0 -0.10811577080703318 -0.09756507986982954 -0.013082008267651013 -0.011805374664249375 0.0 0.0 0.0 0.0 10.200000000000008 0.0 0.07 10.200000000000008 0.0 0.07 0.3 0.05 0.8 0.3 0.05 0.8 0.5 0.1 0.05
2358 12.768747091293335 0.0 0.0 0.0 0.0 0.0 0.0 -0.02550243034573344 0.012655340064446647 -1.0883593862739815 0.1640921162812526 -0.2636693834262862 0.07012483601762931 0.0 0.0 0.0 -0.10811577080703318 -0.09756507986982954 -0.013082008267651013 -0.011805374664249375 0.0 0.0 0.0 0.0 10.200000000000008 0.0 0.07 10.200000000000008 0.0 0.07 0.3 0.05 0.8 0.3 0.05 0.8 0.5 0.1 0.05
2359 12.773964643478394 0.0 0.0 0.0 0.0 0.0 0.0 -0.0255024303174731 0.012655340092706989 -1.0883593860559233 0.1640921162812526 -0.2636693834262862 0.07012483601762931 0.0 0.0 0.0 -0.10811577080703318 -0.09756507986982954 -0.013082008267651013 -0.011805374664249375 0.0 0.0 0.0 0.0 10.200000000000008 0.0 0.07 10.200000000000008 0.0 0.07 0.3 0.05 0.8 0.3 0.05 0.8 0.5 0.1 0.05
2360 12.779192924499512 0.0 0.0 0.0 0.0 0.0 0.0 -0.025502430300516896 0.012655340109663194 -1.0883593859250884 0.1640921162812526 -0.2636693834262862 0.07012483601762931 0.0 0.0 0.0 -0.10811577080703318 -0.09756507986982954 -0.013082008267651013 -0.011805374664249375 0.0 0.0 0.0 0.0 10.200000000000008 0.0 0.07 10.200000000000008 0.0 0.07 0.3 0.05 0.8 0.3 0.05 0.8 0.5 0.1 0.05
2361 12.784538984298706 0.0 0.0 0.0 0.0 0.0 0.0 -0.025502430290343173 0.01265534011983692 -1.0883593858465874 0.1640921162812526 -0.2636693834262862 0.07012483601762931 0.0 0.0 0.0 -0.10811577080703318 -0.09756507986982954 -0.013082008267651013 -0.011805374664249375 0.0 0.0 0.0 0.0 10.200000000000008 0.0 0.07 10.200000000000008 0.0 0.07 0.3 0.05 0.8 0.3 0.05 0.8 0.5 0.1 0.05
2362 12.78994369506836 0.0 0.0 0.0 0.0 0.0 0.0 -0.025502430284238937 0.012655340125941153 -1.0883593857994869 0.1640921162812526 -0.2636693834262862 0.07012483601762931 0.0 0.0 0.0 -0.10811577080703318 -0.09756507986982954 -0.013082008267651013 -0.011805374664249375 0.0 0.0 0.0 0.0 10.200000000000008 0.0 0.07 10.200000000000008 0.0 0.07 0.3 0.05 0.8 0.3 0.05 0.8 0.5 0.1 0.05
2363 12.795222520828247 0.0 0.0 0.0 0.0 0.0 0.0 -0.025502430280576395 0.012655340129603693 -1.0883593857712266 0.1640921162812526 -0.2636693834262862 0.07012483601762931 0.0 0.0 0.0 -0.10811577080703318 -0.09756507986982954 -0.013082008267651013 -0.011805374664249375 0.0 0.0 0.0 0.0 10.200000000000008 0.0 0.07 10.200000000000008 0.0 0.07 0.3 0.05 0.8 0.3 0.05 0.8 0.5 0.1 0.05
2364 12.800490856170654 0.0 0.0 0.0 0.0 0.0 0.0 -0.02550243027837887 0.012655340131801217 -1.0883593857542704 0.1640921162812526 -0.2636693834262862 0.07012483601762931 0.0 0.0 0.0 -0.10811577080703318 -0.09756507986982954 -0.013082008267651013 -0.011805374664249375 0.0 0.0 0.0 0.0 10.200000000000008 0.0 0.07 10.200000000000008 0.0 0.07 0.3 0.05 0.8 0.3 0.05 0.8 0.5 0.1 0.05
2365 12.80573320388794 0.0 0.0 0.0 0.0 0.0 0.0 -0.02550243027706036 0.012655340133119732 -1.0883593857440967 0.1640921162812526 -0.2636693834262862 0.07012483601762931 0.0 0.0 0.0 -0.10811577080703318 -0.09756507986982954 -0.013082008267651013 -0.011805374664249375 0.0 0.0 0.0 0.0 10.200000000000008 0.0 0.07 10.200000000000008 0.0 0.07 0.3 0.05 0.8 0.3 0.05 0.8 0.5 0.1 0.05
2366 12.811043977737427 0.0 0.0 0.0 0.0 0.0 0.0 -0.02550243027626925 0.01265534013391084 -1.0883593857379925 0.1640921162812526 -0.2636693834262862 0.07012483601762931 0.0 0.0 0.0 -0.10811577080703318 -0.09756507986982954 -0.013082008267651013 -0.011805374664249375 0.0 0.0 0.0 0.0 10.200000000000008 0.0 0.07 10.200000000000008 0.0 0.07 0.3 0.05 0.8 0.3 0.05 0.8 0.5 0.1 0.05
2367 12.816277265548706 0.0 0.0 0.0 0.0 0.0 0.0 -0.025502430275794585 0.012655340134385505 -1.0883593857343299 0.1640921162812526 -0.2636693834262862 0.07012483601762931 0.0 0.0 0.0 -0.10811577080703318 -0.09756507986982954 -0.013082008267651013 -0.011805374664249375 0.0 0.0 0.0 0.0 10.200000000000008 0.0 0.07 10.200000000000008 0.0 0.07 0.3 0.05 0.8 0.3 0.05 0.8 0.5 0.1 0.05
2368 12.821651458740234 0.0 0.0 0.0 0.0 0.0 0.0 -0.025502430275509788 0.012655340134670304 -1.0883593857321323 0.1640921162812526 -0.2636693834262862 0.07012483601762931 0.0 0.0 0.0 -0.10811577080703318 -0.09756507986982954 -0.013082008267651013 -0.011805374664249375 0.0 0.0 0.0 0.0 10.200000000000008 0.0 0.07 10.200000000000008 0.0 0.07 0.3 0.05 0.8 0.3 0.05 0.8 0.5 0.1 0.05
2369 12.826880693435669 0.0 0.0 0.0 0.0 0.0 0.0 -0.025502430275338907 0.012655340134841184 -1.0883593857308138 0.1640921162812526 -0.2636693834262862 0.07012483601762931 0.0 0.0 0.0 -0.10811577080703318 -0.09756507986982954 -0.013082008267651013 -0.011805374664249375 0.0 0.0 0.0 0.0 10.200000000000008 0.0 0.07 10.200000000000008 0.0 0.07 0.3 0.05 0.8 0.3 0.05 0.8 0.5 0.1 0.05
2370 12.832128763198853 0.0 0.0 0.0 0.0 0.0 0.0 -0.025502430275236382 0.012655340134943712 -1.0883593857300227 0.1640921162812526 -0.2636693834262862 0.07012483601762931 0.0 0.0 0.0 -0.10811577080703318 -0.09756507986982954 -0.013082008267651013 -0.011805374664249375 0.0 0.0 0.0 0.0 10.200000000000008 0.0 0.07 10.200000000000008 0.0 0.07 0.3 0.05 0.8 0.3 0.05 0.8 0.5 0.1 0.05
2371 12.837521314620972 0.0 0.0 0.0 0.0 0.0 0.0 -0.02550243027517486 0.012655340135005229 -1.088359385729548 0.1640921162812526 -0.2636693834262862 0.07012483601762931 0.0 0.0 0.0 -0.10811577080703318 -0.09756507986982954 -0.013082008267651013 -0.011805374664249375 0.0 0.0 0.0 0.0 10.200000000000008 0.0 0.07 10.200000000000008 0.0 0.07 0.3 0.05 0.8 0.3 0.05 0.8 0.5 0.1 0.05
2372 12.842868089675903 0.0 0.0 0.0 0.0 0.0 0.0 -0.025502430275137954 0.012655340135042138 -1.0883593857292633 0.1640921162812526 -0.2636693834262862 0.07012483601762931 0.0 0.0 0.0 -0.10811577080703318 -0.09756507986982954 -0.013082008267651013 -0.011805374664249375 0.0 0.0 0.0 0.0 10.200000000000008 0.0 0.07 10.200000000000008 0.0 0.07 0.3 0.05 0.8 0.3 0.05 0.8 0.5 0.1 0.05
2373 12.848235130310059 0.0 0.0 0.0 0.0 0.0 0.0 -0.025502430275115805 0.012655340135064284 -1.0883593857290923 0.1640921162812526 -0.2636693834262862 0.07012483601762931 0.0 0.0 0.0 -0.10811577080703318 -0.09756507986982954 -0.013082008267651013 -0.011805374664249375 0.0 0.0 0.0 0.0 10.200000000000008 0.0 0.07 10.200000000000008 0.0 0.07 0.3 0.05 0.8 0.3 0.05 0.8 0.5 0.1 0.05
2374 12.85355806350708 0.0 0.0 0.0 0.0 0.0 0.0 -0.025502430275102517 0.012655340135077572 -1.0883593857289897 0.1640921162812526 -0.2636693834262862 0.07012483601762931 0.0 0.0 0.0 -0.10811577080703318 -0.09756507986982954 -0.013082008267651013 -0.011805374664249375 0.0 0.0 0.0 0.0 10.200000000000008 0.0 0.07 10.200000000000008 0.0 0.07 0.3 0.05 0.8 0.3 0.05 0.8 0.5 0.1 0.05
2375 12.858824253082275 0.0 0.0 0.0 0.0 0.0 0.0 -0.025502430275094544 0.012655340135085544 -1.0883593857289282 0.1640921162812526 -0.2636693834262862 0.07012483601762931 0.0 0.0 0.0 -0.10811577080703318 -0.09756507986982954 -0.013082008267651013 -0.011805374664249375 0.0 0.0 0.0 0.0 10.200000000000008 0.0 0.07 10.200000000000008 0.0 0.07 0.3 0.05 0.8 0.3 0.05 0.8 0.5 0.1 0.05
2376 12.864163875579834 0.0 0.0 0.0 0.0 0.0 0.0 -0.025502430275089763 0.012655340135090329 -1.0883593857288913 0.1640921162812526 -0.2636693834262862 0.07012483601762931 0.0 0.0 0.0 -0.10811577080703318 -0.09756507986982954 -0.013082008267651013 -0.011805374664249375 0.0 0.0 0.0 0.0 10.200000000000008 0.0 0.07 10.200000000000008 0.0 0.07 0.3 0.05 0.8 0.3 0.05 0.8 0.5 0.1 0.05
2377 12.869475603103638 0.0 0.0 0.0 0.0 0.0 0.0 -0.02550243027508689 0.012655340135093198 -1.0883593857288691 0.1640921162812526 -0.2636693834262862 0.07012483601762931 0.0 0.0 0.0 -0.10811577080703318 -0.09756507986982954 -0.013082008267651013 -0.011805374664249375 0.0 0.0 0.0 0.0 10.200000000000008 0.0 0.07 10.200000000000008 0.0 0.07 0.3 0.05 0.8 0.3 0.05 0.8 0.5 0.1 0.05
2378 12.874741315841675 0.0 0.0 0.0 0.0 0.0 0.0 -0.02550243027508517 0.012655340135094919 -1.0883593857288558 0.1640921162812526 -0.2636693834262862 0.07012483601762931 0.0 0.0 0.0 -0.10811577080703318 -0.09756507986982954 -0.013082008267651013 -0.011805374664249375 0.0 0.0 0.0 0.0 10.200000000000008 0.0 0.07 10.200000000000008 0.0 0.07 0.3 0.05 0.8 0.3 0.05 0.8 0.5 0.1 0.05
2379 12.880004405975342 0.0 0.0 0.0 0.0 0.0 0.0 -0.025502430275084136 0.012655340135095953 -1.0883593857288478 0.1640921162812526 -0.2636693834262862 0.07012483601762931 0.0 0.0 0.0 -0.10811577080703318 -0.09756507986982954 -0.013082008267651013 -0.011805374664249375 0.0 0.0 0.0 0.0 10.200000000000008 0.0 0.07 10.200000000000008 0.0 0.07 0.3 0.05 0.8 0.3 0.05 0.8 0.5 0.1 0.05
2380 12.885281562805176 0.0 0.0 0.0 0.0 0.0 0.0 -0.025502430275083518 0.012655340135096574 -1.0883593857288432 0.1640921162812526 -0.2636693834262862 0.07012483601762931 0.0 0.0 0.0 -0.10811577080703318 -0.09756507986982954 -0.013082008267651013 -0.011805374664249375 0.0 0.0 0.0 0.0 10.200000000000008 0.0 0.07 10.200000000000008 0.0 0.07 0.3 0.05 0.8 0.3 0.05 0.8 0.5 0.1 0.05
2381 12.890665531158447 0.0 0.0 0.0 0.0 0.0 0.0 -0.025502430275083143 0.012655340135096945 -1.0883593857288403 0.1640921162812526 -0.2636693834262862 0.07012483601762931 0.0 0.0 0.0 -0.10811577080703318 -0.09756507986982954 -0.013082008267651013 -0.011805374664249375 0.0 0.0 0.0 0.0 10.200000000000008 0.0 0.07 10.200000000000008 0.0 0.07 0.3 0.05 0.8 0.3 0.05 0.8 0.5 0.1 0.05
2382 12.895925045013428 0.0 0.0 0.0 0.0 0.0 0.0 -0.02550243027508292 0.012655340135097167 -1.0883593857288385 0.1640921162812526 -0.2636693834262862 0.07012483601762931 0.0 0.0 0.0 -0.10811577080703318 -0.09756507986982954 -0.013082008267651013 -0.011805374664249375 0.0 0.0 0.0 0.0 10.200000000000008 0.0 0.07 10.200000000000008 0.0 0.07 0.3 0.05 0.8 0.3 0.05 0.8 0.5 0.1 0.05
2383 12.901296138763428 0.0 0.0 0.0 0.0 0.0 0.0 -0.02550243027508279 0.012655340135097302 -1.0883593857288376 0.1640921162812526 -0.2636693834262862 0.07012483601762931 0.0 0.0 0.0 -0.10811577080703318 -0.09756507986982954 -0.013082008267651013 -0.011805374664249375 0.0 0.0 0.0 0.0 10.200000000000008 0.0 0.07 10.200000000000008 0.0 0.07 0.3 0.05 0.8 0.3 0.05 0.8 0.5 0.1 0.05
2384 12.906742811203003 0.0 0.0 0.0 0.0 0.0 0.0 -0.025502430275082706 0.012655340135097382 -1.088359385728837 0.1640921162812526 -0.2636693834262862 0.07012483601762931 0.0 0.0 0.0 -0.10811577080703318 -0.09756507986982954 -0.013082008267651013 -0.011805374664249375 0.0 0.0 0.0 0.0 10.200000000000008 0.0 0.07 10.200000000000008 0.0 0.07 0.3 0.05 0.8 0.3 0.05 0.8 0.5 0.1 0.05
2385 12.912060499191284 0.0 0.0 0.0 0.0 0.0 0.0 -0.025502430275082658 0.01265534013509743 -1.0883593857288365 0.1640921162812526 -0.2636693834262862 0.07012483601762931 0.0 0.0 0.0 -0.10811577080703318 -0.09756507986982954 -0.013082008267651013 -0.011805374664249375 0.0 0.0 0.0 0.0 10.200000000000008 0.0 0.07 10.200000000000008 0.0 0.07 0.3 0.05 0.8 0.3 0.05 0.8 0.5 0.1 0.05
2386 12.917385339736938 0.0 0.0 0.0 0.0 0.0 0.0 -0.02550243027508263 0.012655340135097459 -1.0883593857288363 0.1640921162812526 -0.2636693834262862 0.07012483601762931 0.0 0.0 0.0 -0.10811577080703318 -0.09756507986982954 -0.013082008267651013 -0.011805374664249375 0.0 0.0 0.0 0.0 10.200000000000008 0.0 0.07 10.200000000000008 0.0 0.07 0.3 0.05 0.8 0.3 0.05 0.8 0.5 0.1 0.05
2387 12.922798871994019 0.0 0.0 0.0 0.0 0.0 0.0 -0.025502430275082612 0.012655340135097476 -1.0883593857288363 0.1640921162812526 -0.2636693834262862 0.07012483601762931 0.0 0.0 0.0 -0.10811577080703318 -0.09756507986982954 -0.013082008267651013 -0.011805374664249375 0.0 0.0 0.0 0.0 10.200000000000008 0.0 0.07 10.200000000000008 0.0 0.07 0.3 0.05 0.8 0.3 0.05 0.8 0.5 0.1 0.05
2388 12.928102493286133 0.0 0.0 0.0 0.0 0.0 0.0 -0.025502430275082602 0.012655340135097486 -1.0883593857288363 0.1640921162812526 -0.2636693834262862 0.07012483601762931 0.0 0.0 0.0 -0.10811577080703318 -0.09756507986982954 -0.013082008267651013 -0.011805374664249375 0.0 0.0 0.0 0.0 10.200000000000008 0.0 0.07 10.200000000000008 0.0 0.07 0.3 0.05 0.8 0.3 0.05 0.8 0.5 0.1 0.05
2389 12.933399677276611 0.0 0.0 0.0 0.0 0.0 0.0 -0.025502430275082595 0.012655340135097493 -1.0883593857288363 0.1640921162812526 -0.2636693834262862 0.07012483601762931 0.0 0.0 0.0 -0.10811577080703318 -0.09756507986982954 -0.013082008267651013 -0.011805374664249375 0.0 0.0 0.0 0.0 10.200000000000008 0.0 0.07 10.200000000000008 0.0 0.07 0.3 0.05 0.8 0.3 0.05 0.8 0.5 0.1 0.05
2390 12.938640356063843 0.0 0.0 0.0 0.0 0.0 0.0 -0.02550243027508259 0.012655340135097497 -1.0883593857288363 0.1640921162812526 -0.2636693834262862 0.07012483601762931 0.0 0.0 0.0 -0.10811577080703318 -0.09756507986982954 -0.013082008267651013 -0.011805374664249375 0.0 0.0 0.0 0.0 10.200000000000008 0.0 0.07 10.200000000000008 0.0 0.07 0.3 0.05 0.8 0.3 0.05 0.8 0.5 0.1 0.05
2391 12.944061994552612 0.0 0.0 0.0 0.0 0.0 0.0 -0.025502430275082588 0.0126553401350975 -1.0883593857288363 0.1640921162812526 -0.2636693834262862 0.07012483601762931 0.0 0.0 0.0 -0.10811577080703318 -0.09756507986982954 -0.013082008267651013 -0.011805374664249375 0.0 0.0 0.0 0.0 10.200000000000008 0.0 0.07 10.200000000000008 0.0 0.07 0.3 0.05 0.8 0.3 0.05 0.8 0.5 0.1 0.05
2392 12.949391841888428 0.0 0.0 0.0 0.0 0.0 0.0 -0.025502430275082588 0.0126553401350975 -1.0883593857288363 0.1640921162812526 -0.2636693834262862 0.07012483601762931 0.0 0.0 0.0 -0.10811577080703318 -0.09756507986982954 -0.013082008267651013 -0.011805374664249375 0.0 0.0 0.0 0.0 10.200000000000008 0.0 0.07 10.200000000000008 0.0 0.07 0.3 0.05 0.8 0.3 0.05 0.8 0.5 0.1 0.05
2393 12.954689741134644 0.0 0.0 0.0 0.0 0.0 0.0 -0.025502430275082588 0.0126553401350975 -1.0883593857288363 0.1640921162812526 -0.2636693834262862 0.07012483601762931 0.0 0.0 0.0 -0.10811577080703318 -0.09756507986982954 -0.013082008267651013 -0.011805374664249375 0.0 0.0 0.0 0.0 10.200000000000008 0.0 0.07 10.200000000000008 0.0 0.07 0.3 0.05 0.8 0.3 0.05 0.8 0.5 0.1 0.05
2394 12.959965467453003 0.0 0.0 0.0 0.0 0.0 0.0 -0.025502430275082588 0.0126553401350975 -1.0883593857288363 0.1640921162812526 -0.2636693834262862 0.07012483601762931 0.0 0.0 0.0 -0.10811577080703318 -0.09756507986982954 -0.013082008267651013 -0.011805374664249375 0.0 0.0 0.0 0.0 10.200000000000008 0.0 0.07 10.200000000000008 0.0 0.07 0.3 0.05 0.8 0.3 0.05 0.8 0.5 0.1 0.05
2395 12.965336084365845 0.0 0.0 0.0 0.0 0.0 0.0 -0.025502430275082588 0.0126553401350975 -1.0883593857288363 0.1640921162812526 -0.2636693834262862 0.07012483601762931 0.0 0.0 0.0 -0.10811577080703318 -0.09756507986982954 -0.013082008267651013 -0.011805374664249375 0.0 0.0 0.0 0.0 10.200000000000008 0.0 0.07 10.200000000000008 0.0 0.07 0.3 0.05 0.8 0.3 0.05 0.8 0.5 0.1 0.05
2396 12.970716714859009 0.0 0.0 0.0 0.0 0.0 0.0 -0.025502430275082588 0.012732039391994474 -1.0883593857288363 0.1640921162812526 -0.2636693834262862 0.07012483601762931 0.0 0.0 0.0 -0.10811577080703318 -0.09756507986982954 -0.013082008267651013 -0.011805374664249375 0.0 0.0 0.0 0.0 10.200000000000008 0.0 0.07 10.200000000000008 0.0 0.07 0.3 0.05 0.8 0.3 0.05 0.8 0.5 0.1 0.05
2397 12.976022720336914 0.0 0.0 0.0 0.0 0.0 0.0 -0.025502430275082588 0.012778058946132658 -1.0883593857288363 0.1640921162812526 -0.2636693834262862 0.07012483601762931 0.0 0.0 0.0 -0.10811577080703318 -0.09756507986982954 -0.013082008267651013 -0.011805374664249375 0.0 0.0 0.0 0.0 10.200000000000008 0.0 0.07 10.200000000000008 0.0 0.07 0.3 0.05 0.8 0.3 0.05 0.8 0.5 0.1 0.05
2398 12.981271266937256 0.0 0.0 0.0 0.0 0.0 0.0 -0.025502430275082588 0.012805670678615568 -1.0883593857288363 0.1640921162812526 -0.2636693834262862 0.07012483601762931 0.0 0.0 0.0 -0.10811577080703318 -0.09756507986982954 -0.013082008267651013 -0.011805374664249375 0.0 0.0 0.0 0.0 10.200000000000008 0.0 0.07 10.200000000000008 0.0 0.07 0.3 0.05 0.8 0.3 0.05 0.8 0.5 0.1 0.05
2399 12.986570835113525 0.0 0.0 0.0 0.0 0.0 0.0 -0.025502430275082588 0.012822237718105315 -1.0883593857288363 0.1640921162812526 -0.2636693834262862 0.07012483601762931 0.0 0.0 0.0 -0.10811577080703318 -0.09756507986982954 -0.013082008267651013 -0.011805374664249375 0.0 0.0 0.0 0.0 10.200000000000008 0.0 0.07 10.200000000000008 0.0 0.07 0.3 0.05 0.8 0.3 0.05 0.8 0.5 0.1 0.05
2400 12.99188232421875 0.0 0.0 0.0 0.0 0.0 0.0 -0.025502430275082588 0.012832177941799163 -1.0883593857288363 0.1640921162812526 -0.2636693834262862 0.07012483601762931 0.0 0.0 0.0 -0.10811577080703318 -0.09756507986982954 -0.013082008267651013 -0.011805374664249375 0.0 0.0 0.0 0.0 10.200000000000008 0.0 0.07 10.200000000000008 0.0 0.07 0.3 0.05 0.8 0.3 0.05 0.8 0.5 0.1 0.05
2401 12.997311353683472 0.0 0.0 0.0 0.0 0.0 0.0 -0.025502430275082588 0.012838142076015472 -1.0883593857288363 0.1640921162812526 -0.2636693834262862 0.07012483601762931 0.0 0.0 0.0 -0.10811577080703318 -0.09756507986982954 -0.013082008267651013 -0.011805374664249375 0.0 0.0 0.0 0.0 10.200000000000008 0.0 0.07 10.200000000000008 0.0 0.07 0.3 0.05 0.8 0.3 0.05 0.8 0.5 0.1 0.05
2402 13.00258207321167 0.0 0.0 0.0 0.0 0.0 0.0 -0.025502430275082588 0.012841720556545257 -1.0883593857288363 0.1640921162812526 -0.2636693834262862 0.07012483601762931 0.0 0.0 0.0 -0.10811577080703318 -0.09756507986982954 -0.013082008267651013 -0.011805374664249375 0.0 0.0 0.0 0.0 10.200000000000008 0.0 0.07 10.200000000000008 0.0 0.07 0.3 0.05 0.8 0.3 0.05 0.8 0.5 0.1 0.05
2403 13.008061408996582 0.0 0.0 0.0 0.0 0.0 0.0 -0.025502430275082588 0.012843867644863128 -1.0883593857288363 0.1640921162812526 -0.2636693834262862 0.07012483601762931 0.0 0.0 0.0 -0.10811577080703318 -0.09756507986982954 -0.013082008267651013 -0.011805374664249375 0.0 0.0 0.0 0.0 10.200000000000008 0.0 0.07 10.200000000000008 0.0 0.07 0.3 0.05 0.8 0.3 0.05 0.8 0.5 0.1 0.05
2404 13.013348817825317 0.0 0.0 0.0 0.0 0.0 0.0 -0.025502430275082588 0.01284515589785385 -1.0883593857288363 0.1640921162812526 -0.2636693834262862 0.07012483601762931 0.0 0.0 0.0 -0.10811577080703318 -0.09756507986982954 -0.013082008267651013 -0.011805374664249375 0.0 0.0 0.0 0.0 10.200000000000008 0.0 0.07 10.200000000000008 0.0 0.07 0.3 0.05 0.8 0.3 0.05 0.8 0.5 0.1 0.05
2405 13.018670797348022 0.0 0.0 0.0 0.0 0.0 0.0 -0.025502430275082588 0.012845928849648285 -1.0883593857288363 0.1640921162812526 -0.2636693834262862 0.07012483601762931 0.0 0.0 0.0 -0.10811577080703318 -0.09756507986982954 -0.013082008267651013 -0.011805374664249375 0.0 0.0 0.0 0.0 10.200000000000008 0.0 0.07 10.200000000000008 0.0 0.07 0.3 0.05 0.8 0.3 0.05 0.8 0.5 0.1 0.05
2406 13.024019002914429 0.0 0.0 0.0 0.0 0.0 0.0 -0.025502430275082588 0.012846392620724945 -1.0883593857288363 0.1640921162812526 -0.2636693834262862 0.07012483601762931 0.0 0.0 0.0 -0.10811577080703318 -0.09756507986982954 -0.013082008267651013 -0.011805374664249375 0.0 0.0 0.0 0.0 10.200000000000008 0.0 0.07 10.200000000000008 0.0 0.07 0.3 0.05 0.8 0.3 0.05 0.8 0.5 0.1 0.05
2407 13.02932620048523 0.0 0.0 0.0 0.0 0.0 0.0 -0.025502430275082588 0.012846670883370942 -1.0883593857288363 0.1640921162812526 -0.2636693834262862 0.07012483601762931 0.0 0.0 0.0 -0.10811577080703318 -0.09756507986982954 -0.013082008267651013 -0.011805374664249375 0.0 0.0 0.0 0.0 10.200000000000008 0.0 0.07 10.200000000000008 0.0 0.07 0.3 0.05 0.8 0.3 0.05 0.8 0.5 0.1 0.05
2408 13.034551620483398 0.0 0.0 0.0 0.0 0.0 0.0 -0.025502430275082588 0.012846837840958539 -1.0883593857288363 0.1640921162812526 -0.2636693834262862 0.07012483601762931 0.0 0.0 0.0 -0.10811577080703318 -0.09756507986982954 -0.013082008267651013 -0.011805374664249375 0.0 0.0 0.0 0.0 10.200000000000008 0.0 0.07 10.200000000000008 0.0 0.07 0.3 0.05 0.8 0.3 0.05 0.8 0.5 0.1 0.05
2409 13.03980302810669 0.0 0.0 0.0 0.0 0.0 0.0 -0.025502430275082588 0.012846938015511098 -1.0883593857288363 0.1640921162812526 -0.2636693834262862 0.07012483601762931 0.0 0.0 0.0 -0.10811577080703318 -0.09756507986982954 -0.013082008267651013 -0.011805374664249375 0.0 0.0 0.0 0.0 10.200000000000008 0.0 0.07 10.200000000000008 0.0 0.07 0.3 0.05 0.8 0.3 0.05 0.8 0.5 0.1 0.05
2410 13.04504656791687 0.0 0.0 0.0 0.0 0.0 0.0 -0.025502430275082588 0.012846998120242634 -1.0883593857288363 0.1640921162812526 -0.2636693834262862 0.07012483601762931 0.0 0.0 0.0 -0.10811577080703318 -0.09756507986982954 -0.013082008267651013 -0.011805374664249375 0.0 0.0 0.0 0.0 10.200000000000008 0.0 0.07 10.200000000000008 0.0 0.07 0.3 0.05 0.8 0.3 0.05 0.8 0.5 0.1 0.05
2411 13.050403118133545 0.0 0.0 0.0 0.0 0.0 0.0 -0.025502430275082588 0.012847034183081554 -1.0883593857288363 0.1640921162812526 -0.2636693834262862 0.07012483601762931 0.0 0.0 0.0 -0.10811577080703318 -0.09756507986982954 -0.013082008267651013 -0.011805374664249375 0.0 0.0 0.0 0.0 10.200000000000008 0.0 0.07 10.200000000000008 0.0 0.07 0.3 0.05 0.8 0.3 0.05 0.8 0.5 0.1 0.05
2412 13.055659055709839 0.0 0.0 0.0 0.0 0.0 0.0 -0.025502430275082588 0.012847055820784907 -1.0883593857288363 0.1640921162812526 -0.2636693834262862 0.07012483601762931 0.0 0.0 0.0 -0.10811577080703318 -0.09756507986982954 -0.013082008267651013 -0.011805374664249375 0.0 0.0 0.0 0.0 10.200000000000008 0.0 0.07 10.200000000000008 0.0 0.07 0.3 0.05 0.8 0.3 0.05 0.8 0.5 0.1 0.05
2413 13.060961246490479 0.0 0.0 0.0 0.0 0.0 0.0 -0.025502430275082588 0.012847068803406917 -1.0883593857288363 0.1640921162812526 -0.2636693834262862 0.07012483601762931 0.0 0.0 0.0 -0.10811577080703318 -0.09756507986982954 -0.013082008267651013 -0.011805374664249375 0.0 0.0 0.0 0.0 10.200000000000008 0.0 0.07 10.200000000000008 0.0 0.07 0.3 0.05 0.8 0.3 0.05 0.8 0.5 0.1 0.05
2414 13.066192865371704 0.0 0.0 0.0 0.0 0.0 0.0 -0.025502430275082588 0.012847076592980124 -1.0883593857288363 0.1640921162812526 -0.2636693834262862 0.07012483601762931 0.0 0.0 0.0 -0.10811577080703318 -0.09756507986982954 -0.013082008267651013 -0.011805374664249375 0.0 0.0 0.0 0.0 10.200000000000008 0.0 0.07 10.200000000000008 0.0 0.07 0.3 0.05 0.8 0.3 0.05 0.8 0.5 0.1 0.05
2415 13.071459770202637 0.0 0.0 0.0 0.0 0.0 0.0 -0.025502430275082588 0.012847081266724049 -1.0883593857288363 0.1640921162812526 -0.2636693834262862 0.07012483601762931 0.0 0.0 0.0 -0.10811577080703318 -0.09756507986982954 -0.013082008267651013 -0.011805374664249375 0.0 0.0 0.0 0.0 10.200000000000008 0.0 0.07 10.200000000000008 0.0 0.07 0.3 0.05 0.8 0.3 0.05 0.8 0.5 0.1 0.05
2416 13.076711177825928 0.0 0.0 0.0 0.0 0.0 0.0 -0.025502430275082588 0.012847084070970403 -1.0883593857288363 0.1640921162812526 -0.2636693834262862 0.07012483601762931 0.0 0.0 0.0 -0.10811577080703318 -0.09756507986982954 -0.013082008267651013 -0.011805374664249375 0.0 0.0 0.0 0.0 10.200000000000008 0.0 0.07 10.200000000000008 0.0 0.07 0.3 0.05 0.8 0.3 0.05 0.8 0.5 0.1 0.05
2417 13.081933736801147 0.0 0.0 0.0 0.0 0.0 0.0 -0.025502430275082588 0.012847085753518216 -1.0883593857288363 0.1640921162812526 -0.2636693834262862 0.07012483601762931 0.0 0.0 0.0 -0.10811577080703318 -0.09756507986982954 -0.013082008267651013 -0.011805374664249375 0.0 0.0 0.0 0.0 10.200000000000008 0.0 0.07 10.200000000000008 0.0 0.07 0.3 0.05 0.8 0.3 0.05 0.8 0.5 0.1 0.05
2418 13.087137937545776 0.0 0.0 0.0 0.0 0.0 0.0 -0.025502430275082588 0.012847086763046904 -1.0883593857288363 0.1640921162812526 -0.2636693834262862 0.07012483601762931 0.0 0.0 0.0 -0.10811577080703318 -0.09756507986982954 -0.013082008267651013 -0.011805374664249375 0.0 0.0 0.0 0.0 10.200000000000008 0.0 0.07 10.200000000000008 0.0 0.07 0.3 0.05 0.8 0.3 0.05 0.8 0.5 0.1 0.05
2419 13.092366933822632 0.0 0.0 0.0 0.0 0.0 0.0 -0.025502430275082588 0.012847087368764117 -1.0883593857288363 0.1640921162812526 -0.2636693834262862 0.07012483601762931 0.0 0.0 0.0 -0.10811577080703318 -0.09756507986982954 -0.013082008267651013 -0.011805374664249375 0.0 0.0 0.0 0.0 10.200000000000008 0.0 0.07 10.200000000000008 0.0 0.07 0.3 0.05 0.8 0.3 0.05 0.8 0.5 0.1 0.05
2420 13.097579717636108 0.0 0.0 0.0 0.0 0.0 0.0 -0.025502430275082588 0.012847087732194444 -1.0883593857288363 0.1640921162812526 -0.2636693834262862 0.07012483601762931 0.0 0.0 0.0 -0.10811577080703318 -0.09756507986982954 -0.013082008267651013 -0.011805374664249375 0.0 0.0 0.0 0.0 10.200000000000008 0.0 0.07 10.200000000000008 0.0 0.07 0.3 0.05 0.8 0.3 0.05 0.8 0.5 0.1 0.05
2421 13.102882385253906 0.0 0.0 0.0 0.0 0.0 0.0 -0.025502430275082588 0.01284708795025264 -1.0883593857288363 0.1640921162812526 -0.2636693834262862 0.07012483601762931 0.0 0.0 0.0 -0.10811577080703318 -0.09756507986982954 -0.013082008267651013 -0.011805374664249375 0.0 0.0 0.0 0.0 10.200000000000008 0.0 0.07 10.200000000000008 0.0 0.07 0.3 0.05 0.8 0.3 0.05 0.8 0.5 0.1 0.05
2422 13.108153104782104 0.0 0.0 0.0 0.0 0.0 0.0 -0.025502430275082588 0.012847088081087558 -1.0883593857288363 0.1640921162812526 -0.2636693834262862 0.07012483601762931 0.0 0.0 0.0 -0.10811577080703318 -0.09756507986982954 -0.013082008267651013 -0.011805374664249375 0.0 0.0 0.0 0.0 10.200000000000008 0.0 0.07 10.200000000000008 0.0 0.07 0.3 0.05 0.8 0.3 0.05 0.8 0.5 0.1 0.05
2423 13.113497495651245 0.0 0.0 0.0 0.0 0.0 0.0 -0.025502430275082588 0.012847088159588509 -1.0883593857288363 0.1640921162812526 -0.2636693834262862 0.07012483601762931 0.0 0.0 0.0 -0.10811577080703318 -0.09756507986982954 -0.013082008267651013 -0.011805374664249375 0.0 0.0 0.0 0.0 10.200000000000008 0.0 0.07 10.200000000000008 0.0 0.07 0.3 0.05 0.8 0.3 0.05 0.8 0.5 0.1 0.05
2424 13.118795394897461 0.0 0.0 0.0 0.0 0.0 0.0 -0.025502430275082588 0.012847088206689079 -1.0883593857288363 0.1640921162812526 -0.2636693834262862 0.07012483601762931 0.0 0.0 0.0 -0.10811577080703318 -0.09756507986982954 -0.013082008267651013 -0.011805374664249375 0.0 0.0 0.0 0.0 10.200000000000008 0.0 0.07 10.200000000000008 0.0 0.07 0.3 0.05 0.8 0.3 0.05 0.8 0.5 0.1 0.05
2425 13.124061346054077 0.0 0.0 0.0 0.0 0.0 0.0 -0.025502430275082588 0.01284708823494942 -1.0883593857288363 0.1640921162812526 -0.2636693834262862 0.07012483601762931 0.0 0.0 0.0 -0.10811577080703318 -0.09756507986982954 -0.013082008267651013 -0.011805374664249375 0.0 0.0 0.0 0.0 10.200000000000008 0.0 0.07 10.200000000000008 0.0 0.07 0.3 0.05 0.8 0.3 0.05 0.8 0.5 0.1 0.05
2426 13.12940502166748 0.0 0.0 0.0 0.0 0.0 0.0 -0.025502430275082588 0.012847088251905626 -1.0883593857288363 0.1640921162812526 -0.2636693834262862 0.07012483601762931 0.0 0.0 0.0 -0.10811577080703318 -0.09756507986982954 -0.013082008267651013 -0.011805374664249375 0.0 0.0 0.0 0.0 10.200000000000008 0.0 0.07 10.200000000000008 0.0 0.07 0.3 0.05 0.8 0.3 0.05 0.8 0.5 0.1 0.05
2427 13.134636402130127 0.0 0.0 0.0 0.0 0.0 0.0 -0.025502430275082588 0.01284708826207935 -1.0883593857288363 0.1640921162812526 -0.2636693834262862 0.07012483601762931 0.0 0.0 0.0 -0.10811577080703318 -0.09756507986982954 -0.013082008267651013 -0.011805374664249375 0.0 0.0 0.0 0.0 10.200000000000008 0.0 0.07 10.200000000000008 0.0 0.07 0.3 0.05 0.8 0.3 0.05 0.8 0.5 0.1 0.05
2428 13.13988995552063 0.0 0.0 0.0 0.0 0.0 0.0 -0.025502430275082588 0.012847088268183584 -1.0883593857288363 0.1640921162812526 -0.2636693834262862 0.07012483601762931 0.0 0.0 0.0 -0.10811577080703318 -0.09756507986982954 -0.013082008267651013 -0.011805374664249375 0.0 0.0 0.0 0.0 10.200000000000008 0.0 0.07 10.200000000000008 0.0 0.07 0.3 0.05 0.8 0.3 0.05 0.8 0.5 0.1 0.05
2429 13.14513349533081 0.0 0.0 0.0 0.0 0.0 0.0 -0.025502430275082588 0.012847088271846125 -1.0883593857288363 0.1640921162812526 -0.2636693834262862 0.07012483601762931 0.0 0.0 0.0 -0.10811577080703318 -0.09756507986982954 -0.013082008267651013 -0.011805374664249375 0.0 0.0 0.0 0.0 10.200000000000008 0.0 0.07 10.200000000000008 0.0 0.07 0.3 0.05 0.8 0.3 0.05 0.8 0.5 0.1 0.05
2430 13.150380849838257 0.0 0.0 0.0 0.0 0.0 0.0 -0.025502430275082588 0.012847088274043648 -1.0883593857288363 0.1640921162812526 -0.2636693834262862 0.07012483601762931 0.0 0.0 0.0 -0.10811577080703318 -0.09756507986982954 -0.013082008267651013 -0.011805374664249375 0.0 0.0 0.0 0.0 10.200000000000008 0.0 0.07 10.200000000000008 0.0 0.07 0.3 0.05 0.8 0.3 0.05 0.8 0.5 0.1 0.05
2431 13.155760288238525 0.0 0.0 0.0 0.0 0.0 0.0 -0.025502430275082588 0.012847088275362163 -1.0883593857288363 0.1640921162812526 -0.2636693834262862 0.07012483601762931 0.0 0.0 0.0 -0.10811577080703318 -0.09756507986982954 -0.013082008267651013 -0.011805374664249375 0.0 0.0 0.0 0.0 10.200000000000008 0.0 0.07 10.200000000000008 0.0 0.07 0.3 0.05 0.8 0.3 0.05 0.8 0.5 0.1 0.05
2432 13.161024332046509 0.0 0.0 0.0 0.0 0.0 0.0 -0.025502430275082588 0.012847088276153272 -1.0883593857288363 0.1640921162812526 -0.2636693834262862 0.07012483601762931 0.0 0.0 0.0 -0.10811577080703318 -0.09756507986982954 -0.013082008267651013 -0.011805374664249375 0.0 0.0 0.0 0.0 10.200000000000008 0.0 0.07 10.200000000000008 0.0 0.07 0.3 0.05 0.8 0.3 0.05 0.8 0.5 0.1 0.05
2433 13.166346788406372 0.0 0.0 0.0 0.0 0.0 0.0 -0.025502430275082588 0.012847088276627937 -1.0883593857288363 0.1640921162812526 -0.2636693834262862 0.07012483601762931 0.0 0.0 0.0 -0.10811577080703318 -0.09756507986982954 -0.013082008267651013 -0.011805374664249375 0.0 0.0 0.0 0.0 10.200000000000008 0.0 0.07 10.200000000000008 0.0 0.07 0.3 0.05 0.8 0.3 0.05 0.8 0.5 0.1 0.05
2434 13.17162823677063 0.0 0.0 0.0 0.0 0.0 0.0 -0.025502430275082588 0.012847088276912735 -1.0883593857288363 0.1640921162812526 -0.2636693834262862 0.07012483601762931 0.0 0.0 0.0 -0.10811577080703318 -0.09756507986982954 -0.013082008267651013 -0.011805374664249375 0.0 0.0 0.0 0.0 10.200000000000008 0.0 0.07 10.200000000000008 0.0 0.07 0.3 0.05 0.8 0.3 0.05 0.8 0.5 0.1 0.05
2435 13.177034616470337 0.0 0.0 0.0 0.0 0.0 0.0 -0.025502430275082588 0.012847088277083616 -1.0883593857288363 0.1640921162812526 -0.2636693834262862 0.07012483601762931 0.0 0.0 0.0 -0.10811577080703318 -0.09756507986982954 -0.013082008267651013 -0.011805374664249375 0.0 0.0 0.0 0.0 10.200000000000008 0.0 0.07 10.200000000000008 0.0 0.07 0.3 0.05 0.8 0.3 0.05 0.8 0.5 0.1 0.05
2436 13.182323455810547 0.0 0.0 0.0 0.0 0.0 0.0 -0.025502430275082588 0.012847088277186143 -1.0883593857288363 0.1640921162812526 -0.2636693834262862 0.07012483601762931 0.0 0.0 0.0 -0.10811577080703318 -0.09756507986982954 -0.013082008267651013 -0.011805374664249375 0.0 0.0 0.0 0.0 10.200000000000008 0.0 0.07 10.200000000000008 0.0 0.07 0.3 0.05 0.8 0.3 0.05 0.8 0.5 0.1 0.05
2437 13.187609195709229 0.0 0.0 0.0 0.0 0.0 0.0 -0.025502430275082588 0.01284708827724766 -1.0883593857288363 0.1640921162812526 -0.2636693834262862 0.07012483601762931 0.0 0.0 0.0 -0.10811577080703318 -0.09756507986982954 -0.013082008267651013 -0.011805374664249375 0.0 0.0 0.0 0.0 10.200000000000008 0.0 0.07 10.200000000000008 0.0 0.07 0.3 0.05 0.8 0.3 0.05 0.8 0.5 0.1 0.05
2438 13.192883491516113 0.0 0.0 0.0 0.0 0.0 0.0 -0.025502430275082588 0.01284708827728457 -1.0883593857288363 0.1640921162812526 -0.2636693834262862 0.07012483601762931 0.0 0.0 0.0 -0.10811577080703318 -0.09756507986982954 -0.013082008267651013 -0.011805374664249375 0.0 0.0 0.0 0.0 10.200000000000008 0.0 0.07 10.200000000000008 0.0 0.07 0.3 0.05 0.8 0.3 0.05 0.8 0.5 0.1 0.05
2439 13.19813871383667 0.0 0.0 0.0 0.0 0.0 0.0 -0.025502430275082588 0.012847088277306715 -1.0883593857288363 0.1640921162812526 -0.2636693834262862 0.07012483601762931 0.0 0.0 0.0 -0.10811577080703318 -0.09756507986982954 -0.013082008267651013 -0.011805374664249375 0.0 0.0 0.0 0.0 10.200000000000008 0.0 0.07 10.200000000000008 0.0 0.07 0.3 0.05 0.8 0.3 0.05 0.8 0.5 0.1 0.05
2440 13.203421592712402 0.0 0.0 0.0 0.0 0.0 0.0 -0.025502430275082588 0.012847088277320003 -1.0883593857288363 0.1640921162812526 -0.2636693834262862 0.07012483601762931 0.0 0.0 0.0 -0.10811577080703318 -0.09756507986982954 -0.013082008267651013 -0.011805374664249375 0.0 0.0 0.0 0.0 10.200000000000008 0.0 0.07 10.200000000000008 0.0 0.07 0.3 0.05 0.8 0.3 0.05 0.8 0.5 0.1 0.05
2441 13.208847045898438 0.0 0.0 0.0 0.0 0.0 0.0 -0.025502430275082588 0.012847088277327976 -1.0883593857288363 0.1640921162812526 -0.2636693834262862 0.07012483601762931 0.0 0.0 0.0 -0.10811577080703318 -0.09756507986982954 -0.013082008267651013 -0.011805374664249375 0.0 0.0 0.0 0.0 10.200000000000008 0.0 0.07 10.200000000000008 0.0 0.07 0.3 0.05 0.8 0.3 0.05 0.8 0.5 0.1 0.05
2442 13.214153528213501 0.0 0.0 0.0 0.0 0.0 0.0 -0.025502430275082588 0.01284708827733276 -1.0883593857288363 0.1640921162812526 -0.2636693834262862 0.07012483601762931 0.0 0.0 0.0 -0.10811577080703318 -0.09756507986982954 -0.013082008267651013 -0.011805374664249375 0.0 0.0 0.0 0.0 10.200000000000008 0.0 0.07 10.200000000000008 0.0 0.07 0.3 0.05 0.8 0.3 0.05 0.8 0.5 0.1 0.05
2443 13.2194664478302 0.0 0.0 0.0 0.0 0.0 0.0 -0.025502430275082588 0.01284708827733563 -1.0883593857288363 0.1640921162812526 -0.2636693834262862 0.07012483601762931 0.0 0.0 0.0 -0.10811577080703318 -0.09756507986982954 -0.013082008267651013 -0.011805374664249375 0.0 0.0 0.0 0.0 10.200000000000008 0.0 0.07 10.200000000000008 0.0 0.07 0.3 0.05 0.8 0.3 0.05 0.8 0.5 0.1 0.05
2444 13.224716424942017 0.0 0.0 0.0 0.0 0.0 0.0 -0.025502430275082588 0.012847088277337352 -1.0883593857288363 0.1640921162812526 -0.2636693834262862 0.07012483601762931 0.0 0.0 0.0 -0.10811577080703318 -0.09756507986982954 -0.013082008267651013 -0.011805374664249375 0.0 0.0 0.0 0.0 10.200000000000008 0.0 0.07 10.200000000000008 0.0 0.07 0.3 0.05 0.8 0.3 0.05 0.8 0.5 0.1 0.05
2445 13.230143547058105 0.0 0.0 0.0 0.0 0.0 0.0 -0.025502430275082588 0.012847088277338384 -1.0883593857288363 0.1640921162812526 -0.2636693834262862 0.07012483601762931 0.0 0.0 0.0 -0.10811577080703318 -0.09756507986982954 -0.013082008267651013 -0.011805374664249375 0.0 0.0 0.0 0.0 10.200000000000008 0.0 0.07 10.200000000000008 0.0 0.07 0.3 0.05 0.8 0.3 0.05 0.8 0.5 0.1 0.05
2446 13.235451936721802 0.0 0.0 0.0 0.0 0.0 0.0 -0.025502430275082588 0.012847088277339005 -1.0883593857288363 0.1640921162812526 -0.2636693834262862 0.07012483601762931 0.0 0.0 0.0 -0.10811577080703318 -0.09756507986982954 -0.013082008267651013 -0.011805374664249375 0.0 0.0 0.0 0.0 10.200000000000008 0.0 0.07 10.200000000000008 0.0 0.07 0.3 0.05 0.8 0.3 0.05 0.8 0.5 0.1 0.05
2447 13.240715026855469 0.0 0.0 0.0 0.0 0.0 0.0 -0.025502430275082588 0.012847088277339377 -1.0883593857288363 0.1640921162812526 -0.2636693834262862 0.07012483601762931 0.0 0.0 0.0 -0.10811577080703318 -0.09756507986982954 -0.013082008267651013 -0.011805374664249375 0.0 0.0 0.0 0.0 10.200000000000008 0.0 0.07 10.200000000000008 0.0 0.07 0.3 0.05 0.8 0.3 0.05 0.8 0.5 0.1 0.05
2448 13.245926141738892 0.0 0.0 0.0 0.0 0.0 0.0 -0.025502430275082588 0.0128470882773396 -1.0883593857288363 0.1640921162812526 -0.2636693834262862 0.07012483601762931 0.0 0.0 0.0 -0.10811577080703318 -0.09756507986982954 -0.013082008267651013 -0.011805374664249375 0.0 0.0 0.0 0.0 10.200000000000008 0.0 0.07 10.200000000000008 0.0 0.07 0.3 0.05 0.8 0.3 0.05 0.8 0.5 0.1 0.05
2449 13.251197338104248 0.0 0.0 0.0 0.0 0.0 0.0 -0.025502430275082588 0.012847088277339734 -1.0883593857288363 0.1640921162812526 -0.2636693834262862 0.07012483601762931 0.0 0.0 0.0 -0.10811577080703318 -0.09756507986982954 -0.013082008267651013 -0.011805374664249375 0.0 0.0 0.0 0.0 10.200000000000008 0.0 0.07 10.200000000000008 0.0 0.07 0.3 0.05 0.8 0.3 0.05 0.8 0.5 0.1 0.05
2450 13.256459712982178 0.0 0.0 0.0 0.0 0.0 0.0 -0.025502430275082588 0.012847088277339814 -1.0883593857288363 0.1640921162812526 -0.2636693834262862 0.07012483601762931 0.0 0.0 0.0 -0.10811577080703318 -0.09756507986982954 -0.013082008267651013 -0.011805374664249375 0.0 0.0 0.0 0.0 10.200000000000008 0.0 0.07 10.200000000000008 0.0 0.07 0.3 0.05 0.8 0.3 0.05 0.8 0.5 0.1 0.05
2451 13.261805772781372 0.0 0.0 0.0 0.0 0.0 0.0 -0.025502430275082588 0.012847088277339862 -1.0883593857288363 0.1640921162812526 -0.2636693834262862 0.07012483601762931 0.0 0.0 0.0 -0.10811577080703318 -0.09756507986982954 -0.013082008267651013 -0.011805374664249375 0.0 0.0 0.0 0.0 10.200000000000008 0.0 0.07 10.200000000000008 0.0 0.07 0.3 0.05 0.8 0.3 0.05 0.8 0.5 0.1 0.05
2452 13.267080545425415 0.0 0.0 0.0 0.0 0.0 0.0 -0.025502430275082588 0.012847088277339892 -1.0883593857288363 0.1640921162812526 -0.2636693834262862 0.07012483601762931 0.0 0.0 0.0 -0.10811577080703318 -0.09756507986982954 -0.013082008267651013 -0.011805374664249375 0.0 0.0 0.0 0.0 10.200000000000008 0.0 0.07 10.200000000000008 0.0 0.07 0.3 0.05 0.8 0.3 0.05 0.8 0.5 0.1 0.05
2453 13.272438287734985 0.0 0.0 0.0 0.0 0.0 0.0 -0.025502430275082588 0.01284708827733991 -1.0883593857288363 0.1640921162812526 -0.2636693834262862 0.07012483601762931 0.0 0.0 0.0 -0.10811577080703318 -0.09756507986982954 -0.013082008267651013 -0.011805374664249375 0.0 0.0 0.0 0.0 10.200000000000008 0.0 0.07 10.200000000000008 0.0 0.07 0.3 0.05 0.8 0.3 0.05 0.8 0.5 0.1 0.05
2454 13.277695178985596 0.0 0.0 0.0 0.0 0.0 0.0 -0.025502430275082588 0.01284708827733992 -1.0883593857288363 0.1640921162812526 -0.2636693834262862 0.07012483601762931 0.0 0.0 0.0 -0.10811577080703318 -0.09756507986982954 -0.013082008267651013 -0.011805374664249375 0.0 0.0 0.0 0.0 10.200000000000008 0.0 0.07 10.200000000000008 0.0 0.07 0.3 0.05 0.8 0.3 0.05 0.8 0.5 0.1 0.05
2455 13.282996416091919 0.0 0.0 0.0 0.0 0.0 0.0 -0.025502430275082588 0.012847088277339925 -1.0883593857288363 0.1640921162812526 -0.2636693834262862 0.07012483601762931 0.0 0.0 0.0 -0.10811577080703318 -0.09756507986982954 -0.013082008267651013 -0.011805374664249375 0.0 0.0 0.0 0.0 10.200000000000008 0.0 0.07 10.200000000000008 0.0 0.07 0.3 0.05 0.8 0.3 0.05 0.8 0.5 0.1 0.05
2456 13.28824758529663 0.0 0.0 0.0 0.0 0.0 0.0 -0.025502430275082588 0.012847088277339928 -1.0883593857288363 0.1640921162812526 -0.2636693834262862 0.07012483601762931 0.0 0.0 0.0 -0.10811577080703318 -0.09756507986982954 -0.013082008267651013 -0.011805374664249375 0.0 0.0 0.0 0.0 10.200000000000008 0.0 0.07 10.200000000000008 0.0 0.07 0.3 0.05 0.8 0.3 0.05 0.8 0.5 0.1 0.05
2457 13.293493509292603 0.0 0.0 0.0 0.0 0.0 0.0 -0.025502430275082588 0.012847088277339932 -1.0883593857288363 0.1640921162812526 -0.2636693834262862 0.07012483601762931 0.0 0.0 0.0 -0.10811577080703318 -0.09756507986982954 -0.013082008267651013 -0.011805374664249375 0.0 0.0 0.0 0.0 10.200000000000008 0.0 0.07 10.200000000000008 0.0 0.07 0.3 0.05 0.8 0.3 0.05 0.8 0.5 0.1 0.05
2458 13.298728704452515 0.0 0.0 0.0 0.0 0.0 0.0 -0.025502430275082588 0.012847088277339934 -1.0883593857288363 0.1640921162812526 -0.2636693834262862 0.07012483601762931 0.0 0.0 0.0 -0.10811577080703318 -0.09756507986982954 -0.013082008267651013 -0.011805374664249375 0.0 0.0 0.0 0.0 10.200000000000008 0.0 0.07 10.200000000000008 0.0 0.07 0.3 0.05 0.8 0.3 0.05 0.8 0.5 0.1 0.05
2459 13.304074048995972 0.0 0.0 0.0 0.0 0.0 0.0 -0.025502430275082588 0.012847088277339935 -1.0883593857288363 0.1640921162812526 -0.2636693834262862 0.07012483601762931 0.0 0.0 0.0 -0.10811577080703318 -0.09756507986982954 -0.013082008267651013 -0.011805374664249375 0.0 0.0 0.0 0.0 10.200000000000008 0.0 0.07 10.200000000000008 0.0 0.07 0.3 0.05 0.8 0.3 0.05 0.8 0.5 0.1 0.05
2460 13.309279203414917 0.0 0.0 0.0 0.0 0.0 0.0 -0.025502430275082588 0.012847088277339935 -1.0883593857288363 0.1640921162812526 -0.2636693834262862 0.07012483601762931 0.0 0.0 0.0 -0.10811577080703318 -0.09756507986982954 -0.013082008267651013 -0.011805374664249375 0.0 0.0 0.0 0.0 10.200000000000008 0.0 0.07 10.200000000000008 0.0 0.07 0.3 0.05 0.8 0.3 0.05 0.8 0.5 0.1 0.05
2461 13.314699172973633 0.0 0.0 0.0 0.0 0.0 0.0 -0.025502430275082588 0.012847088277339935 -1.0883593857288363 0.1640921162812526 -0.2636693834262862 0.07012483601762931 0.0 0.0 0.0 -0.10811577080703318 -0.09756507986982954 -0.013082008267651013 -0.011805374664249375 0.0 0.0 0.0 0.0 10.200000000000008 0.0 0.07 10.200000000000008 0.0 0.07 0.3 0.05 0.8 0.3 0.05 0.8 0.5 0.1 0.05
2462 13.320003032684326 0.0 0.0 0.0 0.0 0.0 0.0 -0.025502430275082588 0.012847088277339935 -1.0883593857288363 0.1640921162812526 -0.2636693834262862 0.07012483601762931 0.0 0.0 0.0 -0.10811577080703318 -0.09756507986982954 -0.013082008267651013 -0.011805374664249375 0.0 0.0 0.0 0.0 10.200000000000008 0.0 0.07 10.200000000000008 0.0 0.07 0.3 0.05 0.8 0.3 0.05 0.8 0.5 0.1 0.05
2463 13.325350284576416 0.0 0.0 0.0 0.0 0.0 0.0 -0.025502430275082588 0.012847088277339935 -1.0883593857288363 0.1640921162812526 -0.2636693834262862 0.07012483601762931 0.0 0.0 0.0 -0.10811577080703318 -0.09756507986982954 -0.013082008267651013 -0.011805374664249375 0.0 0.0 0.0 0.0 10.200000000000008 0.0 0.07 10.200000000000008 0.0 0.07 0.3 0.05 0.8 0.3 0.05 0.8 0.5 0.1 0.05
2464 13.33064889907837 0.0 0.0 0.0 0.0 0.0 0.0 -0.025502430275082588 0.012847088277339935 -1.0883593857288363 0.1640921162812526 -0.2636693834262862 0.07012483601762931 0.0 0.0 0.0 -0.10811577080703318 -0.09756507986982954 -0.013082008267651013 -0.011805374664249375 0.0 0.0 0.0 0.0 10.200000000000008 0.0 0.07 10.200000000000008 0.0 0.07 0.3 0.05 0.8 0.3 0.05 0.8 0.5 0.1 0.05
2465 13.336116552352905 0.0 0.0 0.0 0.0 0.0 0.0 -0.025502430275082588 0.012923787534236907 -1.0883593857288363 0.1640921162812526 -0.2636693834262862 0.07012483601762931 0.0 0.0 0.0 -0.10811577080703318 -0.09756507986982954 -0.013082008267651013 -0.011805374664249375 0.0 0.0 0.0 0.0 10.200000000000008 0.0 0.07 10.200000000000008 0.0 0.07 0.3 0.05 0.8 0.3 0.05 0.8 0.5 0.1 0.05
2466 13.341443061828613 0.0 0.0 0.0 0.0 0.0 0.0 -0.025502430275082588 0.012969807088375092 -1.0883593857288363 0.1640921162812526 -0.2636693834262862 0.07012483601762931 0.0 0.0 0.0 -0.10811577080703318 -0.09756507986982954 -0.013082008267651013 -0.011805374664249375 0.0 0.0 0.0 0.0 10.200000000000008 0.0 0.07 10.200000000000008 0.0 0.07 0.3 0.05 0.8 0.3 0.05 0.8 0.5 0.1 0.05
2467 13.346711158752441 0.0 0.0 0.0 0.0 0.0 0.0 -0.025502430275082588 0.012997418820858003 -1.0883593857288363 0.1640921162812526 -0.2636693834262862 0.07012483601762931 0.0 0.0 0.0 -0.10811577080703318 -0.09756507986982954 -0.013082008267651013 -0.011805374664249375 0.0 0.0 0.0 0.0 10.200000000000008 0.0 0.07 10.200000000000008 0.0 0.07 0.3 0.05 0.8 0.3 0.05 0.8 0.5 0.1 0.05
2468 13.352027416229248 0.0 0.0 0.0 0.0 0.0 0.0 -0.025502430275082588 0.01301398586034775 -1.0883593857288363 0.1640921162812526 -0.2636693834262862 0.07012483601762931 0.0 0.0 0.0 -0.10811577080703318 -0.09756507986982954 -0.013082008267651013 -0.011805374664249375 0.0 0.0 0.0 0.0 10.200000000000008 0.0 0.07 10.200000000000008 0.0 0.07 0.3 0.05 0.8 0.3 0.05 0.8 0.5 0.1 0.05
2469 13.357289791107178 0.0 0.0 0.0 0.0 0.0 0.0 -0.025502430275082588 0.013023926084041598 -1.0883593857288363 0.1640921162812526 -0.2636693834262862 0.07012483601762931 0.0 0.0 0.0 -0.10811577080703318 -0.09756507986982954 -0.013082008267651013 -0.011805374664249375 0.0 0.0 0.0 0.0 10.200000000000008 0.0 0.07 10.200000000000008 0.0 0.07 0.3 0.05 0.8 0.3 0.05 0.8 0.5 0.1 0.05
2470 13.362515211105347 0.0 0.0 0.0 0.0 0.0 0.0 -0.025502430275082588 0.013029890218257907 -1.0883593857288363 0.1640921162812526 -0.2636693834262862 0.07012483601762931 0.0 0.0 0.0 -0.10811577080703318 -0.09756507986982954 -0.013082008267651013 -0.011805374664249375 0.0 0.0 0.0 0.0 10.200000000000008 0.0 0.07 10.200000000000008 0.0 0.07 0.3 0.05 0.8 0.3 0.05 0.8 0.5 0.1 0.05
2471 13.367908239364624 0.0 0.0 0.0 0.0 0.0 0.0 -0.025502430275082588 0.01303346869878769 -1.0883593857288363 0.1640921162812526 -0.2636693834262862 0.07012483601762931 0.0 0.0 0.0 -0.10811577080703318 -0.09756507986982954 -0.013082008267651013 -0.011805374664249375 0.0 0.0 0.0 0.0 10.200000000000008 0.0 0.07 10.200000000000008 0.0 0.07 0.3 0.05 0.8 0.3 0.05 0.8 0.5 0.1 0.05
2472 13.373168706893921 0.0 0.0 0.0 0.0 0.0 0.0 -0.025502430275082588 0.013035615787105562 -1.0883593857288363 0.1640921162812526 -0.2636693834262862 0.07012483601762931 0.0 0.0 0.0 -0.10811577080703318 -0.09756507986982954 -0.013082008267651013 -0.011805374664249375 0.0 0.0 0.0 0.0 10.200000000000008 0.0 0.07 10.200000000000008 0.0 0.07 0.3 0.05 0.8 0.3 0.05 0.8 0.5 0.1 0.05
2473 13.378501176834106 0.0 0.0 0.0 0.0 0.0 0.0 -0.025502430275082588 0.013036904040096282 -1.0883593857288363 0.1640921162812526 -0.2636693834262862 0.07012483601762931 0.0 0.0 0.0 -0.10811577080703318 -0.09756507986982954 -0.013082008267651013 -0.011805374664249375 0.0 0.0 0.0 0.0 10.200000000000008 0.0 0.07 10.200000000000008 0.0 0.07 0.3 0.05 0.8 0.3 0.05 0.8 0.5 0.1 0.05
2474 13.383801937103271 0.0 0.0 0.0 0.0 0.0 0.0 -0.025502430275082588 0.013037676991890717 -1.0883593857288363 0.1640921162812526 -0.2636693834262862 0.07012483601762931 0.0 0.0 0.0 -0.10811577080703318 -0.09756507986982954 -0.013082008267651013 -0.011805374664249375 0.0 0.0 0.0 0.0 10.200000000000008 0.0 0.07 10.200000000000008 0.0 0.07 0.3 0.05 0.8 0.3 0.05 0.8 0.5 0.1 0.05
2475 13.38905668258667 0.0 0.0 0.0 0.0 0.0 0.0 -0.025502430275082588 0.013038140762967377 -1.0883593857288363 0.1640921162812526 -0.2636693834262862 0.07012483601762931 0.0 0.0 0.0 -0.10811577080703318 -0.09756507986982954 -0.013082008267651013 -0.011805374664249375 0.0 0.0 0.0 0.0 10.200000000000008 0.0 0.07 10.200000000000008 0.0 0.07 0.3 0.05 0.8 0.3 0.05 0.8 0.5 0.1 0.05
2476 13.394401788711548 0.0 0.0 0.0 0.0 0.0 0.0 -0.025502430275082588 0.013038419025613372 -1.0883593857288363 0.1640921162812526 -0.2636693834262862 0.07012483601762931 0.0 0.0 0.0 -0.10811577080703318 -0.09756507986982954 -0.013082008267651013 -0.011805374664249375 0.0 0.0 0.0 0.0 10.200000000000008 0.0 0.07 10.200000000000008 0.0 0.07 0.3 0.05 0.8 0.3 0.05 0.8 0.5 0.1 0.05
2477 13.39966082572937 0.0 0.0 0.0 0.0 0.0 0.0 -0.025502430275082588 0.01303858598320097 -1.0883593857288363 0.1640921162812526 -0.2636693834262862 0.07012483601762931 0.0 0.0 0.0 -0.10811577080703318 -0.09756507986982954 -0.013082008267651013 -0.011805374664249375 0.0 0.0 0.0 0.0 10.200000000000008 0.0 0.07 10.200000000000008 0.0 0.07 0.3 0.05 0.8 0.3 0.05 0.8 0.5 0.1 0.05
2478 13.404877185821533 0.0 0.0 0.0 0.0 0.0 0.0 -0.025502430275082588 0.01303868615775353 -1.0883593857288363 0.1640921162812526 -0.2636693834262862 0.07012483601762931 0.0 0.0 0.0 -0.10811577080703318 -0.09756507986982954 -0.013082008267651013 -0.011805374664249375 0.0 0.0 0.0 0.0 10.200000000000008 0.0 0.07 10.200000000000008 0.0 0.07 0.3 0.05 0.8 0.3 0.05 0.8 0.5 0.1 0.05
2479 13.410074710845947 0.0 0.0 0.0 0.0 0.0 0.0 -0.025502430275082588 0.013038746262485065 -1.0883593857288363 0.1640921162812526 -0.2636693834262862 0.07012483601762931 0.0 0.0 0.0 -0.10811577080703318 -0.09756507986982954 -0.013082008267651013 -0.011805374664249375 0.0 0.0 0.0 0.0 10.200000000000008 0.0 0.07 10.200000000000008 0.0 0.07 0.3 0.05 0.8 0.3 0.05 0.8 0.5 0.1 0.05
2480 13.415286779403687 0.0 0.0 0.0 0.0 0.0 0.0 -0.025502430275082588 0.013038782325323985 -1.0883593857288363 0.1640921162812526 -0.2636693834262862 0.07012483601762931 0.0 0.0 0.0 -0.10811577080703318 -0.09756507986982954 -0.013082008267651013 -0.011805374664249375 0.0 0.0 0.0 0.0 10.200000000000008 0.0 0.07 10.200000000000008 0.0 0.07 0.3 0.05 0.8 0.3 0.05 0.8 0.5 0.1 0.05
2481 13.420598268508911 0.0 0.0 0.0 0.0 0.0 0.0 -0.025502430275082588 0.013038803963027337 -1.0883593857288363 0.1640921162812526 -0.2636693834262862 0.07012483601762931 0.0 0.0 0.0 -0.10811577080703318 -0.09756507986982954 -0.013082008267651013 -0.011805374664249375 0.0 0.0 0.0 0.0 10.200000000000008 0.0 0.07 10.200000000000008 0.0 0.07 0.3 0.05 0.8 0.3 0.05 0.8 0.5 0.1 0.05
2482 13.425937175750732 0.0 0.0 0.0 0.0 0.0 0.0 -0.025502430275082588 0.013038816945649349 -1.0883593857288363 0.1640921162812526 -0.2636693834262862 0.07012483601762931 0.0 0.0 0.0 -0.10811577080703318 -0.09756507986982954 -0.013082008267651013 -0.011805374664249375 0.0 0.0 0.0 0.0 10.200000000000008 0.0 0.07 10.200000000000008 0.0 0.07 0.3 0.05 0.8 0.3 0.05 0.8 0.5 0.1 0.05
2483 13.431259155273438 0.0 0.0 0.0 0.0 0.0 0.0 -0.025502430275082588 0.013038824735222557 -1.0883593857288363 0.1640921162812526 -0.2636693834262862 0.07012483601762931 0.0 0.0 0.0 -0.10811577080703318 -0.09756507986982954 -0.013082008267651013 -0.011805374664249375 0.0 0.0 0.0 0.0 10.200000000000008 0.0 0.07 10.200000000000008 0.0 0.07 0.3 0.05 0.8 0.3 0.05 0.8 0.5 0.1 0.05
2484 13.436660051345825 0.0 0.0 0.0 0.0 0.0 0.0 -0.025502430275082588 0.01303882940896648 -1.0883593857288363 0.1640921162812526 -0.2636693834262862 0.07012483601762931 0.0 0.0 0.0 -0.10811577080703318 -0.09756507986982954 -0.013082008267651013 -0.011805374664249375 0.0 0.0 0.0 0.0 10.200000000000008 0.0 0.07 10.200000000000008 0.0 0.07 0.3 0.05 0.8 0.3 0.05 0.8 0.5 0.1 0.05
2485 13.441935539245605 0.0 0.0 0.0 0.0 0.0 0.0 -0.025502430275082588 0.013038832213212836 -1.0883593857288363 0.1640921162812526 -0.2636693834262862 0.07012483601762931 0.0 0.0 0.0 -0.10811577080703318 -0.09756507986982954 -0.013082008267651013 -0.011805374664249375 0.0 0.0 0.0 0.0 10.200000000000008 0.0 0.07 10.200000000000008 0.0 0.07 0.3 0.05 0.8 0.3 0.05 0.8 0.5 0.1 0.05
2486 13.447457075119019 0.0 0.0 0.0 0.0 0.0 0.0 -0.025502430275082588 0.01303883389576065 -1.0883593857288363 0.1640921162812526 -0.2636693834262862 0.07012483601762931 0.0 0.0 0.0 -0.10811577080703318 -0.09756507986982954 -0.013082008267651013 -0.011805374664249375 0.0 0.0 0.0 0.0 10.200000000000008 0.0 0.07 10.200000000000008 0.0 0.07 0.3 0.05 0.8 0.3 0.05 0.8 0.5 0.1 0.05
2487 13.452749729156494 0.0 0.0 0.0 0.0 0.0 0.0 -0.025502430275082588 0.013038834905289336 -1.0883593857288363 0.1640921162812526 -0.2636693834262862 0.07012483601762931 0.0 0.0 0.0 -0.10811577080703318 -0.09756507986982954 -0.013082008267651013 -0.011805374664249375 0.0 0.0 0.0 0.0 10.200000000000008 0.0 0.07 10.200000000000008 0.0 0.07 0.3 0.05 0.8 0.3 0.05 0.8 0.5 0.1 0.05
2488 13.458047866821289 0.0 0.0 0.0 0.0 0.0 0.0 -0.025502430275082588 0.013038835511006548 -1.0883593857288363 0.1640921162812526 -0.2636693834262862 0.07012483601762931 0.0 0.0 0.0 -0.10811577080703318 -0.09756507986982954 -0.013082008267651013 -0.011805374664249375 0.0 0.0 0.0 0.0 10.200000000000008 0.0 0.07 10.200000000000008 0.0 0.07 0.3 0.05 0.8 0.3 0.05 0.8 0.5 0.1 0.05
2489 13.463321685791016 0.0 0.0 0.0 0.0 0.0 0.0 -0.025502430275082588 0.013038835874436876 -1.0883593857288363 0.1640921162812526 -0.2636693834262862 0.07012483601762931 0.0 0.0 0.0 -0.10811577080703318 -0.09756507986982954 -0.013082008267651013 -0.011805374664249375 0.0 0.0 0.0 0.0 10.200000000000008 0.0 0.07 10.200000000000008 0.0 0.07 0.3 0.05 0.8 0.3 0.05 0.8 0.5 0.1 0.05
2490 13.468581438064575 0.0 0.0 0.0 0.0 0.0 0.0 -0.025502430275082588 0.013038836092495072 -1.0883593857288363 0.1640921162812526 -0.2636693834262862 0.07012483601762931 0.0 0.0 0.0 -0.10811577080703318 -0.09756507986982954 -0.013082008267651013 -0.011805374664249375 0.0 0.0 0.0 0.0 10.200000000000008 0.0 0.07 10.200000000000008 0.0 0.07 0.3 0.05 0.8 0.3 0.05 0.8 0.5 0.1 0.05
2491 13.473912715911865 0.0 0.0 0.0 0.0 0.0 0.0 -0.025502430275082588 0.013038836223329991 -1.0883593857288363 0.1640921162812526 -0.2636693834262862 0.07012483601762931 0.0 0.0 0.0 -0.10811577080703318 -0.09756507986982954 -0.013082008267651013 -0.011805374664249375 0.0 0.0 0.0 0.0 10.200000000000008 0.0 0.07 10.200000000000008 0.0 0.07 0.3 0.05 0.8 0.3 0.05 0.8 0.5 0.1 0.05
2492 13.479190111160278 0.0 0.0 0.0 0.0 0.0 0.0 -0.025502430275082588 0.01303883630183094 -1.0883593857288363 0.1640921162812526 -0.2636693834262862 0.07012483601762931 0.0 0.0 0.0 -0.10811577080703318 -0.09756507986982954 -0.013082008267651013 -0.011805374664249375 0.0 0.0 0.0 0.0 10.200000000000008 0.0 0.07 10.200000000000008 0.0 0.07 0.3 0.05 0.8 0.3 0.05 0.8 0.5 0.1 0.05
2493 13.484514951705933 0.0 0.0 0.0 0.0 0.0 0.0 -0.025502430275082588 0.01303883634893151 -1.0883593857288363 0.1640921162812526 -0.2636693834262862 0.07012483601762931 0.0 0.0 0.0 -0.10811577080703318 -0.09756507986982954 -0.013082008267651013 -0.011805374664249375 0.0 0.0 0.0 0.0 10.200000000000008 0.0 0.07 10.200000000000008 0.0 0.07 0.3 0.05 0.8 0.3 0.05 0.8 0.5 0.1 0.05
2494 13.490756273269653 0.0 0.0 0.0 0.0 0.0 0.0 -0.025502430275082588 0.013038836377191852 -1.0883593857288363 0.1640921162812526 -0.2636693834262862 0.07012483601762931 0.0 0.0 0.0 -0.10811577080703318 -0.09756507986982954 -0.013082008267651013 -0.011805374664249375 0.0 0.0 0.0 0.0 10.200000000000008 0.0 0.07 10.200000000000008 0.0 0.07 0.3 0.05 0.8 0.3 0.05 0.8 0.5 0.1 0.05
2495 13.496265172958374 0.0 0.0 0.0 0.0 0.0 0.0 -0.025502430275082588 0.01303883639414806 -1.0883593857288363 0.1640921162812526 -0.2636693834262862 0.07012483601762931 0.0 0.0 0.0 -0.10811577080703318 -0.09756507986982954 -0.013082008267651013 -0.011805374664249375 0.0 0.0 0.0 0.0 10.200000000000008 0.0 0.07 10.200000000000008 0.0 0.07 0.3 0.05 0.8 0.3 0.05 0.8 0.5 0.1 0.05
2496 13.501787424087524 0.0 0.0 0.0 0.0 0.0 0.0 -0.025502430275082588 0.013038836404321782 -1.0883593857288363 0.1640921162812526 -0.2636693834262862 0.07012483601762931 0.0 0.0 0.0 -0.10811577080703318 -0.09756507986982954 -0.013082008267651013 -0.011805374664249375 0.0 0.0 0.0 0.0 10.200000000000008 0.0 0.07 10.200000000000008 0.0 0.07 0.3 0.05 0.8 0.3 0.05 0.8 0.5 0.1 0.05
2497 13.507244110107422 0.0 0.0 0.0 0.0 0.0 0.0 -0.025502430275082588 0.013038836410426018 -1.0883593857288363 0.1640921162812526 -0.2636693834262862 0.07012483601762931 0.0 0.0 0.0 -0.10811577080703318 -0.09756507986982954 -0.013082008267651013 -0.011805374664249375 0.0 0.0 0.0 0.0 10.200000000000008 0.0 0.07 10.200000000000008 0.0 0.07 0.3 0.05 0.8 0.3 0.05 0.8 0.5 0.1 0.05
2498 13.512693643569946 0.0 0.0 0.0 0.0 0.0 0.0 -0.025502430275082588 0.013038836414088557 -1.0883593857288363 0.1640921162812526 -0.2636693834262862 0.07012483601762931 0.0 0.0 0.0 -0.10811577080703318 -0.09756507986982954 -0.013082008267651013 -0.011805374664249375 0.0 0.0 0.0 0.0 10.200000000000008 0.0 0.07 10.200000000000008 0.0 0.07 0.3 0.05 0.8 0.3 0.05 0.8 0.5 0.1 0.05
2499 13.51867961883545 0.0 0.0 0.0 0.0 0.0 0.0 -0.025502430275082588 0.01303883641628608 -1.0883593857288363 0.1640921162812526 -0.2636693834262862 0.07012483601762931 0.0 0.0 0.0 -0.10811577080703318 -0.09756507986982954 -0.013082008267651013 -0.011805374664249375 0.0 0.0 0.0 0.0 10.200000000000008 0.0 0.07 10.200000000000008 0.0 0.07 0.3 0.05 0.8 0.3 0.05 0.8 0.5 0.1 0.05
2500 13.524233102798462 0.0 0.0 0.0 0.0 0.0 0.0 -0.025502430275082588 0.013038836417604595 -1.0883593857288363 0.1640921162812526 -0.2636693834262862 0.07012483601762931 0.0 0.0 0.0 -0.10811577080703318 -0.09756507986982954 -0.013082008267651013 -0.011805374664249375 0.0 0.0 0.0 0.0 10.200000000000008 0.0 0.07 10.200000000000008 0.0 0.07 0.3 0.05 0.8 0.3 0.05 0.8 0.5 0.1 0.05
2501 13.529968738555908 0.0 0.0 0.0 0.0 0.0 0.0 -0.025502430275082588 0.013038836418395705 -1.0883593857288363 0.1640921162812526 -0.2636693834262862 0.07012483601762931 0.0 0.0 0.0 -0.10811577080703318 -0.09756507986982954 -0.013082008267651013 -0.011805374664249375 0.0 0.0 0.0 0.0 10.200000000000008 0.0 0.07 10.200000000000008 0.0 0.07 0.3 0.05 0.8 0.3 0.05 0.8 0.5 0.1 0.05
2502 13.535354614257812 0.0 0.0 0.0 0.0 0.0 0.0 -0.025502430275082588 0.01303883641887037 -1.0883593857288363 0.1640921162812526 -0.2636693834262862 0.07012483601762931 0.0 0.0 0.0 -0.10811577080703318 -0.09756507986982954 -0.013082008267651013 -0.011805374664249375 0.0 0.0 0.0 0.0 10.200000000000008 0.0 0.07 10.200000000000008 0.0 0.07 0.3 0.05 0.8 0.3 0.05 0.8 0.5 0.1 0.05
2503 13.540848731994629 0.0 0.0 0.0 0.0 0.0 0.0 -0.025502430275082588 0.01303883641915517 -1.0883593857288363 0.1640921162812526 -0.2636693834262862 0.07012483601762931 0.0 0.0 0.0 -0.10811577080703318 -0.09756507986982954 -0.013082008267651013 -0.011805374664249375 0.0 0.0 0.0 0.0 10.200000000000008 0.0 0.07 10.200000000000008 0.0 0.07 0.3 0.05 0.8 0.3 0.05 0.8 0.5 0.1 0.05
2504 13.546146869659424 0.0 0.0 0.0 0.0 0.0 0.0 -0.025502430275082588 0.013038836419326048 -1.0883593857288363 0.1640921162812526 -0.2636693834262862 0.07012483601762931 0.0 0.0 0.0 -0.10811577080703318 -0.09756507986982954 -0.013082008267651013 -0.011805374664249375 0.0 0.0 0.0 0.0 10.200000000000008 0.0 0.07 10.200000000000008 0.0 0.07 0.3 0.05 0.8 0.3 0.05 0.8 0.5 0.1 0.05
2505 13.551496982574463 0.0 0.0 0.0 0.0 0.0 0.0 -0.025502430275082588 0.013038836419428577 -1.0883593857288363 0.1640921162812526 -0.2636693834262862 0.07012483601762931 0.0 0.0 0.0 -0.10811577080703318 -0.09756507986982954 -0.013082008267651013 -0.011805374664249375 0.0 0.0 0.0 0.0 10.200000000000008 0.0 0.07 10.200000000000008 0.0 0.07 0.3 0.05 0.8 0.3 0.05 0.8 0.5 0.1 0.05
2506 13.556803226470947 0.0 0.0 0.0 0.0 0.0 0.0 -0.025502430275082588 0.013038836419490094 -1.0883593857288363 0.1640921162812526 -0.2636693834262862 0.07012483601762931 0.0 0.0 0.0 -0.10811577080703318 -0.09756507986982954 -0.013082008267651013 -0.011805374664249375 0.0 0.0 0.0 0.0 10.200000000000008 0.0 0.07 10.200000000000008 0.0 0.07 0.3 0.05 0.8 0.3 0.05 0.8 0.5 0.1 0.05
2507 13.562067985534668 0.0 0.0 0.0 0.0 0.0 0.0 -0.025502430275082588 0.013038836419527002 -1.0883593857288363 0.1640921162812526 -0.2636693834262862 0.07012483601762931 0.0 0.0 0.0 -0.10811577080703318 -0.09756507986982954 -0.013082008267651013 -0.011805374664249375 0.0 0.0 0.0 0.0 10.200000000000008 0.0 0.07 10.200000000000008 0.0 0.07 0.3 0.05 0.8 0.3 0.05 0.8 0.5 0.1 0.05
2508 13.567347764968872 0.0 0.0 0.0 0.0 0.0 0.0 -0.025502430275082588 0.013038836419549147 -1.0883593857288363 0.1640921162812526 -0.2636693834262862 0.07012483601762931 0.0 0.0 0.0 -0.10811577080703318 -0.09756507986982954 -0.013082008267651013 -0.011805374664249375 0.0 0.0 0.0 0.0 10.200000000000008 0.0 0.07 10.200000000000008 0.0 0.07 0.3 0.05 0.8 0.3 0.05 0.8 0.5 0.1 0.05
2509 13.572588443756104 0.0 0.0 0.0 0.0 0.0 0.0 -0.025502430275082588 0.013038836419562435 -1.0883593857288363 0.1640921162812526 -0.2636693834262862 0.07012483601762931 0.0 0.0 0.0 -0.10811577080703318 -0.09756507986982954 -0.013082008267651013 -0.011805374664249375 0.0 0.0 0.0 0.0 10.200000000000008 0.0 0.07 10.200000000000008 0.0 0.07 0.3 0.05 0.8 0.3 0.05 0.8 0.5 0.1 0.05
2510 13.577813625335693 0.0 0.0 0.0 0.0 0.0 0.0 -0.025425732508301734 0.013038836419570408 -1.0883593857288363 0.1640921162812526 -0.2636693834262862 0.07012483601762931 0.0 0.0 0.0 -0.10811577080703318 -0.09756507986982954 -0.013082008267651013 -0.011805374664249375 0.0 0.0 0.0 0.0 10.200000000000008 0.0 0.07 10.200000000000008 0.0 0.07 0.3 0.05 0.8 0.3 0.05 0.8 0.5 0.1 0.05
2511 13.583191871643066 0.0 0.0 0.0 0.0 0.0 0.0 -0.02537971384823322 0.013038836419575192 -1.0883593857288363 0.1640921162812526 -0.2636693834262862 0.07012483601762931 0.0 0.0 0.0 -0.10811577080703318 -0.09756507986982954 -0.013082008267651013 -0.011805374664249375 0.0 0.0 0.0 0.0 10.200000000000008 0.0 0.07 10.200000000000008 0.0 0.07 0.3 0.05 0.8 0.3 0.05 0.8 0.5 0.1 0.05
2512 13.58867621421814 0.0 0.0 0.0 0.0 0.0 0.0 -0.025352102652192114 0.013038836419578061 -1.0883593857288363 0.1640921162812526 -0.2636693834262862 0.07012483601762931 0.0 0.0 0.0 -0.10811577080703318 -0.09756507986982954 -0.013082008267651013 -0.011805374664249375 0.0 0.0 0.0 0.0 10.200000000000008 0.0 0.07 10.200000000000008 0.0 0.07 0.3 0.05 0.8 0.3 0.05 0.8 0.5 0.1 0.05
2513 13.594109535217285 0.0 0.0 0.0 0.0 0.0 0.0 -0.02533553593456745 0.013038836419579782 -1.0883593857288363 0.1640921162812526 -0.2636693834262862 0.07012483601762931 0.0 0.0 0.0 -0.10811577080703318 -0.09756507986982954 -0.013082008267651013 -0.011805374664249375 0.0 0.0 0.0 0.0 10.200000000000008 0.0 0.07 10.200000000000008 0.0 0.07 0.3 0.05 0.8 0.3 0.05 0.8 0.5 0.1 0.05
2514 13.599498748779297 0.0 0.0 0.0 0.0 0.0 0.0 -0.02532559590399265 0.013038836419580816 -1.0883593857288363 0.1640921162812526 -0.2636693834262862 0.07012483601762931 0.0 0.0 0.0 -0.10811577080703318 -0.09756507986982954 -0.013082008267651013 -0.011805374664249375 0.0 0.0 0.0 0.0 10.200000000000008 0.0 0.07 10.200000000000008 0.0 0.07 0.3 0.05 0.8 0.3 0.05 0.8 0.5 0.1 0.05
2515 13.604801654815674 0.0 0.0 0.0 0.0 0.0 0.0 -0.025319631885647773 0.013038836419581437 -1.0883593857288363 0.1640921162812526 -0.2636693834262862 0.07012483601762931 0.0 0.0 0.0 -0.10811577080703318 -0.09756507986982954 -0.013082008267651013 -0.011805374664249375 0.0 0.0 0.0 0.0 10.200000000000008 0.0 0.07 10.200000000000008 0.0 0.07 0.3 0.05 0.8 0.3 0.05 0.8 0.5 0.1 0.05
2516 13.610029697418213 0.0 0.0 0.0 0.0 0.0 0.0 -0.025316053474640846 0.013038836419581808 -1.0883593857288363 0.1640921162812526 -0.2636693834262862 0.07012483601762931 0.0 0.0 0.0 -0.10811577080703318 -0.09756507986982954 -0.013082008267651013 -0.011805374664249375 0.0 0.0 0.0 0.0 10.200000000000008 0.0 0.07 10.200000000000008 0.0 0.07 0.3 0.05 0.8 0.3 0.05 0.8 0.5 0.1 0.05
2517 13.615253448486328 0.0 0.0 0.0 0.0 0.0 0.0 -0.02531390642803669 0.01303883641958203 -1.0883593857288363 0.1640921162812526 -0.2636693834262862 0.07012483601762931 0.0 0.0 0.0 -0.10811577080703318 -0.09756507986982954 -0.013082008267651013 -0.011805374664249375 0.0 0.0 0.0 0.0 10.200000000000008 0.0 0.07 10.200000000000008 0.0 0.07 0.3 0.05 0.8 0.3 0.05 0.8 0.5 0.1 0.05
2518 13.620484352111816 0.0 0.0 0.0 0.0 0.0 0.0 -0.025312618200074195 0.013038836419582166 -1.0883593857288363 0.1640921162812526 -0.2636693834262862 0.07012483601762931 0.0 0.0 0.0 -0.10811577080703318 -0.09756507986982954 -0.013082008267651013 -0.011805374664249375 0.0 0.0 0.0 0.0 10.200000000000008 0.0 0.07 10.200000000000008 0.0 0.07 0.3 0.05 0.8 0.3 0.05 0.8 0.5 0.1 0.05
2519 13.625706434249878 0.0 0.0 0.0 0.0 0.0 0.0 -0.0253118452632967 0.013038836419582246 -1.0883593857288363 0.1640921162812526 -0.2636693834262862 0.07012483601762931 0.0 0.0 0.0 -0.10811577080703318 -0.09756507986982954 -0.013082008267651013 -0.011805374664249375 0.0 0.0 0.0 0.0 10.200000000000008 0.0 0.07 10.200000000000008 0.0 0.07 0.3 0.05 0.8 0.3 0.05 0.8 0.5 0.1 0.05
2520 13.630954027175903 0.0 0.0 0.0 0.0 0.0 0.0 -0.025311381501230204 0.013038836419582294 -1.0883593857288363 0.1640921162812526 -0.2636693834262862 0.07012483601762931 0.0 0.0 0.0 -0.10811577080703318 -0.09756507986982954 -0.013082008267651013 -0.011805374664249375 0.0 0.0 0.0 0.0 10.200000000000008 0.0 0.07 10.200000000000008 0.0 0.07 0.3 0.05 0.8 0.3 0.05 0.8 0.5 0.1 0.05
2521 13.636345863342285 0.0 0.0 0.0 0.0 0.0 0.0 -0.025311103243990305 0.013038836419582322 -1.0883593857288363 0.1640921162812526 -0.2636693834262862 0.07012483601762931 0.0 0.0 0.0 -0.10811577080703318 -0.09756507986982954 -0.013082008267651013 -0.011805374664249375 0.0 0.0 0.0 0.0 10.200000000000008 0.0 0.07 10.200000000000008 0.0 0.07 0.3 0.05 0.8 0.3 0.05 0.8 0.5 0.1 0.05
2522 13.641724348068237 0.0 0.0 0.0 0.0 0.0 0.0 -0.025310936289646365 0.01303883641958234 -1.0883593857288363 0.1640921162812526 -0.2636693834262862 0.07012483601762931 0.0 0.0 0.0 -0.10811577080703318 -0.09756507986982954 -0.013082008267651013 -0.011805374664249375 0.0 0.0 0.0 0.0 10.200000000000008 0.0 0.07 10.200000000000008 0.0 0.07 0.3 0.05 0.8 0.3 0.05 0.8 0.5 0.1 0.05
2523 13.647088527679443 0.0 0.0 0.0 0.0 0.0 0.0 -0.02531083611704 0.01303883641958235 -1.0883593857288363 0.1640921162812526 -0.2636693834262862 0.07012483601762931 0.0 0.0 0.0 -0.10811577080703318 -0.09756507986982954 -0.013082008267651013 -0.011805374664249375 0.0 0.0 0.0 0.0 10.200000000000008 0.0 0.07 10.200000000000008 0.0 0.07 0.3 0.05 0.8 0.3 0.05 0.8 0.5 0.1 0.05
2524 13.652349948883057 0.0 0.0 0.0 0.0 0.0 0.0 -0.025310776013476182 0.013038836419582357 -1.0883593857288363 0.1640921162812526 -0.2636693834262862 0.07012483601762931 0.0 0.0 0.0 -0.10811577080703318 -0.09756507986982954 -0.013082008267651013 -0.011805374664249375 0.0 0.0 0.0 0.0 10.200000000000008 0.0 0.07 10.200000000000008 0.0 0.07 0.3 0.05 0.8 0.3 0.05 0.8 0.5 0.1 0.05
2525 13.657584428787231 0.0 0.0 0.0 0.0 0.0 0.0 -0.02531073995133789 0.01303883641958236 -1.0883593857288363 0.1640921162812526 -0.2636693834262862 0.07012483601762931 0.0 0.0 0.0 -0.10811577080703318 -0.09756507986982954 -0.013082008267651013 -0.011805374664249375 0.0 0.0 0.0 0.0 10.200000000000008 0.0 0.07 10.200000000000008 0.0 0.07 0.3 0.05 0.8 0.3 0.05 0.8 0.5 0.1 0.05
2526 13.662828207015991 0.0 0.0 0.0 0.0 0.0 0.0 -0.025310718314054917 0.013038836419582363 -1.0883593857288363 0.1640921162812526 -0.2636693834262862 0.07012483601762931 0.0 0.0 0.0 -0.10811577080703318 -0.09756507986982954 -0.013082008267651013 -0.011805374664249375 0.0 0.0 0.0 0.0 10.200000000000008 0.0 0.07 10.200000000000008 0.0 0.07 0.3 0.05 0.8 0.3 0.05 0.8 0.5 0.1 0.05
2527 13.668062686920166 0.0 0.0 0.0 0.0 0.0 0.0 -0.025310705331685134 0.013038836419582363 -1.0883593857288363 0.1640921162812526 -0.2636693834262862 0.07012483601762931 0.0 0.0 0.0 -0.10811577080703318 -0.09756507986982954 -0.013082008267651013 -0.011805374664249375 0.0 0.0 0.0 0.0 10.200000000000008 0.0 0.07 10.200000000000008 0.0 0.07 0.3 0.05 0.8 0.3 0.05 0.8 0.5 0.1 0.05
2528 13.67326831817627 0.0 0.0 0.0 0.0 0.0 0.0 -0.025310697542263262 0.013038836419582363 -1.0883593857288363 0.1640921162812526 -0.2636693834262862 0.07012483601762931 0.0 0.0 0.0 -0.10811577080703318 -0.09756507986982954 -0.013082008267651013 -0.011805374664249375 0.0 0.0 0.0 0.0 10.200000000000008 0.0 0.07 10.200000000000008 0.0 0.07 0.3 0.05 0.8 0.3 0.05 0.8 0.5 0.1 0.05
2529 13.67849588394165 0.0 0.0 0.0 0.0 0.0 0.0 -0.025310692868610138 0.013038836419582363 -1.0883593857288363 0.1640921162812526 -0.2636693834262862 0.07012483601762931 0.0 0.0 0.0 -0.10811577080703318 -0.09756507986982954 -0.013082008267651013 -0.011805374664249375 0.0 0.0 0.0 0.0 10.200000000000008 0.0 0.07 10.200000000000008 0.0 0.07 0.3 0.05 0.8 0.3 0.05 0.8 0.5 0.1 0.05
2530 13.68404769897461 0.0 0.0 0.0 0.0 0.0 0.0 -0.025310690064418266 0.013038836419582363 -1.0883593857288363 0.1640921162812526 -0.2636693834262862 0.07012483601762931 0.0 0.0 0.0 -0.10811577080703318 -0.09756507986982954 -0.013082008267651013 -0.011805374664249375 0.0 0.0 0.0 0.0 10.200000000000008 0.0 0.07 10.200000000000008 0.0 0.07 0.3 0.05 0.8 0.3 0.05 0.8 0.5 0.1 0.05
2531 13.689550399780273 0.0 0.0 0.0 0.0 0.0 0.0 -0.025310688381903142 0.013038836419582363 -1.0883593857288363 0.1640921162812526 -0.2636693834262862 0.07012483601762931 0.0 0.0 0.0 -0.10811577080703318 -0.09756507986982954 -0.013082008267651013 -0.011805374664249375 0.0 0.0 0.0 0.0 10.200000000000008 0.0 0.07 10.200000000000008 0.0 0.07 0.3 0.05 0.8 0.3 0.05 0.8 0.5 0.1 0.05
2532 13.694907665252686 0.0 0.0 0.0 0.0 0.0 0.0 -0.025310687372394065 0.013115535676479337 -1.0883593857288363 0.1640921162812526 -0.2636693834262862 0.07012483601762931 0.0 0.0 0.0 -0.10811577080703318 -0.09756507986982954 -0.013082008267651013 -0.011805374664249375 0.0 0.0 0.0 0.0 10.200000000000008 0.0 0.07 10.200000000000008 0.0 0.07 0.3 0.05 0.8 0.3 0.05 0.8 0.5 0.1 0.05
2533 13.700226783752441 0.0 0.0 0.0 0.0 0.0 0.0 -0.02531068676668862 0.013161555230617522 -1.0883593857288363 0.1640921162812526 -0.2636693834262862 0.07012483601762931 0.0 0.0 0.0 -0.10811577080703318 -0.09756507986982954 -0.013082008267651013 -0.011805374664249375 0.0 0.0 0.0 0.0 10.200000000000008 0.0 0.07 10.200000000000008 0.0 0.07 0.3 0.05 0.8 0.3 0.05 0.8 0.5 0.1 0.05
2534 13.705572366714478 0.0 0.0 0.0 0.0 0.0 0.0 -0.025310686403265354 0.013189166963100433 -1.0883593857288363 0.1640921162812526 -0.2636693834262862 0.07012483601762931 0.0 0.0 0.0 -0.10811577080703318 -0.09756507986982954 -0.013082008267651013 -0.011805374664249375 0.0 0.0 0.0 0.0 10.200000000000008 0.0 0.07 10.200000000000008 0.0 0.07 0.3 0.05 0.8 0.3 0.05 0.8 0.5 0.1 0.05
2535 13.710862636566162 0.0 0.0 0.0 0.0 0.0 0.0 -0.025310686185211394 0.01320573400259018 -1.0883593857288363 0.1640921162812526 -0.2636693834262862 0.07012483601762931 0.0 0.0 0.0 -0.10811577080703318 -0.09756507986982954 -0.013082008267651013 -0.011805374664249375 0.0 0.0 0.0 0.0 10.200000000000008 0.0 0.07 10.200000000000008 0.0 0.07 0.3 0.05 0.8 0.3 0.05 0.8 0.5 0.1 0.05
2536 13.716149806976318 0.0 0.0 0.0 0.0 0.0 0.0 -0.025310686054379018 0.013215674226284028 -1.0883593857288363 0.1640921162812526 -0.2636693834262862 0.07012483601762931 0.0 0.0 0.0 -0.10811577080703318 -0.09756507986982954 -0.013082008267651013 -0.011805374664249375 0.0 0.0 0.0 0.0 10.200000000000008 0.0 0.07 10.200000000000008 0.0 0.07 0.3 0.05 0.8 0.3 0.05 0.8 0.5 0.1 0.05
2537 13.721395015716553 0.0 0.0 0.0 0.0 0.0 0.0 -0.025310685975879592 0.013221638360500337 -1.0883593857288363 0.1640921162812526 -0.2636693834262862 0.07012483601762931 0.0 0.0 0.0 -0.10811577080703318 -0.09756507986982954 -0.013082008267651013 -0.011805374664249375 0.0 0.0 0.0 0.0 10.200000000000008 0.0 0.07 10.200000000000008 0.0 0.07 0.3 0.05 0.8 0.3 0.05 0.8 0.5 0.1 0.05
2538 13.726644277572632 0.0 0.0 0.0 0.0 0.0 0.0 -0.025310685928779938 0.013225216841030122 -1.0883593857288363 0.1640921162812526 -0.2636693834262862 0.07012483601762931 0.0 0.0 0.0 -0.10811577080703318 -0.09756507986982954 -0.013082008267651013 -0.011805374664249375 0.0 0.0 0.0 0.0 10.200000000000008 0.0 0.07 10.200000000000008 0.0 0.07 0.3 0.05 0.8 0.3 0.05 0.8 0.5 0.1 0.05
2539 13.731889486312866 0.0 0.0 0.0 0.0 0.0 0.0 -0.025310685900520144 0.013227363929347993 -1.0883593857288363 0.1640921162812526 -0.2636693834262862 0.07012483601762931 0.0 0.0 0.0 -0.10811577080703318 -0.09756507986982954 -0.013082008267651013 -0.011805374664249375 0.0 0.0 0.0 0.0 10.200000000000008 0.0 0.07 10.200000000000008 0.0 0.07 0.3 0.05 0.8 0.3 0.05 0.8 0.5 0.1 0.05
2540 13.737104177474976 0.0 0.0 0.0 0.0 0.0 0.0 -0.02531068588356427 0.013228652182338716 -1.0883593857288363 0.1640921162812526 -0.2636693834262862 0.07012483601762931 0.0 0.0 0.0 -0.10811577080703318 -0.09756507986982954 -0.013082008267651013 -0.011805374664249375 0.0 0.0 0.0 0.0 10.200000000000008 0.0 0.07 10.200000000000008 0.0 0.07 0.3 0.05 0.8 0.3 0.05 0.8 0.5 0.1 0.05
2541 13.742434740066528 0.0 0.0 0.0 0.0 0.0 0.0 -0.025310685873390745 0.013229425134133149 -1.0883593857288363 0.1640921162812526 -0.2636693834262862 0.07012483601762931 0.0 0.0 0.0 -0.10811577080703318 -0.09756507986982954 -0.013082008267651013 -0.011805374664249375 0.0 0.0 0.0 0.0 10.200000000000008 0.0 0.07 10.200000000000008 0.0 0.07 0.3 0.05 0.8 0.3 0.05 0.8 0.5 0.1 0.05
2542 13.747786283493042 0.0 0.0 0.0 0.0 0.0 0.0 -0.02531068586728663 0.013229888905209809 -1.0883593857288363 0.1640921162812526 -0.2636693834262862 0.07012483601762931 0.0 0.0 0.0 -0.10811577080703318 -0.09756507986982954 -0.013082008267651013 -0.011805374664249375 0.0 0.0 0.0 0.0 10.200000000000008 0.0 0.07 10.200000000000008 0.0 0.07 0.3 0.05 0.8 0.3 0.05 0.8 0.5 0.1 0.05
2543 13.753137350082397 0.0 0.0 0.0 0.0 0.0 0.0 -0.02531068586362416 0.013230167167855805 -1.0883593857288363 0.1640921162812526 -0.2636693834262862 0.07012483601762931 0.0 0.0 0.0 -0.10811577080703318 -0.09756507986982954 -0.013082008267651013 -0.011805374664249375 0.0 0.0 0.0 0.0 10.200000000000008 0.0 0.07 10.200000000000008 0.0 0.07 0.3 0.05 0.8 0.3 0.05 0.8 0.5 0.1 0.05
2544 13.75850510597229 0.0 0.0 0.0 0.0 0.0 0.0 -0.02531068586142668 0.013230334125443402 -1.0883593857288363 0.1640921162812526 -0.2636693834262862 0.07012483601762931 0.0 0.0 0.0 -0.10811577080703318 -0.09756507986982954 -0.013082008267651013 -0.011805374664249375 0.0 0.0 0.0 0.0 10.200000000000008 0.0 0.07 10.200000000000008 0.0 0.07 0.3 0.05 0.8 0.3 0.05 0.8 0.5 0.1 0.05
2545 13.76381230354309 0.0 0.0 0.0 0.0 0.0 0.0 -0.02531068586010819 0.013230434299995961 -1.0883593857288363 0.1640921162812526 -0.2636693834262862 0.07012483601762931 0.0 0.0 0.0 -0.10811577080703318 -0.09756507986982954 -0.013082008267651013 -0.011805374664249375 0.0 0.0 0.0 0.0 10.200000000000008 0.0 0.07 10.200000000000008 0.0 0.07 0.3 0.05 0.8 0.3 0.05 0.8 0.5 0.1 0.05
2546 13.769134044647217 0.0 0.0 0.0 0.0 0.0 0.0 -0.025310685859317096 0.013230494404727497 -1.0883593857288363 0.1640921162812526 -0.2636693834262862 0.07012483601762931 0.0 0.0 0.0 -0.10811577080703318 -0.09756507986982954 -0.013082008267651013 -0.011805374664249375 0.0 0.0 0.0 0.0 10.200000000000008 0.0 0.07 10.200000000000008 0.0 0.07 0.3 0.05 0.8 0.3 0.05 0.8 0.5 0.1 0.05
2547 13.774353742599487 0.0 0.0 0.0 0.0 0.0 0.0 -0.02531068585884244 0.013230530467566419 -1.0883593857288363 0.1640921162812526 -0.2636693834262862 0.07012483601762931 0.0 0.0 0.0 -0.10811577080703318 -0.09756507986982954 -0.013082008267651013 -0.011805374664249375 0.0 0.0 0.0 0.0 10.200000000000008 0.0 0.07 10.200000000000008 0.0 0.07 0.3 0.05 0.8 0.3 0.05 0.8 0.5 0.1 0.05
2548 13.779619693756104 0.0 0.0 0.0 0.0 0.0 0.0 -0.025310685858557648 0.013230552105269772 -1.0883593857288363 0.1640921162812526 -0.2636693834262862 0.07012483601762931 0.0 0.0 0.0 -0.10811577080703318 -0.09756507986982954 -0.013082008267651013 -0.011805374664249375 0.0 0.0 0.0 0.0 10.200000000000008 0.0 0.07 10.200000000000008 0.0 0.07 0.3 0.05 0.8 0.3 0.05 0.8 0.5 0.1 0.05
2549 13.784834623336792 0.0 0.0 0.0 0.0 0.0 0.0 -0.02531068585838677 0.013230565087891782 -1.0883593857288363 0.1640921162812526 -0.2636693834262862 0.07012483601762931 0.0 0.0 0.0 -0.10811577080703318 -0.09756507986982954 -0.013082008267651013 -0.011805374664249375 0.0 0.0 0.0 0.0 10.200000000000008 0.0 0.07 10.200000000000008 0.0 0.07 0.3 0.05 0.8 0.3 0.05 0.8 0.5 0.1 0.05
2550 13.790060043334961 0.0 0.0 0.0 0.0 0.0 0.0 -0.025310685858284245 0.013230572877464989 -1.0883593857288363 0.1640921162812526 -0.2636693834262862 0.07012483601762931 0.0 0.0 0.0 -0.10811577080703318 -0.09756507986982954 -0.013082008267651013 -0.011805374664249375 0.0 0.0 0.0 0.0 10.200000000000008 0.0 0.07 10.200000000000008 0.0 0.07 0.3 0.05 0.8 0.3 0.05 0.8 0.5 0.1 0.05
2551 13.795445919036865 0.0 0.0 0.0 0.0 0.0 0.0 -0.02531068585822273 0.013230577551208914 -1.0883593857288363 0.1640921162812526 -0.2636693834262862 0.07012483601762931 0.0 0.0 0.0 -0.10811577080703318 -0.09756507986982954 -0.013082008267651013 -0.011805374664249375 0.0 0.0 0.0 0.0 10.200000000000008 0.0 0.07 10.200000000000008 0.0 0.07 0.3 0.05 0.8 0.3 0.05 0.8 0.5 0.1 0.05
2552 13.800728797912598 0.0 0.0 0.0 0.0 0.0 0.0 -0.02531068585818582 0.013230580355455268 -1.0883593857288363 0.1640921162812526 -0.2636693834262862 0.07012483601762931 0.0 0.0 0.0 -0.10811577080703318 -0.09756507986982954 -0.013082008267651013 -0.011805374664249375 0.0 0.0 0.0 0.0 10.200000000000008 0.0 0.07 10.200000000000008 0.0 0.07 0.3 0.05 0.8 0.3 0.05 0.8 0.5 0.1 0.05
2553 13.806097030639648 0.0 0.0 0.0 0.0 0.0 0.0 -0.025310685858163675 0.013230582038003081 -1.0883593857288363 0.1640921162812526 -0.2636693834262862 0.07012483601762931 0.0 0.0 0.0 -0.10811577080703318 -0.09756507986982954 -0.013082008267651013 -0.011805374664249375 0.0 0.0 0.0 0.0 10.200000000000008 0.0 0.07 10.200000000000008 0.0 0.07 0.3 0.05 0.8 0.3 0.05 0.8 0.5 0.1 0.05
2554 13.811476707458496 0.0 0.0 0.0 0.0 0.0 0.0 -0.025310685858150387 0.013230583047531769 -1.0883593857288363 0.1640921162812526 -0.2636693834262862 0.07012483601762931 0.0 0.0 0.0 -0.10811577080703318 -0.09756507986982954 -0.013082008267651013 -0.011805374664249375 0.0 0.0 0.0 0.0 10.200000000000008 0.0 0.07 10.200000000000008 0.0 0.07 0.3 0.05 0.8 0.3 0.05 0.8 0.5 0.1 0.05
2555 13.816740274429321 0.0 0.0 0.0 0.0 0.0 0.0 -0.025310685858142414 0.013230583653248982 -1.0883593857288363 0.1640921162812526 -0.2636693834262862 0.07012483601762931 0.0 0.0 0.0 -0.10811577080703318 -0.09756507986982954 -0.013082008267651013 -0.011805374664249375 0.0 0.0 0.0 0.0 10.200000000000008 0.0 0.07 10.200000000000008 0.0 0.07 0.3 0.05 0.8 0.3 0.05 0.8 0.5 0.1 0.05
2556 13.821985721588135 0.0 0.0 0.0 0.0 0.0 0.0 -0.02531068585813763 0.013230584016679309 -1.0883593857288363 0.1640921162812526 -0.2636693834262862 0.07012483601762931 0.0 0.0 0.0 -0.10811577080703318 -0.09756507986982954 -0.013082008267651013 -0.011805374664249375 0.0 0.0 0.0 0.0 10.200000000000008 0.0 0.07 10.200000000000008 0.0 0.07 0.3 0.05 0.8 0.3 0.05 0.8 0.5 0.1 0.05
2557 13.827210903167725 0.0 0.0 0.0 0.0 0.0 0.0 -0.02531068585813476 0.013230584234737506 -1.0883593857288363 0.1640921162812526 -0.2636693834262862 0.07012483601762931 0.0 0.0 0.0 -0.10811577080703318 -0.09756507986982954 -0.013082008267651013 -0.011805374664249375 0.0 0.0 0.0 0.0 10.200000000000008 0.0 0.07 10.200000000000008 0.0 0.07 0.3 0.05 0.8 0.3 0.05 0.8 0.5 0.1 0.05
2558 13.83242130279541 0.0 0.0 0.0 0.0 0.0 0.0 -0.025310685858133036 0.013230584365572423 -1.0883593857288363 0.1640921162812526 -0.2636693834262862 0.07012483601762931 0.0 0.0 0.0 -0.10811577080703318 -0.09756507986982954 -0.013082008267651013 -0.011805374664249375 0.0 0.0 0.0 0.0 10.200000000000008 0.0 0.07 10.200000000000008 0.0 0.07 0.3 0.05 0.8 0.3 0.05 0.8 0.5 0.1 0.05
2559 13.837624788284302 0.0 0.0 0.0 0.0 0.0 0.0 -0.025310685858132002 0.013230584444073374 -1.0883593857288363 0.1640921162812526 -0.2636693834262862 0.07012483601762931 0.0 0.0 0.0 -0.10811577080703318 -0.09756507986982954 -0.013082008267651013 -0.011805374664249375 0.0 0.0 0.0 0.0 10.200000000000008 0.0 0.07 10.200000000000008 0.0 0.07 0.3 0.05 0.8 0.3 0.05 0.8 0.5 0.1 0.05
2560 13.842857599258423 0.0 0.0 0.0 0.0 0.0 0.0 -0.025310685858131385 0.013230584491173944 -1.0883593857288363 0.1640921162812526 -0.2636693834262862 0.07012483601762931 0.0 0.0 0.0 -0.10811577080703318 -0.09756507986982954 -0.013082008267651013 -0.011805374664249375 0.0 0.0 0.0 0.0 10.200000000000008 0.0 0.07 10.200000000000008 0.0 0.07 0.3 0.05 0.8 0.3 0.05 0.8 0.5 0.1 0.05
2561 13.848270177841187 0.0 0.0 0.0 0.0 0.0 0.0 -0.025310685858131014 0.013230584519434286 -1.0883593857288363 0.1640921162812526 -0.2636693834262862 0.07012483601762931 0.0 0.0 0.0 -0.10811577080703318 -0.09756507986982954 -0.013082008267651013 -0.011805374664249375 0.0 0.0 0.0 0.0 10.200000000000008 0.0 0.07 10.200000000000008 0.0 0.07 0.3 0.05 0.8 0.3 0.05 0.8 0.5 0.1 0.05
2562 13.85352873802185 0.0 0.0 0.0 0.0 0.0 0.0 -0.025310685858130788 0.013230584536390491 -1.0883593857288363 0.1640921162812526 -0.2636693834262862 0.07012483601762931 0.0 0.0 0.0 -0.10811577080703318 -0.09756507986982954 -0.013082008267651013 -0.011805374664249375 0.0 0.0 0.0 0.0 10.200000000000008 0.0 0.07 10.200000000000008 0.0 0.07 0.3 0.05 0.8 0.3 0.05 0.8 0.5 0.1 0.05
2563 13.858892679214478 0.0 0.0 0.0 0.0 0.0 0.0 -0.025310685858130656 0.013230584546564214 -1.0883593857288363 0.1640921162812526 -0.2636693834262862 0.07012483601762931 0.0 0.0 0.0 -0.10811577080703318 -0.09756507986982954 -0.013082008267651013 -0.011805374664249375 0.0 0.0 0.0 0.0 10.200000000000008 0.0 0.07 10.200000000000008 0.0 0.07 0.3 0.05 0.8 0.3 0.05 0.8 0.5 0.1 0.05
2564 13.864263772964478 0.0 0.0 0.0 0.0 0.0 0.0 -0.025310685858130576 0.013230584552668448 -1.0883593857288363 0.1640921162812526 -0.2636693834262862 0.07012483601762931 0.0 0.0 0.0 -0.10811577080703318 -0.09756507986982954 -0.013082008267651013 -0.011805374664249375 0.0 0.0 0.0 0.0 10.200000000000008 0.0 0.07 10.200000000000008 0.0 0.07 0.3 0.05 0.8 0.3 0.05 0.8 0.5 0.1 0.05
2565 13.869546175003052 0.0 0.0 0.0 0.0 0.0 0.0 -0.025310685858130528 0.013230584556330988 -1.0883593857288363 0.1640921162812526 -0.2636693834262862 0.07012483601762931 0.0 0.0 0.0 -0.10811577080703318 -0.09756507986982954 -0.013082008267651013 -0.011805374664249375 0.0 0.0 0.0 0.0 10.200000000000008 0.0 0.07 10.200000000000008 0.0 0.07 0.3 0.05 0.8 0.3 0.05 0.8 0.5 0.1 0.05
2566 13.874777793884277 0.0 0.0 0.0 0.0 0.0 0.0 -0.025310685858130497 0.013230584558528513 -1.0883593857288363 0.1640921162812526 -0.2636693834262862 0.07012483601762931 0.0 0.0 0.0 -0.10811577080703318 -0.09756507986982954 -0.013082008267651013 -0.011805374664249375 0.0 0.0 0.0 0.0 10.200000000000008 0.0 0.07 10.200000000000008 0.0 0.07 0.3 0.05 0.8 0.3 0.05 0.8 0.5 0.1 0.05
2567 13.88002324104309 0.0 0.0 0.0 0.0 0.0 0.0 -0.02531068585813048 0.013230584559847028 -1.0883593857288363 0.1640921162812526 -0.2636693834262862 0.07012483601762931 0.0 0.0 0.0 -0.10811577080703318 -0.09756507986982954 -0.013082008267651013 -0.011805374664249375 0.0 0.0 0.0 0.0 10.200000000000008 0.0 0.07 10.200000000000008 0.0 0.07 0.3 0.05 0.8 0.3 0.05 0.8 0.5 0.1 0.05
2568 13.8852379322052 0.0 0.0 0.0 0.0 0.0 0.0 -0.02531068585813047 0.013230584560638137 -1.0883593857288363 0.1640921162812526 -0.2636693834262862 0.07012483601762931 0.0 0.0 0.0 -0.10811577080703318 -0.09756507986982954 -0.013082008267651013 -0.011805374664249375 0.0 0.0 0.0 0.0 10.200000000000008 0.0 0.07 10.200000000000008 0.0 0.07 0.3 0.05 0.8 0.3 0.05 0.8 0.5 0.1 0.05
2569 13.89044737815857 0.0 0.0 0.0 0.0 0.0 0.0 -0.025310685858130462 0.013230584561112802 -1.0883593857288363 0.1640921162812526 -0.2636693834262862 0.07012483601762931 0.0 0.0 0.0 -0.10811577080703318 -0.09756507986982954 -0.013082008267651013 -0.011805374664249375 0.0 0.0 0.0 0.0 10.200000000000008 0.0 0.07 10.200000000000008 0.0 0.07 0.3 0.05 0.8 0.3 0.05 0.8 0.5 0.1 0.05
2570 13.895659685134888 0.0 0.0 0.0 0.0 0.0 0.0 -0.02531068585813046 0.0132305845613976 -1.0883593857288363 0.1640921162812526 -0.2636693834262862 0.07012483601762931 0.0 0.0 0.0 -0.10811577080703318 -0.09756507986982954 -0.013082008267651013 -0.011805374664249375 0.0 0.0 0.0 0.0 10.200000000000008 0.0 0.07 10.200000000000008 0.0 0.07 0.3 0.05 0.8 0.3 0.05 0.8 0.5 0.1 0.05
2571 13.900989294052124 0.0 0.0 0.0 0.0 0.0 0.0 -0.025310685858130455 0.01323058456156848 -1.0883593857288363 0.1640921162812526 -0.2636693834262862 0.07012483601762931 0.0 0.0 0.0 -0.10811577080703318 -0.09756507986982954 -0.013082008267651013 -0.011805374664249375 0.0 0.0 0.0 0.0 10.200000000000008 0.0 0.07 10.200000000000008 0.0 0.07 0.3 0.05 0.8 0.3 0.05 0.8 0.5 0.1 0.05
2572 13.90623688697815 0.0 0.0 0.0 0.0 0.0 0.0 -0.025310685858130455 0.013230584561671007 -1.0883593857288363 0.1640921162812526 -0.2636693834262862 0.07012483601762931 0.0 0.0 0.0 -0.10811577080703318 -0.09756507986982954 -0.013082008267651013 -0.011805374664249375 0.0 0.0 0.0 0.0 10.200000000000008 0.0 0.07 10.200000000000008 0.0 0.07 0.3 0.05 0.8 0.3 0.05 0.8 0.5 0.1 0.05
2573 13.911555528640747 0.0 0.0 0.0 0.0 0.0 0.0 -0.025310685858130455 0.013230584561732523 -1.0883593857288363 0.1640921162812526 -0.2636693834262862 0.07012483601762931 0.0 0.0 0.0 -0.10811577080703318 -0.09756507986982954 -0.013082008267651013 -0.011805374664249375 0.0 0.0 0.0 0.0 10.200000000000008 0.0 0.07 10.200000000000008 0.0 0.07 0.3 0.05 0.8 0.3 0.05 0.8 0.5 0.1 0.05
2574 13.916786432266235 0.0 0.0 0.0 0.0 0.0 0.0 -0.025310685858130455 0.013230584561769433 -1.0883593857288363 0.1640921162812526 -0.2636693834262862 0.07012483601762931 0.0 0.0 0.0 -0.10811577080703318 -0.09756507986982954 -0.013082008267651013 -0.011805374664249375 0.0 0.0 0.0 0.0 10.200000000000008 0.0 0.07 10.200000000000008 0.0 0.07 0.3 0.05 0.8 0.3 0.05 0.8 0.5 0.1 0.05
2575 13.922142267227173 0.0 0.0 0.0 0.0 0.0 0.0 -0.025310685858130455 0.01323058456179158 -1.0883593857288363 0.1640921162812526 -0.2636693834262862 0.07012483601762931 0.0 0.0 0.0 -0.10811577080703318 -0.09756507986982954 -0.013082008267651013 -0.011805374664249375 0.0 0.0 0.0 0.0 10.200000000000008 0.0 0.07 10.200000000000008 0.0 0.07 0.3 0.05 0.8 0.3 0.05 0.8 0.5 0.1 0.05
2576 13.927412748336792 0.0 0.0 0.0 0.0 0.0 0.0 -0.025310685858130455 0.013230584561804868 -1.0883593857288363 0.1640921162812526 -0.2636693834262862 0.07012483601762931 0.0 0.0 0.0 -0.10811577080703318 -0.09756507986982954 -0.013082008267651013 -0.011805374664249375 0.0 0.0 0.0 0.0 10.200000000000008 0.0 0.07 10.200000000000008 0.0 0.07 0.3 0.05 0.8 0.3 0.05 0.8 0.5 0.1 0.05
2577 13.932791948318481 0.0 0.0 0.0 0.0 0.0 0.0 -0.025310685858130455 0.013230584561812841 -1.0883593857288363 0.1640921162812526 -0.2636693834262862 0.07012483601762931 0.0 0.0 0.0 -0.10811577080703318 -0.09756507986982954 -0.013082008267651013 -0.011805374664249375 0.0 0.0 0.0 0.0 10.200000000000008 0.0 0.07 10.200000000000008 0.0 0.07 0.3 0.05 0.8 0.3 0.05 0.8 0.5 0.1 0.05
2578 13.938157558441162 0.0 0.0 0.0 0.0 0.0 0.0 -0.025310685858130455 0.013230584561817624 -1.0883593857288363 0.1640921162812526 -0.2636693834262862 0.07012483601762931 0.0 0.0 0.0 -0.10811577080703318 -0.09756507986982954 -0.013082008267651013 -0.011805374664249375 0.0 0.0 0.0 0.0 10.200000000000008 0.0 0.07 10.200000000000008 0.0 0.07 0.3 0.05 0.8 0.3 0.05 0.8 0.5 0.1 0.05
2579 13.943401098251343 0.0 0.0 0.0 0.0 0.0 0.0 -0.025310685858130455 0.013230584561820495 -1.0883593857288363 0.1640921162812526 -0.2636693834262862 0.07012483601762931 0.0 0.0 0.0 -0.10811577080703318 -0.09756507986982954 -0.013082008267651013 -0.011805374664249375 0.0 0.0 0.0 0.0 10.200000000000008 0.0 0.07 10.200000000000008 0.0 0.07 0.3 0.05 0.8 0.3 0.05 0.8 0.5 0.1 0.05
2580 13.948651552200317 0.0 0.0 0.0 0.0 0.0 0.0 -0.025310685858130455 0.013230584561822217 -1.0883593857288363 0.1640921162812526 -0.2636693834262862 0.07012483601762931 0.0 0.0 0.0 -0.10811577080703318 -0.09756507986982954 -0.013082008267651013 -0.011805374664249375 0.0 0.0 0.0 0.0 10.200000000000008 0.0 0.07 10.200000000000008 0.0 0.07 0.3 0.05 0.8 0.3 0.05 0.8 0.5 0.1 0.05
2581 13.954021215438843 0.0 0.0 0.0 0.0 0.0 0.0 -0.025310685858130455 0.01323058456182325 -1.0883593857288363 0.1640921162812526 -0.2636693834262862 0.07012483601762931 0.0 0.0 0.0 -0.10811577080703318 -0.09756507986982954 -0.013082008267651013 -0.011805374664249375 0.0 0.0 0.0 0.0 10.200000000000008 0.0 0.07 10.200000000000008 0.0 0.07 0.3 0.05 0.8 0.3 0.05 0.8 0.5 0.1 0.05
2582 13.959312438964844 0.0 0.0 0.0 0.0 0.0 0.0 -0.025310685858130455 0.013230584561823869 -1.0883593857288363 0.1640921162812526 -0.2636693834262862 0.07012483601762931 0.0 0.0 0.0 -0.10811577080703318 -0.09756507986982954 -0.013082008267651013 -0.011805374664249375 0.0 0.0 0.0 0.0 10.200000000000008 0.0 0.07 10.200000000000008 0.0 0.07 0.3 0.05 0.8 0.3 0.05 0.8 0.5 0.1 0.05
2583 13.964838981628418 0.0 0.0 0.0 0.0 0.0 0.0 -0.025310685858130455 0.013230584561824242 -1.0883593857288363 0.1640921162812526 -0.2636693834262862 0.07012483601762931 0.0 0.0 0.0 -0.10811577080703318 -0.09756507986982954 -0.013082008267651013 -0.011805374664249375 0.0 0.0 0.0 0.0 10.200000000000008 0.0 0.07 10.200000000000008 0.0 0.07 0.3 0.05 0.8 0.3 0.05 0.8 0.5 0.1 0.05
2584 13.970337152481079 0.0 0.0 0.0 0.0 0.0 0.0 -0.025310685858130455 0.013230584561824466 -1.0883593857288363 0.1640921162812526 -0.2636693834262862 0.07012483601762931 0.0 0.0 0.0 -0.10811577080703318 -0.09756507986982954 -0.013082008267651013 -0.011805374664249375 0.0 0.0 0.0 0.0 10.200000000000008 0.0 0.07 10.200000000000008 0.0 0.07 0.3 0.05 0.8 0.3 0.05 0.8 0.5 0.1 0.05
2585 13.97596287727356 0.0 0.0 0.0 0.0 0.0 0.0 -0.025310685858130455 0.013230584561824599 -1.0883593857288363 0.1640921162812526 -0.2636693834262862 0.07012483601762931 0.0 0.0 0.0 -0.10811577080703318 -0.09756507986982954 -0.013082008267651013 -0.011805374664249375 0.0 0.0 0.0 0.0 10.200000000000008 0.0 0.07 10.200000000000008 0.0 0.07 0.3 0.05 0.8 0.3 0.05 0.8 0.5 0.1 0.05
2586 13.981484174728394 0.0 0.0 0.0 0.0 0.0 0.0 -0.025310685858130455 0.013230584561824679 -1.0883593857288363 0.1640921162812526 -0.2636693834262862 0.07012483601762931 0.0 0.0 0.0 -0.10811577080703318 -0.09756507986982954 -0.013082008267651013 -0.011805374664249375 0.0 0.0 0.0 0.0 10.200000000000008 0.0 0.07 10.200000000000008 0.0 0.07 0.3 0.05 0.8 0.3 0.05 0.8 0.5 0.1 0.05
2587 13.986866474151611 0.0 0.0 0.0 0.0 0.0 0.0 -0.025310685858130455 0.013230584561824727 -1.0883593857288363 0.1640921162812526 -0.2636693834262862 0.07012483601762931 0.0 0.0 0.0 -0.10811577080703318 -0.09756507986982954 -0.013082008267651013 -0.011805374664249375 0.0 0.0 0.0 0.0 10.200000000000008 0.0 0.07 10.200000000000008 0.0 0.07 0.3 0.05 0.8 0.3 0.05 0.8 0.5 0.1 0.05
2588 13.99231481552124 0.0 0.0 0.0 0.0 0.0 0.0 -0.025310685858130455 0.013230584561824757 -1.0883593857288363 0.1640921162812526 -0.2636693834262862 0.07012483601762931 0.0 0.0 0.0 -0.10811577080703318 -0.09756507986982954 -0.013082008267651013 -0.011805374664249375 0.0 0.0 0.0 0.0 10.200000000000008 0.0 0.07 10.200000000000008 0.0 0.07 0.3 0.05 0.8 0.3 0.05 0.8 0.5 0.1 0.05
2589 13.997793436050415 0.0 0.0 0.0 0.0 0.0 0.0 -0.025310685858130455 0.013230584561824774 -1.0883593857288363 0.1640921162812526 -0.2636693834262862 0.07012483601762931 0.0 0.0 0.0 -0.10811577080703318 -0.09756507986982954 -0.013082008267651013 -0.011805374664249375 0.0 0.0 0.0 0.0 10.200000000000008 0.0 0.07 10.200000000000008 0.0 0.07 0.3 0.05 0.8 0.3 0.05 0.8 0.5 0.1 0.05
2590 14.003323554992676 0.0 0.0 0.0 0.0 0.0 0.0 -0.025310685858130455 0.013230584561824785 -1.0883593857288363 0.1640921162812526 -0.2636693834262862 0.07012483601762931 0.0 0.0 0.0 -0.10811577080703318 -0.09756507986982954 -0.013082008267651013 -0.011805374664249375 0.0 0.0 0.0 0.0 10.200000000000008 0.0 0.07 10.200000000000008 0.0 0.07 0.3 0.05 0.8 0.3 0.05 0.8 0.5 0.1 0.05
2591 14.0088369846344 0.0 0.0 0.0 0.0 0.0 0.0 -0.025310685858130455 0.01323058456182479 -1.0883593857288363 0.1640921162812526 -0.2636693834262862 0.07012483601762931 0.0 0.0 0.0 -0.10811577080703318 -0.09756507986982954 -0.013082008267651013 -0.011805374664249375 0.0 0.0 0.0 0.0 10.200000000000008 0.0 0.07 10.200000000000008 0.0 0.07 0.3 0.05 0.8 0.3 0.05 0.8 0.5 0.1 0.05
2592 14.0145423412323 0.0 0.0 0.0 0.0 0.0 0.0 -0.025310685858130455 0.013230584561824793 -1.0883593857288363 0.1640921162812526 -0.2636693834262862 0.07012483601762931 0.0 0.0 0.0 -0.10811577080703318 -0.09756507986982954 -0.013082008267651013 -0.011805374664249375 0.0 0.0 0.0 0.0 10.200000000000008 0.0 0.07 10.200000000000008 0.0 0.07 0.3 0.05 0.8 0.3 0.05 0.8 0.5 0.1 0.05
2593 14.019993782043457 0.0 0.0 0.0 0.0 0.0 0.0 -0.025310685858130455 0.013230584561824795 -1.0883593857288363 0.1640921162812526 -0.2636693834262862 0.07012483601762931 0.0 0.0 0.0 -0.10811577080703318 -0.09756507986982954 -0.013082008267651013 -0.011805374664249375 0.0 0.0 0.0 0.0 10.200000000000008 0.0 0.07 10.200000000000008 0.0 0.07 0.3 0.05 0.8 0.3 0.05 0.8 0.5 0.1 0.05
2594 14.025545358657837 0.0 0.0 0.0 0.0 0.0 0.0 -0.025310685858130455 0.013230584561824797 -1.0883593857288363 0.1640921162812526 -0.2636693834262862 0.07012483601762931 0.0 0.0 0.0 -0.10811577080703318 -0.09756507986982954 -0.013082008267651013 -0.011805374664249375 0.0 0.0 0.0 0.0 10.200000000000008 0.0 0.07 10.200000000000008 0.0 0.07 0.3 0.05 0.8 0.3 0.05 0.8 0.5 0.1 0.05
2595 14.030930042266846 0.0 0.0 0.0 0.0 0.0 0.0 -0.025310685858130455 0.013230584561824799 -1.0883593857288363 0.1640921162812526 -0.2636693834262862 0.07012483601762931 0.0 0.0 0.0 -0.10811577080703318 -0.09756507986982954 -0.013082008267651013 -0.011805374664249375 0.0 0.0 0.0 0.0 10.200000000000008 0.0 0.07 10.200000000000008 0.0 0.07 0.3 0.05 0.8 0.3 0.05 0.8 0.5 0.1 0.05
2596 14.036357641220093 0.0 0.0 0.0 0.0 0.0 0.0 -0.025310685858130455 0.013230584561824799 -1.0883593857288363 0.1640921162812526 -0.2636693834262862 0.07012483601762931 0.0 0.0 0.0 -0.10811577080703318 -0.09756507986982954 -0.013082008267651013 -0.011805374664249375 0.0 0.0 0.0 0.0 10.200000000000008 0.0 0.07 10.200000000000008 0.0 0.07 0.3 0.05 0.8 0.3 0.05 0.8 0.5 0.1 0.05
2597 14.041865348815918 0.0 0.0 0.0 0.0 0.0 0.0 -0.025310685858130455 0.013230584561824799 -1.0883593857288363 0.1640921162812526 -0.2636693834262862 0.07012483601762931 0.0 0.0 0.0 -0.10811577080703318 -0.09756507986982954 -0.013082008267651013 -0.011805374664249375 0.0 0.0 0.0 0.0 10.200000000000008 0.0 0.07 10.200000000000008 0.0 0.07 0.3 0.05 0.8 0.3 0.05 0.8 0.5 0.1 0.05
2598 14.047298192977905 0.0 0.0 0.0 0.0 0.0 0.0 -0.025310685858130455 0.013230584561824799 -1.0883593857288363 0.1640921162812526 -0.2636693834262862 0.07012483601762931 0.0 0.0 0.0 -0.10811577080703318 -0.09756507986982954 -0.013082008267651013 -0.011805374664249375 0.0 0.0 0.0 0.0 10.200000000000008 0.0 0.07 10.200000000000008 0.0 0.07 0.3 0.05 0.8 0.3 0.05 0.8 0.5 0.1 0.05
2599 14.05285906791687 0.0 0.0 0.0 0.0 0.0 0.0 -0.025310685858130455 0.013230584561824799 -1.0883593857288363 0.1640921162812526 -0.2636693834262862 0.07012483601762931 0.0 0.0 0.0 -0.10811577080703318 -0.09756507986982954 -0.013082008267651013 -0.011805374664249375 0.0 0.0 0.0 0.0 10.200000000000008 0.0 0.07 10.200000000000008 0.0 0.07 0.3 0.05 0.8 0.3 0.05 0.8 0.5 0.1 0.05
2600 14.058356761932373 0.0 0.0 0.0 0.0 0.0 0.0 -0.025310685858130455 0.013230584561824799 -1.0883593857288363 0.1640921162812526 -0.2636693834262862 0.07012483601762931 0.0 0.0 0.0 -0.10811577080703318 -0.09756507986982954 -0.013082008267651013 -0.011805374664249375 0.0 0.0 0.0 0.0 10.200000000000008 0.0 0.07 10.200000000000008 0.0 0.07 0.3 0.05 0.8 0.3 0.05 0.8 0.5 0.1 0.05
2601 14.0639967918396 0.0 0.0 0.0 0.0 0.0 0.0 -0.025310685858130455 0.013230584561824799 -1.0883593857288363 0.1640921162812526 -0.2636693834262862 0.07012483601762931 0.0 0.0 0.0 -0.10811577080703318 -0.09756507986982954 -0.013082008267651013 -0.011805374664249375 0.0 0.0 0.0 0.0 10.200000000000008 0.0 0.07 10.200000000000008 0.0 0.07 0.3 0.05 0.8 0.3 0.05 0.8 0.5 0.1 0.05
2602 14.069554567337036 0.0 0.0 0.0 0.0 0.0 0.0 -0.025310685858130455 0.013230584561824799 -1.0883593857288363 0.1640921162812526 -0.2636693834262862 0.07012483601762931 0.0 0.0 0.0 -0.10811577080703318 -0.09756507986982954 -0.013082008267651013 -0.011805374664249375 0.0 0.0 0.0 0.0 10.200000000000008 0.0 0.07 10.200000000000008 0.0 0.07 0.3 0.05 0.8 0.3 0.05 0.8 0.5 0.1 0.05
2603 14.07527756690979 0.0 0.0 0.0 0.0 0.0 0.0 -0.025310685858130455 0.013230584561824799 -1.0883593857288363 0.1640921162812526 -0.2636693834262862 0.07012483601762931 0.0 0.0 0.0 -0.10811577080703318 -0.09756507986982954 -0.013082008267651013 -0.011805374664249375 0.0 0.0 0.0 0.0 10.200000000000008 0.0 0.07 10.200000000000008 0.0 0.07 0.3 0.05 0.8 0.3 0.05 0.8 0.5 0.1 0.05
2604 14.080636501312256 0.0 0.0 0.0 0.0 0.0 0.0 -0.025310685858130455 0.01330728381872177 -1.0883593857288363 0.1640921162812526 -0.2636693834262862 0.07012483601762931 0.0 0.0 0.0 -0.10811577080703318 -0.09756507986982954 -0.013082008267651013 -0.011805374664249375 0.0 0.0 0.0 0.0 10.200000000000008 0.0 0.07 10.200000000000008 0.0 0.07 0.3 0.05 0.8 0.3 0.05 0.8 0.5 0.1 0.05
2605 14.086255550384521 0.0 0.0 0.0 0.0 0.0 0.0 -0.025310685858130455 0.013353303372859953 -1.0883593857288363 0.1640921162812526 -0.2636693834262862 0.07012483601762931 0.0 0.0 0.0 -0.10811577080703318 -0.09756507986982954 -0.013082008267651013 -0.011805374664249375 0.0 0.0 0.0 0.0 10.200000000000008 0.0 0.07 10.200000000000008 0.0 0.07 0.3 0.05 0.8 0.3 0.05 0.8 0.5 0.1 0.05
2606 14.091648817062378 0.0 0.0 0.0 0.0 0.0 0.0 -0.025310685858130455 0.013380915105342863 -1.0883593857288363 0.1640921162812526 -0.2636693834262862 0.07012483601762931 0.0 0.0 0.0 -0.10811577080703318 -0.09756507986982954 -0.013082008267651013 -0.011805374664249375 0.0 0.0 0.0 0.0 10.200000000000008 0.0 0.07 10.200000000000008 0.0 0.07 0.3 0.05 0.8 0.3 0.05 0.8 0.5 0.1 0.05
2607 14.09703803062439 0.0 0.0 0.0 0.0 0.0 0.0 -0.025310685858130455 0.01339748214483261 -1.0883593857288363 0.1640921162812526 -0.2636693834262862 0.07012483601762931 0.0 0.0 0.0 -0.10811577080703318 -0.09756507986982954 -0.013082008267651013 -0.011805374664249375 0.0 0.0 0.0 0.0 10.200000000000008 0.0 0.07 10.200000000000008 0.0 0.07 0.3 0.05 0.8 0.3 0.05 0.8 0.5 0.1 0.05
2608 14.102427959442139 0.0 0.0 0.0 0.0 0.0 0.0 -0.025310685858130455 0.013407422368526458 -1.0883593857288363 0.1640921162812526 -0.2636693834262862 0.07012483601762931 0.0 0.0 0.0 -0.10811577080703318 -0.09756507986982954 -0.013082008267651013 -0.011805374664249375 0.0 0.0 0.0 0.0 10.200000000000008 0.0 0.07 10.200000000000008 0.0 0.07 0.3 0.05 0.8 0.3 0.05 0.8 0.5 0.1 0.05
2609 14.10784649848938 0.0 0.0 0.0 0.0 0.0 0.0 -0.025310685858130455 0.013413386502742767 -1.0883593857288363 0.1640921162812526 -0.2636693834262862 0.07012483601762931 0.0 0.0 0.0 -0.10811577080703318 -0.09756507986982954 -0.013082008267651013 -0.011805374664249375 0.0 0.0 0.0 0.0 10.200000000000008 0.0 0.07 10.200000000000008 0.0 0.07 0.3 0.05 0.8 0.3 0.05 0.8 0.5 0.1 0.05
2610 14.113275527954102 0.0 0.0 0.0 0.0 0.0 0.0 -0.025310685858130455 0.013416964983272552 -1.0883593857288363 0.1640921162812526 -0.2636693834262862 0.07012483601762931 0.0 0.0 0.0 -0.10811577080703318 -0.09756507986982954 -0.013082008267651013 -0.011805374664249375 0.0 0.0 0.0 0.0 10.200000000000008 0.0 0.07 10.200000000000008 0.0 0.07 0.3 0.05 0.8 0.3 0.05 0.8 0.5 0.1 0.05
2611 14.118846893310547 0.0 0.0 0.0 0.0 0.0 0.0 -0.025310685858130455 0.013419112071590423 -1.0883593857288363 0.1640921162812526 -0.2636693834262862 0.07012483601762931 0.0 0.0 0.0 -0.10811577080703318 -0.09756507986982954 -0.013082008267651013 -0.011805374664249375 0.0 0.0 0.0 0.0 10.200000000000008 0.0 0.07 10.200000000000008 0.0 0.07 0.3 0.05 0.8 0.3 0.05 0.8 0.5 0.1 0.05
2612 14.124246835708618 0.0 0.0 0.0 0.0 0.0 0.0 -0.025310685858130455 0.013420400324581146 -1.0883593857288363 0.1640921162812526 -0.2636693834262862 0.07012483601762931 0.0 0.0 0.0 -0.10811577080703318 -0.09756507986982954 -0.013082008267651013 -0.011805374664249375 0.0 0.0 0.0 0.0 10.200000000000008 0.0 0.07 10.200000000000008 0.0 0.07 0.3 0.05 0.8 0.3 0.05 0.8 0.5 0.1 0.05
2613 14.129689455032349 0.0 0.0 0.0 0.0 0.0 0.0 -0.025310685858130455 0.013421173276375578 -1.0883593857288363 0.1640921162812526 -0.2636693834262862 0.07012483601762931 0.0 0.0 0.0 -0.10811577080703318 -0.09756507986982954 -0.013082008267651013 -0.011805374664249375 0.0 0.0 0.0 0.0 10.200000000000008 0.0 0.07 10.200000000000008 0.0 0.07 0.3 0.05 0.8 0.3 0.05 0.8 0.5 0.1 0.05
2614 14.135085582733154 0.0 0.0 0.0 0.0 0.0 0.0 -0.025310685858130455 0.013421637047452238 -1.0883593857288363 0.1640921162812526 -0.2636693834262862 0.07012483601762931 0.0 0.0 0.0 -0.10811577080703318 -0.09756507986982954 -0.013082008267651013 -0.011805374664249375 0.0 0.0 0.0 0.0 10.200000000000008 0.0 0.07 10.200000000000008 0.0 0.07 0.3 0.05 0.8 0.3 0.05 0.8 0.5 0.1 0.05
2615 14.140472173690796 0.0 0.0 0.0 0.0 0.0 0.0 -0.025310685858130455 0.013421915310098235 -1.0883593857288363 0.1640921162812526 -0.2636693834262862 0.07012483601762931 0.0 0.0 0.0 -0.10811577080703318 -0.09756507986982954 -0.013082008267651013 -0.011805374664249375 0.0 0.0 0.0 0.0 10.200000000000008 0.0 0.07 10.200000000000008 0.0 0.07 0.3 0.05 0.8 0.3 0.05 0.8 0.5 0.1 0.05
2616 14.145835876464844 0.0 0.0 0.0 0.0 0.0 0.0 -0.025310685858130455 0.013422082267685832 -1.0883593857288363 0.1640921162812526 -0.2636693834262862 0.07012483601762931 0.0 0.0 0.0 -0.10811577080703318 -0.09756507986982954 -0.013082008267651013 -0.011805374664249375 0.0 0.0 0.0 0.0 10.200000000000008 0.0 0.07 10.200000000000008 0.0 0.07 0.3 0.05 0.8 0.3 0.05 0.8 0.5 0.1 0.05
2617 14.151240825653076 0.0 0.0 0.0 0.0 0.0 0.0 -0.025310685858130455 0.013422182442238391 -1.0883593857288363 0.1640921162812526 -0.2636693834262862 0.07012483601762931 0.0 0.0 0.0 -0.10811577080703318 -0.09756507986982954 -0.013082008267651013 -0.011805374664249375 0.0 0.0 0.0 0.0 10.200000000000008 0.0 0.07 10.200000000000008 0.0 0.07 0.3 0.05 0.8 0.3 0.05 0.8 0.5 0.1 0.05
2618 14.156635046005249 0.0 0.0 0.0 0.0 0.0 0.0 -0.025310685858130455 0.013422242546969927 -1.0883593857288363 0.1640921162812526 -0.2636693834262862 0.07012483601762931 0.0 0.0 0.0 -0.10811577080703318 -0.09756507986982954 -0.013082008267651013 -0.011805374664249375 0.0 0.0 0.0 0.0 10.200000000000008 0.0 0.07 10.200000000000008 0.0 0.07 0.3 0.05 0.8 0.3 0.05 0.8 0.5 0.1 0.05
2619 14.162092447280884 0.0 0.0 0.0 0.0 0.0 0.0 -0.025310685858130455 0.013422278609808849 -1.0883593857288363 0.1640921162812526 -0.2636693834262862 0.07012483601762931 0.0 0.0 0.0 -0.10811577080703318 -0.09756507986982954 -0.013082008267651013 -0.011805374664249375 0.0 0.0 0.0 0.0 10.200000000000008 0.0 0.07 10.200000000000008 0.0 0.07 0.3 0.05 0.8 0.3 0.05 0.8 0.5 0.1 0.05
2620 14.167577743530273 0.0 0.0 0.0 0.0 0.0 0.0 -0.025310685858130455 0.013422300247512202 -1.0883593857288363 0.1640921162812526 -0.2636693834262862 0.07012483601762931 0.0 0.0 0.0 -0.10811577080703318 -0.09756507986982954 -0.013082008267651013 -0.011805374664249375 0.0 0.0 0.0 0.0 10.200000000000008 0.0 0.07 10.200000000000008 0.0 0.07 0.3 0.05 0.8 0.3 0.05 0.8 0.5 0.1 0.05
2621 14.173264026641846 0.0 0.0 0.0 0.0 0.0 0.0 -0.025310685858130455 0.013422313230134212 -1.0883593857288363 0.1640921162812526 -0.2636693834262862 0.07012483601762931 0.0 0.0 0.0 -0.10811577080703318 -0.09756507986982954 -0.013082008267651013 -0.011805374664249375 0.0 0.0 0.0 0.0 10.200000000000008 0.0 0.07 10.200000000000008 0.0 0.07 0.3 0.05 0.8 0.3 0.05 0.8 0.5 0.1 0.05
2622 14.178821563720703 0.0 0.0 0.0 0.0 0.0 0.0 -0.025310685858130455 0.013422321019707419 -1.0883593857288363 0.1640921162812526 -0.2636693834262862 0.07012483601762931 0.0 0.0 0.0 -0.10811577080703318 -0.09756507986982954 -0.013082008267651013 -0.011805374664249375 0.0 0.0 0.0 0.0 10.200000000000008 0.0 0.07 10.200000000000008 0.0 0.07 0.3 0.05 0.8 0.3 0.05 0.8 0.5 0.1 0.05
2623 14.184310674667358 0.0 0.0 0.0 0.0 0.0 0.0 -0.025310685858130455 0.013422325693451344 -1.0883593857288363 0.1640921162812526 -0.2636693834262862 0.07012483601762931 0.0 0.0 0.0 -0.10811577080703318 -0.09756507986982954 -0.013082008267651013 -0.011805374664249375 0.0 0.0 0.0 0.0 10.200000000000008 0.0 0.07 10.200000000000008 0.0 0.07 0.3 0.05 0.8 0.3 0.05 0.8 0.5 0.1 0.05
2624 14.189910411834717 0.0 0.0 0.0 0.0 0.0 0.0 -0.025310685858130455 0.013422328497697698 -1.0883593857288363 0.1640921162812526 -0.2636693834262862 0.07012483601762931 0.0 0.0 0.0 -0.10811577080703318 -0.09756507986982954 -0.013082008267651013 -0.011805374664249375 0.0 0.0 0.0 0.0 10.200000000000008 0.0 0.07 10.200000000000008 0.0 0.07 0.3 0.05 0.8 0.3 0.05 0.8 0.5 0.1 0.05
2625 14.195538997650146 0.0 0.0 0.0 0.0 0.0 0.0 -0.025310685858130455 0.013422330180245511 -1.0883593857288363 0.1640921162812526 -0.2636693834262862 0.07012483601762931 0.0 0.0 0.0 -0.10811577080703318 -0.09756507986982954 -0.013082008267651013 -0.011805374664249375 0.0 0.0 0.0 0.0 10.200000000000008 0.0 0.07 10.200000000000008 0.0 0.07 0.3 0.05 0.8 0.3 0.05 0.8 0.5 0.1 0.05
2626 14.201143741607666 0.0 0.0 0.0 0.0 0.0 0.0 -0.025310685858130455 0.013422331189774199 -1.0883593857288363 0.1640921162812526 -0.2636693834262862 0.07012483601762931 0.0 0.0 0.0 -0.10811577080703318 -0.09756507986982954 -0.013082008267651013 -0.011805374664249375 0.0 0.0 0.0 0.0 10.200000000000008 0.0 0.07 10.200000000000008 0.0 0.07 0.3 0.05 0.8 0.3 0.05 0.8 0.5 0.1 0.05
2627 14.206514120101929 0.0 0.0 0.0 0.0 0.0 0.0 -0.025310685858130455 0.013422331795491411 -1.0883593857288363 0.1640921162812526 -0.2636693834262862 0.07012483601762931 0.0 0.0 0.0 -0.10811577080703318 -0.09756507986982954 -0.013082008267651013 -0.011805374664249375 0.0 0.0 0.0 0.0 10.200000000000008 0.0 0.07 10.200000000000008 0.0 0.07 0.3 0.05 0.8 0.3 0.05 0.8 0.5 0.1 0.05
2628 14.212124347686768 0.0 0.0 0.0 0.0 0.0 0.0 -0.025310685858130455 0.013422332158921739 -1.0883593857288363 0.1640921162812526 -0.2636693834262862 0.07012483601762931 0.0 0.0 0.0 -0.10811577080703318 -0.09756507986982954 -0.013082008267651013 -0.011805374664249375 0.0 0.0 0.0 0.0 10.200000000000008 0.0 0.07 10.200000000000008 0.0 0.07 0.3 0.05 0.8 0.3 0.05 0.8 0.5 0.1 0.05
2629 14.217559337615967 0.0 0.0 0.0 0.0 0.0 0.0 -0.025310685858130455 0.013422332376979935 -1.0883593857288363 0.1640921162812526 -0.2636693834262862 0.07012483601762931 0.0 0.0 0.0 -0.10811577080703318 -0.09756507986982954 -0.013082008267651013 -0.011805374664249375 0.0 0.0 0.0 0.0 10.200000000000008 0.0 0.07 10.200000000000008 0.0 0.07 0.3 0.05 0.8 0.3 0.05 0.8 0.5 0.1 0.05
2630 14.222951889038086 0.0 0.0 0.0 0.0 0.0 0.0 -0.025310685858130455 0.013422332507814853 -1.0883593857288363 0.1640921162812526 -0.2636693834262862 0.07012483601762931 0.0 0.0 0.0 -0.10811577080703318 -0.09756507986982954 -0.013082008267651013 -0.011805374664249375 0.0 0.0 0.0 0.0 10.200000000000008 0.0 0.07 10.200000000000008 0.0 0.07 0.3 0.05 0.8 0.3 0.05 0.8 0.5 0.1 0.05
2631 14.228657484054565 0.0 0.0 0.0 0.0 0.0 0.0 -0.025310685858130455 0.013422332586315804 -1.0883593857288363 0.1640921162812526 -0.2636693834262862 0.07012483601762931 0.0 0.0 0.0 -0.10811577080703318 -0.09756507986982954 -0.013082008267651013 -0.011805374664249375 0.0 0.0 0.0 0.0 10.200000000000008 0.0 0.07 10.200000000000008 0.0 0.07 0.3 0.05 0.8 0.3 0.05 0.8 0.5 0.1 0.05
2632 14.234119892120361 0.0 0.0 0.0 0.0 0.0 0.0 -0.025310685858130455 0.013422332633416374 -1.0883593857288363 0.1640921162812526 -0.2636693834262862 0.07012483601762931 0.0 0.0 0.0 -0.10811577080703318 -0.09756507986982954 -0.013082008267651013 -0.011805374664249375 0.0 0.0 0.0 0.0 10.200000000000008 0.0 0.07 10.200000000000008 0.0 0.07 0.3 0.05 0.8 0.3 0.05 0.8 0.5 0.1 0.05
2633 14.239593267440796 0.0 0.0 0.0 0.0 0.0 0.0 -0.025310685858130455 0.013422332661676716 -1.0883593857288363 0.1640921162812526 -0.2636693834262862 0.07012483601762931 0.0 0.0 0.0 -0.10811577080703318 -0.09756507986982954 -0.013082008267651013 -0.011805374664249375 0.0 0.0 0.0 0.0 10.200000000000008 0.0 0.07 10.200000000000008 0.0 0.07 0.3 0.05 0.8 0.3 0.05 0.8 0.5 0.1 0.05
2634 14.245282888412476 0.0 0.0 0.0 0.0 0.0 0.0 -0.025310685858130455 0.013422332678632921 -1.0883593857288363 0.1640921162812526 -0.2636693834262862 0.07012483601762931 0.0 0.0 0.0 -0.10811577080703318 -0.09756507986982954 -0.013082008267651013 -0.011805374664249375 0.0 0.0 0.0 0.0 10.200000000000008 0.0 0.07 10.200000000000008 0.0 0.07 0.3 0.05 0.8 0.3 0.05 0.8 0.5 0.1 0.05
2635 14.251059293746948 0.0 0.0 0.0 0.0 0.0 0.0 -0.025310685858130455 0.013422332688806644 -1.0883593857288363 0.1640921162812526 -0.2636693834262862 0.07012483601762931 0.0 0.0 0.0 -0.10811577080703318 -0.09756507986982954 -0.013082008267651013 -0.011805374664249375 0.0 0.0 0.0 0.0 10.200000000000008 0.0 0.07 10.200000000000008 0.0 0.07 0.3 0.05 0.8 0.3 0.05 0.8 0.5 0.1 0.05
2636 14.256728172302246 0.0 0.0 0.0 0.0 0.0 0.0 -0.025310685858130455 0.013422332694910877 -1.0883593857288363 0.1640921162812526 -0.2636693834262862 0.07012483601762931 0.0 0.0 0.0 -0.10811577080703318 -0.09756507986982954 -0.013082008267651013 -0.011805374664249375 0.0 0.0 0.0 0.0 10.200000000000008 0.0 0.07 10.200000000000008 0.0 0.07 0.3 0.05 0.8 0.3 0.05 0.8 0.5 0.1 0.05
2637 14.262510299682617 0.0 0.0 0.0 0.0 0.0 0.0 -0.025310685858130455 0.013422332698573418 -1.0883593857288363 0.1640921162812526 -0.2636693834262862 0.07012483601762931 0.0 0.0 0.0 -0.10811577080703318 -0.09756507986982954 -0.013082008267651013 -0.011805374664249375 0.0 0.0 0.0 0.0 10.200000000000008 0.0 0.07 10.200000000000008 0.0 0.07 0.3 0.05 0.8 0.3 0.05 0.8 0.5 0.1 0.05
2638 14.267961502075195 0.0 0.0 0.0 0.0 0.0 0.0 -0.025310685858130455 0.013422332700770943 -1.0883593857288363 0.1640921162812526 -0.2636693834262862 0.07012483601762931 0.0 0.0 0.0 -0.10811577080703318 -0.09756507986982954 -0.013082008267651013 -0.011805374664249375 0.0 0.0 0.0 0.0 10.200000000000008 0.0 0.07 10.200000000000008 0.0 0.07 0.3 0.05 0.8 0.3 0.05 0.8 0.5 0.1 0.05
2639 14.27335786819458 0.0 0.0 0.0 0.0 0.0 0.0 -0.025310685858130455 0.013422332702089458 -1.0883593857288363 0.1640921162812526 -0.2636693834262862 0.07012483601762931 0.0 0.0 0.0 -0.10811577080703318 -0.09756507986982954 -0.013082008267651013 -0.011805374664249375 0.0 0.0 0.0 0.0 10.200000000000008 0.0 0.07 10.200000000000008 0.0 0.07 0.3 0.05 0.8 0.3 0.05 0.8 0.5 0.1 0.05
2640 14.278747797012329 0.0 -0.11813715018158513 0.0 0.11138077333793656 -0.05569038666896828 -0.05569038666896828 -0.025310685858130455 0.013422332702880567 -1.0883593857288363 0.1640921162812526 -0.2636693834262862 0.07012483601762931 0.0 0.0 0.0 -0.10811577080703318 -0.09756507986982954 -0.013082008267651013 -0.011805374664249375 0.0 0.0 0.0 0.0 10.200000000000008 0.0 0.07 10.200000000000008 0.0 0.07 0.3 0.05 0.8 0.3 0.05 0.8 0.5 0.1 0.05
