i t_now Tx Ty Tz theta_x theta_y theta_z 
1 0.005693674087524414 0.0 0.0 0.0 0.0 0.0 0.0 
2 0.011179447174072266 0.0 0.0 0.0 0.0 0.0 0.0 
3 0.016545772552490234 0.0 0.0 0.0 0.0 0.0 0.0 
4 0.021816015243530273 0.0 0.0 0.0 0.0 0.0 0.0 
5 0.02704024314880371 0.0 0.0 0.0 0.0 0.0 0.0 
6 0.032259225845336914 0.0 0.0 0.0 0.0 0.0 0.0 
7 0.03749394416809082 0.0 0.0 0.0 0.0 0.0 0.0 
8 0.042762041091918945 0.0 0.0 0.0 0.0 0.0 0.0 
9 0.048098087310791016 0.0 0.0 0.0 0.0 0.0 0.0 
10 0.05333089828491211 0.0 0.0 0.0 0.0 0.0 0.0 
11 0.058647871017456055 0.0 0.0 0.0 0.0 0.0 0.0 
12 0.06394100189208984 0.0 0.0 0.0 0.0 0.0 0.0 
13 0.06924676895141602 0.0 0.0 0.0 0.0 0.0 0.0 
14 0.07448601722717285 0.0 0.0 0.0 0.0 0.0 0.0 
15 0.07990074157714844 0.0 0.0 0.0 0.0 0.0 0.0 
16 0.08517599105834961 0.0 0.0 0.0 0.0 0.0 0.0 
17 0.09035682678222656 0.0 0.0 0.0 0.0 0.0 0.0 
18 0.09557604789733887 0.0 0.0 0.0 0.0 0.0 0.0 
19 0.1007845401763916 0.0 0.0 0.0 0.0 0.0 0.0 
20 0.10598373413085938 0.0 0.0 0.0 0.0 0.0 0.0 
21 0.11127781867980957 0.0 0.0 0.0 0.0 0.0 0.0 
22 0.11657190322875977 0.0 0.0 0.0 0.0 0.0 0.0 
23 0.1218874454498291 0.0 0.0 0.0 0.0 0.0 0.0 
24 0.12712931632995605 0.0 0.0 0.0 0.0 0.0 0.0 
25 0.13236260414123535 0.0 0.0 0.0 0.0 0.0 0.0 
26 0.13763904571533203 0.0 0.0 0.0 0.0 0.0 0.0 
27 0.1429586410522461 0.0 0.0 0.0 0.0 0.0 0.0 
28 0.14834284782409668 0.0 0.0 0.0 0.0 0.0 0.0 
29 0.15362787246704102 0.0 0.0 0.0 0.0 0.0 0.0 
30 0.15891242027282715 0.0 0.0 0.0 0.0 0.0 0.0 
31 0.16437268257141113 0.0 0.0 0.0 0.0 0.0 0.0 
32 0.16963791847229004 0.0 0.0 0.0 0.0 0.0 0.0 
33 0.17492318153381348 0.0 0.0 0.0 0.0 0.0 0.0 
34 0.18018364906311035 0.0 0.0 0.0 0.0 0.0 0.0 
35 0.18542242050170898 0.0 0.0 0.0 0.0 0.0 0.0 
36 0.1907501220703125 0.0 0.0 0.0 0.0 0.0 0.0 
37 0.1959998607635498 0.0 0.0 0.0 0.0 0.0 0.0 
38 0.20121455192565918 0.0 0.0 0.0 0.0 0.0 0.0 
39 0.20646238327026367 0.0 0.0 0.0 0.0 0.0 0.0 
40 0.21175050735473633 0.0 0.0 0.0 0.0 0.0 0.0 
41 0.21718192100524902 0.0 0.0 0.0 0.0 0.0 0.0 
42 0.22255897521972656 0.0 0.0 0.0 0.0 0.0 0.0 
43 0.22783184051513672 0.0 0.0 0.0 0.0 0.0 0.0 
44 0.23309040069580078 0.0 0.0 0.0 0.0 0.0 0.0 
45 0.23831701278686523 0.0 0.0 0.0 0.0 0.0 0.0 
46 0.24363374710083008 0.0 0.0 0.0 0.0 0.0 0.0 
47 0.24884510040283203 0.0 0.0 0.0 0.0 0.0 0.0 
48 0.2541534900665283 0.0 0.0 0.0 0.0 0.0 0.0 
49 0.25935864448547363 0.0 0.0 0.0 0.0 0.0 0.0 
50 0.2645683288574219 0.0 0.0 0.0 0.0 0.0 0.0 
51 0.26987242698669434 0.0 0.0 0.0 0.0 0.0 0.0 
52 0.27514004707336426 0.0 0.0 0.0 0.0 0.0 0.0 
53 0.2804534435272217 0.0 0.0 0.0 0.0 0.0 0.0 
54 0.28575801849365234 0.0 0.0 0.0 0.0 0.0 0.0 
55 0.2910335063934326 0.0 0.0 0.0 0.0 0.0 0.0 
56 0.2963998317718506 0.0 0.0 0.0 0.0 0.0 0.0 
57 0.3018214702606201 0.0 0.0 0.0 0.0 0.0 0.0 
58 0.30710625648498535 0.0 0.0 0.0 0.0 0.0 0.0 
59 0.3123655319213867 0.0 0.0 0.0 0.0 0.0 0.0 
60 0.3176894187927246 0.0 0.0 0.0 0.0 0.0 0.0 
61 0.32308197021484375 0.0 0.0 0.0 0.0 0.0 0.0 
62 0.3284945487976074 0.0 0.0 0.0 0.0 0.0 0.0 
63 0.33381175994873047 0.0 0.0 0.0 0.0 0.0 0.0 
64 0.33905863761901855 0.0 0.0 0.0 0.0 0.0 0.0 
65 0.34432339668273926 0.0 0.0 0.0 0.0 0.0 0.0 
66 0.3498194217681885 0.0 0.0 0.0 0.0 0.0 0.0 
67 0.35518836975097656 0.0 0.0 0.0 0.0 0.0 0.0 
68 0.36045384407043457 0.0 0.0 0.0 0.0 0.0 0.0 
69 0.36567211151123047 0.0 0.0 0.0 0.0 0.0 0.0 
70 0.37087249755859375 0.0 0.0 0.0 0.0 0.0 0.0 
71 0.37619471549987793 0.0 0.0 0.0 0.0 0.0 0.0 
72 0.38157033920288086 0.0 0.0 0.0 0.0 0.0 0.0 
73 0.3869051933288574 0.0 0.0 0.0 0.0 0.0 0.0 
74 0.39214396476745605 0.0 0.0 0.0 0.0 0.0 0.0 
75 0.39739108085632324 0.0 0.0 0.0 0.0 0.0 0.0 
76 0.40262746810913086 0.0 0.0 0.0 0.0 0.0 0.0 
77 0.4079732894897461 0.0 0.0 0.0 0.0 0.0 0.0 
78 0.41324496269226074 0.0 0.0 0.0 0.0 0.0 0.0 
79 0.4185025691986084 0.0 0.0 0.0 0.0 0.0 0.0 
80 0.42372727394104004 0.0 0.0 0.0 0.0 0.0 0.0 
81 0.4290297031402588 0.0 0.0 0.0 0.0 0.0 0.0 
82 0.43433547019958496 0.0 0.0 0.0 0.0 0.0 0.0 
83 0.4396505355834961 0.0 0.0 0.0 0.0 0.0 0.0 
84 0.44487547874450684 0.0 0.0 0.0 0.0 0.0 0.0 
85 0.45012974739074707 0.0 0.0 0.0 0.0 0.0 0.0 
86 0.45549559593200684 0.0 0.0 0.0 0.0 0.0 0.0 
87 0.4608335494995117 0.0 0.0 0.0 0.0 0.0 0.0 
88 0.4660787582397461 0.0 0.0 0.0 0.0 0.0 0.0 
89 0.47143006324768066 0.0 0.0 0.0 0.0 0.0 0.0 
90 0.4766716957092285 0.0 0.0 0.0 0.0 0.0 0.0 
91 0.48200440406799316 0.0 0.0 0.0 0.0 0.0 0.0 
92 0.4873230457305908 0.0 0.0 0.0 0.0 0.0 0.0 
93 0.49260711669921875 0.0 0.0 0.0 0.0 0.0 0.0 
94 0.49783968925476074 0.0 0.0 0.0 0.0 0.0 0.0 
95 0.5032668113708496 0.0 0.0 0.0 0.0 0.0 0.0 
96 0.5087692737579346 0.0 0.0 0.0 0.0 0.0 0.0 
97 0.5142240524291992 0.0 0.0 0.0 0.0 0.0 0.0 
98 0.5196318626403809 0.0 0.0 0.0 0.0 0.0 0.0 
99 0.5251274108886719 0.0 0.0 0.0 0.0 0.0 0.0 
100 0.530625581741333 0.0 0.0 0.0 0.0 0.0 0.0 
101 0.5362722873687744 0.0 0.0 0.0 0.0 0.0 0.0 
102 0.5427138805389404 0.0 0.0 0.0 0.0 0.0 0.0 
103 0.5481107234954834 0.0 0.0 0.0 0.0 0.0 0.0 
104 0.5535728931427002 0.0 0.0 0.0 0.0 0.0 0.0 
105 0.5589468479156494 0.0 0.0 0.0 0.0 0.0 0.0 
106 0.5642976760864258 0.0 0.0 0.0 0.0 0.0 0.0 
107 0.5695667266845703 0.0 0.0 0.0 0.0 0.0 0.0 
108 0.5748510360717773 0.0 0.0 0.0 0.0 0.0 0.0 
109 0.5802390575408936 0.0 0.0 0.0 0.0 0.0 0.0 
110 0.5855386257171631 0.0 0.0 0.0 0.0 0.0 0.0 
111 0.5909051895141602 0.0 0.0 0.0 0.0 0.0 0.0 
112 0.5962412357330322 0.0 0.0 0.0 0.0 0.0 0.0 
113 0.6016223430633545 0.0 0.0 0.0 0.0 0.0 0.0 
114 0.6068539619445801 0.0 0.0 0.0 0.0 0.0 0.0 
115 0.6121265888214111 0.0 0.0 0.0 0.0 0.0 0.0 
116 0.6173856258392334 0.0 0.0 0.0 0.0 0.0 0.0 
117 0.6226141452789307 0.0 0.0 0.0 0.0 0.0 0.0 
118 0.6278591156005859 0.0 0.0 0.0 0.0 0.0 0.0 
119 0.6330616474151611 0.0 0.0 0.0 0.0 0.0 0.0 
120 0.6382746696472168 0.0 0.0 0.0 0.0 0.0 0.0 
121 0.643620491027832 0.0 0.0 0.0 0.0 0.0 0.0 
122 0.6488885879516602 0.0 0.0 0.0 0.0 0.0 0.0 
123 0.6541662216186523 0.0 0.0 0.0 0.0 0.0 0.0 
124 0.6593878269195557 0.0 0.0 0.0 0.0 0.0 0.0 
125 0.6647305488586426 0.0 0.0 0.0 0.0 0.0 0.0 
126 0.669954776763916 0.0 0.0 0.0 0.0 0.0 0.0 
127 0.6752607822418213 0.0 0.0 0.0 0.0 0.0 0.0 
128 0.6805200576782227 0.0 0.0 0.0 0.0 0.0 0.0 
129 0.6858086585998535 0.0 0.0 0.0 0.0 0.0 0.0 
130 0.6910567283630371 0.0 0.0 0.0 0.0 0.0 0.0 
131 0.696427583694458 0.0 0.0 0.0 0.0 0.0 0.0 
132 0.701711893081665 0.0 0.0 0.0 0.0 0.0 0.0 
133 0.7070670127868652 0.0 0.0 0.0 0.0 0.0 0.0 
134 0.7123608589172363 0.0 0.0 0.0 0.0 0.0 0.0 
135 0.7177486419677734 0.0 0.0 0.0 0.0 0.0 0.0 
136 0.723036527633667 0.0 0.0 0.0 0.0 0.0 0.0 
137 0.7283046245574951 0.0 0.0 0.0 0.0 0.0 0.0 
138 0.7335412502288818 0.0 0.0 0.0 0.0 0.0 0.0 
139 0.7387776374816895 0.0 0.0 0.0 0.0 0.0 0.0 
140 0.7440228462219238 0.0 0.0 0.0 0.0 0.0 0.0 
141 0.7493696212768555 0.0 0.0 0.0 0.0 0.0 0.0 
142 0.7546772956848145 0.0 0.0 0.0 0.0 0.0 0.0 
143 0.7600414752960205 0.0 0.0 0.0 0.0 0.0 0.0 
144 0.7655124664306641 0.0 0.0 0.0 0.0 0.0 0.0 
145 0.770798921585083 0.0 0.0 0.0 0.0 0.0 0.0 
146 0.776031494140625 0.0 0.0 0.0 0.0 0.0 0.0 
147 0.7812316417694092 0.0 0.0 0.0 0.0 0.0 0.0 
148 0.7864279747009277 0.0 0.0 0.0 0.0 0.0 0.0 
149 0.7916791439056396 0.0 0.0 0.0 0.0 0.0 0.0 
150 0.7969002723693848 0.0 0.0 0.0 0.0 0.0 0.0 
151 0.8022234439849854 0.0 0.0 0.0 0.0 0.0 0.0 
152 0.8075194358825684 0.0 0.0 0.0 0.0 0.0 0.0 
153 0.8128085136413574 0.0 0.0 0.0 0.0 0.0 0.0 
154 0.8182032108306885 0.0 0.0 0.0 0.0 0.0 0.0 
155 0.8235073089599609 0.0 0.0 0.0 0.0 0.0 0.0 
156 0.8287208080291748 0.0 0.0 0.0 0.0 0.0 0.0 
157 0.8339159488677979 0.0 0.0 0.0 0.0 0.0 0.0 
158 0.8391406536102295 0.0 0.0 0.0 0.0 0.0 0.0 
159 0.8443489074707031 0.0 0.0 0.0 0.0 0.0 0.0 
160 0.8495681285858154 0.0 0.0 0.0 0.0 0.0 0.0 
161 0.8548736572265625 0.0 0.0 0.0 0.0 0.0 0.0 
162 0.8601431846618652 0.0 0.0 0.0 0.0 0.0 0.0 
163 0.8655483722686768 0.0 0.0 0.0 0.0 0.0 0.0 
164 0.8709239959716797 0.0 0.0 0.0 0.0 0.0 0.0 
165 0.8762471675872803 0.0 0.0 0.0 0.0 0.0 0.0 
166 0.8814802169799805 0.0 0.0 0.0 0.0 0.0 0.0 
167 0.8867261409759521 0.0 0.0 0.0 0.0 0.0 0.0 
168 0.8919401168823242 0.0 0.0 0.0 0.0 0.0 0.0 
169 0.8971281051635742 0.0 0.0 0.0 0.0 0.0 0.0 
170 0.9023377895355225 0.0 0.0 0.0 0.0 0.0 0.0 
171 0.9077258110046387 0.0 0.0 0.0 0.0 0.0 0.0 
172 0.9131112098693848 0.0 0.0 0.0 0.0 0.0 0.0 
173 0.9184117317199707 0.0 0.0 0.0 0.0 0.0 0.0 
174 0.9236547946929932 0.0 0.0 0.0 0.0 0.0 0.0 
175 0.9290306568145752 0.0 0.0 0.0 0.0 0.0 0.0 
176 0.934258222579956 0.0 0.0 0.0 0.0 0.0 0.0 
177 0.939476728439331 0.0 0.0 0.0 0.0 0.0 0.0 
178 0.9446747303009033 0.0 0.0 0.0 0.0 0.0 0.0 
179 0.9498770236968994 0.0 0.0 0.0 0.0 0.0 0.0 
180 0.9550864696502686 0.0 0.0 0.0 0.0 0.0 0.0 
181 0.9604072570800781 0.0 0.0 0.0 0.0 0.0 0.0 
182 0.9657378196716309 0.0 0.0 0.0 0.0 0.0 0.0 
183 0.9711308479309082 0.0 0.0 0.0 0.0 0.0 0.0 
184 0.9764330387115479 0.0 0.0 0.0 0.0 0.0 0.0 
185 0.9817585945129395 0.0 0.0 0.0 0.0 0.0 0.0 
186 0.9869749546051025 0.0 0.0 0.0 0.0 0.0 0.0 
187 0.9921779632568359 0.0 0.0 0.0 0.0 0.0 0.0 
188 0.9974188804626465 0.0 0.0 0.0 0.0 0.0 0.0 
189 1.002638816833496 0.0 0.0 0.0 0.0 0.0 0.0 
190 1.0078368186950684 0.0 0.0 0.0 0.0 0.0 0.0 
191 1.0131556987762451 0.0 0.0 0.0 0.0 0.0 0.0 
192 1.018502950668335 0.0 0.0 0.0 0.0 0.0 0.0 
193 1.0237793922424316 0.0 0.0 0.0 0.0 0.0 0.0 
194 1.0290253162384033 0.0 0.0 0.0 0.0 0.0 0.0 
195 1.0342488288879395 0.0 0.0 0.0 0.0 0.0 0.0 
196 1.0394845008850098 0.0 0.0 0.0 0.0 0.0 0.0 
197 1.0447711944580078 0.0 0.0 0.0 0.0 0.0 0.0 
198 1.049973487854004 0.0 0.0 0.0 0.0 0.0 0.0 
199 1.055173397064209 0.0 0.0 0.0 0.0 0.0 0.0 
200 1.0603864192962646 0.0 0.0 0.0 0.0 0.0 0.0 
201 1.065688133239746 0.0 0.0 0.0 0.0 0.0 0.0 
202 1.0709583759307861 0.0 0.0 0.0 0.0 0.0 0.0 
203 1.076331615447998 0.0 0.0 0.0 0.0 0.0 0.0 
204 1.0816807746887207 0.0 0.0 0.0 0.0 0.0 0.0 
205 1.0869426727294922 0.0 0.0 0.0 0.0 0.0 0.0 
206 1.0922062397003174 0.0 0.0 0.0 0.0 0.0 0.0 
207 1.0974781513214111 0.0 0.0 0.0 0.0 0.0 0.0 
208 1.1027369499206543 0.0 0.0 0.0 0.0 0.0 0.0 
209 1.1079566478729248 0.0 0.0 0.0 0.0 0.0 0.0 
210 1.1131765842437744 0.0 0.0 0.0 0.0 0.0 0.0 
211 1.1186087131500244 0.0 0.0 0.0 0.0 0.0 0.0 
212 1.1238927841186523 0.0 0.0 0.0 0.0 0.0 0.0 
213 1.1291661262512207 0.0 0.0 0.0 0.0 0.0 0.0 
214 1.13435697555542 0.0 0.0 0.0 0.0 0.0 0.0 
215 1.139589548110962 0.0 0.0 0.0 0.0 0.0 0.0 
216 1.1448493003845215 0.0 0.0 0.0 0.0 0.0 0.0 
217 1.150179147720337 0.0 0.0 0.0 0.0 0.0 0.0 
218 1.1555500030517578 0.0 0.0 0.0 0.0 0.0 0.0 
219 1.1608672142028809 0.0 0.0 0.0 0.0 0.0 0.0 
220 1.1660830974578857 0.0 0.0 0.0 0.0 0.0 0.0 
221 1.1719996929168701 0.0 0.0 0.0 0.0 0.0 0.0 
222 1.177445888519287 0.0 0.0 0.0 0.0 0.0 0.0 
223 1.1828665733337402 0.0 0.0 0.0 0.0 0.0 0.0 
224 1.188105821609497 0.0 0.0 0.0 0.0 0.0 0.0 
225 1.193345308303833 0.0 0.0 0.0 0.0 0.0 0.0 
226 1.198591709136963 0.0 0.0 0.0 0.0 0.0 0.0 
227 1.2039170265197754 0.0 0.0 0.0 0.0 0.0 0.0 
228 1.2092041969299316 0.0 0.0 0.0 0.0 0.0 0.0 
229 1.2144122123718262 0.0 0.0 0.0 0.0 0.0 0.0 
230 1.2196903228759766 0.0 0.0 0.0 0.0 0.0 0.0 
231 1.2251200675964355 0.0 0.0 0.0 0.0 0.0 0.0 
232 1.2304580211639404 0.0 0.0 0.0 0.0 0.0 0.0 
233 1.2357661724090576 0.0 0.0 0.0 0.0 0.0 0.0 
234 1.2409875392913818 0.0 0.0 0.0 0.0 0.0 0.0 
235 1.246199369430542 0.0 0.0 0.0 0.0 0.0 0.0 
236 1.2514522075653076 0.0 0.0 0.0 0.0 0.0 0.0 
237 1.2566673755645752 0.0 0.0 0.0 0.0 0.0 0.0 
238 1.2619657516479492 0.0 0.0 0.0 0.0 0.0 0.0 
239 1.267270803451538 0.0 0.0 0.0 0.0 0.0 0.0 
240 1.272517204284668 0.0 0.0 0.0 0.0 0.0 0.0 
241 1.278001308441162 0.0 0.0 0.0 0.0 0.0 0.0 
242 1.2834773063659668 0.0 0.0 0.0 0.0 0.0 0.0 
243 1.288822889328003 0.0 0.0 0.0 0.0 0.0 0.0 
244 1.2942216396331787 0.0 0.0 0.0 0.0 0.0 0.0 
245 1.2996487617492676 0.0 0.0 0.0 0.0 0.0 0.0 
246 1.3050107955932617 0.0 0.0 0.0 0.0 0.0 0.0 
247 1.3103792667388916 0.0 0.0 0.0 0.0 0.0 0.0 
248 1.315812110900879 0.0 0.0 0.0 0.0 0.0 0.0 
249 1.3211688995361328 0.0 0.0 0.0 0.0 0.0 0.0 
250 1.3264899253845215 0.0 0.0 0.0 0.0 0.0 0.0 
251 1.332031488418579 0.0 0.0 0.0 0.0 0.0 0.0 
252 1.337524652481079 0.0 0.0 0.0 0.0 0.0 0.0 
253 1.343543291091919 0.0 0.0 0.0 0.0 0.0 0.0 
254 1.3495278358459473 0.0 0.0 0.0 0.0 0.0 0.0 
255 1.3548758029937744 0.0 0.0 0.0 0.0 0.0 0.0 
256 1.3607211112976074 0.0 0.0 0.0 0.0 0.0 0.0 
257 1.3661272525787354 0.0 0.0 0.0 0.0 0.0 0.0 
258 1.3725776672363281 0.0 0.0 0.0 0.0 0.0 0.0 
259 1.3780536651611328 0.0 0.0 0.0 0.0 0.0 0.0 
260 1.384434461593628 0.0 0.0 0.0 0.0 0.0 0.0 
261 1.3900494575500488 0.0 0.0 0.0 0.0 0.0 0.0 
262 1.395388126373291 0.0 0.0 0.0 0.0 0.0 0.0 
263 1.400744915008545 0.0 0.0 0.0 0.0 0.0 0.0 
264 1.4061341285705566 0.0 0.0 0.0 0.0 0.0 0.0 
265 1.411454677581787 0.0 0.0 0.0 0.0 0.0 0.0 
266 1.4168634414672852 0.0 0.0 0.0 0.0 0.0 0.0 
267 1.4222517013549805 0.0 0.0 0.0 0.0 0.0 0.0 
268 1.42763090133667 0.0 0.0 0.0 0.0 0.0 0.0 
269 1.4333698749542236 0.0 0.0 0.0 0.0 0.0 0.0 
270 1.4387550354003906 0.0 0.0 0.0 0.0 0.0 0.0 
271 1.4441728591918945 0.0 0.0 0.0 0.0 0.0 0.0 
272 1.4495084285736084 0.0 0.0 0.0 0.0 0.0 0.0 
273 1.4547924995422363 0.0 0.0 0.0 0.0 0.0 0.0 
274 1.460019588470459 0.0 0.0 0.0 0.0 0.0 0.0 
275 1.4652268886566162 0.0 0.0 0.0 0.0 0.0 0.0 
276 1.470418930053711 0.0 0.0 0.0 0.0 0.0 0.0 
277 1.475633144378662 0.0 0.0 0.0 0.0 0.0 0.0 
278 1.4808504581451416 0.0 0.0 0.0 0.0 0.0 0.0 
279 1.4862396717071533 0.0 0.0 0.0 0.0 0.0 0.0 
280 1.49153470993042 0.0 0.0 0.0 0.0 0.0 0.0 
281 1.496877670288086 0.0 0.0 0.0 0.0 0.0 0.0 
282 1.5021452903747559 0.0 0.0 0.0 0.0 0.0 0.0 
283 1.507521629333496 0.0 0.0 0.0 0.0 0.0 0.0 
284 1.512814998626709 0.0 0.0 0.0 0.0 0.0 0.0 
285 1.5181944370269775 0.0 0.0 0.0 0.0 0.0 0.0 
286 1.5235154628753662 0.0 0.0 0.0 0.0 0.0 0.0 
287 1.5287437438964844 0.0 0.0 0.0 0.0 0.0 0.0 
288 1.5339491367340088 0.0 0.0 0.0 0.0 0.0 0.0 
289 1.5391435623168945 0.0 0.0 0.0 0.0 0.0 0.0 
290 1.544344186782837 0.0 0.0 0.0 0.0 0.0 0.0 
291 1.5496809482574463 0.0 0.0 0.0 0.0 0.0 0.0 
292 1.5551490783691406 0.0 0.0 0.0 0.0 0.0 0.0 
293 1.5606975555419922 0.0 0.0 0.0 0.0 0.0 0.0 
294 1.5662846565246582 0.0 0.0 0.0 0.0 0.0 0.0 
295 1.5720045566558838 0.0 0.0 0.0 0.0 0.0 0.0 
296 1.5779178142547607 0.0 0.0 0.0 0.0 0.0 0.0 
297 1.5835959911346436 0.0 0.0 0.0 0.0 0.0 0.0 
298 1.5890820026397705 0.0 0.0 0.0 0.0 0.0 0.0 
299 1.594663143157959 0.0 0.0 0.0 0.0 0.0 0.0 
300 1.6001110076904297 0.0 0.0 0.0 0.0 0.0 0.0 
301 1.6059062480926514 0.0 0.0 0.0 0.0 0.0 0.0 
302 1.6113767623901367 0.0 0.0 0.0 0.0 0.0 0.0 
303 1.6169102191925049 0.0 0.0 0.0 0.0 0.0 0.0 
304 1.6223976612091064 0.0 0.0 0.0 0.0 0.0 0.0 
305 1.6280603408813477 0.0 0.0 0.0 0.0 0.0 0.0 
306 1.6335833072662354 0.0 0.0 0.0 0.0 0.0 0.0 
307 1.6390445232391357 0.0 0.0 0.0 0.0 0.0 0.0 
308 1.644515037536621 0.0 0.0 0.0 0.0 0.0 0.0 
309 1.6500086784362793 0.0 0.0 0.0 0.0 0.0 0.0 
310 1.6554672718048096 0.0 0.0 0.0 0.0 0.0 0.0 
311 1.6608915328979492 0.0 0.0 0.0 0.0 0.0 0.0 
312 1.6662089824676514 0.0 0.0 0.0 0.0 0.0 0.0 
313 1.6716370582580566 0.0 0.0 0.0 0.0 0.0 0.0 
314 1.6771459579467773 0.0 0.0 0.0 0.0 0.0 0.0 
315 1.6827375888824463 0.0 0.0 0.0 0.0 0.0 0.0 
316 1.688918113708496 0.0 0.0 0.0 0.0 0.0 0.0 
317 1.6944410800933838 0.0 0.0 0.0 0.0 0.0 0.0 
318 1.700408697128296 0.0 0.0 0.0 0.0 0.0 0.0 
319 1.7062933444976807 0.0 0.0 0.0 0.0 0.0 0.0 
320 1.7116100788116455 0.0 0.0 0.0 0.0 0.0 0.0 
321 1.7171144485473633 0.0 0.0 0.0 0.0 0.0 0.0 
322 1.7224793434143066 0.0 0.0 0.0 0.0 0.0 0.0 
323 1.727818250656128 0.0 0.0 0.0 0.0 0.0 0.0 
324 1.7332632541656494 0.0 0.0 0.0 0.0 0.0 0.0 
325 1.7385773658752441 0.0 0.0 0.0 0.0 0.0 0.0 
326 1.7439038753509521 0.0 0.0 0.0 0.0 0.0 0.0 
327 1.7492263317108154 0.0 0.0 0.0 0.0 0.0 0.0 
328 1.7545878887176514 0.0 0.0 0.0 0.0 0.0 0.0 
329 1.7599303722381592 0.0 0.0 0.0 0.0 0.0 0.0 
330 1.765251636505127 0.0 0.0 0.0 0.0 0.0 0.0 
331 1.7706005573272705 0.0 0.0 0.0 0.0 0.0 0.0 
332 1.7758867740631104 0.0 0.0 0.0 0.0 0.0 0.0 
333 1.781186580657959 0.0 0.0 0.0 0.0 0.0 0.0 
334 1.786365032196045 0.0 0.0 0.0 0.0 0.0 0.0 
335 1.791649341583252 0.0 0.0 0.0 0.0 0.0 0.0 
336 1.7970445156097412 0.0 0.0 0.0 0.0 0.0 0.0 
337 1.8023650646209717 0.0 0.0 0.0 0.0 0.0 0.0 
338 1.8076155185699463 0.0 0.0 0.0 0.0 0.0 0.0 
339 1.812877893447876 0.0 0.0 0.0 0.0 0.0 0.0 
340 1.8181884288787842 0.0 0.0 0.0 0.0 0.0 0.0 
341 1.823678970336914 0.0 0.0 0.0 0.0 0.0 0.0 
342 1.8289930820465088 0.0 0.0 0.0 0.0 0.0 0.0 
343 1.8343162536621094 0.0 0.0 0.0 0.0 0.0 0.0 
344 1.839630365371704 0.0 0.0 0.0 0.0 0.0 0.0 
345 1.8449163436889648 0.0 0.0 0.0 0.0 0.0 0.0 
346 1.8501965999603271 0.0 0.0 0.0 0.0 0.0 0.0 
347 1.8553991317749023 0.0 0.0 0.0 0.0 0.0 0.0 
348 1.8606321811676025 0.0 0.0 0.0 0.0 0.0 0.0 
349 1.8658313751220703 0.0 0.0 0.0 0.0 0.0 0.0 
350 1.8710312843322754 0.0 0.0 0.0 0.0 0.0 0.0 
351 1.8763904571533203 0.0 0.0 0.0 0.0 0.0 0.0 
352 1.8816630840301514 0.0 0.0 0.0 0.0 0.0 0.0 
353 1.886986255645752 0.0 0.0 0.0 0.0 0.0 0.0 
354 1.8922505378723145 0.0 0.0 0.0 0.0 0.0 0.0 
355 1.897505760192871 0.0 0.0 0.0 0.0 0.0 0.0 
356 1.902937412261963 0.0 0.0 0.0 0.0 0.0 0.0 
357 1.908226728439331 0.0 0.0 0.0 0.0 0.0 0.0 
358 1.9134798049926758 0.0 0.0 0.0 0.0 0.0 0.0 
359 1.9187533855438232 0.0 0.0 0.0 0.0 0.0 0.0 
360 1.9241032600402832 0.0 0.0 0.0 0.0 0.0 0.0 
361 1.929429054260254 0.0 0.0 0.0 0.0 0.0 0.0 
362 1.9346773624420166 0.0 0.0 0.0 0.0 0.0 0.0 
363 1.9400222301483154 0.0 0.0 0.0 0.0 0.0 0.0 
364 1.9452760219573975 0.0 0.0 0.0 0.0 0.0 0.0 
365 1.9505023956298828 0.0 0.0 0.0 0.0 0.0 0.0 
366 1.9557712078094482 0.0 0.0 0.0 0.0 0.0 0.0 
367 1.9610240459442139 0.0 0.0 0.0 0.0 0.0 0.0 
368 1.966261625289917 0.0 0.0 0.0 0.0 0.0 0.0 
369 1.9715197086334229 0.0 0.0 0.0 0.0 0.0 0.0 
370 1.9767704010009766 0.0 0.0 0.0 0.0 0.0 0.0 
371 1.9821319580078125 0.0 0.0 0.0 0.0 0.0 0.0 
372 1.9875528812408447 0.0 0.0 0.0 0.0 0.0 0.0 
373 1.9928429126739502 0.0 0.0 0.0 0.0 0.0 0.0 
374 1.9980926513671875 0.0 0.0 0.0 0.0 0.0 0.0 
375 2.0035111904144287 0.0 0.0 0.0 0.0 0.0 0.0 
376 2.008899450302124 0.0 0.0 0.0 0.0 0.0 0.0 
377 2.0141172409057617 0.0 0.0 0.0 0.0 0.0 0.0 
378 2.019460439682007 0.0 0.0 0.0 0.0 0.0 0.0 
379 2.024707078933716 0.0 0.0 0.0 0.0 0.0 0.0 
380 2.0299296379089355 0.0 0.0 0.0 0.0 0.0 0.0 
381 2.0353071689605713 0.0 0.0 0.0 0.0 0.0 0.0 
382 2.0405876636505127 0.0 0.0 0.0 0.0 0.0 0.0 
383 2.0458688735961914 0.0 0.0 0.0 0.0 0.0 0.0 
384 2.0510926246643066 0.0 0.0 0.0 0.0 0.0 0.0 
385 2.056326150894165 0.0 0.0 0.0 0.0 0.0 0.0 
386 2.0616025924682617 0.0 0.0 0.0 0.0 0.0 0.0 
387 2.0668036937713623 0.0 0.0 0.0 0.0 0.0 0.0 
388 2.072025775909424 0.0 0.0 0.0 0.0 0.0 0.0 
389 2.077251434326172 0.0 0.0 0.0 0.0 0.0 0.0 
390 2.0825817584991455 0.0 0.0 0.0 0.0 0.0 0.0 
391 2.0879173278808594 0.0 0.0 0.0 0.0 0.0 0.0 
392 2.093186378479004 0.0 0.0 0.0 0.0 0.0 0.0 
393 2.0985257625579834 0.0 0.0 0.0 0.0 0.0 0.0 
394 2.103832244873047 0.0 0.0 0.0 0.0 0.0 0.0 
395 2.109326124191284 0.0 0.0 0.0 0.0 0.0 0.0 
396 2.114668607711792 0.0 0.0 0.0 0.0 0.0 0.0 
397 2.1199564933776855 0.0 0.0 0.0 0.0 0.0 0.0 
398 2.125202178955078 0.0 0.0 0.0 0.0 0.0 0.0 
399 2.130455732345581 0.0 0.0 0.0 0.0 0.0 0.0 
400 2.135711193084717 0.0 0.0 0.0 0.0 0.0 0.0 
401 2.141052722930908 0.0 0.0 0.0 0.0 0.0 0.0 
402 2.1463215351104736 0.0 0.0 0.0 0.0 0.0 0.0 
403 2.1516904830932617 0.0 0.0 0.0 0.0 0.0 0.0 
404 2.156939744949341 0.0 0.0 0.0 0.0 0.0 0.0 
405 2.16220760345459 0.0 0.0 0.0 0.0 0.0 0.0 
406 2.1675918102264404 0.0 0.0 0.0 0.0 0.0 0.0 
407 2.1728322505950928 0.0 0.0 0.0 0.0 0.0 0.0 
408 2.1780381202697754 0.0 0.0 0.0 0.0 0.0 0.0 
409 2.1832611560821533 0.0 0.0 0.0 0.0 0.0 0.0 
410 2.188459634780884 0.0 0.0 0.0 0.0 0.0 0.0 
411 2.193793535232544 0.0 0.0 0.0 0.0 0.0 0.0 
412 2.199155569076538 0.0 0.0 0.0 0.0 0.0 0.0 
413 2.2051618099212646 0.0 0.0 0.0 0.0 0.0 0.0 
414 2.210700511932373 0.0 0.0 0.0 0.0 0.0 0.0 
415 2.2161622047424316 0.0 0.0 0.0 0.0 0.0 0.0 
416 2.2214901447296143 0.0 0.0 0.0 0.0 0.0 0.0 
417 2.2268259525299072 0.0 0.0 0.0 0.0 0.0 0.0 
418 2.2320728302001953 0.0 0.0 0.0 0.0 0.0 0.0 
419 2.237299680709839 0.0 0.0 0.0 0.0 0.0 0.0 
420 2.242511510848999 0.0 0.0 0.0 0.0 0.0 0.0 
421 2.247856378555298 0.0 0.0 0.0 0.0 0.0 0.0 
422 2.2531230449676514 0.0 0.0 0.0 0.0 0.0 0.0 
423 2.258491277694702 0.0 0.0 0.0 0.0 0.0 0.0 
424 2.2637734413146973 0.0 0.0 0.0 0.0 0.0 0.0 
425 2.2690367698669434 0.0 0.0 0.0 0.0 0.0 0.0 
426 2.2744789123535156 0.0 0.0 0.0 0.0 0.0 0.0 
427 2.2797441482543945 0.0 0.0 0.0 0.0 0.0 0.0 
428 2.2849583625793457 0.0 0.0 0.0 0.0 0.0 0.0 
429 2.2901902198791504 0.0 0.0 0.0 0.0 0.0 0.0 
430 2.295454978942871 0.0 0.0 0.0 0.0 0.0 0.0 
431 2.3007805347442627 0.0 0.0 0.0 0.0 0.0 0.0 
432 2.306053876876831 0.0 0.0 0.0 0.0 0.0 0.0 
433 2.3114662170410156 0.0 0.0 0.0 0.0 0.0 0.0 
434 2.3167998790740967 0.0 0.0 0.0 0.0 0.0 0.0 
435 2.322066068649292 0.0 0.0 0.0 0.0 0.0 0.0 
436 2.327289581298828 0.0 0.0 0.0 0.0 0.0 0.0 
437 2.3325071334838867 0.0 0.0 0.0 0.0 0.0 0.0 
438 2.3377137184143066 0.0 0.0 0.0 0.0 0.0 0.0 
439 2.342935085296631 0.0 0.0 0.0 0.0 0.0 0.0 
440 2.3481414318084717 0.0 0.0 0.0 0.0 0.0 0.0 
441 2.353461742401123 0.0 0.0 0.0 0.0 0.0 0.0 
442 2.3587639331817627 0.0 0.0 0.0 0.0 0.0 0.0 
443 2.3641433715820312 0.0 0.0 0.0 0.0 0.0 0.0 
444 2.369380235671997 0.0 0.0 0.0 0.0 0.0 0.0 
445 2.374647378921509 0.0 0.0 0.0 0.0 0.0 0.0 
446 2.3799474239349365 0.0 0.0 0.0 0.0 0.0 0.0 
447 2.385192632675171 0.0 0.0 0.0 0.0 0.0 0.0 
448 2.3904409408569336 0.0 0.0 0.0 0.0 0.0 0.0 
449 2.3957037925720215 0.0 0.0 0.0 0.0 0.0 0.0 
450 2.4009671211242676 0.0 0.0 0.0 0.0 0.0 0.0 
451 2.4063727855682373 0.0 0.0 0.0 0.0 0.0 0.0 
452 2.4117026329040527 0.0 0.0 0.0 0.0 0.0 0.0 
453 2.4171392917633057 0.0 0.0 0.0 0.0 0.0 0.0 
454 2.4224421977996826 0.0 0.0 0.0 0.0 0.0 0.0 
455 2.42768931388855 0.0 0.0 0.0 0.0 0.0 0.0 
456 2.432935953140259 0.0 0.0 0.0 0.0 0.0 0.0 
457 2.4381988048553467 0.0 0.0 0.0 0.0 0.0 0.0 
458 2.4434866905212402 0.0 0.0 0.0 0.0 0.0 0.0 
459 2.4487380981445312 0.0 0.0 0.0 0.0 0.0 0.0 
460 2.4539899826049805 0.0 0.0 0.0 0.0 0.0 0.0 
461 2.459745407104492 0.0 0.0 0.0 0.0 0.0 0.0 
462 2.4650540351867676 0.0 0.0 0.0 0.0 0.0 0.0 
463 2.470419406890869 0.0 0.0 0.0 0.0 0.0 0.0 
464 2.4757585525512695 0.0 0.0 0.0 0.0 0.0 0.0 
465 2.481031894683838 0.0 0.0 0.0 0.0 0.0 0.0 
466 2.486264228820801 0.0 0.0 0.0 0.0 0.0 0.0 
467 2.491488218307495 0.0 0.0 0.0 0.0 0.0 0.0 
468 2.496708631515503 0.0 0.0 0.0 0.0 0.0 0.0 
469 2.5019209384918213 0.0 0.0 0.0 0.0 0.0 0.0 
470 2.5071194171905518 0.0 0.0 0.0 0.0 0.0 0.0 
471 2.5124614238739014 0.0 0.0 0.0 0.0 0.0 0.0 
472 2.5178818702697754 0.0 0.0 0.0 0.0 0.0 0.0 
473 2.523212194442749 0.0 0.0 0.0 0.0 0.0 0.0 
474 2.5284640789031982 0.0 0.0 0.0 0.0 0.0 0.0 
475 2.5338714122772217 0.0 0.0 0.0 0.0 0.0 0.0 
476 2.5391600131988525 0.0 0.0 0.0 0.0 0.0 0.0 
477 2.5443880558013916 0.0 0.0 0.0 0.0 0.0 0.0 
478 2.54960560798645 0.0 0.0 0.0 0.0 0.0 0.0 
479 2.554877758026123 0.0 0.0 0.0 0.0 0.0 0.0 
480 2.5600931644439697 0.0 0.0 0.0 0.0 0.0 0.0 
481 2.5654137134552 0.0 0.0 0.0 0.0 0.0 0.0 
482 2.5706794261932373 0.0 0.0 0.0 0.0 0.0 0.0 
483 2.576026201248169 0.0 0.0 0.0 0.0 0.0 0.0 
484 2.581317186355591 0.0 0.0 0.0 0.0 0.0 0.0 
485 2.5865585803985596 0.0 0.0 0.0 0.0 0.0 0.0 
486 2.5919058322906494 0.0 0.0 0.0 0.0 0.0 0.0 
487 2.5971994400024414 0.0 0.0 0.0 0.0 0.0 0.0 
488 2.602419376373291 0.0 0.0 0.0 0.0 0.0 0.0 
489 2.6076364517211914 0.0 0.0 0.0 0.0 0.0 0.0 
490 2.612888813018799 0.0 0.0 0.0 0.0 0.0 0.0 
491 2.6183009147644043 0.0 0.0 0.0 0.0 0.0 0.0 
492 2.6237268447875977 0.0 0.0 0.0 0.0 0.0 0.0 
493 2.629089117050171 0.0 0.0 0.0 0.0 0.0 0.0 
494 2.634439706802368 0.0 0.0 0.0 0.0 0.0 0.0 
495 2.639707565307617 0.0 0.0 0.0 0.0 0.0 0.0 
496 2.6449615955352783 0.0 0.0 0.0 0.0 0.0 0.0 
497 2.6502411365509033 0.0 0.0 0.0 0.0 0.0 0.0 
498 2.6554932594299316 0.0 0.0 0.0 0.0 0.0 0.0 
499 2.660712957382202 0.0 0.0 0.0 0.0 0.0 0.0 
500 2.6659131050109863 0.0 0.0 0.0 0.0 0.0 0.0 
501 2.67121958732605 0.0 0.0 0.0 0.0 0.0 0.0 
502 2.6765220165252686 0.0 0.0 0.0 0.0 0.0 0.0 
503 2.6818385124206543 0.0 0.0 0.0 0.0 0.0 0.0 
504 2.6870713233947754 0.0 0.0 0.0 0.0 0.0 0.0 
505 2.6923375129699707 0.0 0.0 0.0 0.0 0.0 0.0 
506 2.697556734085083 0.0 0.0 0.0 0.0 0.0 0.0 
507 2.7027642726898193 0.0 0.0 0.0 0.0 0.0 0.0 
508 2.708014965057373 0.0 0.0 0.0 0.0 0.0 0.0 
509 2.7132468223571777 0.0 0.0 0.0 0.0 0.0 0.0 
510 2.7185583114624023 0.0 0.0 0.0 0.0 0.0 0.0 
511 2.724167585372925 0.0 0.0 0.0 0.0 0.0 0.0 
512 2.7295279502868652 0.0 0.0 0.0 0.0 0.0 0.0 
513 2.7348132133483887 0.0 0.0 0.0 0.0 0.0 0.0 
514 2.7400994300842285 0.0 0.0 0.0 0.0 0.0 0.0 
515 2.745299816131592 0.0 0.0 0.0 0.0 0.0 0.0 
516 2.750502109527588 0.0 0.0 0.0 0.0 0.0 0.0 
517 2.7557239532470703 0.0 0.0 0.0 0.0 0.0 0.0 
518 2.760918140411377 0.0 0.0 0.0 0.0 0.0 0.0 
519 2.7661075592041016 0.0 0.0 0.0 0.0 0.0 0.0 
520 2.7712883949279785 0.0 0.0 0.0 0.0 0.0 0.0 
521 2.7766201496124268 0.0 0.0 0.0 0.0 0.0 0.0 
522 2.781895637512207 0.0 0.0 0.0 0.0 0.0 0.0 
523 2.7871930599212646 0.0 0.0 0.0 0.0 0.0 0.0 
524 2.7924275398254395 0.0 0.0 0.0 0.0 0.0 0.0 
525 2.797637701034546 0.0 0.0 0.0 0.0 0.0 0.0 
526 2.802840232849121 0.0 0.0 0.0 0.0 0.0 0.0 
527 2.808044195175171 0.0 0.0 0.0 0.0 0.0 0.0 
528 2.8132388591766357 0.0 0.0 0.0 0.0 0.0 0.0 
529 2.8184814453125 0.0 0.0 0.0 0.0 0.0 0.0 
530 2.823732376098633 0.0 0.0 0.0 0.0 0.0 0.0 
531 2.8292438983917236 0.0 0.0 0.0 0.0 0.0 0.0 
532 2.834556818008423 0.0 0.0 0.0 0.0 0.0 0.0 
533 2.839850664138794 0.0 0.0 0.0 0.0 0.0 0.0 
534 2.8450827598571777 0.0 0.0 0.0 0.0 0.0 0.0 
535 2.8503642082214355 0.0 0.0 0.0 0.0 0.0 0.0 
536 2.8556344509124756 0.0 0.0 0.0 0.0 0.0 0.0 
537 2.8608386516571045 0.0 0.0 0.0 0.0 0.0 0.0 
538 2.866036891937256 0.0 0.0 0.0 0.0 0.0 0.0 
539 2.8712356090545654 0.0 0.0 0.0 0.0 0.0 0.0 
540 2.8764448165893555 0.0 0.0 0.0 0.0 0.0 0.0 
541 2.8817734718322754 0.0 0.0 0.0 0.0 0.0 0.0 
542 2.8870344161987305 0.0 0.0 0.0 0.0 0.0 0.0 
543 2.8923192024230957 0.0 0.0 0.0 0.0 0.0 0.0 
544 2.897542715072632 0.0 0.0 0.0 0.0 0.0 0.0 
545 2.902766704559326 0.0 0.0 0.0 0.0 0.0 0.0 
546 2.9080405235290527 0.0 0.0 0.0 0.0 0.0 0.0 
547 2.913245916366577 0.0 0.0 0.0 0.0 0.0 0.0 
548 2.918487787246704 0.0 0.0 0.0 0.0 0.0 0.0 
549 2.923760175704956 0.0 0.0 0.0 0.0 0.0 0.0 
550 2.929149866104126 0.0 0.0 0.0 0.0 0.0 0.0 
551 2.934690475463867 0.0 0.0 0.0 0.0 0.0 0.0 
552 2.9400222301483154 0.0 0.0 0.0 0.0 0.0 0.0 
553 2.9453699588775635 0.0 0.0 0.0 0.0 0.0 0.0 
554 2.9506099224090576 0.0 0.0 0.0 0.0 0.0 0.0 
555 2.9558887481689453 0.0 0.0 0.0 0.0 0.0 0.0 
556 2.9613876342773438 0.0 0.0 0.0 0.0 0.0 0.0 
557 2.9668641090393066 0.0 0.0 0.0 0.0 0.0 0.0 
558 2.972360610961914 0.0 0.0 0.0 0.0 0.0 0.0 
559 2.97784423828125 0.0 0.0 0.0 0.0 0.0 0.0 
560 2.9833288192749023 0.0 0.0 0.0 0.0 0.0 0.0 
561 2.988935947418213 0.0 0.0 0.0 0.0 0.0 0.0 
562 2.9945154190063477 0.0 0.0 0.0 0.0 0.0 0.0 
563 3.000088691711426 0.0 0.0 0.0 0.0 0.0 0.0 
564 3.0054993629455566 0.0 0.0 0.0 0.0 0.0 0.0 
565 3.010927438735962 0.0 0.0 0.0 0.0 0.0 0.0 
566 3.0164356231689453 0.0 0.0 0.0 0.0 0.0 0.0 
567 3.02187442779541 0.0 0.0 0.0 0.0 0.0 0.0 
568 3.027324676513672 0.0 0.0 0.0 0.0 0.0 0.0 
569 3.032961845397949 0.0 0.0 0.0 0.0 0.0 0.0 
570 3.0385241508483887 0.0 0.0 0.0 0.0 0.0 0.0 
571 3.0443623065948486 0.0 0.0 0.0 0.0 0.0 0.0 
572 3.0498268604278564 0.0 0.0 0.0 0.0 0.0 0.0 
573 3.0554094314575195 0.0 0.0 0.0 0.0 0.0 0.0 
574 3.06083345413208 0.0 0.0 0.0 0.0 0.0 0.0 
575 3.0661873817443848 0.0 0.0 0.0 0.0 0.0 0.0 
576 3.071573495864868 0.0 0.0 0.0 0.0 0.0 0.0 
577 3.0769693851470947 0.0 0.0 0.0 0.0 0.0 0.0 
578 3.082470178604126 0.0 0.0 0.0 0.0 0.0 0.0 
579 3.0878450870513916 0.0 0.0 0.0 0.0 0.0 0.0 
580 3.093222141265869 0.0 0.0 0.0 0.0 0.0 0.0 
581 3.0987696647644043 0.0 0.0 0.0 0.0 0.0 0.0 
582 3.1041839122772217 0.0 0.0 0.0 0.0 0.0 0.0 
583 3.109689950942993 0.0 0.0 0.0 0.0 0.0 0.0 
584 3.115088701248169 0.0 0.0 0.0 0.0 0.0 0.0 
585 3.120460033416748 0.0 0.0 0.0 0.0 0.0 0.0 
586 3.1258933544158936 0.0 0.0 0.0 0.0 0.0 0.0 
587 3.1314730644226074 0.0 0.0 0.0 0.0 0.0 0.0 
588 3.136951446533203 0.0 0.0 0.0 0.0 0.0 0.0 
589 3.142535448074341 0.0 0.0 0.0 0.0 0.0 0.0 
590 3.1479780673980713 0.0 0.0 0.0 0.0 0.0 0.0 
591 3.153606414794922 0.0 0.0 0.0 0.0 0.0 0.0 
592 3.159280776977539 0.0 0.0 0.0 0.0 0.0 0.0 
593 3.164959669113159 0.0 0.0 0.0 0.0 0.0 0.0 
594 3.1704328060150146 0.0 0.0 0.0 0.0 0.0 0.0 
595 3.176056146621704 0.0 0.0 0.0 0.0 0.0 0.0 
596 3.1815099716186523 0.0 0.0 0.0 0.0 0.0 0.0 
597 3.1868648529052734 0.0 0.0 0.0 0.0 0.0 0.0 
598 3.1922309398651123 0.0 0.0 0.0 0.0 0.0 0.0 
599 3.1975996494293213 0.0 0.0 0.0 0.0 0.0 0.0 
600 3.202951669692993 0.0 0.0 0.0 0.0 0.0 0.0 
601 3.2086739540100098 0.0 0.0 0.0 0.0 0.0 0.0 
602 3.2141292095184326 0.0 0.0 0.0 0.0 0.0 0.0 
603 3.219712495803833 0.0 0.0 0.0 0.0 0.0 0.0 
604 3.225452184677124 0.0 0.0 0.0 0.0 0.0 0.0 
605 3.2308127880096436 0.0 0.0 0.0 0.0 0.0 0.0 
606 3.2361977100372314 0.0 0.0 0.0 0.0 0.0 0.0 
607 3.2416365146636963 0.0 0.0 0.0 0.0 0.0 0.0 
608 3.247185707092285 0.0 0.0 0.0 0.0 0.0 0.0 
609 3.2527053356170654 0.0 0.0 0.0 0.0 0.0 0.0 
610 3.258147954940796 0.0 0.0 0.0 0.0 0.0 0.0 
611 3.2638602256774902 0.0 0.0 0.0 0.0 0.0 0.0 
612 3.269425630569458 0.0 0.0 0.0 0.0 0.0 0.0 
613 3.2749152183532715 0.0 0.0 0.0 0.0 0.0 0.0 
614 3.280411958694458 0.0 0.0 0.0 0.0 0.0 0.0 
615 3.285885810852051 0.0 0.0 0.0 0.0 0.0 0.0 
616 3.291388750076294 0.0 0.0 0.0 0.0 0.0 0.0 
617 3.2983033657073975 0.0 0.0 0.0 0.0 0.0 0.0 
618 3.3045055866241455 0.0 0.0 0.0 0.0 0.0 0.0 
619 3.3106589317321777 0.0 0.0 0.0 0.0 0.0 0.0 
620 3.3163094520568848 0.0 0.0 0.0 0.0 0.0 0.0 
621 3.323556900024414 0.0 0.0 0.0 0.0 0.0 0.0 
622 3.329167127609253 0.0 0.0 0.0 0.0 0.0 0.0 
623 3.3347256183624268 0.0 0.0 0.0 0.0 0.0 0.0 
624 3.340348958969116 0.0 0.0 0.0 0.0 0.0 0.0 
625 3.345932722091675 0.0 0.0 0.0 0.0 0.0 0.0 
626 3.3516902923583984 0.0 0.0 0.0 0.0 0.0 0.0 
627 3.3573241233825684 0.0 0.0 0.0 0.0 0.0 0.0 
628 3.362943649291992 0.0 0.0 0.0 0.0 0.0 0.0 
629 3.368541717529297 0.0 0.0 0.0 0.0 0.0 0.0 
630 3.373981237411499 0.0 0.0 0.0 0.0 0.0 0.0 
631 3.3796370029449463 0.0 0.0 0.0 0.0 0.0 0.0 
632 3.385014772415161 0.0 0.0 0.0 0.0 0.0 0.0 
633 3.3904478549957275 0.0 0.0 0.0 0.0 0.0 0.0 
634 3.3957762718200684 0.0 0.0 0.0 0.0 0.0 0.0 
635 3.4010558128356934 0.0 0.0 0.0 0.0 0.0 0.0 
636 3.406312942504883 0.0 0.0 0.0 0.0 0.0 0.0 
637 3.411701202392578 0.0 0.0 0.0 0.0 0.0 0.0 
638 3.417025327682495 0.0 0.0 0.0 0.0 0.0 0.0 
639 3.4223103523254395 0.0 0.0 0.0 0.0 0.0 0.0 
640 3.4277474880218506 0.0 0.0 0.0 0.0 0.0 0.0 
641 3.4331963062286377 0.0 0.0 0.0 0.0 0.0 0.0 
642 3.4386143684387207 0.0 0.0 0.0 0.0 0.0 0.0 
643 3.4439568519592285 0.0 0.0 0.0 0.0 0.0 0.0 
644 3.449260711669922 0.0 0.0 0.0 0.0 0.0 0.0 
645 3.454756021499634 0.0 0.0 0.0 0.0 0.0 0.0 
646 3.4600460529327393 0.0 0.0 0.0 0.0 0.0 0.0 
647 3.4652609825134277 0.0 0.0 0.0 0.0 0.0 0.0 
648 3.4704525470733643 0.0 0.0 0.0 0.0 0.0 0.0 
649 3.475724458694458 0.0 0.0 0.0 0.0 0.0 0.0 
650 3.4811065196990967 0.0 0.0 0.0 0.0 0.0 0.0 
651 3.486536741256714 0.0 0.0 0.0 0.0 0.0 0.0 
652 3.491820812225342 0.0 0.0 0.0 0.0 0.0 0.0 
653 3.4971048831939697 0.0 0.0 0.0 0.0 0.0 0.0 
654 3.5023200511932373 0.0 0.0 0.0 0.0 0.0 0.0 
655 3.5075390338897705 0.0 0.0 0.0 0.0 0.0 0.0 
656 3.512747049331665 0.0 0.0 0.0 0.0 0.0 0.0 
657 3.517972946166992 0.0 0.0 0.0 0.0 0.0 0.0 
658 3.5231833457946777 0.0 0.0 0.0 0.0 0.0 0.0 
659 3.5284483432769775 0.0 0.0 0.0 0.0 0.0 0.0 
660 3.533684492111206 0.0 0.0 0.0 0.0 0.0 0.0 
661 3.539146900177002 0.0 0.0 0.0 0.0 0.0 0.0 
662 3.5445022583007812 0.0 0.0 0.0 0.0 0.0 0.0 
663 3.54984974861145 0.0 0.0 0.0 0.0 0.0 0.0 
664 3.5551562309265137 0.0 0.0 0.0 0.0 0.0 0.0 
665 3.560577392578125 0.0 0.0 0.0 0.0 0.0 0.0 
666 3.5658979415893555 0.0 0.0 0.0 0.0 0.0 0.0 
667 3.571148157119751 0.0 0.0 0.0 0.0 0.0 0.0 
668 3.576375722885132 0.0 0.0 0.0 0.0 0.0 0.0 
669 3.581609010696411 0.0 0.0 0.0 0.0 0.0 0.0 
670 3.5868396759033203 0.0 0.0 0.0 0.0 0.0 0.0 
671 3.592216968536377 0.0 0.0 0.0 0.0 0.0 0.0 
672 3.597625732421875 0.0 0.0 0.0 0.0 0.0 0.0 
673 3.6030735969543457 0.0 0.0 0.0 0.0 0.0 0.0 
674 3.6084020137786865 0.0 0.0 0.0 0.0 0.0 0.0 
675 3.61362361907959 0.0 0.0 0.0 0.0 0.0 0.0 
676 3.6189181804656982 0.0 0.0 0.0 0.0 0.0 0.0 
677 3.6241471767425537 0.0 0.0 0.0 0.0 0.0 0.0 
678 3.62943172454834 0.0 0.0 0.0 0.0 0.0 0.0 
679 3.6346635818481445 0.0 0.0 0.0 0.0 0.0 0.0 
680 3.6399481296539307 0.0 0.0 0.0 0.0 0.0 0.0 
681 3.6452982425689697 0.0 0.0 0.0 0.0 0.0 0.0 
682 3.650700569152832 0.0 0.0 0.0 0.0 0.0 0.0 
683 3.656266212463379 0.0 0.0 0.0 0.0 0.0 0.0 
684 3.661602735519409 0.0 0.0 0.0 0.0 0.0 0.0 
685 3.6672439575195312 0.0 0.0 0.0 0.0 0.0 0.0 
686 3.6725316047668457 0.0 0.0 0.0 0.0 0.0 0.0 
687 3.6777608394622803 0.0 0.0 0.0 0.0 0.0 0.0 
688 3.682987928390503 0.0 0.0 0.0 0.0 0.0 0.0 
689 3.6882529258728027 0.0 0.0 0.0 0.0 0.0 0.0 
690 3.693521738052368 0.0 0.0 0.0 0.0 0.0 0.0 
691 3.6988770961761475 0.0 0.0 0.0 0.0 0.0 0.0 
692 3.7041561603546143 0.0 0.0 0.0 0.0 0.0 0.0 
693 3.7095909118652344 0.0 0.0 0.0 0.0 0.0 0.0 
694 3.715006113052368 0.0 0.0 0.0 0.0 0.0 0.0 
695 3.720426082611084 0.0 0.0 0.0 0.0 0.0 0.0 
696 3.7257063388824463 0.0 0.0 0.0 0.0 0.0 0.0 
697 3.7309186458587646 0.0 0.0 0.0 0.0 0.0 0.0 
698 3.736140012741089 0.0 0.0 0.0 0.0 0.0 0.0 
699 3.7413389682769775 0.0 0.0 0.0 0.0 0.0 0.0 
700 3.7465312480926514 0.0 0.0 0.0 0.0 0.0 0.0 
701 3.751958131790161 0.0 0.0 0.0 0.0 0.0 0.0 
702 3.757242202758789 0.0 0.0 0.0 0.0 0.0 0.0 
703 3.7626307010650635 0.0 0.0 0.0 0.0 0.0 0.0 
704 3.7679824829101562 0.0 0.0 0.0 0.0 0.0 0.0 
705 3.7735047340393066 0.0 0.0 0.0 0.0 0.0 0.0 
706 3.778883934020996 0.0 0.0 0.0 0.0 0.0 0.0 
707 3.7842440605163574 0.0 0.0 0.0 0.0 0.0 0.0 
708 3.7896294593811035 0.0 0.0 0.0 0.0 0.0 0.0 
709 3.7949278354644775 0.0 0.0 0.0 0.0 0.0 0.0 
710 3.800239086151123 0.0 0.0 0.0 0.0 0.0 0.0 
711 3.805806875228882 0.0 0.0 0.0 0.0 0.0 0.0 
712 3.8111186027526855 0.0 0.0 0.0 0.0 0.0 0.0 
713 3.816409111022949 0.0 0.0 0.0 0.0 0.0 0.0 
714 3.821671724319458 0.0 0.0 0.0 0.0 0.0 0.0 
715 3.8269381523132324 0.0 0.0 0.0 0.0 0.0 0.0 
716 3.8323395252227783 0.0 0.0 0.0 0.0 0.0 0.0 
717 3.8376615047454834 0.0 0.0 0.0 0.0 0.0 0.0 
718 3.842883586883545 0.0 0.0 0.0 0.0 0.0 0.0 
719 3.8481037616729736 0.0 0.0 0.0 0.0 0.0 0.0 
720 3.853306293487549 0.0 0.0 0.0 0.0 0.0 0.0 
721 3.8586456775665283 0.0 0.0 0.0 0.0 0.0 0.0 
722 3.8639276027679443 0.0 0.0 0.0 0.0 0.0 0.0 
723 3.86936092376709 0.0 0.0 0.0 0.0 0.0 0.0 
724 3.8746025562286377 0.0 0.0 0.0 0.0 0.0 0.0 
725 3.8798911571502686 0.0 0.0 0.0 0.0 0.0 0.0 
726 3.8851559162139893 0.0 0.0 0.0 0.0 0.0 0.0 
727 3.890604257583618 0.0 0.0 0.0 0.0 0.0 0.0 
728 3.895932912826538 0.0 0.0 0.0 0.0 0.0 0.0 
729 3.901193380355835 0.0 0.0 0.0 0.0 0.0 0.0 
730 3.9064295291900635 0.0 0.0 0.0 0.0 0.0 0.0 
731 3.911825180053711 0.0 0.0 0.0 0.0 0.0 0.0 
732 3.9171488285064697 0.0 0.0 0.0 0.0 0.0 0.0 
733 3.922483444213867 0.0 0.0 0.0 0.0 0.0 0.0 
734 3.9277777671813965 0.0 0.0 0.0 0.0 0.0 0.0 
735 3.9330787658691406 0.0 0.0 0.0 0.0 0.0 0.0 
736 3.9383633136749268 0.0 0.0 0.0 0.0 0.0 0.0 
737 3.9436283111572266 0.0 0.0 0.0 0.0 0.0 0.0 
738 3.948948383331299 0.0 0.0 0.0 0.0 0.0 0.0 
739 3.9541711807250977 0.0 0.0 0.0 0.0 0.0 0.0 
740 3.959442138671875 0.0 0.0 0.0 0.0 0.0 0.0 
741 3.964816093444824 0.0 0.0 0.0 0.0 0.0 0.0 
742 3.9701931476593018 0.0 0.0 0.0 0.009587377309799194 0.0 0.0 
743 3.9755849838256836 0.0 0.0 0.0 0.013805825263261795 0.009970873594284058 0.0 
744 3.9808013439178467 0.0 0.0 0.0 0.01649029180407524 0.011313110589981079 0.0 
745 3.9860026836395264 0.0 0.0 0.0 0.019174758344888687 0.012655340135097504 0.0 
746 3.9912502765655518 0.0 0.0 0.0 0.022050973027944565 0.013614080846309662 0.0 
747 3.996471881866455 0.0 0.0 0.0 0.025118935853242874 0.014956310391426086 -0.008820414543151855 
748 4.001753091812134 0.0 0.0 0.0 0.028186894953250885 0.016106799244880676 -0.009970784187316895 
749 4.006969213485718 0.0 0.0 0.0 0.03163835406303406 0.017065539956092834 -0.010929584503173828 
750 4.012171268463135 0.0 0.0 0.0 0.03163835406303406 0.017065539956092834 -0.010929584503173828 
751 4.017929792404175 0.0 0.0 0.0 0.038541266694664955 0.018791265785694122 -0.013422250747680664 
752 4.023218870162964 0.0 0.0 0.0 0.04218447208404541 0.01955825835466385 -0.014572739601135254 
753 4.02854323387146 0.0 0.0 0.0 0.04601942375302315 0.019941754639148712 -0.015723228454589844 
754 4.033858060836792 0.0 0.0 0.0 0.04966262727975845 0.02032524347305298 -0.016873717308044434 
755 4.03910493850708 0.0 0.0 0.0 0.053497579880058765 0.02051699161529541 -0.018024206161499023 
756 4.0443196296691895 0.0 0.0 0.0 0.05733253248035908 0.02051699161529541 -0.018983006477355957 
757 4.049528121948242 0.0 0.0 0.0 0.06097573647275567 0.02032524347305298 -0.01994168758392334 
758 4.054840326309204 0.0 0.0 0.0 0.06461894093081355 0.020133502781391144 -0.020900487899780273 
759 4.060060501098633 0.0 0.0 0.0 0.06807039785780944 0.01955825835466385 -0.021859169006347656 
760 4.065272331237793 0.0 0.0 0.0 0.07113835960626602 0.018983013927936554 -0.022626161575317383 
761 4.07157301902771 0.0 0.0 0.0 0.07708253525197506 0.017257288098335266 -0.0245436429977417 
762 4.077020883560181 0.0 0.0 0.0 0.0797670017927885 0.016106799244880676 -0.025310635566711426 
763 4.0823259353637695 0.0 0.0 0.0 0.0818762257695198 0.014956310391426086 -0.026077628135681152 
764 4.0875935554504395 0.0 0.0 0.0 0.08398544881492853 0.013614080846309662 -0.027036428451538086 
765 4.092814922332764 0.0 0.0 0.0 0.08398544881492853 0.013614080846309662 -0.027036428451538086 
766 4.098128795623779 0.0 0.0 0.0 0.08686166256666183 0.010546118021011353 -0.02857041358947754 
767 4.103360414505005 0.0 0.0 0.0 0.08762865327298641 0.0 -0.02914559841156006 
768 4.10857892036438 0.0 0.0 0.0 0.08801214955747128 0.0 -0.029912590980529785 
769 4.113786458969116 0.0 0.0 0.0 0.08782040141522884 0.0 -0.03067958354949951 
770 4.11902642250061 0.0 0.0 0.0 0.08743690513074398 0.0 -0.031638264656066895 
771 4.124376058578491 0.0 0.0 0.0 0.08647816814482212 0.0 -0.03240525722503662 
772 4.129676342010498 0.0 0.0 0.0 0.0851359348744154 0.0 -0.03355574607849121 
773 4.135016679763794 0.0 0.0 0.0 0.08321845810860395 0.0 -0.034514546394348145 
774 4.140293598175049 0.0 0.0 0.0 0.0809174869209528 0.0 -0.03585672378540039 
775 4.145549774169922 0.0 0.0 0.0 0.07842476852238178 -0.011696599423885345 -0.03719902038574219 
776 4.150803327560425 0.0 0.0 0.0 0.07190534984692931 -0.01840776950120926 -0.04045867919921875 
777 4.1561596393585205 0.0 0.0 0.0 0.07190534984692931 -0.01840776950120926 -0.04045867919921875 
778 4.161538600921631 0.0 0.0 0.0 0.0640436983667314 -0.025310683995485306 -0.04429364204406738 
779 4.166877269744873 0.0 0.0 0.0 0.059633503668010235 -0.02876213937997818 -0.0462111234664917 
780 4.1721742153167725 0.0 0.0 0.0 0.059633503668010235 -0.02876213937997818 -0.0462111234664917 
781 4.177633285522461 0.0 0.0 0.0 0.049854375422000885 -0.03566505387425423 -0.0506213903427124 
782 4.182906150817871 0.0 0.0 0.0 0.04448544234037399 -0.03930825740098953 -0.05292224884033203 
783 4.188194036483765 0.0 0.0 0.0 0.0391165092587471 -0.042759716510772705 -0.05541503429412842 
784 4.193421840667725 0.0 0.0 0.0 0.033364079892635345 -0.04640292003750801 -0.057907700538635254 
785 4.198672294616699 0.0 0.0 0.0 0.02761165425181389 -0.05004612356424332 -0.06040048599243164 
786 4.2039947509765625 0.0 0.0 0.0 0.0216674767434597 -0.05349758081138134 -0.06308495998382568 
787 4.209252119064331 0.0 0.0 0.0 0.015723302960395813 -0.057140784338116646 -0.06576943397521973 
788 4.214500188827515 0.0 0.0 0.0 0.009587377309799194 -0.0607839897274971 -0.06864559650421143 
789 4.219758749008179 0.0 0.0 0.0 0.0 -0.0644271932542324 -0.07152187824249268 
790 4.224968194961548 0.0 0.0 0.0 0.0 -0.06807039864361286 -0.07439804077148438 
791 4.230452537536621 0.0 0.0 0.0 -0.009203888475894928 -0.07171360310167074 -0.07708251476287842 
792 4.235785245895386 0.0 0.0 0.0 -0.015531554818153381 -0.07554855477064848 -0.07995867729187012 
793 4.241199731826782 0.0 0.0 0.0 -0.027611657977104187 -0.0830267114797607 -0.08571112155914307 
794 4.246518611907959 0.0 0.0 0.0 -0.033555835485458374 -0.08666991605423391 -0.08858740329742432 
795 4.251738548278809 0.0 0.0 0.0 -0.033555835485458374 -0.08666991605423391 -0.08858740329742432 
796 4.256936073303223 0.0 0.0 0.0 -0.044677190482616425 -0.09453156776726246 -0.09414803981781006 
797 4.262150287628174 0.0 0.0 0.0 -0.05004612356424332 -0.09875001478940248 -0.0968325138092041 
798 4.267340660095215 0.0 0.0 0.0 -0.05522330850362778 -0.10277671553194523 -0.09932518005371094 
799 4.2732086181640625 0.0 0.0 0.0 -0.0602087527513504 -0.10680341348052025 -0.10181796550750732 
800 4.278577566146851 0.0 0.0 0.0 -0.06500244140625 -0.11083011329174042 -0.1041189432144165 
801 4.283950090408325 0.0 0.0 0.0 -0.06960438191890717 -0.11504856124520302 -0.10641992092132568 
802 4.289225101470947 0.0 0.0 0.0 -0.0740145742893219 -0.11907526105642319 -0.10833740234375 
803 4.294553756713867 0.0 0.0 0.0 -0.0782330185174942 -0.12329370900988579 -0.11006307601928711 
804 4.299802780151367 0.0 0.0 0.0 -0.08225972950458527 -0.12712866067886353 -0.11178886890411377 
805 4.305011749267578 0.0 0.0 0.0 -0.0860946774482727 -0.13096361234784126 -0.11332285404205322 
806 4.310232400894165 0.0 0.0 0.0 -0.08992962539196014 -0.13460681587457657 -0.11447334289550781 
807 4.315536260604858 0.0 0.0 0.0 -0.09338109195232391 -0.13805827498435974 -0.11562371253967285 
808 4.320763349533081 0.0 0.0 0.0 -0.09683254361152649 -0.14131798222661018 -0.11658251285552979 
809 4.326003313064575 0.0 0.0 0.0 -0.10316021740436554 -0.1468786634504795 -0.11792469024658203 
810 4.3312294483184814 0.0 0.0 0.0 -0.10316021740436554 -0.1468786634504795 -0.11792469024658203 
811 4.336551189422607 0.0 0.0 0.0 -0.1089126467704773 -0.1516723558306694 -0.11888349056243896 
812 4.341844320297241 0.0 0.0 0.0 -0.11140535771846771 -0.15378157794475555 -0.11926698684692383 
813 4.347131729125977 0.0 0.0 0.0 -0.11408983170986176 -0.1553155556321144 -0.11945867538452148 
814 4.352376461029053 0.0 0.0 0.0 -0.11639079451560974 -0.15684954077005386 -0.11965048313140869 
815 4.35771918296814 0.0 0.0 0.0 -0.11869177222251892 -0.15780827403068542 -0.11984217166900635 
816 4.362996578216553 0.0 0.0 0.0 -0.1209927350282669 -0.15857526659965515 -0.12003397941589355 
817 4.368210792541504 0.0 0.0 0.0 -0.12310196459293365 -0.15895876288414001 -0.12022566795349121 
818 4.373525857925415 0.0 0.0 0.0 -0.1252111941576004 -0.15915051102638245 -0.12041747570037842 
819 4.378841400146484 0.0 0.0 0.0 -0.12732040882110596 -0.15895876288414001 -0.12060916423797607 
820 4.384274482727051 0.0 0.0 0.0 -0.12923789024353027 -0.15838351845741272 -0.12118446826934814 
821 4.390061140060425 0.0 0.0 0.0 -0.13134710490703583 -0.15742478519678116 -0.12156796455383301 
822 4.395609617233276 0.0 0.0 0.0 -0.13326458632946014 -0.15627429634332657 -0.12214314937591553 
823 4.400945663452148 0.0 0.0 0.0 -0.13518206775188446 -0.1547403186559677 -0.12291014194488525 
824 4.406246662139893 0.0 0.0 0.0 -0.13863351941108704 -0.15071361511945724 -0.12482762336730957 
825 4.411523342132568 0.0 0.0 0.0 -0.13863351941108704 -0.15071361511945724 -0.12482762336730957 
826 4.416816473007202 0.0 0.0 0.0 -0.14189322292804718 -0.14553643018007278 -0.12770390510559082 
827 4.422077178955078 0.0 0.0 0.0 -0.14342720806598663 -0.1426602154970169 -0.12942957878112793 
828 4.427368402481079 0.0 0.0 0.0 -0.14476944506168365 -0.13940050825476646 -0.13153886795043945 
829 4.4326255321502686 0.0 0.0 0.0 -0.14591993391513824 -0.13614079728722572 -0.13383984565734863 
830 4.437869310379028 0.0 0.0 0.0 -0.14707040786743164 -0.13268934190273285 -0.13633251190185547 
831 4.4432501792907715 0.0 0.0 0.0 -0.1480291485786438 -0.12923788279294968 -0.13920867443084717 
832 4.448561429977417 0.0 0.0 0.0 -0.14898788928985596 -0.12540293112397194 -0.14246845245361328 
833 4.453907251358032 0.0 0.0 0.0 -0.14956313371658325 -0.12175972759723663 -0.14591991901397705 
834 4.459153413772583 0.0 0.0 0.0 -0.15013837814331055 -0.1179247759282589 -0.14956307411193848 
835 4.464454889297485 0.0 0.0 0.0 -0.1505218744277954 -0.11408982239663601 -0.15378153324127197 
836 4.469848394393921 0.0 0.0 0.0 -0.15071362257003784 -0.11006312444806099 -0.15799999237060547 
837 4.47513484954834 0.0 0.0 0.0 -0.15071362257003784 -0.10603642463684082 -0.16260194778442383 
838 4.480510711669922 0.0 0.0 0.0 -0.1505218744277954 -0.10181797668337822 -0.16758739948272705 
839 4.4859397411346436 0.0 0.0 0.0 -0.15013837814331055 -0.0975995296612382 -0.1725727915763855 
840 4.491237640380859 0.0 0.0 0.0 -0.14975488185882568 -0.09338108170777559 -0.17794173955917358 
841 4.49662971496582 0.0 0.0 0.0 -0.14822089672088623 -0.08475243991415482 -0.18925487995147705 
842 4.501943349838257 0.0 0.0 0.0 -0.14726215600967407 -0.08053399249911308 -0.19500726461410522 
843 4.507265567779541 0.0 0.0 0.0 -0.14611168205738068 -0.07612379733473063 -0.2009514570236206 
844 4.512528657913208 0.0 0.0 0.0 -0.1449611932039261 -0.0719053503125906 -0.20670390129089355 
845 4.5178351402282715 0.0 0.0 0.0 -0.14361895620822906 -0.067686902359128 -0.21264803409576416 
846 4.523110628128052 0.0 0.0 0.0 -0.14227671921253204 -0.06346845626831055 -0.2184004783630371 
847 4.528524398803711 0.0 0.0 0.0 -0.14074274897575378 -0.05944175645709038 -0.22396117448806763 
848 4.533855438232422 0.0 0.0 0.0 -0.13920876383781433 -0.05560680478811264 -0.22971361875534058 
849 4.539098501205444 0.0 0.0 0.0 -0.13767477869987488 -0.0517718531191349 -0.2350825071334839 
850 4.5443503856658936 0.0 0.0 0.0 -0.135949045419693 -0.0481286458671093 -0.24045145511627197 
851 4.549747943878174 0.0 0.0 0.0 -0.1342233270406723 -0.04448544234037399 -0.24562865495681763 
852 4.5550315380096436 0.0 0.0 0.0 -0.13268934190273285 -0.04103398695588112 -0.2508058547973633 
853 4.560369253158569 0.0 0.0 0.0 -0.13096360862255096 -0.03777427598834038 -0.2555994987487793 
854 4.565618276596069 0.0 0.0 0.0 -0.12923789024353027 -0.03470631688833237 -0.2605849504470825 
855 4.570827007293701 0.0 0.0 0.0 -0.12770390510559082 -0.03163835406303406 -0.2653786540031433 
856 4.57612681388855 0.0 0.0 0.0 -0.12482769787311554 -0.025885924696922302 -0.2749660015106201 
857 4.5814208984375 0.0 0.0 0.0 -0.12348546087741852 -0.023201458156108856 -0.2797597050666809 
858 4.586915969848633 0.0 0.0 0.0 -0.1221432238817215 -0.02051699161529541 -0.28436166048049927 
859 4.592204570770264 0.0 0.0 0.0 -0.12118448317050934 -0.018024273216724396 -0.2889636158943176 
860 4.597444772720337 0.0 0.0 0.0 -0.12003399431705475 -0.015723302960395813 -0.293565571308136 
861 4.60280179977417 0.0 0.0 0.0 -0.11926701664924622 -0.01342233270406723 -0.2977839708328247 
862 4.608069181442261 0.0 0.0 0.0 -0.11830827593803406 -0.011121362447738647 -0.3020024299621582 
863 4.613371133804321 0.0 0.0 0.0 -0.11754128336906433 -0.009203881025314331 -0.30602914094924927 
864 4.6186277866363525 0.0 0.0 0.0 -0.11696603894233704 0.0 -0.30967235565185547 
865 4.623853445053101 0.0 0.0 0.0 -0.11619904637336731 0.0 -0.31331557035446167 
866 4.629140377044678 0.0 0.0 0.0 -0.11562380194664001 0.0 -0.316575288772583 
867 4.634425640106201 0.0 0.0 0.0 -0.11504855751991272 0.0 -0.31983494758605957 
868 4.639765501022339 0.0 0.0 0.0 -0.11447332799434662 0.0 -0.32271116971969604 
869 4.645023584365845 0.0 0.0 0.0 -0.11389808356761932 0.0 -0.3255873918533325 
870 4.650231599807739 0.0 0.0 0.0 -0.11351458728313446 0.0 -0.32808011770248413 
871 4.655590057373047 0.0 0.0 0.0 -0.11351458728313446 0.0 -0.32808011770248413 
872 4.6608641147613525 0.0 0.0 0.0 -0.1131310909986496 0.0 -0.3328738212585449 
873 4.66623854637146 0.0 0.0 0.0 -0.11293934285640717 0.0 -0.3370922803878784 
874 4.671502590179443 0.0 0.0 0.0 -0.11274759471416473 0.0 -0.3392014503479004 
875 4.676832437515259 0.0 0.0 0.0 -0.11274759471416473 0.0 -0.3411189317703247 
876 4.682080030441284 0.0 0.0 0.0 -0.11293934285640717 0.0 -0.343036413192749 
877 4.687365293502808 0.0 0.0 0.0 -0.11293934285640717 0.0 -0.3447621464729309 
878 4.692654848098755 0.0 0.0 0.0 -0.11274759471416473 0.0 -0.34629613161087036 
879 4.697865962982178 0.0 0.0 0.0 -0.11274759471416473 0.0 -0.3476383686065674 
880 4.703075647354126 0.0 0.0 0.0 -0.1125558465719223 0.0 -0.3489806056022644 
881 4.708516359329224 0.0 0.0 0.0 -0.11217235028743744 0.0 -0.350131094455719 
882 4.713838338851929 0.0 0.0 0.0 -0.11198060214519501 0.0 -0.3512815833091736 
883 4.719159126281738 0.0 0.0 0.0 -0.11140535771846771 0.0 -0.3520485758781433 
884 4.7244203090667725 0.0 0.0 0.0 -0.11083011329174042 0.0 -0.35281556844711304 
885 4.729661226272583 0.0 0.0 0.0 -0.11025486886501312 0.008820392191410065 -0.35339081287384033 
886 4.73487114906311 0.0 0.0 0.0 -0.11025486886501312 0.008820392191410065 -0.35339081287384033 
887 4.740094423294067 0.0 0.0 0.0 -0.10833740234375 0.008820392191410065 -0.3543495535850525 
888 4.745293378829956 0.0 0.0 0.0 -0.10737866163253784 0.0 -0.3545413017272949 
889 4.750544786453247 0.0 0.0 0.0 -0.10603642463684082 0.0 -0.3545413017272949 
890 4.755780220031738 0.0 0.0 0.0 -0.1046941876411438 0.0 -0.3545413017272949 
891 4.76115870475769 0.0 0.0 0.0 -0.10335196554660797 0.0 -0.3543495535850525 
892 4.766597270965576 0.0 0.0 0.0 -0.10181798040866852 0.0 -0.35415780544281006 
893 4.771937847137451 0.0 0.0 0.0 -0.09836652874946594 0.0 -0.3531990647315979 
894 4.777165174484253 0.0 0.0 0.0 -0.09644904732704163 0.0 -0.3526238203048706 
895 4.782566785812378 0.0 0.0 0.0 -0.09453156590461731 0.0 -0.3520485758781433 
896 4.787827730178833 0.0 0.0 0.0 -0.09242235124111176 0.0 -0.351473331451416 
897 4.793177843093872 0.0 0.0 0.0 -0.09050486981868744 0.0 -0.3508980870246887 
898 4.798417806625366 0.0 0.0 0.0 -0.08839564025402069 0.0 -0.350131094455719 
899 4.803638219833374 0.0 0.0 0.0 -0.08628642559051514 0.0 -0.34936410188674927 
900 4.808858871459961 0.0 0.0 0.0 -0.08417719602584839 0.0 -0.348788857460022 
901 4.814198732376099 0.0 0.0 0.0 -0.08417719602584839 0.0 -0.348788857460022 
902 4.8195929527282715 0.0 0.0 0.0 -0.07995875179767609 -0.008820392191410065 -0.34744662046432495 
903 4.824888467788696 0.0 0.0 0.0 -0.07784952223300934 -0.010929614305496216 -0.3466796278953552 
904 4.830154657363892 0.0 0.0 0.0 -0.07574030756950378 -0.013230584561824799 -0.34610438346862793 
905 4.835449934005737 0.0 0.0 0.0 -0.07363107800483704 -0.015531554818153381 -0.34552913904190063 
906 4.840695142745972 0.0 0.0 0.0 -0.07171361148357391 -0.017832525074481964 -0.34514564275741577 
907 4.846093416213989 0.0 0.0 0.0 -0.0697961300611496 -0.020133495330810547 -0.3445703983306885 
908 4.851346731185913 0.0 0.0 0.0 -0.06787864863872528 -0.022434469312429428 -0.3441869020462036 
909 4.856571912765503 0.0 0.0 0.0 -0.0644271969795227 -0.02684466540813446 -0.3439951539039612 
910 4.861778736114502 0.0 0.0 0.0 -0.06270146369934082 -0.029145635664463043 -0.3439951539039612 
911 4.867093563079834 0.0 0.0 0.0 -0.06135924160480499 -0.031446605920791626 -0.3439951539039612 
912 4.872429370880127 0.0 0.0 0.0 -0.05982525646686554 -0.03355582803487778 -0.3441869020462036 
913 4.877709627151489 0.0 0.0 0.0 -0.05867476761341095 -0.03585680201649666 -0.3445703983306885 
914 4.882951974868774 0.0 0.0 0.0 -0.05771602690219879 -0.03815777227282524 -0.34495389461517334 
915 4.88822603225708 0.0 0.0 0.0 -0.05675728619098663 -0.04026699438691139 -0.34552913904190063 
916 4.893592596054077 0.0 0.0 0.0 -0.05675728619098663 -0.04026699438691139 -0.34552913904190063 
917 4.898891925811768 0.0 0.0 0.0 -0.05541505664587021 -0.04448544234037399 -0.3464878797531128 
918 4.904181480407715 0.0 0.0 0.0 -0.055031560361385345 -0.04659466817975044 -0.3470631241798401 
919 4.909405708312988 0.0 0.0 0.0 -0.05464807152748108 -0.048703890293836594 -0.3476383686065674 
920 4.91463041305542 0.0 0.0 0.0 -0.054072827100753784 -0.05042961984872818 -0.3482136130332947 
921 4.919983148574829 0.0 0.0 0.0 -0.05253884196281433 -0.05158010497689247 -0.348788857460022 
922 4.9252588748931885 0.0 0.0 0.0 -0.049854375422000885 -0.051963601261377335 -0.3495558500289917 
923 4.930599212646484 0.0 0.0 0.0 -0.04659467190504074 -0.051963601261377335 -0.350131094455719 
924 4.935844659805298 0.0 0.0 0.0 -0.04314321279525757 -0.0517718531191349 -0.3507063388824463 
925 4.941066026687622 0.0 0.0 0.0 -0.04007524996995926 -0.05158010497689247 -0.3512815833091736 
926 4.946369886398315 0.0 0.0 0.0 -0.03719903528690338 -0.05138835683465004 -0.35166507959365845 
927 4.951640844345093 0.0 0.0 0.0 -0.03298059105873108 -0.05138835683465004 -0.3520485758781433 
928 4.95690393447876 0.0 0.0 0.0 -0.03298059105873108 -0.05138835683465004 -0.3520485758781433 
929 4.962273120880127 0.0 0.0 0.0 -0.0301043763756752 -0.0517718531191349 -0.3518568277359009 
930 4.967559337615967 0.0 0.0 0.0 -0.029145635664463043 -0.05215534567832947 -0.35166507959365845 
931 4.972893714904785 0.0 0.0 0.0 -0.029145635664463043 -0.05215534567832947 -0.35166507959365845 
932 4.978158712387085 0.0 0.0 0.0 -0.027419909834861755 -0.053114086389541626 -0.3507063388824463 
933 4.983457565307617 0.0 0.0 0.0 -0.02665291726589203 -0.05368932895362377 -0.350131094455719 
934 4.9886791706085205 0.0 0.0 0.0 -0.025885924696922302 -0.05426457151770592 -0.3495558500289917 
935 4.993902921676636 0.0 0.0 0.0 -0.025118939578533173 -0.05483981408178806 -0.34917235374450684 
936 4.999267578125 0.0 0.0 0.0 -0.023968450725078583 -0.05541505664587021 -0.34859710931777954 
937 5.004513740539551 0.0 0.0 0.0 -0.02300971746444702 -0.05579855106770992 -0.3482136130332947 
938 5.009761333465576 0.0 0.0 0.0 -0.02185922861099243 -0.056182047352194786 -0.3476383686065674 
939 5.015007972717285 0.0 0.0 0.0 -0.020900487899780273 -0.05637379363179207 -0.3472548723220825 
940 5.020356893539429 0.0 0.0 0.0 -0.01975000649690628 -0.056182047352194786 -0.3466796278953552 
941 5.025790691375732 0.0 0.0 0.0 -0.018791265785694122 -0.055990299209952354 -0.34610438346862793 
942 5.031087398529053 0.0 0.0 0.0 -0.018024273216724396 -0.05560680478811264 -0.34572088718414307 
943 5.036465883255005 0.0 0.0 0.0 -0.017257288098335266 -0.055031562224030495 -0.34514564275741577 
944 5.041737079620361 0.0 0.0 0.0 -0.01649029552936554 -0.0544563177973032 -0.3445703983306885 
945 5.047006130218506 0.0 0.0 0.0 -0.015531554818153381 -0.05273059010505676 -0.3434199094772339 
946 5.052261590957642 0.0 0.0 0.0 -0.015531554818153381 -0.05273059010505676 -0.3434199094772339 
947 5.057497262954712 0.0 0.0 0.0 -0.01457282155752182 -0.050813112407922745 -0.3422694206237793 
948 5.062739372253418 0.0 0.0 0.0 -0.01457282155752182 -0.04947087913751602 -0.341694176197052 
949 5.068027019500732 0.0 0.0 0.0 -0.016298547387123108 -0.04832039400935173 -0.3405436873435974 
950 5.073267459869385 0.0 0.0 0.0 -0.019941754639148712 -0.04525243490934372 -0.3393931984901428 
951 5.078679800033569 0.0 0.0 0.0 -0.023201458156108856 -0.04141748324036598 -0.3388179540634155 
952 5.0840723514556885 0.0 0.0 0.0 -0.024160198867321014 -0.03681553900241852 -0.3380509614944458 
953 5.0894129276275635 0.0 0.0 0.0 -0.023393206298351288 -0.03355582803487778 -0.3376675248146057 
954 5.094688415527344 0.0 0.0 0.0 -0.02281796932220459 -0.03374757617712021 -0.33728402853012085 
955 5.100146055221558 0.0 0.0 0.0 -0.023201458156108856 -0.03604855015873909 -0.3365170359611511 
956 5.105473041534424 0.0 0.0 0.0 -0.023968450725078583 -0.03834952041506767 -0.3357500433921814 
957 5.1107494831085205 0.0 0.0 0.0 -0.023968450725078583 -0.040458742529153824 -0.3351747989654541 
958 5.11603307723999 0.0 0.0 0.0 -0.02300971746444702 -0.04256796836853027 -0.3345995545387268 
959 5.121269464492798 0.0 0.0 0.0 -0.022050976753234863 -0.043910201638936996 -0.3345995545387268 
960 5.126540184020996 0.0 0.0 0.0 -0.022050976753234863 -0.044868938624858856 -0.33498305082321167 
961 5.132003545761108 0.0 0.0 0.0 -0.02300971746444702 -0.045635927468538284 -0.3351747989654541 
962 5.1372973918914795 0.0 0.0 0.0 -0.025694184005260468 -0.046786412596702576 -0.33536654710769653 
963 5.1426379680633545 0.0 0.0 0.0 -0.026269420981407166 -0.04736165702342987 -0.3351747989654541 
964 5.147897720336914 0.0 0.0 0.0 -0.026461169123649597 -0.047745153307914734 -0.33479130268096924 
965 5.153147459030151 0.0 0.0 0.0 -0.026077672839164734 -0.048703890293836594 -0.33421605825424194 
966 5.158470630645752 0.0 0.0 0.0 -0.025694184005260468 -0.05004612356424332 -0.33364081382751465 
967 5.163702011108398 0.0 0.0 0.0 -0.025310687720775604 -0.0517718531191349 -0.3328738212585449 
968 5.168924808502197 0.0 0.0 0.0 -0.02473544329404831 -0.05349758081138134 -0.3322985768318176 
969 5.174139976501465 0.0 0.0 0.0 -0.023968450725078583 -0.05541505664587021 -0.33191508054733276 
970 5.179342985153198 0.0 0.0 0.0 -0.023201458156108856 -0.05752428062260151 -0.33172333240509033 
971 5.184691667556763 0.0 0.0 0.0 -0.022434473037719727 -0.059058260172605515 -0.33191508054733276 
972 5.190043210983276 0.0 0.0 0.0 -0.02185922861099243 -0.060016999021172523 -0.3321068286895752 
973 5.195379257202148 0.0 0.0 0.0 -0.02166748046875 -0.06059224158525467 -0.3326820731163025 
974 5.200628042221069 0.0 0.0 0.0 -0.02147573232650757 -0.06097573786973953 -0.3332573175430298 
975 5.205986738204956 0.0 0.0 0.0 -0.021092236042022705 -0.06155098043382168 -0.3340243101119995 
976 5.2112298011779785 0.0 0.0 0.0 -0.020708739757537842 -0.062317971140146255 -0.3345995545387268 
977 5.216442346572876 0.0 0.0 0.0 -0.020708739757537842 -0.062317971140146255 -0.3345995545387268 
978 5.2217631340026855 0.0 0.0 0.0 -0.01975000649690628 -0.06519418396055698 -0.33670878410339355 
979 5.2269980907440186 0.0 0.0 0.0 -0.019174762070178986 -0.06615292280912399 -0.3376675248146057 
980 5.23222279548645 0.0 0.0 0.0 -0.01859951764345169 -0.06711165979504585 -0.3386262059211731 
981 5.237577676773071 0.0 0.0 0.0 -0.017832525074481964 -0.06807039864361286 -0.33958494663238525 
982 5.242884397506714 0.0 0.0 0.0 -0.017449036240577698 -0.06922088377177715 -0.3405436873435974 
983 5.248174428939819 0.0 0.0 0.0 -0.017065539956092834 -0.07017962168902159 -0.34131067991256714 
984 5.253458499908447 0.0 0.0 0.0 -0.01668204367160797 -0.07133010774850845 -0.34207767248153687 
985 5.258665323257446 0.0 0.0 0.0 -0.01649029552936554 -0.07228884566575289 -0.3428446650505066 
986 5.263880014419556 0.0 0.0 0.0 -0.016298547387123108 -0.07305583637207747 -0.3434199094772339 
987 5.2691123485565186 0.0 0.0 0.0 -0.016106799244880676 -0.07382282614707947 -0.34380340576171875 
988 5.274327516555786 0.0 0.0 0.0 -0.015723302960395813 -0.07420632150024176 -0.3441869020462036 
989 5.279579401016235 0.0 0.0 0.0 -0.015531554818153381 -0.0747815640643239 -0.3445703983306885 
990 5.28480076789856 0.0 0.0 0.0 -0.015148058533668518 -0.07516505941748619 -0.3447621464729309 
991 5.290140628814697 0.0 0.0 0.0 -0.014764569699764252 -0.07554855477064848 -0.34495389461517334 
992 5.295503854751587 0.0 0.0 0.0 -0.014764569699764252 -0.07554855477064848 -0.34495389461517334 
993 5.3008131980896 0.0 0.0 0.0 -0.014381073415279388 -0.07631554547697306 -0.34514564275741577 
994 5.306228399276733 0.0 0.0 0.0 -0.014189325273036957 -0.07650729268789291 -0.34514564275741577 
995 5.311647891998291 0.0 0.0 0.0 -0.013805828988552094 -0.0768907880410552 -0.34495389461517334 
996 5.316920757293701 0.0 0.0 0.0 -0.013805828988552094 -0.0768907880410552 -0.34495389461517334 
997 5.322157859802246 0.0 0.0 0.0 -0.013614080846309662 -0.0768907880410552 -0.34437865018844604 
998 5.327375173568726 0.0 0.0 0.0 -0.01342233270406723 -0.0768907880410552 -0.3441869020462036 
999 5.332621812820435 0.0 0.0 0.0 -0.01342233270406723 -0.0768907880410552 -0.34380340576171875 
1000 5.337826251983643 0.0 0.0 0.0 -0.013230584561824799 -0.07669904083013535 -0.3434199094772339 
1001 5.343169689178467 0.0 0.0 0.0 -0.013038836419582367 -0.07650729268789291 -0.343036413192749 
1002 5.348522901535034 0.0 0.0 0.0 -0.013038836419582367 -0.07612379733473063 -0.34265291690826416 
1003 5.353808164596558 0.0 0.0 0.0 -0.012847088277339935 -0.07593205012381077 -0.3422694206237793 
1004 5.3590593338012695 0.0 0.0 0.0 -0.012463599443435669 -0.07593205012381077 -0.34188592433929443 
1005 5.364354848861694 0.0 0.0 0.0 -0.012463599443435669 -0.07554855477064848 -0.341694176197052 
1006 5.369567632675171 0.0 0.0 0.0 -0.012080103158950806 -0.07535680755972862 -0.34131067991256714 
1007 5.3747618198394775 0.0 0.0 0.0 -0.012080103158950806 -0.07535680755972862 -0.34131067991256714 
1008 5.379969358444214 0.0 0.0 0.0 -0.011696606874465942 -0.07458981685340405 -0.3405436873435974 
1009 5.385160207748413 0.0 0.0 0.0 -0.011696606874465942 -0.0740145742893219 -0.34016019105911255 
1010 5.3903656005859375 0.0 0.0 0.0 -0.011696606874465942 -0.07343933172523975 -0.3399684429168701 
1011 5.395712614059448 0.0 0.0 0.0 -0.011696606874465942 -0.07286408822983503 -0.33958494663238525 
1012 5.401021957397461 0.0 0.0 0.0 -0.01150485873222351 -0.07209709845483303 -0.33900970220565796 
1013 5.4063873291015625 0.0 0.0 0.0 -0.01150485873222351 -0.07152185495942831 -0.3386262059211731 
1014 5.411758899688721 0.0 0.0 0.0 -0.01150485873222351 -0.07075486518442631 -0.33824270963668823 
1015 5.417029619216919 0.0 0.0 0.0 -0.01150485873222351 -0.06941263191401958 -0.33728402853012085 
1016 5.422245025634766 0.0 0.0 0.0 -0.01150485873222351 -0.06864564120769501 -0.33670878410339355 
1017 5.427476406097412 0.0 0.0 0.0 -0.01150485873222351 -0.06787865050137043 -0.33613353967666626 
1018 5.432713031768799 0.0 0.0 0.0 -0.01150485873222351 -0.06711165979504585 -0.33555829524993896 
1019 5.437972784042358 0.0 0.0 0.0 -0.011313110589981079 -0.06634466908872128 -0.33498305082321167 
1020 5.443189859390259 0.0 0.0 0.0 -0.011313110589981079 -0.06557768024504185 -0.3344078063964844 
1021 5.44858193397522 0.0 0.0 0.0 -0.011121362447738647 -0.06481068953871727 -0.3338325619697571 
1022 5.453863859176636 0.0 0.0 0.0 -0.011121362447738647 -0.06481068953871727 -0.3338325619697571 
1023 5.459158182144165 0.0 0.0 0.0 -0.010929614305496216 -0.06327670812606812 -0.33249032497406006 
1024 5.464411973953247 0.0 0.0 0.0 -0.010737866163253784 -0.06250971741974354 -0.33191508054733276 
1025 5.469782114028931 0.0 0.0 0.0 -0.010546118021011353 -0.06155098043382168 -0.33133983612060547 
1026 5.475065469741821 0.0 0.0 0.0 -0.010354369878768921 -0.0607839897274971 -0.33057284355163574 
1027 5.480311155319214 0.0 0.0 0.0 -0.01016262173652649 -0.05982525087893009 -0.32999759912490845 
1028 5.485524654388428 0.0 0.0 0.0 -0.009970873594284058 -0.05886651389300823 -0.3292306065559387 
1029 5.490727186203003 0.0 0.0 0.0 -0.009779132902622223 -0.058099523186683655 -0.3286553621292114 
1030 5.495934247970581 0.0 0.0 0.0 -0.00939563661813736 -0.057140784338116646 -0.3278883695602417 
1031 5.501282691955566 0.0 0.0 0.0 -0.009203888475894928 -0.05637379363179207 -0.327121376991272 
1032 5.506565809249878 0.0 0.0 0.0 -0.008820392191410065 -0.05541505664587021 -0.3265461325645447 
1033 5.512051343917847 0.0 0.0 0.0 0.0 -0.05368932895362377 -0.3250121474266052 
1034 5.517322301864624 0.0 0.0 0.0 0.0 -0.05368932895362377 -0.3250121474266052 
1035 5.522602558135986 0.0 0.0 0.0 0.0 -0.05273059010505676 -0.3242451548576355 
1036 5.52802038192749 0.0 0.0 0.0 0.0 -0.051004860550165176 -0.32271116971969604 
1037 5.533340930938721 0.0 0.0 0.0 0.0 -0.051004860550165176 -0.32271116971969604 
1038 5.538554906845093 0.0 0.0 0.0 0.0 -0.04908738657832146 -0.321368932723999 
1039 5.543787956237793 0.0 0.0 0.0 0.0 -0.0481286458671093 -0.3206019401550293 
1040 5.549025535583496 0.0 0.0 0.0 0.0 -0.04736165702342987 -0.320026695728302 
1041 5.554461479187012 0.0 0.0 0.0 0.0 -0.04659466817975044 -0.3194514513015747 
1042 5.55974555015564 0.0 0.0 0.0 0.0 -0.045635927468538284 -0.3188762068748474 
1043 5.565034627914429 0.0 0.0 0.0 0.0 -0.044868938624858856 -0.3183009624481201 
1044 5.570250749588013 0.0 0.0 0.0 0.0 -0.04410194605588913 -0.31791746616363525 
1045 5.57553243637085 0.0 0.0 0.0 0.0 -0.0433349572122097 -0.3175339698791504 
1046 5.5807411670684814 0.0 0.0 0.0 0.0 -0.04256796836853027 -0.3171504735946655 
1047 5.5859551429748535 0.0 0.0 0.0 0.0 -0.04199272394180298 -0.31676703691482544 
1048 5.5912933349609375 0.0 0.0 0.0 0.0 -0.04122573509812355 -0.316575288772583 
1049 5.596529245376587 0.0 0.0 0.0 0.0 -0.040650490671396255 -0.3163835406303406 
1050 5.6017725467681885 0.0 0.0 0.0 0.0 -0.03988350182771683 -0.31619179248809814 
1051 5.607350826263428 0.0 0.0 0.0 0.0 -0.03930825740098953 -0.31619179248809814 
1052 5.612776756286621 0.0 0.0 0.0 0.0 -0.03815777227282524 -0.3160000443458557 
1053 5.618142127990723 0.0 0.0 0.0 0.0 -0.03624029457569122 -0.3160000443458557 
1054 5.6233837604522705 0.0 0.0 0.0 0.0 -0.03566505387425423 -0.3160000443458557 
1055 5.628616094589233 0.0 0.0 0.0 0.0 -0.03470631688833237 -0.3160000443458557 
1056 5.633962631225586 0.0 0.0 0.0 0.0 -0.03413107246160507 -0.3160000443458557 
1057 5.639306545257568 0.0 0.0 0.0 0.0 -0.03298058733344078 -0.3160000443458557 
1058 5.644586563110352 0.0 0.0 0.0 0.0 -0.03259709104895592 -0.31619179248809814 
1059 5.649794101715088 0.0 0.0 0.0 0.0 -0.03259709104895592 -0.31619179248809814 
1060 5.655000448226929 0.0 0.0 0.0 0.0 -0.03163835406303406 -0.31619179248809814 
1061 5.660322666168213 0.0 0.0 0.0 0.0 -0.030296120792627335 -0.3163835406303406 
1062 5.6655943393707275 0.0 0.0 0.0 0.0 -0.02972087636590004 -0.316575288772583 
1063 5.670932054519653 0.0 0.0 0.0 0.0 -0.02895388752222061 -0.316575288772583 
1064 5.676164627075195 0.0 0.0 0.0 0.0 -0.02857039123773575 -0.316575288772583 
1065 5.681400537490845 0.0 0.0 0.0 0.0 -0.02761165425181389 -0.316575288772583 
1066 5.6866748332977295 0.0 0.0 0.0 0.0 -0.027228157967329025 -0.316575288772583 
1067 5.692012310028076 0.0 0.0 0.0 0.0 -0.026461169123649597 -0.316575288772583 
1068 5.697261333465576 0.0 0.0 0.0 0.0 -0.026077672839164734 -0.31676703691482544 
1069 5.70259690284729 0.0 0.0 0.0 0.0 -0.025310683995485306 -0.316575288772583 
1070 5.707885265350342 0.0 0.0 0.0 0.0 -0.024160198867321014 -0.316575288772583 
1071 5.7132322788238525 0.0 0.0 0.0 0.0 -0.023968450725078583 -0.316575288772583 
1072 5.718639373779297 0.0 0.0 0.0 0.0 -0.023201458156108856 -0.316575288772583 
1073 5.723928451538086 0.0 0.0 0.0 0.0 -0.02281796559691429 -0.316575288772583 
1074 5.729167222976685 0.0 0.0 0.0 0.0 -0.02281796559691429 -0.316575288772583 
1075 5.734366178512573 0.0 0.0 0.0 0.0 -0.02166748046875 -0.316575288772583 
1076 5.739619493484497 0.0 0.0 0.0 0.0 -0.020900487899780273 -0.316575288772583 
1077 5.744873046875 0.0 0.0 0.0 0.0 -0.020708739757537842 -0.316575288772583 
1078 5.7501678466796875 0.0 0.0 0.0 0.0 -0.019749999046325684 -0.316575288772583 
1079 5.755391836166382 0.0 0.0 0.0 0.0 -0.019749999046325684 -0.316575288772583 
1080 5.760721206665039 0.0 0.0 0.0 0.0 -0.018983013927936554 -0.316575288772583 
1081 5.766134738922119 0.0 0.0 0.0 0.0 -0.018791265785694122 -0.316575288772583 
1082 5.7715184688568115 0.0 0.0 0.0 0.008820388466119766 -0.018024273216724396 -0.3163835406303406 
1083 5.7768003940582275 0.0 0.0 0.0 0.0 -0.018024273216724396 -0.3163835406303406 
1084 5.782030344009399 0.0 0.0 0.0 0.009012136608362198 -0.0174490287899971 -0.3163835406303406 
1085 5.78725528717041 0.0 0.0 0.0 0.008820388466119766 -0.0174490287899971 -0.3163835406303406 
1086 5.7924792766571045 0.0 0.0 0.0 0.0 -0.017065532505512238 -0.3163835406303406 
1087 5.797706365585327 0.0 0.0 0.0 0.0 -0.017065532505512238 -0.3163835406303406 
1088 5.802946090698242 0.0 0.0 0.0 0.0 -0.016873791813850403 -0.3163835406303406 
1089 5.8081769943237305 0.0 0.0 0.0 0.0 -0.016873791813850403 -0.3163835406303406 
1090 5.813563823699951 0.0 0.0 0.0 0.0 -0.016873791813850403 -0.31619179248809814 
1091 5.819320440292358 0.0 0.0 0.0 0.0 -0.01668204367160797 -0.31619179248809814 
1092 5.824702262878418 0.0 0.0 0.0 0.0 -0.016873791813850403 -0.31619179248809814 
1093 5.8300087451934814 0.0 0.0 0.0 0.0 -0.01668204367160797 -0.31619179248809814 
1094 5.835233449935913 0.0 0.0 0.0 0.0 -0.017065532505512238 -0.31619179248809814 
1095 5.840475797653198 0.0 0.0 0.0 0.0 -0.017065532505512238 -0.31619179248809814 
1096 5.845696687698364 0.0 0.0 0.0 0.0 -0.01725728064775467 -0.31619179248809814 
1097 5.8509016036987305 0.0 0.0 0.0 0.0 -0.01725728064775467 -0.3160000443458557 
1098 5.856142044067383 0.0 0.0 0.0 0.0 -0.017640776932239532 -0.3160000443458557 
1099 5.861380338668823 0.0 0.0 0.0 0.0 -0.017832525074481964 -0.3160000443458557 
1100 5.866603136062622 0.0 0.0 0.0 0.0 -0.018024273216724396 -0.3160000443458557 
1101 5.872180938720703 0.0 0.0 0.0 0.0 -0.018216021358966827 -0.3160000443458557 
1102 5.877691030502319 0.0 0.0 0.0 0.0 -0.01840776950120926 -0.3160000443458557 
1103 5.8831377029418945 0.0 0.0 0.0 0.0 -0.01859951764345169 -0.3158082962036133 
1104 5.8883442878723145 0.0 0.0 0.0 0.0 -0.01859951764345169 -0.3158082962036133 
1105 5.893564224243164 0.0 0.0 0.0 0.0 -0.018983013927936554 -0.3158082962036133 
1106 5.898755073547363 0.0 0.0 0.0 0.0 -0.018983013927936554 -0.31561654806137085 
1107 5.903963804244995 0.0 0.0 0.0 0.0 -0.019174762070178986 -0.31561654806137085 
1108 5.909190654754639 0.0 0.0 0.0 0.0 -0.019174762070178986 -0.31561654806137085 
1109 5.9144251346588135 0.0 0.0 0.0 0.0 -0.019174762070178986 -0.31561654806137085 
1110 5.919872760772705 0.0 0.0 0.0 0.0 -0.019366510212421417 -0.31561654806137085 
1111 5.925360202789307 0.0 0.0 0.0 0.0 -0.019366510212421417 -0.31561654806137085 
1112 5.930660724639893 0.0 0.0 0.0 0.0 -0.019366510212421417 -0.31561654806137085 
1113 5.935950517654419 0.0 0.0 0.0 0.0 -0.019366510212421417 -0.31561654806137085 
1114 5.941187858581543 0.0 0.0 0.0 0.0 -0.019366510212421417 -0.31561654806137085 
1115 5.946427345275879 0.0 0.0 0.0 0.0 -0.019174762070178986 -0.31561654806137085 
1116 5.951655626296997 0.0 0.0 0.0 0.0 -0.018983013927936554 -0.31561654806137085 
1117 5.956951141357422 0.0 0.0 0.0 0.0 -0.018983013927936554 -0.31561654806137085 
1118 5.962173223495483 0.0 0.0 0.0 0.0 -0.018791265785694122 -0.31561654806137085 
1119 5.967367649078369 0.0 0.0 0.0 0.0 -0.01859951764345169 -0.3158082962036133 
1120 5.972631454467773 0.0 0.0 0.0 0.0 -0.01840776950120926 -0.3158082962036133 
1121 5.9779908657073975 0.0 0.0 0.0 0.0 -0.018024273216724396 -0.3158082962036133 
1122 5.9832844734191895 0.0 0.0 0.0 0.0 -0.017832525074481964 -0.3158082962036133 
1123 5.988578796386719 0.0 0.0 0.0 0.0 -0.017640776932239532 -0.3158082962036133 
1124 5.993785381317139 0.0 0.0 0.0 0.0 -0.01725728064775467 -0.3158082962036133 
1125 5.99898099899292 0.0 0.0 0.0 0.0 -0.017065532505512238 -0.3158082962036133 
1126 6.004209756851196 0.0 0.0 0.0 0.0 -0.016873791813850403 -0.3158082962036133 
1127 6.009403467178345 0.0 0.0 0.0 0.0 -0.01668204367160797 -0.3158082962036133 
1128 6.014608144760132 0.0 0.0 0.0 0.0 -0.016298547387123108 -0.3158082962036133 
1129 6.019942998886108 0.0 0.0 0.0 0.0 -0.016106799244880676 -0.3158082962036133 
1130 6.025339365005493 0.0 0.0 0.0 0.0 -0.015723302960395813 -0.3158082962036133 
1131 6.030759811401367 0.0 0.0 0.0 0.0 -0.01533980667591095 -0.3158082962036133 
1132 6.036054372787476 0.0 0.0 0.0 0.0 -0.015148058533668518 -0.3158082962036133 
1133 6.041399002075195 0.0 0.0 0.0 0.0 -0.014764562249183655 -0.3158082962036133 
1134 6.0466296672821045 0.0 0.0 0.0 0.0 -0.014381065964698792 -0.3158082962036133 
1135 6.0518505573272705 0.0 0.0 0.0 0.0 -0.014381065964698792 -0.3158082962036133 
1136 6.05705189704895 0.0 0.0 0.0 0.0 -0.013614080846309662 -0.31561654806137085 
1137 6.062250137329102 0.0 0.0 0.0 0.0 -0.01342233270406723 -0.31561654806137085 
1138 6.067538738250732 0.0 0.0 0.0 0.0 -0.013038836419582367 -0.3154247999191284 
1139 6.072785139083862 0.0 0.0 0.0 0.0 -0.01227184385061264 -0.315233051776886 
1140 6.077990770339966 0.0 0.0 0.0 0.0 -0.01227184385061264 -0.315233051776886 
1141 6.083563566207886 0.0 0.0 0.0 0.0 -0.01150485873222351 -0.31504130363464355 
1142 6.088841199874878 0.0 0.0 0.0 0.0 -0.011121362447738647 -0.31504130363464355 
1143 6.094135046005249 0.0 0.0 0.0 0.0 -0.010737866163253784 -0.3148495554924011 
1144 6.099370241165161 0.0 0.0 0.0 0.0 -0.010354369878768921 -0.3148495554924011 
1145 6.104663848876953 0.0 0.0 0.0 0.0 -0.009970873594284058 -0.3146578073501587 
1146 6.109876871109009 0.0 0.0 0.0 0.0 -0.009395629167556763 -0.3146578073501587 
1147 6.115082263946533 0.0 0.0 0.0 0.0 -0.009203881025314331 -0.31446605920791626 
1148 6.120315313339233 0.0 0.0 0.0 0.0 0.0 -0.31446605920791626 
1149 6.125540494918823 0.0 0.0 0.0 0.0 0.0 -0.31427431106567383 
1150 6.130900859832764 0.0 0.0 0.0 0.0 0.0 -0.31427431106567383 
1151 6.136288642883301 0.0 0.0 0.0 0.0 0.0 -0.3140825629234314 
1152 6.141619682312012 0.0 0.0 0.0 0.0 0.0 -0.31389081478118896 
1153 6.146952867507935 0.0 0.0 0.0 0.0 0.0 -0.31369906663894653 
1154 6.152278900146484 0.0 0.0 0.0 -0.008820392191410065 0.0 -0.3135073184967041 
1155 6.157700300216675 0.0 0.0 0.0 -0.009012140333652496 0.0 -0.3135073184967041 
1156 6.163116931915283 0.0 0.0 0.0 -0.009012140333652496 0.0 -0.31331557035446167 
1157 6.168363094329834 0.0 0.0 0.0 -0.009203888475894928 0.0 -0.3129320740699768 
1158 6.173622131347656 0.0 0.0 0.0 -0.00939563661813736 0.0 -0.31254857778549194 
1159 6.178821086883545 0.0 0.0 0.0 -0.00939563661813736 0.0 -0.3123568296432495 
1160 6.184041500091553 0.0 0.0 0.0 -0.00939563661813736 0.0 -0.3121650815010071 
1161 6.189373970031738 0.0 0.0 0.0 -0.00939563661813736 0.0 -0.3117815852165222 
1162 6.1946539878845215 0.0 0.0 0.0 -0.00939563661813736 0.0 -0.3115898370742798 
1163 6.199958801269531 0.0 0.0 0.0 -0.009587384760379791 0.0 -0.3112063407897949 
1164 6.205190181732178 0.0 0.0 0.0 -0.00939563661813736 0.0 -0.3110145926475525 
1165 6.21042537689209 0.0 0.0 0.0 -0.00939563661813736 0.0 -0.3106310963630676 
1166 6.2156455516815186 0.0 0.0 0.0 -0.00939563661813736 0.0 -0.31024760007858276 
1167 6.220899343490601 0.0 0.0 0.0 -0.00939563661813736 0.0 -0.31005585193634033 
1168 6.22613263130188 0.0 0.0 0.0 -0.00939563661813736 0.0 -0.30967235565185547 
1169 6.231539011001587 0.0 0.0 0.0 -0.00939563661813736 0.0 -0.30948060750961304 
1170 6.236868143081665 0.0 0.0 0.0 -0.00939563661813736 0.0 -0.3092888593673706 
1171 6.242239713668823 0.0 0.0 0.0 -0.00939563661813736 0.0 -0.30890536308288574 
1172 6.24764609336853 0.0 0.0 0.0 -0.009203888475894928 0.0 -0.3087136149406433 
1173 6.252981662750244 0.0 0.0 0.0 -0.009203888475894928 0.0 -0.3085218667984009 
1174 6.258210182189941 0.0 0.0 0.0 -0.009203888475894928 0.0 -0.308138370513916 
1175 6.263524532318115 0.0 0.0 0.0 -0.009203888475894928 0.0 -0.3079466223716736 
1176 6.2687366008758545 0.0 0.0 0.0 -0.009012140333652496 0.0 -0.30775487422943115 
1177 6.27393102645874 0.0 0.0 0.0 -0.009012140333652496 0.0 -0.30775487422943115 
1178 6.27916407585144 0.0 0.0 0.0 -0.008820392191410065 0.0 -0.3075631260871887 
1179 6.284372329711914 0.0 0.0 0.0 -0.008820392191410065 0.0 -0.3075631260871887 
1180 6.289592027664185 0.0 0.0 0.0 -0.008820392191410065 0.0 -0.3075631260871887 
1181 6.294937610626221 0.0 0.0 0.0 0.0 0.0 -0.3075631260871887 
1182 6.300201177597046 0.0 0.0 0.0 0.0 0.0 -0.3075631260871887 
1183 6.3055031299591064 0.0 0.0 0.0 0.0 0.0 -0.3075631260871887 
1184 6.310730218887329 0.0 0.0 0.0 0.0 0.0 -0.3075631260871887 
1185 6.3159565925598145 0.0 0.0 0.0 0.0 0.0 -0.30775487422943115 
1186 6.321177005767822 0.0 0.0 0.0 0.0 0.0 -0.30775487422943115 
1187 6.326423406600952 0.0 0.0 0.0 0.0 0.0 -0.3079466223716736 
1188 6.331663608551025 0.0 0.0 0.0 0.0 0.0 -0.308138370513916 
1189 6.337014198303223 0.0 0.0 0.0 0.0 0.0 -0.308138370513916 
1190 6.342257976531982 0.0 0.0 0.0 0.0 0.0 -0.308138370513916 
1191 6.34763765335083 0.0 0.0 0.0 0.0 0.0 -0.30833011865615845 
1192 6.352984428405762 0.0 0.0 0.0 0.0 0.0 -0.30833011865615845 
1193 6.358288764953613 0.0 0.0 0.0 0.0 0.0 -0.30833011865615845 
1194 6.363633871078491 0.0 0.0 0.0 0.0 0.0 -0.30833011865615845 
1195 6.368844747543335 0.0 0.0 0.0 0.0 0.0 -0.30833011865615845 
1196 6.374064207077026 0.0 0.0 0.0 0.0 0.0 -0.30833011865615845 
1197 6.3794286251068115 0.0 0.0 0.0 0.0 0.0 -0.30833011865615845 
1198 6.384656190872192 0.0 0.0 0.0 0.0 0.0 -0.308138370513916 
1199 6.389876365661621 0.0 0.0 0.0 0.0 0.0 -0.308138370513916 
1200 6.395094633102417 0.0 0.0 0.0 0.0 0.0 -0.308138370513916 
1201 6.400427579879761 0.0 0.0 0.0 0.0 0.0 -0.308138370513916 
1202 6.4057066440582275 0.0 0.0 0.0 0.0 0.0 -0.308138370513916 
1203 6.410997629165649 0.0 0.0 0.0 0.0 0.0 -0.308138370513916 
1204 6.416227340698242 0.0 0.0 0.0 0.0 -0.008820392191410065 -0.308138370513916 
1205 6.421530485153198 0.0 0.0 0.0 0.0 -0.009203881025314331 -0.308138370513916 
1206 6.426767349243164 0.0 0.0 0.0 0.0 -0.009395629167556763 -0.308138370513916 
1207 6.432023286819458 0.0 0.0 0.0 0.0 -0.009779125452041626 -0.308138370513916 
1208 6.4374144077301025 0.0 0.0 0.0 0.0 -0.01016262173652649 -0.308138370513916 
1209 6.44271183013916 0.0 0.0 0.0 0.0 -0.010354369878768921 -0.308138370513916 
1210 6.447929859161377 0.0 0.0 0.0 0.0 -0.010737866163253784 -0.30833011865615845 
1211 6.453304052352905 0.0 0.0 0.0 0.0 -0.010929614305496216 -0.30833011865615845 
1212 6.458608865737915 0.0 0.0 0.0 0.0 -0.01150485873222351 -0.3085218667984009 
1213 6.463902950286865 0.0 0.0 0.0 0.0 -0.011696599423885345 -0.3085218667984009 
1214 6.469134569168091 0.0 0.0 0.0 0.0 -0.012080095708370209 -0.3087136149406433 
1215 6.474363565444946 0.0 0.0 0.0 0.0 -0.01227184385061264 -0.3087136149406433 
1216 6.47961688041687 0.0 0.0 0.0 0.0 -0.012463591992855072 -0.30890536308288574 
1217 6.484832763671875 0.0 0.0 0.0 0.0 -0.012655340135097504 -0.30890536308288574 
1218 6.490027666091919 0.0 0.0 0.0 0.0 -0.012847088277339935 -0.3090971112251282 
1219 6.495221376419067 0.0 0.0 0.0 0.0 -0.013038836419582367 -0.3090971112251282 
1220 6.500442981719971 0.0 0.0 0.0 0.0 -0.01342233270406723 -0.3090971112251282 
1221 6.505772113800049 0.0 0.0 0.0 0.0 -0.013614080846309662 -0.3092888593673706 
1222 6.511024475097656 0.0 0.0 0.0 0.0 -0.013805828988552094 -0.3092888593673706 
1223 6.516336679458618 0.0 0.0 0.0 0.0 -0.013805828988552094 -0.30948060750961304 
1224 6.521582841873169 0.0 0.0 0.0 0.0 -0.013997577130794525 -0.30948060750961304 
1225 6.526921510696411 0.0 0.0 0.0 0.0 -0.014189325273036957 -0.30948060750961304 
1226 6.5322184562683105 0.0 0.0 0.0 0.0 -0.014381065964698792 -0.30948060750961304 
1227 6.537463665008545 0.0 0.0 0.0 0.0 -0.014572814106941223 -0.30948060750961304 
1228 6.542821884155273 0.0 0.0 0.0 0.0 -0.014572814106941223 -0.30948060750961304 
1229 6.548215627670288 0.0 0.0 0.0 0.0 -0.014764562249183655 -0.30948060750961304 
1230 6.553635597229004 0.0 0.0 0.0 0.0 -0.014956310391426086 -0.30948060750961304 
1231 6.559229612350464 0.0 0.0 0.0 0.0 -0.015148058533668518 -0.30948060750961304 
1232 6.564633369445801 0.0 0.0 0.0 0.0 -0.015148058533668518 -0.30948060750961304 
1233 6.570048809051514 0.0 0.0 0.0 0.0 -0.015148058533668518 -0.30948060750961304 
1234 6.5754876136779785 0.0 0.0 0.0 0.0 -0.015148058533668518 -0.30948060750961304 
1235 6.580949306488037 0.0 0.0 0.0 0.0 -0.015148058533668518 -0.30948060750961304 
1236 6.586396932601929 0.0 0.0 0.0 0.0 -0.015148058533668518 -0.30948060750961304 
1237 6.591832876205444 0.0 0.0 0.0 0.0 -0.01533980667591095 -0.3092888593673706 
1238 6.597289562225342 0.0 0.0 0.0 0.0 -0.01533980667591095 -0.3092888593673706 
1239 6.602722644805908 0.0 0.0 0.0 0.0 -0.01533980667591095 -0.3092888593673706 
1240 6.608163118362427 0.0 0.0 0.0 0.0 -0.01533980667591095 -0.3092888593673706 
1241 6.613865613937378 0.0 0.0 0.0 0.0 -0.01533980667591095 -0.3092888593673706 
1242 6.619352102279663 0.0 0.0 0.0 0.0 -0.01533980667591095 -0.3092888593673706 
1243 6.624772787094116 0.0 0.0 0.0 0.0 -0.01533980667591095 -0.3092888593673706 
1244 6.630201816558838 0.0 0.0 0.0 0.0 -0.01533980667591095 -0.3092888593673706 
1245 6.635647296905518 0.0 0.0 0.0 0.0 -0.01533980667591095 -0.3092888593673706 
1246 6.641641855239868 0.0 0.0 0.0 0.0 -0.01533980667591095 -0.3092888593673706 
1247 6.647494792938232 0.0 0.0 0.0 0.0 -0.01533980667591095 -0.3092888593673706 
1248 6.653440237045288 0.0 0.0 0.0 0.0 -0.01533980667591095 -0.3092888593673706 
1249 6.659273624420166 0.0 0.0 0.0 0.0 -0.015148058533668518 -0.3092888593673706 
1250 6.664816617965698 0.0 0.0 0.0 0.0 -0.015148058533668518 -0.3092888593673706 
1251 6.670452833175659 0.0 0.0 0.0 0.0 -0.015148058533668518 -0.3092888593673706 
1252 6.676077842712402 0.0 0.0 0.0 0.0 -0.015148058533668518 -0.3092888593673706 
1253 6.68241024017334 0.0 0.0 0.0 0.0 -0.015148058533668518 -0.3092888593673706 
1254 6.6881103515625 0.0 0.0 0.0 0.0 -0.015148058533668518 -0.3092888593673706 
1255 6.694275617599487 0.0 0.0 0.0 0.0 -0.014956310391426086 -0.3090971112251282 
1256 6.700348854064941 0.0 0.0 0.0 0.0 -0.014956310391426086 -0.3090971112251282 
1257 6.705695629119873 0.0 0.0 0.0 0.0 -0.014956310391426086 -0.3090971112251282 
1258 6.710982799530029 0.0 0.0 0.0 0.0 -0.014956310391426086 -0.3090971112251282 
1259 6.7162134647369385 0.0 0.0 0.0 0.0 -0.014956310391426086 -0.3090971112251282 
1260 6.721445083618164 0.0 0.0 0.0 0.0 -0.014956310391426086 -0.3090971112251282 
1261 6.7270355224609375 0.0 0.0 0.0 0.0 -0.014956310391426086 -0.3090971112251282 
1262 6.732480525970459 0.0 0.0 0.0 0.0 -0.014956310391426086 -0.3090971112251282 
1263 6.738418102264404 0.0 0.0 0.0 -0.00939563661813736 -0.014956310391426086 -0.3090971112251282 
1264 6.743903398513794 0.0 0.0 0.0 -0.01016262173652649 -0.014956310391426086 -0.30890536308288574 
1265 6.749253511428833 0.0 0.0 0.0 -0.010546118021011353 -0.014956310391426086 -0.30890536308288574 
1266 6.754652500152588 0.0 0.0 0.0 -0.010737866163253784 -0.014956310391426086 -0.30890536308288574 
1267 6.760045051574707 0.0 0.0 0.0 -0.011121362447738647 -0.014956310391426086 -0.3087136149406433 
1268 6.765300750732422 0.0 0.0 0.0 -0.01150485873222351 -0.014764562249183655 -0.3087136149406433 
1269 6.771897077560425 0.0 0.0 0.0 -0.01150485873222351 -0.014764562249183655 -0.3087136149406433 
1270 6.777439832687378 0.0 0.0 0.0 -0.012271851301193237 -0.014764562249183655 -0.3085218667984009 
1271 6.782848596572876 0.0 0.0 0.0 -0.012463599443435669 -0.014764562249183655 -0.3085218667984009 
1272 6.788132667541504 0.0 0.0 0.0 -0.012847088277339935 -0.014764562249183655 -0.30833011865615845 
1273 6.793579578399658 0.0 0.0 0.0 -0.01342233270406723 -0.014764562249183655 -0.30833011865615845 
1274 6.798811674118042 0.0 0.0 0.0 -0.01342233270406723 -0.014764562249183655 -0.30833011865615845 
1275 6.804042339324951 0.0 0.0 0.0 -0.014189325273036957 -0.014764562249183655 -0.30833011865615845 
1276 6.809259653091431 0.0 0.0 0.0 -0.014381073415279388 -0.014572814106941223 -0.30833011865615845 
1277 6.814488410949707 0.0 0.0 0.0 -0.01457282155752182 -0.014572814106941223 -0.30833011865615845 
1278 6.8197503089904785 0.0 0.0 0.0 -0.014956317842006683 -0.014381065964698792 -0.30833011865615845 
1279 6.825153350830078 0.0 0.0 0.0 -0.015148058533668518 -0.014381065964698792 -0.30833011865615845 
1280 6.830528974533081 0.0 0.0 0.0 -0.01533980667591095 -0.014381065964698792 -0.30833011865615845 
1281 6.835936069488525 0.0 0.0 0.0 -0.015531554818153381 -0.014189325273036957 -0.30833011865615845 
1282 6.841211557388306 0.0 0.0 0.0 -0.015723302960395813 -0.014189325273036957 -0.30833011865615845 
1283 6.846498250961304 0.0 0.0 0.0 -0.015915051102638245 -0.013997577130794525 -0.30833011865615845 
1284 6.851858854293823 0.0 0.0 0.0 -0.016106799244880676 -0.013805828988552094 -0.30833011865615845 
1285 6.85707688331604 0.0 0.0 0.0 -0.016298547387123108 -0.013805828988552094 -0.30833011865615845 
1286 6.862293720245361 0.0 0.0 0.0 -0.01649029552936554 -0.013614080846309662 -0.30833011865615845 
1287 6.867545127868652 0.0 0.0 0.0 -0.01668204367160797 -0.013614080846309662 -0.30833011865615845 
1288 6.872769594192505 0.0 0.0 0.0 -0.01668204367160797 -0.01342233270406723 -0.30833011865615845 
1289 6.878033638000488 0.0 0.0 0.0 -0.016873791813850403 -0.013230584561824799 -0.30833011865615845 
1290 6.8833770751953125 0.0 0.0 0.0 -0.017065539956092834 -0.013038836419582367 -0.30833011865615845 
1291 6.888795852661133 0.0 0.0 0.0 -0.017065539956092834 -0.013038836419582367 -0.30833011865615845 
1292 6.894147157669067 0.0 0.0 0.0 -0.017257288098335266 -0.012847088277339935 -0.30833011865615845 
1293 6.899457693099976 0.0 0.0 0.0 -0.017257288098335266 -0.012655340135097504 -0.30833011865615845 
1294 6.904681444168091 0.0 0.0 0.0 -0.017449036240577698 -0.012655340135097504 -0.30833011865615845 
1295 6.909887075424194 0.0 0.0 0.0 -0.017449036240577698 -0.012463591992855072 -0.30833011865615845 
1296 6.915099859237671 0.0 0.0 0.0 -0.017449036240577698 -0.01227184385061264 -0.30833011865615845 
1297 6.920322895050049 0.0 0.0 0.0 -0.01764078438282013 -0.01227184385061264 -0.30833011865615845 
1298 6.9255359172821045 0.0 0.0 0.0 -0.01764078438282013 -0.012080095708370209 -0.30833011865615845 
1299 6.9307332038879395 0.0 0.0 0.0 -0.01764078438282013 -0.012080095708370209 -0.30833011865615845 
1300 6.935996055603027 0.0 0.0 0.0 -0.01764078438282013 -0.012080095708370209 -0.30833011865615845 
1301 6.9413323402404785 0.0 0.0 0.0 -0.01764078438282013 -0.011888347566127777 -0.30833011865615845 
1302 6.9466071128845215 0.0 0.0 0.0 -0.01764078438282013 -0.011888347566127777 -0.30833011865615845 
1303 6.951992988586426 0.0 0.0 0.0 -0.01764078438282013 -0.011888347566127777 -0.30833011865615845 
1304 6.9572999477386475 0.0 0.0 0.0 -0.01764078438282013 -0.011888347566127777 -0.30833011865615845 
1305 6.962573289871216 0.0 0.0 0.0 -0.01764078438282013 -0.011696599423885345 -0.30833011865615845 
1306 6.967897653579712 0.0 0.0 0.0 -0.01764078438282013 -0.011696599423885345 -0.30833011865615845 
1307 6.973127603530884 0.0 0.0 0.0 -0.01764078438282013 -0.011696599423885345 -0.30833011865615845 
1308 6.978337049484253 0.0 0.0 0.0 -0.01764078438282013 -0.011696599423885345 -0.30833011865615845 
1309 6.983638525009155 0.0 0.0 0.0 -0.01764078438282013 -0.01150485873222351 -0.30833011865615845 
1310 6.988882780075073 0.0 0.0 0.0 -0.01764078438282013 -0.01150485873222351 -0.30833011865615845 
1311 6.994230508804321 0.0 0.0 0.0 -0.01764078438282013 -0.01150485873222351 -0.30833011865615845 
1312 6.999528408050537 0.0 0.0 0.0 -0.017832525074481964 -0.01150485873222351 -0.30833011865615845 
1313 7.004812240600586 0.0 0.0 0.0 -0.017832525074481964 -0.01150485873222351 -0.30833011865615845 
1314 7.010205030441284 0.0 0.0 0.0 -0.017832525074481964 -0.01150485873222351 -0.30833011865615845 
1315 7.01556134223938 0.0 0.0 0.0 -0.01764078438282013 -0.011696599423885345 -0.30833011865615845 
1316 7.020849704742432 0.0 0.0 0.0 -0.01764078438282013 -0.011696599423885345 -0.308138370513916 
1317 7.026095390319824 0.0 0.0 0.0 -0.01764078438282013 -0.011888347566127777 -0.308138370513916 
1318 7.031307697296143 0.0 0.0 0.0 -0.01764078438282013 -0.011888347566127777 -0.308138370513916 
1319 7.036593675613403 0.0 0.0 0.0 -0.01764078438282013 -0.012080095708370209 -0.308138370513916 
1320 7.041860342025757 0.0 0.0 0.0 -0.01764078438282013 -0.012080095708370209 -0.308138370513916 
1321 7.047199487686157 0.0 0.0 0.0 -0.017449036240577698 -0.01227184385061264 -0.308138370513916 
1322 7.052551746368408 0.0 0.0 0.0 -0.017449036240577698 -0.01227184385061264 -0.308138370513916 
1323 7.057920932769775 0.0 0.0 0.0 -0.017449036240577698 -0.012463591992855072 -0.308138370513916 
1324 7.063199758529663 0.0 0.0 0.0 -0.017257288098335266 -0.012655340135097504 -0.308138370513916 
1325 7.0684545040130615 0.0 0.0 0.0 -0.017257288098335266 -0.012847088277339935 -0.308138370513916 
1326 7.073800563812256 0.0 0.0 0.0 -0.017065539956092834 -0.013038836419582367 -0.308138370513916 
1327 7.079060792922974 0.0 0.0 0.0 -0.017065539956092834 -0.013038836419582367 -0.308138370513916 
1328 7.084484100341797 0.0 0.0 0.0 -0.016873791813850403 -0.01342233270406723 -0.308138370513916 
1329 7.089710235595703 0.0 0.0 0.0 -0.016873791813850403 -0.013614080846309662 -0.308138370513916 
1330 7.0949554443359375 0.0 0.0 0.0 -0.01668204367160797 -0.013805828988552094 -0.308138370513916 
1331 7.100370168685913 0.0 0.0 0.0 -0.01668204367160797 -0.013997577130794525 -0.308138370513916 
1332 7.105644464492798 0.0 0.0 0.0 -0.01649029552936554 -0.013997577130794525 -0.308138370513916 
1333 7.110930442810059 0.0 0.0 0.0 -0.01649029552936554 -0.014189325273036957 -0.308138370513916 
1334 7.116198539733887 0.0 0.0 0.0 -0.016298547387123108 -0.014381065964698792 -0.308138370513916 
1335 7.121431350708008 0.0 0.0 0.0 -0.016298547387123108 -0.014381065964698792 -0.308138370513916 
1336 7.126668453216553 0.0 0.0 0.0 -0.016298547387123108 -0.014572814106941223 -0.308138370513916 
1337 7.131952524185181 0.0 0.0 0.0 -0.016298547387123108 -0.014572814106941223 -0.308138370513916 
1338 7.137194633483887 0.0 0.0 0.0 -0.016106799244880676 -0.014956310391426086 -0.308138370513916 
1339 7.142428636550903 0.0 0.0 0.0 -0.015915051102638245 -0.014956310391426086 -0.308138370513916 
1340 7.147647857666016 0.0 0.0 0.0 -0.015915051102638245 -0.015148058533668518 -0.308138370513916 
1341 7.153046131134033 0.0 0.0 0.0 -0.015723302960395813 -0.015148058533668518 -0.308138370513916 
1342 7.158445596694946 0.0 0.0 0.0 -0.015723302960395813 -0.01533980667591095 -0.308138370513916 
1343 7.163861036300659 0.0 0.0 0.0 -0.015723302960395813 -0.01533980667591095 -0.308138370513916 
1344 7.169292211532593 0.0 0.0 0.0 -0.015723302960395813 -0.015531554818153381 -0.308138370513916 
1345 7.17455267906189 0.0 0.0 0.0 -0.015531554818153381 -0.015723302960395813 -0.308138370513916 
1346 7.179791450500488 0.0 0.0 0.0 -0.015531554818153381 -0.015723302960395813 -0.308138370513916 
1347 7.18500018119812 0.0 0.0 0.0 -0.015531554818153381 -0.015723302960395813 -0.308138370513916 
1348 7.190257787704468 0.0 0.0 0.0 -0.015531554818153381 -0.015723302960395813 -0.308138370513916 
1349 7.195549249649048 0.0 0.0 0.0 -0.015531554818153381 -0.015723302960395813 -0.308138370513916 
1350 7.20088005065918 0.0 0.0 0.0 -0.015531554818153381 -0.015723302960395813 -0.308138370513916 
1351 7.206460237503052 0.0 0.0 0.0 -0.015531554818153381 -0.015723302960395813 -0.308138370513916 
1352 7.21175479888916 0.0 0.0 0.0 -0.015531554818153381 -0.015723302960395813 -0.308138370513916 
1353 7.2170491218566895 0.0 0.0 0.0 -0.015531554818153381 -0.015723302960395813 -0.308138370513916 
1354 7.222317218780518 0.0 0.0 0.0 -0.015531554818153381 -0.015723302960395813 -0.308138370513916 
1355 7.2276201248168945 0.0 0.0 0.0 -0.015531554818153381 -0.015723302960395813 -0.308138370513916 
1356 7.233190298080444 0.0 0.0 0.0 -0.015531554818153381 -0.015723302960395813 -0.308138370513916 
1357 7.2384912967681885 0.0 0.0 0.0 -0.015531554818153381 -0.015723302960395813 -0.308138370513916 
1358 7.243754148483276 0.0 0.0 0.0 -0.015531554818153381 -0.015723302960395813 -0.308138370513916 
1359 7.249050855636597 0.0 0.0 0.0 -0.015531554818153381 -0.015723302960395813 -0.308138370513916 
1360 7.254297733306885 0.0 0.0 0.0 -0.015531554818153381 -0.015531554818153381 -0.308138370513916 
1361 7.25970983505249 0.0 0.0 0.0 -0.015531554818153381 -0.01533980667591095 -0.308138370513916 
1362 7.265005826950073 0.0 0.0 0.0 -0.015531554818153381 -0.01533980667591095 -0.308138370513916 
1363 7.270287275314331 0.0 0.0 0.0 -0.015531554818153381 -0.015148058533668518 -0.308138370513916 
1364 7.275550603866577 0.0 0.0 0.0 -0.015531554818153381 -0.015148058533668518 -0.308138370513916 
1365 7.28081202507019 0.0 0.0 0.0 -0.015531554818153381 -0.014956310391426086 -0.308138370513916 
1366 7.286076545715332 0.0 0.0 0.0 -0.015531554818153381 -0.014956310391426086 -0.308138370513916 
1367 7.2914605140686035 0.0 0.0 0.0 -0.015531554818153381 -0.014764562249183655 -0.308138370513916 
1368 7.296743631362915 0.0 0.0 0.0 -0.015531554818153381 -0.014572814106941223 -0.308138370513916 
1369 7.301987171173096 0.0 0.0 0.0 -0.015531554818153381 -0.014572814106941223 -0.308138370513916 
1370 7.307193756103516 0.0 0.0 0.0 -0.015531554818153381 -0.014381065964698792 -0.308138370513916 
1371 7.312533855438232 0.0 0.0 0.0 -0.015531554818153381 -0.014189325273036957 -0.308138370513916 
1372 7.3178229331970215 0.0 0.0 0.0 -0.01533980667591095 -0.013997577130794525 -0.308138370513916 
1373 7.323151588439941 0.0 0.0 0.0 -0.01533980667591095 -0.013997577130794525 -0.308138370513916 
1374 7.32838249206543 0.0 0.0 0.0 -0.01533980667591095 -0.013805828988552094 -0.308138370513916 
1375 7.333638668060303 0.0 0.0 0.0 -0.01533980667591095 -0.013614080846309662 -0.308138370513916 
1376 7.33889365196228 0.0 0.0 0.0 -0.01533980667591095 -0.01342233270406723 -0.308138370513916 
1377 7.344566345214844 0.0 0.0 0.0 -0.01533980667591095 -0.013230584561824799 -0.308138370513916 
1378 7.350027322769165 0.0 0.0 0.0 -0.01533980667591095 -0.013230584561824799 -0.308138370513916 
1379 7.355569839477539 0.14785071543976663 0.17653816512972118 0.0 -0.01533980667591095 -0.012847088277339935 -0.308138370513916 
1380 7.361086130142212 0.1438357007727027 0.1766685534864664 0.0 -0.01533980667591095 -0.012655340135097504 -0.308138370513916 
1381 7.367522716522217 0.14586075258627534 0.17679894184321165 0.0 -0.01533980667591095 -0.012655340135097504 -0.308138370513916 
1382 7.372917413711548 0.14184410806000233 0.17692933019995688 0.0 -0.01533980667591095 -0.012463591992855072 -0.30833011865615845 
1383 7.378216981887817 0.13974331509694457 0.17705971855670213 0.0 -0.01533980667591095 -0.01227184385061264 -0.308138370513916 
1384 7.3834850788116455 0.1417651071920991 0.1771901069134474 0.0 -0.01533980667591095 -0.01227184385061264 -0.308138370513916 
1385 7.388737678527832 0.13774520294740797 0.1773204952701926 0.0 -0.01533980667591095 -0.012080095708370209 -0.308138370513916 
1386 7.3939948081970215 0.13976536518335342 0.17745088362693787 0.0 -0.01533980667591095 -0.012080095708370209 -0.308138370513916 
1387 7.399249315261841 0.13986804599687458 0.17758127198368312 0.0 -0.01533980667591095 -0.012080095708370209 -0.308138370513916 
1388 7.404650449752808 0.14409494172781706 0.19008430509269236 0.0 -0.015915051102638245 -0.01227184385061264 -0.3075631260871887 
1389 7.40987753868103 0.14228177097812295 0.18446713875979184 0.0 -0.015915051102638245 -0.01227184385061264 -0.3075631260871887 
1390 7.415107250213623 0.11351673747971655 0.159857287440449 0.0 -0.014764569699764252 -0.010929614305496216 -0.3073713779449463 
1391 7.420461416244507 0.11878350481763482 0.15499074064195156 0.0 -0.013997577130794525 -0.010546118021011353 -0.30717962980270386 
1392 7.4257590770721436 0.11445967983081937 0.14628278606757522 0.0 -0.013230584561824799 -0.01016262173652649 -0.3069878816604614 
1393 7.431063652038574 0.11013259512558579 0.1375684723071754 0.0 -0.012463599443435669 -0.009779125452041626 -0.306796133518219 
1394 7.436333656311035 0.10167803578451276 0.12884740441665055 0.0 -0.011696606874465942 -0.009203881025314331 -0.30660438537597656 
1395 7.441561698913574 0.09926044345647096 0.1201198915950954 0.0 -0.010929614305496216 -0.008820392191410065 -0.30660438537597656 
1396 7.446822643280029 -0.08654310031980277 0.11138585933670402 0.0 -0.01016262173652649 0.0 -0.30641263723373413 
1397 7.452053546905518 0.0016608215942978861 0.10264546789228916 0.0 -0.00939563661813736 0.0 -0.30641263723373413 
1398 7.457266330718994 0.0016608215942978861 -0.09169086821377277 0.0 0.0 0.0 -0.3062208890914917 
1399 7.462493419647217 0.0016608215942978861 0.002265497967600822 0.0 0.0 0.0 -0.30602914094924927 
1400 7.467977523803711 0.0016608215942978861 0.002265497967600822 0.0 0.0 0.0 -0.30602914094924927 
1401 7.4741106033325195 0.0016608215942978861 0.002265497967600822 0.0 0.0 0.0 -0.30583739280700684 
1402 7.479518175125122 0.0016608215942978861 0.002265497967600822 0.0 0.0 0.0 -0.3056456446647644 
1403 7.484861850738525 0.0016608215942978861 0.002265497967600822 0.0 0.0 0.0 -0.305453896522522 
1404 7.490117073059082 0.0016608215942978861 0.002265497967600822 0.0 0.0 0.0 -0.30526214838027954 
1405 7.495439052581787 0.0016608215942978861 0.002265497967600822 0.0 0.0 0.0 -0.3048786520957947 
1406 7.500692844390869 0.0016608215942978861 0.002265497967600822 0.0 0.0 0.0 -0.30468690395355225 
1407 7.505943298339844 0.0016608215942978861 0.002265497967600822 0.0 0.0 0.0 -0.3043034076690674 
1408 7.511265516281128 0.0016608215942978861 0.002265497967600822 0.0 0.0 0.0 -0.3039199113845825 
1409 7.5165488719940186 0.0016608215942978861 0.002265497967600822 0.0 0.0 0.0 -0.30353641510009766 
1410 7.5218212604522705 0.0016608215942978861 0.002265497967600822 0.0 0.0 0.0 -0.3031529188156128 
1411 7.527862787246704 0.0016608215942978861 0.002265497967600822 0.0 0.0 0.0 -0.30276942253112793 
1412 7.533338785171509 0.0016608215942978861 0.002265497967600822 0.0 0.0 0.0 -0.3025776743888855 
1413 7.53865909576416 0.0016608215942978861 0.002265497967600822 0.0 0.0 0.0 -0.30238592624664307 
1414 7.5439133644104 0.0016608215942978861 0.002265497967600822 0.0 0.0 0.0 -0.30219417810440063 
1415 7.549217462539673 0.0016608215942978861 0.002265497967600822 0.0 0.0 0.0 -0.30219417810440063 
1416 7.554446220397949 0.0016608215942978861 0.002265497967600822 0.0 0.0 0.0 -0.30219417810440063 
1417 7.559678316116333 0.0016608215942978861 0.002265497967600822 0.0 0.0 0.0 -0.30219417810440063 
1418 7.564915895462036 0.0016608215942978861 0.002265497967600822 0.0 0.0 0.0 -0.30219417810440063 
1419 7.570299386978149 0.0016608215942978861 0.002265497967600822 0.0 0.0 0.0 -0.30219417810440063 
1420 7.5756731033325195 0.0016608215942978861 0.002265497967600822 0.0 0.0 0.0 -0.30219417810440063 
1421 7.581692218780518 0.0016608215942978861 0.002265497967600822 0.0 0.0 0.0 -0.30238592624664307 
1422 7.587155342102051 0.0016608215942978861 0.002265497967600822 0.0 0.0 0.0 -0.30238592624664307 
1423 7.59253454208374 0.0016608215942978861 0.002265497967600822 0.0 0.0 0.0 -0.30219417810440063 
1424 7.597970008850098 0.0016608215942978861 0.002265497967600822 0.0 0.0 0.0 -0.30219417810440063 
1425 7.603308916091919 0.0016608215942978861 0.002265497967600822 0.0 0.0 0.0 -0.30219417810440063 
1426 7.608599424362183 0.0016608215942978861 0.002265497967600822 0.0 0.0 0.0 -0.30219417810440063 
1427 7.61384916305542 0.0016608215942978861 0.002265497967600822 0.0 0.0 0.0 -0.30219417810440063 
1428 7.619097948074341 0.0016608215942978861 0.19610311833396554 0.0 -0.009012140333652496 0.0 -0.3020024299621582 
1429 7.6244056224823 0.0016608215942978861 0.11430674802511931 0.0 -0.00939563661813736 0.0 -0.30181068181991577 
1430 7.629637241363525 0.0016608215942978861 0.11467586300894618 0.0 -0.009587384760379791 0.0 -0.30181068181991577 
1431 7.635686874389648 0.0016608215942978861 0.121088143941015 0.0 -0.009970873594284058 0.0 -0.30181068181991577 
1432 7.6411426067352295 0.0016608215942978861 0.1214622229449451 0.0 -0.01016262173652649 0.0 -0.30161893367767334 
1433 7.646487474441528 0.0016608215942978861 0.1237553387247026 0.0 -0.010354369878768921 0.0 -0.30161893367767334 
1434 7.6517791748046875 0.0016608215942978861 0.12192586944624781 0.0 -0.010354369878768921 0.0 -0.30161893367767334 
1435 7.657184600830078 0.0016608215942978861 0.13438652634248138 0.0 -0.010929614305496216 0.0 -0.30161893367767334 
1436 7.6624596118927 0.0016608215942978861 0.1452238434664905 0.0 -0.011696606874465942 0.0 -0.30161893367767334 
1437 7.667749404907227 0.0016608215942978861 0.14590176877006888 0.0 -0.012080103158950806 0.0 -0.30181068181991577 
1438 7.673223257064819 0.0016608215942978861 0.14629370171949269 0.0 -0.012271851301193237 0.0 -0.30181068181991577 
1439 7.678541421890259 0.0016608215942978861 0.14860474595054984 0.0 -0.012463599443435669 0.0 -0.3020024299621582 
1440 7.683788776397705 0.0016608215942978861 0.1509172597900033 0.0 -0.012655340135097504 0.0 -0.30219417810440063 
1441 7.689511775970459 0.0016608215942978861 0.15735585309937597 0.0 -0.013038836419582367 0.0 -0.30238592624664307 
1442 7.694885492324829 0.0016608215942978861 0.1660043651163578 0.0 -0.013614080846309662 0.0 -0.30296117067337036 
1443 7.700186491012573 0.0016608215942978861 0.1603676405362785 0.0 -0.013614080846309662 0.0 -0.3033446669578552 
1444 7.705423355102539 0.0016608215942978861 0.16460757514089347 0.0 -0.013805828988552094 0.0 -0.3037281632423401 
1445 7.710761785507202 0.0016608215942978861 0.16280744326487184 0.0 -0.013805828988552094 0.0 -0.30411165952682495 
1446 7.716071844100952 0.0016608215942978861 0.16292479281127453 0.0 -0.013805828988552094 0.0 -0.3044951558113098 
1447 7.7213006019592285 0.0016608215942978861 0.16304214235767722 0.0 -0.013805828988552094 0.0 -0.3048786520957947 
1448 7.726511716842651 0.0016608215942978861 0.1631594919040799 0.0 -0.013805828988552094 0.0 -0.30526214838027954 
1449 7.731746435165405 0.0016608215942978861 0.1632768414504826 0.0 -0.013805828988552094 0.0 -0.30526214838027954 
1450 7.736994028091431 0.0016608215942978861 0.171642620831728 0.0 -0.014189325273036957 0.0 -0.30583739280700684 
1451 7.7429492473602295 0.0016608215942978861 0.16792826725170015 0.0 -0.014189325273036957 0.0 -0.3062208890914917 
1452 7.748340129852295 0.0016608215942978861 0.16392466159909963 0.0 -0.013997577130794525 0.0 -0.30641263723373413 
1453 7.753680229187012 0.0016608215942978861 0.15771269259229304 0.0 -0.013614080846309662 0.0 -0.30660438537597656 
1454 7.758937358856201 0.0016608215942978861 0.1534149452894926 0.0 -0.013230584561824799 0.0 -0.306796133518219 
1455 7.764179944992065 0.0016608215942978861 0.15323815318569542 0.0 -0.013038836419582367 0.0 -0.306796133518219 
1456 7.769397258758545 0.0016608215942978861 0.14701803488284348 0.0 -0.012655340135097504 0.0 -0.306796133518219 
1457 7.774662017822266 0.0016608215942978861 0.14271229853481054 0.0 -0.012271851301193237 0.0 -0.30660438537597656 
1458 7.780065536499023 0.0016608215942978861 0.13427885285764932 0.0 -0.011696606874465942 0.0 -0.30641263723373413 
1459 7.785282611846924 0.0016608215942978861 0.13188228844851255 0.0 -0.011313110589981079 0.0 -0.3062208890914917 
1460 7.790494203567505 0.0016608215942978861 0.13168919781595467 0.0 -0.011121362447738647 0.0 -0.30602914094924927 
1461 7.7966389656066895 0.0016608215942978861 0.1254527809843421 0.0 -0.010737866163253784 0.0 -0.30583739280700684 
1462 7.802025556564331 0.0016608215942978861 0.12525480077415704 0.0 -0.010546118021011353 0.0 -0.305453896522522 
1463 7.807324409484863 0.0016608215942978861 0.12313770928233861 0.0 -0.010354369878768921 0.0 -0.30526214838027954 
1464 7.812581300735474 0.0016608215942978861 0.12101898793131113 0.0 -0.01016262173652649 0.0 -0.3050704002380371 
1465 7.817800521850586 0.0016608215942978861 0.12302285163849593 0.0 -0.01016262173652649 0.0 -0.3048786520957947 
1466 7.823065757751465 0.0016608215942978861 0.11898501900583505 0.0 -0.009970873594284058 0.0 -0.30468690395355225 
1467 7.82829475402832 0.0016608215942978861 0.12098725285381079 0.0 -0.009970873594284058 0.0 -0.3044951558113098 
1468 7.833506345748901 0.0016608215942978861 0.1210720052793622 0.0 -0.009970873594284058 0.0 -0.3043034076690674 
1469 7.838746547698975 0.0016608215942978861 0.12115675770491362 0.0 -0.009970873594284058 0.0 -0.3043034076690674 
1470 7.84399676322937 0.0016608215942978861 0.12124151013046504 0.0 -0.009970873594284058 0.0 -0.3043034076690674 
1471 7.849926948547363 0.0016608215942978861 0.12132626255601645 0.0 -0.009970873594284058 0.0 -0.3043034076690674 
1472 7.855294227600098 0.0016608215942978861 0.1255352298989892 0.0 -0.01016262173652649 0.0 -0.3043034076690674 
1473 7.860593318939209 0.0016608215942978861 0.12370413076132536 0.0 -0.01016262173652649 0.0 -0.3043034076690674 
1474 7.8658127784729 0.0016608215942978861 0.12379051304608583 0.0 -0.01016262173652649 0.0 -0.3044951558113098 
1475 7.871021747589111 0.0016608215942978861 0.12800111024826766 0.0 -0.010354369878768921 0.0 -0.3044951558113098 
1476 7.876284837722778 0.0016608215942978861 0.12617164096981287 0.0 -0.010354369878768921 0.0 -0.30468690395355225 
1477 7.881638765335083 0.0016608215942978861 0.1262596531137824 0.0 -0.010354369878768921 0.0 -0.30468690395355225 
1478 7.886878490447998 0.0016608215942978861 0.12634766525775193 0.0 -0.010354369878768921 0.0 -0.3048786520957947 
1479 7.892143726348877 0.0016608215942978861 0.12231146248430014 0.0 -0.01016262173652649 0.0 -0.3048786520957947 
1480 7.897364854812622 0.0016608215942978861 0.12431532619148493 0.0 -0.01016262173652649 0.0 -0.3050704002380371 
1481 7.902835845947266 0.0016608215942978861 0.1244017084762454 0.0 -0.01016262173652649 0.0 -0.3050704002380371 
1482 7.908151865005493 0.0016608215942978861 0.12036387584358453 0.0 -0.009970873594284058 0.0 -0.3050704002380371 
1483 7.913486957550049 0.0016608215942978861 0.12236610969156027 0.0 -0.009970873594284058 0.0 -0.3050704002380371 
1484 7.9187469482421875 0.0016608215942978861 0.12245086211711168 0.0 -0.009970873594284058 0.0 -0.3050704002380371 
1485 7.923990964889526 0.0016608215942978861 0.11841155987605452 0.0 -0.009779132902622223 0.0 -0.3050704002380371 
1486 7.9292075634002686 0.0016608215942978861 0.11628787450492382 0.0 -0.009587384760379791 0.0 -0.3050704002380371 
1487 7.934409856796265 0.0016608215942978861 0.11828684869781136 0.0 -0.009587384760379791 0.0 -0.3050704002380371 
1488 7.939649343490601 0.0016608215942978861 0.1101199116334319 0.0 -0.009203888475894928 0.0 -0.3050704002380371 
1489 7.944864988327026 0.0016608215942978861 0.11403310753032565 0.0 -0.009203888475894928 0.0 -0.3050704002380371 
1490 7.950068235397339 0.0016608215942978861 0.10998712566494942 0.0 -0.009012140333652496 0.0 -0.3050704002380371 
1491 7.95540452003479 0.0016608215942978861 0.11198121028020977 0.0 -0.009012140333652496 0.0 -0.3050704002380371 
1492 7.960683584213257 0.0016608215942978861 0.10793359855562448 0.0 -0.008820392191410065 0.0 -0.3050704002380371 
1493 7.965975522994995 0.0016608215942978861 -0.07978735213726759 0.0 0.0 0.0 -0.3050704002380371 
1494 7.971229791641235 0.0016608215942978861 0.008416569776833055 0.0 0.0 0.0 -0.3050704002380371 
1495 7.976564884185791 0.0016608215942978861 0.008416569776833055 0.0 0.0 0.0 -0.3050704002380371 
1496 7.982014417648315 0.0016608215942978861 0.008416569776833055 0.0 0.0 0.0 -0.3050704002380371 
1497 7.987305164337158 0.0016608215942978861 0.008416569776833055 0.0 0.0 0.0 -0.3050704002380371 
1498 7.992543697357178 0.0016608215942978861 0.008416569776833055 0.0 0.0 0.0 -0.3050704002380371 
1499 7.997792482376099 0.0016608215942978861 0.008416569776833055 0.0 0.0 0.0 -0.3050704002380371 
1500 8.003018856048584 0.0016608215942978861 0.008416569776833055 0.0 0.0 0.0 -0.30526214838027954 
1501 8.008358716964722 0.0016608215942978861 0.008416569776833055 0.0 0.0 0.0 -0.30526214838027954 
1502 8.013633966445923 0.0016608215942978861 0.008416569776833055 0.0 0.0 0.0 -0.305453896522522 
1503 8.018950462341309 0.0016608215942978861 0.008416569776833055 0.0 0.0 0.0 -0.305453896522522 
1504 8.024264574050903 0.0016608215942978861 0.008416569776833055 0.0 0.0 0.0 -0.305453896522522 
1505 8.029590129852295 0.0016608215942978861 0.008416569776833055 0.0 0.0 0.0 -0.305453896522522 
1506 8.035029888153076 0.0016608215942978861 0.008416569776833055 0.0 0.0 0.0 -0.305453896522522 
1507 8.04029369354248 0.0016608215942978861 0.008416569776833055 0.0 0.0 0.0 -0.305453896522522 
1508 8.045509815216064 0.0016608215942978861 0.008416569776833055 0.0 0.0 0.0 -0.305453896522522 
1509 8.050716400146484 0.0016608215942978861 0.008416569776833055 0.0 0.0 0.0 -0.305453896522522 
1510 8.05593729019165 0.0016608215942978861 0.008416569776833055 0.0 0.0 0.0 -0.305453896522522 
1511 8.0612633228302 0.0016608215942978861 0.008416569776833055 0.0 0.0 0.0 -0.305453896522522 
1512 8.0665283203125 0.0016608215942978861 0.008416569776833055 0.0 0.0 0.0 -0.305453896522522 
1513 8.071845293045044 0.0016608215942978861 0.008416569776833055 0.0 0.0 0.0 -0.305453896522522 
1514 8.07710862159729 0.0016608215942978861 0.008416569776833055 0.0 0.0 0.0 -0.305453896522522 
1515 8.082509517669678 0.0016608215942978861 0.008416569776833055 0.0 0.0 0.0 -0.305453896522522 
1516 8.087839603424072 0.0016608215942978861 0.008416569776833055 0.0 0.0 0.0 -0.305453896522522 
1517 8.093061923980713 0.0016608215942978861 0.008416569776833055 0.0 0.0 0.0 -0.305453896522522 
1518 8.09827446937561 0.0016608215942978861 0.008416569776833055 0.0 0.0 0.0 -0.305453896522522 
1519 8.103601932525635 0.0016608215942978861 0.008416569776833055 0.0 0.0 0.0 -0.305453896522522 
1520 8.108867883682251 0.0016608215942978861 0.008416569776833055 0.0 0.0 0.0 -0.305453896522522 
1521 8.114231586456299 0.0016608215942978861 0.008416569776833055 0.0 0.0 0.0 -0.305453896522522 
1522 8.119608879089355 0.0016608215942978861 0.008416569776833055 0.0 0.0 0.0 -0.305453896522522 
1523 8.125032663345337 0.0016608215942978861 0.008416569776833055 0.0 0.0 0.0 -0.305453896522522 
1524 8.130311250686646 0.0016608215942978861 0.008416569776833055 0.0 0.0 0.0 -0.305453896522522 
1525 8.135663747787476 0.0016608215942978861 0.008416569776833055 0.0 0.0 0.0 -0.3056456446647644 
1526 8.140918731689453 0.0016608215942978861 0.008416569776833055 0.0 0.0 0.0 -0.3056456446647644 
1527 8.146242380142212 0.0016608215942978861 0.008416569776833055 0.0 0.0 0.0 -0.3056456446647644 
1528 8.151651382446289 0.0016608215942978861 0.008416569776833055 0.0 0.0 0.0 -0.3056456446647644 
1529 8.15703272819519 0.0016608215942978861 0.008416569776833055 0.0 0.0 0.0 -0.3056456446647644 
1530 8.16234302520752 0.0016608215942978861 0.008416569776833055 0.0 0.0 0.0 -0.3056456446647644 
1531 8.167755603790283 0.0016608215942978861 0.008416569776833055 0.0 0.0 0.0 -0.3056456446647644 
1532 8.173048734664917 0.0016608215942978861 0.008416569776833055 0.0 0.0 0.0 -0.3056456446647644 
1533 8.178367137908936 0.0016608215942978861 0.19812997522577644 0.0 -0.008820392191410065 0.0 -0.3056456446647644 
1534 8.18363332748413 0.0016608215942978861 0.1141252415627241 0.0 -0.009012140333652496 0.0 -0.3056456446647644 
1535 8.189037561416626 0.0016608215942978861 0.11640857825055718 0.0 -0.009203888475894928 0.0 -0.3056456446647644 
1536 8.194364547729492 0.0016608215942978861 0.12281775971502065 0.0 -0.009587384760379791 0.0 -0.3056456446647644 
1537 8.19966983795166 0.0016608215942978861 0.12318850455805659 0.0 -0.009779132902622223 0.0 -0.305453896522522 
1538 8.204912900924683 0.0016608215942978861 0.12960241534933448 0.0 -0.01016262173652649 0.0 -0.305453896522522 
1539 8.210319519042969 0.0016608215942978861 0.14235076896473764 0.0 -0.010929614305496216 0.0 -0.305453896522522 
1540 8.215595960617065 0.0016608215942978861 0.14302217483147978 0.0 -0.011313110589981079 0.0 -0.305453896522522 
1541 8.220965147018433 0.0016608215942978861 0.14340758834406733 0.0 -0.01150485873222351 0.0 -0.30526214838027954 
1542 8.226337671279907 0.0016608215942978861 0.14571211313828825 0.0 -0.011696606874465942 0.0 -0.305453896522522 
1543 8.231676816940308 0.0016608215942978861 0.1438940528742969 0.0 -0.011696606874465942 0.0 -0.305453896522522 
1544 8.236975193023682 0.0016608215942978861 0.1481176889501512 0.0 -0.011888355016708374 0.0 -0.305453896522522 
1545 8.24222731590271 0.0016608215942978861 0.15042547346279025 0.0 -0.012080103158950806 0.0 -0.3056456446647644 
1546 8.247483491897583 0.0016608215942978861 0.15273488783463834 0.0 -0.012271851301193237 0.0 -0.3056456446647644 
1547 8.25274658203125 0.0016608215942978861 0.15504593206569553 0.0 -0.012463599443435669 0.0 -0.30583739280700684 
1548 8.25797414779663 0.0016608215942978861 0.16148266082257032 0.0 -0.012847088277339935 0.0 -0.30602914094924927 
1549 8.263303995132446 0.0016608215942978861 0.16600540256872773 0.0 -0.013230584561824799 0.0 -0.30602914094924927 
1550 8.268599510192871 0.0016608215942978861 0.17053132952749728 0.0 -0.013614080846309662 0.0 -0.3062208890914917 
1551 8.273956060409546 0.19137422704324125 0.17506051620468496 0.0 -0.013997577130794525 -0.008820392191410065 -0.30641263723373413 
1552 8.279270887374878 0.10736933312937617 0.17959296260029078 0.0 -0.014381073415279388 -0.0090121328830719 -0.30660438537597656 
1553 8.284655570983887 0.10965274425968528 0.18412866871431469 0.0 -0.014764569699764252 -0.009203881025314331 -0.30660438537597656 
1554 8.290198802947998 0.10781349582597613 0.18866747429594397 0.0 -0.015148058533668518 -0.009203881025314331 -0.306796133518219 
1555 8.296341896057129 0.11201594373211264 0.18908555937185884 0.0 -0.01533980667591095 -0.009395629167556763 -0.3069878816604614 
1556 8.301987409591675 0.11842675499245524 0.1914226812236011 0.0 -0.015531554818153381 -0.009779125452041626 -0.3073713779449463 
1557 8.307412385940552 0.1187991296313703 0.19376143293455242 0.0 -0.015723302960395813 -0.009970873594284058 -0.30775487422943115 
1558 8.312824010848999 0.12109061555191875 0.1961018145047128 0.0 -0.015915051102638245 -0.01016262173652649 -0.3079466223716736 
1559 8.318254947662354 0.12338373133167624 0.19431961101666093 0.0 -0.015915051102638245 -0.010354369878768921 -0.308138370513916 
1560 8.323725461959839 0.12155426205322147 0.20270331878587602 0.0 -0.016298547387123108 -0.010354369878768921 -0.30833011865615845 
1561 8.32946252822876 0.121642274197191 0.19900689359381796 0.0 -0.016298547387123108 -0.010354369878768921 -0.30833011865615845 
1562 8.335202693939209 0.11760607142373919 0.2197665058337152 0.0 -0.017257288098335266 -0.01016262173652649 -0.30890536308288574 
1563 8.340595960617065 0.1113615052960813 0.21032578567042948 0.0 -0.017257288098335266 -0.009779125452041626 -0.30890536308288574 
1564 8.345992088317871 0.1152795907072723 0.21047247261926533 0.0 -0.017257288098335266 -0.009779125452041626 -0.30890536308288574 
1565 8.351574897766113 0.11536271327361465 0.21061915956810118 0.0 -0.017257288098335266 -0.009779125452041626 -0.30890536308288574 
1566 8.356930255889893 0.115445835839957 0.21076584651693703 0.0 -0.017257288098335266 -0.009779125452041626 -0.30890536308288574 
1567 8.362343311309814 0.11552895840629936 0.21091253346577288 0.0 -0.017257288098335266 -0.009779125452041626 -0.30890536308288574 
1568 8.367936134338379 0.11561208097264171 0.21105922041460873 0.0 -0.017257288098335266 -0.009779125452041626 -0.30890536308288574 
1569 8.373355388641357 0.11569520353898406 0.21120590736344458 0.0 -0.017257288098335266 -0.009779125452041626 -0.30890536308288574 
1570 8.378896236419678 0.11577832610532642 0.21135259431228043 0.0 -0.017257288098335266 -0.009779125452041626 -0.30890536308288574 
1571 8.384915828704834 0.11586144867166877 0.21149928126111628 0.0 -0.017257288098335266 -0.009779125452041626 -0.30890536308288574 
1572 8.390522003173828 0.11594457123801112 0.21164596820995213 0.0 -0.017257288098335266 -0.009779125452041626 -0.30890536308288574 
1573 8.396163940429688 0.11602769380435347 0.21179265515878798 0.0 -0.017257288098335266 -0.009779125452041626 -0.30890536308288574 
1574 8.401707410812378 0.11611081637069583 0.21193934210762383 0.0 -0.017257288098335266 -0.009779125452041626 -0.30890536308288574 
1575 8.40721869468689 0.11619393893703818 0.21208602905645968 0.0 -0.017257288098335266 -0.009779125452041626 -0.30890536308288574 
1576 8.412671327590942 0.11627706150338053 0.21223271600529553 0.0 -0.017257288098335266 -0.009779125452041626 -0.30890536308288574 
1577 8.418111801147461 0.11636018406972289 0.21237940295413135 0.0 -0.017257288098335266 -0.009779125452041626 -0.30890536308288574 
1578 8.423739671707153 0.11644330663606524 0.2125260899029672 0.0 -0.017257288098335266 -0.009779125452041626 -0.30890536308288574 
1579 8.429251670837402 0.11652642920240759 0.21267277685180305 0.0 -0.017257288098335266 -0.009779125452041626 -0.30890536308288574 
1580 8.434821605682373 0.11660955176874994 0.2128194638006389 0.0 -0.017257288098335266 -0.009779125452041626 -0.30890536308288574 
1581 8.441313743591309 0.1166926743350923 0.21296615074947475 0.0 -0.017257288098335266 -0.009779125452041626 -0.30890536308288574 
1582 8.446869850158691 0.11677579690143465 0.2131128376983106 0.0 -0.017257288098335266 -0.009779125452041626 -0.30890536308288574 
1583 8.452446699142456 0.11685891946777702 0.21325952464714645 0.0 -0.017257288098335266 -0.009779125452041626 -0.30890536308288574 
1584 8.45783805847168 0.11694204203411937 0.2134062115959823 0.0 -0.017257288098335266 -0.009779125452041626 -0.30890536308288574 
1585 8.463212013244629 0.11702516460046172 0.21355289854481815 0.0 -0.017257288098335266 -0.009779125452041626 -0.30890536308288574 
1586 8.468606948852539 0.11710828716680408 0.213699585493654 0.0 -0.017257288098335266 -0.009779125452041626 -0.30890536308288574 
1587 8.473979234695435 0.11719140973314643 0.21384627244248985 0.0 -0.017257288098335266 -0.009779125452041626 -0.30890536308288574 
1588 8.479361534118652 0.11727453229948878 0.2139929593913257 0.0 -0.017257288098335266 -0.009779125452041626 -0.30890536308288574 
1589 8.484825611114502 0.11735765486583113 0.21413964634016155 0.0 -0.017257288098335266 -0.009779125452041626 -0.30890536308288574 
1590 8.490209341049194 0.11744077743217349 0.2142863332889974 0.0 -0.017257288098335266 -0.009779125452041626 -0.30890536308288574 
1591 8.496370553970337 0.11752389999851584 0.21443302023783326 0.0 -0.017257288098335266 -0.009779125452041626 -0.30890536308288574 
1592 8.502251386642456 0.1176070225648582 0.2145797071866691 0.0 -0.017257288098335266 -0.009779125452041626 -0.30890536308288574 
1593 8.507976531982422 0.11769014513120055 0.21472639413550496 0.0 -0.017257288098335266 -0.009779125452041626 -0.30890536308288574 
1594 8.513447284698486 0.1177732676975429 0.2148730810843408 0.0 -0.017257288098335266 -0.009779125452041626 -0.30890536308288574 
1595 8.518953800201416 0.11785639026388525 0.21501976803317663 0.0 -0.017257288098335266 -0.009779125452041626 -0.30890536308288574 
1596 8.524425029754639 0.1179395128302276 0.21516645498201248 0.0 -0.017257288098335266 -0.009779125452041626 -0.30890536308288574 
1597 8.529873132705688 0.11802263539656996 0.21531314193084833 0.0 -0.017257288098335266 -0.009779125452041626 -0.30890536308288574 
1598 8.535345792770386 0.11810575796291231 0.21545982887968418 0.0 -0.017257288098335266 -0.009779125452041626 -0.30890536308288574 
1599 8.540882587432861 0.11818888052925466 0.21560651582852003 0.0 -0.017257288098335266 -0.009779125452041626 -0.30890536308288574 
1600 8.546382904052734 0.11827200309559702 0.21575320277735588 0.0 -0.017257288098335266 -0.009779125452041626 -0.30890536308288574 
1601 8.552297592163086 0.11835512566193937 0.21589988972619173 0.0 -0.017257288098335266 -0.009779125452041626 -0.30890536308288574 
1602 8.558045387268066 0.11843824822828172 0.21604657667502758 0.0 -0.017257288098335266 -0.009779125452041626 -0.30890536308288574 
1603 8.563783884048462 0.11852137079462408 0.21619326362386343 0.0 -0.017257288098335266 -0.009779125452041626 -0.30890536308288574 
1604 8.569404363632202 0.11860449336096643 0.21633995057269928 0.0 -0.017257288098335266 -0.009779125452041626 -0.30890536308288574 
1605 8.574780225753784 0.11868761592730878 0.21648663752153513 0.0 -0.017257288098335266 -0.009779125452041626 -0.30890536308288574 
1606 8.580169677734375 0.11877073849365113 0.21663332447037098 0.0 -0.017257288098335266 -0.009779125452041626 -0.30890536308288574 
1607 8.585535287857056 0.11885386105999349 0.21678001141920683 0.0 -0.017257288098335266 -0.009779125452041626 -0.30890536308288574 
1608 8.59093451499939 0.11893698362633584 0.21692669836804268 0.0 -0.017257288098335266 -0.009779125452041626 -0.30890536308288574 
1609 8.59634017944336 0.11902010619267821 0.21707338531687853 0.0 -0.017257288098335266 -0.009779125452041626 -0.30890536308288574 
1610 8.60171627998352 0.11910322875902056 0.21722007226571438 0.0 -0.017257288098335266 -0.009779125452041626 -0.30890536308288574 
1611 8.607616424560547 0.11918635132536291 0.21736675921455023 0.0 -0.017257288098335266 -0.009779125452041626 -0.30890536308288574 
1612 8.613188743591309 0.11926947389170527 0.21751344616338608 0.0 -0.017257288098335266 -0.009779125452041626 -0.30890536308288574 
1613 8.618745803833008 0.11935259645804762 0.21766013311222193 0.0 -0.017257288098335266 -0.009779125452041626 -0.30890536308288574 
1614 8.624342918395996 0.11943571902438997 0.21780682006105778 0.0 -0.017257288098335266 -0.009779125452041626 -0.30890536308288574 
1615 8.629881620407104 0.11951884159073232 0.21795350700989363 0.0 -0.017257288098335266 -0.009779125452041626 -0.30890536308288574 
1616 8.635310411453247 0.11960196415707468 0.21810019395872948 0.0 -0.017257288098335266 -0.009779125452041626 -0.30890536308288574 
1617 8.640766382217407 0.11968508672341703 0.21824688090756533 0.0 -0.017257288098335266 -0.009779125452041626 -0.30890536308288574 
1618 8.646158933639526 0.11976820928975938 0.21839356785640116 0.0 -0.017257288098335266 -0.009779125452041626 -0.30890536308288574 
1619 8.651545763015747 0.11985133185610174 0.218540254805237 0.0 -0.017257288098335266 -0.009779125452041626 -0.30890536308288574 
1620 8.656894445419312 0.1199344544224441 0.21868694175407286 0.0 -0.017257288098335266 -0.009779125452041626 -0.30890536308288574 
1621 8.662519454956055 0.12001757698878646 0.2188336287029087 0.0 -0.017257288098335266 -0.009779125452041626 -0.30890536308288574 
1622 8.668054819107056 0.12010069955512881 0.21898031565174456 0.0 -0.017257288098335266 -0.009779125452041626 -0.30890536308288574 
1623 8.67366075515747 0.12018382212147116 0.2191270026005804 0.0 -0.017257288098335266 -0.009779125452041626 -0.30890536308288574 
1624 8.67914366722107 0.12026694468781352 0.21927368954941626 0.0 -0.017257288098335266 -0.009779125452041626 -0.30890536308288574 
1625 8.684568643569946 0.12035006725415587 0.2194203764982521 0.0 -0.017257288098335266 -0.009779125452041626 -0.30890536308288574 
1626 8.690180778503418 0.12043318982049822 0.21956706344708796 0.0 -0.017257288098335266 -0.009779125452041626 -0.30890536308288574 
1627 8.695667028427124 0.12051631238684057 0.2197137503959238 0.0 -0.017257288098335266 -0.009779125452041626 -0.30890536308288574 
1628 8.701064348220825 0.12059943495318293 0.21986043734475966 0.0 -0.017257288098335266 -0.009779125452041626 -0.30890536308288574 
1629 8.706464529037476 0.12068255751952528 0.2200071242935955 0.0 -0.017257288098335266 -0.009779125452041626 -0.30890536308288574 
1630 8.712109804153442 0.12076568008586763 0.22015381124243136 0.0 -0.017257288098335266 -0.009779125452041626 -0.30890536308288574 
1631 8.718070268630981 0.12084880265221 0.2203004981912672 0.0 -0.017257288098335266 -0.009779125452041626 -0.30890536308288574 
1632 8.72377896308899 0.12093192521855235 0.22044718514010306 0.0 -0.017257288098335266 -0.009779125452041626 -0.30890536308288574 
1633 8.729365587234497 0.1210150477848947 0.2205938720889389 0.0 -0.017257288098335266 -0.009779125452041626 -0.30890536308288574 
1634 8.734796524047852 0.12109817035123706 0.22074055903777476 0.0 -0.017257288098335266 -0.009779125452041626 -0.30890536308288574 
1635 8.740319967269897 0.12118129291757941 0.22088724598661058 0.0 -0.017257288098335266 -0.009779125452041626 -0.30890536308288574 
1636 8.745956182479858 0.12126441548392176 0.22103393293544643 0.0 -0.017257288098335266 -0.009779125452041626 -0.30890536308288574 
1637 8.751363754272461 0.12134753805026412 0.22118061988428228 0.0 -0.017257288098335266 -0.009779125452041626 -0.30890536308288574 
1638 8.756807565689087 0.12143066061660647 0.22132730683311813 0.0 -0.017257288098335266 -0.009779125452041626 -0.30890536308288574 
1639 8.762207508087158 0.12151378318294882 0.22147399378195398 0.0 -0.017257288098335266 -0.009779125452041626 -0.30890536308288574 
1640 8.767581462860107 0.12159690574929118 0.22162068073078983 0.0 -0.017257288098335266 -0.009779125452041626 -0.30890536308288574 
1641 8.773152828216553 0.12168002831563354 0.22176736767962568 0.0 -0.017257288098335266 -0.009779125452041626 -0.30890536308288574 
1642 8.778633832931519 0.1217631508819759 0.22191405462846153 0.0 -0.017257288098335266 -0.009779125452041626 -0.30890536308288574 
1643 8.784189462661743 0.12184627344831825 0.22206074157729738 0.0 -0.017257288098335266 -0.009779125452041626 -0.30890536308288574 
1644 8.789638996124268 0.1219293960146606 0.22220742852613323 0.0 -0.017257288098335266 -0.009779125452041626 -0.30890536308288574 
1645 8.795018911361694 0.12201251858100295 0.22235411547496908 0.0 -0.017257288098335266 -0.009779125452041626 -0.30890536308288574 
1646 8.800421476364136 0.12209564114734531 0.22250080242380493 0.0 -0.017257288098335266 -0.009779125452041626 -0.30890536308288574 
1647 8.805976390838623 0.12217876371368766 0.22264748937264078 0.0 -0.017257288098335266 -0.009779125452041626 -0.30890536308288574 
1648 8.811384439468384 0.12226188628003001 0.22279417632147663 0.0 -0.017257288098335266 -0.009779125452041626 -0.30890536308288574 
1649 8.816989660263062 0.12234500884637237 0.22294086327031248 0.0 -0.017257288098335266 -0.009779125452041626 -0.30890536308288574 
1650 8.822541952133179 0.12242813141271472 0.22308755021914833 0.0 -0.017257288098335266 -0.009779125452041626 -0.30890536308288574 
1651 8.828154802322388 0.12251125397905707 0.22323423716798418 0.0 -0.017257288098335266 -0.009779125452041626 -0.30890536308288574 
1652 8.833721160888672 0.12259437654539942 0.22338092411682003 0.0 -0.017257288098335266 -0.009779125452041626 -0.30890536308288574 
1653 8.839278221130371 0.12267749911174179 0.22352761106565588 0.0 -0.017257288098335266 -0.009779125452041626 -0.30890536308288574 
1654 8.84472918510437 0.12276062167808414 0.22367429801449173 0.0 -0.017257288098335266 -0.009779125452041626 -0.30890536308288574 
1655 8.8503258228302 0.1228437442444265 0.22382098496332758 0.0 -0.017257288098335266 -0.009779125452041626 -0.30890536308288574 
1656 8.855940818786621 0.12292686681076885 0.22396767191216344 0.0 -0.017257288098335266 -0.009779125452041626 -0.30890536308288574 
1657 8.861356019973755 0.1230099893771112 0.22411435886099929 0.0 -0.017257288098335266 -0.009779125452041626 -0.30890536308288574 
1658 8.866747856140137 0.12309311194345356 0.2242610458098351 0.0 -0.017257288098335266 -0.009779125452041626 -0.30890536308288574 
1659 8.8721764087677 0.12317623450979591 0.22440773275867096 0.0 -0.017257288098335266 -0.009779125452041626 -0.30890536308288574 
1660 8.877611875534058 0.12325935707613826 0.2245544197075068 0.0 -0.017257288098335266 -0.009779125452041626 -0.30890536308288574 
1661 8.883243322372437 0.12334247964248062 0.22470110665634266 0.0 -0.017257288098335266 -0.009779125452041626 -0.30890536308288574 
1662 8.888793706893921 0.12342560220882298 0.2248477936051785 0.0 -0.017257288098335266 -0.009779125452041626 -0.30890536308288574 
1663 8.894392728805542 0.12350872477516533 0.22499448055401436 0.0 -0.017257288098335266 -0.009779125452041626 -0.30890536308288574 
1664 8.899899005889893 0.12359184734150769 0.2251411675028502 0.0 -0.017257288098335266 -0.009779125452041626 -0.30890536308288574 
1665 8.905295610427856 0.12367496990785004 0.22528785445168606 0.0 -0.017257288098335266 -0.009779125452041626 -0.30890536308288574 
1666 8.910682916641235 0.1237580924741924 0.2254345414005219 0.0 -0.017257288098335266 -0.009779125452041626 -0.30890536308288574 
1667 8.916133642196655 0.12384121504053475 0.22558122834935776 0.0 -0.017257288098335266 -0.009779125452041626 -0.30890536308288574 
1668 8.921784162521362 0.1239243376068771 0.2257279152981936 0.0 -0.017257288098335266 -0.009779125452041626 -0.30890536308288574 
1669 8.927385091781616 0.12400746017321945 0.22587460224702946 0.0 -0.017257288098335266 -0.009779125452041626 -0.30890536308288574 
1670 8.932872533798218 0.1240905827395618 0.2260212891958653 0.0 -0.017257288098335266 -0.009779125452041626 -0.30890536308288574 
1671 8.938525438308716 0.12417370530590416 0.22616797614470116 0.0 -0.017257288098335266 -0.009779125452041626 -0.30890536308288574 
1672 8.944081783294678 0.12425682787224651 0.226314663093537 0.0 -0.017257288098335266 -0.009779125452041626 -0.30890536308288574 
1673 8.949684143066406 0.12433995043858886 0.22646135004237286 0.0 -0.017257288098335266 -0.009779125452041626 -0.30890536308288574 
1674 8.955127477645874 0.12442307300493123 0.2266080369912087 0.0 -0.017257288098335266 -0.009779125452041626 -0.30890536308288574 
1675 8.960586309432983 0.12450619557127358 0.22675472394004456 0.0 -0.017257288098335266 -0.009779125452041626 -0.30890536308288574 
1676 8.966208219528198 0.12458931813761594 0.2269014108888804 0.0 -0.017257288098335266 -0.009779125452041626 -0.30890536308288574 
1677 8.971781969070435 0.12467244070395829 0.22704809783771623 0.0 -0.017257288098335266 -0.009779125452041626 -0.30890536308288574 
1678 8.977181434631348 0.12475556327030064 0.22719478478655208 0.0 -0.017257288098335266 -0.009779125452041626 -0.30890536308288574 
1679 8.982609987258911 0.124838685836643 0.22734147173538793 0.0 -0.017257288098335266 -0.009779125452041626 -0.30890536308288574 
1680 8.988005876541138 0.12492180840298535 0.22748815868422378 0.0 -0.017257288098335266 -0.009779125452041626 -0.30890536308288574 
1681 8.993592977523804 0.12500493096932772 0.22763484563305963 0.0 -0.017257288098335266 -0.009779125452041626 -0.30890536308288574 
1682 8.999147891998291 0.12508805353567007 0.22778153258189549 0.0 -0.017257288098335266 -0.009779125452041626 -0.30890536308288574 
1683 9.00477123260498 0.12517117610201242 0.22792821953073134 0.0 -0.017257288098335266 -0.009779125452041626 -0.30890536308288574 
1684 9.010252237319946 0.12525429866835477 0.22807490647956719 0.0 -0.017257288098335266 -0.009779125452041626 -0.30890536308288574 
1685 9.015735626220703 0.12533742123469713 0.22822159342840304 0.0 -0.017257288098335266 -0.009779125452041626 -0.30890536308288574 
1686 9.02148962020874 0.12542054380103948 0.22836828037723889 0.0 -0.017257288098335266 -0.009779125452041626 -0.30890536308288574 
1687 9.027183532714844 0.12550366636738183 0.22851496732607474 0.0 -0.017257288098335266 -0.009779125452041626 -0.30890536308288574 
1688 9.032829999923706 0.12558678893372419 0.2286616542749106 0.0 -0.017257288098335266 -0.009779125452041626 -0.30890536308288574 
1689 9.038432598114014 0.12566991150006654 0.22880834122374644 0.0 -0.017257288098335266 -0.009779125452041626 -0.30890536308288574 
1690 9.043951272964478 0.1257530340664089 0.2289550281725823 0.0 -0.017257288098335266 -0.009779125452041626 -0.30890536308288574 
1691 9.049582958221436 0.12583615663275124 0.22910171512141814 0.0 -0.017257288098335266 -0.009779125452041626 -0.30890536308288574 
1692 9.055166244506836 0.1259192791990936 0.229248402070254 0.0 -0.017257288098335266 -0.009779125452041626 -0.30890536308288574 
1693 9.060773849487305 0.12600240176543595 0.22939508901908984 0.0 -0.017257288098335266 -0.009779125452041626 -0.30890536308288574 
1694 9.066201448440552 0.1260855243317783 0.2295417759679257 0.0 -0.017257288098335266 -0.009779125452041626 -0.30890536308288574 
1695 9.071631669998169 0.12616864689812066 0.22968846291676154 0.0 -0.017257288098335266 -0.009779125452041626 -0.30890536308288574 
1696 9.077150821685791 0.126251769464463 0.2298351498655974 0.0 -0.017257288098335266 -0.009779125452041626 -0.30890536308288574 
1697 9.082777261734009 0.12633489203080536 0.22998183681443324 0.0 -0.017257288098335266 -0.009779125452041626 -0.30890536308288574 
1698 9.088379144668579 0.12641801459714772 0.2301285237632691 0.0 -0.017257288098335266 -0.009779125452041626 -0.30890536308288574 
1699 9.093938827514648 0.12650113716349007 0.23027521071210494 0.0 -0.017257288098335266 -0.009779125452041626 -0.30890536308288574 
1700 9.099323272705078 0.12658425972983242 0.2304218976609408 0.0 -0.017257288098335266 -0.009779125452041626 -0.30890536308288574 
1701 9.104932308197021 0.12666738229617477 0.2305685846097766 0.0 -0.017257288098335266 -0.009779125452041626 -0.30890536308288574 
1702 9.110532999038696 0.12675050486251713 0.23071527155861246 0.0 -0.017257288098335266 -0.009779125452041626 -0.30890536308288574 
1703 9.116087436676025 0.12683362742885948 0.2308619585074483 0.0 -0.017257288098335266 -0.009779125452041626 -0.30890536308288574 
1704 9.121715307235718 0.12691674999520183 0.23100864545628416 0.0 -0.017257288098335266 -0.009779125452041626 -0.30890536308288574 
1705 9.127280712127686 0.12699987256154419 0.23115533240512 0.0 -0.017257288098335266 -0.009779125452041626 -0.30890536308288574 
1706 9.133041381835938 0.12708299512788654 0.23130201935395586 0.0 -0.017257288098335266 -0.009779125452041626 -0.30890536308288574 
1707 9.13862943649292 0.1271661176942289 0.2314487063027917 0.0 -0.017257288098335266 -0.009779125452041626 -0.30890536308288574 
1708 9.14415717124939 0.12724924026057124 0.23159539325162756 0.0 -0.017257288098335266 -0.009779125452041626 -0.30890536308288574 
1709 9.149561643600464 0.1273323628269136 0.2317420802004634 0.0 -0.017257288098335266 -0.009779125452041626 -0.30890536308288574 
1710 9.155336618423462 0.12741548539325595 0.23188876714929926 0.0 -0.017257288098335266 -0.009779125452041626 -0.30890536308288574 
1711 9.161463022232056 0.1274986079595983 0.2320354540981351 0.0 -0.017257288098335266 -0.009779125452041626 -0.30890536308288574 
1712 9.167030334472656 0.12758173052594066 0.23218214104697096 0.0 -0.017257288098335266 -0.009779125452041626 -0.30890536308288574 
1713 9.172722101211548 0.127664853092283 0.2323288279958068 0.0 -0.017257288098335266 -0.009779125452041626 -0.30890536308288574 
1714 9.17829966545105 0.12774797565862536 0.23247551494464266 0.0 -0.017257288098335266 -0.009779125452041626 -0.30890536308288574 
1715 9.18376874923706 0.12783109822496772 0.23262220189347851 0.0 -0.017257288098335266 -0.009779125452041626 -0.30890536308288574 
1716 9.189182758331299 0.12791422079131007 0.23276888884231434 0.0 -0.017257288098335266 -0.009779125452041626 -0.30890536308288574 
1717 9.19460916519165 0.12799734335765242 0.2329155757911502 0.0 -0.017257288098335266 -0.009779125452041626 -0.30890536308288574 
1718 9.200007677078247 0.12808046592399477 0.23306226273998604 0.0 -0.017257288098335266 -0.009779125452041626 -0.30890536308288574 
1719 9.2054123878479 0.12816358849033713 0.2332089496888219 0.0 -0.017257288098335266 -0.009779125452041626 -0.30890536308288574 
1720 9.210812330245972 0.12824671105667948 0.23335563663765774 0.0 -0.017257288098335266 -0.009779125452041626 -0.30890536308288574 
1721 9.216579675674438 0.12832983362302183 0.2335023235864936 0.0 -0.017257288098335266 -0.009779125452041626 -0.30890536308288574 
1722 9.2220938205719 0.12841295618936419 0.23364901053532944 0.0 -0.017257288098335266 -0.009779125452041626 -0.30890536308288574 
1723 9.227946519851685 0.12849607875570654 0.2337956974841653 0.0 -0.017257288098335266 -0.009779125452041626 -0.30890536308288574 
1724 9.233534812927246 0.1285792013220489 0.23394238443300114 0.0 -0.017257288098335266 -0.009779125452041626 -0.30890536308288574 
1725 9.239246606826782 0.12866232388839124 0.234089071381837 0.0 -0.017257288098335266 -0.009779125452041626 -0.30890536308288574 
1726 9.245002031326294 0.1287454464547336 0.23423575833067284 0.0 -0.017257288098335266 -0.009779125452041626 -0.30890536308288574 
1727 9.250685214996338 0.12882856902107595 0.2343824452795087 0.0 -0.017257288098335266 -0.009779125452041626 -0.30890536308288574 
1728 9.256123781204224 0.1289116915874183 0.23452913222834454 0.0 -0.017257288098335266 -0.009779125452041626 -0.30890536308288574 
1729 9.26159954071045 0.12899481415376066 0.2346758191771804 0.0 -0.017257288098335266 -0.009779125452041626 -0.30890536308288574 
1730 9.266969680786133 0.129077936720103 0.23482250612601624 0.0 -0.017257288098335266 -0.009779125452041626 -0.30890536308288574 
1731 9.27263855934143 0.12916105928644536 0.2349691930748521 0.0 -0.017257288098335266 -0.009779125452041626 -0.30890536308288574 
1732 9.278167963027954 0.12924418185278772 0.23511588002368794 0.0 -0.017257288098335266 -0.009779125452041626 -0.30890536308288574 
1733 9.283807277679443 0.12932730441913007 0.2352625669725238 0.0 -0.017257288098335266 -0.009779125452041626 -0.30890536308288574 
1734 9.289230823516846 0.12941042698547242 0.23540925392135964 0.0 -0.017257288098335266 -0.009779125452041626 -0.30890536308288574 
1735 9.294590950012207 0.12949354955181477 0.2355559408701955 0.0 -0.017257288098335266 -0.009779125452041626 -0.30890536308288574 
1736 9.299951791763306 0.12957667211815713 0.23570262781903134 0.0 -0.017257288098335266 -0.009779125452041626 -0.30890536308288574 
1737 9.30546259880066 0.12965979468449948 0.2358493147678672 0.0 -0.017257288098335266 -0.009779125452041626 -0.30890536308288574 
1738 9.310814380645752 0.12974291725084183 0.23599600171670304 0.0 -0.017257288098335266 -0.009779125452041626 -0.30890536308288574 
1739 9.316201210021973 0.12982603981718419 0.2361426886655389 0.0 -0.017257288098335266 -0.009779125452041626 -0.30890536308288574 
1740 9.321547746658325 0.12990916238352654 0.23628937561437474 0.0 -0.017257288098335266 -0.009779125452041626 -0.30890536308288574 
1741 9.327053308486938 0.1299922849498689 0.23643606256321056 0.0 -0.017257288098335266 -0.009779125452041626 -0.30890536308288574 
1742 9.332602977752686 0.13007540751621124 0.23658274951204641 0.0 -0.017257288098335266 -0.009779125452041626 -0.30890536308288574 
1743 9.338128805160522 0.1301585300825536 0.23672943646088226 0.0 -0.017257288098335266 -0.009779125452041626 -0.30890536308288574 
1744 9.344242811203003 0.13024165264889595 0.23687612340971811 0.0 -0.017257288098335266 -0.009779125452041626 -0.30890536308288574 
1745 9.35003113746643 0.1303247752152383 0.23702281035855396 0.0 -0.017257288098335266 -0.009779125452041626 -0.30890536308288574 
1746 9.355656862258911 -1.0 1.0 0.0 -0.43910200893878937 0.06135924160480499 -0.33133983612060547 
1747 9.361758470535278 -0.6681884784586728 1.0 0.0 -0.4368010312318802 0.060400500893592834 -0.33728402853012085 
1748 9.367686986923218 -0.6576682152412832 1.0 0.0 -0.434500053524971 0.059441760182380676 -0.34322816133499146 
1749 9.373157739639282 -0.6388913728930057 1.0 0.0 -0.4295146316289902 0.058099523186683655 -0.3551165461540222 
1750 9.378537893295288 -0.6445591589622199 1.0 0.0 -0.4266384094953537 0.05771602690219879 -0.3608689308166504 
1751 9.3846595287323 -0.644760493118316 1.0 0.0 -0.4235704690217972 0.05752427875995636 -0.36662137508392334 
1752 9.390213251113892 -0.6430427159927786 1.0 0.0 -0.4201190024614334 0.05733253061771393 -0.3723738193511963 
1753 9.39574384689331 -0.6330748791731894 1.0 0.0 -0.4168592840433121 0.05675728619098663 -0.37812626361846924 
1754 9.4012131690979 -0.6228132212050259 1.0 0.0 -0.4135995954275131 0.0559903085231781 -0.383686900138855 
1755 9.406725645065308 -0.5938409812487662 1.0 0.0 -0.4063131660223007 0.054264575242996216 -0.3940412998199463 
1756 9.412150382995605 -0.5909384883530439 1.0 0.0 -0.4024782329797745 0.05330583453178406 -0.3988350033760071 
1757 9.417525053024292 -0.5844821353890002 1.0 0.0 -0.3988350182771683 0.05253884196281433 -0.40324515104293823 
1758 9.423077583312988 -0.5884744263179601 1.0 0.0 -0.3951918035745621 0.0523470938205719 -0.40765535831451416 
1759 9.428581953048706 -0.5825884282030166 1.0 0.0 -0.39154861867427826 0.051963597536087036 -0.41110682487487793 
1760 9.433983087539673 -0.5744924368746579 1.0 0.0 -0.3877136558294296 0.05138835310935974 -0.41436654329299927 
1761 9.439600706100464 -0.5518124982230366 1.0 0.0 -0.38368694484233856 0.050046131014823914 -0.4174345135688782 
1762 9.445414543151855 -0.5244179621078074 1.0 0.0 -0.37889327108860016 0.0481286495923996 -0.4205024838447571 
1763 9.450953006744385 -0.544001869853586 1.0 0.0 -0.37889327108860016 0.0481286495923996 -0.4205024838447571 
1764 9.456332445144653 -0.3629459877610207 1.0 0.0 -0.36182771623134613 0.039691753685474396 -0.42989808320999146 
1765 9.461682319641113 -0.3610441339723766 1.0 0.0 -0.3555000573396683 0.035665057599544525 -0.4331578016281128 
1766 9.467042684555054 -0.3067574649713934 1.0 0.0 -0.34878890216350555 0.031254857778549194 -0.43660926818847656 
1767 9.472733974456787 -0.2521442919559777 1.0 0.0 -0.341885969042778 0.02665291726589203 -0.44025248289108276 
1768 9.478389501571655 -0.1911609795279801 1.0 0.0 -0.33479131758213043 0.02166748046875 -0.44389569759368896 
1769 9.483947038650513 -0.12159760897979144 1.0 0.0 -0.3278884142637253 0.016106799244880676 -0.4477306008338928 
1770 9.489586591720581 -0.05773941690847281 1.0 0.0 -0.3211772292852402 0.010546118021011353 -0.45156556367874146 
1771 9.495283842086792 0.11339530830457803 1.0 0.0 -0.3146578222513199 0.0 -0.45520877838134766 
1772 9.500840187072754 0.007934128094464504 1.0 0.0 -0.30775491893291473 0.0 -0.45885199308395386 
1773 9.506568193435669 0.29662837105989454 1.0 0.0 -0.29337383806705475 -0.01342233270406723 -0.46652185916900635 
1774 9.51199197769165 0.2821210459508001 1.0 0.0 -0.2858956903219223 -0.018983013927936554 -0.47074031829833984 
1775 9.517486572265625 0.34627742130868133 1.0 0.0 -0.27822576463222504 -0.02454369142651558 -0.47495877742767334 
1776 9.522960901260376 0.4022327499687671 1.0 0.0 -0.2703641206026077 -0.02972087636590004 -0.47936898469924927 
1777 9.528438806533813 0.35071352802403266 1.0 0.0 -0.2703641206026077 -0.02972087636590004 -0.47936898469924927 
1778 9.533961534500122 0.5654247703012079 1.0 0.0 -0.2540655881166458 -0.039691753685474396 -0.4885728359222412 
1779 9.53963327407837 0.5609099996108562 1.0 0.0 -0.24601216614246368 -0.04410194605588913 -0.49355828762054443 
1780 9.54507040977478 0.6037912153378129 1.0 0.0 -0.2383422702550888 -0.0481286458671093 -0.4983519911766052 
1781 9.550911664962769 0.6422932338956743 1.0 0.0 -0.23067237436771393 -0.0517718531191349 -0.5033374428749084 
1782 9.556504964828491 0.7465241286922246 1.0 0.0 -0.21456556022167206 -0.058291271328926086 -0.5138835310935974 
1783 9.561996936798096 0.7519368756832555 1.0 0.0 -0.20651216804981232 -0.06155098043382168 -0.5196359753608704 
1784 9.567417860031128 0.7817259914157911 1.0 0.0 -0.19845877587795258 -0.0644271932542324 -0.5257719159126282 
1785 9.572834730148315 0.8071261680927128 1.0 0.0 -0.1907888799905777 -0.06691991351544857 -0.5320995450019836 
1786 9.578216791152954 0.828134008617606 1.0 0.0 -0.18331070244312286 -0.0690291365608573 -0.5388107299804688 
1787 9.583667516708374 0.8488705548103899 1.0 0.0 -0.17583255469799042 -0.07094661239534616 -0.5457136631011963 
1788 9.589075326919556 0.8632924618534743 1.0 0.0 -0.16892963647842407 -0.07248059287667274 -0.5528082847595215 
1789 9.594518899917603 0.8774381663762033 1.0 0.0 -0.16202673316001892 -0.07382282614707947 -0.5599029660224915 
1790 9.60000729560852 0.8893885571048594 1.0 0.0 -0.155315563082695 -0.07497331220656633 -0.5671893954277039 
1791 9.605628728866577 0.8908935743533074 1.0 0.0 -0.14841264486312866 -0.07554855477064848 -0.5748592615127563 
1792 9.611186265945435 0.8857833114280365 1.0 0.0 -0.14841264486312866 -0.07554855477064848 -0.5748592615127563 
1793 9.616951942443848 0.8740528694540262 1.0 0.0 -0.12847089767456055 -0.07497331220656633 -0.5974854826927185 
1794 9.622474908828735 0.8598215537555516 1.0 0.0 -0.12233497202396393 -0.0740145742893219 -0.6049636602401733 
1795 9.627991437911987 0.8494170423164032 1.0 0.0 -0.11581555008888245 -0.07305583637207747 -0.6126335859298706 
1796 9.63344931602478 0.8513769862945191 1.0 0.0 -0.10872089862823486 -0.07267234101891518 -0.6208786964416504 
1797 9.638945817947388 0.8682022594143636 1.0 0.0 -0.10124273598194122 -0.07324758358299732 -0.6293156147003174 
1798 9.64445972442627 0.8919418625305406 1.0 0.0 -0.09338109195232391 -0.07458981685340405 -0.6383277177810669 
1799 9.6499183177948 0.9368923918628134 1.0 0.0 -0.0860946774482727 -0.07727428339421749 -0.6473398804664612 
1800 9.65549087524414 0.9478223919635638 1.0 0.0 -0.07957525551319122 -0.0790000120177865 -0.6559685170650482 
1801 9.661280870437622 0.9394850056178402 0.9709175419919189 0.0 -0.07420632243156433 -0.0793835069052875 -0.664021909236908 
1802 9.666947841644287 0.8332197340705897 0.7777853725068269 0.0 -0.06270146369934082 -0.07458981685340405 -0.6784029901027679 
1803 9.672528982162476 0.80755497983261 0.7407714510783551 0.0 -0.05560680478811264 -0.07113835960626602 -0.6853058934211731 
1804 9.678021907806396 0.7808112049128394 0.6554710119217632 0.0 -0.04832039773464203 -0.0682621467858553 -0.6922088265419006 
1805 9.683596134185791 0.8101535613646265 0.7287458058372138 0.0 -0.04832039773464203 -0.0682621467858553 -0.6922088265419006 
1806 9.689006328582764 0.7653675457087811 0.5848094878606496 0.0 -0.04160923510789871 -0.06615292280912399 -0.6991117298603058 
1807 9.694467544555664 0.6426749638372566 0.41307096841931323 0.0 -0.030487872660160065 -0.05944175645709038 -0.7108083367347717 
1808 9.699965715408325 0.5906899701838847 0.4131902575455604 0.0 -0.025310687720775604 -0.053881075233221054 -0.7154102623462677 
1809 9.705444574356079 0.481786655617645 0.35794798043370224 0.0 -0.020325250923633575 -0.04621117189526558 -0.7192452251911163 
1810 9.710946321487427 0.36504094371735113 0.3131183301880953 0.0 -0.015915051102638245 -0.03719903528690338 -0.7223131954669952 
1811 9.717340469360352 -0.039425846232334194 0.015046729691326366 0.0 0.0 -0.014189325273036957 -0.7265316247940063 
1812 9.722827911376953 -0.11439923946396452 0.1741972407177088 0.0 0.0 0.0 -0.7288326025009155 
1813 9.728421926498413 -0.16221939218253834 0.1741972407177088 0.0 0.0 0.008820392191410065 -0.7315170764923096 
1814 9.733942747116089 -0.2926731932221447 0.1741972407177088 0.0 0.0 0.018983013927936554 -0.7347767949104309 
1815 9.73948359489441 -0.38504595184163193 0.1741972407177088 0.0 0.0 0.02799515426158905 -0.738995224237442 
1816 9.744978904724121 -0.48899996743188245 0.1741972407177088 0.0 0.0 0.03700728714466095 -0.7437889277935028 
1817 9.75046968460083 -0.593030660657445 -0.05675815365463521 0.0 0.010737866163253784 0.04601942002773285 -0.7491578459739685 
1818 9.755949258804321 -0.6930140625967179 -0.04020317156612899 0.0 0.014956310391426086 0.05483981966972351 -0.7543350458145142 
1819 9.76148796081543 -0.8032378796769772 -0.08062991589494073 0.0 0.018791262060403824 0.06404370069503784 -0.7597039639949799 
1820 9.76706862449646 -0.8932082562430297 -0.1290483978223058 0.0 0.022817961871623993 0.07248058915138245 -0.7646894156932831 
1821 9.773887634277344 -1.0 -0.319930746758357 0.0 0.03355582803487778 0.08436894416809082 -0.7735098004341125 
1822 9.779616355895996 -1.0 -0.3530602562921124 0.0 0.04007524810731411 0.08782041072845459 -0.7779200077056885 
1823 9.785117149353027 -1.0 -0.44080220643151574 0.0 0.04716990888118744 0.09050486981868744 -0.7821384370326996 
1824 9.79057502746582 -1.0 -0.5352246788940395 0.0 0.05483981315046549 0.09261409938335419 -0.7861651480197906 
1825 9.796241044998169 -1.0 -0.7765554318593352 0.0 0.06960437865927815 0.0951068103313446 -0.7944102883338928 
1826 9.801648378372192 -1.0 -0.6295014139898123 0.0 0.06960437865927815 0.0951068103313446 -0.7944102883338928 
1827 9.807037591934204 -1.0 -0.8569242406790147 0.0 0.0801504971459508 0.09529855847358704 -0.8009296953678131 
1828 9.812432050704956 -1.0 -0.8140073785171846 0.0 0.0830267108976841 0.09491506218910217 -0.8032306730747223 
1829 9.817790746688843 -1.0 -0.8271929970285857 0.0 0.08494418673217297 0.09414806962013245 -0.8049564063549042 
1830 9.823171138763428 -1.0 -0.8334854736500421 0.0 0.08609467186033726 0.09299759566783905 -0.8055316507816315 
1831 9.828833818435669 -1.0 -0.8350850718314762 0.0 0.08666991628706455 0.09184710681438446 -0.8047646582126617 
1832 9.83430552482605 -1.0 -0.8341934967073614 0.0 0.08686166256666183 0.09050486981868744 -0.8032306730747223 
1833 9.839956045150757 -0.997412868587533 -0.8330143580432052 0.0 0.08686166256666183 0.08916263282299042 -0.8009296953678131 
1834 9.845452308654785 -0.9744755071683322 -0.8420011120098645 0.0 0.0872451588511467 0.08743691444396973 -0.7984369993209839 
1835 9.850999593734741 -0.9924759047313128 -0.8389077330152506 0.0 0.0872451588511467 0.08743691444396973 -0.7984369993209839 
1836 9.856452226638794 -0.8571203467308078 -0.9097607701481322 0.0 0.09050486795604229 0.08110924065113068 -0.7894248366355896 
1837 9.862413883209229 -0.8798443640305196 -0.8985539649385029 0.0 0.09146360494196415 0.07919175922870636 -0.7861651480197906 
1838 9.868032217025757 -0.8502020497007762 -0.9103650702456946 0.0 0.09242234379053116 0.07689079642295837 -0.7827136814594269 
1839 9.873629331588745 -0.8243746705187951 -0.9139358763718048 0.0 0.0929975863546133 0.0745898187160492 -0.7792622148990631 
1840 9.879139423370361 -0.7902797727047001 -0.9048497152975762 0.0 0.09280583821237087 0.07190535962581635 -0.7756190299987793 
1841 9.884831666946411 -0.7558723354025279 -0.9034318714900875 0.0 0.09261409193277359 0.06902913749217987 -0.7721675634384155 
1842 9.890323638916016 -0.7151099713130389 -0.8978881242326462 0.0 0.09223059564828873 0.06576943397521973 -0.7685243487358093 
1843 9.896030187606812 -0.6657817483230029 -0.8777618377613836 0.0 0.09108011052012444 0.061934471130371094 -0.7650729119777679 
1844 9.901474475860596 -0.6180496270118747 -0.8487988409963438 0.0 0.08916263468563557 0.05790777504444122 -0.7616214454174042 
1845 9.90711498260498 -0.48559241843060597 -0.7285085551394151 0.0 0.08264321554452181 0.04985438287258148 -0.7552937865257263 
1846 9.912529945373535 -0.4840658040551935 -0.7201695657139646 0.0 0.07919175922870636 0.04601942002773285 -0.7524175643920898 
1847 9.917937755584717 -0.4444468346445356 -0.689370000428986 0.0 0.07612379733473063 0.04237622022628784 -0.7497330904006958 
1848 9.923322200775146 -0.4812390305309091 -0.7206966716460885 0.0 0.07612379733473063 0.04237622022628784 -0.7497330904006958 
1849 9.928701877593994 -0.41561194997490386 -0.6553564655268567 0.0 0.07305583544075489 0.03930825740098953 -0.7472403645515442 
1850 9.934077262878418 -0.3352722161470447 -0.5423099425929834 0.0 0.06634466932155192 0.03413107246160507 -0.7428301870822906 
1851 9.939653635025024 -0.32547111614630564 -0.5233772655924551 0.0 0.062317969743162394 0.031254857778549194 -0.7409127056598663 
1852 9.945103883743286 -0.2926358657574747 -0.4610688816382319 0.0 0.057524279691278934 0.028378643095493317 -0.7391869723796844 
1853 9.950606346130371 -0.2597763277946506 -0.39814123623434006 0.0 0.0523470938205719 0.025502435863018036 -0.737652987241745 
1854 9.95604681968689 -0.21864367747888902 -0.3390045629701346 0.0 0.04716990888118744 0.022242724895477295 -0.7365024983882904 
1855 9.96145510673523 -0.16894571221829396 -0.28394808923813997 0.0 0.04218447208404541 0.01840776950120926 -0.7353520393371582 
1856 9.967021942138672 -0.11671932452009062 -0.21868332803610263 0.0 0.03681553900241852 0.014189325273036957 -0.7347767949104309 
1857 9.972574472427368 0.14616672656848093 -0.03760598164412676 0.0 0.025885924696922302 0.0 -0.7345850467681885 
1858 9.97808289527893 0.004273473838111347 -0.044017102625104776 0.0 0.021092236042022705 0.0 -0.7345850467681885 
1859 9.986412286758423 0.004273473838111347 0.010971859378856447 0.0 0.01629854366183281 0.0 -0.7345850467681885 
1860 9.992044448852539 0.004273473838111347 0.3134536243063629 0.0 0.0 0.0 -0.7351602911949158 
1861 9.99767541885376 0.21873200854077002 0.1504681876880348 0.0 0.0 -0.009970873594284058 -0.7353520393371582 
1862 10.003149271011353 0.11910802502348083 0.1504681876880348 0.0 0.0 -0.009970873594284058 -0.7353520393371582 
1863 10.008701086044312 0.16868319620727557 0.1504681876880348 0.0 0.0 -0.01227184385061264 -0.7353520393371582 
1864 10.014305114746094 0.2076408678272273 0.1504681876880348 0.0 0.0 -0.015148058533668518 -0.736310750246048 
1865 10.019891738891602 0.20375276899873276 0.3896720118952215 0.0 -0.011121362447738647 -0.016298547387123108 -0.7370777428150177 
1866 10.025532007217407 0.21713154737069268 0.3362917675917268 0.0 -0.013805828988552094 -0.0174490287899971 -0.7378447353839874 
1867 10.031168460845947 0.22227190975635308 0.35493065557081704 0.0 -0.015915051102638245 -0.018216021358966827 -0.7386117279529572 
1868 10.036628484725952 0.202384175495943 0.3958367758748353 0.0 -0.018791265785694122 -0.017640776932239532 -0.740337461233139 
1869 10.042057752609253 0.20828656636714 0.3672343548034549 0.0 -0.018791265785694122 -0.017640776932239532 -0.740337461233139 
1870 10.047580242156982 0.17956716879992743 0.3962635849845827 0.0 -0.020133502781391144 -0.016298547387123108 -0.7422549426555634 
1871 10.053154945373535 0.18900378698646086 0.41188169397239094 0.0 -0.02147573232650757 -0.016106799244880676 -0.7432136833667755 
1872 10.058597803115845 0.18280974636762398 0.42338723175053006 0.0 -0.022626221179962158 -0.015723302960395813 -0.7439806759357452 
1873 10.064081192016602 0.16203306778310794 0.40795045117859247 0.0 -0.022434473037719727 -0.014572814106941223 -0.7449394166469574 
1874 10.069485902786255 0.13654405123158353 0.3646924217810154 0.0 -0.020325250923633575 -0.012847088277339935 -0.746089905500412 
1875 10.074860572814941 0.1250411656068172 0.32821855896164176 0.0 -0.01764078438282013 -0.01150485873222351 -0.7474321126937866 
1876 10.08039927482605 0.11794017777009863 0.2933501075265229 0.0 -0.014764569699764252 -0.010546118021011353 -0.7487743496894836 
1877 10.086086988449097 0.10699615229829211 0.24800204493675826 0.0 -0.011313110589981079 -0.009587377309799194 -0.7499248385429382 
1878 10.091574668884277 0.11666505211754698 0.2826127974746049 0.0 -0.011313110589981079 -0.009587377309799194 -0.7499248385429382 
1879 10.097079992294312 -0.0894635600431357 0.039380919790011654 0.0 0.0 0.0 -0.7531845569610596 
1880 10.102434635162354 0.006410213054856248 0.15251202568982244 0.0 0.0 0.0 -0.7543350458145142 
1881 10.108010530471802 0.006410213054856248 -0.04544972946855724 0.0 0.00920388475060463 0.0 -0.7556772828102112 
1882 10.113516569137573 0.006410213054856248 -0.04422152266453505 0.0 0.013422328978776932 0.0 -0.7570195198059082 
1883 10.118942737579346 0.006410213054856248 -0.09288365798618198 0.0 0.017640776932239532 0.0 -0.7583617269992828 
1884 10.124303579330444 -0.23279361115233044 -0.14158161286253035 0.0 0.021859224885702133 0.011121362447738647 -0.7597039639949799 
1885 10.129662990570068 -0.19591022651852114 -0.19031542454648315 0.0 0.026077672839164734 0.01457282155752182 -0.7610462009906769 
1886 10.135040283203125 -0.23163083749846558 -0.24320930795546172 0.0 0.030487868934869766 0.017832525074481964 -0.7625801861286163 
1887 10.140395879745483 -0.26104844230250457 -0.29834733140084446 0.0 0.03508980944752693 0.020708739757537842 -0.7641141712665558 
1888 10.145770072937012 -0.28607695343554956 -0.3474828923790485 0.0 0.039500005543231964 0.023201458156108856 -0.7656481564044952 
1889 10.15109920501709 -0.314961615519831 -0.39444912921346276 0.0 0.043718451634049416 0.02569417655467987 -0.7673738896846771 
1890 10.15650486946106 -0.3356191961264704 -0.44336876295122807 0.0 0.047936899587512016 0.02780340611934662 -0.7690995931625366 
1891 10.16234302520752 -0.33950835868553264 -0.49644840972486437 0.0 0.0523470938205719 0.02895388752222061 -0.7706335783004761 
1892 10.168009996414185 -0.33649808253557423 -0.5352754956952996 0.0 0.05618204642087221 0.029337383806705475 -0.7717840671539307 
1893 10.173537492752075 -0.3411609172879253 -0.5798875750590816 0.0 0.06001699808984995 0.029720880091190338 -0.7733180522918701 
1894 10.179084062576294 -0.3664479260949884 -0.5626692273617957 0.0 0.06097573647275567 0.031063109636306763 -0.7742767930030823 
1895 10.184717655181885 -0.3862833864151035 -0.5659727519979936 0.0 0.061550979502499104 0.032597094774246216 -0.7758107781410217 
1896 10.190315246582031 -0.3877174700109754 -0.5648676999124002 0.0 0.06174272671341896 0.03336408734321594 -0.7773447632789612 
1897 10.195870876312256 -0.3803311390636955 -0.5634750409802657 0.0 0.06174272671341896 0.03336408734321594 -0.7788787186145782 
1898 10.201378345489502 -0.3764905188886915 -0.55987565927126 0.0 0.061550979502499104 0.03317233920097351 -0.7804127037525177 
1899 10.206815719604492 -0.3828141801117454 -0.5499437000009932 0.0 0.06097573647275567 0.03336408734321594 -0.7819466888904572 
1900 10.212386131286621 -0.3811802934317384 -0.49847558548103577 0.0 0.05829127039760351 0.03336408734321594 -0.7844394147396088 
1901 10.217966079711914 -0.3773396732567344 -0.4969462977343939 0.0 0.05694903712719679 0.03317233920097351 -0.7853981554508209 
1902 10.223538160324097 -0.367166474810103 -0.4819832729574993 0.0 0.055606803856790066 0.032597094774246216 -0.7861651480197906 
1903 10.229061603546143 -0.3525749197958503 -0.4546362345082455 0.0 0.0536893280223012 0.03163835406303406 -0.7869321405887604 
1904 10.23445725440979 -0.3459343932478223 -0.43714951804128965 0.0 0.051963599398732185 0.03087136149406433 -0.7876991331577301 
1905 10.239864349365234 -0.33737002609134653 -0.41773064074048327 0.0 0.0502378698438406 0.0301043763756752 -0.7882743775844574 
1906 10.245306730270386 -0.3329231197221671 -0.3982971441143893 0.0 0.04851214215159416 0.029529131948947906 -0.7890413701534271 
1907 10.250686168670654 -0.3389265616110061 -0.4159667742451422 0.0 0.04851214215159416 0.029529131948947906 -0.7890413701534271 
1908 10.25607180595398 -0.3020597852265928 -0.3132740349568196 0.0 0.043718451634049416 0.02780340611934662 -0.7905753254890442 
1909 10.261451482772827 -0.29893229788751347 -0.295595308605931 0.0 0.040650490671396255 0.02684466540813446 -0.7913423180580139 
1910 10.266828060150146 -0.2592574658973609 -0.17402489608561178 0.0 0.03355582803487778 0.024543695151805878 -0.7926845550537109 
1911 10.27254867553711 -0.25773050036490897 -0.17102111885172805 0.0 0.030104372650384903 0.023393206298351288 -0.7934515476226807 
1912 10.278043985366821 -0.24468910189927562 -0.13568006651883505 0.0 0.026844661682844162 0.022242724895477295 -0.7942185401916504 
1913 10.283604145050049 -0.23988611941994173 -0.10664237243344568 0.0 0.023968450725078583 0.02147573232650757 -0.7947937846183777 
1914 10.289190530776978 -0.22299329932988626 -0.06962093541433595 0.0 0.020900487899780273 0.02032524347305298 -0.795369029045105 
1915 10.294664859771729 -0.2058016082628165 -0.034490939386538494 0.0 0.017832525074481964 0.018983013927936554 -0.7957525253295898 
1916 10.300058364868164 -0.19463996982784015 -0.0034590805921473344 0.0 0.014956310391426086 0.017832525074481964 -0.7961360216140747 
1917 10.305494785308838 -0.1856755204892252 0.01714206269721008 0.0 0.012655340135097504 0.016873791813850403 -0.796711266040802 
1918 10.310895442962646 -0.1706609908214305 0.03526677866617656 0.0 0.010737866163253784 0.015723302960395813 -0.7972865104675293 
1919 10.316298484802246 -0.15755439817742448 0.05724283613415876 0.0 0.008820388466119766 0.01457282155752182 -0.7976700067520142 
1920 10.321755409240723 -0.14031357676745396 0.22770641118439355 0.0 0.0 0.013230584561824799 -0.7982452511787415 
1921 10.327605485916138 -0.12085484760464174 0.1395025265231959 0.0 0.0 0.011696606874465942 -0.7984369993209839 
1922 10.333063840866089 -0.09505189646244984 0.1395025265231959 0.0 0.0 0.009779125452041626 -0.7988204956054688 
1923 10.338618040084839 -0.09781313383416276 0.1395025265231959 0.0 0.0 0.009012140333652496 -0.7992039918899536 
1924 10.344167470932007 0.08827803215547461 0.1395025265231959 0.0 0.0 0.0 -0.7995874881744385 
1925 10.349565982818604 -0.0018433711810503543 0.1395025265231959 0.0 0.0 0.0 -0.7997792065143585 
1926 10.354966640472412 -0.0018433711810503543 0.1395025265231959 0.0 0.0 0.0 -0.8001627027988434 
1927 10.360464811325073 -0.0018433711810503543 0.1395025265231959 0.0 0.0 0.0 -0.8003544509410858 
1928 10.36587381362915 -0.0018433711810503543 0.1395025265231959 0.0 0.0 0.0 -0.8005461990833282 
1929 10.371255159378052 -0.0018433711810503543 0.1395025265231959 0.0 0.0 0.0 -0.8007379472255707 
1930 10.376754522323608 -0.0018433711810503543 0.1395025265231959 0.0 0.0 0.0 -0.8007379472255707 
1931 10.38255000114441 -0.0018433711810503543 0.1395025265231959 0.0 0.0 0.0 -0.8005461990833282 
1932 10.388065099716187 -0.0018433711810503543 0.1395025265231959 0.0 0.0 0.0 -0.8005461990833282 
1933 10.393633365631104 -0.21217769096628766 0.1395025265231959 0.0 0.0 0.009779125452041626 -0.8005461990833282 
1934 10.39920973777771 -0.15158749326900584 -0.07908022309688412 0.0 0.01016262173652649 0.01150485873222351 -0.8007379472255707 
1935 10.40471601486206 -0.17979415560723286 -0.018782376939780326 0.0 0.012080095708370209 0.013614080846309662 -0.8007379472255707 
1936 10.410125732421875 -0.158817654153565 0.0002896819651357352 0.0 0.012080095708370209 0.013614080846309662 -0.8007379472255707 
1937 10.415534257888794 -0.24141751193837266 -0.09054548665543577 0.0 0.01629854366183281 0.017449036240577698 -0.8005461990833282 
1938 10.420960664749146 -0.2403340488097165 -0.09386582870816368 0.0 0.01840776950120926 0.019174762070178986 -0.8003544509410858 
1939 10.42637825012207 -0.26448176491470077 -0.12654467003082415 0.0 0.020900487899780273 0.021092236042022705 -0.8001627027988434 
1940 10.431775093078613 -0.2826042434594129 -0.15953398878534814 0.0 0.02358495444059372 0.02281796932220459 -0.799970954656601 
1941 10.437399864196777 -0.3232797119899188 -0.2442432777587094 0.0 0.02876213937997818 0.025502435863018036 -0.799970954656601 
1942 10.442953109741211 -0.3172727316229139 -0.23395789547299525 0.0 0.0306796133518219 0.026461169123649597 -0.7997792065143585 
1943 10.44846773147583 -0.32028296370641335 -0.2521617865994342 0.0 0.032405342906713486 0.027036413550376892 -0.7997792065143585 
1944 10.453885793685913 -0.3188845438717399 -0.2722977905966111 0.0 0.03413107246160507 0.027228161692619324 -0.799970954656601 
1945 10.459273338317871 -0.31719850182370285 -0.29244846329500457 0.0 0.03585680201649666 0.027228161692619324 -0.7997792065143585 
1946 10.464816331863403 -0.3133057262806688 -0.30848954971449005 0.0 0.037390781566500664 0.027036413550376892 -0.7995874881744385 
1947 10.470290660858154 -0.31132880230084997 -0.3182127852368869 0.0 0.038541266694664955 0.02684466540813446 -0.7992039918899536 
1948 10.475742816925049 -0.3011018186269794 -0.31528396455699137 0.0 0.03892476297914982 0.026269420981407166 -0.7990122437477112 
1949 10.481136798858643 -0.2905808535537217 -0.32002825196960494 0.0 0.03930825740098953 0.025502435863018036 -0.7988204956054688 
1950 10.486640214920044 -0.290219045607606 -0.31240321302169494 0.0 0.0391165092587471 0.025118939578533173 -0.7986287474632263 
1951 10.492226123809814 -0.29426751943887214 -0.31465318477281856 0.0 0.0391165092587471 0.025118939578533173 -0.7986287474632263 
1952 10.498789072036743 -0.2449906116670464 -0.26137104142585327 0.0 0.036623790860176086 0.02281796932220459 -0.7982452511787415 
1953 10.504283428192139 -0.24757319238246422 -0.2659885331721746 0.0 0.03566505387425423 0.02185922861099243 -0.7982452511787415 
1954 10.509677648544312 -0.22847689851582986 -0.25113384661020266 0.0 0.034514568746089935 0.02051699161529541 -0.7982452511787415 
1955 10.515118598937988 -0.20908010381297212 -0.23818678222165932 0.0 0.033364079892635345 0.018983013927936554 -0.798053503036499 
1956 10.520621061325073 -0.17921503246412615 -0.22110584113874962 0.0 0.03202184662222862 0.016873791813850403 -0.798053503036499 
1957 10.526055335998535 -0.159208531661192 -0.20180680045054783 0.0 0.030487868934869766 0.014956310391426086 -0.7978617548942566 
1958 10.531521558761597 -0.141392700517783 -0.18028787007869712 0.0 0.02876213937997818 0.013230584561824799 -0.7976700067520142 
1959 10.536982774734497 -0.07215422601834875 -0.12355401567497781 0.0 0.025310683995485306 0.009203888475894928 -0.7972865104675293 
1960 10.54238224029541 0.08546241535409349 -0.12529007111990384 0.0 0.02377670258283615 0.0 -0.7970947623252869 
1961 10.54812502861023 -0.006576469404855782 -0.11196256292180651 0.0 0.022434469312429428 0.0 -0.7969030141830444 
1962 10.553712844848633 -0.006576469404855782 -0.10083037923590771 0.0 0.021283984184265137 0.0 -0.7965195178985596 
1963 10.5592041015625 -0.006576469404855782 -0.08777085487858882 0.0 0.020133495330810547 0.0 -0.7961360216140747 
1964 10.56467604637146 -0.006576469404855782 -0.07057745382690359 0.0 0.018791262060403824 0.0 -0.7959442734718323 
1965 10.57007384300232 -0.006576469404855782 -0.08415951225848425 0.0 0.018791262060403824 0.0 -0.7959442734718323 
1966 10.575466632843018 -0.006576469404855782 -0.026580389392911685 0.0 0.016106795519590378 0.0 -0.7951772809028625 
1967 10.580871820449829 -0.006576469404855782 -0.02469253826641965 0.0 0.014764562249183655 0.0 -0.7946020364761353 
1968 10.586427927017212 0.20375785038038152 -0.00937094545306194 0.0 0.013422328978776932 -0.009779125452041626 -0.7942185401916504 
1969 10.59188723564148 0.13079500793083565 0.0018378414256728925 0.0 0.01227184385061264 -0.010929614305496216 -0.7938350439071655 
1970 10.597324848175049 0.12763145095272915 0.019098103767842767 0.0 0.010929610580205917 -0.011313110589981079 -0.7932597994804382 
1971 10.603113174438477 0.11564421971305269 0.013831219083280083 0.0 0.010546118021011353 -0.010929614305496216 -0.7928763031959534 
1972 10.608604907989502 0.10719943952723403 0.022279296240419855 0.0 0.009970873594284058 -0.010354369878768921 -0.7924928069114685 
1973 10.614088773727417 0.10066725118621249 0.024690529382438153 0.0 0.009587377309799194 -0.009779125452041626 -0.7921093106269836 
1974 10.619515895843506 0.09000595835014243 0.02902242353989254 0.0 0.00920388475060463 -0.0090121328830719 -0.7915340662002563 
1975 10.624986410140991 -0.09608497294620615 0.02923347984498806 0.0 0.009012136608362198 0.0 -0.790958821773529 
1976 10.630483865737915 -0.005963644115487153 0.03136361017881403 0.0 0.008820388466119766 0.0 -0.7901918292045593 
1977 10.636016368865967 -0.005963644115487153 0.02524694053700635 0.0 0.009012136608362198 0.0 -0.789616584777832 
1978 10.64145016670227 -0.005963644115487153 0.014715254171401931 0.0 0.009587377309799194 0.0 -0.7890413701534271 
1979 10.646896362304688 -0.005963644115487153 -0.00023490610846810256 0.0 0.010546118021011353 0.0 -0.7884661257266998 
1980 10.652286291122437 -0.005963644115487153 0.009262859000474855 0.0 0.010546118021011353 0.0 -0.7884661257266998 
1981 10.65799880027771 -0.005963644115487153 -0.056813981305226025 0.0 0.013614077121019363 0.0 -0.7865486443042755 
1982 10.663604974746704 -0.005963644115487153 -0.05099531933979626 0.0 0.014764562249183655 0.0 -0.7857816517353058 
1983 10.669105052947998 -0.005963644115487153 -0.06023704142437811 0.0 0.015723302960395813 0.0 -0.7852064073085785 
1984 10.674501419067383 -0.005963644115487153 -0.07140427684912021 0.0 0.016682039946317673 0.0 -0.7846311628818512 
1985 10.679959535598755 -0.005963644115487153 -0.07845548387372428 0.0 0.0174490287899971 0.0 -0.7840559184551239 
1986 10.685365676879883 -0.005963644115487153 -0.08330655693390901 0.0 0.018024273216724396 0.0 -0.783672422170639 
1987 10.690740823745728 -0.005963644115487153 -0.09007996374124225 0.0 0.01859951764345169 0.0 -0.7832889258861542 
1988 10.696128606796265 -0.005963644115487153 -0.09685818000079627 0.0 0.019174758344888687 0.0 -0.7829054296016693 
1989 10.701491594314575 -0.005963644115487153 -0.09951718826720055 0.0 0.01955825462937355 0.0 -0.7825219333171844 
1990 10.706925868988037 -0.005963644115487153 -0.10822103521355922 0.0 0.020133495330810547 0.0 -0.7821384370326996 
1991 10.712822914123535 -0.005963644115487153 -0.12326083749660785 0.0 0.021092236042022705 0.0 -0.7815631926059723 
1992 10.718292951583862 -0.005963644115487153 -0.12210106410027974 0.0 0.02147572860121727 0.0 -0.7813714444637299 
1993 10.723837852478027 -0.19567704956443055 -0.1308213269537085 0.0 0.022050973027944565 0.008820392191410065 -0.780987948179245 
1994 10.72923755645752 -0.10754810098395687 -0.12525631595717307 0.0 0.022050973027944565 0.008820392191410065 -0.780987948179245 
1995 10.734633684158325 -0.13236820357129914 -0.14606474368961092 0.0 0.023009710013866425 0.009970873594284058 -0.7806044518947601 
1996 10.740071058273315 -0.13332078672037465 -0.1490456011177742 0.0 0.02358495444059372 0.010546118021011353 -0.7804127037525177 
1997 10.745490074157715 -0.1400306292085443 -0.151742058798089 0.0 0.023968450725078583 0.011121362447738647 -0.7802209556102753 
1998 10.750876188278198 -0.14674536127434115 -0.15635917749383982 0.0 0.024351943284273148 0.011696606874465942 -0.7798374593257904 
1999 10.756285190582275 -0.15758903758437376 -0.15685545833723183 0.0 0.02454369142651558 0.012463591992855072 -0.779645711183548 
2000 10.761682748794556 -0.1665219866021071 -0.15927081320935424 0.0 0.02473543956875801 0.013230584561824799 -0.7794539630413055 
2001 10.767255783081055 -0.17133716563344936 -0.15756358302326434 0.0 0.02473543956875801 0.013805828988552094 -0.7792622148990631 
2002 10.772732973098755 -0.17807471566484315 -0.14952540442475612 0.0 0.024351943284273148 0.014381073415279388 -0.7786869704723358 
2003 10.778243064880371 -0.16832029560417872 -0.14531900907808476 0.0 0.023968450725078583 0.014189325273036957 -0.7783035039901733 
2004 10.783693790435791 -0.16210995645658116 -0.13698502174892954 0.0 0.023393206298351288 0.013805828988552094 -0.7779200077056885 
2005 10.789096117019653 -0.1454411942607258 -0.13056366351747448 0.0 0.022817961871623993 0.012847088277339935 -0.7775365114212036 
2006 10.79448676109314 -0.13864110220433218 -0.1241374958337986 0.0 0.022242721170186996 0.012080103158950806 -0.7773447632789612 
2007 10.800115823745728 -0.12579255967796785 -0.11358210630842977 0.0 0.02147572860121727 0.011121362447738647 -0.7769612669944763 
2008 10.80556321144104 -0.1148534237837885 -0.10906201106437974 0.0 0.020900487899780273 0.01016262173652649 -0.7767695188522339 
2009 10.810976028442383 -0.12452721318067056 -0.11499207222589786 0.0 0.020900487899780273 0.01016262173652649 -0.7767695188522339 
2010 10.816584587097168 0.09396915415464896 -0.08630030207650297 0.0 0.01955825462937355 0.0 -0.7761942744255066 
2011 10.822409629821777 -0.007657063210615931 -0.08751623519265586 0.0 0.018983010202646255 0.0 -0.7760025262832642 
2012 10.828075408935547 -0.007657063210615931 -0.06868482566752965 0.0 0.017832525074481964 0.0 -0.7756190299987793 
2013 10.833558320999146 -0.007657063210615931 -0.06384447386802669 0.0 0.017065536230802536 0.0 -0.7754272818565369 
2014 10.838983058929443 -0.007657063210615931 -0.05928677461051876 0.0 0.01649029180407524 0.0 -0.7752355337142944 
2015 10.844478130340576 -0.007657063210615931 -0.05693095652328367 0.0 0.016106795519590378 0.0 -0.7752355337142944 
2016 10.850149154663086 -0.007657063210615931 -0.0485302625031912 0.0 0.015531554818153381 0.0 -0.775043785572052 
2017 10.85565972328186 -0.007657063210615931 -0.03791782806383011 0.0 0.014764562249183655 0.0 -0.7748520374298096 
2018 10.861064195632935 -0.007657063210615931 -0.0333406879057878 0.0 0.014189321547746658 0.0 -0.7746602892875671 
2019 10.866459608078003 -0.007657063210615931 -0.030965274318470917 0.0 0.013805825263261795 0.0 -0.7744685411453247 
2020 10.87187147140503 -0.007657063210615931 -0.03079337176063593 0.0 0.013614077121019363 0.0 -0.7742767930030823 
2021 10.877500772476196 -0.007657063210615931 -0.032826572838588905 0.0 0.013614077121019363 0.0 -0.7740850448608398 
2022 10.882988452911377 -0.007657063210615931 -0.032942292494117564 0.0 0.013614077121019363 0.0 -0.7740850448608398 
2023 10.888634204864502 -0.007657063210615931 -0.04130644198448892 0.0 0.013997573405504227 0.0 -0.7738932967185974 
2024 10.894062757492065 -0.007657063210615931 -0.05821145297528739 0.0 0.014956310391426086 0.0 -0.7738932967185974 
2025 10.89945673942566 -0.007657063210615931 -0.05699964158923858 0.0 0.01533980667591095 0.0 -0.773701548576355 
2026 10.904870986938477 -0.007657063210615931 -0.05741928201855655 0.0 0.015531554818153381 0.0 -0.7738932967185974 
2027 10.910233497619629 -0.007657063210615931 -0.05975803372950787 0.0 0.015723302960395813 0.0 -0.7738932967185974 
2028 10.915671586990356 -0.007657063210615931 -0.062098415299668266 0.0 0.015915051102638245 0.0 -0.7738932967185974 
2029 10.92127513885498 -0.007657063210615931 -0.06444034660363133 0.0 0.016106795519590378 0.0 -0.7738932967185974 
2030 10.92676591873169 -0.007657063210615931 -0.07090824003086921 0.0 0.01649029180407524 0.0 -0.7738932967185974 
2031 10.932379722595215 -0.007657063210615931 -0.07546187450119789 0.0 0.016873788088560104 0.0 -0.7738932967185974 
2032 10.93795132637024 -0.007657063210615931 -0.08826711839938099 0.0 0.017640776932239532 0.0 -0.7738932967185974 
2033 10.943487405776978 -0.007657063210615931 -0.08899560640135343 0.0 0.018024273216724396 0.0 -0.7738932967185974 
2034 10.9489426612854 -0.007657063210615931 -0.08943806479626829 0.0 0.018216021358966827 0.0 -0.7738932967185974 
2035 10.954338073730469 -0.007657063210615931 -0.09592384939023788 0.0 0.01859951764345169 0.0 -0.7738932967185974 
2036 10.959775447845459 -0.007657063210615931 -0.09637111723737353 0.0 0.018791262060403824 0.0 -0.7738932967185974 
2037 10.965183734893799 -0.007657063210615931 -0.09461339879536562 0.0 0.018791262060403824 0.0 -0.7738932967185974 
2038 10.97057294845581 -0.007657063210615931 -0.11126998419256441 0.0 0.01955825462937355 0.0 -0.7738932967185974 
2039 10.976004123687744 -0.007657063210615931 -0.1120147335020595 0.0 0.019941750913858414 0.0 -0.7738932967185974 
2040 10.98142123222351 -0.19737046865955932 -0.11247341033199361 0.0 0.020133495330810547 0.008820392191410065 -0.7738932967185974 
2041 10.987075328826904 -0.11748994991392833 -0.11897553070762686 0.0 0.02051699161529541 0.009203888475894928 -0.7738932967185974 
2042 10.992639064788818 -0.1137332201211248 -0.11943917720892958 0.0 0.020708739757537842 0.009203888475894928 -0.7738932967185974 
2043 10.998512744903564 -0.1220598830080126 -0.12594614990928701 0.0 0.021092236042022705 0.009587384760379791 -0.7738932967185974 
2044 11.003919839859009 -0.11830641293362719 -0.12229047107079558 0.0 0.021092236042022705 0.009587384760379791 -0.7738932967185974 
2045 11.009473323822021 -0.13900882004038434 -0.13896653462143171 0.0 0.021859224885702133 0.010546118021011353 -0.7738932967185974 
2046 11.015034675598145 -0.13775955927209002 -0.1397308794310086 0.0 0.022242721170186996 0.010929614305496216 -0.7740850448608398 
2047 11.020528793334961 -0.13814171306625944 -0.13608497971610656 0.0 0.022242721170186996 0.011121362447738647 -0.7742767930030823 
2048 11.026157855987549 -0.1363187632246409 -0.1403982577634745 0.0 0.022434469312429428 0.011121362447738647 -0.7742767930030823 
2049 11.031698942184448 -0.13641329480544667 -0.13454725441278448 0.0 0.022242721170186996 0.011121362447738647 -0.7744685411453247 
2050 11.037090063095093 -0.12825939655140978 -0.1366537989651554 0.0 0.022242721170186996 0.010737866163253784 -0.7746602892875671 
2051 11.04280686378479 -0.12393720142380338 -0.13271864717768067 0.0 0.022050973027944565 0.010354369878768921 -0.7748520374298096 
2052 11.048293590545654 -0.10723926207632763 -0.13069934695342117 0.0 0.021859224885702133 0.00939563661813736 -0.7752355337142944 
2053 11.053784847259521 -0.10865802775905473 -0.13280263178737395 0.0 0.021859224885702133 0.009012140333652496 -0.7756190299987793 
2054 11.059196472167969 0.08126802656962531 -0.12886422028148103 0.0 0.0216674767434597 0.0 -0.7758107781410217 
2055 11.064748287200928 -0.008853376766899646 -0.13096587525622477 0.0 0.0216674767434597 0.0 -0.7761942744255066 
2056 11.070199251174927 -0.008853376766899646 -0.12702583389112282 0.0 0.02147572860121727 0.0 -0.776386022567749 
2057 11.07565426826477 -0.008853376766899646 -0.1291258590066575 0.0 0.02147572860121727 0.0 -0.7767695188522339 
2058 11.0811607837677 -0.008853376766899646 -0.1251842679077529 0.0 0.021283984184265137 0.0 -0.7771530151367188 
2059 11.086777210235596 -0.008853376766899646 -0.12728262594284045 0.0 0.021283984184265137 0.0 -0.7771530151367188 
2060 11.09227967262268 -0.008853376766899646 -0.11921510997356402 0.0 0.020900487899780273 0.0 -0.777728259563446 
2061 11.098004579544067 -0.008853376766899646 -0.1232277269655608 0.0 0.020900487899780273 0.0 -0.7779200077056885 
2062 11.10370945930481 -0.008853376766899646 -0.11103273636044489 0.0 0.02032524347305298 0.0 -0.7783035039901733 
2063 11.1092050075531 -0.008853376766899646 -0.10870959548780249 0.0 0.019941750913858414 0.0 -0.7783035039901733 
2064 11.114700317382812 -0.008853376766899646 -0.10858981104509458 0.0 0.019750002771615982 0.0 -0.7781117558479309 
2065 11.120206117630005 -0.008853376766899646 -0.10242673765623495 0.0 0.01936650648713112 0.0 -0.7781117558479309 
2066 11.12644648551941 -0.008853376766899646 -0.10642631580622419 0.0 0.01936650648713112 0.0 -0.7781117558479309 
2067 11.132140398025513 -0.008853376766899646 -0.09834250127652214 0.0 0.018983010202646255 0.0 -0.7781117558479309 
2068 11.13787055015564 -0.008853376766899646 -0.10646303462551461 0.0 0.019174758344888687 0.0 -0.777728259563446 
2069 11.143471240997314 -0.008853376766899646 -0.11295696848386452 0.0 0.01955825462937355 0.0 -0.7775365114212036 
2070 11.148970365524292 -0.008853376766899646 -0.1134124657207869 0.0 0.019750002771615982 0.0 -0.7771530151367188 
2071 11.155861616134644 -0.008853376766899646 -0.11578707423934265 0.0 0.019941750913858414 0.0 -0.7769612669944763 
2072 11.161606788635254 -0.008853376766899646 -0.11403909769968612 0.0 0.019941750913858414 0.0 -0.7765777707099915 
2073 11.167339086532593 -0.008853376766899646 -0.11420860258245391 0.0 0.019941750913858414 0.0 -0.7765777707099915 
2074 11.17296552658081 -0.008853376766899646 -0.10612967763037902 0.0 0.01955825462937355 0.0 -0.7754272818565369 
2075 11.178402662277222 -0.008853376766899646 -0.10600667072215599 0.0 0.01936650648713112 0.0 -0.7752355337142944 
2076 11.183815479278564 -0.008853376766899646 -0.10396455253229958 0.0 0.019174758344888687 0.0 -0.7748520374298096 
2077 11.189310550689697 -0.008853376766899646 -0.10192080448323412 0.0 0.018983010202646255 0.0 -0.7744685411453247 
2078 11.194854259490967 -0.008853376766899646 -0.10399964149238093 0.0 0.018983010202646255 0.0 -0.7742767930030823 
2079 11.200317859649658 -0.008853376766899646 -0.10416099707910344 0.0 0.018983010202646255 0.0 -0.7738932967185974 
2080 11.205703020095825 -0.008853376766899646 -0.10432235266582594 0.0 0.018983010202646255 0.0 -0.7738932967185974 
2081 11.211279153823853 -0.2068152120506857 -0.10448370825254845 0.0 0.018983010202646255 0.009203888475894928 -0.7733180522918701 
2082 11.21672534942627 -0.11897877526120287 -0.10876927875669228 0.0 0.019174758344888687 0.00939563661813736 -0.7729345560073853 
2083 11.22225308418274 -0.11714115675003273 -0.11113899769762087 0.0 0.01936650648713112 0.00939563661813736 -0.7727428078651428 
2084 11.227712392807007 -0.11309680474386555 -0.11763456141517983 0.0 0.019750002771615982 0.009203888475894928 -0.7721675634384155 
2085 11.233074426651001 -0.11509251921833498 -0.11809168851131127 0.0 0.019941750913858414 0.009203888475894928 -0.7717840671539307 
2086 11.238588333129883 -0.11929496718780142 -0.1204678467636697 0.0 0.020133495330810547 0.00939563661813736 -0.7715923190116882 
2087 11.244123458862305 -0.11745734867663127 -0.11872153730446025 0.0 0.020133495330810547 0.00939563661813736 -0.7715923190116882 
2088 11.25026535987854 -0.12578548117191535 -0.12301688693219347 0.0 0.02032524347305298 0.009779125452041626 -0.7710170745849609 
2089 11.255804538726807 -0.12615793031663639 -0.12539638499671146 0.0 0.02051699161529541 0.009970873594284058 -0.7708253264427185 
2090 11.261143684387207 -0.12844941623718484 -0.12365329800301715 0.0 0.02051699161529541 0.01016262173652649 -0.7706335783004761 
2091 11.266679525375366 -0.13074253201694233 -0.13207612226658985 0.0 0.020900487899780273 0.010354369878768921 -0.7704418301582336 
2092 11.272103548049927 -0.12891306273848754 -0.12841881356888935 0.0 0.020900487899780273 0.010354369878768921 -0.7704418301582336 
2093 11.277743101119995 -0.12487685996503572 -0.1285964677160375 0.0 0.020900487899780273 0.01016262173652649 -0.7704418301582336 
2094 11.283245086669922 -0.12688072367222053 -0.1287741218631856 0.0 0.020900487899780273 0.01016262173652649 -0.7704418301582336 
2095 11.288727045059204 -0.11047040653810841 -0.11657913125806971 0.0 0.02032524347305298 0.00939563661813736 -0.7706335783004761 
2096 11.294220685958862 -0.11409590571583253 -0.1142559903854273 0.0 0.019941750913858414 0.009203888475894928 -0.7708253264427185 
2097 11.299752950668335 -0.10784319035545928 -0.11413620594271941 0.0 0.019750002771615982 0.008820392191410065 -0.7710170745849609 
2098 11.305454730987549 0.07796027891500848 -0.11209734747128111 0.0 0.01955825462937355 0.0 -0.7714005708694458 
2099 11.310932397842407 -0.010243642999092164 -0.11005685914063376 0.0 0.01936650648713112 0.0 -0.7717840671539307 
2100 11.316381454467773 -0.010243642999092164 -0.10801474095077736 0.0 0.019174758344888687 0.0 -0.7721675634384155 
2101 11.322169065475464 -0.010243642999092164 -0.11009520781913323 0.0 0.019174758344888687 0.0 -0.7727428078651428 
2102 11.327757596969604 -0.010243642999092164 -0.10613397834764345 0.0 0.018983010202646255 0.0 -0.7733180522918701 
2103 11.333245992660522 -0.010243642999092164 -0.09584025072993262 0.0 0.01840776950120926 0.0 -0.7742767930030823 
2104 11.338741064071655 -0.010243642999092164 -0.09762490886764151 0.0 0.018216021358966827 0.0 -0.7748520374298096 
2105 11.344289541244507 -0.010243642999092164 -0.0955730115541957 0.0 0.018024273216724396 0.0 -0.7754272818565369 
2106 11.349811553955078 -0.010243642999092164 -0.09351948438154083 0.0 0.017832525074481964 0.0 -0.7760025262832642 
2107 11.355324029922485 -0.010243642999092164 -0.09971275718451958 0.0 0.018024273216724396 0.0 -0.7765777707099915 
2108 11.360969305038452 -0.2040812633654569 -0.09794848208443742 0.0 0.018024273216724396 0.009012140333652496 -0.7771530151367188 
2109 11.366509675979614 -0.11403646322176797 -0.09810168840677957 0.0 0.018024273216724396 0.009012140333652496 -0.7771530151367188 
2110 11.371977090835571 -0.13473398075089793 -0.1147516742734007 0.0 0.018791262060403824 0.009970873594284058 -0.7783035039901733 
2111 11.377538204193115 -0.13760404532239778 -0.11136572648154121 0.0 0.018983010202646255 0.010546118021011353 -0.7788787186145782 
2112 11.38310194015503 -0.14431388781056745 -0.11373381556326073 0.0 0.019174758344888687 0.011121362447738647 -0.7794539630413055 
2113 11.388749599456787 -0.1675253192952369 -0.11610353450418931 0.0 0.01936650648713112 0.012463591992855072 -0.7804127037525177 
2114 11.394131660461426 -0.16658160912827594 -0.11847488330432694 0.0 0.01955825462937355 0.013038836419582367 -0.780987948179245 
2115 11.399724960327148 -0.1774368546402548 -0.12497207688109498 0.0 0.019941750913858414 0.013805828988552094 -0.7813714444637299 
2116 11.405584812164307 -0.16988427849696022 -0.12130661891901412 0.0 0.019941750913858414 0.013805828988552094 -0.7813714444637299 
2117 11.411746740341187 -0.1947467572970782 -0.1297244735112182 0.0 0.02032524347305298 0.014956310391426086 -0.7827136814594269 
2118 11.4174964427948 -0.19574171665892942 -0.12606231248879352 0.0 0.02032524347305298 0.015531554818153381 -0.7832889258861542 
2119 11.4234619140625 -0.20249393535987478 -0.1138625124314568 0.0 0.019750002771615982 0.016106799244880676 -0.7844394147396088 
2120 11.428929090499878 -0.20925104363844735 -0.11153436463454282 0.0 0.01936650648713112 0.01668204367160797 -0.7850146591663361 
2121 11.434617519378662 -0.20776461165980442 -0.10316129803226803 0.0 0.018791262060403824 0.016873791813850403 -0.7853981554508209 
2122 11.440229415893555 -0.20599055746779782 -0.1008251183176181 0.0 0.01840776950120926 0.016873791813850403 -0.7857816517353058 
2123 11.445856809616089 -0.20613398469821556 -0.10481650995032403 0.0 0.01840776950120926 0.016873791813850403 -0.7857816517353058 
2124 11.451469898223877 -0.19390476717636926 -0.1049729759910843 0.0 0.01840776950120926 0.016298547387123108 -0.7871238887310028 
2125 11.456886053085327 -0.18742310434416873 -0.10512944203184456 0.0 0.01840776950120926 0.015723302960395813 -0.7876991331577301 
2126 11.46229076385498 -0.18093655193434102 -0.1094101229900262 0.0 0.01859951764345169 0.015148058533668518 -0.788082629442215 
2127 11.467694997787476 -0.17032105528027755 -0.1158990871770075 0.0 0.018983010202646255 0.014381073415279388 -0.7886578738689423 
2128 11.473237037658691 -0.145119426248828 -0.13284659175889107 0.0 0.019941750913858414 0.012847088277339935 -0.789616584777832 
2129 11.478680610656738 -0.139947563542286 -0.1358012541563949 0.0 0.02051699161529541 0.011888355016708374 -0.7901918292045593 
2130 11.484089612960815 -0.14963594716624362 -0.13022324157075493 0.0 0.02051699161529541 0.011888355016708374 -0.7901918292045593 
2131 11.489813804626465 -0.10849484900967224 -0.15514284537860662 0.0 0.0216674767434597 0.009970873594284058 -0.7913423180580139 
2132 11.495275497436523 -0.10713350132317287 -0.1603190273189685 0.0 0.022434469312429428 0.009012140333652496 -0.7919175624847412 
2133 11.500778675079346 0.07704018324404019 -0.16933657416270587 0.0 0.023201458156108856 0.0 -0.7923010587692261 
2134 11.50622010231018 -0.013081220092484776 -0.17836075778992386 0.0 0.023968450725078583 0.0 -0.7928763031959534 
2135 11.511863470077515 -0.013081220092484776 -0.18739134347566877 0.0 0.02473543956875801 0.0 -0.7934515476226807 
2136 11.517367362976074 -0.013081220092484776 -0.19230435102747295 0.0 0.025310683995485306 0.0 -0.7942185401916504 
2137 11.522821187973022 -0.013081220092484776 -0.1950153972835979 0.0 0.02569417655467987 0.0 -0.7947937846183777 
2138 11.528241634368896 -0.013081220092484776 -0.19552308710978838 0.0 0.025885924696922302 0.0 -0.7957525253295898 
2139 11.53363037109375 -0.013081220092484776 -0.18557720621244522 0.0 0.02550242841243744 0.0 -0.7961360216140747 
2140 11.539004802703857 -0.013081220092484776 -0.1813805899893633 0.0 0.025118935853242874 0.0 -0.7965195178985596 
2141 11.544621706008911 -0.013081220092484776 -0.17718059670121883 0.0 0.02473543956875801 0.0 -0.796711266040802 
2142 11.550111055374146 -0.013081220092484776 -0.1729773809475592 0.0 0.024351943284273148 0.0 -0.7969030141830444 
2143 11.555794477462769 -0.013081220092484776 -0.16877098560088788 0.0 0.023968450725078583 0.0 -0.7970947623252869 
2144 11.561477422714233 -0.013081220092484776 -0.164561213189154 0.0 0.02358495444059372 0.0 -0.7970947623252869 
2145 11.567184448242188 -0.013081220092484776 -0.16859664814674769 0.0 0.02358495444059372 0.0 -0.7970947623252869 
2146 11.573230743408203 -0.013081220092484776 -0.15642447550722868 0.0 0.023009710013866425 0.0 -0.796711266040802 
2147 11.578935623168945 -0.013081220092484776 -0.14587572276534053 0.0 0.022242721170186996 0.0 -0.7963277697563171 
2148 11.584460973739624 -0.013081220092484776 -0.14136202957981736 0.0 0.0216674767434597 0.0 -0.7959442734718323 
2149 11.589993000030518 -0.013081220092484776 -0.13492608277255208 0.0 0.021092236042022705 0.0 -0.7955607771873474 
2150 11.595699548721313 -0.013081220092484776 -0.1243609141235939 0.0 0.02032524347305298 0.0 -0.7949855327606201 
2151 11.601527690887451 -0.22341553987772209 -0.11570682483853312 0.0 0.01955825462937355 0.009779125452041626 -0.7946020364761353 
2152 11.60715937614441 -0.12570740792364818 -0.12354295843967708 0.0 0.01955825462937355 0.009779125452041626 -0.7946020364761353 
2153 11.61288332939148 -0.17940532441646798 -0.0989639942249051 0.0 0.01840776950120926 0.012271851301193237 -0.7932597994804382 
2154 11.61876654624939 -0.19582436558441263 -0.09000423696020157 0.0 0.0174490287899971 0.014189325273036957 -0.7917258143424988 
2155 11.624326467514038 -0.19326693454966887 -0.09561582602502318 0.0 0.017257284373044968 0.014956310391426086 -0.7911505699157715 
2156 11.630270957946777 -0.1980968567563687 -0.0976799571117154 0.0 0.017257284373044968 0.015531554818153381 -0.7903835773468018 
2157 11.635938167572021 -0.20897329037473542 -0.09782664402888629 0.0 0.017257284373044968 0.016298547387123108 -0.7894248366355896 
2158 11.641502380371094 -0.21381454709009273 -0.10209746573807213 0.0 0.0174490287899971 0.016873791813850403 -0.7886578738689423 
2159 11.647072076797485 -0.2082055300532375 -0.10032833831326576 0.0 0.0174490287899971 0.016873791813850403 -0.7886578738689423 
2160 11.652661323547363 -0.2165973871184979 -0.10460086997540209 0.0 0.017640776932239532 0.017257288098335266 -0.7878908812999725 
2161 11.658672094345093 -0.22528159572393638 -0.10695755007432314 0.0 0.017832525074481964 0.017832525074481964 -0.7855899035930634 
2162 11.664305686950684 -0.21555658750818116 -0.09694321528018925 0.0 0.0174490287899971 0.017640776932239532 -0.7850146591663361 
2163 11.669881582260132 -0.2093757459504996 -0.0968023600777379 0.0 0.017257284373044968 0.017257288098335266 -0.7844394147396088 
2164 11.675602436065674 -0.20510889140353544 -0.09061806132958744 0.0 0.016873788088560104 0.016873791813850403 -0.7840559184551239 
2165 11.681294441223145 -0.20083885164395912 -0.09047223645576749 0.0 0.016682039946317673 0.01649029552936554 -0.783672422170639 
2166 11.686806917190552 -0.20481398200080736 -0.09253151521773552 0.0 0.016682039946317673 0.01649029552936554 -0.783672422170639 
2167 11.692275524139404 -0.19670571967796427 -0.08442488272243653 0.0 0.01629854366183281 0.016106799244880676 -0.7827136814594269 
2168 11.697880029678345 -0.19655337539897305 -0.08015003347897445 0.0 0.015915051102638245 0.015915051102638245 -0.7821384370326996 
2169 11.704085111618042 -0.17386100550205452 -0.07999602208787118 0.0 0.015723302960395813 0.014764569699764252 -0.7806044518947601 
2170 11.709592342376709 -0.15662181395129304 -0.07792293666803753 0.0 0.015531554818153381 0.01342233270406723 -0.7798374593257904 
2171 11.716728210449219 -0.14128892956511122 -0.0758482213889948 0.0 0.01533980667591095 0.012080103158950806 -0.7792622148990631 
2172 11.722222805023193 -0.12182018655375582 -0.06552344641590034 0.0 0.014764562249183655 0.010546118021011353 -0.7786869704723358 
2173 11.72775650024414 -0.13724967993632894 -0.07140138946229135 0.0 0.014764562249183655 0.010546118021011353 -0.7786869704723358 
2174 11.733248233795166 0.08949185751541514 -0.05915432361455178 0.0 0.014189321547746658 0.0 -0.777728259563446 
2175 11.739262819290161 -0.015969322694698397 -0.06915155477949894 0.0 0.01438106968998909 0.0 -0.7775365114212036 
2176 11.745113611221313 -0.015969322694698397 -0.06735631244943953 0.0 0.01438106968998909 0.0 -0.7769612669944763 
2177 11.750990629196167 -0.015969322694698397 -0.07572690125124074 0.0 0.014764562249183655 0.0 -0.7761942744255066 
2178 11.756404638290405 -0.015969322694698397 -0.07614168935583449 0.0 0.014956310391426086 0.0 -0.7760025262832642 
2179 11.761696577072144 -0.015969322694698397 -0.07435133657173729 0.0 0.014956310391426086 0.0 -0.7756190299987793 
2180 11.767083406448364 -0.015969322694698397 -0.0744784652100644 0.0 0.014956310391426086 0.0 -0.7756190299987793 
2181 11.772439956665039 -0.015969322694698397 -0.07048137893097019 0.0 0.014764562249183655 0.0 -0.7748520374298096 
2182 11.777766942977905 -0.015969322694698397 -0.06840022434049761 0.0 0.014572817832231522 0.0 -0.7746602892875671 
2183 11.783217191696167 -0.015969322694698397 -0.06219310762675023 0.0 0.014189321547746658 0.0 -0.7744685411453247 
2184 11.788581609725952 -0.015969322694698397 -0.07027289462217605 0.0 0.01438106968998909 0.0 -0.7740850448608398 
2185 11.793904304504395 -0.015969322694698397 -0.08497443183639564 0.0 0.015148058533668518 0.0 -0.7738932967185974 
2186 11.79929494857788 -0.015969322694698397 -0.08568173173198021 0.0 0.015531554818153381 0.0 -0.773701548576355 
2187 11.804681777954102 -0.015969322694698397 -0.08197878710308588 0.0 0.015531554818153381 0.0 -0.773701548576355 
2188 11.81008768081665 -0.015969322694698397 -0.09035923515388287 0.0 0.015915051102638245 0.0 -0.7735098004341125 
2189 11.815557479858398 -0.015969322694698397 -0.0990321148702643 0.0 0.01649029180407524 0.0 -0.7733180522918701 
2190 11.820883989334106 -0.015969322694698397 -0.09341987533622897 0.0 0.01649029180407524 0.0 -0.7733180522918701 
2191 11.826281309127808 -0.015969322694698397 -0.0935600428165636 0.0 0.01649029180407524 0.0 -0.7733180522918701 
2192 11.831634283065796 -0.015969322694698397 -0.09370021029689825 0.0 0.01649029180407524 0.0 -0.7733180522918701 
2193 11.836976766586304 -0.015969322694698397 -0.09796459269465423 0.0 0.016682039946317673 0.0 -0.7733180522918701 
2194 11.842406272888184 -0.015969322694698397 -0.10031312352919496 0.0 0.016873788088560104 0.0 -0.7735098004341125 
2195 11.847832441329956 -0.015969322694698397 -0.0985390693055234 0.0 0.016873788088560104 0.0 -0.7735098004341125 
2196 11.853166341781616 -0.015969322694698397 -0.1110550611311338 0.0 0.0174490287899971 0.0 -0.7738932967185974 
2197 11.85836386680603 -0.015969322694698397 -0.11782361561374283 0.0 0.018024273216724396 0.0 -0.7742767930030823 
2198 11.863610744476318 -0.015969322694698397 -0.11634859258623338 0.0 0.018216021358966827 0.0 -0.7744685411453247 
2199 11.868907928466797 -0.015969322694698397 -0.12283437718020296 0.0 0.01859951764345169 0.0 -0.7746602892875671 
2200 11.874134540557861 -0.015969322694698397 -0.12328164502733863 0.0 0.018791262060403824 0.0 -0.7748520374298096 
2201 11.879526376724243 -0.015969322694698397 -0.12564814150275205 0.0 0.018983010202646255 0.0 -0.7752355337142944 
2202 11.884818077087402 -0.015969322694698397 -0.12389201566705024 0.0 0.018983010202646255 0.0 -0.7752355337142944 
2203 11.890128135681152 -0.015969322694698397 -0.13642601600603677 0.0 0.01955825462937355 0.0 -0.7756190299987793 
2204 11.89540147781372 -0.015969322694698397 -0.13908824673795617 0.0 0.019941750913858414 0.0 -0.7756190299987793 
2205 11.900634527206421 -0.015969322694698397 -0.1436711384853116 0.0 0.02032524347305298 0.0 -0.7758107781410217 
2206 11.905874252319336 -0.015969322694698397 -0.14413319238030825 0.0 0.02051699161529541 0.0 -0.7760025262832642 
2207 11.91116452217102 -0.015969322694698397 -0.15063853522145665 0.0 0.020900487899780273 0.0 -0.7760025262832642 
2208 11.916404724121094 -0.015969322694698397 -0.1552296563585988 0.0 0.021283984184265137 0.0 -0.7760025262832642 
2209 11.921634197235107 -0.015969322694698397 -0.15982395708875274 0.0 0.0216674767434597 0.0 -0.7760025262832642 
2210 11.926865100860596 -0.015969322694698397 -0.15617320504912652 0.0 0.0216674767434597 0.0 -0.7760025262832642 
2211 11.932223081588745 -0.015969322694698397 -0.17285423827113128 0.0 0.022434469312429428 0.0 -0.7760025262832642 
2212 11.93758749961853 -0.015969322694698397 -0.17362335528002598 0.0 0.022817961871623993 0.0 -0.7758107781410217 
2213 11.942894458770752 -0.015969322694698397 -0.1782308121988318 0.0 0.023201458156108856 0.0 -0.7758107781410217 
2214 11.948168992996216 -0.015969322694698397 -0.18284149158315277 0.0 0.02358495444059372 0.0 -0.7756190299987793 
2215 11.95341944694519 -0.015969322694698397 -0.18745543068589188 0.0 0.023968450725078583 0.0 -0.7754272818565369 
2216 11.958654880523682 -0.015969322694698397 -0.2003209792164854 0.0 0.02473543956875801 0.0 -0.7752355337142944 
2217 11.964336395263672 -0.015969322694698397 -0.19286134201602556 0.0 0.02473543956875801 0.0 -0.7752355337142944 
2218 11.969744205474854 -0.015969322694698397 -0.20132002308720268 0.0 0.025118935853242874 0.0 -0.775043785572052 
2219 11.975046157836914 -0.015969322694698397 -0.21831956565880695 0.0 0.026077672839164734 0.0 -0.7744685411453247 
2220 11.980277299880981 -0.015969322694698397 -0.21307807093614256 0.0 0.026269420981407166 0.0 -0.7740850448608398 
2221 11.985635995864868 -0.015969322694698397 -0.2196323094269029 0.0 0.02665291726589203 0.0 -0.773701548576355 
2222 11.990909576416016 -0.015969322694698397 -0.21602389637881436 0.0 0.02665291726589203 0.0 -0.7733180522918701 
2223 11.99622631072998 -0.015969322694698397 -0.21625044617557443 0.0 0.02665291726589203 0.0 -0.7727428078651428 
2224 12.001465320587158 -0.015969322694698397 -0.2164769959723345 0.0 0.02665291726589203 0.0 -0.7721675634384155 
2225 12.006706953048706 -0.015969322694698397 -0.21670354576909456 0.0 0.02665291726589203 0.0 -0.7721675634384155 
2226 12.011979341506958 -0.015969322694698397 -0.21693009556585466 0.0 0.02665291726589203 0.0 -0.7708253264427185 
2227 12.017343044281006 -0.015969322694698397 -0.2130324304451934 0.0 0.026461169123649597 0.0 -0.7700583338737488 
2228 12.022617816925049 -0.015969322694698397 -0.21517483180516875 0.0 0.026461169123649597 0.0 -0.769291341304779 
2229 12.027870416641235 -0.015969322694698397 -0.21127553682529843 0.0 0.026269420981407166 0.0 -0.7687160968780518 
2230 12.033079624176025 -0.015969322694698397 -0.20516787849122203 0.0 0.025885924696922302 0.0 -0.767949104309082 
2231 12.038485765457153 -0.015969322694698397 -0.18860187723429417 0.0 0.024927187711000443 0.0 -0.7662234008312225 
2232 12.043773174285889 -0.015969322694698397 -0.19840112818905628 0.0 0.024927187711000443 0.0 -0.7662234008312225 
2233 12.049087285995483 -0.015969322694698397 -0.18624036453233578 0.0 0.024351943284273148 0.0 -0.7652646601200104 
2234 12.054357051849365 -0.015969322694698397 -0.16333037602098202 0.0 0.023009710013866425 0.0 -0.7635389268398285 
2235 12.059583187103271 -0.015969322694698397 -0.16045151171588815 0.0 0.022242721170186996 0.0 -0.7627719342708588 
2236 12.064849615097046 -0.015969322694698397 -0.15181360361294366 0.0 0.02147572860121727 0.0 -0.762004941701889 
2237 12.070090055465698 -0.015969322694698397 -0.14316929345147228 0.0 0.020708739757537842 0.0 -0.7610462009906769 
2238 12.07549524307251 -0.015969322694698397 -0.13451842663192665 0.0 0.019941750913858414 0.0 -0.7602792084217072 
2239 12.080799102783203 -0.015969322694698397 -0.12586096028180338 0.0 0.019174758344888687 0.0 -0.7595122158527374 
2240 12.08609414100647 -0.015969322694698397 -0.13369387141743222 0.0 0.019174758344888687 0.0 -0.7595122158527374 
2241 12.091483354568481 -0.015969322694698397 -0.09673900273197807 0.0 0.0174490287899971 0.0 -0.7577864825725555 
2242 12.096770763397217 -0.015969322694698397 -0.10177205039875127 0.0 0.016873788088560104 0.0 -0.7568277716636658 
2243 12.102091789245605 -0.015969322694698397 -0.09117102494218864 0.0 0.016106795519590378 0.0 -0.756060779094696 
2244 12.107337236404419 -0.015969322694698397 -0.09072950868436613 0.0 0.015723302960395813 0.0 -0.7552937865257263 
2245 12.112571239471436 -0.015969322694698397 -0.08644965251663246 0.0 0.01533980667591095 0.0 -0.7543350458145142 
2246 12.117825269699097 -0.20980694306106312 -0.086290788800805 0.0 0.015148058533668518 0.009012140333652496 -0.7535680532455444 
2247 12.123094081878662 -0.1362588423362468 -0.08421281380334415 0.0 0.014956310391426086 0.009779125452041626 -0.7528010606765747 
2248 12.128326892852783 -0.12867211371869786 -0.08625742386409559 0.0 0.014956310391426086 0.009779125452041626 -0.7528010606765747 
2249 12.133771181106567 -0.20299094454781158 -0.08226033758500137 0.0 0.014764562249183655 0.013230584561824799 -0.750691831111908 
2250 12.138994216918945 -0.1933341029232834 -0.0801791829945288 0.0 0.014572817832231522 0.014381073415279388 -0.7501165866851807 
2251 12.144350528717041 -0.20669658276648264 -0.08222049611562408 0.0 0.014572817832231522 0.015531554818153381 -0.7495413422584534 
2252 12.149629831314087 -0.21594486154080372 -0.08234436506719806 0.0 0.014572817832231522 0.01649029552936554 -0.7489660978317261 
2253 12.154938459396362 -0.2229944816103671 -0.08659236881078698 0.0 0.014764562249183655 0.017257288098335266 -0.7483908534049988 
2254 12.160161018371582 -0.2237195124535356 -0.08067628862836874 0.0 0.014572817832231522 0.017640776932239532 -0.7480073571205139 
2255 12.165403604507446 -0.22003457071841698 -0.08271760174946405 0.0 0.014572817832231522 0.017640776932239532 -0.7480073571205139 
2256 12.170738697052002 -0.24492980682686907 -0.08284147070103802 0.0 0.014572817832231522 0.018791265785694122 -0.747623860836029 
2257 12.176177740097046 -0.2500815037211869 -0.07884112473519064 0.0 0.01438106968998909 0.01955825835466385 -0.7474321126937866 
2258 12.181472539901733 -0.26319873756379825 -0.07675663033255853 0.0 0.014189321547746658 0.02051699161529541 -0.7468568682670593 
2259 12.186829805374146 -0.27440687397331937 -0.07467050607071735 0.0 0.013997573405504227 0.02147573232650757 -0.7464734017848969 
2260 12.192092418670654 -0.27737465533823713 -0.07670696686708846 0.0 0.013997573405504227 0.022050976753234863 -0.7458981573581696 
2261 12.197555303573608 -0.28418228912563065 -0.08507437607587792 0.0 0.01438106968998909 0.022626221179962158 -0.7455146610736847 
2262 12.202857971191406 -0.28274638265580876 -0.09373421695025183 0.0 0.014956310391426086 0.02281796932220459 -0.7453229129314423 
2263 12.208314895629883 -0.28102285397262317 -0.08810893857420898 0.0 0.014956310391426086 0.02281796932220459 -0.7453229129314423 
2264 12.213828325271606 -0.27709259179444057 -0.1418507008882008 0.0 0.0174490287899971 0.022626221179962158 -0.7443641722202301 
2265 12.219107866287231 -0.2750781811794732 -0.12532026348204828 0.0 0.017832525074481964 0.022434473037719727 -0.7439806759357452 
2266 12.22440242767334 -0.27306214070529683 -0.1257610920177541 0.0 0.018024273216724396 0.022242724895477295 -0.7437889277935028 
2267 12.229705572128296 -0.2710444703719113 -0.12399681691767192 0.0 0.018024273216724396 0.022050976753234863 -0.7435971796512604 
2268 12.234992504119873 -0.2649009552618955 -0.12415002324001408 0.0 0.018024273216724396 0.02166748046875 -0.7434054315090179 
2269 12.240271091461182 -0.2606716618558858 -0.1201790146449349 0.0 0.017832525074481964 0.021283984184265137 -0.7430219352245331 
2270 12.245623588562012 -0.2646875385663007 -0.1222480725304923 0.0 0.017832525074481964 0.021283984184265137 -0.7430219352245331 
2271 12.250990390777588 -0.24424737784476025 -0.13477229374588945 0.0 0.01840776950120926 0.02032524347305298 -0.7420631945133209 
2272 12.256269454956055 -0.24163506502495152 -0.13742466522881305 0.0 0.018791262060403824 0.01975000649690628 -0.7416796982288361 
2273 12.261629581451416 -0.23105845017195684 -0.1378736802818022 0.0 0.018983010202646255 0.018983013927936554 -0.7411044538021088 
2274 12.266895771026611 -0.22651708672777754 -0.1402417693635217 0.0 0.019174758344888687 0.01840776950120926 -0.7405292093753815 
2275 12.272177696228027 -0.21180508269951684 -0.13848727338702893 0.0 0.019174758344888687 0.017449036240577698 -0.7399539649486542 
2276 12.277660846710205 -0.20504387244419198 -0.1386502588329605 0.0 0.019174758344888687 0.01668204367160797 -0.7393787205219269 
2277 12.283019304275513 -0.18811030600056988 -0.1346890293614707 0.0 0.018983010202646255 0.015531554818153381 -0.7386117279529572 
2278 12.288344144821167 -0.19974721275107007 -0.1367678663706175 0.0 0.018983010202646255 0.015531554818153381 -0.7386117279529572 
2279 12.293771266937256 -0.1833825315481518 -0.13280500703991865 0.0 0.018791262060403824 0.014764569699764252 -0.7380364835262299 
2280 12.299039125442505 -0.11281795839429837 -0.1142612197281561 0.0 0.017832525074481964 0.011121362447738647 -0.7359272837638855 
2281 12.304443120956421 -0.1287234879082535 -0.1240001660505078 0.0 0.017832525074481964 0.01016262173652649 -0.7353520393371582 
2282 12.309785604476929 0.08018547231494445 -0.11177917788678327 0.0 0.017257284373044968 0.0 -0.7347767949104309 
2283 12.315287351608276 -0.02144074505032044 -0.10942984198348142 0.0 0.016873788088560104 0.0 -0.7342015504837036 
2284 12.320594787597656 -0.02144074505032044 -0.1010355872748188 0.0 0.01629854366183281 0.0 -0.7338180541992188 
2285 12.32589077949524 -0.02144074505032044 -0.10692656916321733 0.0 0.01629854366183281 0.0 -0.7338180541992188 
2286 12.331144332885742 -0.02144074505032044 -0.0781956824877999 0.0 0.014956310391426086 0.0 -0.733051061630249 
2287 12.336460590362549 -0.02144074505032044 -0.07112414936849393 0.0 0.013997573405504227 0.0 -0.7326675653457642 
2288 12.341741561889648 -0.02144074505032044 -0.060209504139958986 0.0 0.013038836419582367 0.0 -0.7324758172035217 
2289 12.347031831741333 -0.02144074505032044 -0.05753505935648001 0.0 0.012463591992855072 0.0 -0.7320923209190369 
2290 12.352447032928467 -0.02144074505032044 -0.05102087952883459 0.0 0.011888351291418076 0.0 -0.7320923209190369 
2291 12.357920408248901 -0.02144074505032044 -0.04862590769433893 0.0 0.011504855006933212 0.0 -0.731708824634552 
2292 12.363259315490723 -0.02144074505032044 -0.040186017054482465 0.0 0.010929610580205917 0.0 -0.7315170764923096 
2293 12.368767976760864 -0.02144074505032044 -0.0419072282196722 0.0 0.010737866163253784 0.0 -0.7311335802078247 
2294 12.374054431915283 -0.02144074505032044 -0.043915944251581185 0.0 0.010737866163253784 0.0 -0.7307500839233398 
2295 12.379471063613892 -0.02144074505032044 -0.044007216113968836 0.0 0.010737866163253784 0.0 -0.7305583357810974 
2296 12.384777307510376 -0.02144074505032044 -0.052346837685792805 0.0 0.011121358722448349 0.0 -0.730366587638855 
2297 12.39001727104187 -0.02144074505032044 -0.04860644364298797 0.0 0.011121358722448349 0.0 -0.730366587638855 
2298 12.39529037475586 -0.02144074505032044 -0.05282519010955013 0.0 0.01131310686469078 0.0 -0.7301748394966125 
2299 12.400567054748535 -0.02144074505032044 -0.04687965517805434 0.0 0.011121358722448349 0.0 -0.7299830913543701 
2300 12.40594744682312 -0.02144074505032044 -0.04889166814961948 0.0 0.011121358722448349 0.0 -0.7299830913543701 
2301 12.411338090896606 -0.02144074505032044 -0.044861984781338946 0.0 0.010929610580205917 0.0 -0.7295995950698853 
2302 12.416619539260864 -0.02144074505032044 -0.04274823310168005 0.0 0.010737866163253784 0.0 -0.7294078469276428 
2303 12.421939849853516 -0.02144074505032044 -0.04475694913358903 0.0 0.010737866163253784 0.0 -0.7292160987854004 
2304 12.42720079421997 -0.02144074505032044 -0.04897235578799164 0.0 0.010929610580205917 0.0 -0.7292160987854004 
2305 12.432429313659668 -0.02144074505032044 -0.047147813308402065 0.0 0.010929610580205917 0.0 -0.7292160987854004 
2306 12.437690496444702 -0.02144074505032044 -0.05548914483317649 0.0 0.01131310686469078 0.0 -0.729024350643158 
2307 12.442960977554321 -0.02144074505032044 -0.05587455831409907 0.0 0.011504855006933212 0.0 -0.7292160987854004 
2308 12.448229551315308 -0.02144074505032044 -0.05405486815923369 0.0 0.011504855006933212 0.0 -0.7292160987854004 
2309 12.45350980758667 -0.02144074505032044 -0.06652522405365026 0.0 0.012080095708370209 0.0 -0.7292160987854004 
2310 12.458820104598999 -0.02144074505032044 -0.06499971277022279 0.0 0.01227184385061264 0.0 -0.7292160987854004 
2311 12.464338779449463 -0.02144074505032044 -0.06731075693795002 0.0 0.012463591992855072 0.0 -0.7292160987854004 
2312 12.469632387161255 -0.02144074505032044 -0.06962343096488631 0.0 0.012655340135097504 0.0 -0.7294078469276428 
2313 12.47494125366211 -0.02144074505032044 -0.07606194976845301 0.0 0.013038836419582367 0.0 -0.7294078469276428 
2314 12.480197429656982 -0.02144074505032044 -0.07646203195059216 0.0 0.013230584561824799 0.0 -0.7295995950698853 
2315 12.485539436340332 -0.02144074505032044 -0.07465701049694334 0.0 0.013230584561824799 0.0 -0.7295995950698853 
2316 12.49076533317566 -0.02144074505032044 -0.08301782017515516 0.0 0.013614077121019363 0.0 -0.7297913432121277 
2317 12.495986223220825 -0.02144074505032044 -0.08342282915615952 0.0 0.013805825263261795 0.0 -0.7297913432121277 
2318 12.501259803771973 -0.02144074505032044 -0.08987112708331561 0.0 0.014189321547746658 0.0 -0.7297913432121277 
2319 12.506519794464111 -0.02144074505032044 -0.09028098838904418 0.0 0.01438106968998909 0.0 -0.7297913432121277 
2320 12.511775732040405 -0.02144074505032044 -0.0926099609764061 0.0 0.014572817832231522 0.0 -0.7297913432121277 
2321 12.517311573028564 -0.02144074505032044 -0.09906469821499204 0.0 0.014956310391426086 0.0 -0.7297913432121277 
2322 12.522634506225586 -0.02144074505032044 -0.09948111617879488 0.0 0.015148058533668518 0.0 -0.7297913432121277 
2323 12.527990102767944 -0.02144074505032044 -0.09769239325390675 0.0 0.015148058533668518 0.0 -0.7297913432121277 
2324 12.533241271972656 -0.02144074505032044 -0.1060695815862856 0.0 0.015531554818153381 0.0 -0.7297913432121277 
2325 12.538466691970825 -0.02144074505032044 -0.11061506679223396 0.0 0.015915051102638245 0.0 -0.7297913432121277 
2326 12.5436851978302 -0.02144074505032044 -0.11103951667377271 0.0 0.016106795519590378 0.0 -0.7297913432121277 
2327 12.548927545547485 -0.02144074505032044 -0.11750741010101058 0.0 0.01649029180407524 0.0 -0.7297913432121277 
2328 12.554256916046143 -0.02144074505032044 -0.12206104457133926 0.0 0.016873788088560104 0.0 -0.7295995950698853 
2329 12.559532165527344 -0.02144074505032044 -0.1266179387600861 0.0 0.017257284373044968 0.0 -0.7295995950698853 
2330 12.564802169799805 -0.02144074505032044 -0.12292966283240833 0.0 0.017257284373044968 0.0 -0.7295995950698853 
2331 12.570262432098389 -0.02144074505032044 -0.13544891437643686 0.0 0.017832525074481964 0.0 -0.7294078469276428 
2332 12.575570344924927 -0.02144074505032044 -0.13397229874262134 0.0 0.018024273216724396 0.0 -0.7294078469276428 
2333 12.580905199050903 -0.02144074505032044 -0.14045645347738184 0.0 0.01840776950120926 0.0 -0.7294078469276428 
2334 12.586305141448975 -0.02144074505032044 -0.14090217159071483 0.0 0.01859951764345169 0.0 -0.7294078469276428 
2335 12.591628551483154 -0.02144074505032044 -0.14739113577769614 0.0 0.018983010202646255 0.0 -0.7294078469276428 
2336 12.596932888031006 -0.02144074505032044 -0.14784178068989434 0.0 0.019174758344888687 0.0 -0.7294078469276428 
2337 12.602180004119873 -0.02144074505032044 -0.15433571454824427 0.0 0.01955825462937355 0.0 -0.7294078469276428 
2338 12.60742735862732 -0.02144074505032044 -0.15066699686774532 0.0 0.01955825462937355 0.0 -0.7294078469276428 
2339 12.61270022392273 -0.02144074505032044 -0.15495745694951632 0.0 0.019750002771615982 0.0 -0.7294078469276428 
2340 12.617922067642212 -0.02144074505032044 -0.16558041517750838 0.0 0.02032524347305298 0.0 -0.7294078469276428 
2341 12.623264789581299 -0.02144074505032044 -0.1641249876500807 0.0 0.02051699161529541 0.0 -0.7294078469276428 
2342 12.628602981567383 -0.02144074505032044 -0.17063033049122908 0.0 0.020900487899780273 0.0 -0.7292160987854004 
2343 12.633992433547974 -0.02144074505032044 -0.17109723671094992 0.0 0.021092236042022705 0.0 -0.729024350643158 
2344 12.639311790466309 -0.02144074505032044 -0.17348325421230415 0.0 0.021283984184265137 0.0 -0.7284491062164307 
2345 12.64456033706665 -0.02144074505032044 -0.17174668665544607 0.0 0.021283984184265137 0.0 -0.7284491062164307 
2346 12.649779319763184 -0.02144074505032044 -0.16367917068616966 0.0 0.020900487899780273 0.0 -0.7276821136474609 
2347 12.655006885528564 -0.02144074505032044 -0.16356757276074507 0.0 0.020708739757537842 0.0 -0.7272986173629761 
2348 12.660243272781372 -0.02144074505032044 -0.16153686355368713 0.0 0.02051699161529541 0.0 -0.7267233729362488 
2349 12.665458679199219 -0.02144074505032044 -0.1595045244874201 0.0 0.02032524347305298 0.0 -0.7261481285095215 
2350 12.670663833618164 -0.02144074505032044 -0.15747055556194406 0.0 0.020133495330810547 0.0 -0.7255728840827942 
2351 12.676033973693848 -0.2194025803341065 -0.1554350369026653 0.0 0.019941750913858414 0.009203888475894928 -0.7249976694583893 
2352 12.681337118148804 -0.1398144131286536 -0.1533977710375331 0.0 0.019750002771615982 0.009779125452041626 -0.724422425031662 
2353 12.686664581298828 -0.13414516593352896 -0.15548312748351614 0.0 0.019750002771615982 0.009779125452041626 -0.724422425031662 
2354 12.69204568862915 -0.15072514816955668 -0.1474025726722322 0.0 0.01936650648713112 0.010546118021011353 -0.7236554324626923 
2355 12.697383642196655 -0.16789015398756604 -0.13490537127794247 0.0 0.01859951764345169 0.011696606874465942 -0.7221214473247528 
2356 12.70262360572815 -0.1729813860303257 -0.13860914069728475 0.0 0.01840776950120926 0.012463591992855072 -0.7213544547557831 
2357 12.707947254180908 -0.18191433504805904 -0.13243465832562668 0.0 0.018024273216724396 0.013230584561824799 -0.7203957140445709 
2358 12.713170766830444 -0.1867295140794013 -0.12817439765797478 0.0 0.017640776932239532 0.013805828988552094 -0.7196287214756012 
2359 12.71836543083191 -0.18934284919337374 -0.12391095739731114 0.0 0.017257284373044968 0.014189325273036957 -0.718669980764389 
2360 12.72365665435791 -0.1856284956133459 -0.119644140071585 0.0 0.016873788088560104 0.014189325273036957 -0.7179029881954193 
2361 12.729164123535156 -0.18574910487816673 -0.1236225301151864 0.0 0.016873788088560104 0.014189325273036957 -0.7179029881954193 
2362 12.734572172164917 -0.1817454992255662 -0.09077231809997481 0.0 0.01533980667591095 0.013997577130794525 -0.7157937586307526 
2363 12.739888429641724 -0.1755335302187596 -0.09386987583094758 0.0 0.014764562249183655 0.013614080846309662 -0.7150267660617828 
2364 12.745140314102173 -0.17123578291595917 -0.0832510393330596 0.0 0.013997573405504227 0.013230584561824799 -0.7146432995796204 
2365 12.750509262084961 -0.17105899081216197 -0.07041891268210035 0.0 0.013038836419582367 0.013038836419582367 -0.7140680551528931 
2366 12.755780696868896 -0.16896308742673138 -0.059496038063778706 0.0 0.012080095708370209 0.012847088277339935 -0.7136845588684082 
2367 12.761012315750122 -0.1627413392646704 -0.048565131527721114 0.0 0.011121358722448349 0.012463591992855072 -0.7133010625839233 
2368 12.766227006912231 -0.1666822426414583 -0.05824703293608054 0.0 0.011121358722448349 0.012463591992855072 -0.7133010625839233 
2369 12.771458148956299 -0.15853991358936767 -0.012975360644399359 0.0 0.009012136608362198 0.012080103158950806 -0.7129175662994385 
2370 12.776680707931519 -0.15835326788784007 0.15969335529452638 0.0 0.0 0.011888355016708374 -0.7129175662994385 
2371 12.782022714614868 -0.15212337049306374 0.0695719892109044 0.0 0.0 0.01150485873222351 -0.712725818157196 
2372 12.787303924560547 -0.14368347988487223 0.0695719892109044 0.0 0.0 0.010929614305496216 -0.7125340700149536 
2373 12.792737007141113 -0.13303196620405655 0.0695719892109044 0.0 0.0 0.01016262173652649 -0.7121505737304688 
2374 12.79806923866272 -0.1242915747596417 0.0695719892109044 0.0 0.0 0.00939563661813736 -0.7119588255882263 
2375 12.8035249710083 0.07004476134642024 0.0695719892109044 0.0 0.0 0.0 -0.711383581161499 
2376 12.808859825134277 -0.023911604834953352 0.0695719892109044 0.0 0.0 0.0 -0.7108083367347717 
2377 12.814141988754272 -0.023911604834953352 0.0695719892109044 0.0 0.0 0.0 -0.7102330923080444 
2378 12.819422006607056 -0.023911604834953352 0.0695719892109044 0.0 0.0 0.0 -0.7098495960235596 
2379 12.824714660644531 -0.023911604834953352 0.0695719892109044 0.0 0.0 0.0 -0.7092743515968323 
2380 12.829981565475464 -0.023911604834953352 0.0695719892109044 0.0 0.0 0.0 -0.708699107170105 
2381 12.835382223129272 -0.023911604834953352 0.0695719892109044 0.0 0.0 0.0 -0.7079321146011353 
2382 12.840716361999512 -0.023911604834953352 0.0695719892109044 0.0 0.0 0.0 -0.707356870174408 
2383 12.846060752868652 -0.023911604834953352 0.0695719892109044 0.0 0.0 0.0 -0.707356870174408 
2384 12.851356983184814 -0.023911604834953352 0.0695719892109044 0.0 0.0 0.0 -0.7062063813209534 
2385 12.856662034988403 -0.023911604834953352 0.0695719892109044 0.0 0.0 0.0 -0.7058228850364685 
2386 12.862056255340576 -0.023911604834953352 0.0695719892109044 0.0 0.0 0.0 -0.7052476406097412 
2387 12.867326498031616 -0.023911604834953352 -0.12014133611263259 0.0 0.008820388466119766 0.0 -0.7046723961830139 
2388 12.87260890007019 -0.023911604834953352 -0.03613663967081829 0.0 0.009012136608362198 0.0 -0.704097181558609 
2389 12.877878189086914 -0.023911604834953352 -0.03429576140956504 0.0 0.009012136608362198 0.0 -0.7035219371318817 
2390 12.883139848709106 -0.023911604834953352 -0.03849657948815746 0.0 0.00920388475060463 0.0 -0.7031384408473969 
2391 12.888551950454712 -0.023911604834953352 -0.036657331086113285 0.0 0.00920388475060463 0.0 -0.7031384408473969 
2392 12.894105195999146 -0.023911604834953352 -0.04910812873335106 0.0 0.009779125452041626 0.0 -0.7021797001361847 
2393 12.899654865264893 -0.023911604834953352 -0.07230826858186645 0.0 0.011121358722448349 0.0 -0.7016044557094574 
2394 12.90497088432312 -0.023911604834953352 -0.06722889726178272 0.0 0.011504855006933212 0.0 -0.701412707567215 
2395 12.910240650177002 -0.023911604834953352 -0.0717401555193357 0.0 0.011888351291418076 0.0 -0.7012209594249725 
2396 12.91555118560791 -0.023911604834953352 -0.07213037845247908 0.0 0.012080095708370209 0.0 -0.7010292112827301 
2397 12.920941352844238 -0.023911604834953352 -0.0703156150964789 0.0 0.012080095708370209 0.0 -0.7008374631404877 
2398 12.926218509674072 -0.023911604834953352 -0.07041829591000005 0.0 0.012080095708370209 0.0 -0.7008374631404877 
2399 12.931493759155273 -0.023911604834953352 -0.0705209767235212 0.0 0.012080095708370209 0.0 -0.7006457149982452 
2400 12.936764240264893 -0.023911604834953352 -0.06649952274502739 0.0 0.011888351291418076 0.0 -0.7006457149982452 
2401 12.94213581085205 -0.023911604834953352 -0.06851801790052578 0.0 0.011888351291418076 0.0 -0.7006457149982452 
2402 12.94758415222168 -0.023911604834953352 -0.06861906888650285 0.0 0.011888351291418076 0.0 -0.7004539668560028 
2403 12.95295000076294 -0.023911604834953352 -0.0687201198724799 0.0 0.011888351291418076 0.0 -0.7004539668560028 
2404 12.95822024345398 -0.023911604834953352 -0.07294530565047191 0.0 0.012080095708370209 0.0 -0.7002622187137604 
2405 12.963521718978882 -0.21774922520131806 -0.07525475721189306 0.0 0.01227184385061264 0.009012140333652496 -0.7002622187137604 
2406 12.968856811523438 -0.12770442505762916 -0.07344158646219896 0.0 0.01227184385061264 0.009012140333652496 -0.7002622187137604 
2407 12.974254608154297 -0.1360294580853079 -0.08179432696977186 0.0 0.012655340135097504 0.00939563661813736 -0.6998787224292755 
2408 12.979556560516357 -0.13639857306913475 -0.08631536435091423 0.0 0.013038836419582367 0.009587384760379791 -0.6996869742870331 
2409 12.984873056411743 -0.13868663908378223 -0.09083958132506835 0.0 0.013422328978776932 0.009779125452041626 -0.6994952261447906 
2410 12.990206003189087 -0.14097656965092759 -0.09124296044686364 0.0 0.013614077121019363 0.009970873594284058 -0.6994952261447906 
2411 12.99565839767456 -0.14326805557147604 -0.10181384343223203 0.0 0.014189321547746658 0.01016262173652649 -0.6993034780025482 
2412 13.001010179519653 -0.14968538626865488 -0.1044304382329576 0.0 0.014572817832231522 0.010546118021011353 -0.6993034780025482 
2413 13.006367921829224 -0.14594006542698484 -0.10071934433968294 0.0 0.014572817832231522 0.010546118021011353 -0.6993034780025482 
2414 13.011659622192383 -0.15840235218242746 -0.11321577791811455 0.0 0.015148058533668518 0.011121362447738647 -0.6985364854335785 
2415 13.01688814163208 -0.15686865441338163 -0.1117163443187021 0.0 0.01533980667591095 0.011313110589981079 -0.6983447372913361 
2416 13.022131204605103 -0.15504733443097216 -0.1058050363356017 0.0 0.015148058533668518 0.011313110589981079 -0.6979612410068512 
2417 13.02738881111145 -0.155143495870987 -0.09960284642071951 0.0 0.014764562249183655 0.011313110589981079 -0.6975777447223663 
2418 13.03275442123413 -0.15523965731100184 -0.09531495833524992 0.0 0.01438106968998909 0.011313110589981079 -0.6971942484378815 
2419 13.03808331489563 -0.15533581875101665 -0.08689947826729645 0.0 0.013805825263261795 0.011313110589981079 -0.6968107521533966 
2420 13.043332576751709 -0.15955619510845284 -0.08039670742244948 0.0 0.013230584561824799 0.01150485873222351 -0.6964272558689117 
2421 13.048709630966187 -0.15773650498525243 -0.07388892965333094 0.0 0.012655340135097504 0.01150485873222351 -0.6960437595844269 
2422 13.054009437561035 -0.16195851120189766 -0.07150051447690954 0.0 0.01227184385061264 0.011696606874465942 -0.6954685151576996 
2423 13.059375286102295 -0.16014045093790633 -0.06719143828505209 0.0 0.011888351291418076 0.011696606874465942 -0.6948932707309723 
2424 13.06462049484253 -0.16023987209633928 -0.06287898502813209 0.0 0.011504855006933212 0.011696606874465942 -0.6937427818775177 
2425 13.069828748703003 -0.1562150783373509 -0.06681173914053966 0.0 0.011504855006933212 0.01150485873222351 -0.6933593153953552 
2426 13.075056076049805 -0.15410613614157778 -0.06690953040809859 0.0 0.011504855006933212 0.011313110589981079 -0.6927840709686279 
2427 13.080321073532104 -0.14787134916917424 -0.06700732167565752 0.0 0.011504855006933212 0.010929614305496216 -0.6922088265419006 
2428 13.085618495941162 -0.1517992137356196 -0.06710511294321646 0.0 0.011504855006933212 0.010929614305496216 -0.6922088265419006 
2429 13.090828657150269 -0.13539525578753095 -0.06720290421077538 0.0 0.011504855006933212 0.01016262173652649 -0.6912500858306885 
2430 13.096065521240234 -0.134903133927146 -0.06730069547833431 0.0 0.011504855006933212 0.009779125452041626 -0.6906748414039612 
2431 13.10159969329834 -0.12644873483688573 -0.06739848674589324 0.0 0.011504855006933212 0.009203888475894928 -0.6902913451194763 
2432 13.106892347335815 -0.12403090781555515 -0.06749627801345218 0.0 0.011504855006933212 0.008820392191410065 -0.6899078488349915 
2433 13.112205743789673 0.06177256145491261 -0.06759406928101111 0.0 0.011504855006933212 0.0 -0.6895243525505066 
2434 13.117459774017334 -0.026431360459188032 -0.0635676456311487 0.0 0.01131310686469078 0.0 -0.6891408562660217 
2435 13.12269377708435 -0.026431360459188032 -0.06970550337934422 0.0 0.011504855006933212 0.0 -0.6887573599815369 
2436 13.127941370010376 -0.026431360459188032 -0.06788581322447884 0.0 0.011504855006933212 0.0 -0.6887573599815369 
2437 13.133196115493774 -0.026431360459188032 -0.07623203432688046 0.0 0.011888351291418076 0.0 -0.6881821155548096 
2438 13.138416290283203 -0.026431360459188032 -0.08074647217744517 0.0 0.01227184385061264 0.0 -0.6879903674125671 
2439 13.143665313720703 -0.026431360459188032 -0.08938850201049375 0.0 0.012847088277339935 0.0 -0.6877986192703247 
2440 13.148888349533081 -0.026431360459188032 -0.09199368782842088 0.0 0.013230584561824799 0.0 -0.6876068711280823 
2441 13.154335021972656 -0.026431360459188032 -0.09651953466178406 0.0 0.013614077121019363 0.0 -0.6876068711280823 
2442 13.159805059432983 -0.026431360459188032 -0.09692454364278841 0.0 0.013805825263261795 0.0 -0.6874151229858398 
2443 13.165169715881348 -0.026431360459188032 -0.09512441173510182 0.0 0.013805825263261795 0.0 -0.6874151229858398 
2444 13.170433044433594 -0.026431360459188032 -0.09524176124983955 0.0 0.013805825263261795 0.0 -0.6874151229858398 
2445 13.17579698562622 -0.026431360459188032 -0.09535911076457727 0.0 0.013805825263261795 0.0 -0.6876068711280823 
2446 13.181059837341309 -0.026431360459188032 -0.095476460279315 0.0 0.013805825263261795 0.0 -0.6876068711280823 
2447 13.186317682266235 -0.026431360459188032 -0.09971802471147406 0.0 0.013997573405504227 0.0 -0.6877986192703247 
2448 13.19160509109497 -0.026431360459188032 -0.10204373758041789 0.0 0.014189321547746658 0.0 -0.6877986192703247 
2449 13.196886539459229 -0.026431360459188032 -0.10849529522599209 0.0 0.014572817832231522 0.0 -0.6879903674125671 
2450 13.20223593711853 -0.026431360459188032 -0.11303255104215372 0.0 0.014956310391426086 0.0 -0.6879903674125671 
2451 13.207788467407227 -0.026431360459188032 -0.10932475408853519 0.0 0.014956310391426086 0.0 -0.6879903674125671 
2452 13.213125467300415 -0.026431360459188032 -0.12182452747912634 0.0 0.015531554818153381 0.0 -0.6881821155548096 
2453 13.218536138534546 -0.026431360459188032 -0.12032831634522903 0.0 0.015723302960395813 0.0 -0.688373863697052 
2454 13.223908424377441 -0.026431360459188032 -0.12266869791538942 0.0 0.015915051102638245 0.0 -0.688373863697052 
2455 13.229270696640015 -0.026431360459188032 -0.12913484413677384 0.0 0.01629854366183281 0.0 -0.688373863697052 
2456 13.234660863876343 -0.026431360459188032 -0.1295626710833751 0.0 0.01649029180407524 0.0 -0.688373863697052 
2457 13.239955186843872 -0.026431360459188032 -0.14015800189354943 0.0 0.017065536230802536 0.0 -0.688373863697052 
2458 13.245185613632202 -0.026431360459188032 -0.13455061468423832 0.0 0.017065536230802536 0.0 -0.688373863697052 
2459 13.250364303588867 -0.026431360459188032 -0.14706823636905778 0.0 0.017640776932239532 0.0 -0.688373863697052 
2460 13.255608558654785 -0.026431360459188032 -0.1455899908760332 0.0 0.017832525074481964 0.0 -0.688373863697052 
2461 13.260921001434326 -0.026431360459188032 -0.14794830083416333 0.0 0.018024273216724396 0.0 -0.688373863697052 
2462 13.266193866729736 -0.026431360459188032 -0.15443245556892385 0.0 0.01840776950120926 0.0 -0.688373863697052 
2463 13.271544933319092 -0.026431360459188032 -0.15487817368225681 0.0 0.01859951764345169 0.0 -0.6881821155548096 
2464 13.276850938796997 -0.026431360459188032 -0.16136713786923815 0.0 0.018983010202646255 0.0 -0.6881821155548096 
2465 13.282108068466187 -0.026431360459188032 -0.16181778278143633 0.0 0.019174758344888687 0.0 -0.6879903674125671 
2466 13.287530422210693 -0.026431360459188032 -0.16006328680494358 0.0 0.019174758344888687 0.0 -0.6879903674125671 
2467 13.293325424194336 -0.026431360459188032 -0.1684747020857178 0.0 0.01955825462937355 0.0 -0.6879903674125671 
2468 13.298780679702759 -0.026431360459188032 -0.1689301993226402 0.0 0.019750002771615982 0.0 -0.6879903674125671 
2469 13.304337739944458 -0.026431360459188032 -0.16718059292377463 0.0 0.019750002771615982 0.0 -0.6877986192703247 
2470 13.310157299041748 -0.026431360459188032 -0.16734846794733335 0.0 0.019750002771615982 0.0 -0.6874151229858398 
2471 13.315738916397095 -0.026431360459188032 -0.16339212805347075 0.0 0.01955825462937355 0.0 -0.6872233748435974 
2472 13.32111120223999 -0.026431360459188032 -0.1613516397228234 0.0 0.01936650648713112 0.0 -0.6868398785591125 
2473 13.327864170074463 -0.026431360459188032 -0.16343373645038833 0.0 0.01936650648713112 0.0 -0.6868398785591125 
2474 13.33452582359314 -0.026431360459188032 -0.16359835175552895 0.0 0.01936650648713112 0.0 -0.6868398785591125 
2475 13.340101718902588 -0.026431360459188032 -0.15139032230840554 0.0 0.018791262060403824 0.0 -0.685689389705658 
2476 13.345630645751953 -0.026431360459188032 -0.15317835751117698 0.0 0.01859951764345169 0.0 -0.6851141452789307 
2477 13.351123094558716 -0.026431360459188032 -0.15525389758066763 0.0 0.01859951764345169 0.0 -0.6845389008522034 
2478 13.356485366821289 -0.026431360459188032 -0.15541199348063697 0.0 0.01859951764345169 0.0 -0.6841554045677185 
2479 13.36174464225769 -0.026431360459188032 -0.15557008938060632 0.0 0.01859951764345169 0.0 -0.6835801601409912 
2480 13.367028951644897 -0.026431360459188032 -0.15572818528057564 0.0 0.01859951764345169 0.0 -0.6835801601409912 
2481 13.372445821762085 -0.026431360459188032 -0.15588628118054498 0.0 0.01859951764345169 0.0 -0.6826214492321014 
2482 13.377801418304443 -0.026431360459188032 -0.15604437708051433 0.0 0.01859951764345169 0.0 -0.6822379529476166 
2483 13.383156538009644 -0.026431360459188032 -0.14795404314564098 0.0 0.018216021358966827 0.0 -0.6818544566631317 
2484 13.388486862182617 -0.026431360459188032 -0.1478196272546195 0.0 0.018024273216724396 0.0 -0.6814709603786469 
2485 13.393802881240845 -0.026431360459188032 -0.1457661000819646 0.0 0.017832525074481964 0.0 -0.681087464094162 
2486 13.399219274520874 -0.026431360459188032 -0.1437109430501007 0.0 0.017640776932239532 0.0 -0.6807039678096771 
2487 13.404581069946289 -0.026431360459188032 -0.14577837107644906 0.0 0.017640776932239532 0.0 -0.6805122196674347 
2488 13.410078763961792 -0.026431360459188032 -0.14180410276295174 0.0 0.0174490287899971 0.0 -0.6801287233829498 
2489 13.41543436050415 -0.026431360459188032 -0.14386990093009105 0.0 0.0174490287899971 0.0 -0.6801287233829498 
2490 13.420693159103394 -0.026431360459188032 -0.14401821767480602 0.0 0.0174490287899971 0.0 -0.6801287233829498 
2491 13.426124334335327 -0.026431360459188032 -0.144166534419521 0.0 0.0174490287899971 0.0 -0.6799369752407074 
2492 13.431586265563965 -0.026431360459188032 -0.14431485116423595 0.0 0.0174490287899971 0.0 -0.6799369752407074 
2493 13.437025785446167 -0.026431360459188032 -0.14858738282637227 0.0 0.017640776932239532 0.0 -0.6801287233829498 
2494 13.442305564880371 -0.026431360459188032 -0.146819848007872 0.0 0.017640776932239532 0.0 -0.6801287233829498 
2495 13.447627305984497 -0.026431360459188032 -0.14696979461179605 0.0 0.017640776932239532 0.0 -0.6803204715251923 
2496 13.4530611038208 -0.026431360459188032 -0.14711974121572008 0.0 0.017640776932239532 0.0 -0.6803204715251923 
2497 13.458367586135864 -0.026431360459188032 -0.14314547290222276 0.0 0.0174490287899971 0.0 -0.6803204715251923 
2498 13.463642835617065 -0.026431360459188032 -0.14108713627734712 0.0 0.017257284373044968 0.0 -0.6803204715251923 
2499 13.468905448913574 -0.026431360459188032 -0.13902705244661798 0.0 0.017065536230802536 0.0 -0.6803204715251923 
2500 13.474155187606812 -0.026431360459188032 -0.13696537600958278 0.0 0.016873788088560104 0.0 -0.6803204715251923 
2501 13.479601621627808 -0.026431360459188032 -0.1431504995481812 0.0 0.017065536230802536 0.0 -0.6801287233829498 
2502 13.484917879104614 -0.026431360459188032 -0.1413780751837187 0.0 0.017065536230802536 0.0 -0.6801287233829498 
2503 13.490723609924316 -0.026431360459188032 -0.1497714819511168 0.0 0.0174490287899971 0.0 -0.6795534789562225 
2504 13.496054410934448 -0.026431360459188032 -0.14608487310388613 0.0 0.0174490287899971 0.0 -0.6793617308139801 
2505 13.501293420791626 -0.026431360459188032 -0.14623318984860112 0.0 0.0174490287899971 0.0 -0.6789782345294952 
2506 13.506521701812744 0.1674060996563639 -0.14225737180130113 0.0 0.017257284373044968 -0.0090121328830719 -0.6785947382450104 
2507 13.51195764541626 0.08560980378999372 -0.14019728797057202 0.0 0.017065536230802536 -0.009395629167556763 -0.6782112419605255 
2508 13.517276287078857 0.09422734854533334 -0.14225982645095814 0.0 0.017065536230802536 -0.009970873594284058 -0.6778277456760406 
2509 13.522507667541504 0.08855965670361181 -0.14240488350891997 0.0 0.017065536230802536 -0.009970873594284058 -0.6778277456760406 
2510 13.527763843536377 0.10514126879884858 -0.13842572564946043 0.0 0.016873788088560104 -0.010737866163253784 -0.6770607531070709 
2511 13.533233642578125 0.109935259723803 -0.1404866342706375 0.0 0.016873788088560104 -0.011313110589981079 -0.6766772568225861 
2512 13.538607120513916 0.1125272464805748 -0.14475427638681163 0.0 0.017065536230802536 -0.011696599423885345 -0.6762937605381012 
2513 13.543913841247559 0.11704020907147784 -0.14710606693977046 0.0 0.017257284373044968 -0.012080095708370209 -0.6759102642536163 
2514 13.549158811569214 0.12568057179241438 -0.14533527243451705 0.0 0.017257284373044968 -0.012655340135097504 -0.6757185161113739 
2515 13.554444074630737 0.12828412775113246 -0.14135774443426657 0.0 0.017065536230802536 -0.013038836419582367 -0.675335019826889 
2516 13.559723615646362 0.13280842485069294 -0.14342028291465272 0.0 0.017065536230802536 -0.01342233270406723 -0.6751432716846466 
2517 13.565062999725342 0.1414601965860929 -0.13531691013777186 0.0 0.016682039946317673 -0.013997577130794525 -0.6749515235424042 
2518 13.570295095443726 0.13995094664185304 -0.1310452404873215 0.0 0.01629854366183281 -0.014189325273036957 -0.6751432716846466 
2519 13.575550317764282 0.1340298595668282 -0.13089452603587437 0.0 0.016106795519590378 -0.013997577130794525 -0.675335019826889 
2520 13.580771207809448 0.13606632039486427 -0.12882478042820025 0.0 0.015915051102638245 -0.013997577130794525 -0.6755267679691315 
2521 13.586121082305908 0.12793686996563336 -0.13087750253209401 0.0 0.015915051102638245 -0.013614080846309662 -0.6759102642536163 
2522 13.591497898101807 0.12776333758025427 -0.12276435063162375 0.0 0.015531554818153381 -0.01342233270406723 -0.6762937605381012 
2523 13.596826791763306 0.12567069391324182 -0.12673133169242667 0.0 0.015531554818153381 -0.013230584561824799 -0.6768690049648285 
2524 13.602087259292603 0.12770063530444165 -0.126863349908381 0.0 0.015531554818153381 -0.013230584561824799 -0.6768690049648285 
2525 13.607512474060059 0.12368888035579581 -0.11462272337207127 0.0 0.014956310391426086 -0.013038836419582367 -0.6782112419605255 
2526 13.612748384475708 0.12984140680520792 -0.11225394656823504 0.0 0.014572817832231522 -0.013230584561824799 -0.6789782345294952 
2527 13.618054866790771 0.12803638535155912 -0.10384009635949062 0.0 0.013997573405504227 -0.013230584561824799 -0.679745227098465 
2528 13.62333869934082 0.12814884532033463 -0.10146309016586769 0.0 0.013614077121019363 -0.013230584561824799 -0.6807039678096771 
2529 13.628599166870117 0.1323855202065315 -0.09304120803938734 0.0 0.013038836419582367 -0.01342233270406723 -0.6814709603786469 
2530 13.633819818496704 0.13470634352951308 -0.08240758549363839 0.0 0.01227184385061264 -0.013614080846309662 -0.6822379529476166 
2531 13.639208555221558 0.13290458179428238 -0.08193347214662958 0.0 0.011888351291418076 -0.013614080846309662 -0.6831966638565063 
2532 13.64456820487976 0.13714451639889735 -0.07349680397228825 0.0 0.01131310686469078 -0.013805828988552094 -0.6839636564254761 
2533 13.64988660812378 0.13946859944029708 -0.06697284502105344 0.0 0.010737866163253784 -0.013997577130794525 -0.6849223971366882 
2534 13.655217170715332 0.14179431234090586 -0.06456809406296837 0.0 0.010354369878768921 -0.014189325273036957 -0.6858811378479004 
2535 13.66056489944458 0.14824570976733226 -0.051994209382101184 0.0 0.009587377309799194 -0.014572814106941223 -0.6877986192703247 
2536 13.665862321853638 0.14865890526561995 -0.051497278069495445 0.0 0.00920388475060463 -0.014764562249183655 -0.6889491081237793 
2537 13.671096086502075 0.15511535245715638 0.14255131847655844 0.0 0.0 -0.015148058533668518 -0.6899078488349915 
2538 13.67633056640625 0.1596575779446866 0.05051247097051215 0.0 0.0 -0.015531554818153381 -0.691058337688446 
2539 13.681552171707153 0.15595463331579226 0.05051247097051215 0.0 0.0 -0.015531554818153381 -0.691058337688446 
2540 13.686776399612427 0.17670772611885327 0.05051247097051215 0.0 0.0 -0.01649029552936554 -0.6933593153953552 
2541 13.692147731781006 0.175508916353574 0.05051247097051215 0.0 0.0 -0.016873791813850403 -0.6945097744464874 
2542 13.697508573532104 0.180065650323173 0.05051247097051215 0.0 0.0 -0.01725728064775467 -0.6954685151576996 
2543 13.702806949615479 0.17637744886963624 0.05051247097051215 0.0 0.0 -0.01725728064775467 -0.6964272558689117 
2544 13.708094120025635 0.17239992083772082 0.05051247097051215 0.0 0.0 -0.017065532505512238 -0.6975777447223663 
2545 13.713351488113403 0.174462459286442 0.05051247097051215 0.0 0.0 -0.017065532505512238 -0.6983447372913361 
2546 13.718770742416382 0.17048346164613026 0.05051247097051215 0.0 0.0 -0.016873791813850403 -0.6993034780025482 
2547 13.724053144454956 0.168420080875745 0.05051247097051215 0.0 0.0 -0.01668204367160797 -0.7000704705715179 
2548 13.729269027709961 0.170479359669378 0.05051247097051215 0.0 0.0 -0.01668204367160797 -0.7006457149982452 
2549 13.734500169754028 0.16237272720574397 0.05051247097051215 0.0 0.0 -0.016298547387123108 -0.7012209594249725 
2550 13.739730834960938 0.16222201278596182 0.05051247097051215 0.0 0.0 -0.016106799244880676 -0.7016044557094574 
2551 13.745565414428711 0.14777954233228227 0.05051247097051215 0.0 0.0 -0.01533980667591095 -0.7023714482784271 
2552 13.750901222229004 0.1473314265438821 0.05051247097051215 0.0 0.0 -0.014956310391426086 -0.7025631964206696 
2553 13.756247282028198 0.14304508819221515 0.05051247097051215 0.0 0.0 -0.014572814106941223 -0.702754944562912 
2554 13.761549234390259 0.1470039199569728 0.05051247097051215 0.0 0.0 -0.014572814106941223 -0.702754944562912 
2555 13.766833305358887 0.12650687454058784 0.05051247097051215 0.0 0.0 -0.013614080846309662 -0.7029466927051544 
2556 13.77210545539856 0.1279614969992544 0.05051247097051215 0.0 0.0 -0.013230584561824799 -0.7029466927051544 
2557 13.777466058731079 0.12366048997803589 0.05051247097051215 0.0 0.0 -0.012847088277339935 -0.702754944562912 
2558 13.782729387283325 0.11935622323839921 0.05051247097051215 0.0 0.0 -0.012463591992855072 -0.7025631964206696 
2559 13.787952423095703 0.11917291169776578 0.05051247097051215 0.0 0.0 -0.01227184385061264 -0.7023714482784271 
2560 13.793184757232666 0.11707048887549897 0.05051247097051215 0.0 0.0 -0.012080095708370209 -0.7019879519939423 
2561 13.79867148399353 0.11909065111144443 0.05051247097051215 0.0 0.0 -0.012080095708370209 -0.7017962038516998 
2562 13.80396056175232 0.11506911700754423 0.05051247097051215 0.0 0.0 -0.011888347566127777 -0.701412707567215 
2563 13.809305429458618 0.11296343446685929 0.05051247097051215 0.0 0.0 -0.011696599423885345 -0.7010292112827301 
2564 13.814564943313599 0.10673206740035672 0.05051247097051215 0.0 0.0 -0.011313110589981079 -0.7006457149982452 
2565 13.820088386535645 0.10241468734457154 0.05051247097051215 0.0 0.0 -0.010929614305496216 -0.7002622187137604 
2566 13.82544732093811 0.08984569224133153 0.05051247097051215 0.0 0.0 -0.01016262173652649 -0.6993034780025482 
2567 13.830711603164673 0.09347778529836794 0.05051247097051215 0.0 0.0 -0.009970873594284058 -0.6987282335758209 
2568 13.836061000823975 0.09548001914634366 0.05051247097051215 0.0 0.0 -0.009970873594284058 -0.6983447372913361 
2569 13.84134030342102 0.09556477157189508 0.05051247097051215 0.0 0.0 -0.009970873594284058 -0.6983447372913361 
2570 13.846606492996216 0.0874010941626038 0.05051247097051215 0.0 0.0 -0.009587377309799194 -0.6973859965801239 
2571 13.85202956199646 0.08306911987974305 0.05051247097051215 0.0 0.0 -0.009203881025314331 -0.697002500295639 
2572 13.857341527938843 0.08285810079588551 0.05051247097051215 0.0 0.0 -0.0090121328830719 -0.6966190040111542 
2573 13.862680673599243 0.08072813068120738 0.05051247097051215 0.0 0.0 -0.008820392191410065 -0.6964272558689117 
2574 13.867948293685913 -0.10699289451749067 0.05051247097051215 0.0 0.0 0.0 -0.6960437595844269 
2575 13.873230934143066 -0.018788972603390023 0.05051247097051215 0.0 0.0 0.0 -0.6958520114421844 
2576 13.878527641296387 -0.018788972603390023 0.05051247097051215 0.0 0.0 0.0 -0.695660263299942 
2577 13.883833408355713 -0.018788972603390023 0.05051247097051215 0.0 0.0 0.0 -0.6954685151576996 
2578 13.889228105545044 -0.018788972603390023 0.05051247097051215 0.0 0.0 0.0 -0.6954685151576996 
2579 13.894500017166138 -0.018788972603390023 0.05051247097051215 0.0 0.0 0.0 -0.6952767670154572 
2580 13.899760723114014 -0.018788972603390023 0.05051247097051215 0.0 0.0 0.0 -0.6952767670154572 
2581 13.905164957046509 -0.018788972603390023 0.05051247097051215 0.0 0.0 0.0 -0.6952767670154572 
2582 13.910817861557007 -0.018788972603390023 0.05051247097051215 0.0 0.0 0.0 -0.6952767670154572 
2583 13.916167974472046 -0.018788972603390023 0.05051247097051215 0.0 0.0 0.0 -0.6952767670154572 
2584 13.921410083770752 -0.018788972603390023 0.05051247097051215 0.0 0.0 0.0 -0.6952767670154572 
2585 13.926718711853027 -0.018788972603390023 0.05051247097051215 0.0 0.0 0.0 -0.6952767670154572 
2586 13.932030200958252 -0.018788972603390023 0.05051247097051215 0.0 0.0 0.0 -0.6952767670154572 
2587 13.937302589416504 -0.018788972603390023 0.05051247097051215 0.0 0.0 0.0 -0.6952767670154572 
2588 13.942739963531494 -0.018788972603390023 0.05051247097051215 0.0 0.0 0.0 -0.6952767670154572 
2589 13.948060989379883 -0.018788972603390023 0.05051247097051215 0.0 0.0 0.0 -0.6952767670154572 
2590 13.953322649002075 -0.018788972603390023 0.05051247097051215 0.0 0.0 0.0 -0.6952767670154572 
2591 13.958731412887573 -0.018788972603390023 0.05051247097051215 0.0 0.0 0.0 -0.6950850188732147 
2592 13.964064598083496 -0.018788972603390023 0.05051247097051215 0.0 0.0 0.0 -0.6948932707309723 
2593 13.96940541267395 -0.018788972603390023 0.05051247097051215 0.0 0.0 0.0 -0.6948932707309723 
2594 13.974662780761719 -0.018788972603390023 0.05051247097051215 0.0 0.0 0.0 -0.6947015225887299 
2595 13.979883670806885 -0.018788972603390023 0.05051247097051215 0.0 0.0 0.0 -0.6945097744464874 
2596 13.985139608383179 -0.018788972603390023 0.05051247097051215 0.0 0.0 0.0 -0.694318026304245 
2597 13.990459203720093 -0.018788972603390023 0.05051247097051215 0.0 0.0 0.0 -0.6939345300197601 
2598 13.995888948440552 -0.018788972603390023 0.05051247097051215 0.0 0.0 0.0 -0.6935510635375977 
2599 14.001137018203735 -0.018788972603390023 0.05051247097051215 0.0 0.0 0.0 -0.6935510635375977 
2600 14.00640082359314 -0.018788972603390023 0.05051247097051215 0.0 0.0 0.0 -0.6931675672531128 
2601 14.011820554733276 -0.018788972603390023 0.05051247097051215 0.0 0.0 0.0 -0.6927840709686279 
2602 14.017091989517212 -0.018788972603390023 0.05051247097051215 0.0 0.0 0.0 -0.6925923228263855 
2603 14.022390127182007 -0.018788972603390023 0.05051247097051215 0.0 0.0 0.0 -0.6924005746841431 
2604 14.02777624130249 -0.018788972603390023 0.05051247097051215 0.0 0.0 0.0 -0.6922088265419006 
2605 14.033125877380371 -0.018788972603390023 0.05051247097051215 0.0 0.0 0.0 -0.6922088265419006 
2606 14.038381099700928 -0.018788972603390023 0.05051247097051215 0.0 0.0 0.0 -0.6920170783996582 
2607 14.04362440109253 -0.018788972603390023 0.25259852117171955 0.0 -0.00939563661813736 0.0 -0.6920170783996582 
2608 14.048847198486328 -0.018788972603390023 0.17109450240305138 0.0 -0.009970873594284058 0.0 -0.6920170783996582 
2609 14.054190874099731 -0.018788972603390023 0.18192374473682116 0.0 -0.010737866163253784 0.0 -0.6918253302574158 
2610 14.059476613998413 -0.018788972603390023 0.18671773566177557 0.0 -0.011313110589981079 0.0 -0.6918253302574158 
2611 14.064847707748413 -0.018788972603390023 0.20168252742162418 0.0 -0.012271851301193237 0.0 -0.6918253302574158 
2612 14.070155143737793 -0.018788972603390023 0.20869613046443533 0.0 -0.013038836419582367 0.0 -0.6918253302574158 
2613 14.075646162033081 -0.018788972603390023 0.21763396905979585 0.0 -0.013805828988552094 0.0 -0.6918253302574158 
2614 14.08098840713501 -0.018788972603390023 0.22657825258618663 0.0 -0.01457282155752182 0.0 -0.6918253302574158 
2615 14.086301803588867 -0.018788972603390023 0.2190321958797283 0.0 -0.01457282155752182 0.0 -0.6918253302574158 
2616 14.091744899749756 -0.018788972603390023 0.2439011941166825 0.0 -0.015723302960395813 0.0 -0.6918253302574158 
2617 14.096970796585083 -0.018788972603390023 0.22428159832826328 0.0 -0.01533980667591095 0.0 -0.6918253302574158 
2618 14.102204084396362 -0.018788972603390023 0.22412273461243581 0.0 -0.015148058533668518 0.0 -0.6918253302574158 
2619 14.107465267181396 -0.018788972603390023 0.22204491986578773 0.0 -0.014956317842006683 0.0 -0.6918253302574158 
2620 14.112680196762085 -0.018788972603390023 0.21171681073179913 0.0 -0.014381073415279388 0.0 -0.6918253302574158 
2621 14.11808967590332 -0.018788972603390023 0.20934306428825927 0.0 -0.013997577130794525 0.0 -0.6920170783996582 
2622 14.123488903045654 -0.018788972603390023 0.20092436178645562 0.0 -0.01342233270406723 0.0 -0.6920170783996582 
2623 14.128928184509277 -0.018788972603390023 0.19441825112944913 0.0 -0.012847088277339935 0.0 -0.6922088265419006 
2624 14.134255170822144 -0.018788972603390023 0.1879074111456282 0.0 -0.012271851301193237 0.0 -0.6924005746841431 
2625 14.139527320861816 -0.018788972603390023 0.18139144689089132 0.0 -0.011696606874465942 0.0 -0.6925923228263855 
2626 14.144774436950684 -0.018788972603390023 0.17899488248175455 0.0 -0.011313110589981079 0.0 -0.6929758191108704 
2627 14.150025129318237 -0.018788972603390023 0.170553362014354 0.0 -0.010737866163253784 0.0 -0.6933593153953552 
2628 14.155301809310913 -0.018788972603390023 0.16402443339175057 0.0 -0.01016262173652649 0.0 -0.6935510635375977 
2629 14.160716533660889 -0.018788972603390023 0.16573904502636266 0.0 -0.009970873594284058 0.0 -0.6939345300197601 
2630 14.166013240814209 -0.018788972603390023 0.16774127887433837 0.0 -0.009970873594284058 0.0 -0.6939345300197601 
2631 14.171422481536865 -0.018788972603390023 0.15132933188101722 0.0 -0.009203888475894928 0.0 -0.6952767670154572 
2632 14.176701307296753 -0.018788972603390023 0.1590774161169536 0.0 -0.009203888475894928 0.0 -0.695660263299942 
2633 14.18200969696045 -0.018788972603390023 0.15915564916899871 0.0 -0.009203888475894928 0.0 -0.6960437595844269 
2634 14.187266111373901 -0.018788972603390023 0.15923388222104382 0.0 -0.009203888475894928 0.0 -0.6964272558689117 
2635 14.192510843276978 -0.018788972603390023 0.15931211527308892 0.0 -0.009203888475894928 0.0 -0.6968107521533966 
2636 14.1978280544281 -0.018788972603390023 0.16351456324255537 0.0 -0.00939563661813736 0.0 -0.697002500295639 
2637 14.203136682510376 -0.018788972603390023 0.16167694473138522 0.0 -0.00939563661813736 0.0 -0.6971942484378815 
2638 14.208406448364258 -0.018788972603390023 0.16588102256006074 0.0 -0.009587384760379791 0.0 -0.6973859965801239 
2639 14.213645935058594 -0.018788972603390023 0.17229330349212957 0.0 -0.009970873594284058 0.0 -0.6975777447223663 
2640 14.21885895729065 -0.018788972603390023 0.17266738249605965 0.0 -0.01016262173652649 0.0 -0.6975777447223663 
2641 14.22425889968872 -0.018788972603390023 0.1790847131932385 0.0 -0.010546118021011353 0.0 -0.6973859965801239 
2642 14.229558229446411 -0.018788972603390023 0.17946360726898977 0.0 -0.010737866163253784 0.0 -0.6973859965801239 
2643 14.234954118728638 -0.018788972603390023 0.18176161262637447 0.0 -0.010929614305496216 0.0 -0.6971942484378815 
2644 14.240221500396729 -0.018788972603390023 0.1840612478429682 0.0 -0.011121362447738647 0.0 -0.697002500295639 
2645 14.245545625686646 -0.018788972603390023 0.18223829800134966 0.0 -0.011121362447738647 0.0 -0.697002500295639 
2646 14.25078797340393 -0.2085023780523334 0.19058125941699813 0.0 -0.01150485873222351 0.008820392191410065 -0.6964272558689117 
2647 14.256054639816284 -0.14099434380815368 0.19509251770621608 0.0 -0.011888355016708374 0.009779125452041626 -0.6960437595844269 
2648 14.261283874511719 -0.14386277852044443 0.19960703571385213 0.0 -0.012271851301193237 0.010354369878768921 -0.695660263299942 
2649 14.266494035720825 -0.1464467762319837 0.20412465318909356 0.0 -0.012655340135097504 0.010737866163253784 -0.6952767670154572 
2650 14.27171540260315 -0.1509515150843654 0.21276997999346325 0.0 -0.013230584561824799 0.011121362447738647 -0.6948932707309723 
2651 14.277128458023071 -0.15545951365516525 0.22362685536465118 0.0 -0.013997577130794525 0.01150485873222351 -0.6945097744464874 
2652 14.28249216079712 -0.1599707719443832 0.2284485538328297 0.0 -0.01457282155752182 0.011888355016708374 -0.6941262781620026 
2653 14.287798881530762 -0.16448528995201925 0.23106840838363837 0.0 -0.014956317842006683 0.012271851301193237 -0.6937427818775177 
2654 14.293065309524536 -0.16900290742726068 0.23973305874189804 0.0 -0.015531554818153381 0.012655340135097504 -0.6933593153953552 
2655 14.298279523849487 -0.17352401931420902 0.24236113703122805 0.0 -0.015915051102638245 0.013038836419582367 -0.6927840709686279 
2656 14.3035249710083 -0.17392410149634818 0.24690988195559452 0.0 -0.016298547387123108 0.013230584561824799 -0.6924005746841431 
2657 14.308742046356201 -0.17211908004269938 0.24733767168095777 0.0 -0.01649029552936554 0.013230584561824799 -0.6920170783996582 
2658 14.313950300216675 -0.16810732509405354 0.24556035777053306 0.0 -0.01649029552936554 0.013038836419582367 -0.6916335821151733 
2659 14.319174528121948 -0.1701356366260443 0.24982474019995402 0.0 -0.01668204367160797 0.013038836419582367 -0.6912500858306885 
2660 14.324415445327759 -0.16612225181818943 0.24804905614873837 0.0 -0.01668204367160797 0.012847088277339935 -0.691058337688446 
2661 14.329751968383789 -0.17227314840839247 0.2564392833547897 0.0 -0.017065539956092834 0.013038836419582367 -0.6906748414039612 
2662 14.335164785385132 -0.17459071201295595 0.2568735925169892 0.0 -0.017257288098335266 0.013230584561824799 -0.6900995969772339 
2663 14.340511560440063 -0.17278569055930715 0.25922701296082207 0.0 -0.017449036240577698 0.013230584561824799 -0.6895243525505066 
2664 14.34580111503601 -0.16464972069323996 0.2574578483464427 0.0 -0.017449036240577698 0.012847088277339935 -0.6889491081237793 
2665 14.351024866104126 -0.14384875453473073 0.23286087564995953 0.0 -0.016298547387123108 0.011696606874465942 -0.6879903674125671 
2666 14.356441259384155 -0.13895613005221824 0.2280074421676106 0.0 -0.015531554818153381 0.010929614305496216 -0.6874151229858398 
2667 14.362043857574463 -0.12609788287640553 0.21931268665438958 0.0 -0.014764569699764252 0.009970873594284058 -0.6868398785591125 
2668 14.367486953735352 0.07868849228858013 0.20648696209362216 0.0 -0.013805828988552094 0.0 -0.6862646341323853 
2669 14.372798204421997 -0.021020243654260442 0.20794328891730376 0.0 -0.01342233270406723 0.0 -0.685689389705658 
2670 14.378016948699951 -0.021020243654260442 0.2160165565075583 0.0 -0.013614080846309662 0.0 -0.6853058934211731 
2671 14.383364200592041 -0.021020243654260442 0.2224632246071703 0.0 -0.013997577130794525 0.0 -0.6847306489944458 
2672 14.388681650161743 -0.021020243654260442 0.23111988592019744 0.0 -0.01457282155752182 0.0 -0.6841554045677185 
2673 14.39401125907898 -0.021020243654260442 0.23373974047100612 0.0 -0.014956317842006683 0.0 -0.6835801601409912 
2674 14.399254560470581 -0.021020243654260442 0.23828017591184444 0.0 -0.01533980667591095 0.0 -0.6831966638565063 
2675 14.40457010269165 -0.021020243654260442 0.23457567592954703 0.0 -0.01533980667591095 0.0 -0.6831966638565063 
2676 14.409916639328003 -0.021020243654260442 0.2388302792037136 0.0 -0.015531554818153381 0.0 -0.6828131973743439 
2677 14.41516661643982 -0.021020243654260442 0.220548116578371 0.0 -0.014764569699764252 0.0 -0.6818544566631317 
2678 14.420409679412842 -0.021020243654260442 0.21597082185244626 0.0 -0.014189325273036957 0.0 -0.6816627085208893 
2679 14.425731420516968 -0.021020243654260442 0.20534701571485467 0.0 -0.01342233270406723 0.0 -0.6812792122364044 
2680 14.430978059768677 -0.021020243654260442 0.1842616870613999 0.0 -0.012080103158950806 0.0 -0.6808957159519196 
2681 14.436336040496826 -0.021020243654260442 0.1854140186371512 0.0 -0.01150485873222351 0.0 -0.6807039678096771 
2682 14.441725969314575 -0.021020243654260442 0.17889160945138405 0.0 -0.010929614305496216 0.0 -0.6807039678096771 
2683 14.447031259536743 -0.021020243654260442 0.17236431068798969 0.0 -0.010354369878768921 0.0 -0.6805122196674347 
2684 14.452312707901001 -0.021020243654260442 0.16583228259778093 0.0 -0.009779132902622223 0.0 -0.6807039678096771 
2685 14.457556247711182 -0.021020243654260442 0.1634193451540775 0.0 -0.00939563661813736 0.0 -0.6807039678096771 
2686 14.462764024734497 -0.021020243654260442 0.15496152615791628 0.0 -0.008820392191410065 0.0 -0.6807039678096771 
2687 14.467997312545776 -0.021020243654260442 -0.02892446169012717 0.0 0.0 0.0 -0.6808957159519196 
2688 14.47321105003357 -0.021020243654260442 0.05927946022397348 0.0 0.0 0.0 -0.6808957159519196 
2689 14.478564023971558 -0.021020243654260442 0.05927946022397348 0.0 0.0 0.0 -0.681087464094162 
2690 14.483839750289917 -0.021020243654260442 0.05927946022397348 0.0 0.0 0.0 -0.681087464094162 
2691 14.489203929901123 -0.21485786402062515 0.05927946022397348 0.0 0.0 0.009012140333652496 -0.6816627085208893 
2692 14.494569778442383 -0.12893727879435757 0.05927946022397348 0.0 0.0 0.009203888475894928 -0.6818544566631317 
2693 14.49987506866455 -0.1312222453413997 0.05927946022397348 0.0 0.0 0.00939563661813736 -0.6822379529476166 
2694 14.505094051361084 -0.1335088417476509 0.05927946022397348 0.0 0.0 0.009587384760379791 -0.6826214492321014 
2695 14.510336875915527 -0.13167285309568982 0.05927946022397348 0.0 0.0 0.009587384760379791 -0.6830049157142639 
2696 14.515589714050293 -0.13587840053276162 0.05927946022397348 0.0 0.0 0.009779125452041626 -0.6833884119987488 
2697 14.520823955535889 -0.12992006151587707 0.05927946022397348 0.0 0.0 0.009587384760379791 -0.6839636564254761 
2698 14.52604055404663 -0.13604301586956719 0.05927946022397348 0.0 0.0 0.009779125452041626 -0.6843471527099609 
2699 14.531246662139893 -0.1342087315192912 0.25724129550775954 0.0 -0.009203888475894928 0.009779125452041626 -0.6851141452789307 
2700 14.536475658416748 -0.13016779941902498 0.18177734321972797 0.0 -0.009970873594284058 0.009587384760379791 -0.6854976415634155 
2701 14.54194188117981 -0.12391826927126387 0.1865648892136521 0.0 -0.010546118021011353 0.009203888475894928 -0.6860728859901428 
2702 14.547229528427124 -0.11958303533331494 0.19327473170182177 0.0 -0.011121362447738647 0.008820392191410065 -0.6862646341323853 
2703 14.552537441253662 0.06622043393715282 0.1999894637676186 0.0 -0.011696606874465942 0.0 -0.6866481304168701 
2704 14.55779767036438 -0.021983487976947828 0.20670908541104266 0.0 -0.012271851301193237 0.0 -0.6868398785591125 
2705 14.56313157081604 -0.021983487976947828 0.20106095187982984 0.0 -0.012271851301193237 0.0 -0.6868398785591125 
2706 14.568393230438232 -0.021983487976947828 0.21766196203476257 0.0 -0.013038836419582367 0.0 -0.6874151229858398 
2707 14.573606491088867 -0.021983487976947828 0.2059787260430164 0.0 -0.012847088277339935 0.0 -0.6877986192703247 
2708 14.578810453414917 -0.021983487976947828 0.20388119279837677 0.0 -0.012655340135097504 0.0 -0.6879903674125671 
2709 14.584036827087402 -0.021983487976947828 0.19353376011049817 0.0 -0.012080103158950806 0.0 -0.6881821155548096 
2710 14.58924651145935 -0.021983487976947828 0.19114038091397353 0.0 -0.011696606874465942 0.0 -0.688373863697052 
2711 14.594615936279297 -0.021983487976947828 0.18682633508241245 0.0 -0.011313110589981079 0.0 -0.688373863697052 
2712 14.599919319152832 -0.021983487976947828 0.19488167428469727 0.0 -0.01150485873222351 0.0 -0.688373863697052 
2713 14.605270147323608 -0.021983487976947828 0.20543462891376088 0.0 -0.012080103158950806 0.0 -0.688373863697052 
2714 14.610508680343628 -0.021983487976947828 0.2162815649422116 0.0 -0.012847088277339935 0.0 -0.688373863697052 
2715 14.615778923034668 -0.021983487976947828 0.2293419885957844 0.0 -0.013805828988552094 0.0 -0.688373863697052 
2716 14.621181011199951 -0.021983487976947828 0.24461722053459356 0.0 -0.014956317842006683 0.0 -0.688373863697052 
2717 14.62645936012268 -0.021983487976947828 0.2373635153683133 0.0 -0.015148058533668518 0.0 -0.688373863697052 
2718 14.63169240951538 -0.021983487976947828 0.23145081228262254 0.0 -0.014956317842006683 0.0 -0.6881821155548096 
2719 14.636948823928833 -0.021983487976947828 0.2293711329834766 0.0 -0.014764569699764252 0.0 -0.6879903674125671 
2720 14.642261981964111 -0.021983487976947828 0.23141411324834893 0.0 -0.014764569699764252 0.0 -0.6879903674125671 
2721 14.647770881652832 -0.21994532326073388 0.21504275242111154 0.0 -0.013997577130794525 0.009203888475894928 -0.6874151229858398 
2722 14.653048276901245 -0.14035715605528096 0.2187074425989992 0.0 -0.013805828988552094 0.009779125452041626 -0.6872233748435974 
2723 14.65835976600647 -0.15530898344726304 0.22074227356782622 0.0 -0.013805828988552094 0.010737866163253784 -0.687031626701355 
2724 14.663647651672363 -0.17055813770205716 0.22498383803165026 0.0 -0.013997577130794525 0.011888355016708374 -0.6868398785591125 
2725 14.668893575668335 -0.1880236443562899 0.22730955093225905 0.0 -0.014189325273036957 0.013230584561824799 -0.6866481304168701 
2726 14.67422890663147 -0.19945909837842923 0.23788532352691955 0.0 -0.014764569699764252 0.014381073415279388 -0.6864563822746277 
2727 14.679514408111572 -0.21282157822162848 0.24050664768612454 0.0 -0.015148058533668518 0.015531554818153381 -0.6860728859901428 
2728 14.684754848480225 -0.21382142716110686 0.24504894767946073 0.0 -0.015531554818153381 0.016106799244880676 -0.685689389705658 
2729 14.689963579177856 -0.22057853543967942 0.2413460030505664 0.0 -0.015531554818153381 0.01668204367160797 -0.6853058934211731 
2730 14.695186138153076 -0.22321631837845782 0.24147802126652068 0.0 -0.015531554818153381 0.017065539956092834 -0.6849223971366882 
2731 14.7005774974823 -0.23189889712468723 0.2333616096476323 0.0 -0.015148058533668518 0.017640776932239532 -0.6845389008522034 
2732 14.705872774124146 -0.23866911871940832 0.22907706140598721 0.0 -0.014764569699764252 0.018216021358966827 -0.6843471527099609 
2733 14.711289882659912 -0.24956837030337195 0.22066480383521386 0.0 -0.014189325273036957 0.018983013927936554 -0.6837719082832336 
2734 14.716563940048218 -0.24205980023206214 0.22653785736730764 0.0 -0.014189325273036957 0.018983013927936554 -0.6835801601409912 
2735 14.721817016601562 -0.2422211558504496 0.22665846663212844 0.0 -0.014189325273036957 0.018983013927936554 -0.6835801601409912 
2736 14.727047681808472 -0.2258856517991517 0.23502750573179193 0.0 -0.01457282155752182 0.018216021358966827 -0.6828131973743439 
2737 14.732264280319214 -0.21721371425152758 0.2395648417050249 0.0 -0.014956317842006683 0.017449036240577698 -0.682429701089859 
2738 14.737472534179688 -0.20441080765635708 0.2399810622284419 0.0 -0.015148058533668518 0.01649029552936554 -0.6820462048053741 
2739 14.74269700050354 -0.18939309277595023 0.2423166287267811 0.0 -0.01533980667591095 0.01533980667591095 -0.6816627085208893 
2740 14.748139142990112 -0.17215902549610476 0.2322812660770721 0.0 -0.014956317842006683 0.013997577130794525 -0.6812792122364044 
2741 14.753552675247192 -0.15683079593093135 0.2238706383655078 0.0 -0.014381073415279388 0.012655340135097504 -0.681087464094162 
2742 14.758956909179688 -0.14973982194275598 0.21324846208712525 0.0 -0.013614080846309662 0.011696606874465942 -0.6807039678096771 
2743 14.764351844787598 -0.1346812862029765 0.20041303287690945 0.0 -0.012655340135097504 0.010546118021011353 -0.6805122196674347 
2744 14.769697666168213 -0.12153068748698573 0.18948709604388542 0.0 -0.011696606874465942 0.00939563661813736 -0.6801287233829498 
2745 14.774985551834106 0.06897068577422757 0.1785527752215273 0.0 -0.010737866163253784 0.0 -0.6799369752407074 
2746 14.780239343643188 -0.024985680407146015 0.16348632494232126 0.0 -0.009587384760379791 0.0 -0.6795534789562225 
2747 14.785497188568115 -0.024985680407146015 -0.031137633377104318 0.0 0.0 0.0 -0.6791699826717377 
2748 14.790752649307251 -0.024985680407146015 0.0647362142266936 0.0 0.0 0.0 -0.6787864863872528 
2749 14.796054124832153 -0.024985680407146015 0.0647362142266936 0.0 0.0 0.0 -0.6785947382450104 
2750 14.801294565200806 -0.024985680407146015 0.0647362142266936 0.0 0.0 0.0 -0.6782112419605255 
2751 14.806734085083008 -0.024985680407146015 0.0647362142266936 0.0 0.0 0.0 -0.6782112419605255 
2752 14.81210732460022 -0.024985680407146015 0.0647362142266936 0.0 0.0 0.0 -0.6774442493915558 
2753 14.817416667938232 -0.024985680407146015 0.0647362142266936 0.0 0.0 0.0 -0.6772525012493134 
2754 14.82271409034729 -0.024985680407146015 0.0647362142266936 0.0 0.0 0.0 -0.6768690049648285 
2755 14.828195571899414 -0.024985680407146015 0.0647362142266936 0.0 0.0 0.0 -0.6766772568225861 
2756 14.833503484725952 -0.024985680407146015 0.0647362142266936 0.0 0.0 0.0 -0.6764855086803436 
2757 14.838752031326294 -0.024985680407146015 0.0647362142266936 0.0 0.0 0.0 -0.6762937605381012 
2758 14.843993663787842 -0.024985680407146015 0.0647362142266936 0.0 0.0 0.0 -0.6761020123958588 
2759 14.849387884140015 -0.024985680407146015 0.26269804951047965 0.0 -0.009203888475894928 0.0 -0.6759102642536163 
2760 14.854682922363281 -0.024985680407146015 0.1996067419747121 0.0 -0.010546118021011353 0.0 -0.6757185161113739 
2761 14.860037088394165 -0.024985680407146015 0.21101937803125448 0.0 -0.011696606874465942 0.0 -0.6755267679691315 
2762 14.86531114578247 -0.024985680407146015 0.22435903990885683 0.0 -0.012847088277339935 0.0 -0.675335019826889 
2763 14.870668888092041 -0.024985680407146015 0.23358450071758097 0.0 -0.013805828988552094 0.0 -0.6751432716846466 
2764 14.875968217849731 -0.024985680407146015 0.2447355177389688 0.0 -0.014764569699764252 0.0 -0.6747597754001617 
2765 14.881318092346191 -0.024985680407146015 0.26414295364043183 0.0 -0.016106799244880676 0.0 -0.6745680272579193 
2766 14.886618852615356 -0.024985680407146015 0.2508575659828491 0.0 -0.016106799244880676 0.0 -0.6745680272579193 
2767 14.89184308052063 -0.024985680407146015 0.3334786118740446 0.0 -0.019941754639148712 0.0 -0.6741845309734344 
2768 14.897095918655396 -0.024985680407146015 0.3200436920995123 0.0 -0.021092236042022705 0.0 -0.6741845309734344 
2769 14.902318477630615 -0.024985680407146015 0.32933923666423626 0.0 -0.022050976753234863 0.0 -0.6741845309734344 
2770 14.907557487487793 -0.024985680407146015 0.3364361225242025 0.0 -0.02281796932220459 0.0 -0.6741845309734344 
2771 14.912901878356934 -0.024985680407146015 0.34133263407519526 0.0 -0.023393206298351288 0.0 -0.6741845309734344 
2772 14.918211460113525 -0.024985680407146015 0.3399033214846856 0.0 -0.02358495444059372 0.0 -0.6741845309734344 
2773 14.923532009124756 -0.024985680407146015 0.3423105270924277 0.0 -0.02377670258283615 0.0 -0.6743762791156769 
2774 14.928751468658447 -0.024985680407146015 0.3405951476419575 0.0 -0.02377670258283615 0.0 -0.6745680272579193 
2775 14.934017419815063 -0.024985680407146015 0.33667303469649024 0.0 -0.02358495444059372 0.0 -0.6745680272579193 
2776 14.939237356185913 -0.024985680407146015 0.3346667733142383 0.0 -0.023393206298351288 0.0 -0.6747597754001617 
2777 14.944600343704224 -0.024985680407146015 0.3244106124887473 0.0 -0.02281796932220459 0.0 -0.6749515235424042 
2778 14.949859380722046 -0.024985680407146015 0.317984290237189 0.0 -0.022242724895477295 0.0 -0.675335019826889 
2779 14.95523738861084 -0.024985680407146015 0.30742893799638815 0.0 -0.02147573232650757 0.0 -0.6755267679691315 
2780 14.960497617721558 -0.024985680407146015 0.29878454774117535 0.0 -0.020708739757537842 0.0 -0.6757185161113739 
2781 14.965857028961182 -0.024985680407146015 0.3066304977188117 0.0 -0.020708739757537842 0.0 -0.6757185161113739 
2782 14.971140623092651 -0.23944421510980468 0.26968874800077147 0.0 -0.018983013927936554 0.009970873594284058 -0.6764855086803436 
2783 14.976513147354126 -0.15631709126220086 0.2623620724106438 0.0 -0.017832525074481964 0.010737866163253784 -0.6766772568225861 
2784 14.981806993484497 -0.181732156774262 0.2286523335675008 0.0 -0.015723302960395813 0.012271851301193237 -0.6772525012493134 
2785 14.98708200454712 -0.1829933155498002 0.22513307352981038 0.0 -0.01457282155752182 0.013038836419582367 -0.6774442493915558 
2786 14.992335081100464 -0.1919311541451607 0.2120164670372612 0.0 -0.01342233270406723 0.013805828988552094 -0.6778277456760406 
2787 14.997639894485474 -0.20499965258897285 0.19064188631123372 0.0 -0.011888355016708374 0.014764569699764252 -0.6780194938182831 
2788 15.002874612808228 -0.21203444373817185 0.16896477994567222 0.0 -0.01016262173652649 0.015531554818153381 -0.6782112419605255 
2789 15.008105516433716 -0.21274504060507754 -0.03227425458782844 0.0 0.0 0.015915051102638245 -0.6784029901027679 
2790 15.013323545455933 -0.21316957061202269 0.06935196277743645 0.0 0.0 0.016106799244880676 -0.6785947382450104 
2791 15.018656253814697 -0.20726478206575852 0.06935196277743645 0.0 0.0 0.015915051102638245 -0.6785947382450104 
2792 15.023943662643433 -0.20519332650513392 0.06935196277743645 0.0 0.0 0.015723302960395813 -0.6784029901027679 
2793 15.02925968170166 -0.20312024108530025 0.06935196277743645 0.0 0.0 0.015531554818153381 -0.6782112419605255 
2794 15.034514427185059 -0.20104552580625754 0.06935196277743645 0.0 0.0 0.01533980667591095 -0.6780194938182831 
2795 15.039787769317627 -0.21134182542026977 0.06935196277743645 0.0 0.0 0.015723302960395813 -0.6780194938182831 
2796 15.045064210891724 -0.2076405106505845 0.06935196277743645 0.0 0.0 0.015723302960395813 -0.6780194938182831 
2797 15.05045747756958 -0.22427101839543323 0.06935196277743645 0.0 0.0 0.01649029552936554 -0.6778277456760406 
2798 15.0558602809906 -0.21674126021773557 0.06935196277743645 0.0 0.0 0.01649029552936554 -0.6776359975337982 
2799 15.061125755310059 -0.2086329978948925 0.06935196277743645 0.0 0.0 0.016106799244880676 -0.6774442493915558 
2800 15.066343069076538 -0.2002322237810586 0.06935196277743645 0.0 0.0 0.015531554818153381 -0.6770607531070709 
2801 15.072597742080688 -0.1648746973408852 0.06935196277743645 0.0 0.0 0.013614080846309662 -0.6762937605381012 
2802 15.077985048294067 -0.15529581257537942 0.06935196277743645 0.0 0.0 0.012271851301193237 -0.6759102642536163 
2803 15.083274841308594 -0.1399529143406544 0.06935196277743645 0.0 0.0 0.010929614305496216 -0.6755267679691315 
2804 15.088582038879395 -0.12459884184808473 0.06935196277743645 0.0 0.0 0.009587384760379791 -0.6751432716846466 
2805 15.09380841255188 0.06810763504891654 0.06935196277743645 0.0 0.0 0.0 -0.6747597754001617 
2806 15.099060297012329 -0.027766212554881375 0.06935196277743645 0.0 0.0 0.0 -0.6743762791156769 
2807 15.104406356811523 -0.027766212554881375 0.06935196277743645 0.0 0.0 0.0 -0.673992782831192 
2808 15.109716176986694 -0.027766212554881375 0.06935196277743645 0.0 0.0 0.0 -0.6736092865467072 
2809 15.11496090888977 -0.027766212554881375 0.06935196277743645 0.0 0.0 0.0 -0.6730340421199799 
2810 15.120196342468262 -0.027766212554881375 0.27143801297864384 0.0 -0.00939563661813736 0.0 -0.672650545835495 
2811 15.125566482543945 -0.027766212554881375 0.1775615097085244 0.0 -0.00939563661813736 0.0 -0.672650545835495 
2812 15.130857944488525 -0.027766212554881375 0.23950443613028594 0.0 -0.012271851301193237 0.0 -0.6718835830688477 
2813 15.13620662689209 -0.027766212554881375 0.24796437404176658 0.0 -0.013997577130794525 0.0 -0.6715000867843628 
2814 15.141456127166748 -0.027766212554881375 0.3009375884967155 0.0 -0.017257288098335266 0.0 -0.6707330942153931 
2815 15.146695137023926 -0.027766212554881375 0.2684871657701439 0.0 -0.017257288098335266 0.0 -0.6707330942153931 
2816 15.152118682861328 -0.027766212554881375 0.3304969162294871 0.0 -0.020133502781391144 0.0 -0.6703495979309082 
2817 15.15746808052063 -0.027766212554881375 0.32665103342628543 0.0 -0.021283984184265137 0.0 -0.6701578497886658 
2818 15.162818193435669 -0.027766212554881375 0.3359482078502185 0.0 -0.022242724895477295 0.0 -0.6701578497886658 
2819 15.16825246810913 -0.027766212554881375 0.3471707782360024 0.0 -0.023201458156108856 0.0 -0.6699661016464233 
2820 15.173600912094116 -0.027766212554881375 0.3584017326111204 0.0 -0.024160198867321014 0.0 -0.6699661016464233 
2821 15.179619550704956 -0.027766212554881375 0.36964076177647776 0.0 -0.025118939578533173 0.0 -0.6699661016464233 
2822 15.185078382492065 -0.027766212554881375 0.3726395104030378 0.0 -0.025694184005260468 0.0 -0.6699661016464233 
2823 15.190362215042114 -0.027766212554881375 0.37947795120126077 0.0 -0.026269420981407166 0.0 -0.6701578497886658 
2824 15.195604801177979 -0.027766212554881375 0.3780730864355571 0.0 -0.026461169123649597 0.0 -0.6701578497886658 
2825 15.200836658477783 -0.027766212554881375 0.3722563100332625 0.0 -0.026269420981407166 0.0 -0.6703495979309082 
2826 15.206077814102173 -0.027766212554881375 0.37439708153402873 0.0 -0.026269420981407166 0.0 -0.6703495979309082 
2827 15.211358785629272 -0.027766212554881375 0.3622478871109195 0.0 -0.025694184005260468 0.0 -0.6705413460731506 
2828 15.216661214828491 -0.027766212554881375 0.35584601268416716 0.0 -0.025118939578533173 0.0 -0.6707330942153931 
2829 15.221922159194946 -0.027766212554881375 0.32881824859848685 0.0 -0.02358495444059372 0.0 -0.6715000867843628 
2830 15.22723650932312 -0.027766212554881375 0.3196134428369112 0.0 -0.022434473037719727 0.0 -0.6718835830688477 
2831 15.232597827911377 -0.027766212554881375 0.30656366038194366 0.0 -0.021283984184265137 0.0 -0.6720753312110901 
2832 15.237896919250488 -0.027766212554881375 0.29350433352834054 0.0 -0.020133502781391144 0.0 -0.6724587976932526 
2833 15.243243932723999 -0.22160383292124608 0.2763107779087729 0.0 -0.018791265785694122 0.009012140333652496 -0.6728422939777374 
2834 15.248517274856567 -0.14805573219642976 0.2568993145363636 0.0 -0.017257288098335266 0.009779125452041626 -0.6732257902622223 
2835 15.253785133361816 -0.15696586324856618 0.2435162739368386 0.0 -0.015915051102638245 0.010546118021011353 -0.6734175384044647 
2836 15.259129524230957 -0.16588243923173288 0.23232879257446598 0.0 -0.014764569699764252 0.011313110589981079 -0.6738010346889496 
2837 15.26447582244873 -0.17892974956915716 0.2150896010237045 0.0 -0.01342233270406723 0.012271851301193237 -0.6741845309734344 
2838 15.269804239273071 -0.19006756752938966 0.1997567166375227 0.0 -0.012080103158950806 0.013230584561824799 -0.6747597754001617 
2839 15.275087356567383 -0.2053379843963776 0.18853640346100997 0.0 -0.010929614305496216 0.014381073415279388 -0.6751432716846466 
2840 15.2803955078125 -0.21045203440473417 0.1630164197111733 0.0 -0.009203888475894928 0.015148058533668518 -0.6755267679691315 
2841 15.285890817642212 -0.20291094171837906 0.18035191105923126 0.0 -0.009203888475894928 0.015148058533668518 -0.6755267679691315 
2842 15.291215658187866 -0.19479143063188534 -0.017531691172509675 0.0 0.0 0.014764569699764252 -0.6759102642536163 
2843 15.296555757522583 -0.18225495814369064 0.0745071935864396 0.0 0.0 0.013997577130794525 -0.6761020123958588 
2844 15.30179762840271 -0.16117435881705025 0.0745071935864396 0.0 0.0 0.012655340135097504 -0.6766772568225861 
2845 15.307015895843506 -0.16233181466371754 0.0745071935864396 0.0 0.0 0.012080103158950806 -0.6768690049648285 
2846 15.312222480773926 -0.15169000563235024 0.0745071935864396 0.0 0.0 0.011313110589981079 -0.6770607531070709 
2847 15.317447662353516 -0.13058658834011297 0.0745071935864396 0.0 0.0 0.009970873594284058 -0.6772525012493134 
2848 15.322664976119995 -0.127597011303762 0.0745071935864396 0.0 0.0 0.009203888475894928 -0.6776359975337982 
2849 15.327912092208862 -0.13122088062227705 0.0745071935864396 0.0 0.0 0.009012140333652496 -0.6778277456760406 
2850 15.333138942718506 -0.13321496523753742 0.0745071935864396 0.0 0.0 0.009012140333652496 -0.6782112419605255 
2851 15.338483095169067 -0.13329156843037346 0.0745071935864396 0.0 0.0 0.009012140333652496 -0.6782112419605255 
2852 15.34379267692566 -0.13336817162320952 0.0745071935864396 0.0 0.0 0.009012140333652496 -0.6782112419605255 
2853 15.349102258682251 -0.13344477481604555 0.0745071935864396 0.0 0.0 0.009012140333652496 -0.6780194938182831 
2854 15.354321718215942 -0.12939716309146027 0.0745071935864396 0.0 0.0 0.008820392191410065 -0.6782112419605255 
2855 15.359615087509155 -0.13138961784751158 0.0745071935864396 0.0 0.0 0.008820392191410065 -0.6784029901027679 
2856 15.364998579025269 -0.13146459118113854 0.0745071935864396 0.0 0.0 0.008820392191410065 -0.6784029901027679 
2857 15.370220184326172 0.05817384093417784 0.0745071935864396 0.0 0.0 0.0 -0.6785947382450104 
2858 15.375435829162598 -0.030030080979922807 0.0745071935864396 0.0 0.0 0.0 -0.6784029901027679 
2859 15.380675792694092 -0.030030080979922807 0.0745071935864396 0.0 0.0 0.0 -0.6784029901027679 
2860 15.385915517807007 -0.030030080979922807 0.0745071935864396 0.0 0.0 0.0 -0.6782112419605255 
2861 15.391290187835693 -0.030030080979922807 0.28071745870506837 0.0 -0.009587384760379791 0.0 -0.6778277456760406 
2862 15.396695375442505 -0.030030080979922807 0.2137944480428703 0.0 -0.010929614305496216 0.0 -0.6774442493915558 
2863 15.402070760726929 -0.030030080979922807 0.23345877365267348 0.0 -0.012463599443435669 0.0 -0.6772525012493134 
2864 15.407392978668213 -0.030030080979922807 0.30483305563277074 0.0 -0.01649029552936554 0.0 -0.6770607531070709 
2865 15.412636518478394 -0.030030080979922807 0.31832089596113633 0.0 -0.018983013927936554 0.0 -0.6766772568225861 
2866 15.417842388153076 -0.22386770134628753 0.3471697012694783 0.0 -0.02147573232650757 0.009012140333652496 -0.6764855086803436 
2867 15.423056364059448 -0.15856803045631387 0.37603969468420817 0.0 -0.023968450725078583 0.01016262173652649 -0.6761020123958588 
2868 15.428317546844482 -0.17189488821686247 0.39668244637048317 0.0 -0.026077672839164734 0.011313110589981079 -0.6759102642536163 
2869 15.43353533744812 -0.18110723570943812 0.4088056047881253 0.0 -0.027611657977104187 0.012271851301193237 -0.6759102642536163 
2870 15.438769817352295 -0.19224505366967062 0.42256979667267275 0.0 -0.02895388752222061 0.013230584561824799 -0.6757185161113739 
2871 15.444186925888062 -0.18277018103213052 0.4093936092654474 0.0 -0.02895388752222061 0.013230584561824799 -0.6757185161113739 
2872 15.449538230895996 -0.20762793050543407 0.442633436648757 0.0 -0.030487872660160065 0.014381073415279388 -0.6757185161113739 
2873 15.454880475997925 -0.2003694960123394 0.4316769471043952 0.0 -0.030679620802402496 0.01457282155752182 -0.6757185161113739 
2874 15.46016240119934 -0.198575883573154 0.4341444573762126 0.0 -0.030871368944644928 0.01457282155752182 -0.6755267679691315 
2875 15.465535402297974 -0.19869975255639294 0.4324893825898178 0.0 -0.030871368944644928 0.01457282155752182 -0.6755267679691315 
2876 15.470884561538696 -0.20294783645705322 0.4245033593910046 0.0 -0.030487872660160065 0.014764569699764252 -0.6755267679691315 
2877 15.476190090179443 -0.20527990854368547 0.4203490393186219 0.0 -0.0301043763756752 0.014956310391426086 -0.6755267679691315 
2878 15.481465816497803 -0.20761384518281556 0.4079430296929784 0.0 -0.029337383806705475 0.015148058533668518 -0.6757185161113739 
2879 15.486727952957153 -0.21407355209277013 0.3993654634753473 0.0 -0.02857039123773575 0.015531554818153381 -0.6759102642536163 
2880 15.492074966430664 -0.2227432522161398 0.37016046348458603 0.0 -0.02684466540813446 0.016106799244880676 -0.6759102642536163 
2881 15.497531652450562 -0.21712771574244835 0.36702482684946136 0.0 -0.025885924696922302 0.016106799244880676 -0.6757185161113739 
2882 15.502810716629028 -0.21726462353602982 0.3520871350677915 0.0 -0.02473544329404831 0.016106799244880676 -0.6755267679691315 
2883 15.508175373077393 -0.21740153132961132 0.3390569108600028 0.0 -0.02358495444059372 0.016106799244880676 -0.675335019826889 
2884 15.513449907302856 -0.2175384391231928 0.3218929273361571 0.0 -0.022242724895477295 0.016106799244880676 -0.6751432716846466 
2885 15.518885135650635 -0.22179956183419564 0.29838635169214084 0.0 -0.02051699161529541 0.016298547387123108 -0.6749515235424042 
2886 15.524231910705566 -0.22002061806456186 0.31581807892268965 0.0 -0.02051699161529541 0.016298547387123108 -0.6749515235424042 
2887 15.529490947723389 -0.22428337063477374 0.23350849550461839 0.0 -0.01668204367160797 0.01649029552936554 -0.6745680272579193 
2888 15.534742593765259 -0.22250605672434903 0.23488199830672218 0.0 -0.014956317842006683 0.01649029552936554 -0.6745680272579193 
2889 15.540006399154663 -0.2185220093189273 0.21514845104760003 0.0 -0.013230584561824799 0.016298547387123108 -0.6743762791156769 
2890 15.545257329940796 -0.19995695380703546 0.1954004698122151 0.0 -0.01150485873222351 0.01533980667591095 -0.6741845309734344 
2891 15.550620794296265 -0.18905383493960837 0.18801022990292382 0.0 -0.010354369878768921 0.014381073415279388 -0.673992782831192 
2892 15.555988073348999 -0.16576968733058312 0.17898221624514532 0.0 -0.00939563661813736 0.012847088277339935 -0.6736092865467072 
2893 15.561392784118652 -0.14410096495435573 -0.013436638438492313 0.0 0.0 0.011121362447738647 -0.6732257902622223 
2894 15.566699266433716 -0.11608655099035242 0.08051972774288128 0.0 0.0 0.009012140333652496 -0.6728422939777374 
2895 15.572088241577148 0.05658224504231475 0.08051972774288128 0.0 0.0 0.0 -0.672650545835495 
2896 15.577487707138062 -0.03353915829421021 0.08051972774288128 0.0 0.0 0.0 -0.6720753312110901 
2897 15.582708835601807 -0.03353915829421021 0.08051972774288128 0.0 0.0 0.0 -0.6718835830688477 
2898 15.587964296340942 -0.03353915829421021 0.08051972774288128 0.0 0.0 0.0 -0.6718835830688477 
2899 15.593192338943481 -0.03353915829421021 0.08051972774288128 0.0 0.0 0.0 -0.6718835830688477 
2900 15.59840703010559 -0.03353915829421021 0.08051972774288128 0.0 0.0 0.0 -0.6718835830688477 
2901 15.60377287864685 -0.03353915829421021 0.08051972774288128 0.0 0.0 0.0 -0.6718835830688477 
2902 15.609042644500732 -0.03353915829421021 0.274357348109246 0.0 -0.009012140333652496 0.0 -0.6715000867843628 
2903 15.614335298538208 -0.03353915829421021 0.20905767721927238 0.0 -0.01016262173652649 0.0 -0.6711165904998779 
2904 15.619666576385498 -0.03353915829421021 0.22238453497982097 0.0 -0.011313110589981079 0.0 -0.6709248423576355 
2905 15.624957799911499 -0.03353915829421021 0.2315968824723966 0.0 -0.012271851301193237 0.0 -0.6707330942153931 
2906 15.630312204360962 -0.03353915829421021 0.24273470043262907 0.0 -0.013230584561824799 0.0 -0.6705413460731506 
2907 15.6355881690979 -0.03353915829421021 0.2538809023821957 0.0 -0.014189325273036957 0.0 -0.6705413460731506 
2908 15.64083194732666 -0.03353915829421021 0.2691592337886102 0.0 -0.01533980667591095 0.0 -0.6703495979309082 
2909 15.646047592163086 -0.03353915829421021 0.28253009762114356 0.0 -0.01649029552936554 0.0 -0.6699661016464233 
2910 15.651251792907715 -0.03353915829421021 0.28766223626828263 0.0 -0.017257288098335266 0.0 -0.6697743535041809 
2911 15.656612634658813 -0.03353915829421021 0.2966356969462938 0.0 -0.018024273216724396 0.0 -0.6695826053619385 
2912 15.661916255950928 -0.03353915829421021 0.3014916968370087 0.0 -0.01859951764345169 0.0 -0.6691991090774536 
2913 15.66735553741455 -0.03353915829421021 0.30414577830454775 0.0 -0.018983013927936554 0.0 -0.6690073609352112 
2914 15.67287302017212 -0.03353915829421021 0.3087206009129293 0.0 -0.019366510212421417 0.0 -0.6684321165084839 
2915 15.678157567977905 -0.03353915829421021 0.30505025340488623 0.0 -0.019366510212421417 0.0 -0.668048620223999 
2916 15.683407306671143 -0.03353915829421021 0.3052148687416918 0.0 -0.019366510212421417 0.0 -0.6678568720817566 
2917 15.688764810562134 -0.03353915829421021 0.30537948407849735 0.0 -0.019366510212421417 0.0 -0.6676651239395142 
2918 15.69408631324768 -0.03353915829421021 0.3055440994153029 0.0 -0.019366510212421417 0.0 -0.6674733757972717 
2919 15.699349880218506 -0.03353915829421021 0.30983292966952986 0.0 -0.01955825835466385 0.0 -0.6672816276550293 
2920 15.704633235931396 -0.03353915829421021 0.31633012327796284 0.0 -0.019941754639148712 0.0 -0.6670898795127869 
2921 15.710099458694458 -0.03353915829421021 0.3209130951823897 0.0 -0.020325250923633575 0.0 -0.6670898795127869 
2922 15.715489387512207 -0.03353915829421021 0.32549916655442185 0.0 -0.020708739757537842 0.0 -0.6670898795127869 
2923 15.720797061920166 -0.03353915829421021 0.33008873233816094 0.0 -0.021092236042022705 0.0 -0.6670898795127869 
2924 15.726025581359863 -0.03353915829421021 0.3346814833345122 0.0 -0.02147573232650757 0.0 -0.6668981313705444 
2925 15.731237649917603 -0.03353915829421021 0.33927749404928154 0.0 -0.02185922861099243 0.0 -0.6668981313705444 
2926 15.736509323120117 -0.03353915829421021 0.3397525495650477 0.0 -0.022050976753234863 0.0 -0.6670898795127869 
2927 15.741731882095337 -0.03353915829421021 0.3380225014450259 0.0 -0.022050976753234863 0.0 -0.6670898795127869 
2928 15.746970415115356 -0.2232525637431536 0.334085719830007 0.0 -0.02185922861099243 0.008820392191410065 -0.6672816276550293 
2929 15.752349853515625 -0.1598687444163952 0.3155679301085181 0.0 -0.020900487899780273 0.009970873594284058 -0.6676651239395142 
2930 15.757642269134521 -0.15669711264804936 0.30471207703149383 0.0 -0.019941754639148712 0.010354369878768921 -0.6678568720817566 
2931 15.763041496276855 -0.1529501619471703 0.31446891455224224 0.0 -0.019941754639148712 0.010354369878768921 -0.6678568720817566 
2932 15.768329858779907 -0.17365924867824653 0.2527753559561676 0.0 -0.017065539956092834 0.011313110589981079 -0.6686238646507263 
2933 15.773693084716797 -0.1765406477584038 0.25281305545440386 0.0 -0.015723302960395813 0.011888355016708374 -0.6690073609352112 
2934 15.779040575027466 -0.17913768434361554 0.23337551439797946 0.0 -0.014189325273036957 0.012271851301193237 -0.6691991090774536 
2935 15.78433346748352 -0.18365530181885698 0.2240906110318608 0.0 -0.013038836419582367 0.012655340135097504 -0.6695826053619385 
2936 15.789589405059814 -0.17992798387096265 0.2150854153396792 0.0 -0.012080103158950806 0.012655340135097504 -0.6697743535041809 
2937 15.794883489608765 -0.17591133934468964 0.21240278407058188 0.0 -0.01150485873222351 0.012463591992855072 -0.6699661016464233 
2938 15.800214529037476 -0.17793476129905322 0.2141288047196574 0.0 -0.011313110589981079 0.012463591992855072 -0.6699661016464233 
2939 15.805514812469482 -0.16979243224696255 0.21614244758209655 0.0 -0.011313110589981079 0.012080103158950806 -0.6699661016464233 
2940 15.810920476913452 -0.16548157162801364 0.21211439410469002 0.0 -0.011121362447738647 0.011696606874465942 -0.6699661016464233 
2941 15.816923141479492 -0.16529174071387387 0.2100021921904988 0.0 -0.010929614305496216 0.01150485873222351 -0.6699661016464233 
2942 15.822389125823975 -0.16318279851810075 0.19551571566483444 0.0 -0.01016262173652649 0.011313110589981079 -0.6703495979309082 
2943 15.827708721160889 -0.1528237966282759 0.19914780872187085 0.0 -0.009970873594284058 0.010737866163253784 -0.6705413460731506 
2944 15.8329439163208 -0.14217065308825114 0.2011500425698466 0.0 -0.009970873594284058 0.009970873594284058 -0.6707330942153931 
2945 15.83816909790039 -0.13755284670204856 0.20123479499539798 0.0 -0.009970873594284058 0.00939563661813736 -0.6707330942153931 
2946 15.843397855758667 -0.14338507937476971 0.2013195474209494 0.0 -0.009970873594284058 0.00939563661813736 -0.6707330942153931 
2947 15.848626613616943 0.058621107915183525 0.20965272968134352 0.0 -0.010354369878768921 0.0 -0.6707330942153931 
2948 15.853874683380127 -0.03533525826619007 0.21002999389788574 0.0 -0.010546118021011353 0.0 -0.6707330942153931 
2949 15.859125852584839 -0.03533525826619007 0.20820215447864004 0.0 -0.010546118021011353 0.0 -0.6707330942153931 
2950 15.864366292953491 -0.03533525826619007 0.2041675815643973 0.0 -0.010354369878768921 0.0 -0.6707330942153931 
2951 15.870388269424438 -0.03533525826619007 0.19380059062933988 0.0 -0.009779132902622223 0.0 -0.6707330942153931 
2952 15.875808000564575 -0.03533525826619007 0.1831392233507938 0.0 -0.009012140333652496 0.0 -0.6707330942153931 
2953 15.88118839263916 -0.03533525826619007 -0.002951868133037619 0.0 0.0 0.0 -0.6707330942153931 
2954 15.886434316635132 -0.03533525826619007 0.08716953520348734 0.0 0.0 0.0 -0.6707330942153931 
2955 15.891667366027832 -0.03533525826619007 0.08716953520348734 0.0 0.0 0.0 -0.6707330942153931 
2956 15.896886825561523 -0.03533525826619007 0.08716953520348734 0.0 0.0 0.0 -0.6707330942153931 
2957 15.902125120162964 -0.03533525826619007 0.08716953520348734 0.0 0.0 0.0 -0.6707330942153931 
2958 15.907351970672607 -0.03533525826619007 0.08716953520348734 0.0 0.0 0.0 -0.6707330942153931 
2959 15.912699460983276 -0.03533525826619007 0.08716953520348734 0.0 0.0 0.0 -0.6709248423576355 
2960 15.917953968048096 -0.03533525826619007 0.08716953520348734 0.0 0.0 0.0 -0.6713083386421204 
2961 15.923436403274536 -0.03533525826619007 0.08716953520348734 0.0 0.0 0.0 -0.6713083386421204 
2962 15.928725004196167 -0.03533525826619007 0.2768829406524307 0.0 -0.008820392191410065 0.0 -0.6718835830688477 
2963 15.934021234512329 -0.03533525826619007 0.22174755116051503 0.0 -0.010354369878768921 0.0 -0.6720753312110901 
2964 15.939241886138916 -0.03533525826619007 0.23536529085284538 0.0 -0.011696606874465942 0.0 -0.6724587976932526 
2965 15.944476842880249 -0.03533525826619007 0.25503590114286606 0.0 -0.013230584561824799 0.0 -0.6728422939777374 
2966 15.949683666229248 -0.03533525826619007 0.26455387374258105 0.0 -0.014381073415279388 0.0 -0.6732257902622223 
2967 15.954915285110474 -0.03533525826619007 0.286164783420623 0.0 -0.015915051102638245 0.0 -0.6738010346889496 
2968 15.960172653198242 -0.03533525826619007 0.3039540038207776 0.0 -0.017449036240577698 0.0 -0.6741845309734344 
2969 15.965436220169067 -0.03533525826619007 0.31763181342056457 0.0 -0.018791265785694122 0.0 -0.6747597754001617 
2970 15.970657110214233 -0.03533525826619007 0.3291145332331068 0.0 -0.019941754639148712 0.0 -0.675335019826889 
2971 15.976680517196655 -0.03533525826619007 0.34252427886670894 0.0 -0.021092236042022705 0.0 -0.6761020123958588 
2972 15.98210620880127 -0.22917287863255478 0.34769560851401154 0.0 -0.02185922861099243 0.009012140333652496 -0.6766772568225861 
2973 15.987557411193848 -0.1597489928251598 0.3649567757720358 0.0 -0.02300971746444702 0.009970873594284058 -0.6780194938182831 
2974 15.9927978515625 -0.15849484247923828 0.36601995433738893 0.0 -0.02358495444059372 0.010354369878768921 -0.6787864863872528 
2975 15.998027324676514 -0.15887210669578053 0.3687164865235097 0.0 -0.023968450725078583 0.010546118021011353 -0.6795534789562225 
2976 16.00325059890747 -0.1570442672765348 0.3650852555098242 0.0 -0.023968450725078583 0.010546118021011353 -0.6795534789562225 
2977 16.00848388671875 -0.16538233911455608 0.37766163209325143 0.0 -0.024543695151805878 0.010929614305496216 -0.681087464094162 
2978 16.013699531555176 -0.15751606307388283 0.37624202415219016 0.0 -0.02473544329404831 0.010737866163253784 -0.6816627085208893 
2979 16.018906354904175 -0.15540060144127346 0.37453479399776524 0.0 -0.02473544329404831 0.010546118021011353 -0.6822379529476166 
2980 16.02425527572632 -0.1491592950320337 0.3706208303483433 0.0 -0.024543695151805878 0.01016262173652649 -0.6828131973743439 
2981 16.029630422592163 -0.14483221032680013 0.3644985033447153 0.0 -0.024160198867321014 0.009779125452041626 -0.6830049157142639 
2982 16.034939289093018 -0.13637781123653986 0.3520419682102508 0.0 -0.023393206298351288 0.009203888475894928 -0.6833884119987488 
2983 16.04024863243103 0.05575342123373411 0.3392898218171901 0.0 -0.022434473037719727 0.0 -0.6837719082832336 
2984 16.04548144340515 -0.03628546352521517 0.32019834302237693 0.0 -0.021092236042022705 0.0 -0.6841554045677185 
2985 16.05068850517273 -0.03628546352521517 0.3008064378971464 0.0 -0.01955825835466385 0.0 -0.6843471527099609 
2986 16.055912494659424 -0.03628546352521517 0.28331874062737883 0.0 -0.018024273216724396 0.0 -0.6845389008522034 
2987 16.061147928237915 -0.03628546352521517 0.2658182392405576 0.0 -0.01649029552936554 0.0 -0.6845389008522034 
2988 16.066359043121338 -0.03628546352521517 0.24418040962016646 0.0 -0.014764569699764252 0.0 -0.6845389008522034 
2989 16.071604251861572 -0.03628546352521517 0.2285694474192566 0.0 -0.013230584561824799 0.0 -0.6845389008522034 
2990 16.077012062072754 -0.03628546352521517 0.20277976984402601 0.0 -0.011313110589981079 0.0 -0.6843471527099609 
2991 16.08270025253296 -0.03628546352521517 -0.021277368122130005 0.0 0.0 0.0 -0.6837719082832336 
2992 16.08802843093872 -0.03628546352521517 0.09185373777768079 0.0 0.0 0.0 -0.6837719082832336 
2993 16.09336280822754 -0.03628546352521517 0.09185373777768079 0.0 0.0 0.0 -0.6831966638565063 
2994 16.098592519760132 -0.03628546352521517 0.09185373777768079 0.0 0.0 0.0 -0.6828131973743439 
2995 16.10383176803589 -0.03628546352521517 0.09185373777768079 0.0 0.0 0.0 -0.682429701089859 
2996 16.109044075012207 -0.03628546352521517 0.09185373777768079 0.0 0.0 0.0 -0.6820462048053741 
2997 16.114246368408203 -0.03628546352521517 0.09185373777768079 0.0 0.0 0.0 -0.6818544566631317 
2998 16.119531393051147 -0.03628546352521517 0.09185373777768079 0.0 0.0 0.0 -0.6818544566631317 
2999 16.12475848197937 -0.03628546352521517 0.09185373777768079 0.0 0.0 0.0 -0.6812792122364044 
3000 16.12997031211853 -0.03628546352521517 -0.12260479692497786 0.0 0.009970873594284058 0.0 -0.6808957159519196 
3001 16.13576889038086 -0.03628546352521517 -0.05597445262165304 0.0 0.011504855006933212 0.0 -0.6805122196674347 
3002 16.14108157157898 -0.03628546352521517 -0.06960185405926343 0.0 0.012847088277339935 0.0 -0.6803204715251923 
3003 16.146355152130127 -0.03628546352521517 -0.08103393098467525 0.0 0.013997573405504227 0.0 -0.6799369752407074 
3004 16.151581287384033 -0.03628546352521517 -0.09026905353867945 0.0 0.014956310391426086 0.0 -0.6795534789562225 
3005 16.15686273574829 -0.03628546352521517 -0.10142988690489467 0.0 0.015915051102638245 0.0 -0.6791699826717377 
3006 16.1622257232666 -0.03628546352521517 -0.09197775772714552 0.0 0.015915051102638245 0.0 -0.6791699826717377 
3007 16.167617082595825 -0.03628546352521517 -0.14160345441976127 0.0 0.018216021358966827 0.0 -0.6785947382450104 
3008 16.17284083366394 -0.03628546352521517 -0.13524536758230565 0.0 0.018983010202646255 0.0 -0.6782112419605255 
3009 16.178058385849 -0.03628546352521517 -0.15660625902877684 0.0 0.02032524347305298 0.0 -0.6774442493915558 
3010 16.183316946029663 -0.03628546352521517 -0.1474809058116519 0.0 0.02051699161529541 0.0 -0.6770607531070709 
3011 16.189533233642578 -0.03628546352521517 -0.14986203373537896 0.0 0.020708739757537842 0.0 -0.6766772568225861 
3012 16.194973707199097 -0.03628546352521517 -0.15224479151831505 0.0 0.020900487899780273 0.0 -0.6762937605381012 
3013 16.200286865234375 -0.03628546352521517 -0.15050496424303889 0.0 0.020900487899780273 0.0 -0.6762937605381012 
3014 16.2055242061615 -0.03628546352521517 -0.15480683330760833 0.0 0.021092236042022705 0.0 -0.6761020123958588 
3015 16.21077871322632 -0.03628546352521517 -0.17368963035324153 0.0 0.022050973027944565 0.0 -0.675335019826889 
3016 16.216007709503174 -0.03628546352521517 -0.17666233851702448 0.0 0.02262621745467186 0.0 -0.6749515235424042 
3017 16.22122621536255 -0.03628546352521517 -0.1875989966423952 0.0 0.023393206298351288 0.0 -0.6745680272579193 
3018 16.22649097442627 -0.03628546352521517 -0.19250059521140095 0.0 0.023968450725078583 0.0 -0.673992782831192 
3019 16.23173952102661 -0.03628546352521517 -0.19520023248472745 0.0 0.024351943284273148 0.0 -0.6732257902622223 
3020 16.236983060836792 -0.03628546352521517 -0.19157229841069814 0.0 0.024351943284273148 0.0 -0.6724587976932526 
3021 16.242414951324463 -0.03628546352521517 -0.19177928992861448 0.0 0.024351943284273148 0.0 -0.6724587976932526 
3022 16.247802257537842 -0.03628546352521517 -0.1837379317370945 0.0 0.023968450725078583 0.0 -0.6713083386421204 
3023 16.25313973426819 -0.03628546352521517 -0.16715551457309658 0.0 0.023009710013866425 0.0 -0.6701578497886658 
3024 16.258357048034668 -0.03628546352521517 -0.15631750975863573 0.0 0.022050973027944565 0.0 -0.6695826053619385 
3025 16.263566970825195 -0.03628546352521517 -0.14547131842689154 0.0 0.021092236042022705 0.0 -0.6688156127929688 
3026 16.26876735687256 -0.03628546352521517 -0.13049276291334566 0.0 0.019941750913858414 0.0 -0.6682403683662415 
3027 16.273959159851074 -0.03628546352521517 -0.12154604449064965 0.0 0.018983010202646255 0.0 -0.6674733757972717 
3028 16.279176473617554 -0.03628546352521517 -0.1312948071894937 0.0 0.018983010202646255 0.0 -0.6674733757972717 
3029 16.284393072128296 -0.03628546352521517 -0.1108351683145159 0.0 0.018024273216724396 0.0 -0.6668981313705444 
3030 16.28975796699524 -0.03628546352521517 -0.10407896495179768 0.0 0.017257284373044968 0.0 -0.6663228869438171 
3031 16.295186758041382 -0.23837151372642257 -0.0871502508012348 0.0 0.016106795519590378 0.00939563661813736 -0.665364146232605 
3032 16.300533533096313 -0.1568674949577544 -0.08641948247083958 0.0 0.015531554818153381 0.009970873594284058 -0.6649806499481201 
3033 16.305878162384033 -0.16357252237410286 -0.07993126294889982 0.0 0.014956310391426086 0.010546118021011353 -0.6644054055213928 
3034 16.311142921447754 -0.16615814994485117 -0.07343827122764225 0.0 0.01438106968998909 0.010929614305496216 -0.664021909236908 
3035 16.316365480422974 -0.1747887335738633 -0.0669402725821131 0.0 0.013805825263261795 0.01150485873222351 -0.6636384129524231 
3036 16.321571111679077 -0.16913408060581422 -0.07281006636412378 0.0 0.013805825263261795 0.01150485873222351 -0.6636384129524231 
3037 16.326790809631348 -0.18985278624133206 -0.052306421417161186 0.0 0.012847088277339935 0.012463591992855072 -0.6630631685256958 
3038 16.33199191093445 -0.18861982400179841 -0.05375456169189449 0.0 0.012463591992855072 0.012847088277339935 -0.6628714203834534 
3039 16.337180376052856 -0.1890182763247285 -0.053571250151261046 0.0 0.01227184385061264 0.013038836419582367 -0.6628714203834534 
3040 16.342416048049927 -0.1954600548467133 -0.047344692536979274 0.0 0.011888351291418076 0.01342233270406723 -0.6630631685256958 
3041 16.348342657089233 -0.20823604149953462 -0.03890802436263796 0.0 0.01131310686469078 0.014189325273036957 -0.6630631685256958 
3042 16.3537118434906 -0.2048109399920795 -0.04063241512083944 0.0 0.011121358722448349 0.014381073415279388 -0.6630631685256958 
3043 16.35901713371277 -0.20301569769368508 -0.04264442809240458 0.0 0.011121358722448349 0.014381073415279388 -0.6630631685256958 
3044 16.36423921585083 -0.1990137219002936 -0.04686317455896673 0.0 0.01131310686469078 0.014189325273036957 -0.6628714203834534 
3045 16.369555711746216 -0.18455495291785337 -0.05329028437973496 0.0 0.011696603149175644 0.01342233270406723 -0.6628714203834534 
3046 16.374778985977173 -0.17584210876584985 -0.05780309237109063 0.0 0.012080095708370209 0.012655340135097504 -0.6628714203834534 
3047 16.37998080253601 -0.1629986905104015 -0.058195062510087464 0.0 0.01227184385061264 0.011696606874465942 -0.6630631685256958 
3048 16.385172367095947 -0.14381593985320068 -0.06875453651265738 0.0 0.012847088277339935 0.010354369878768921 -0.6628714203834534 
3049 16.390364170074463 -0.12845697778300383 -0.0713597223305845 0.0 0.013230584561824799 0.009012140333652496 -0.6628714203834534 
3050 16.395691871643066 0.0518817439393606 -0.08000978408136902 0.0 0.013805825263261795 0.0 -0.6630631685256958 
3051 16.40169382095337 -0.038239659397164366 -0.08262315641657947 0.0 0.014189321547746658 0.0 -0.6630631685256958 
3052 16.407066106796265 -0.038239659397164366 -0.09128136743174432 0.0 0.014764562249183655 0.0 -0.6630631685256958 
3053 16.412412405014038 -0.038239659397164366 -0.0939028890313351 0.0 0.015148058533668518 0.0 -0.6630631685256958 
3054 16.417652368545532 -0.038239659397164366 -0.09844511451886533 0.0 0.015531554818153381 0.0 -0.6630631685256958 
3055 16.422903060913086 -0.038239659397164366 -0.11123894943424999 0.0 0.01629854366183281 0.0 -0.6634466648101807 
3056 16.42820906639099 -0.038239659397164366 -0.10783181353600262 0.0 0.01649029180407524 0.0 -0.6634466648101807 
3057 16.43342900276184 -0.038239659397164366 -0.11017871451133429 0.0 0.016682039946317673 0.0 -0.6636384129524231 
3058 16.4386568069458 -0.038239659397164366 -0.10840303042845367 0.0 0.016682039946317673 0.0 -0.6636384129524231 
3059 16.443869590759277 -0.038239659397164366 -0.11266904268541872 0.0 0.016873788088560104 0.0 -0.6642136573791504 
3060 16.44906759262085 -0.038239659397164366 -0.1150192033791685 0.0 0.017065536230802536 0.0 -0.6644054055213928 
3061 16.455017805099487 -0.038239659397164366 -0.1214951287241423 0.0 0.0174490287899971 0.0 -0.6647889018058777 
3062 16.460399866104126 -0.038239659397164366 -0.1260569497117543 0.0 0.017832525074481964 0.0 -0.6651723980903625 
3063 16.465699911117554 -0.038239659397164366 -0.1347462080823028 0.0 0.01840776950120926 0.0 -0.6657476425170898 
3064 16.470966339111328 -0.038239659397164366 -0.13739857956522644 0.0 0.018791262060403824 0.0 -0.6661311388015747 
3065 16.476329565048218 -0.038239659397164366 -0.1419718095356369 0.0 0.019174758344888687 0.0 -0.6665146350860596 
3066 16.48161816596985 -0.038239659397164366 -0.1382998321367198 0.0 0.019174758344888687 0.0 -0.6670898795127869 
3067 16.486846446990967 -0.038239659397164366 -0.13433860266523004 0.0 0.018983010202646255 0.0 -0.6672816276550293 
3068 16.492080450057983 -0.038239659397164366 -0.12816908996494053 0.0 0.01859951764345169 0.0 -0.6676651239395142 
3069 16.497467517852783 -0.038239659397164366 -0.12391368162201286 0.0 0.018216021358966827 0.0 -0.668048620223999 
3070 16.50272011756897 -0.038239659397164366 -0.12377926573099135 0.0 0.018024273216724396 0.0 -0.6684321165084839 
3071 16.508477687835693 -0.038239659397164366 -0.12172573855833649 0.0 0.017832525074481964 0.0 -0.6690073609352112 
3072 16.513800621032715 -0.038239659397164366 -0.11967058152647257 0.0 0.017640776932239532 0.0 -0.6691991090774536 
3073 16.519101858139038 -0.038239659397164366 -0.12173800955282092 0.0 0.017640776932239532 0.0 -0.6691991090774536 
3074 16.52436113357544 -0.038239659397164366 -0.12188795615674497 0.0 0.017640776932239532 0.0 -0.669390857219696 
3075 16.52959632873535 -0.038239659397164366 -0.1302863325955117 0.0 0.018024273216724396 0.0 -0.669390857219696 
3076 16.534923315048218 -0.038239659397164366 -0.13072879099042656 0.0 0.018216021358966827 0.0 -0.669390857219696 
3077 16.540152072906494 -0.038239659397164366 -0.1330903606669748 0.0 0.01840776950120926 0.0 -0.669390857219696 
3078 16.54536199569702 -0.038239659397164366 -0.13545356020273208 0.0 0.01859951764345169 0.0 -0.669390857219696 
3079 16.550585746765137 -0.038239659397164366 -0.13781830947229207 0.0 0.018791262060403824 0.0 -0.669390857219696 
3080 16.555849075317383 -0.038239659397164366 -0.13606059103028417 0.0 0.018791262060403824 0.0 -0.6691991090774536 
3081 16.56163215637207 -0.038239659397164366 -0.1362203167577976 0.0 0.018791262060403824 0.0 -0.6690073609352112 
3082 16.567126750946045 -0.038239659397164366 -0.14050425740273237 0.0 0.018983010202646255 0.0 -0.6688156127929688 
3083 16.57277774810791 -0.038239659397164366 -0.13874813156703056 0.0 0.018983010202646255 0.0 -0.6684321165084839 
3084 16.578365802764893 -0.038239659397164366 -0.14303370207117438 0.0 0.019174758344888687 0.0 -0.668048620223999 
3085 16.584173679351807 -0.038239659397164366 -0.1495276359295243 0.0 0.01955825462937355 0.0 -0.6670898795127869 
3086 16.589746713638306 -0.038239659397164366 -0.14998313316644668 0.0 0.019750002771615982 0.0 -0.666706383228302 
3087 16.595269441604614 -0.038239659397164366 -0.15648187647701742 0.0 0.020133495330810547 0.0 -0.6661311388015747 
3088 16.600805282592773 -0.038239659397164366 -0.15281808559538368 0.0 0.020133495330810547 0.0 -0.6661311388015747 
3089 16.6063129901886 -0.038239659397164366 -0.15711343522311688 0.0 0.02032524347305298 0.0 -0.6649806499481201 
3090 16.61181950569153 -0.038239659397164366 -0.15949293328763486 0.0 0.02051699161529541 0.0 -0.6644054055213928 
3091 16.618088006973267 -0.038239659397164366 -0.1618740612113619 0.0 0.020708739757537842 0.0 -0.6638301610946655 
3092 16.62374472618103 -0.038239659397164366 -0.164256818994298 0.0 0.020900487899780273 0.0 -0.6624879240989685 
3093 16.629220962524414 -0.038239659397164366 -0.16664120663644316 0.0 0.021092236042022705 0.0 -0.6619126796722412 
3094 16.634698629379272 -0.038239659397164366 -0.16490300922037604 0.0 0.021092236042022705 0.0 -0.6611457169055939 
3095 16.640199184417725 -0.038239659397164366 -0.16508229322673323 0.0 0.021092236042022705 0.0 -0.6611457169055939 
3096 16.646446228027344 -0.038239659397164366 -0.15701314739824773 0.0 0.020708739757537842 0.0 -0.6598034799098969 
3097 16.65194296836853 -0.038239659397164366 -0.1568999196136141 0.0 0.02051699161529541 0.0 -0.6590364873409271 
3098 16.657477140426636 -0.038239659397164366 -0.1548675805473471 0.0 0.02032524347305298 0.0 -0.6584612429141998 
3099 16.662914514541626 -0.038239659397164366 -0.15283361162187103 0.0 0.020133495330810547 0.0 -0.6576942503452301 
3100 16.668456077575684 -0.038239659397164366 -0.15492222775460723 0.0 0.020133495330810547 0.0 -0.6569272577762604 
3101 16.67428946495056 -0.038239659397164366 -0.15921757738234046 0.0 0.02032524347305298 0.0 -0.6555850207805634 
3102 16.67979621887207 -0.038239659397164366 -0.1574728605294371 0.0 0.02032524347305298 0.0 -0.6555850207805634 
3103 16.68547749519348 -0.038239659397164366 -0.15764562509895805 0.0 0.02032524347305298 0.0 -0.6542428135871887 
3104 16.69122838973999 -0.038239659397164366 -0.15369417475105768 0.0 0.020133495330810547 0.0 -0.653475821018219 
3105 16.697874784469604 -0.038239659397164366 -0.15578279088379388 0.0 0.020133495330810547 0.0 -0.6529005765914917 
3106 16.704118967056274 -0.038239659397164366 -0.1518297908020908 0.0 0.019941750913858414 0.0 -0.6513665914535522 
3107 16.710105895996094 -0.038239659397164366 -0.1497925249369586 0.0 0.019750002771615982 0.0 -0.650791347026825 
3108 16.71589732170105 -0.038239659397164366 -0.1477536664655203 0.0 0.01955825462937355 0.0 -0.6502161026000977 
3109 16.72154188156128 -0.038239659397164366 -0.14571317813487294 0.0 0.01936650648713112 0.0 -0.6496408581733704 
3110 16.727099418640137 -0.038239659397164366 -0.14367105994501655 0.0 0.019174758344888687 0.0 -0.6488738656044006 
3111 16.733819246292114 -0.038239659397164366 -0.14162731189595107 0.0 0.018983010202646255 0.0 -0.6482986211776733 
3112 16.740339040756226 -0.038239659397164366 -0.13958193398767654 0.0 0.018791262060403824 0.0 -0.6473398804664612 
3113 16.746049880981445 -0.038239659397164366 -0.13753500634559934 0.0 0.01859951764345169 0.0 -0.6467646360397339 
3114 16.752039432525635 -0.038239659397164366 -0.13961054641509002 0.0 0.01859951764345169 0.0 -0.646381139755249 
3115 16.757792234420776 -0.038239659397164366 -0.135644427397638 0.0 0.01840776950120926 0.0 -0.6458058953285217 
3116 16.764124393463135 -0.038239659397164366 -0.1253457301085586 0.0 0.017832525074481964 0.0 -0.6448471546173096 
3117 16.769747495651245 -0.038239659397164366 -0.12300132100412192 0.0 0.0174490287899971 0.0 -0.6444636583328247 
3118 16.775344848632812 -0.038239659397164366 -0.12286046580167059 0.0 0.017257284373044968 0.0 -0.6440801620483398 
3119 16.780970096588135 -0.038239659397164366 -0.12080038197094146 0.0 0.017065536230802536 0.0 -0.643696665763855 
3120 16.786402940750122 -0.038239659397164366 -0.1228629204513276 0.0 0.017065536230802536 0.0 -0.6433131694793701 
3121 16.79198932647705 -0.038239659397164366 -0.12300797750928942 0.0 0.017065536230802536 0.0 -0.6429296731948853 
3122 16.7973051071167 -0.038239659397164366 -0.12315303456725124 0.0 0.017065536230802536 0.0 -0.6427379250526428 
3123 16.802660942077637 -0.038239659397164366 -0.12329809162521306 0.0 0.017065536230802536 0.0 -0.6427379250526428 
3124 16.80798649787903 -0.038239659397164366 -0.13169149839261118 0.0 0.0174490287899971 0.0 -0.6419709324836731 
3125 16.813388347625732 -0.038239659397164366 -0.13212910446280185 0.0 0.017640776932239532 0.0 -0.6415874361991882 
3126 16.818799257278442 -0.038239659397164366 -0.13860999947914426 0.0 0.018024273216724396 0.0 -0.6408204436302185 
3127 16.824063539505005 -0.038239659397164366 -0.14317667279148044 0.0 0.01840776950120926 0.0 -0.6406286954879761 
3128 16.829313278198242 -0.038239659397164366 -0.13949817598739211 0.0 0.01840776950120926 0.0 -0.6402451992034912 
3129 16.834579467773438 -0.038239659397164366 -0.1479029917375887 0.0 0.018791262060403824 0.0 -0.6398617029190063 
3130 16.839829206466675 -0.038239659397164366 -0.14422779187315646 0.0 0.018791262060403824 0.0 -0.6398617029190063 
3131 16.845190286636353 -0.038239659397164366 -0.15676016235293394 0.0 0.01936650648713112 0.0 -0.6389029622077942 
3132 16.850541591644287 -0.038239659397164366 -0.15529654830822293 0.0 0.01955825462937355 0.0 -0.6385194659233093 
3133 16.85584330558777 -0.038239659397164366 -0.16179374188499096 0.0 0.019941750913858414 0.0 -0.6381359696388245 
3134 16.861109495162964 -0.038239659397164366 -0.16225241871492507 0.0 0.020133495330810547 0.0 -0.6375607252120972 
3135 16.866368055343628 -0.038239659397164366 -0.16875453909055832 0.0 0.02051699161529541 0.0 -0.6371772289276123 
3136 16.87164330482483 -0.038239659397164366 -0.1650939706744397 0.0 0.02051699161529541 0.0 -0.6367937326431274 
3137 16.877049922943115 -0.038239659397164366 -0.16939258002059104 0.0 0.020708739757537842 0.0 -0.6362184882164001 
3138 16.882359504699707 -0.038239659397164366 -0.17177533780352716 0.0 0.020900487899780273 0.0 -0.6356432437896729 
3139 16.887603282928467 -0.038239659397164366 -0.17003551052825097 0.0 0.020900487899780273 0.0 -0.6348763108253479 
3140 16.892821550369263 -0.038239659397164366 -0.17433737959282045 0.0 0.021092236042022705 0.0 -0.6343010663986206 
3141 16.89817190170288 -0.038239659397164366 -0.17672339709417467 0.0 0.021283984184265137 0.0 -0.6337258219718933 
3142 16.903603315353394 -0.038239659397164366 -0.18323517924675292 0.0 0.0216674767434597 0.0 -0.6323835849761963 
3143 16.90894103050232 -0.038239659397164366 -0.17958442720712667 0.0 0.0216674767434597 0.0 -0.631808340549469 
3144 16.914369583129883 -0.038239659397164366 -0.1838928156768674 0.0 0.021859224885702133 0.0 -0.6310413479804993 
3145 16.919734001159668 -0.038239659397164366 -0.18216113766597158 0.0 0.021859224885702133 0.0 -0.6310413479804993 
3146 16.924983263015747 0.15559780071838758 -0.18234694107750005 0.0 0.021859224885702133 -0.0090121328830719 -0.6293156147003174 
3147 16.93023133277893 0.06967728993459604 -0.18665695940644983 0.0 0.022050973027944565 -0.009203881025314331 -0.6285486221313477 
3148 16.935592651367188 0.07608647133572957 -0.18492691125476307 0.0 0.022050973027944565 -0.009587377309799194 -0.6277816295623779 
3149 16.940826654434204 0.08058143103285692 -0.18511434452550057 0.0 0.022050973027944565 -0.009970873594284058 -0.6268228888511658 
3150 16.946053981781006 0.08920386536582373 -0.1853017777962381 0.0 0.022050973027944565 -0.010546118021011353 -0.6258641481399536 
3151 16.95144033432007 0.09591370785399339 -0.1813649961495543 0.0 0.021859224885702133 -0.011121362447738647 -0.6249054074287415 
3152 16.95673942565918 0.09850422500236891 -0.1875924959009284 0.0 0.022050973027944565 -0.01150485873222351 -0.6239466667175293 
3153 16.962093114852905 0.09476705345674416 -0.18586244774924163 0.0 0.022050973027944565 -0.01150485873222351 -0.6239466667175293 
3154 16.96735715866089 0.10311311433999798 -0.18604988101997916 0.0 0.022050973027944565 -0.011888347566127777 -0.622029185295105 
3155 16.972585201263428 0.09525506203784606 -0.18623731429071666 0.0 0.022050973027944565 -0.011696599423885345 -0.6212621927261353 
3156 16.977896451950073 0.08902369497134349 -0.18230053264403284 0.0 0.021859224885702133 -0.011313110589981079 -0.6203034520149231 
3157 16.983168363571167 0.08058209999813698 -0.17615538764314298 0.0 0.02147572860121727 -0.010737866163253784 -0.6193447113037109 
3158 16.988632917404175 0.06168052662326953 -0.1678003295542443 0.0 0.020900487899780273 -0.009587377309799194 -0.6174272298812866 
3159 16.993962287902832 0.05677020844607614 -0.1654819608809197 0.0 0.02051699161529541 -0.008820392191410065 -0.6166602373123169 
3160 16.99921441078186 0.06451503296359441 -0.16949131815449836 0.0 0.02051699161529541 -0.008820392191410065 -0.6166602373123169 
3161 17.00455379486084 -0.125123399151722 -0.1531689330389494 0.0 0.019750002771615982 0.0 -0.6151262521743774 
3162 17.009833097457886 -0.03691947723762133 -0.1486340517470384 0.0 0.019174758344888687 0.0 -0.6143592596054077 
3163 17.015146255493164 -0.03691947723762133 -0.13805270191596392 0.0 0.01840776950120926 0.0 -0.6135923266410828 
3164 17.020467281341553 -0.03691947723762133 -0.13350641164125446 0.0 0.017832525074481964 0.0 -0.612825334072113 
3165 17.025740146636963 -0.03691947723762133 -0.12291365282738154 0.0 0.017065536230802536 0.0 -0.6120583415031433 
3166 17.03097939491272 -0.03691947723762133 -0.11835595356987359 0.0 0.01649029180407524 0.0 -0.611483097076416 
3167 17.036271333694458 -0.03691947723762133 -0.11187600069062355 0.0 0.015915051102638245 0.0 -0.6107161045074463 
3168 17.041605472564697 -0.03691947723762133 -0.10539104088710191 0.0 0.01533980667591095 0.0 -0.610140860080719 
3169 17.046907663345337 -0.03691947723762133 -0.10302544367627742 0.0 0.014956310391426086 0.0 -0.6093738675117493 
3170 17.052206993103027 -0.03691947723762133 -0.09461497053259554 0.0 0.01438106968998909 0.0 -0.6086068749427795 
3171 17.057602167129517 -0.03691947723762133 -0.09636540172190908 0.0 0.014189321547746658 0.0 -0.6078398823738098 
3172 17.06294870376587 -0.03691947723762133 -0.0942792774600679 0.0 0.013997573405504227 0.0 -0.6072646379470825 
3173 17.068405389785767 -0.03691947723762133 -0.09631573825643899 0.0 0.013997573405504227 0.0 -0.6064976453781128 
3174 17.073639631271362 -0.03691947723762133 -0.09643471763038577 0.0 0.013997573405504227 0.0 -0.6053471565246582 
3175 17.078893661499023 -0.03691947723762133 -0.09655369700433257 0.0 0.013997573405504227 0.0 -0.6053471565246582 
3176 17.08432674407959 -0.03691947723762133 -0.1007968912957007 0.0 0.014189321547746658 0.0 -0.6040049195289612 
3177 17.089656114578247 -0.03691947723762133 -0.09900001910643223 0.0 0.014189321547746658 0.0 -0.6034296751022339 
3178 17.094922304153442 -0.03691947723762133 -0.09499641342216673 0.0 0.013997573405504227 0.0 -0.6028544306755066 
3179 17.100175380706787 -0.03691947723762133 -0.0929086593011165 0.0 0.013805825263261795 0.0 -0.6022791862487793 
3180 17.10553240776062 -0.03691947723762133 -0.0908192753208572 0.0 0.013614077121019363 0.0 -0.6018956899642944 
3181 17.11097741127014 -0.03691947723762133 -0.08872826148138885 0.0 0.013422328978776932 0.0 -0.6015121936798096 
3182 17.11628484725952 -0.03691947723762133 -0.08251148299069647 0.0 0.013038836419582367 0.0 -0.6011286973953247 
3183 17.12168002128601 -0.03691947723762133 -0.07408459393994454 0.0 0.012463591992855072 0.0 -0.6007452011108398 
3184 17.12694764137268 0.15691798287793063 -0.07169454890431408 0.0 0.012080095708370209 -0.0090121328830719 -0.600361704826355 
3185 17.132176160812378 0.07512168701156041 -0.0715080577706689 0.0 0.011888351291418076 -0.009395629167556763 -0.6001699566841125 
3186 17.13747763633728 0.07961501684947869 -0.07352655292616729 0.0 0.011888351291418076 -0.009779125452041626 -0.5999782085418701 
3187 17.142743587493896 0.07998739148839376 -0.07362760391214435 0.0 0.011888351291418076 -0.009970873594284058 -0.5997864603996277 
3188 17.14797329902649 0.08640309232636353 -0.0819770046075577 0.0 0.01227184385061264 -0.010354369878768921 -0.5995947122573853 
3189 17.1532723903656 0.09090457146032713 -0.08649481952318494 0.0 0.012655340135097504 -0.010737866163253784 -0.5994029641151428 
3190 17.158548593521118 0.09540931031270883 -0.09514007182174866 0.0 0.013230584561824799 -0.011121362447738647 -0.5992112159729004 
3191 17.163978576660156 0.11228979338495991 -0.11424529690237288 0.0 0.01438106968998909 -0.012080095708370209 -0.599019467830658 
3192 17.169289588928223 0.10280514159216544 -0.10286268471309488 0.0 0.01438106968998909 -0.012080095708370209 -0.599019467830658 
3193 17.174699306488037 0.11528046715795062 -0.12773013318458143 0.0 0.015531554818153381 -0.012655340135097504 -0.5984442234039307 
3194 17.179927349090576 0.11788402311666868 -0.12460572995373552 0.0 0.015915051102638245 -0.013038836419582367 -0.5982524752616882 
3195 17.1851487159729 0.12240832021622917 -0.13327860967011695 0.0 0.01649029180407524 -0.01342233270406723 -0.5980607271194458 
3196 17.190377235412598 0.13106009195162915 -0.13591479997092432 0.0 0.016873788088560104 -0.013997577130794525 -0.5978689789772034 
3197 17.195613861083984 0.14192332650884054 -0.14047169415967112 0.0 0.017257284373044968 -0.014764562249183655 -0.5976772308349609 
3198 17.200849294662476 0.1343789741040673 -0.13678341823199336 0.0 0.017257284373044968 -0.014764562249183655 -0.5976772308349609 
3199 17.20610213279724 0.16337397730513475 -0.14517845485860056 0.0 0.017640776932239532 -0.016106799244880676 -0.5974854826927185 
3200 17.211491107940674 0.1583369449765887 -0.14149347587057895 0.0 0.017640776932239532 -0.01649029552936554 -0.5972937345504761 
3201 17.21694588661194 0.15876636456116103 -0.14164342247450298 0.0 0.017640776932239532 -0.01668204367160797 -0.5971019864082336 
3202 17.22243022918701 0.1611148954273667 -0.14591758399584837 0.0 0.017832525074481964 -0.016873791813850403 -0.5969102382659912 
3203 17.22794270515442 0.15934084123536013 -0.15240010887139985 0.0 0.018216021358966827 -0.016873791813850403 -0.5969102382659912 
3204 17.233368396759033 0.15948426846577785 -0.1569684120429451 0.0 0.01859951764345169 -0.016873791813850403 -0.5967184901237488 
3205 17.238773345947266 0.1596276956961956 -0.16566410972492346 0.0 0.019174758344888687 -0.016873791813850403 -0.5965267419815063 
3206 17.24402403831482 0.16801939251064324 -0.1848198975356067 0.0 0.02032524347305298 -0.01725728064775467 -0.595951497554779 
3207 17.24925923347473 0.17257962089194917 -0.18586045557574876 0.0 0.020900487899780273 -0.017640776932239532 -0.5955680012702942 
3208 17.254486083984375 0.1812672494032886 -0.1926582300824816 0.0 0.02147572860121727 -0.018216021358966827 -0.5951845049858093 
3209 17.259727716445923 0.20041493082209488 -0.199461011513486 0.0 0.022050973027944565 -0.019366510212421417 -0.594609260559082 
3210 17.26494264602661 0.20969557196064853 -0.20626864526921457 0.0 0.02262621745467186 -0.02032524347305298 -0.5944175124168396 
3211 17.2702898979187 0.21265364867611788 -0.20895687355974263 0.0 0.023009710013866425 -0.020900487899780273 -0.5944175124168396 
3212 17.275604248046875 0.20707885855599306 -0.2094417454203362 0.0 0.023201458156108856 -0.020900487899780273 -0.594609260559082 
3213 17.28091025352478 0.19488386795087717 -0.22009412114450283 0.0 0.02377670258283615 -0.02032524347305298 -0.594609260559082 
3214 17.28617238998413 0.1843122171179857 -0.2227921285586203 0.0 0.024160195142030716 -0.019558250904083252 -0.594609260559082 
3215 17.291578769683838 0.1756516885214951 -0.22741099446022459 0.0 0.02454369142651558 -0.018791265785694122 -0.5944175124168396 
3216 17.296877145767212 0.17523283562972208 -0.22790886790992268 0.0 0.02473543956875801 -0.01840776950120926 -0.5942257642745972 
3217 17.302128553390503 0.17510004959790967 -0.2262016377238328 0.0 0.02473543956875801 -0.018216021358966827 -0.5940340161323547 
3218 17.307339668273926 0.18129658211930655 -0.22641188896016726 0.0 0.02473543956875801 -0.01840776950120926 -0.5936505198478699 
3219 17.312558889389038 0.18778399657248518 -0.23074635511392305 0.0 0.024927187711000443 -0.018791265785694122 -0.593267023563385 
3220 17.317802667617798 0.1882329744042363 -0.23728918462188492 0.0 0.025310683995485306 -0.018983013927936554 -0.5930752754211426 
3221 17.323153018951416 0.18647684860019945 -0.2336693625909979 0.0 0.025310683995485306 -0.018983013927936554 -0.5930752754211426 
3222 17.32855796813965 0.1866382042185869 -0.2545054978666599 0.0 0.026269420981407166 -0.018983013927936554 -0.5925000905990601 
3223 17.33392882347107 0.18679955983697438 -0.25751398271264087 0.0 0.026844661682844162 -0.018983013927936554 -0.5921165943145752 
3224 17.339203357696533 0.1993333999568131 -0.2726108299096818 0.0 0.02780340239405632 -0.019558250904083252 -0.5913496017456055 
3225 17.34447193145752 0.2102441349977162 -0.271508101427346 0.0 0.028186894953250885 -0.02032524347305298 -0.5909661054611206 
3226 17.34988045692444 0.2151196186298039 -0.28028540919476697 0.0 0.02876213937997818 -0.020900487899780273 -0.5905826091766357 
3227 17.35517978668213 0.22604168817936443 -0.2871500077390815 0.0 0.029337380081415176 -0.02166748046875 -0.5901991128921509 
3228 17.360491275787354 0.2309285007005092 -0.29814382812508894 0.0 0.030104372650384903 -0.022242721170186996 -0.589815616607666 
3229 17.365765810012817 0.2336135866509285 -0.3072265691471989 0.0 0.03087136149406433 -0.02262621745467186 -0.5896238684654236 
3230 17.37098717689514 0.2423435112813022 -0.31631594695278953 0.0 0.03163835406303406 -0.023201458156108856 -0.5892403721809387 
3231 17.376450538635254 0.24916096141352317 -0.32541172681690705 0.0 0.032405342906713486 -0.02377670258283615 -0.5890486240386963 
3232 17.381778478622437 0.26010739866248334 -0.3303899285470838 0.0 0.03298058733344078 -0.02454369142651558 -0.5886651277542114 
3233 17.387125492095947 0.2650187763550784 -0.3372903838990028 0.0 0.03355582803487778 -0.025118935853242874 -0.588473379611969 
3234 17.392403841018677 0.2718524076694157 -0.34832006109261465 0.0 0.034322820603847504 -0.02569417655467987 -0.5880898833274841 
3235 17.397684335708618 0.2786910459080245 -0.3533144440049077 0.0 0.0348980613052845 -0.026269420981407166 -0.5878981351852417 
3236 17.403093338012695 0.27316189171909355 -0.34785867051163266 0.0 0.0348980613052845 -0.026269420981407166 -0.5878981351852417 
3237 17.40846872329712 0.28988196134171446 -0.3811489432466919 0.0 0.036432042717933655 -0.027036409825086594 -0.5875146389007568 
3238 17.41383457183838 0.2906903122232761 -0.3826156611529882 0.0 0.03719903528690338 -0.027419906109571457 -0.5873228907585144 
3239 17.419269800186157 0.3118336279594805 -0.40000709657964806 0.0 0.038349518552422523 -0.02857039123773575 -0.5867476463317871 
3240 17.424495935440063 0.3170684846730437 -0.40120087958441625 0.0 0.03892476297914982 -0.029337383806705475 -0.5865558981895447 
3241 17.429939031600952 0.32614470628998243 -0.4081519004920269 0.0 0.039500005543231964 -0.030104372650384903 -0.5861724019050598 
3242 17.435230255126953 0.3352274845649954 -0.4151078295878837 0.0 0.04007524810731411 -0.03087136149406433 -0.5859806537628174 
3243 17.44053602218628 0.344316862370586 -0.4220686482455353 0.0 0.040650490671396255 -0.03163835406303406 -0.5855971574783325 
3244 17.44578766822815 0.35341264223470353 -0.4331585713824029 0.0 0.04141748137772083 -0.032405342906713486 -0.5852136611938477 
3245 17.451054096221924 0.3583908439648803 -0.4423375325178499 0.0 0.04218447208404541 -0.03298058733344078 -0.5846384167671204 
3246 17.456312656402588 0.3694155142342206 -0.4515229730115975 0.0 0.04295146092772484 -0.03374757617712021 -0.5840631723403931 
3247 17.4616596698761 0.37440512494719586 -0.46071499159967105 0.0 0.043718451634049416 -0.034322820603847504 -0.5834879279136658 
3248 17.466895818710327 0.3854412041993346 -0.4740377258997182 0.0 0.044677190482616425 -0.03508980944752693 -0.582720935344696 
3249 17.472142219543457 0.3945664388125297 -0.47720269822271116 0.0 0.04525243304669857 -0.03585680201649666 -0.5819539427757263 
3250 17.477402687072754 0.40782229040167295 -0.4924559527871902 0.0 0.04621117189526558 -0.03681553900241852 -0.5811869502067566 
3251 17.482842206954956 0.3985478526239749 -0.48326135926262986 0.0 0.04621117189526558 -0.03681553900241852 -0.5811869502067566 
3252 17.488128900527954 0.44010285375430247 -0.50427514868544 0.0 0.04716990888118744 -0.038733016699552536 -0.5790777206420898 
3253 17.4934823513031 0.4418783018866088 -0.5115855426586936 0.0 0.047936899587512016 -0.039691753685474396 -0.5781189799308777 
3254 17.498720407485962 0.44912509147799573 -0.524944093703642 0.0 0.048895636573433876 -0.040458742529153824 -0.5771602392196655 
3255 17.50402331352234 0.4665443117318209 -0.5405175861971224 0.0 0.05004612356424332 -0.041609227657318115 -0.5752427577972412 
3256 17.50926446914673 0.4553931388852652 -0.5459349279463063 0.0 0.050813114270567894 -0.041609227657318115 -0.574284017086029 
3257 17.514588594436646 0.45574681732035244 -0.5551937118986393 0.0 0.05158010311424732 -0.041609227657318115 -0.5733252763748169 
3258 17.519927978515625 0.4478521460460033 -0.5562106841731588 0.0 0.051963599398732185 -0.04122573509812355 -0.5723665356636047 
3259 17.525216102600098 0.439664845634019 -0.5651900166127602 0.0 0.05253884196281433 -0.040650490671396255 -0.5712161064147949 
3260 17.53060507774353 0.4333902544451412 -0.564008386046044 0.0 0.05273059010505676 -0.04007524996995926 -0.5702573657035828 
3261 17.536131143569946 0.4271106563319918 -0.5625391146395127 0.0 0.05273059010505676 -0.039500005543231964 -0.5691068768501282 
3262 17.541579723358154 0.4167020711021032 -0.5629873246554057 0.0 0.05273059010505676 -0.038733016699552536 -0.5679563879966736 
3263 17.54687261581421 0.41645276034600104 -0.5634355346712987 0.0 0.05273059010505676 -0.03834952041506767 -0.5666141510009766 
3264 17.55212950706482 0.412365264279535 -0.5597595297697703 0.0 0.05253884196281433 -0.03796602413058281 -0.5652719140052795 
3265 17.55739688873291 0.4123987234120723 -0.5497509866593177 0.0 0.051963599398732185 -0.03777427598834038 -0.5637379288673401 
3266 17.56266498565674 0.41463728618039747 -0.5559451028950284 0.0 0.051963599398732185 -0.03777427598834038 -0.5637379288673401 
3267 17.56793737411499 0.4232067973611411 -0.5233931542759532 0.0 0.05042961798608303 -0.03815777227282524 -0.5602864623069763 
3268 17.573195219039917 0.41969617558061145 -0.5061679809413622 0.0 0.048895636573433876 -0.03815777227282524 -0.5585607290267944 
3269 17.578553199768066 0.40764787189266644 -0.49305402374488805 0.0 0.0475534051656723 -0.037582527846097946 -0.557026743888855 
3270 17.583794355392456 0.39722298810235224 -0.478011117469869 0.0 0.04621117189526558 -0.03681553900241852 -0.5554927587509155 
3271 17.589236974716187 0.37221216940670276 -0.45470839100366034 0.0 0.04448544234037399 -0.03528155758976936 -0.5543422698974609 
3272 17.595099210739136 0.33423724309704267 -0.3609903305437187 0.0 0.03930825740098953 -0.03278883919119835 -0.551274299621582 
3273 17.600403308868408 0.330573707919335 -0.3429848067801217 0.0 0.03604854643344879 -0.031446605920791626 -0.5495486259460449 
3274 17.605687141418457 0.31539391247718596 -0.3057769158802698 0.0 0.03278883919119835 -0.030104372650384903 -0.547822892665863 
3275 17.610950469970703 0.2919542782173958 -0.2726654150079707 0.0 0.02972087636590004 -0.028378643095493317 -0.546480655670166 
3276 17.616209268569946 0.2682108033092227 -0.23761047240754163 0.0 0.02665291726589203 -0.026461169123649597 -0.5453301668167114 
3277 17.621548175811768 0.23812004420696758 -0.1860324751067678 0.0 0.022817961871623993 -0.024160198867321014 -0.5441796779632568 
3278 17.626989364624023 0.20359625986753963 -0.133843574043713 0.0 0.01859951764345169 -0.02147573232650757 -0.5430291891098022 
3279 17.632392168045044 0.16051197565509936 -0.07308097966609098 0.0 0.013805825263261795 -0.018216021358966827 -0.5420704483985901 
3280 17.637849807739258 0.10665572874783538 -0.022154415466241015 0.0 0.00920388475060463 -0.014189325273036957 -0.5413034558296204 
3281 17.64323878288269 0.1470432988719549 -0.06825205361319281 0.0 0.00920388475060463 -0.014189325273036957 -0.5413034558296204 
3282 17.648536920547485 -0.15802719449833968 0.12963146852480673 0.0 0.0 0.0 -0.5395777225494385 
3283 17.653900623321533 -0.016133941767970107 0.03759262101876043 0.0 0.0 0.0 -0.5388107299804688 
3284 17.65918731689453 -0.016133941767970107 0.03759262101876043 0.0 0.0 0.0 -0.5378519892692566 
3285 17.664514541625977 -0.21409577705175617 0.3427837236538758 0.0 -0.014189325273036957 0.009203888475894928 -0.5365097522735596 
3286 17.669753313064575 -0.19224645843938926 0.2711225735336771 0.0 -0.017449036240577698 0.012463591992855072 -0.5357427597045898 
3287 17.67499351501465 -0.23399107206449843 0.2964126292594006 0.0 -0.020133502781391144 0.015915051102638245 -0.5349757671356201 
3288 17.68026375770569 -0.26972325224638916 0.3192295173831513 0.0 -0.022434473037719727 0.019174762070178986 -0.5344005227088928 
3289 17.68561339378357 -0.2826553318894003 0.3500251415163507 0.0 -0.02492719143629074 0.021283984184265137 -0.5338252782821655 
3290 17.690849542617798 -0.29886179862008433 0.37480025741609235 0.0 -0.027228161692619324 0.023009710013866425 -0.5336335301399231 
3291 17.69618582725525 -0.31479384219856 0.3891397682331731 0.0 -0.02895388752222061 0.024543695151805878 -0.5334417819976807 
3292 17.701472282409668 -0.3244077414816711 0.3886254776507845 0.0 -0.029720880091190338 0.02569417655467987 -0.5330582857131958 
3293 17.706786394119263 -0.32136975778848864 0.389456609276705 0.0 -0.0301043763756752 0.026077672839164734 -0.5330582857131958 
3294 17.712016820907593 -0.3012597557439003 0.37762910379620696 0.0 -0.029720880091190338 0.025310687720775604 -0.5332500338554382 
3295 17.717288494110107 -0.2802752433514688 0.35697140461730265 0.0 -0.02857039123773575 0.023968450725078583 -0.5334417819976807 
3296 17.7225239276886 -0.2939013451396022 0.3687191414773693 0.0 -0.02857039123773575 0.023968450725078583 -0.5334417819976807 
3297 17.72774386405945 -0.20749688420654275 0.2906022268735101 0.0 -0.02492719143629074 0.019941754639148712 -0.5338252782821655 
3298 17.73304295539856 -0.20256698588863947 0.28187990217434666 0.0 -0.02281796932220459 0.017832525074481964 -0.534017026424408 
3299 17.738440990447998 -0.16607200940535405 0.25367549704539083 0.0 -0.02051699161529541 0.015148058533668518 -0.5342087745666504 
3300 17.74369502067566 -0.12293410021648743 0.223245034867548 0.0 -0.018024273216724396 0.011888355016708374 -0.5344005227088928 
3301 17.749385833740234 0.10006849747314117 0.18233830699848436 0.0 -0.014956317842006683 0.0 -0.5347840189933777 
3302 17.754823207855225 -0.01881505269394257 -0.1085429728574822 0.0 0.0 0.0 -0.5357427597045898 
3303 17.760136604309082 -0.01881505269394257 0.041020205562584636 0.0 0.0 0.0 -0.5365097522735596 
3304 17.76538634300232 -0.01881505269394257 0.041020205562584636 0.0 0.0 0.0 -0.5374684929847717 
3305 17.770612716674805 0.17914662233903073 0.041020205562584636 0.0 0.0 -0.009203881025314331 -0.5382354855537415 
3306 17.775839805603027 0.16142175333737396 0.041020205562584636 0.0 0.0 -0.012655340135097504 -0.5390024781227112 
3307 17.78108024597168 0.19712622597604057 0.041020205562584636 0.0 0.0 -0.015915051102638245 -0.5395777225494385 
3308 17.786301136016846 0.21827902791067025 -0.173438329140074 0.0 0.009970873594284058 -0.01840776950120926 -0.5401529669761658 
3309 17.791637897491455 0.23475029888912102 -0.11505641467159189 0.0 0.011888351291418076 -0.02032524347305298 -0.5407282114028931 
3310 17.79693102836609 0.2446178281621542 -0.12897624777478672 0.0 0.013422328978776932 -0.02166748046875 -0.5414952039718628 
3311 17.80230402946472 0.23137963178916834 -0.11375056069751775 0.0 0.013422328978776932 -0.02166748046875 -0.5414952039718628 
3312 17.807651042938232 0.2769300092139747 -0.1757277140043447 0.0 0.01629854366183281 -0.02377670258283615 -0.5426456928253174 
3313 17.813063859939575 0.2766608845067676 -0.18422195892629717 0.0 0.018024273216724396 -0.02473543956875801 -0.5434126853942871 
3314 17.818297386169434 0.2837806255535688 -0.1959872939962665 0.0 0.01936650648713112 -0.025502432137727737 -0.5439879298210144 
3315 17.82355046272278 0.28870003516389986 -0.20747478597646152 0.0 0.02051699161529541 -0.026077672839164734 -0.5443714261054993 
3316 17.828843355178833 0.2914177182035055 -0.20851697387581264 0.0 0.021092236042022705 -0.026461169123649597 -0.5447549223899841 
3317 17.834137678146362 0.2919318902136292 -0.2111921633243332 0.0 0.02147572860121727 -0.02665291726589203 -0.5449466705322266 
3318 17.839717149734497 0.2943651735053863 -0.2157882112603406 0.0 0.021859224885702133 -0.02684466540813446 -0.545138418674469 
3319 17.845170974731445 0.31742108111805284 -0.25750533579324875 0.0 0.023968450725078583 -0.027995150536298752 -0.5449466705322266 
3320 17.850473165512085 0.3267751830776688 -0.2613620186097691 0.0 0.025118935853242874 -0.02895388752222061 -0.5449466705322266 
3321 17.855897665023804 0.3256823510972317 -0.26656745782715774 0.0 0.025885924696922302 -0.029337383806705475 -0.5453301668167114 
3322 17.861194372177124 0.3220967560147401 -0.2591175997502873 0.0 0.025885924696922302 -0.029337383806705475 -0.5455219149589539 
3323 17.866499185562134 0.3058492641074117 -0.2552134151927898 0.0 0.02569417655467987 -0.02857039123773575 -0.5453301668167114 
3324 17.871727228164673 0.2931410436609294 -0.2573492971159289 0.0 0.02569417655467987 -0.02761165425181389 -0.545138418674469 
3325 17.87704038619995 0.27821790320216677 -0.25344348269922234 0.0 0.02550242841243744 -0.026461169123649597 -0.5447549223899841 
3326 17.882280349731445 0.2899476744213607 -0.2555777347631524 0.0 0.02550242841243744 -0.026461169123649597 -0.5447549223899841 
3327 17.887540817260742 0.26130317006236875 -0.23104929602553642 0.0 0.024351943284273148 -0.025118935853242874 -0.543796181678772 
3328 17.892809867858887 0.26669058388634587 -0.23038857419823802 0.0 0.02377670258283615 -0.02473543956875801 -0.5434126853942871 
3329 17.898043632507324 0.27073579796752895 -0.22397043843229808 0.0 0.023201458156108856 -0.02473543956875801 -0.5430291891098022 
3330 17.903390645980835 0.2709460492038634 -0.21754753046704028 0.0 0.02262621745467186 -0.02473543956875801 -0.5428374409675598 
3331 17.908844470977783 0.26290787060535514 -0.20287118574266827 0.0 0.0216674767434597 -0.024351943284273148 -0.5426456928253174 
3332 17.914141416549683 0.24220461558899842 -0.1878975570279876 0.0 0.02051699161529541 -0.023201458156108856 -0.5422621965408325 
3333 17.91962504386902 0.2209131201764103 -0.17070737844181752 0.0 0.019174758344888687 -0.02166748046875 -0.5420704483985901 
3334 17.92490243911743 0.15395293253636919 -0.12242963308130897 0.0 0.01629854366183281 -0.017832525074481964 -0.5414952039718628 
3335 17.9301700592041 0.15533628893620335 -0.11421254352701402 0.0 0.014572817832231522 -0.016106799244880676 -0.5413034558296204 
3336 17.93538761138916 0.13148846610239706 -0.09860003156063651 0.0 0.013038836419582367 -0.014189325273036957 -0.5411117076873779 
3337 17.940634727478027 0.11779009574628435 -0.08105703658273017 0.0 0.011504855006933212 -0.012655340135097504 -0.5409199595451355 
3338 17.945953130722046 0.09611974351084791 -0.06350100276281631 0.0 0.009970873594284058 -0.010929614305496216 -0.5407282114028931 
3339 17.95119071006775 0.07635196927166543 0.13553296538779938 0.0 0.0 -0.009203881025314331 -0.5405364632606506 
3340 17.956557273864746 -0.10427413997077384 0.03582422944495881 0.0 0.0 0.0 -0.5403447151184082 
3341 17.962095737457275 -0.01223532971763052 0.03582422944495881 0.0 0.0 0.0 -0.5403447151184082 
3342 17.967565536499023 -0.01223532971763052 0.03582422944495881 0.0 0.0 0.0 -0.5403447151184082 
3343 17.972955226898193 -0.01223532971763052 0.03582422944495881 0.0 0.0 0.0 -0.5403447151184082 
3344 17.9784038066864 -0.01223532971763052 0.03582422944495881 0.0 0.0 0.0 -0.5403447151184082 
3345 17.983935117721558 -0.01223532971763052 0.03582422944495881 0.0 0.0 0.0 -0.5401529669761658 
3346 17.989437580108643 -0.01223532971763052 0.03582422944495881 0.0 0.0 0.0 -0.5401529669761658 
3347 17.994808435440063 -0.01223532971763052 0.03582422944495881 0.0 0.0 0.0 -0.5405364632606506 
3348 18.00011157989502 -0.01223532971763052 0.03582422944495881 0.0 0.0 0.0 -0.5405364632606506 
3349 18.005510568618774 -0.01223532971763052 0.03582422944495881 0.0 0.0 0.0 -0.5413034558296204 
3350 18.010740995407104 -0.01223532971763052 0.03582422944495881 0.0 0.0 0.0 -0.5416869521141052 
3351 18.016294479370117 -0.01223532971763052 0.03582422944495881 0.0 0.0 0.0 -0.5420704483985901 
3352 18.021610736846924 -0.01223532971763052 0.03582422944495881 0.0 0.0 0.0 -0.5422621965408325 
3353 18.026911973953247 -0.01223532971763052 0.03582422944495881 0.0 0.0 0.0 -0.542453944683075 
3354 18.03217363357544 -0.01223532971763052 0.03582422944495881 0.0 0.0 0.0 -0.5428374409675598 
3355 18.037453651428223 -0.01223532971763052 0.03582422944495881 0.0 0.0 0.0 -0.5430291891098022 
3356 18.042688608169556 -0.01223532971763052 0.03582422944495881 0.0 0.0 0.0 -0.5430291891098022 
3357 18.048059225082397 -0.01223532971763052 0.03582422944495881 0.0 0.0 0.0 -0.5436044335365295 
3358 18.05330777168274 -0.01223532971763052 0.03582422944495881 0.0 0.0 0.0 -0.5439879298210144 
3359 18.058534145355225 0.19397477515018546 0.03582422944495881 0.0 0.0 -0.009587377309799194 -0.5441796779632568 
3360 18.063835859298706 0.1270519991812762 0.03582422944495881 0.0 0.0 -0.010929614305496216 -0.5445631742477417 
3361 18.069274187088013 0.14671609003446065 0.03582422944495881 0.0 0.0 -0.012463591992855072 -0.5447549223899841 
3362 18.07466959953308 0.16035175811476074 0.03582422944495881 0.0 0.0 -0.013805828988552094 -0.5447549223899841 
3363 18.080134868621826 0.1717918669579085 0.03582422944495881 0.0 0.0 -0.014956310391426086 -0.5449466705322266 
3364 18.08568286895752 0.21402881524316036 0.03582422944495881 0.0 0.0 -0.0174490287899971 -0.545138418674469 
3365 18.090993881225586 0.21399523750669322 0.03582422944495881 0.0 0.0 -0.01859951764345169 -0.545138418674469 
3366 18.09626340866089 0.22739357412583194 -0.15388909587857819 0.0 0.008820388466119766 -0.019749999046325684 -0.5453301668167114 
3367 18.101531267166138 0.2366777096760925 -0.07813282927160656 0.0 0.009395632892847061 -0.020708739757537842 -0.5455219149589539 
3368 18.106865644454956 0.25201161635643804 -0.08483281251078045 0.0 0.009970873594284058 -0.02185922861099243 -0.5455219149589539 
3369 18.112138986587524 0.26543766051880086 -0.09153780267422593 0.0 0.010546118021011353 -0.023009710013866425 -0.5457136631011963 
3370 18.117448806762695 0.2747495036122855 -0.09412335011956786 0.0 0.010929610580205917 -0.023968450725078583 -0.5459054112434387 
3371 18.122846364974976 0.26536582833132705 -0.09038132621755396 0.0 0.010929610580205917 -0.023968450725078583 -0.5459054112434387 
3372 18.12817692756653 0.32330840875557626 -0.11521943728660737 0.0 0.012080095708370209 -0.02665291726589203 -0.5459054112434387 
3373 18.133612871170044 0.32555971744074486 -0.11206569665332829 0.0 0.012463591992855072 -0.027995150536298752 -0.5457136631011963 
3374 18.138967275619507 0.3329963379779365 -0.12895766880211923 0.0 0.013422328978776932 -0.02895388752222061 -0.5455219149589539 
3375 18.144363164901733 0.34015185570693574 -0.14422967824374827 0.0 0.014572817832231522 -0.02972087636590004 -0.5455219149589539 
3376 18.149817943572998 0.3121136002575513 -0.14522122328763398 0.0 0.015148058533668518 -0.02876213937997818 -0.5460971593856812 
3377 18.155055284500122 0.28070345937809904 -0.13547335985337888 0.0 0.014956310391426086 -0.02684466540813446 -0.546480655670166 
3378 18.160287380218506 0.3001063787525054 -0.1375179699141303 0.0 0.014956310391426086 -0.02684466540813446 -0.546480655670166 
3379 18.1657235622406 0.21372628551884554 -0.12939674884302113 0.0 0.014572817832231522 -0.02281796559691429 -0.5468641519546509 
3380 18.17095923423767 0.20057252253754995 -0.1086102538820127 0.0 0.013422328978776932 -0.02032524347305298 -0.5470559000968933 
3381 18.176391124725342 0.17618208958744072 -0.09548402283375654 0.0 0.01227184385061264 -0.018024273216724396 -0.5474393963813782 
3382 18.181949853897095 0.14985457971482538 -0.08647219032642933 0.0 0.01131310686469078 -0.015723302960395813 -0.547822892665863 
3383 18.187408924102783 0.12763172651245258 -0.07141051221487615 0.0 0.01016262173652649 -0.013614080846309662 -0.5482063889503479 
3384 18.193272590637207 0.10347346349968575 -0.06238075131957921 0.0 0.00920388475060463 -0.01150485873222351 -0.5483981370925903 
3385 18.198684215545654 0.07929711184813641 0.12591540095920173 0.0 0.0 -0.009395629167556763 -0.5487816333770752 
3386 18.204142570495605 -0.1016166196076665 0.03387655345315543 0.0 0.0 0.0 -0.5491651296615601 
3387 18.20943307876587 -0.00766032793209888 0.03387655345315543 0.0 0.0 0.0 -0.5491651296615601 
3388 18.214709043502808 -0.00766032793209888 0.03387655345315543 0.0 0.0 0.0 -0.5497403740882874 
3389 18.220103979110718 -0.00766032793209888 0.03387655345315543 0.0 0.0 0.0 -0.5503155589103699 
3390 18.22539234161377 -0.00766032793209888 0.03387655345315543 0.0 0.0 0.0 -0.5506990551948547 
3391 18.230833530426025 -0.00766032793209888 0.03387655345315543 0.0 0.0 0.0 -0.5508908033370972 
3392 18.236164569854736 -0.00766032793209888 0.03387655345315543 0.0 0.0 0.0 -0.5510825514793396 
3393 18.241511583328247 -0.00766032793209888 0.03387655345315543 0.0 0.0 0.0 -0.551274299621582 
3394 18.246904373168945 -0.00766032793209888 0.03387655345315543 0.0 0.0 0.0 -0.5514660477638245 
3395 18.2523295879364 -0.00766032793209888 0.03387655345315543 0.0 0.0 0.0 -0.5514660477638245 
3396 18.25767755508423 -0.00766032793209888 -0.16408520170522425 0.0 0.00920388475060463 0.0 -0.5514660477638245 
3397 18.26299262046814 -0.00766032793209888 -0.08449715184641574 0.0 0.009779125452041626 0.0 -0.5514660477638245 
3398 18.26827073097229 -0.00766032793209888 -0.09120051215065214 0.0 0.010354369878768921 0.0 -0.5516577959060669 
3399 18.273534297943115 -0.00766032793209888 -0.10203285957162772 0.0 0.011121358722448349 0.0 -0.5516577959060669 
3400 18.278829097747803 -0.00766032793209888 -0.11507849714567456 0.0 0.012080095708370209 0.0 -0.5514660477638245 
3401 18.284250497817993 -0.00766032793209888 -0.10559380809997712 0.0 0.012080095708370209 0.0 -0.5514660477638245 
3402 18.289613962173462 -0.00766032793209888 -0.1469385579623053 0.0 0.013997573405504227 0.0 -0.5514660477638245 
3403 18.295204162597656 -0.00766032793209888 -0.16087639957887623 0.0 0.015531554818153381 0.0 -0.5514660477638245 
3404 18.300721883773804 -0.00766032793209888 -0.15804116829519663 0.0 0.016106795519590378 0.0 -0.5514660477638245 
3405 18.306209087371826 -0.00766032793209888 -0.1647983137950072 0.0 0.016682039946317673 0.0 -0.5514660477638245 
3406 18.31175708770752 -0.00766032793209888 -0.17568444641155695 0.0 0.0174490287899971 0.0 -0.551274299621582 
3407 18.317147254943848 -0.00766032793209888 -0.184659734389163 0.0 0.018216021358966827 0.0 -0.5510825514793396 
3408 18.322518348693848 -0.00766032793209888 -0.19364142442529592 0.0 0.018983010202646255 0.0 -0.5508908033370972 
3409 18.3281569480896 -0.00766032793209888 -0.19850553632748816 0.0 0.01955825462937355 0.0 -0.5505073070526123 
3410 18.333652019500732 0.1820530775168445 -0.1970435521419862 0.0 0.019750002771615982 -0.008820392191410065 -0.5501238703727722 
3411 18.339420080184937 0.09804818360297941 -0.20354229545255692 0.0 0.020133495330810547 -0.0090121328830719 -0.5495486259460449 
3412 18.34511137008667 0.10033159473328851 -0.20812693440576585 0.0 0.02051699161529541 -0.009203881025314331 -0.5485898852348328 
3413 18.350427389144897 0.1026165612170007 -0.20446636598964724 0.0 0.02051699161529541 -0.009395629167556763 -0.5480146408081055 
3414 18.35604238510132 0.10490315755992197 -0.2005165455009559 0.0 0.02032524347305298 -0.009587377309799194 -0.5476311445236206 
3415 18.36163067817688 0.10306716884463094 -0.20260679149290117 0.0 0.02032524347305298 -0.009587377309799194 -0.5476311445236206 
3416 18.36831259727478 0.12789395105629228 -0.1821585616007218 0.0 0.01936650648713112 -0.010737866163253784 -0.546480655670166 
3417 18.37367534637451 0.12472876421897672 -0.17128955230338072 0.0 0.01840776950120926 -0.011121362447738647 -0.5457136631011963 
3418 18.37898015975952 0.12098833295493387 -0.16041231361625288 0.0 0.0174490287899971 -0.011121362447738647 -0.545138418674469 
3419 18.384300470352173 0.125207079453161 -0.1495270430113891 0.0 0.01649029180407524 -0.011313110589981079 -0.5443714261054993 
3420 18.389589071273804 0.1233857594707515 -0.14275780080666337 0.0 0.015723302960395813 -0.011313110589981079 -0.543796181678772 
3421 18.394983053207397 0.10286084632365965 -0.11756769810465667 0.0 0.014189321547746658 -0.010354369878768921 -0.542453944683075 
3422 18.40031385421753 0.11253626557975076 -0.13302812146430407 0.0 0.014189321547746658 -0.010354369878768921 -0.542453944683075 
3423 18.4056556224823 0.08375477330177092 -0.10427930640091691 0.0 0.012847088277339935 -0.0090121328830719 -0.5414952039718628 
3424 18.410959720611572 -0.0965837137273047 -0.10131397968565617 0.0 0.012080095708370209 0.0 -0.5411117076873779 
3425 18.41624689102173 -0.006462384896585716 -0.09671402156201694 0.0 0.011504855006933212 0.0 -0.5407282114028931 
3426 18.421652793884277 -0.006462384896585716 -0.09431579000910316 0.0 0.011121358722448349 0.0 -0.5405364632606506 
3427 18.42692255973816 -0.006462384896585716 -0.0899969346936563 0.0 0.010737866163253784 0.0 -0.5403447151184082 
3428 18.432222604751587 -0.006462384896585716 -0.08979891723056826 0.0 0.010546118021011353 0.0 -0.5403447151184082 
3429 18.437519788742065 0.18737507521896624 -0.08768182573874984 0.0 0.010354369878768921 -0.0090121328830719 -0.5405364632606506 
3430 18.442784547805786 0.09733034951775335 -0.08968731930514369 0.0 0.010354369878768921 -0.0090121328830719 -0.5405364632606506 
3431 18.448158979415894 0.12627645706920884 -0.06915433698741291 0.0 0.009395632892847061 -0.010354369878768921 -0.5405364632606506 
3432 18.453601598739624 0.1253147440084722 -0.07057313989137803 0.0 0.009012136608362198 -0.010929614305496216 -0.5405364632606506 
3433 18.459057331085205 0.12790363129763865 -0.0703604909799764 0.0 0.008820388466119766 -0.011313110589981079 -0.5405364632606506 
3434 18.464401245117188 0.12416482989280485 -0.07235294570436274 0.0 0.008820388466119766 -0.011313110589981079 -0.5407282114028931 
3435 18.469730138778687 0.12426099133281969 -0.0765521339237461 0.0 0.009012136608362198 -0.011313110589981079 -0.5411117076873779 
3436 18.475066423416138 0.1119845080205705 -0.08295968549733554 0.0 0.009395632892847061 -0.010737866163253784 -0.5414952039718628 
3437 18.480583429336548 0.10133136448054575 -0.08332872032409107 0.0 0.009587377309799194 -0.009970873594284058 -0.5418787002563477 
3438 18.48597478866577 -0.10537249210686422 -0.0979896285313884 0.0 0.010354369878768921 0.0 -0.5430291891098022 
3439 18.491208791732788 -0.005663756164023651 -0.09040771498566066 0.0 0.010354369878768921 0.0 -0.5436044335365295 
3440 18.496421098709106 -0.005663756164023651 -0.09049572712963021 0.0 0.010354369878768921 0.0 -0.5441796779632568 
3441 18.502382040023804 -0.005663756164023651 -0.09058373927359974 0.0 0.010354369878768921 0.0 -0.5447549223899841 
3442 18.50777578353882 -0.005663756164023651 -0.08654753650014793 0.0 0.01016262173652649 0.0 -0.5455219149589539 
3443 18.513068675994873 -0.005663756164023651 -0.08855140020733274 0.0 0.01016262173652649 0.0 -0.5462889075279236 
3444 18.518322944641113 -0.005663756164023651 -0.0886377824920932 0.0 0.01016262173652649 0.0 -0.5468641519546509 
3445 18.523603200912476 -0.005663756164023651 -0.08872416477685369 0.0 0.01016262173652649 0.0 -0.5468641519546509 
3446 18.528850078582764 -0.005663756164023651 -0.0929347619790355 0.0 0.010354369878768921 0.0 -0.5482063889503479 
3447 18.534148454666138 -0.005663756164023651 -0.10347785732743836 0.0 0.010929610580205917 0.0 -0.5487816333770752 
3448 18.5395827293396 -0.005663756164023651 -0.11019099675526416 0.0 0.011504855006933212 0.0 -0.5493568778038025 
3449 18.54486632347107 -0.005663756164023651 -0.13340576805209314 0.0 0.012847088277339935 0.0 -0.5506990551948547 
3450 18.55013918876648 -0.005663756164023651 -0.13246520022524094 0.0 0.013422328978776932 0.0 -0.551274299621582 
3451 18.55557894706726 -0.005663756164023651 -0.1391995277594546 0.0 0.013997573405504227 0.0 -0.5516577959060669 
3452 18.560959815979004 -0.005663756164023651 -0.14593870761839245 0.0 0.014572817832231522 0.0 -0.5522330403327942 
3453 18.56629991531372 -0.005663756164023651 -0.1526826969295511 0.0 0.015148058533668518 0.0 -0.552616536617279 
3454 18.57158923149109 -0.005663756164023651 -0.15530747824756003 0.0 0.015531554818153381 0.0 -0.5530000329017639 
3455 18.576861143112183 -0.005663756164023651 -0.1639770982455233 0.0 0.016106795519590378 0.0 -0.5533835291862488 
3456 18.582160711288452 -0.005663756164023651 -0.17073424374533389 0.0 0.016682039946317673 0.0 -0.5535752773284912 
3457 18.587456464767456 -0.005663756164023651 -0.17337202665244733 0.0 0.017065536230802536 0.0 -0.5537670254707336 
3458 18.59268093109131 -0.005663756164023651 -0.18205468549241816 0.0 0.017640776932239532 0.0 -0.5541505217552185 
3459 18.59799861907959 -0.005663756164023651 -0.18882486983423624 0.0 0.018216021358966827 0.0 -0.5541505217552185 
3460 18.60323190689087 -0.005663756164023651 -0.19559982637537215 0.0 0.018791262060403824 0.0 -0.5543422698974609 
3461 18.60855531692505 -0.005663756164023651 -0.206504004758201 0.0 0.01955825462937355 0.0 -0.5543422698974609 
3462 18.61385989189148 -0.005663756164023651 -0.21137288885971103 0.0 0.020133495330810547 0.0 -0.5543422698974609 
3463 18.619168043136597 -0.005663756164023651 -0.218164261307917 0.0 0.020708739757537842 0.0 -0.5543422698974609 
3464 18.624408960342407 -0.005663756164023651 -0.22496048608084712 0.0 0.021283984184265137 0.0 -0.5543422698974609 
3465 18.629700660705566 -0.005663756164023651 -0.22763730538857674 0.0 0.0216674767434597 0.0 -0.5543422698974609 
3466 18.63493800163269 -0.005663756164023651 -0.22398655334895048 0.0 0.0216674767434597 0.0 -0.5543422698974609 
3467 18.64028310775757 -0.005663756164023651 -0.2241707269012699 0.0 0.0216674767434597 0.0 -0.5543422698974609 
3468 18.645689725875854 -0.005663756164023651 -0.216106550744153 0.0 0.021283984184265137 0.0 -0.5539587736129761 
3469 18.65103769302368 -0.005663756164023651 -0.21599817528424356 0.0 0.021092236042022705 0.0 -0.5537670254707336 
3470 18.656269550323486 0.1881737039515283 -0.21397072579560375 0.0 0.020900487899780273 -0.0090121328830719 -0.5535752773284912 
3471 18.661813735961914 0.10225319316773676 -0.2160658613651762 0.0 0.020900487899780273 -0.009203881025314331 -0.5535752773284912 
3472 18.66712474822998 0.10866237456887029 -0.21624351551232432 0.0 0.020900487899780273 -0.009587377309799194 -0.5533835291862488 
3473 18.67247986793518 0.10903311934857629 -0.21642116965947245 0.0 0.020900487899780273 -0.009779125452041626 -0.5531917810440063 
3474 18.677790641784668 0.11544719032733701 -0.2165988238066206 0.0 0.020900487899780273 -0.01016262173652649 -0.5530000329017639 
3475 18.683053731918335 0.11994703960209153 -0.20852804811892603 0.0 0.02051699161529541 -0.010546118021011353 -0.5528082847595215 
3476 18.688364028930664 0.12445014859526418 -0.20841319047508333 0.0 0.02032524347305298 -0.010929614305496216 -0.552616536617279 
3477 18.693652629852295 0.12895651730685495 -0.20637922154960728 0.0 0.020133495330810547 -0.011313110589981079 -0.5524247884750366 
3478 18.698928117752075 0.12521771590202116 -0.20434370289032852 0.0 0.019941750913858414 -0.011313110589981079 -0.5522330403327942 
3479 18.704346179962158 0.12118966242461465 -0.2023064370251963 0.0 0.019750002771615982 -0.011121362447738647 -0.5520412921905518 
3480 18.709668397903442 0.11495324559300207 -0.200267578553758 0.0 0.01955825462937355 -0.010737866163253784 -0.5518495440483093 
3481 18.71512198448181 0.11063105046539567 -0.19822709022311066 0.0 0.01936650648713112 -0.010354369878768921 -0.5516577959060669 
3482 18.72045588493347 0.0898087359496858 -0.18381240740639662 0.0 0.01859951764345169 -0.009203881025314331 -0.5510825514793396 
3483 18.725754261016846 -0.09656981756002642 -0.1792677469908962 0.0 0.018024273216724396 0.0 -0.5508908033370972 
3484 18.730971097946167 -0.004531007306883111 -0.16867661803623235 0.0 0.017257284373044968 0.0 -0.5506990551948547 
3485 18.73623299598694 -0.004531007306883111 -0.15999633372051214 0.0 0.01649029180407524 0.0 -0.5505073070526123 
3486 18.741491079330444 -0.004531007306883111 -0.14718543242884374 0.0 0.015531554818153381 0.0 -0.5503155589103699 
3487 18.746764659881592 -0.004531007306883111 -0.13215961112489497 0.0 0.01438106968998909 0.0 -0.5501238703727722 
3488 18.752007961273193 -0.004531007306883111 -0.11904149211978113 0.0 0.013230584561824799 0.0 -0.5499321222305298 
3489 18.757364988327026 -0.004531007306883111 -0.10591351386567151 0.0 0.012080095708370209 0.0 -0.5497403740882874 
3490 18.762627840042114 -0.004531007306883111 -0.09690008875203823 0.0 0.011121358722448349 0.0 -0.5493568778038025 
3491 18.76843786239624 -0.004531007306883111 -0.08596099569869732 0.0 0.01016262173652649 0.0 -0.5491651296615601 
3492 18.773807287216187 -0.004531007306883111 -0.07088953846355472 0.0 0.009012136608362198 0.0 -0.5489733815193176 
3493 18.779146909713745 -0.004531007306883111 0.11136654733458962 0.0 0.0 0.0 -0.5487816333770752 
3494 18.7844021320343 -0.004531007306883111 0.02124518125096763 0.0 0.0 0.0 -0.5485898852348328 
3495 18.78968858718872 -0.004531007306883111 0.02124518125096763 0.0 0.0 0.0 -0.5482063889503479 
3496 18.794982433319092 -0.004531007306883111 0.02124518125096763 0.0 0.0 0.0 -0.5480146408081055 
3497 18.800292253494263 -0.004531007306883111 0.02124518125096763 0.0 0.0 0.0 -0.547822892665863 
3498 18.805607557296753 -0.004531007306883111 0.02124518125096763 0.0 0.0 0.0 -0.5472476482391357 
3499 18.810996532440186 -0.004531007306883111 0.02124518125096763 0.0 0.0 0.0 -0.5472476482391357 
3500 18.820178031921387 -0.004531007306883111 0.02124518125096763 0.0 0.0 0.0 -0.5466724038124084 
3501 18.826138496398926 -0.004531007306883111 0.02124518125096763 0.0 0.0 0.0 -0.546480655670166 
3502 18.831462144851685 -0.004531007306883111 -0.1808407888248334 0.0 0.009395632892847061 0.0 -0.5462889075279236 
3503 18.836787223815918 -0.004531007306883111 -0.0993368874028096 0.0 0.009970873594284058 0.0 -0.5460971593856812 
3504 18.842076301574707 -0.004531007306883111 -0.10604187756625508 0.0 0.010546118021011353 0.0 -0.5460971593856812 
3505 18.847315073013306 -0.004531007306883111 -0.11275163992901838 0.0 0.011121358722448349 0.0 -0.5460971593856812 
3506 18.85255718231201 -0.004531007306883111 -0.1153421942986319 0.0 0.011504855006933212 0.0 -0.5460971593856812 
3507 18.857850551605225 -0.004531007306883111 -0.11985345255618488 0.0 0.011888351291418076 0.0 -0.5460971593856812 
3508 18.863135814666748 -0.004531007306883111 -0.1243678904067496 0.0 0.01227184385061264 0.0 -0.5460971593856812 
3509 18.86857509613037 -0.004531007306883111 -0.12888570532237684 0.0 0.012655340135097504 0.0 -0.5460971593856812 
3510 18.873886346817017 -0.004531007306883111 -0.1334067427035192 0.0 0.013038836419582367 0.0 -0.5460971593856812 
3511 18.879236936569214 -0.004531007306883111 -0.12968260996823705 0.0 0.013038836419582367 0.0 -0.5460971593856812 
3512 18.88458561897278 -0.004531007306883111 -0.14629021962208247 0.0 0.013805825263261795 0.0 -0.546480655670166 
3513 18.88993763923645 -0.004531007306883111 -0.14286189561744725 0.0 0.013997573405504227 0.0 -0.546480655670166 
3514 18.895183086395264 -0.004531007306883111 -0.1410633935689697 0.0 0.013997573405504227 0.0 -0.546480655670166 
3515 18.900432348251343 -0.004531007306883111 -0.14118237294291652 0.0 0.013997573405504227 0.0 -0.546480655670166 
3516 18.905728816986084 -0.004531007306883111 -0.1413013523168633 0.0 0.013997573405504227 0.0 -0.546480655670166 
3517 18.9109787940979 -0.004531007306883111 -0.14142033169081009 0.0 0.013997573405504227 0.0 -0.5462889075279236 
3518 18.916570901870728 -0.004531007306883111 -0.14153931106475687 0.0 0.013997573405504227 0.0 -0.5460971593856812 
3519 18.922286987304688 -0.004531007306883111 -0.13753407552128233 0.0 0.013805825263261795 0.0 -0.5459054112434387 
3520 18.927560091018677 -0.004531007306883111 -0.135444691541023 0.0 0.013614077121019363 0.0 -0.5455219149589539 
3521 18.933008909225464 -0.004531007306883111 -0.13335367770155465 0.0 0.013422328978776932 0.0 -0.5453301668167114 
3522 18.938289165496826 -0.004531007306883111 -0.13126111412828362 0.0 0.013230584561824799 0.0 -0.5449466705322266 
3523 18.94361639022827 -0.004531007306883111 -0.12916680334915911 0.0 0.013038836419582367 0.0 -0.5443714261054993 
3524 18.948863983154297 -0.004531007306883111 -0.12707089996372856 0.0 0.012847088277339935 0.0 -0.543796181678772 
3525 18.95411252975464 -0.004531007306883111 -0.12084915180166757 0.0 0.012463591992855072 0.0 -0.5434126853942871 
3526 18.959353923797607 -0.004531007306883111 -0.12479005517845547 0.0 0.012463591992855072 0.0 -0.5434126853942871 
3527 18.96469020843506 -0.004531007306883111 -0.1207717807929734 0.0 0.01227184385061264 0.0 -0.5420704483985901 
3528 18.97017502784729 -0.004531007306883111 -0.11866935797070659 0.0 0.012080095708370209 0.0 -0.5414952039718628 
3529 18.975579738616943 -0.004531007306883111 -0.1165653854146371 0.0 0.011888351291418076 0.0 -0.5407282114028931 
3530 18.980953216552734 -0.004531007306883111 -0.1103354507352928 0.0 0.011504855006933212 0.0 -0.539385974407196 
3531 18.98629641532898 -0.004531007306883111 -0.11014398993027902 0.0 0.01131310686469078 0.0 -0.5384272336959839 
3532 18.991600036621094 -0.004531007306883111 -0.10803341784363187 0.0 0.011121358722448349 0.0 -0.5376602411270142 
3533 18.996910572052002 -0.004531007306883111 -0.10179708110576069 0.0 0.010737866163253784 0.0 -0.5368932485580444 
3534 19.00215458869934 -0.004531007306883111 -0.10159906364267265 0.0 0.010546118021011353 0.0 -0.5361262559890747 
3535 19.007381916046143 -0.004531007306883111 -0.09948197215085423 0.0 0.010354369878768921 0.0 -0.535359263420105 
3536 19.01262092590332 -0.004531007306883111 -0.0932390358824054 0.0 0.009970873594284058 0.0 -0.5345922708511353 
3537 19.017841577529907 -0.004531007306883111 -0.0930345362353841 0.0 0.009779125452041626 0.0 -0.5338252782821655 
3538 19.0231351852417 -0.004531007306883111 -0.09091092530672944 0.0 0.009587377309799194 0.0 -0.5330582857131958 
3539 19.028437614440918 -0.004531007306883111 -0.0887857646442721 0.0 0.009395632892847061 0.0 -0.5324830412864685 
3540 19.033676385879517 -0.004531007306883111 -0.08665885677596127 0.0 0.00920388475060463 0.0 -0.5317160487174988 
3541 19.039196014404297 -0.004531007306883111 -0.08865457121876574 0.0 0.00920388475060463 0.0 -0.5317160487174988 
3542 19.04456853866577 -0.004531007306883111 -0.08873280423914587 0.0 0.00920388475060463 0.0 -0.5303738117218018 
3543 19.050148487091064 -0.004531007306883111 -0.08881103725952602 0.0 0.00920388475060463 0.0 -0.5297985672950745 
3544 19.05556082725525 -0.004531007306883111 -0.08476505536248481 0.0 0.009012136608362198 0.0 -0.5294150710105896 
3545 19.060882806777954 -0.004531007306883111 -0.09088335486350155 0.0 0.00920388475060463 0.0 -0.5282646417617798 
3546 19.06617259979248 -0.004531007306883111 -0.08491989154403604 0.0 0.009012136608362198 0.0 -0.5278811454772949 
3547 19.07145643234253 -0.004531007306883111 -0.08278976121021009 0.0 0.008820388466119766 0.0 -0.5273059010505676 
3548 19.07676339149475 -0.004531007306883111 0.10493110938894057 0.0 0.0 0.0 -0.5269224047660828 
3549 19.08200716972351 -0.004531007306883111 0.01672722472774291 0.0 0.0 0.0 -0.5265389084815979 
3550 19.08737564086914 -0.004531007306883111 0.01672722472774291 0.0 0.0 0.0 -0.526155412197113 
3551 19.093528985977173 -0.004531007306883111 0.01672722472774291 0.0 0.0 0.0 -0.5257719159126282 
3552 19.098925590515137 -0.004531007306883111 0.01672722472774291 0.0 0.0 0.0 -0.5253884196281433 
3553 19.10424828529358 -0.004531007306883111 0.01672722472774291 0.0 0.0 0.0 -0.5251966714859009 
3554 19.109617471694946 -0.004531007306883111 0.01672722472774291 0.0 0.0 0.0 -0.524813175201416 
3555 19.114920139312744 -0.004531007306883111 0.01672722472774291 0.0 0.0 0.0 -0.5246214270591736 
3556 19.12015962600708 -0.004531007306883111 0.01672722472774291 0.0 0.0 0.0 -0.5244296789169312 
3557 19.125460624694824 -0.004531007306883111 0.01672722472774291 0.0 0.0 0.0 -0.5244296789169312 
3558 19.130715131759644 -0.004531007306883111 0.01672722472774291 0.0 0.0 0.0 -0.5244296789169312 
3559 19.135915517807007 -0.004531007306883111 0.01672722472774291 0.0 0.0 0.0 -0.5244296789169312 
3560 19.14123296737671 -0.004531007306883111 -0.18123453043063675 0.0 0.00920388475060463 0.0 -0.5244296789169312 
3561 19.146599054336548 -0.004531007306883111 -0.09339813086239195 0.0 0.009395632892847061 0.0 -0.5246214270591736 
3562 19.153080224990845 -0.004531007306883111 -0.09156051231955684 0.0 0.009395632892847061 0.0 -0.5246214270591736 
3563 19.1590793132782 -0.004531007306883111 -0.10401293982600367 0.0 0.009970873594284058 0.0 -0.5250049233436584 
3564 19.164618253707886 -0.004531007306883111 -0.10246950015460646 0.0 0.01016262173652649 0.0 -0.5251966714859009 
3565 19.170226573944092 -0.004531007306883111 -0.10476261593436396 0.0 0.010354369878768921 0.0 -0.5255801677703857 
3566 19.17567777633667 -0.004531007306883111 -0.10705736157333053 0.0 0.010546118021011353 0.0 -0.5255801677703857 
3567 19.181254148483276 -0.004531007306883111 -0.10522952215408479 0.0 0.010546118021011353 0.0 -0.5257719159126282 
3568 19.18654489517212 -0.004531007306883111 -0.10531916415726339 0.0 0.010546118021011353 0.0 -0.5259636640548706 
3569 19.191828966140747 -0.004531007306883111 -0.10128459124302065 0.0 0.010354369878768921 0.0 -0.5259636640548706 
3570 19.19708752632141 -0.004531007306883111 -0.09916586989199316 0.0 0.01016262173652649 0.0 -0.5259636640548706 
3571 19.20251774787903 -0.004531007306883111 -0.09704551868175662 0.0 0.009970873594284058 0.0 -0.5259636640548706 
3572 19.20786762237549 -0.004531007306883111 -0.09904775252973234 0.0 0.009970873594284058 0.0 -0.5257719159126282 
3573 19.21321964263916 -0.004531007306883111 -0.09913250495528377 0.0 0.009970873594284058 0.0 -0.5255801677703857 
3574 19.21847915649414 -0.004531007306883111 -0.09921725738083517 0.0 0.009970873594284058 0.0 -0.5255801677703857 
3575 19.22385025024414 -0.004531007306883111 -0.09930200980638659 0.0 0.009970873594284058 0.0 -0.5251966714859009 
3576 19.22935914993286 -0.004531007306883111 -0.09526254731451667 0.0 0.009779125452041626 0.0 -0.5250049233436584 
3577 19.234875202178955 -0.004531007306883111 -0.09313893638586199 0.0 0.009587377309799194 0.0 -0.5246214270591736 
3578 19.240240335464478 -0.004531007306883111 -0.08688956080598331 0.0 0.00920388475060463 0.0 -0.5244296789169312 
3579 19.24547290802002 -0.004531007306883111 -0.08255428958346642 0.0 0.008820388466119766 0.0 -0.5240461826324463 
3580 19.25071358680725 -0.004531007306883111 0.10324909959325992 0.0 0.0 0.0 -0.5236626863479614 
3581 19.256130933761597 -0.004531007306883111 0.015045214932062267 0.0 0.0 0.0 -0.5230874419212341 
3582 19.261398315429688 -0.004531007306883111 0.015045214932062267 0.0 0.0 0.0 -0.5228956937789917 
3583 19.26673650741577 -0.004531007306883111 0.015045214932062267 0.0 0.0 0.0 -0.5225121974945068 
3584 19.272027492523193 -0.004531007306883111 0.015045214932062267 0.0 0.0 0.0 -0.5223204493522644 
3585 19.27731990814209 -0.004531007306883111 0.015045214932062267 0.0 0.0 0.0 -0.5223204493522644 
3586 19.282633304595947 -0.004531007306883111 0.015045214932062267 0.0 0.0 0.0 -0.5217452049255371 
3587 19.28801679611206 -0.004531007306883111 0.015045214932062267 0.0 0.0 0.0 -0.5215534567832947 
3588 19.293449640274048 -0.004531007306883111 0.015045214932062267 0.0 0.0 0.0 -0.5213617086410522 
3589 19.298741340637207 0.18930645280866884 0.015045214932062267 0.0 0.0 -0.0090121328830719 -0.5211699604988098 
3590 19.3040189743042 0.10338594202487729 0.015045214932062267 0.0 0.0 -0.009203881025314331 -0.5211699604988098 
3591 19.309407949447632 0.10979512342601083 0.015045214932062267 0.0 0.0 -0.009587377309799194 -0.5211699604988098 
3592 19.314713716506958 0.11016586820571683 0.015045214932062267 0.0 0.0 -0.009779125452041626 -0.5211699604988098 
3593 19.320047855377197 0.11245572426705622 0.015045214932062267 0.0 0.0 -0.009970873594284058 -0.5211699604988098 
3594 19.325336456298828 0.11887142510502599 0.015045214932062267 0.0 0.0 -0.010354369878768921 -0.5211699604988098 
3595 19.330617427825928 0.12337290423898958 0.015045214932062267 0.0 0.0 -0.010737866163253784 -0.5213617086410522 
3596 19.335935592651367 0.12787764309137128 0.015045214932062267 0.0 0.0 -0.011121362447738647 -0.5219369530677795 
3597 19.341174364089966 0.12826142674474977 0.015045214932062267 0.0 0.0 -0.011313110589981079 -0.5223204493522644 
3598 19.346506118774414 0.1264401067623403 0.015045214932062267 0.0 0.0 -0.011313110589981079 -0.5223204493522644 
3599 19.351993560791016 0.13066048311977646 0.015045214932062267 0.0 0.0 -0.01150485873222351 -0.5230874419212341 
3600 19.3575496673584 0.12884079299657605 0.015045214932062267 0.0 0.0 -0.01150485873222351 -0.5230874419212341 
3601 19.363643884658813 0.13306263896240852 0.015045214932062267 0.0 0.0 -0.011696599423885345 -0.5240461826324463 
3602 19.368988037109375 0.13536886805831455 0.015045214932062267 0.0 0.0 -0.011888347566127777 -0.5246214270591736 
3603 19.374317407608032 0.12942822267278098 0.015045214932062267 0.0 0.0 -0.011696599423885345 -0.5250049233436584 
3604 19.379597663879395 0.12732107052369976 0.015045214932062267 0.0 0.0 -0.01150485873222351 -0.5253884196281433 
3605 19.384952068328857 0.12521205382212064 0.015045214932062267 0.0 0.0 -0.011313110589981079 -0.5257719159126282 
3606 19.390201091766357 0.11897726684971713 0.015045214932062267 0.0 0.0 -0.010929614305496216 -0.5259636640548706 
3607 19.395453691482544 0.11053248666389845 0.015045214932062267 0.0 0.0 -0.010354369878768921 -0.526155412197113 
3608 19.40070390701294 0.09987608340545558 0.015045214932062267 0.0 0.0 -0.009587377309799194 -0.5263471603393555 
3609 19.40601921081543 -0.09858260306552984 0.015045214932062267 0.0 0.0 0.0 -0.5265389084815979 
3610 19.41124939918518 -0.0027088299675378943 0.015045214932062267 0.0 0.0 0.0 -0.5265389084815979 
3611 19.417316675186157 -0.0027088299675378943 0.015045214932062267 0.0 0.0 0.0 -0.5263471603393555 
3612 19.42269539833069 -0.0027088299675378943 0.015045214932062267 0.0 0.0 0.0 -0.5263471603393555 
3613 19.428088903427124 -0.0027088299675378943 0.015045214932062267 0.0 0.0 0.0 -0.5263471603393555 
3614 19.43339705467224 -0.0027088299675378943 0.015045214932062267 0.0 0.0 0.0 -0.526155412197113 
3615 19.438660860061646 -0.0027088299675378943 0.015045214932062267 0.0 0.0 0.0 -0.526155412197113 
3616 19.44395089149475 -0.0027088299675378943 0.015045214932062267 0.0 0.0 0.0 -0.5255801677703857 
3617 19.44920301437378 -0.0027088299675378943 0.015045214932062267 0.0 0.0 0.0 -0.5251966714859009 
3618 19.454508543014526 -0.0027088299675378943 0.015045214932062267 0.0 0.0 0.0 -0.524813175201416 
3619 19.45977473258972 -0.0027088299675378943 0.015045214932062267 0.0 0.0 0.0 -0.5246214270591736 
3620 19.46506381034851 -0.0027088299675378943 0.015045214932062267 0.0 0.0 0.0 -0.5242379307746887 
3621 19.47091841697693 -0.0027088299675378943 0.015045214932062267 0.0 0.0 0.0 -0.5238544344902039 
3622 19.47627091407776 -0.0027088299675378943 0.015045214932062267 0.0 0.0 0.0 -0.5236626863479614 
3623 19.48169732093811 -0.0027088299675378943 0.015045214932062267 0.0 0.0 0.0 -0.5228956937789917 
3624 19.487008094787598 -0.0027088299675378943 0.015045214932062267 0.0 0.0 0.0 -0.5227039456367493 
3625 19.492326259613037 -0.0027088299675378943 0.015045214932062267 0.0 0.0 0.0 -0.5225121974945068 
3626 19.4975483417511 -0.0027088299675378943 0.015045214932062267 0.0 0.0 0.0 -0.5223204493522644 
3627 19.50276207923889 -0.0027088299675378943 0.015045214932062267 0.0 0.0 0.0 -0.5223204493522644 
3628 19.508018732070923 -0.0027088299675378943 0.015045214932062267 0.0 0.0 0.0 -0.522128701210022 
3629 19.51324224472046 -0.0027088299675378943 0.015045214932062267 0.0 0.0 0.0 -0.5219369530677795 
3630 19.518468379974365 -0.0027088299675378943 0.015045214932062267 0.0 0.0 0.0 -0.5219369530677795 
3631 19.52387237548828 -0.0027088299675378943 0.015045214932062267 0.0 0.0 0.0 -0.5219369530677795 
3632 19.5291588306427 -0.0027088299675378943 0.015045214932062267 0.0 0.0 0.0 -0.5219369530677795 
3633 19.53450107574463 -0.0027088299675378943 0.015045214932062267 0.0 0.0 0.0 -0.5219369530677795 
3634 19.539785623550415 0.1952528450654354 0.015045214932062267 0.0 0.0 -0.009203881025314331 -0.522128701210022 
3635 19.54514741897583 0.11154069763584994 0.015045214932062267 0.0 0.0 -0.009587377309799194 -0.522128701210022 
3636 19.55036425590515 0.11191144241555594 0.015045214932062267 0.0 0.0 -0.009779125452041626 -0.5223204493522644 
3637 19.555606603622437 0.11832551339431666 0.015045214932062267 0.0 0.0 -0.01016262173652649 -0.5223204493522644 
3638 19.560842514038086 0.12282536266907118 0.015045214932062267 0.0 0.0 -0.010546118021011353 -0.5223204493522644 
3639 19.56611943244934 0.13145268657966516 0.015045214932062267 0.0 0.0 -0.011121362447738647 -0.5225121974945068 
3640 19.571340084075928 0.125794773893198 0.015045214932062267 0.0 0.0 -0.011121362447738647 -0.5225121974945068 
3641 19.57761025428772 0.14651021981029771 0.015045214932062267 0.0 0.0 -0.012080095708370209 -0.5225121974945068 
3642 19.583001852035522 0.14527399785234593 0.015045214932062267 0.0 0.0 -0.012463591992855072 -0.5225121974945068 
3643 19.588412523269653 0.14979340537427924 0.015045214932062267 0.0 0.0 -0.012847088277339935 -0.5225121974945068 
3644 19.593719720840454 0.146067642779788 0.015045214932062267 0.0 0.0 -0.012847088277339935 -0.5225121974945068 
3645 19.598984718322754 0.1461768430301454 0.015045214932062267 0.0 0.0 -0.012847088277339935 -0.5225121974945068 
3646 19.604348182678223 0.1504102581979241 0.015045214932062267 0.0 0.0 -0.013038836419582367 -0.5225121974945068 
3647 19.60957932472229 0.14447939196764492 0.015045214932062267 0.0 0.0 -0.012847088277339935 -0.5225121974945068 
3648 19.61479616165161 0.1423818587230053 0.015045214932062267 0.0 0.0 -0.012655340135097504 -0.5223204493522644 
3649 19.62004041671753 0.13615848070173525 0.015045214932062267 0.0 0.0 -0.01227184385061264 -0.5223204493522644 
3650 19.625264644622803 0.1318493243844714 0.015045214932062267 0.0 0.0 -0.011888347566127777 -0.522128701210022 
3651 19.63076424598694 0.12341285368218086 0.015045214932062267 0.0 0.0 -0.011313110589981079 -0.5219369530677795 
3652 19.636070013046265 0.11688874013139866 0.015045214932062267 0.0 0.0 -0.010737866163253784 -0.5219369530677795 
3653 19.641620874404907 0.09798716675653123 0.015045214932062267 0.0 0.0 -0.009587377309799194 -0.5215534567832947 
3654 19.64686393737793 0.0972009032459464 0.015045214932062267 0.0 0.0 -0.0090121328830719 -0.5213617086410522 
3655 19.652143478393555 -0.0908075094728265 0.015045214932062267 0.0 0.0 0.0 -0.5211699604988098 
3656 19.65738081932068 -0.0006861806421075008 0.21300705021584831 0.0 -0.009203888475894928 0.0 -0.520786464214325 
3657 19.66272234916687 -0.0006861806421075008 0.13754309792781674 0.0 -0.009970873594284058 0.0 -0.5205947160720825 
3658 19.667989015579224 -0.0006861806421075008 0.14645485883916223 0.0 -0.010737866163253784 0.0 -0.5204029679298401 
3659 19.673232078552246 -0.0006861806421075008 0.155373064681538 0.0 -0.01150485873222351 0.0 -0.5200194716453552 
3660 19.678459882736206 -0.0006861806421075008 0.14780093029106461 0.0 -0.01150485873222351 0.0 -0.5200194716453552 
3661 19.683921098709106 -0.0006861806421075008 0.1808922806788465 0.0 -0.013038836419582367 0.0 -0.5194442272186279 
3662 19.689201831817627 -0.0006861806421075008 0.18628440850193106 0.0 -0.013997577130794525 0.0 -0.5190607309341431 
3663 19.69457507133484 -0.0006861806421075008 0.1933128404651066 0.0 -0.014764569699764252 0.0 -0.5188689827919006 
3664 19.69982886314392 -0.0006861806421075008 0.19401668320188725 0.0 -0.015148058533668518 0.0 -0.5184854865074158 
3665 19.70509696006775 -0.0006861806421075008 0.19855898319522344 0.0 -0.015531554818153381 0.0 -0.5182937383651733 
3666 19.7103750705719 -0.0006861806421075008 0.19485603856632913 0.0 -0.015531554818153381 0.0 -0.5181019902229309 
3667 19.715786457061768 -0.0006861806421075008 0.19498805678228343 0.0 -0.015531554818153381 0.0 -0.5181019902229309 
3668 19.721086978912354 -0.0006861806421075008 0.1909958600808164 0.0 -0.01533980667591095 0.0 -0.5181019902229309 
3669 19.726361989974976 -0.0006861806421075008 0.18479546027595603 0.0 -0.014956317842006683 0.0 -0.5181019902229309 
3670 19.73162579536438 -0.0006861806421075008 0.18875747731665576 0.0 -0.014956317842006683 0.0 -0.5181019902229309 
3671 19.737456560134888 -0.0006861806421075008 0.1765119612660488 0.0 -0.014381073415279388 0.0 -0.5186772346496582 
3672 19.74278497695923 -0.0006861806421075008 0.17413821482250894 0.0 -0.013997577130794525 0.0 -0.5190607309341431 
3673 19.74808144569397 -0.0006861806421075008 0.16984372723812663 0.0 -0.013614080846309662 0.0 -0.5196359753608704 
3674 19.753313541412354 -0.0006861806421075008 0.16967019485274756 0.0 -0.01342233270406723 0.0 -0.5200194716453552 
3675 19.75854229927063 -0.0006861806421075008 0.17170176610315646 0.0 -0.01342233270406723 0.0 -0.5200194716453552 
3676 19.763822078704834 -0.0006861806421075008 0.15531899626145565 0.0 -0.012655340135097504 0.0 -0.520786464214325 
3677 19.76923966407776 0.19727549439086578 0.15072400784085 0.0 -0.012080103158950806 -0.009203881025314331 -0.5211699604988098 
3678 19.774633169174194 0.11768756187870168 0.1400821988094827 0.0 -0.011313110589981079 -0.009779125452041626 -0.5217452049255371 
3679 19.779895544052124 0.1243908849300351 0.13135142626950944 0.0 -0.010546118021011353 -0.010354369878768921 -0.522128701210022 
3680 19.78511357307434 0.1310990975589957 0.12673834921012128 0.0 -0.009970873594284058 -0.010929614305496216 -0.5225121974945068 
3681 19.790460109710693 0.13368798484816216 0.1202030614014944 0.0 -0.00939563661813736 -0.011313110589981079 -0.5230874419212341 
3682 19.795867204666138 0.14644588286220095 -0.07605075612699186 0.0 0.0 -0.012080095708370209 -0.5236626863479614 
3683 19.80124545097351 0.15125135724409483 0.01790561005438173 0.0 0.0 -0.012655340135097504 -0.5242379307746887 
3684 19.80657458305359 0.1744759877899196 0.01790561005438173 0.0 0.0 -0.013997577130794525 -0.5251966714859009 
3685 19.811821460723877 0.1735450817400124 0.01790561005438173 0.0 0.0 -0.014572814106941223 -0.5255801677703857 
3686 19.81707501411438 0.1679165808984544 0.01790561005438173 0.0 0.0 -0.014572814106941223 -0.5259636640548706 
3687 19.822386264801025 0.1680404498183634 0.01790561005438173 0.0 0.0 -0.014572814106941223 -0.5263471603393555 
3688 19.82778000831604 0.16404010382085107 0.01790561005438173 0.0 0.0 -0.014381065964698792 -0.5265389084815979 
3689 19.8331139087677 0.15783155471994542 0.01790561005438173 0.0 0.0 -0.013997577130794525 -0.5267306566238403 
3690 19.83837580680847 0.16178542246459984 0.01790561005438173 0.0 0.0 -0.013997577130794525 -0.5267306566238403 
3691 19.84378218650818 0.1412833272831049 0.01790561005438173 0.0 0.0 -0.013038836419582367 -0.5271141529083252 
3692 19.849057912826538 0.14273313466995025 0.01790561005438173 0.0 0.0 -0.012655340135097504 -0.5271141529083252 
3693 19.854370594024658 0.1466756679059472 0.01790561005438173 0.0 0.0 -0.012655340135097504 -0.5269224047660828 
3694 19.85960602760315 0.14678323829709553 0.20761901550332512 0.0 -0.008820392191410065 -0.012655340135097504 -0.5267306566238403 
3695 19.86483669281006 0.14689080868824386 0.1277384967576941 0.0 -0.009203888475894928 -0.012655340135097504 -0.5267306566238403 
3696 19.870070695877075 0.14699837907939217 0.13635441171715462 0.0 -0.009779132902622223 -0.012655340135097504 -0.5267306566238403 
3697 19.875351190567017 0.14298173455311916 0.14718178949842656 0.0 -0.010546118021011353 -0.012463591992855072 -0.5265389084815979 
3698 19.880592346191406 0.12850829683779738 0.16022265490482057 0.0 -0.01150485873222351 -0.011696599423885345 -0.5263471603393555 
3699 19.88586187362671 0.11978094420372509 0.17135411367902958 0.0 -0.012463599443435669 -0.010929614305496216 -0.526155412197113 
3700 19.892045736312866 0.0863015479349997 0.20311463608557784 0.0 -0.014381073415279388 -0.0090121328830719 -0.5257719159126282 
3701 19.898371696472168 -0.08828449482680298 0.20055883491004312 0.0 -0.015148058533668518 0.0 -0.5255801677703857 
3702 19.903772830963135 0.0018368340039160106 0.2012661720585307 0.0 -0.015531554818153381 0.0 -0.5253884196281433 
3703 19.909090280532837 0.0018368340039160106 0.2016874423470577 0.0 -0.015723302960395813 0.0 -0.5250049233436584 
3704 19.914357900619507 0.0018368340039160106 0.19990360899979676 0.0 -0.015723302960395813 0.0 -0.524813175201416 
3705 19.91961121559143 0.0018368340039160106 0.20003725707496012 0.0 -0.015723302960395813 0.0 -0.524813175201416 
3706 19.924864530563354 0.0018368340039160106 0.19192247531528078 0.0 -0.01533980667591095 0.0 -0.5242379307746887 
3707 19.930083990097046 0.0018368340039160106 0.19176361159945332 0.0 -0.015148058533668518 0.0 -0.5240461826324463 
3708 19.935353755950928 0.0018368340039160106 0.19380985151941382 0.0 -0.015148058533668518 0.0 -0.5240461826324463 
3709 19.940622568130493 0.0018368340039160106 0.18156612551549875 0.0 -0.01457282155752182 0.0 -0.5236626863479614 
3710 19.945975303649902 0.0018368340039160106 0.179193934425362 0.0 -0.014189325273036957 0.0 -0.523470938205719 
3711 19.951902627944946 0.0018368340039160106 0.1707768617827674 0.0 -0.013614080846309662 0.0 -0.523470938205719 
3712 19.95729088783264 0.0018368340039160106 0.17252081081981266 0.0 -0.01342233270406723 0.0 -0.523470938205719 
3713 19.962589740753174 0.0018368340039160106 0.17455238207022153 0.0 -0.01342233270406723 0.0 -0.5236626863479614 
3714 19.967844009399414 0.0018368340039160106 0.17054225698078476 0.0 -0.013230584561824799 0.0 -0.5236626863479614 
3715 19.973084926605225 0.0018368340039160106 0.1725721983719846 0.0 -0.013230584561824799 0.0 -0.5238544344902039 
3716 19.97831153869629 0.0018368340039160106 0.16856044342333876 0.0 -0.013038836419582367 0.0 -0.5242379307746887 
3717 19.98354458808899 0.0018368340039160106 0.17058875495532955 0.0 -0.013038836419582367 0.0 -0.5242379307746887 
3718 19.988821983337402 0.0018368340039160106 0.16657537014747464 0.0 -0.012847088277339935 0.0 -0.5244296789169312 
3719 19.994081020355225 0.0018368340039160106 0.16035378223622643 0.0 -0.012463599443435669 0.0 -0.5246214270591736 
3720 19.999531030654907 0.0018368340039160106 0.1642946111705383 0.0 -0.012463599443435669 0.0 -0.5246214270591736 
3721 20.005016088485718 0.19567429411946796 0.14790369209612214 0.0 -0.011696606874465942 -0.0090121328830719 -0.5250049233436584 
3722 20.01032328605652 0.1180022131705191 0.1474246091094097 0.0 -0.011313110589981079 -0.009587377309799194 -0.5251966714859009 
3723 20.015702486038208 0.12882812128006482 0.13898308864200914 0.0 -0.010737866163253784 -0.010354369878768921 -0.5253884196281433 
3724 20.020970106124878 0.12949463756917975 0.13657837493682706 0.0 -0.010354369878768921 -0.010737866163253784 -0.5257719159126282 
3725 20.02619481086731 0.13399937642156146 0.13225292009080256 0.0 -0.009970873594284058 -0.011121362447738647 -0.526155412197113 
3726 20.03158974647522 0.1385073749923613 0.12792436577717267 0.0 -0.009587384760379791 -0.01150485873222351 -0.5263471603393555 
3727 20.03689932823181 0.1471426879481878 0.13596496180409992 0.0 -0.009779132902622223 -0.012080095708370209 -0.5265389084815979 
3728 20.042219638824463 0.17036250342219136 0.13000638809392656 0.0 -0.009587384760379791 -0.01342233270406723 -0.5269224047660828 
3729 20.047466039657593 0.16942686804546975 0.1320053622868141 0.0 -0.009587384760379791 -0.013997577130794525 -0.5273059010505676 
3730 20.052747011184692 0.16379340318380856 0.13208685505727732 0.0 -0.009587384760379791 -0.013997577130794525 -0.5274976491928101 
3731 20.05823016166687 0.15978816767199897 0.13216834782774056 0.0 -0.009587384760379791 -0.013805828988552094 -0.5274976491928101 
3732 20.063552618026733 0.1535745688059833 0.13224984059820377 0.0 -0.009587384760379791 -0.01342233270406723 -0.5276893973350525 
3733 20.068870067596436 0.14515097672655247 0.132331333368667 0.0 -0.009587384760379791 -0.012847088277339935 -0.5276893973350525 
3734 20.074090480804443 0.14276419140934013 0.13241282613913025 0.0 -0.009587384760379791 -0.012463591992855072 -0.5276893973350525 
3735 20.07932448387146 0.14670509478612803 0.13249431890959348 0.0 -0.009587384760379791 -0.012463591992855072 -0.5276893973350525 
3736 20.084569454193115 0.12206590606435203 0.12432738184521402 0.0 -0.009203888475894928 -0.011313110589981079 -0.5278811454772949 
3737 20.089865684509277 0.11717002186342143 0.11999214790726508 0.0 -0.008820392191410065 -0.010546118021011353 -0.5278811454772949 
3738 20.095085859298706 0.10843272988661193 -0.06581132136320268 0.0 0.0 -0.009779125452041626 -0.5276893973350525 
3739 20.100345134735107 -0.09414854164258576 0.022392600550897965 0.0 0.0 0.0 -0.5274976491928101 
3740 20.105711221694946 0.003642712877830491 0.022392600550897965 0.0 0.0 0.0 -0.5274976491928101 
3741 20.111122131347656 0.003642712877830491 0.022392600550897965 0.0 0.0 0.0 -0.5273059010505676 
3742 20.116495847702026 0.003642712877830491 0.022392600550897965 0.0 0.0 0.0 -0.5271141529083252 
3743 20.121899127960205 0.003642712877830491 0.022392600550897965 0.0 0.0 0.0 -0.5265389084815979 
3744 20.127206325531006 0.003642712877830491 0.022392600550897965 0.0 0.0 0.0 -0.5263471603393555 
3745 20.132456064224243 0.003642712877830491 0.022392600550897965 0.0 0.0 0.0 -0.5259636640548706 
3746 20.137678384780884 0.003642712877830491 0.21623022091726268 0.0 -0.009012140333652496 0.0 -0.5257719159126282 
3747 20.142900943756104 0.003642712877830491 0.1385580655258378 0.0 -0.009587384760379791 0.0 -0.5253884196281433 
3748 20.148128509521484 0.003642712877830491 0.14938381344790067 0.0 -0.010354369878768921 0.0 -0.5251966714859009 
3749 20.153340339660645 0.003642712877830491 0.1624230489950856 0.0 -0.011313110589981079 0.0 -0.524813175201416 
3750 20.1585795879364 0.003642712877830491 0.15293180332297887 0.0 -0.011313110589981079 0.0 -0.524813175201416 
3751 20.16408681869507 0.003642712877830491 0.190145738768973 0.0 -0.013038836419582367 0.0 -0.5242379307746887 
3752 20.169448852539062 0.003642712877830491 0.19774460008705463 0.0 -0.014189325273036957 0.0 -0.5240461826324463 
3753 20.174823999404907 0.003642712877830491 0.2069812351536235 0.0 -0.015148058533668518 0.0 -0.5238544344902039 
3754 20.180252075195312 0.003642712877830491 0.2140195207145294 0.0 -0.015915051102638245 0.0 -0.5236626863479614 
3755 20.185584783554077 0.003642712877830491 0.22298173262888993 0.0 -0.01668204367160797 0.0 -0.523470938205719 
3756 20.190831422805786 0.003642712877830491 0.22782624906266535 0.0 -0.017257288098335266 0.0 -0.5232791900634766 
3757 20.196090936660767 0.003642712877830491 0.2263447066616496 0.0 -0.017449036240577698 0.0 -0.523470938205719 
3758 20.201399564743042 0.20572860282822514 0.2245755420472702 0.0 -0.017449036240577698 -0.009395629167556763 -0.523470938205719 
3759 20.207226991653442 0.1407216784225311 0.2247238588553151 0.0 -0.017449036240577698 -0.010737866163253784 -0.523470938205719 
3760 20.212546825408936 0.13976322508021258 0.22899639058078136 0.0 -0.01764078438282013 -0.011313110589981079 -0.5236626863479614 
3761 20.217955350875854 0.14647942675440573 0.227228855825611 0.0 -0.01764078438282013 -0.011888347566127777 -0.5238544344902039 
3762 20.223228216171265 0.15320075269951486 0.22325458757544364 0.0 -0.017449036240577698 -0.012463591992855072 -0.5240461826324463 
3763 20.228561878204346 0.16405110863386654 0.22119617088849153 0.0 -0.017257288098335266 -0.013230584561824799 -0.5242379307746887 
3764 20.233808755874634 0.1688662876652088 0.2232603392597517 0.0 -0.017257288098335266 -0.013805828988552094 -0.5244296789169312 
3765 20.239097118377686 0.16323119294433855 0.22340702620858754 0.0 -0.017257288098335266 -0.013805828988552094 -0.5244296789169312 
3766 20.244502305984497 0.1757210269921925 0.2153052833225807 0.0 -0.016873791813850403 -0.014381065964698792 -0.5250049233436584 
3767 20.249783515930176 0.16596684162481687 0.21103524356300438 0.0 -0.01649029552936554 -0.014189325273036957 -0.5253884196281433 
3768 20.25503396987915 0.15563221305399202 0.2108861590024313 0.0 -0.016298547387123108 -0.013614080846309662 -0.5255801677703857 
3769 20.26030945777893 0.14087930242135188 0.20469374824280345 0.0 -0.015915051102638245 -0.012655340135097504 -0.5259636640548706 
3770 20.265557527542114 0.1299532053375151 0.1962913442697605 0.0 -0.01533980667591095 -0.011696599423885345 -0.526155412197113 
3771 20.270965576171875 0.11901911920844577 0.18980169239232744 0.0 -0.014764569699764252 -0.010737866163253784 -0.5265389084815979 
3772 20.276315927505493 0.103952434172621 0.18330691624397838 0.0 -0.014189325273036957 -0.009587377309799194 -0.5269224047660828 
3773 20.28165030479431 -0.09067128945351578 0.17680732502380814 0.0 -0.013614080846309662 0.0 -0.5273059010505676 
3774 20.28695845603943 0.00520248364447616 0.15380614480713808 0.0 -0.012271851301193237 0.0 -0.5276893973350525 
3775 20.292237997055054 0.00520248364447616 0.15083589132467712 0.0 -0.01150485873222351 0.0 -0.5278811454772949 
3776 20.297477960586548 0.00520248364447616 0.14210674864391293 0.0 -0.010737866163253784 0.0 -0.5278811454772949 
3777 20.302802801132202 0.00520248364447616 0.1333710865263125 0.0 -0.009970873594284058 0.0 -0.5278811454772949 
3778 20.308290004730225 0.00520248364447616 0.12462906522268857 0.0 -0.009203888475894928 0.0 -0.5280728936195374 
3779 20.31359338760376 0.00520248364447616 -0.06558468582516108 0.0 0.0 0.0 -0.5280728936195374 
3780 20.318843364715576 0.00520248364447616 0.02645419893378819 0.0 0.0 0.0 -0.5280728936195374 
3781 20.324240684509277 0.00520248364447616 0.02645419893378819 0.0 0.0 0.0 -0.5280728936195374 
3782 20.329548597335815 0.00520248364447616 0.02645419893378819 0.0 0.0 0.0 -0.5278811454772949 
3783 20.334853410720825 0.00520248364447616 0.02645419893378819 0.0 0.0 0.0 -0.5276893973350525 
3784 20.340117931365967 0.00520248364447616 0.02645419893378819 0.0 0.0 0.0 -0.5274976491928101 
3785 20.345375299453735 0.00520248364447616 0.02645419893378819 0.0 0.0 0.0 -0.5271141529083252 
3786 20.35073971748352 0.00520248364447616 0.02645419893378819 0.0 0.0 0.0 -0.5267306566238403 
3787 20.35609531402588 0.00520248364447616 0.02645419893378819 0.0 0.0 0.0 -0.526155412197113 
3788 20.361354112625122 0.00520248364447616 0.02645419893378819 0.0 0.0 0.0 -0.5255801677703857 
3789 20.366666793823242 0.00520248364447616 0.02645419893378819 0.0 0.0 0.0 -0.5242379307746887 
3790 20.37191867828369 0.00520248364447616 0.02645419893378819 0.0 0.0 0.0 -0.5242379307746887 
3791 20.377275705337524 0.00520248364447616 0.02645419893378819 0.0 0.0 0.0 -0.5227039456367493 
3792 20.382553577423096 0.00520248364447616 0.02645419893378819 0.0 0.0 0.0 -0.5219369530677795 
3793 20.387869358062744 0.00520248364447616 0.02645419893378819 0.0 0.0 0.0 -0.5211699604988098 
3794 20.393115997314453 0.00520248364447616 0.02645419893378819 0.0 0.0 0.0 -0.5202112197875977 
3795 20.3983736038208 0.00520248364447616 0.02645419893378819 0.0 0.0 0.0 -0.5202112197875977 
3796 20.403639793395996 0.00520248364447616 0.2285402491349956 0.0 -0.00939563661813736 0.0 -0.5184854865074158 
3797 20.40887951850891 0.00520248364447616 0.1552846602011701 0.0 -0.010354369878768921 0.0 -0.5175267457962036 
3798 20.41424584388733 0.00520248364447616 0.17053062924335205 0.0 -0.01150485873222351 0.0 -0.5165680050849915 
3799 20.419511556625366 0.00520248364447616 0.18386866126174534 0.0 -0.012655340135097504 0.0 -0.5158010125160217 
3800 20.4247407913208 0.00520248364447616 0.19309249221126046 0.0 -0.013614080846309662 0.0 -0.5148422718048096 
3801 20.430145740509033 0.00520248364447616 0.20836609429086053 0.0 -0.014764569699764252 0.0 -0.5140752792358398 
3802 20.435603380203247 0.00520248364447616 0.21760761893505656 0.0 -0.015723302960395813 0.0 -0.5133082866668701 
3803 20.44105839729309 0.00520248364447616 0.22877500899101103 0.0 -0.01668204367160797 0.0 -0.5125412940979004 
3804 20.44659161567688 0.00520248364447616 0.2399504738372048 0.0 -0.01764078438282013 0.0 -0.5117743015289307 
3805 20.452051639556885 0.00520248364447616 0.24700971281120981 0.0 -0.01840776950120926 0.0 -0.5111990571022034 
3806 20.457330226898193 0.00520248364447616 0.2683658320900282 0.0 -0.01975000649690628 0.0 -0.5100485682487488 
3807 20.462559700012207 0.00520248364447616 0.26335976702312436 0.0 -0.020133502781391144 0.0 -0.5094733238220215 
3808 20.467817544937134 0.00520248364447616 0.2720684234533688 0.0 -0.020708739757537842 0.0 -0.5090898275375366 
3809 20.473041772842407 0.00520248364447616 0.27474050781468357 0.0 -0.021092236042022705 0.0 -0.5088980793952942 
3810 20.47829794883728 0.00520248364447616 0.2710848289761921 0.0 -0.021092236042022705 0.0 -0.5088980793952942 
3811 20.48369026184082 0.00520248364447616 0.28776097265223466 0.0 -0.02185922861099243 0.0 -0.5083228349685669 
3812 20.48899531364441 0.00520248364447616 0.2885252802405735 0.0 -0.022242724895477295 0.0 -0.5083228349685669 
3813 20.494301557540894 0.00520248364447616 0.2931278103921791 0.0 -0.022626221179962158 0.0 -0.5083228349685669 
3814 20.499590158462524 0.00520248364447616 0.29360938534478154 0.0 -0.02281796932220459 0.0 -0.5083228349685669 
3815 20.504950284957886 0.00520248364447616 0.29601007157901726 0.0 -0.02300971746444702 0.0 -0.5083228349685669 
3816 20.51020860671997 0.00520248364447616 0.29428817275504077 0.0 -0.02300971746444702 0.0 -0.5083228349685669 
3817 20.515701055526733 0.00520248364447616 0.2862353255186459 0.0 -0.022626221179962158 0.0 -0.5083228349685669 
3818 20.520975351333618 0.00520248364447616 0.2737657515738388 0.0 -0.02185922861099243 0.0 -0.5083228349685669 
3819 20.526201009750366 0.00520248364447616 0.26512462103704415 0.0 -0.021092236042022705 0.0 -0.5085145831108093 
3820 20.531432151794434 0.00520248364447616 0.2606011859808346 0.0 -0.02051699161529541 0.0 -0.5085145831108093 
3821 20.536816120147705 0.00520248364447616 0.25003132525796495 0.0 -0.01975000649690628 0.0 -0.5087063312530518 
3822 20.542436361312866 0.00520248364447616 0.23724797690997326 0.0 -0.018791265785694122 0.0 -0.5087063312530518 
3823 20.54780411720276 0.00520248364447616 0.23462246502900921 0.0 -0.018216021358966827 0.0 -0.5087063312530518 
3824 20.553056716918945 0.00520248364447616 0.23640553056041205 0.0 -0.018024273216724396 0.0 -0.5087063312530518 
3825 20.55837845802307 0.00520248364447616 0.2343520033877572 0.0 -0.017832525074481964 0.0 -0.5087063312530518 
3826 20.56369400024414 0.00520248364447616 0.22817279168928467 0.0 -0.017449036240577698 0.0 -0.5085145831108093 
3827 20.568964958190918 0.00520248364447616 0.2280317819189509 0.0 -0.017257288098335266 0.0 -0.5085145831108093 
3828 20.574186325073242 0.00520248364447616 0.21772330553794705 0.0 -0.01668204367160797 0.0 -0.5083228349685669 
3829 20.579396963119507 0.00520248364447616 0.2071206875067433 0.0 -0.015915051102638245 0.0 -0.5083228349685669 
3830 20.584627628326416 0.00520248364447616 0.19842903146112764 0.0 -0.015148058533668518 0.0 -0.5081310868263245 
3831 20.590383768081665 0.00520248364447616 0.18560680131206714 0.0 -0.014189325273036957 0.0 -0.507939338684082 
3832 20.59575843811035 0.00520248364447616 0.17056945367867551 0.0 -0.013038836419582367 0.0 -0.5077476501464844 
3833 20.601099252700806 0.1990399437600281 0.1574400430690726 0.0 -0.011888355016708374 -0.0090121328830719 -0.5075559020042419 
3834 20.60636019706726 0.11311943297623657 0.1443006186109265 0.0 -0.010737866163253784 -0.009203881025314331 -0.5073641538619995 
3835 20.611642360687256 0.11540439945994876 0.13115164975414478 0.0 -0.009587384760379791 -0.009395629167556763 -0.5071724057197571 
3836 20.61707592010498 0.11356678088544868 -0.0634723085652808 0.0 0.0 -0.009395629167556763 -0.5069806575775146 
3837 20.62244176864624 0.11777085865079426 0.032401539038517106 0.0 0.0 -0.009587377309799194 -0.5065971612930298 
3838 20.627737998962402 0.12005908485292457 0.032401539038517106 0.0 0.0 -0.009779125452041626 -0.5064054131507874 
3839 20.632949829101562 0.11822472599684261 0.032401539038517106 0.0 0.0 -0.009779125452041626 -0.5062136650085449 
3840 20.638176202774048 0.11418363364576362 0.032401539038517106 0.0 0.0 -0.009587377309799194 -0.5060219168663025 
3841 20.644171476364136 0.10793417794047855 0.032401539038517106 0.0 0.0 -0.009203881025314331 -0.5058301687240601 
3842 20.649555206298828 -0.08611430125893094 0.032401539038517106 0.0 0.0 0.0 -0.5058301687240601 
3843 20.65484881401062 0.0059245089942123715 0.032401539038517106 0.0 0.0 0.0 -0.5056384205818176 
3844 20.660129070281982 0.0059245089942123715 0.032401539038517106 0.0 0.0 0.0 -0.5056384205818176 
3845 20.66537117958069 0.0059245089942123715 0.032401539038517106 0.0 0.0 0.0 -0.5054466724395752 
3846 20.6707124710083 0.0059245089942123715 0.032401539038517106 0.0 0.0 0.0 -0.5054466724395752 
3847 20.67598295211792 0.0059245089942123715 0.032401539038517106 0.0 0.0 0.0 -0.5054466724395752 
3848 20.681222677230835 0.0059245089942123715 0.23448758923972451 0.0 -0.00939563661813736 0.0 -0.5054466724395752 
3849 20.686463832855225 0.0059245089942123715 0.16123200030589901 0.0 -0.010354369878768921 0.0 -0.5052549242973328 
3850 20.691688537597656 0.21213461386202834 0.176477969348081 0.0 -0.01150485873222351 -0.009587377309799194 -0.5052549242973328 
3851 20.69761824607849 0.15346026772796176 0.2145612908710023 0.0 -0.013805828988552094 -0.011313110589981079 -0.5052549242973328 
3852 20.70299005508423 0.15279579578503036 0.21641422735864724 0.0 -0.014956317842006683 -0.012080095708370209 -0.5054466724395752 
3853 20.708301305770874 0.1658497000017669 0.22978159677947366 0.0 -0.016106799244880676 -0.013038836419582367 -0.5054466724395752 
3854 20.713550090789795 0.15637312299921177 0.2184136905443152 0.0 -0.016106799244880676 -0.013038836419582367 -0.5054466724395752 
3855 20.71891140937805 0.1894775121973362 0.27216523201356135 0.0 -0.01859951764345169 -0.014572814106941223 -0.5058301687240601 
3856 20.7242329120636 0.19488267883076332 0.2721414334323486 0.0 -0.01975000649690628 -0.015531554818153381 -0.5060219168663025 
3857 20.72946262359619 0.2101725794391241 0.2855495492067417 0.0 -0.020900487899780273 -0.01668204367160797 -0.5062136650085449 
3858 20.734668493270874 0.21530618769465945 0.2948434639122566 0.0 -0.02185922861099243 -0.0174490287899971 -0.5064054131507874 
3859 20.739891290664673 0.22428151292516849 0.3060629348304351 0.0 -0.02281796932220459 -0.018216021358966827 -0.5065971612930298 
3860 20.745094060897827 0.22913906816928648 0.30904196495900355 0.0 -0.023393206298351288 -0.018791265785694122 -0.5067889094352722 
3861 20.7510507106781 0.23591899441345596 0.3158610822033366 0.0 -0.023968450725078583 -0.019366510212421417 -0.5067889094352722 
3862 20.756436824798584 0.23033116548298857 0.3103123697672268 0.0 -0.023968450725078583 -0.019366510212421417 -0.5067889094352722 
3863 20.761765003204346 0.23874405040382407 0.31876453143323263 0.0 -0.024351947009563446 -0.019749999046325684 -0.5067889094352722 
3864 20.767048597335815 0.24332546689151785 0.33575763472507203 0.0 -0.025310687720775604 -0.020133495330810547 -0.5064054131507874 
3865 20.772371768951416 0.2479100685918238 0.33875785296002825 0.0 -0.025885924696922302 -0.02051699161529541 -0.5060219168663025 
3866 20.777692794799805 0.2607463598453905 0.35384658814559183 0.0 -0.02684466540813446 -0.021283984184265137 -0.5050631761550903 
3867 20.782984018325806 0.26562999277352356 0.34861157560686074 0.0 -0.027036413550376892 -0.02185922861099243 -0.504487931728363 
3868 20.788212299346924 0.26831170165888035 0.35929654845187864 0.0 -0.027611657977104187 -0.022242721170186996 -0.5041044354438782 
3869 20.793420791625977 0.2646658391968813 0.35377880327741107 0.0 -0.027611657977104187 -0.022242721170186996 -0.5041044354438782 
3870 20.79864239692688 0.2689791172442492 0.37875863162393175 0.0 -0.02876213937997818 -0.022434469312429428 -0.5029539465904236 
3871 20.804582118988037 0.26725232881098054 0.3798709405321857 0.0 -0.029337383806705475 -0.022434469312429428 -0.5023787021636963 
3872 20.809957265853882 0.26331880688271486 0.3826162938621124 0.0 -0.029720880091190338 -0.022242721170186996 -0.501803457736969 
3873 20.81525158882141 0.2613012166430708 0.3790339584980389 0.0 -0.029720880091190338 -0.022050976753234863 -0.5010364651679993 
3874 20.820529460906982 0.2634060941149946 0.38341080089623536 0.0 -0.02991262823343277 -0.022050976753234863 -0.5002694725990295 
3875 20.825921058654785 0.2635935274173971 0.37762336189637385 0.0 -0.029720880091190338 -0.022050976753234863 -0.49969422817230225 
3876 20.83128547668457 0.2637809607197996 0.37566925588215194 0.0 -0.029529131948947906 -0.022050976753234863 -0.4989272356033325 
3877 20.83661937713623 0.2639683940222021 0.3778377349261423 0.0 -0.029529131948947906 -0.022050976753234863 -0.4989272356033325 
3878 20.84186363220215 0.2682799621166196 0.3450951734591504 0.0 -0.02799515426158905 -0.022242721170186996 -0.49777674674987793 
3879 20.847131490707397 0.2706757959944662 0.30705827546829784 0.0 -0.025502435863018036 -0.022434469312429428 -0.49662625789642334 
3880 20.85236144065857 0.2689490075611975 0.33220223015884365 0.0 -0.025502435863018036 -0.022434469312429428 -0.49662625789642334 
3881 20.858289003372192 0.25676713592349554 0.26230750751832926 0.0 -0.022242724895477295 -0.02185922861099243 -0.4952840209007263 
3882 20.863690853118896 0.2503327016287949 0.2538516914319476 0.0 -0.020325250923633575 -0.021283984184265137 -0.4945170283317566 
3883 20.86905860900879 0.2356449851745274 0.2278328316916009 0.0 -0.018216021358966827 -0.02032524347305298 -0.49375003576278687 
3884 20.87436556816101 0.2165358126850333 0.20783797459641895 0.0 -0.016298547387123108 -0.018983013927936554 -0.49317479133605957 
3885 20.879682540893555 0.19300152949779295 0.18178504812682472 0.0 -0.014189325273036957 -0.01725728064775467 -0.49240779876708984 
3886 20.884994983673096 0.16503934534429573 0.15763167469168507 0.0 -0.012080103158950806 -0.015148058533668518 -0.49183255434036255 
3887 20.890411138534546 0.12852147638960743 0.13346021261776292 0.0 -0.009970873594284058 -0.012463591992855072 -0.49125730991363525 
3888 20.895745754241943 0.0936090188191738 -0.059821274012676846 0.0 0.0 -0.009587377309799194 -0.4908738136291504 
3889 20.901012182235718 -0.0837574465109501 0.03988746193016373 0.0 0.0 0.0 -0.4904903173446655 
3890 20.90628457069397 0.012116326587041837 0.03988746193016373 0.0 0.0 0.0 -0.49010682106018066 
3891 20.912030458450317 0.012116326587041837 0.03988746193016373 0.0 0.0 0.0 -0.4897233247756958 
3892 20.917378664016724 0.012116326587041837 0.03988746193016373 0.0 0.0 0.0 -0.48933982849121094 
3893 20.922685861587524 0.012116326587041837 0.03988746193016373 0.0 0.0 0.0 -0.4891480803489685 
3894 20.92799139022827 -0.19821799319819547 -0.1539500783107946 0.0 0.009012136608362198 0.009779125452041626 -0.4889563322067261 
3895 20.933261156082153 -0.14175201041833496 -0.08865052476746536 0.0 0.01016262173652649 0.011696606874465942 -0.48876458406448364 
3896 20.93848729133606 -0.15979439135850407 -0.0937288353148619 0.0 0.010929610580205917 0.01342233270406723 -0.4885728359222412 
3897 20.94374918937683 -0.17564478197903372 -0.09440027840284206 0.0 0.01131310686469078 0.014956310391426086 -0.48818933963775635 
3898 20.949090003967285 -0.18930163816572168 -0.09890990680118597 0.0 0.011696603149175644 0.016298547387123108 -0.4874223470687866 
3899 20.954368591308594 -0.20076309536607004 -0.10342271479254164 0.0 0.012080095708370209 0.017449036240577698 -0.48703885078430176 
3900 20.959611415863037 -0.20177900814102032 -0.11618732968380249 0.0 0.012847088277339935 0.018024273216724396 -0.4866553544998169 
3901 20.965054512023926 -0.19617984470189548 -0.12099916887132026 0.0 0.013422328978776932 0.018024273216724396 -0.48646366596221924 
3902 20.97036623954773 -0.1839605665227864 -0.12360928148811258 0.0 0.013805825263261795 0.017449036240577698 -0.4860801696777344 
3903 20.975674629211426 -0.1609917486703489 -0.11164323832315899 0.0 0.013422328978776932 0.016106799244880676 -0.4856966733932495 
3904 20.98097515106201 -0.1374332524149213 -0.09909551142004824 0.0 0.012655340135097504 0.014381073415279388 -0.48531317710876465 
3905 20.986207962036133 -0.11357060066075064 -0.08625197578629054 0.0 0.011696603149175644 0.012463591992855072 -0.4849296808242798 
3906 20.99149799346924 -0.08336093665868975 -0.06706934247573412 0.0 0.010354369878768921 0.01016262173652649 -0.48473793268203735 
3907 20.99680471420288 -0.10645702150673605 -0.0805796873237709 0.0 0.010354369878768921 0.01016262173652649 -0.48473793268203735 
3908 21.002217769622803 0.11203934582858346 0.1420392650697609 0.0 0.0 0.0 -0.48416268825531006 
3909 21.007519006729126 0.01041312846331857 0.038495566282071694 0.0 0.0 0.0 -0.4839709401130676 
3910 21.012758255004883 0.01041312846331857 0.038495566282071694 0.0 0.0 0.0 -0.4839709401130676 
3911 21.01816487312317 0.01041312846331857 0.038495566282071694 0.0 0.0 0.0 -0.4837791919708252 
3912 21.02352237701416 0.01041312846331857 0.038495566282071694 0.0 0.0 0.0 -0.4837791919708252 
3913 21.028921604156494 0.01041312846331857 0.038495566282071694 0.0 0.0 0.0 -0.4839709401130676 
3914 21.034221410751343 0.01041312846331857 0.038495566282071694 0.0 0.0 0.0 -0.4839709401130676 
3915 21.039491415023804 0.01041312846331857 0.038495566282071694 0.0 0.0 0.0 -0.4839709401130676 
3916 21.044787168502808 0.01041312846331857 0.038495566282071694 0.0 0.0 0.0 -0.4839709401130676 
3917 21.050028562545776 0.01041312846331857 0.038495566282071694 0.0 0.0 0.0 -0.48416268825531006 
3918 21.055267572402954 0.20837480349629187 0.038495566282071694 0.0 0.0 -0.009203881025314331 -0.4843544363975525 
3919 21.060581922531128 0.12878687098412775 0.038495566282071694 0.0 0.0 -0.009779125452041626 -0.4843544363975525 
3920 21.0658175945282 0.13136597911803982 0.038495566282071694 0.0 0.0 -0.01016262173652649 -0.4845461845397949 
3921 21.071205854415894 0.1399900433102157 0.038495566282071694 0.0 0.0 -0.010737866163253784 -0.48473793268203735 
3922 21.076514959335327 0.1343288709053304 0.038495566282071694 0.0 0.0 -0.010737866163253784 -0.48473793268203735 
3923 21.081896543502808 0.16741370185627602 0.038495566282071694 0.0 0.0 -0.01227184385061264 -0.4849296808242798 
3924 21.087291955947876 0.16867509532510302 0.038495566282071694 0.0 0.0 -0.013038836419582367 -0.4849296808242798 
3925 21.09255599975586 0.18173707433207892 0.038495566282071694 0.0 0.0 -0.013997577130794525 -0.4849296808242798 
3926 21.097892999649048 0.19701377587928437 0.038495566282071694 0.0 0.0 -0.015148058533668518 -0.48473793268203735 
3927 21.103155851364136 0.19801036510034464 0.038495566282071694 0.0 0.0 -0.015723302960395813 -0.48473793268203735 
3928 21.108417749404907 0.20476421366049907 0.22820897173101506 0.0 -0.008820392191410065 -0.016298547387123108 -0.4845461845397949 
3929 21.11378312110901 0.1991503070460167 0.1400800231505414 0.0 -0.008820392191410065 -0.016298547387123108 -0.4845461845397949 
3930 21.11904263496399 0.23228240378736517 0.16490012573788368 0.0 -0.009970873594284058 -0.017832525074481964 -0.48416268825531006 
3931 21.124436616897583 0.24183949288143777 0.16172849396953784 0.0 -0.010354369878768921 -0.018983013927936554 -0.4839709401130676 
3932 21.129727840423584 0.2552410892189946 0.16622997310350143 0.0 -0.010737866163253784 -0.020133495330810547 -0.4837791919708252 
3933 21.1350839138031 0.2562800546528306 0.1666104970384618 0.0 -0.010929614305496216 -0.020708739757537842 -0.48339569568634033 
3934 21.140336513519287 0.24657941975607536 0.16891013225505552 0.0 -0.011121362447738647 -0.02051699161529541 -0.48301219940185547 
3935 21.14557409286499 0.22805022102012298 0.167087182413437 0.0 -0.011121362447738647 -0.019558250904083252 -0.4824369549751282 
3936 21.150794982910156 0.20893452909379265 0.16718171399424278 0.0 -0.011121362447738647 -0.018216021358966827 -0.48166996240615845 
3937 21.15609359741211 0.22251166072650813 0.16727624557504855 0.0 -0.011121362447738647 -0.018216021358966827 -0.48166996240615845 
3938 21.16135287284851 0.14430657372786662 0.16324656223843298 0.0 -0.010929614305496216 -0.014572814106941223 -0.4803277254104614 
3939 21.166714906692505 0.14374474116205238 0.16525694538245403 0.0 -0.010929614305496216 -0.012847088277339935 -0.47994422912597656 
3940 21.17207431793213 0.1281176406198647 0.1488529874343654 0.0 -0.01016262173652649 -0.011313110589981079 -0.4795607328414917 
3941 21.177600383758545 0.11468407451151871 0.1359883810725292 0.0 -0.009203888475894928 -0.009970873594284058 -0.4789854884147644 
3942 21.182998657226562 -0.08626733780861832 -0.05230788855289615 0.0 0.0 0.0 -0.4778349995613098 
3943 21.188347101211548 0.013441398134222253 0.03973099620605313 0.0 0.0 0.0 -0.4772597551345825 
3944 21.193603038787842 0.013441398134222253 0.03973099620605313 0.0 0.0 0.0 -0.47687625885009766 
3945 21.1988685131073 0.013441398134222253 0.03973099620605313 0.0 0.0 0.0 -0.47630101442337036 
3946 21.2041654586792 0.013441398134222253 0.03973099620605313 0.0 0.0 0.0 -0.47572576999664307 
3947 21.2094624042511 0.013441398134222253 0.03973099620605313 0.0 0.0 0.0 -0.4753422737121582 
3948 21.214710235595703 0.013441398134222253 0.03973099620605313 0.0 0.0 0.0 -0.4747670292854309 
3949 21.220027923583984 0.013441398134222253 0.03973099620605313 0.0 0.0 0.0 -0.47438353300094604 
3950 21.225425243377686 0.013441398134222253 -0.17885175341402687 0.0 0.01016262173652649 0.0 -0.47380828857421875 
3951 21.230887174606323 0.013441398134222253 -0.10618134263006544 0.0 0.011504855006933212 0.0 -0.47323304414749146 
3952 21.236360788345337 0.013441398134222253 -0.09285680119355715 0.0 0.011504855006933212 0.0 -0.47323304414749146 
3953 21.24175453186035 0.013441398134222253 -0.11769980184023773 0.0 0.012655340135097504 0.0 -0.47208255529403687 
3954 21.2470440864563 0.013441398134222253 -0.1104267358671645 0.0 0.012847088277339935 0.0 -0.471699059009552 
3955 21.252337217330933 0.013441398134222253 -0.10449423977767622 0.0 0.012655340135097504 0.0 -0.47131556272506714 
3956 21.257609844207764 0.013441398134222253 -0.10239507667382752 0.0 0.012463591992855072 0.0 -0.47074031829833984 
3957 21.262905597686768 0.013441398134222253 -0.09204593400133348 0.0 0.011888351291418076 0.0 -0.47016507387161255 
3958 21.268169164657593 0.013441398134222253 -0.08965096216683782 0.0 0.011504855006933212 0.0 -0.4692063331604004 
3959 21.2735698223114 0.013441398134222253 -0.08945950136182404 0.0 0.01131310686469078 0.0 -0.4688228368759155 
3960 21.278862476348877 0.013441398134222253 -0.08322471435775554 0.0 0.010929610580205917 0.0 -0.4686310887336731 
3961 21.284443855285645 0.013441398134222253 -0.08302844410052096 0.0 0.010737866163253784 0.0 -0.46824759244918823 
3962 21.28972554206848 0.013441398134222253 -0.08503716013242996 0.0 0.010737866163253784 0.0 -0.46824759244918823 
3963 21.29502582550049 0.013441398134222253 -0.08512843199481762 0.0 0.010737866163253784 0.0 -0.46786409616470337 
3964 21.30030107498169 0.013441398134222253 -0.08521970385720527 0.0 0.010737866163253784 0.0 -0.46767234802246094 
3965 21.305516719818115 0.013441398134222253 -0.08118676080217159 0.0 0.010546118021011353 0.0 -0.4672888517379761 
3966 21.310759782791138 0.013441398134222253 -0.07906966931035317 0.0 0.010354369878768921 0.0 -0.4669053554534912 
3967 21.316009521484375 0.013441398134222253 -0.08107516287674701 0.0 0.010354369878768921 0.0 -0.4669053554534912 
3968 21.321288108825684 0.013441398134222253 -0.06466631535103119 0.0 0.009587377309799194 0.0 -0.4663301110267639 
3969 21.32658863067627 0.013441398134222253 -0.06416938403842545 0.0 0.00920388475060463 0.0 -0.46594661474227905 
3970 21.331961154937744 0.013441398134222253 -0.0639583277333299 0.0 0.009012136608362198 0.0 -0.4657548666000366 
3971 21.3375723361969 0.013441398134222253 0.12788512792403303 0.0 0.0 0.0 -0.46537142992019653 
3972 21.342934370040894 0.013441398134222253 0.03776376184041106 0.0 0.0 0.0 -0.46479618549346924 
3973 21.348305463790894 0.013441398134222253 0.03776376184041106 0.0 0.0 0.0 -0.4640291929244995 
3974 21.353585958480835 0.013441398134222253 0.03776376184041106 0.0 0.0 0.0 -0.4640291929244995 
3975 21.35881018638611 0.013441398134222253 0.03776376184041106 0.0 0.0 0.0 -0.4632622003555298 
3976 21.364078998565674 0.013441398134222253 0.03776376184041106 0.0 0.0 0.0 -0.4628787040710449 
3977 21.369331121444702 0.013441398134222253 0.03776376184041106 0.0 0.0 0.0 -0.46249520778656006 
3978 21.37454628944397 0.013441398134222253 0.03776376184041106 0.0 0.0 0.0 -0.4621117115020752 
3979 21.379814386367798 0.013441398134222253 0.03776376184041106 0.0 0.0 0.0 -0.46191996335983276 
3980 21.385029554367065 0.013441398134222253 0.03776376184041106 0.0 0.0 0.0 -0.4615364670753479 
3981 21.39042854309082 0.013441398134222253 0.03776376184041106 0.0 0.0 0.0 -0.46134471893310547 
3982 21.395732641220093 0.013441398134222253 0.03776376184041106 0.0 0.0 0.0 -0.46134471893310547 
3983 21.401066303253174 0.013441398134222253 0.03776376184041106 0.0 0.0 0.0 -0.4609612226486206 
3984 21.406314849853516 0.013441398134222253 0.03776376184041106 0.0 0.0 0.0 -0.4609612226486206 
3985 21.41155982017517 0.013441398134222253 0.03776376184041106 0.0 0.0 0.0 -0.4607694745063782 
3986 21.41682457923889 0.013441398134222253 0.03776376184041106 0.0 0.0 0.0 -0.4607694745063782 
3987 21.42207932472229 0.013441398134222253 0.03776376184041106 0.0 0.0 0.0 -0.4607694745063782 
3988 21.42732810974121 0.013441398134222253 0.03776376184041106 0.0 0.0 0.0 -0.4607694745063782 
3989 21.43263268470764 0.013441398134222253 0.03776376184041106 0.0 0.0 0.0 -0.4609612226486206 
3990 21.437877893447876 0.013441398134222253 0.03776376184041106 0.0 0.0 0.0 -0.4609612226486206 
3991 21.44353461265564 0.013441398134222253 0.03776376184041106 0.0 0.0 0.0 -0.46115297079086304 
3992 21.448841094970703 0.013441398134222253 0.03776376184041106 0.0 0.0 0.0 -0.46134471893310547 
3993 21.454139232635498 0.013441398134222253 0.03776376184041106 0.0 0.0 0.0 -0.4615364670753479 
3994 21.459405183792114 0.013441398134222253 0.03776376184041106 0.0 0.0 0.0 -0.46191996335983276 
3995 21.464775800704956 0.013441398134222253 0.03776376184041106 0.0 0.0 0.0 -0.4621117115020752 
3996 21.470396757125854 0.013441398134222253 0.03776376184041106 0.0 0.0 0.0 -0.46249520778656006 
3997 21.475837230682373 0.013441398134222253 0.03776376184041106 0.0 0.0 0.0 -0.46249520778656006 
3998 21.482428789138794 0.013441398134222253 0.03776376184041106 0.0 0.0 0.0 -0.4628787040710449 
3999 21.487903594970703 0.013441398134222253 0.03776376184041106 0.0 0.0 0.0 -0.4632622003555298 
4000 21.493391752243042 0.013441398134222253 0.03776376184041106 0.0 0.0 0.0 -0.4634539484977722 
4001 21.499531745910645 0.013441398134222253 0.03776376184041106 0.0 0.0 0.0 -0.4638374447822571 
4002 21.50496196746826 0.013441398134222253 0.03776376184041106 0.0 0.0 0.0 -0.4640291929244995 
4003 21.510432720184326 0.013441398134222253 0.03776376184041106 0.0 0.0 0.0 -0.46422094106674194 
4004 21.515953063964844 0.013441398134222253 0.03776376184041106 0.0 0.0 0.0 -0.46422094106674194 
4005 21.521382808685303 0.013441398134222253 0.03776376184041106 0.0 0.0 0.0 -0.4646044373512268 
4006 21.526806116104126 0.013441398134222253 0.03776376184041106 0.0 0.0 0.0 -0.4646044373512268 
4007 21.532400846481323 0.013441398134222253 0.03776376184041106 0.0 0.0 0.0 -0.46479618549346924 
4008 21.538313388824463 0.013441398134222253 0.03776376184041106 0.0 0.0 0.0 -0.46479618549346924 
4009 21.543956995010376 0.013441398134222253 0.03776376184041106 0.0 0.0 0.0 -0.46479618549346924 
4010 21.54940915107727 0.013441398134222253 0.03776376184041106 0.0 0.0 0.0 -0.46479618549346924 
4011 21.55605435371399 0.013441398134222253 0.03776376184041106 0.0 0.0 0.0 -0.46479618549346924 
4012 21.561572074890137 0.013441398134222253 0.03776376184041106 0.0 0.0 0.0 -0.46479618549346924 
4013 21.56790781021118 0.013441398134222253 0.03776376184041106 0.0 0.0 0.0 -0.46479618549346924 
4014 21.575016736984253 0.013441398134222253 0.03776376184041106 0.0 0.0 0.0 -0.46479618549346924 
4015 21.58054280281067 0.013441398134222253 0.03776376184041106 0.0 0.0 0.0 -0.46498793363571167 
4016 21.5864896774292 0.013441398134222253 0.03776376184041106 0.0 0.0 0.0 -0.46498793363571167 
4017 21.59205675125122 0.013441398134222253 0.03776376184041106 0.0 0.0 0.0 -0.46498793363571167 
4018 21.59851622581482 0.013441398134222253 0.03776376184041106 0.0 0.0 0.0 -0.46498793363571167 
4019 21.60419750213623 0.013441398134222253 0.03776376184041106 0.0 0.0 0.0 -0.46498793363571167 
4020 21.609875679016113 0.013441398134222253 0.03776376184041106 0.0 0.0 0.0 -0.46498793363571167 
4021 21.617799758911133 0.013441398134222253 0.03776376184041106 0.0 0.0 0.0 -0.46498793363571167 
4022 21.623435735702515 0.013441398134222253 0.03776376184041106 0.0 0.0 0.0 -0.46498793363571167 
4023 21.629103899002075 0.013441398134222253 0.03776376184041106 0.0 0.0 0.0 -0.46498793363571167 
4024 21.635030508041382 0.013441398134222253 0.03776376184041106 0.0 0.0 0.0 -0.46498793363571167 
4025 21.640645265579224 0.013441398134222253 0.03776376184041106 0.0 0.0 0.0 -0.46498793363571167 
4026 21.64626145362854 0.013441398134222253 0.03776376184041106 0.0 0.0 0.0 -0.46498793363571167 
4027 21.651949167251587 0.013441398134222253 0.03776376184041106 0.0 0.0 0.0 -0.46498793363571167 
4028 21.657698154449463 0.013441398134222253 0.03776376184041106 0.0 0.0 0.0 -0.4651796817779541 
4029 21.663466930389404 0.013441398134222253 0.03776376184041106 0.0 0.0 0.0 -0.4651796817779541 
4030 21.669063806533813 0.013441398134222253 0.03776376184041106 0.0 0.0 0.0 -0.4651796817779541 
4031 21.67455005645752 0.013441398134222253 0.03776376184041106 0.0 0.0 0.0 -0.4651796817779541 
4032 21.679879426956177 0.013441398134222253 0.03776376184041106 0.0 0.0 0.0 -0.4651796817779541 
4033 21.685239791870117 0.013441398134222253 0.03776376184041106 0.0 0.0 0.0 -0.4651796817779541 
4034 21.690703868865967 0.013441398134222253 0.03776376184041106 0.0 0.0 0.0 -0.4651796817779541 
4035 21.696192026138306 0.013441398134222253 0.03776376184041106 0.0 0.0 0.0 -0.4651796817779541 
4036 21.701730728149414 0.013441398134222253 0.03776376184041106 0.0 0.0 0.0 -0.4651796817779541 
4037 21.708384037017822 0.013441398134222253 0.03776376184041106 0.0 0.0 0.0 -0.46537142992019653 
4038 21.714045763015747 0.013441398134222253 0.03776376184041106 0.0 0.0 0.0 -0.46537142992019653 
4039 21.719590187072754 0.013441398134222253 0.03776376184041106 0.0 0.0 0.0 -0.46537142992019653 
4040 21.724919080734253 0.013441398134222253 0.03776376184041106 0.0 0.0 0.0 -0.46537142992019653 
4041 21.730286836624146 0.013441398134222253 0.03776376184041106 0.0 0.0 0.0 -0.46537142992019653 
4042 21.735623598098755 0.013441398134222253 0.03776376184041106 0.0 0.0 0.0 -0.46537142992019653 
4043 21.740970134735107 0.013441398134222253 0.03776376184041106 0.0 0.0 0.0 -0.46537142992019653 
4044 21.746400117874146 0.013441398134222253 0.03776376184041106 0.0 0.0 0.0 -0.4655631184577942 
4045 21.751859426498413 -0.1845204371495638 0.03776376184041106 0.0 0.0 0.009203888475894928 -0.4655631184577942 
4046 21.757190465927124 -0.10493226994411088 0.03776376184041106 0.0 0.0 0.009779125452041626 -0.4655631184577942 
4047 21.762659549713135 -0.11575988241867162 0.03776376184041106 0.0 0.0 0.010546118021011353 -0.4655631184577942 
4048 21.76829981803894 -0.12055224348441698 0.03776376184041106 0.0 0.0 0.011121362447738647 -0.4655631184577942 
4049 21.773842096328735 -0.13551540538505652 0.03776376184041106 0.0 0.0 0.012080103158950806 -0.4655631184577942 
4050 21.779332876205444 -0.15902423823834397 0.03776376184041106 0.0 0.0 0.013614080846309662 -0.4657548666000366 
4051 21.785327196121216 -0.15617282580421307 0.03776376184041106 0.0 0.0 0.014189325273036957 -0.4657548666000366 
4052 21.79087781906128 -0.17116190513805488 0.03776376184041106 0.0 0.0 0.015148058533668518 -0.4657548666000366 
4053 21.796411752700806 -0.16170333102927542 0.03776376184041106 0.0 0.0 0.015148058533668518 -0.4657548666000366 
4054 21.801897764205933 -0.17420473427907562 0.03776376184041106 0.0 0.0 0.015723302960395813 -0.4657548666000366 
4055 21.807393074035645 -0.20570387234375812 0.03776376184041106 0.0 0.0 0.017449036240577698 -0.4657548666000366 
4056 21.812854528427124 -0.2092157706862781 0.03776376184041106 0.0 0.0 0.01840776950120926 -0.46594661474227905 
4057 21.818492889404297 -0.21628176379040814 0.03776376184041106 0.0 0.0 0.019174762070178986 -0.46594661474227905 
4058 21.824087619781494 -0.26238945725397206 0.03776376184041106 0.0 0.0 0.02166748046875 -0.4657548666000366 
4059 21.829580068588257 -0.2706400059408043 0.22747716728935444 0.0 -0.008820392191410065 0.023201458156108856 -0.4655631184577942 
4060 21.8349871635437 -0.27611851604864934 -0.0503651867400626 0.0 0.0 0.024160198867321014 -0.4655631184577942 
4061 21.840591430664062 -0.2708606855443213 0.037838735174038046 0.0 0.0 0.024351947009563446 -0.4651796817779541 
4062 21.84606909751892 -0.2691501956714783 0.037838735174038046 0.0 0.0 0.024351947009563446 -0.46498793363571167 
4063 21.85170602798462 -0.26935718722105956 0.037838735174038046 0.0 0.0 0.024351947009563446 -0.46479618549346924 
4064 21.857452869415283 -0.2654399638532195 0.037838735174038046 0.0 0.0 0.024160198867321014 -0.46479618549346924 
4065 21.862921476364136 -0.25519016221375207 0.037838735174038046 0.0 0.0 0.02358495444059372 -0.4646044373512268 
4066 21.868675231933594 -0.2322737344226334 0.037838735174038046 0.0 0.0 0.022242724895477295 -0.4640291929244995 
4067 21.874327898025513 -0.24588509303540923 0.037838735174038046 0.0 0.0 0.022242724895477295 -0.4640291929244995 
4068 21.879821062088013 -0.2172046517750714 0.037838735174038046 0.0 0.0 0.020900487899780273 -0.4634539484977722 
4069 21.885231018066406 -0.21843203112692572 0.037838735174038046 0.0 0.0 0.02032524347305298 -0.46307045221328735 
4070 21.890584707260132 -0.21198475546226836 0.037838735174038046 0.0 0.0 0.01975000649690628 -0.4626869559288025 
4071 21.896158933639526 -0.20553235552669502 0.037838735174038046 0.0 0.0 0.019174762070178986 -0.4621117115020752 
4072 21.90158724784851 -0.19495092560187913 0.037838735174038046 0.0 0.0 0.01840776950120926 -0.4615364670753479 
4073 21.907061338424683 -0.1862804576626513 0.037838735174038046 0.0 0.0 0.017640776932239532 -0.4609612226486206 
4074 21.912463665008545 -0.17760363053740003 0.037838735174038046 0.0 0.0 0.016873791813850403 -0.4603859782218933 
4075 21.917957067489624 -0.16892004928202367 0.037838735174038046 0.0 0.0 0.016106799244880676 -0.459810733795166 
4076 21.92332911491394 -0.16435423801303842 0.037838735174038046 0.0 0.0 0.015531554818153381 -0.4590437412261963 
4077 21.929111003875732 -0.15374200107739305 0.037838735174038046 0.0 0.0 0.014764569699764252 -0.4573180079460144 
4078 21.934597730636597 -0.15328892126888968 0.037838735174038046 0.0 0.0 0.014381073415279388 -0.45635926723480225 
4079 21.939980030059814 -0.1489976934029255 0.037838735174038046 0.0 0.0 0.013997577130794525 -0.4554005265235901 
4080 21.94532299041748 -0.14882742073596456 0.037838735174038046 0.0 0.0 0.013805828988552094 -0.45444178581237793 
4081 21.95090913772583 -0.1467380367873702 0.037838735174038046 0.0 0.0 0.013614080846309662 -0.45348304510116577 
4082 21.956369638442993 -0.14877123789698818 0.037838735174038046 0.0 0.0 0.013614080846309662 -0.45348304510116577 
4083 21.96196746826172 -0.14476274266676045 0.037838735174038046 0.0 0.0 0.01342233270406723 -0.451373815536499 
4084 21.967414379119873 -0.14679431391716935 0.037838735174038046 0.0 0.0 0.01342233270406723 -0.45022332668304443 
4085 21.972838401794434 -0.1469084037451539 0.037838735174038046 0.0 0.0 0.01342233270406723 -0.44907283782958984 
4086 21.978236198425293 -0.14702249357313849 0.037838735174038046 0.0 0.0 0.01342233270406723 -0.4481140971183777 
4087 21.98372173309326 -0.15538501323596574 0.037838735174038046 0.0 0.0 0.013805828988552094 -0.4458131194114685 
4088 21.98913335800171 -0.1599158297723625 0.037838735174038046 0.0 0.0 0.014189325273036957 -0.4446626305580139 
4089 21.994603157043457 -0.15620147619233465 0.037838735174038046 0.0 0.0 0.014189325273036957 -0.4446626305580139 
4090 22.000001907348633 -0.1728187848760281 0.037838735174038046 0.0 0.0 0.014956310391426086 -0.44255346059799194 
4091 22.005629777908325 -0.17352449216530658 0.037838735174038046 0.0 0.0 0.01533980667591095 -0.44140297174453735 
4092 22.011089324951172 -0.18219256242946721 0.037838735174038046 0.0 0.0 0.015915051102638245 -0.4404442310333252 
4093 22.016569137573242 -0.18482382593140936 0.037838735174038046 0.0 0.0 0.016298547387123108 -0.4392937421798706 
4094 22.02198028564453 -0.18937583057419397 0.037838735174038046 0.0 0.0 0.01668204367160797 -0.438143253326416 
4095 22.027373552322388 -0.19393109493539668 0.037838735174038046 0.0 0.0 0.017065539956092834 -0.4369927644729614 
4096 22.03282642364502 -0.19848961901501752 0.037838735174038046 0.0 0.0 0.017449036240577698 -0.43603402376174927 
4097 22.038464784622192 -0.1948029729782138 0.037838735174038046 0.0 0.0 0.017449036240577698 -0.43603402376174927 
4098 22.044086933135986 -0.22382063395739532 0.037838735174038046 0.0 0.0 0.018791265785694122 -0.43296605348587036 
4099 22.049461126327515 -0.21880649410025216 0.037838735174038046 0.0 0.0 0.019174762070178986 -0.4320073127746582 
4100 22.05484652519226 -0.22338294656784274 0.037838735174038046 0.0 0.0 0.01955825835466385 -0.4308568239212036 
4101 22.060436964035034 -0.2279626587538514 0.037838735174038046 0.0 0.0 0.019941754639148712 -0.42989808320999146 
4102 22.06600260734558 -0.2284214157408569 0.037838735174038046 0.0 0.0 0.020133502781391144 -0.42874759435653687 
4103 22.07157254219055 -0.23492333867610432 0.037838735174038046 0.0 0.0 0.02051699161529541 -0.4277888536453247 
4104 22.0770845413208 -0.23126284476579168 0.037838735174038046 0.0 0.0 0.02051699161529541 -0.42683011293411255 
4105 22.08256959915161 -0.235561454111943 0.037838735174038046 0.0 0.0 0.020708739757537842 -0.4258713722229004 
4106 22.08824396133423 -0.23381999697745778 0.037838735174038046 0.0 0.0 0.020708739757537842 -0.4247208833694458 
4107 22.09385323524475 -0.23399602126539684 0.037838735174038046 0.0 0.0 0.020708739757537842 -0.42376214265823364 
4108 22.099238395690918 -0.23829626047075725 0.037838735174038046 0.0 0.0 0.020900487899780273 -0.42280346155166626 
4109 22.104747772216797 -0.23243221827805974 0.037838735174038046 0.0 0.0 0.020708739757537842 -0.4206942319869995 
4110 22.110134840011597 -0.2304015090710018 0.037838735174038046 0.0 0.0 0.02051699161529541 -0.41973549127578735 
4111 22.115796089172363 -0.2324933849221561 0.037838735174038046 0.0 0.0 0.02051699161529541 -0.41973549127578735 
4112 22.121251106262207 -0.22029529484943486 0.037838735174038046 0.0 0.0 0.019941754639148712 -0.41800975799560547 
4113 22.12673568725586 -0.2138445247730706 0.037838735174038046 0.0 0.0 0.019366510212421417 -0.4170510172843933 
4114 22.132163286209106 -0.20738893962488508 0.037838735174038046 0.0 0.0 0.018791265785694122 -0.41609227657318115 
4115 22.137595891952515 -0.19680424998165108 0.037838735174038046 0.0 0.0 0.018024273216724396 -0.415133535861969 
4116 22.143040418624878 -0.1881306825748179 -0.16424723490176296 0.0 0.009395632892847061 0.017257288098335266 -0.41436654329299927 
4117 22.14842391014099 -0.17120193120301702 -0.0827433334797392 0.0 0.009970873594284058 0.016106799244880676 -0.4134078025817871 
4118 22.15383291244507 -0.16222265294403768 -0.09357253856060602 0.0 0.010737866163253784 0.015148058533668518 -0.4126408100128174 
4119 22.159215211868286 -0.12657261471287348 -0.11898744382185436 0.0 0.01227184385061264 0.013038836419582367 -0.41110682487487793 
4120 22.164637327194214 -0.13127896654442883 -0.11612462237326003 0.0 0.012847088277339935 0.012271851301193237 -0.41014808416366577 
4121 22.170618772506714 -0.12255626879469492 -0.12697815790062345 0.0 0.013614077121019363 0.01150485873222351 -0.4095728397369385 
4122 22.17612648010254 -0.11795134103135206 -0.13179663387162185 0.0 0.014189321547746658 0.010929614305496216 -0.40880584716796875 
4123 22.181614637374878 -0.1114240422679577 -0.1385373634643624 0.0 0.014764562249183655 0.010354369878768921 -0.4084223508834839 
4124 22.187018156051636 -0.10076779926032758 -0.14115888506395316 0.0 0.015148058533668518 0.009587384760379791 -0.4078471064567566 
4125 22.192600965499878 -0.09614649846241809 -0.14570111055148338 0.0 0.015531554818153381 0.009012140333652496 -0.4072718620300293 
4126 22.198240756988525 -0.10197554592252708 -0.14199816592258907 0.0 0.015531554818153381 0.009012140333652496 -0.4072718620300293 
4127 22.203911781311035 0.09178547125100159 -0.15862696368282236 0.0 0.01629854366183281 0.0 -0.4061213731765747 
4128 22.209343910217285 0.0016640679144766214 -0.15109561286715364 0.0 0.01629854366183281 0.0 -0.40573787689208984 
4129 22.214844703674316 0.0016640679144766214 -0.13886158586142158 0.0 0.015723302960395813 0.0 -0.405354380607605 
4130 22.22030234336853 0.0016640679144766214 -0.1323749961986909 0.0 0.015148058533668518 0.0 -0.4049708843231201 
4131 22.2261803150177 0.0016640679144766214 -0.11351098958437836 0.0 0.013997573405504227 0.0 -0.40458738803863525 
4132 22.231813192367554 0.0016640679144766214 -0.10863804069568908 0.0 0.013230584561824799 0.0 -0.4042038917541504 
4133 22.237324953079224 0.0016640679144766214 -0.08342674988729454 0.0 0.011696603149175644 0.0 -0.40401214361190796 
4134 22.242748975753784 0.0016640679144766214 -0.07824499067885375 0.0 0.010737866163253784 0.0 -0.40343689918518066 
4135 22.248252391815186 0.0016640679144766214 -0.05905420810391701 0.0 0.009395632892847061 0.0 -0.4030534029006958 
4136 22.253893852233887 0.0016640679144766214 0.12952956638822757 0.0 0.0 0.0 -0.40266990661621094 
4137 22.25955843925476 -0.21691868170560336 0.03557323745975696 0.0 0.0 0.01016262173652649 -0.4019029140472412 
4138 22.265130758285522 -0.13599992121220567 0.03557323745975696 0.0 0.0 0.011121362447738647 -0.4015194773674011 
4139 22.270846128463745 -0.14300390535057522 0.03557323745975696 0.0 0.0 0.011888355016708374 -0.40094423294067383 
4140 22.27644443511963 -0.13543503067851997 0.03557323745975696 0.0 0.0 0.011888355016708374 -0.40094423294067383 
4141 22.28215527534485 -0.17677807061956263 0.03557323745975696 0.0 0.0 0.013805828988552094 -0.39998549222946167 
4142 22.287643671035767 -0.1742175401172135 0.03557323745975696 0.0 0.0 0.01457282155752182 -0.3996019959449768 
4143 22.29327392578125 -0.18729239774704912 0.03557323745975696 0.0 0.0 0.015531554818153381 -0.39921849966049194 
4144 22.298707962036133 -0.19020972810895181 0.03557323745975696 0.0 0.0 0.016106799244880676 -0.3988350033760071 
4145 22.3041672706604 -0.21346369605720975 0.03557323745975696 0.0 0.0 0.017449036240577698 -0.3982597589492798 
4146 22.309619665145874 -0.22081055724457838 0.03557323745975696 0.0 0.0 0.01840776950120926 -0.39806801080703735 
4147 22.314998626708984 -0.23200076526612975 0.03557323745975696 0.0 0.0 0.019366510212421417 -0.39749276638031006 
4148 22.320445775985718 -0.2390748331604991 0.03557323745975696 0.0 0.0 0.020133502781391144 -0.39691752195358276 
4149 22.32587957382202 -0.23982431182847358 0.03557323745975696 0.0 0.0 0.02051699161529541 -0.3965340256690979 
4150 22.331296682357788 -0.24028803283558225 -0.16238851769862273 0.0 0.00920388475060463 0.020708739757537842 -0.39615052938461304 
4151 22.3368923664093 -0.23854657570109702 -0.08692468275723553 0.0 0.009970873594284058 0.020708739757537842 -0.39557528495788574 
4152 22.342332124710083 -0.23459838507161476 -0.09996054120769299 0.0 0.010929610580205917 0.02051699161529541 -0.3951917886734009 
4153 22.347970724105835 -0.22844199133873916 -0.11521128241752779 0.0 0.012080095708370209 0.020133502781391144 -0.394808292388916 
4154 22.353350400924683 -0.224199584616581 -0.12443018653651274 0.0 0.013038836419582367 0.01975000649690628 -0.3942330479621887 
4155 22.35884928703308 -0.19933291809470394 -0.14794724874792195 0.0 0.014572817832231522 0.01840776950120926 -0.39327430725097656 
4156 22.364267110824585 -0.19229083975614047 -0.14922808311728333 0.0 0.01533980667591095 0.017449036240577698 -0.39269906282424927 
4157 22.369698762893677 -0.17728119966597297 -0.15406122778949832 0.0 0.015915051102638245 0.016298547387123108 -0.392123818397522 
4158 22.37510919570923 -0.16417933634878135 -0.1566924111660341 0.0 0.01629854366183281 0.015148058533668518 -0.3915485739707947 
4159 22.380637168884277 -0.15106785412714815 -0.15299602319521405 0.0 0.01629854366183281 0.013997577130794525 -0.3909733295440674 
4160 22.386204481124878 -0.13382214313955046 -0.1531345608163396 0.0 0.01629854366183281 0.012655340135097504 -0.3903980851173401 
4161 22.391992568969727 -0.11848273931653239 -0.14914888352004385 0.0 0.016106795519590378 0.011313110589981079 -0.3898228406906128 
4162 22.397576808929443 -0.10725590670318343 -0.14707913791236973 0.0 0.015915051102638245 0.01016262173652649 -0.3892475962638855 
4163 22.403063774108887 -0.09410204826877452 -0.14500764509884215 0.0 0.015723302960395813 0.009012140333652496 -0.3886723518371582 
4164 22.4084894657135 0.08815415487601422 -0.14293455967900848 0.0 0.015531554818153381 0.0 -0.3880971074104309 
4165 22.413938760757446 -0.0019672484605107424 -0.13673562948254442 0.0 0.015148058533668518 0.0 -0.3875218629837036 
4166 22.419530153274536 -0.0019672484605107424 -0.12007835636322892 0.0 0.014189321547746658 0.0 -0.38656312227249146 
4167 22.425023555755615 -0.0019672484605107424 -0.113289475785918 0.0 0.013422328978776932 0.0 -0.38598787784576416 
4168 22.430732011795044 -0.0019672484605107424 -0.10457671172765588 0.0 0.012655340135097504 0.0 -0.38541263341903687 
4169 22.436219930648804 -0.0019672484605107424 -0.11235417055559849 0.0 0.012655340135097504 0.0 -0.38541263341903687 
4170 22.441620349884033 -0.0019672484605107424 -0.07534388681536114 0.0 0.010929610580205917 0.0 -0.3838786482810974 
4171 22.44724464416504 -0.0019672484605107424 -0.07619730450992977 0.0 0.01016262173652649 0.0 -0.3831116557121277 
4172 22.45443868637085 -0.0019672484605107424 -0.07158093047922051 0.0 0.009587377309799194 0.0 -0.38234466314315796 
4173 22.460352897644043 -0.0019672484605107424 -0.06504230282676911 0.0 0.009012136608362198 0.0 -0.3806189298629761 
4174 22.465893507003784 -0.0019672484605107424 -0.07087131300231014 0.0 0.009012136608362198 0.0 -0.3798519968986511 
4175 22.471533060073853 -0.0019672484605107424 -0.07094791616348123 0.0 0.009012136608362198 0.0 -0.37927675247192383 
4176 22.477030992507935 -0.0019672484605107424 -0.06690030440723096 0.0 0.008820388466119766 0.0 -0.37870150804519653 
4177 22.482561111450195 -0.0019672484605107424 0.12082056619191969 0.0 0.0 0.0 -0.3779345154762268 
4178 22.488092184066772 -0.0019672484605107424 0.03261668153072203 0.0 0.0 0.0 -0.3771675229072571 
4179 22.493591785430908 -0.0019672484605107424 0.03261668153072203 0.0 0.0 0.0 -0.37640053033828735 
4180 22.498923540115356 -0.0019672484605107424 0.03261668153072203 0.0 0.0 0.0 -0.37582528591156006 
4181 22.504531621932983 -0.0019672484605107424 0.03261668153072203 0.0 0.0 0.0 -0.3742913007736206 
4182 22.509990692138672 -0.0019672484605107424 0.03261668153072203 0.0 0.0 0.0 -0.3737160563468933 
4183 22.51552724838257 -0.0019672484605107424 0.03261668153072203 0.0 0.0 0.0 -0.3737160563468933 
4184 22.520903825759888 -0.2164257831631694 0.03261668153072203 0.0 0.0 0.009970873594284058 -0.3723738193511963 
4185 22.526233673095703 -0.1332986593155656 0.03261668153072203 0.0 0.0 0.010737866163253784 -0.371798574924469 
4186 22.53160071372986 -0.14221686515794135 0.03261668153072203 0.0 0.0 0.01150485873222351 -0.37141507863998413 
4187 22.536988496780396 -0.15114159043715336 -0.15709664379281496 0.0 0.008820388466119766 0.012271851301193237 -0.37083983421325684 
4188 22.54239058494568 -0.16419688981981018 -0.0854645119778583 0.0 0.009587377309799194 0.013230584561824799 -0.370456337928772 
4189 22.547888040542603 -0.17121887685195541 -0.09024876100046134 0.0 0.01016262173652649 0.013997577130794525 -0.3700728416442871 
4190 22.553229331970215 -0.18016479023755527 -0.09695534377021289 0.0 0.010737866163253784 0.014764569699764252 -0.3698810935020447 
4191 22.560343980789185 -0.19736549264402128 -0.10779095090960658 0.0 0.011504855006933212 0.015915051102638245 -0.3693058490753174 
4192 22.5659441947937 -0.1983686013019178 -0.1084672835752139 0.0 0.011888351291418076 0.01649029552936554 -0.3693058490753174 
4193 22.571502685546875 -0.20512896929890848 -0.11298172142577863 0.0 0.01227184385061264 0.017065539956092834 -0.36911410093307495 
4194 22.576839447021484 -0.21189406662271357 -0.11337532142398452 0.0 0.012463591992855072 0.017640776932239532 -0.36911410093307495 
4195 22.582300424575806 -0.21866428821743467 -0.11156378053349947 0.0 0.012463591992855072 0.018216021358966827 -0.36911410093307495 
4196 22.5877902507782 -0.2213151099665556 -0.1075455061480174 0.0 0.01227184385061264 0.01859951764345169 -0.3693058490753174 
4197 22.593414068222046 -0.225886672856519 -0.10544308332575059 0.0 0.012080095708370209 0.018983013927936554 -0.3694975972175598 
4198 22.599085807800293 -0.23458571038232184 -0.09509068093483841 0.0 0.011504855006933212 0.01955825835466385 -0.36968934535980225 
4199 22.604653358459473 -0.2248752963936422 -0.09681666429934596 0.0 0.01131310686469078 0.019366510212421417 -0.36968934535980225 
4200 22.610138177871704 -0.21458474840060807 -0.09058187729527747 0.0 0.010929610580205917 0.018791265785694122 -0.36968934535980225 
4201 22.61592149734497 -0.20400005875737406 -0.0903856070380429 0.0 0.010737866163253784 0.018024273216724396 -0.36968934535980225 
4202 22.621399879455566 -0.19120227643311954 -0.08414589323510921 0.0 0.010354369878768921 0.017065539956092834 -0.3698810935020447 
4203 22.626904726028442 -0.1761893766245339 -0.07569622347166335 0.0 0.009779125452041626 0.015915051102638245 -0.3698810935020447 
4204 22.632386207580566 -0.16308441383973696 -0.07328344059584235 0.0 0.009395632892847061 0.014764569699764252 -0.3700728416442871 
4205 22.637779235839844 -0.14584522228897548 -0.06482558431511319 0.0 0.008820388466119766 0.01342233270406723 -0.3700728416442871 
4206 22.643160581588745 -0.13051233790279365 0.11906032343918883 0.0 0.0 0.012080103158950806 -0.37026458978652954 
4207 22.648605346679688 -0.1151678098088596 0.030856438777991175 0.0 0.0 0.010737866163253784 -0.37026458978652954 
4208 22.654046297073364 -0.09981210745708086 0.030856438777991175 0.0 0.0 0.00939563661813736 -0.37026458978652954 
4209 22.65971803665161 0.08877178438170813 0.030856438777991175 0.0 0.0 0.0 -0.37026458978652954 
4210 22.665353298187256 -0.005184581799665462 0.030856438777991175 0.0 0.0 0.0 -0.37026458978652954 
4211 22.67159628868103 -0.005184581799665462 0.030856438777991175 0.0 0.0 0.0 -0.37026458978652954 
4212 22.677255153656006 -0.005184581799665462 0.030856438777991175 0.0 0.0 0.0 -0.37026458978652954 
4213 22.682740688323975 -0.005184581799665462 0.030856438777991175 0.0 0.0 0.0 -0.3700728416442871 
4214 22.688117504119873 -0.005184581799665462 0.030856438777991175 0.0 0.0 0.0 -0.3700728416442871 
4215 22.693660974502563 -0.005184581799665462 0.030856438777991175 0.0 0.0 0.0 -0.3700728416442871 
4216 22.69920325279236 -0.005184581799665462 0.030856438777991175 0.0 0.0 0.0 -0.3700728416442871 
4217 22.70472240447998 -0.005184581799665462 0.030856438777991175 0.0 0.0 0.0 -0.3700728416442871 
4218 22.71010971069336 -0.005184581799665462 0.030856438777991175 0.0 0.0 0.0 -0.3700728416442871 
4219 22.715500593185425 -0.005184581799665462 -0.16298110146296715 0.0 0.009012136608362198 0.0 -0.3698810935020447 
4220 22.721024990081787 -0.005184581799665462 -0.08118476837535894 0.0 0.009395632892847061 0.0 -0.36968934535980225 
4221 22.726744413375854 -0.005184581799665462 -0.0856780181195358 0.0 0.009779125452041626 0.0 -0.36968934535980225 
4222 22.7322518825531 -0.005184581799665462 -0.08605043001135385 0.0 0.009970873594284058 0.0 -0.36968934535980225 
4223 22.737839937210083 -0.005184581799665462 -0.09246613084932363 0.0 0.010354369878768921 0.0 -0.3694975972175598 
4224 22.743234634399414 -0.005184581799665462 -0.10109174477530217 0.0 0.010929610580205917 0.0 -0.3694975972175598 
4225 22.748586416244507 -0.005184581799665462 -0.10780488420312798 0.0 0.011504855006933212 0.0 -0.3693058490753174 
4226 22.75393795967102 -0.005184581799665462 -0.11039866103825666 0.0 0.011888351291418076 0.0 -0.3693058490753174 
4227 22.7594895362854 -0.005184581799665462 -0.11491309888882137 0.0 0.01227184385061264 0.0 -0.3693058490753174 
4228 22.764890909194946 -0.005184581799665462 -0.11118248396960592 0.0 0.01227184385061264 0.0 -0.3694975972175598 
4229 22.770246744155884 -0.005184581799665462 -0.1071625797249148 0.0 0.012080095708370209 0.0 -0.3694975972175598 
4230 22.775677919387817 -0.20314641708345152 -0.1133069568782816 0.0 0.01227184385061264 0.009203888475894928 -0.3694975972175598 
4231 22.78145122528076 -0.1235582498779986 -0.11561800104600883 0.0 0.012463591992855072 0.009779125452041626 -0.3694975972175598 
4232 22.787001371383667 -0.13026164743513802 -0.11793067507294512 0.0 0.012655340135097504 0.010354369878768921 -0.3694975972175598 
4233 22.79251480102539 -0.14109407498151993 -0.12436919387651181 0.0 0.013038836419582367 0.011121362447738647 -0.36968934535980225 
4234 22.79806876182556 -0.1458913256248925 -0.1288934108506659 0.0 0.013422328978776932 0.011696606874465942 -0.3694975972175598 
4235 22.803702354431152 -0.1567350019349251 -0.13342100488988257 0.0 0.013805825263261795 0.012463591992855072 -0.3694975972175598 
4236 22.809123277664185 -0.16566795095265843 -0.13795182139461434 0.0 0.014189321547746658 0.013230584561824799 -0.36968934535980225 
4237 22.8145968914032 -0.16635891506657935 -0.1383616827003429 0.0 0.01438106968998909 0.013614080846309662 -0.36968934535980225 
4238 22.820038318634033 -0.1791365315786097 -0.13244222545286216 0.0 0.014189321547746658 0.014381073415279388 -0.36968934535980225 
4239 22.82542872428894 -0.1839613295143936 -0.13035610119102098 0.0 0.013997573405504227 0.014956310391426086 -0.36968934535980225 
4240 22.830894708633423 -0.1865845182260964 -0.12826834706997073 0.0 0.013805825263261795 0.01533980667591095 -0.3698810935020447 
4241 22.836626529693604 -0.18287994373799302 -0.13030317800713276 0.0 0.013805825263261795 0.01533980667591095 -0.3698810935020447 
4242 22.842090845108032 -0.1953829768470023 -0.11392374797759151 0.0 0.013038836419582367 0.015915051102638245 -0.3700728416442871 
4243 22.847646236419678 -0.1938900254315231 -0.11345603668910956 0.0 0.012655340135097504 0.016106799244880676 -0.3700728416442871 
4244 22.85306715965271 -0.19210945180268027 -0.10915014009026384 0.0 0.01227184385061264 0.016106799244880676 -0.3700728416442871 
4245 22.858453512191772 -0.18399792976141907 -0.10484106389840639 0.0 0.011888351291418076 0.015723302960395813 -0.37026458978652954 
4246 22.863811492919922 -0.17971811084658837 -0.10465282555890776 0.0 0.011696603149175644 0.01533980667591095 -0.3706480860710144 
4247 22.869176387786865 -0.1754350322133396 -0.10666972810810006 0.0 0.011696603149175644 0.014956310391426086 -0.37083983421325684 
4248 22.874584436416626 -0.16290042427764273 -0.10264493431744671 0.0 0.011504855006933212 0.014189325273036957 -0.37103158235549927 
4249 22.880049467086792 -0.1294488958029542 -0.10053599209000863 0.0 0.01131310686469078 0.012271851301193237 -0.37141507863998413 
4250 22.885488510131836 -0.12810687167034485 -0.09842542000336146 0.0 0.011121358722448349 0.011313110589981079 -0.371798574924469 
4251 22.891047716140747 -0.11716936563537456 -0.1004374329749266 0.0 0.011121358722448349 0.010354369878768921 -0.3719903230667114 
4252 22.896605730056763 -0.11034808547259307 -0.09228361481463111 0.0 0.010737866163253784 0.009587384760379791 -0.3723738193511963 
4253 22.902099609375 0.08811083569168114 -0.08796138243412174 0.0 0.010354369878768921 0.0 -0.3725655674934387 
4254 22.907814741134644 -0.007763011912116775 -0.07951171267067589 0.0 0.009779125452041626 0.0 -0.3729490637779236 
4255 22.91329312324524 -0.007763011912116775 -0.08122306458686984 0.0 0.009587377309799194 0.0 -0.37333256006240845 
4256 22.918835639953613 -0.007763011912116775 -0.08322203871642746 0.0 0.009587377309799194 0.0 -0.37333256006240845 
4257 22.924259424209595 -0.007763011912116775 -0.0791793966315458 0.0 0.009395632892847061 0.0 -0.3740995526313782 
4258 22.929645538330078 -0.007763011912116775 -0.07705248876323499 0.0 0.00920388475060463 0.0 -0.37467479705810547 
4259 22.935125589370728 -0.007763011912116775 -0.0749239882886181 0.0 0.009012136608362198 0.0 -0.37505829334259033 
4260 22.940587997436523 -0.007763011912116775 -0.08104228778963483 0.0 0.00920388475060463 0.0 -0.3754417896270752 
4261 22.94622802734375 -0.007763011912116775 -0.07920303938759066 0.0 0.00920388475060463 0.0 -0.37582528591156006 
4262 22.95187497138977 -0.007763011912116775 -0.08340548732539214 0.0 0.009395632892847061 0.0 -0.3762087821960449 
4263 22.957392692565918 -0.007763011912116775 -0.08156786878255702 0.0 0.009395632892847061 0.0 -0.37640053033828735 
4264 22.962799072265625 -0.007763011912116775 -0.08164773166214623 0.0 0.009395632892847061 0.0 -0.3767840266227722 
4265 22.96819806098938 -0.007763011912116775 -0.08172759454173542 0.0 0.009395632892847061 0.0 -0.3771675229072571 
4266 22.973721265792847 -0.007763011912116775 -0.08180745742132463 0.0 0.009395632892847061 0.0 -0.3773592710494995 
4267 22.979142904281616 -0.007763011912116775 -0.08188732030091382 0.0 0.009395632892847061 0.0 -0.37755101919174194 
4268 22.984607696533203 -0.007763011912116775 -0.08609131797251798 0.0 0.009587377309799194 0.0 -0.3777427673339844 
4269 22.990066289901733 -0.007763011912116775 -0.09250379634497262 0.0 0.009970873594284058 0.0 -0.3779345154762268 
4270 22.995482921600342 -0.007763011912116775 -0.08875358592567541 0.0 0.009970873594284058 0.0 -0.3779345154762268 
4271 23.00110363960266 -0.007763011912116775 -0.10121098310349085 0.0 0.010546118021011353 0.0 -0.3779345154762268 
4272 23.006681442260742 -0.007763011912116775 -0.10379653054883278 0.0 0.010929610580205917 0.0 -0.3779345154762268 
4273 23.012287378311157 -0.007763011912116775 -0.11242715139908291 0.0 0.011504855006933212 0.0 -0.3777427673339844 
4274 23.017741680145264 -0.007763011912116775 -0.12326927794364788 0.0 0.01227184385061264 0.0 -0.3777427673339844 
4275 23.023139715194702 -0.007763011912116775 -0.13220055984926915 0.0 0.013038836419582367 0.0 -0.3773592710494995 
4276 23.028690576553345 -0.2016006322784815 -0.13288981397857466 0.0 0.013422328978776932 0.009012140333652496 -0.3771675229072571 
4277 23.034158945083618 -0.11568004705221391 -0.14566583785263398 0.0 0.014189321547746658 0.009203888475894928 -0.3767840266227722 
4278 23.039663791656494 -0.12208922851667739 -0.13811652139609254 0.0 0.014189321547746658 0.009587384760379791 -0.37640053033828735 
4279 23.045088291168213 -0.13070824294374322 -0.15060969525610604 0.0 0.014764562249183655 0.01016262173652649 -0.37525004148483276 
4280 23.050443410873413 -0.1332906853018794 -0.15323121685569682 0.0 0.015148058533668518 0.010546118021011353 -0.3748665452003479 
4281 23.055972576141357 -0.13779379429505206 -0.1536492274258057 0.0 0.01533980667591095 0.010929614305496216 -0.3742913007736206 
4282 23.061501026153564 -0.14642437792406418 -0.16011056419496933 0.0 0.015723302960395813 0.01150485873222351 -0.3735243082046509 
4283 23.066938638687134 -0.1490181547908578 -0.16053346434270538 0.0 0.015915051102638245 0.011888355016708374 -0.3729490637779236 
4284 23.07230019569397 -0.15353267279849386 -0.16287539564666845 0.0 0.016106795519590378 0.012271851301193237 -0.3723738193511963 
4285 23.077749490737915 -0.14980202068970538 -0.16109485923906364 0.0 0.016106795519590378 0.012271851301193237 -0.3723738193511963 
4286 23.083259105682373 -0.16227881592721677 -0.16948019683582283 0.0 0.01649029180407524 0.012847088277339935 -0.37160682678222656 
4287 23.08884048461914 -0.1566356464161072 -0.16578540147130885 0.0 0.01649029180407524 0.012847088277339935 -0.3712233304977417 
4288 23.094300985336304 -0.15262063174904322 -0.16180135403422213 0.0 0.01629854366183281 0.012655340135097504 -0.37103158235549927 
4289 23.099724531173706 -0.15052146864519453 -0.15560902336833574 0.0 0.015915051102638245 0.012463591992855072 -0.37083983421325684 
4290 23.105207443237305 -0.13604819118068553 -0.1389581523075471 0.0 0.014956310391426086 0.011696606874465942 -0.3706480860710144 
4291 23.11079692840576 -0.1355690336881671 -0.14042433834855952 0.0 0.014572817832231522 0.011313110589981079 -0.370456337928772 
4292 23.116394996643066 -0.13537594305560924 -0.12788627322239376 0.0 0.013805825263261795 0.011121362447738647 -0.3706480860710144 
4293 23.121880292892456 -0.12913952622399666 -0.12330098379997112 0.0 0.013230584561824799 0.010737866163253784 -0.370456337928772 
4294 23.1273193359375 -0.12069311617896891 -0.12091742094827392 0.0 0.012847088277339935 0.01016262173652649 -0.3706480860710144 
4295 23.13274621963501 -0.11003524331212974 -0.12073736912605859 0.0 0.012655340135097504 0.00939563661813736 -0.3706480860710144 
4296 23.13811421394348 0.08430109279393219 -0.11451399110478856 0.0 0.01227184385061264 0.0 -0.37083983421325684 
4297 23.1435489654541 -0.009655273387441408 -0.11432904970494606 0.0 0.012080095708370209 0.0 -0.37103158235549927 
4298 23.148932218551636 -0.009655273387441408 -0.11222507714887656 0.0 0.011888351291418076 0.0 -0.37141507863998413 
4299 23.15433144569397 -0.009655273387441408 -0.11011935738695361 0.0 0.011696603149175644 0.0 -0.37160682678222656 
4300 23.160038232803345 -0.009655273387441408 -0.0997636151838819 0.0 0.011121358722448349 0.0 -0.37218207120895386 
4301 23.165797472000122 -0.009655273387441408 -0.09736224129085935 0.0 0.010737866163253784 0.0 -0.3723738193511963 
4302 23.171266078948975 -0.009655273387441408 -0.09716422382777132 0.0 0.010546118021011353 0.0 -0.3725655674934387 
4303 23.17676544189453 -0.009655273387441408 -0.09092291741853155 0.0 0.01016262173652649 0.0 -0.37275731563568115 
4304 23.182308197021484 -0.009655273387441408 -0.09072004763071932 0.0 0.009970873594284058 0.0 -0.3729490637779236 
4305 23.18783211708069 -0.009655273387441408 -0.09272228147869505 0.0 0.009970873594284058 0.0 -0.3729490637779236 
4306 23.193371295928955 -0.009655273387441408 -0.09280703390424647 0.0 0.009970873594284058 0.0 -0.373140811920166 
4307 23.198843479156494 -0.009655273387441408 -0.09701600124721922 0.0 0.01016262173652649 0.0 -0.373140811920166 
4308 23.204266786575317 -0.009655273387441408 -0.09518490210955538 0.0 0.01016262173652649 0.0 -0.373140811920166 
4309 23.20972228050232 -0.009655273387441408 -0.09527128439431586 0.0 0.01016262173652649 0.0 -0.373140811920166 
4310 23.215106964111328 -0.009655273387441408 -0.09535766667907633 0.0 0.01016262173652649 0.0 -0.373140811920166 
4311 23.220911264419556 -0.009655273387441408 -0.09956826388125815 0.0 0.010354369878768921 0.0 -0.37275731563568115 
4312 23.226394176483154 -0.009655273387441408 -0.1018630095202247 0.0 0.010546118021011353 0.0 -0.3725655674934387 
4313 23.231908559799194 -0.009655273387441408 -0.10828351981041529 0.0 0.010929610580205917 0.0 -0.37218207120895386 
4314 23.2373788356781 -0.009655273387441408 -0.11691414066066541 0.0 0.011504855006933212 0.0 -0.371798574924469 
4315 23.242780208587646 -0.009655273387441408 -0.12363205228780903 0.0 0.012080095708370209 0.0 -0.37141507863998413 
4316 23.248191595077515 -0.009655273387441408 -0.13035497083922423 0.0 0.012655340135097504 0.0 -0.37083983421325684 
4317 23.25373077392578 -0.009655273387441408 -0.1412068765073786 0.0 0.013422328978776932 0.0 -0.370456337928772 
4318 23.259191513061523 -0.009655273387441408 -0.15014793753658928 0.0 0.014189321547746658 0.0 -0.3698810935020447 
4319 23.264580488204956 -0.009655273387441408 -0.15909540062432684 0.0 0.014956310391426086 0.0 -0.3693058490753174 
4320 23.26998019218445 -0.009655273387441408 -0.16392528557812372 0.0 0.015531554818153381 0.0 -0.3687306046485901 
4321 23.275593996047974 -0.009655273387441408 -0.17892585398850538 0.0 0.01649029180407524 0.0 -0.3675801157951355 
4322 23.281034231185913 -0.009655273387441408 -0.1777270814444641 0.0 0.016873788088560104 0.0 -0.36681312322616577 
4323 23.286508560180664 -0.009655273387441408 -0.18228397563321092 0.0 0.017257284373044968 0.0 -0.3662378787994385 
4324 23.291909217834473 -0.009655273387441408 -0.18684404941496946 0.0 0.017640776932239532 0.0 -0.3656626343727112 
4325 23.297531127929688 -0.009655273387441408 -0.19140750026179054 0.0 0.018024273216724396 0.0 -0.3650873899459839 
4326 23.30332040786743 -0.009655273387441408 -0.1918499586567054 0.0 0.018216021358966827 0.0 -0.3645121455192566 
4327 23.309020280838013 -0.009655273387441408 -0.18596309849841097 0.0 0.018024273216724396 0.0 -0.3639369010925293 
4328 23.314878702163696 -0.009655273387441408 -0.19215800116059878 0.0 0.018216021358966827 0.0 -0.363361656665802 
4329 23.321863889694214 -0.009655273387441408 -0.18627114100230432 0.0 0.018024273216724396 0.0 -0.3622111678123474 
4330 23.327566862106323 -0.009655273387441408 -0.1883418287470708 0.0 0.018024273216724396 0.0 -0.3616359233856201 
4331 23.333492755889893 -0.009655273387441408 -0.18849503506941295 0.0 0.018024273216724396 0.0 -0.3610606789588928 
4332 23.339164972305298 -0.009655273387441408 -0.18864824139175512 0.0 0.018024273216724396 0.0 -0.36067718267440796 
4333 23.344748973846436 -0.009655273387441408 -0.1929256626315186 0.0 0.018216021358966827 0.0 -0.36010193824768066 
4334 23.3502676486969 -0.009655273387441408 -0.18703880247322419 0.0 0.018024273216724396 0.0 -0.35952669382095337 
4335 23.355919361114502 -0.009655273387441408 -0.18086106038314798 0.0 0.017640776932239532 0.0 -0.3581845164299011 
4336 23.36193323135376 -0.009655273387441408 -0.17659762012248434 0.0 0.017257284373044968 0.0 -0.3574175238609314 
4337 23.367666244506836 -0.009655273387441408 -0.17645501771417954 0.0 0.017065536230802536 0.0 -0.3568422794342041 
4338 23.374700784683228 -0.009655273387441408 -0.17439334127714434 0.0 0.016873788088560104 0.0 -0.3560752868652344 
4339 23.38036036491394 -0.009655273387441408 -0.18057846481574275 0.0 0.017065536230802536 0.0 -0.35530829429626465 
4340 23.386391162872314 -0.009655273387441408 -0.1829302553687016 0.0 0.017257284373044968 0.0 -0.3537743091583252 
4341 23.39254140853882 -0.009655273387441408 -0.18528359565546312 0.0 0.0174490287899971 0.0 -0.35281556844711304 
4342 23.397936820983887 -0.009655273387441408 -0.18351446823065676 0.0 0.0174490287899971 0.0 -0.3520485758781433 
4343 23.40337896347046 -0.009655273387441408 -0.17953865018335677 0.0 0.017257284373044968 0.0 -0.35108983516693115 
4344 23.40868353843689 -0.009655273387441408 -0.181602781270049 0.0 0.017257284373044968 0.0 -0.350131094455719 
4345 23.413970470428467 -0.1993686788363848 -0.1735010383523772 0.0 0.016873788088560104 0.008820392191410065 -0.3489806056022644 
4346 23.419251203536987 -0.1194881600907538 -0.17335521347855726 0.0 0.016682039946317673 0.009203888475894928 -0.3478301167488098 
4347 23.42456817626953 -0.11985564521537162 -0.17129027732310392 0.0 0.01649029180407524 0.00939563661813736 -0.3466796278953552 
4348 23.430053234100342 -0.12214224162162281 -0.16922371130844155 0.0 0.01629854366183281 0.009587384760379791 -0.34552913904190063 
4349 23.43539524078369 -0.1244303076362703 -0.16715551543457008 0.0 0.016106795519590378 0.009779125452041626 -0.343036413192749 
4350 23.44063401222229 -0.12672023820341566 -0.16920990461891092 0.0 0.016106795519590378 0.009970873594284058 -0.34188592433929443 
4351 23.446021795272827 -0.12901172412396408 -0.16934681238082744 0.0 0.016106795519590378 0.01016262173652649 -0.3405436873435974 
4352 23.451300382614136 -0.13542905482114292 -0.16948372014274396 0.0 0.016106795519590378 0.010546118021011353 -0.3392014503479004 
4353 23.456624507904053 -0.13993216381431556 -0.16549649311264553 0.0 0.015915051102638245 0.010929614305496216 -0.33785927295684814 
4354 23.461867809295654 -0.140314317608485 -0.16342500029911794 0.0 0.015723302960395813 0.011121362447738647 -0.3365170359611511 
4355 23.46708655357361 -0.13436715284944512 -0.15722769996186295 0.0 0.01533980667591095 0.010929614305496216 -0.3351747989654541 
4356 23.472306966781616 -0.13225332107604482 -0.15294462132861414 0.0 0.014956310391426086 0.010737866163253784 -0.3338325619697571 
4357 23.477612257003784 -0.12188942960859275 -0.14453414818493224 0.0 0.01438106968998909 0.01016262173652649 -0.3326820731163025 
4358 23.482847690582275 -0.11947982632578351 -0.13391193462198175 0.0 0.013614077121019363 0.009779125452041626 -0.33133983612060547 
4359 23.488158226013184 -0.11102542723552324 -0.12932501534035004 0.0 0.013038836419582367 0.009203888475894928 -0.3301893472671509 
4360 23.493452548980713 0.08110580523475074 -0.11869139279460109 0.0 0.01227184385061264 0.0 -0.3292306065559387 
4361 23.4987952709198 -0.010933079524198546 -0.10584463469532825 0.0 0.01131310686469078 0.0 -0.32808011770248413 
4362 23.504088163375854 -0.010933079524198546 -0.09903138641861774 0.0 0.010546118021011353 0.0 -0.327121376991272 
4363 23.509437084197998 -0.010933079524198546 -0.09029405718890525 0.0 0.009779125452041626 0.0 -0.3261626362800598 
4364 23.514670610427856 -0.010933079524198546 -0.09804710544494487 0.0 0.009779125452041626 0.0 -0.3261626362800598 
4365 23.519916534423828 -0.010933079524198546 0.11220409177395009 0.0 0.0 0.0 -0.32386165857315063 
4366 23.52517557144165 -0.010933079524198546 0.014412837253533829 0.0 0.0 0.0 -0.32386165857315063 
4367 23.53037166595459 -0.010933079524198546 0.014412837253533829 0.0 0.0 0.0 -0.3225194215774536 
4368 23.535709857940674 -0.010933079524198546 0.014412837253533829 0.0 0.0 0.0 -0.3225194215774536 
4369 23.541093111038208 -0.010933079524198546 0.014412837253533829 0.0 0.0 0.0 -0.321368932723999 
4370 23.54633378982544 -0.010933079524198546 0.014412837253533829 0.0 0.0 0.0 -0.32098543643951416 
4371 23.551694869995117 -0.010933079524198546 0.014412837253533829 0.0 0.0 0.0 -0.3206019401550293 
4372 23.557016372680664 -0.010933079524198546 0.014412837253533829 0.0 0.0 0.0 -0.32021844387054443 
4373 23.562335968017578 -0.010933079524198546 0.014412837253533829 0.0 0.0 0.0 -0.320026695728302 
4374 23.5676531791687 -0.010933079524198546 -0.1876731328222672 0.0 0.009395632892847061 0.0 -0.31983494758605957 
4375 23.572908878326416 -0.010933079524198546 -0.11029344631766476 0.0 0.01016262173652649 0.0 -0.31964319944381714 
4376 23.578163623809814 -0.010933079524198546 -0.12333093462733127 0.0 0.011121358722448349 0.0 -0.31964319944381714 
4377 23.583375453948975 -0.010933079524198546 -0.12621074106951752 0.0 0.011696603149175644 0.0 -0.31964319944381714 
4378 23.588642120361328 -0.010933079524198546 -0.12880606763844885 0.0 0.012080095708370209 0.0 -0.31964319944381714 
4379 23.593881607055664 -0.010933079524198546 -0.12507382286002433 0.0 0.012080095708370209 0.0 -0.31964319944381714 
4380 23.599218130111694 -0.010933079524198546 -0.15404592797008848 0.0 0.013422328978776932 0.0 -0.31983494758605957 
4381 23.60459327697754 -0.010933079524198546 -0.15723454473202622 0.0 0.014189321547746658 0.0 -0.31983494758605957 
4382 23.609880447387695 -0.010933079524198546 -0.16618200781976378 0.0 0.014956310391426086 0.0 -0.320026695728302 
4383 23.615286350250244 -0.010933079524198546 -0.17101189277356066 0.0 0.015531554818153381 0.0 -0.320026695728302 
4384 23.62053155899048 -0.010933079524198546 -0.1736398965570847 0.0 0.015915051102638245 0.0 -0.32021844387054443 
4385 23.625837087631226 -0.20064648497314191 -0.18231277627346612 0.0 0.01649029180407524 0.008820392191410065 -0.32041019201278687 
4386 23.631138801574707 -0.12076596622751094 -0.18082475165685213 0.0 0.016682039946317673 0.009203888475894928 -0.32041019201278687 
4387 23.636515378952026 -0.12113345135212876 -0.18317328249139286 0.0 0.016873788088560104 0.00939563661813736 -0.32041019201278687 
4388 23.64181613922119 -0.12754410242498854 -0.18552344318514263 0.0 0.017065536230802536 0.009779125452041626 -0.32041019201278687 
4389 23.647071838378906 -0.1320407664871309 -0.1878752337381015 0.0 0.017257284373044968 0.01016262173652649 -0.32021844387054443 
4390 23.65241265296936 -0.14066483067930677 -0.190228574024863 0.0 0.0174490287899971 0.010737866163253784 -0.32021844387054443 
4391 23.657766580581665 -0.1391278731918428 -0.18845944660005665 0.0 0.0174490287899971 0.010929614305496216 -0.320026695728302 
4392 23.663039445877075 -0.1455517233258579 -0.18860776334477164 0.0 0.0174490287899971 0.011313110589981079 -0.31964319944381714 
4393 23.66836953163147 -0.14593713683844545 -0.19288029500690795 0.0 0.017640776932239532 0.01150485873222351 -0.3194514513015747 
4394 23.673592805862427 -0.144117446715245 -0.19111276018840767 0.0 0.017640776932239532 0.01150485873222351 -0.3194514513015747 
4395 23.678855895996094 -0.14421523801446892 -0.1830143570828954 0.0 0.017257284373044968 0.01150485873222351 -0.318684458732605 
4396 23.68409776687622 -0.14018881439627148 -0.17874753975716925 0.0 0.016873788088560104 0.011313110589981079 -0.3183009624481201 
4397 23.689316511154175 -0.1380782423412893 -0.1786017148833493 0.0 0.016682039946317673 0.011121362447738647 -0.3177257180213928 
4398 23.694520473480225 -0.1318418255096767 -0.17241256381047465 0.0 0.01629854366183281 0.010737866163253784 -0.31734222173690796 
4399 23.69979977607727 -0.123395415464649 -0.16401349964959122 0.0 0.015723302960395813 0.01016262173652649 -0.31676703691482544 
4400 23.705050945281982 -0.12098581218183972 -0.16165112490428185 0.0 0.01533980667591095 0.009779125452041626 -0.31619179248809814 
4401 23.710503578186035 -0.11253141309157946 -0.15736804627103307 0.0 0.014956310391426086 0.009203888475894928 -0.3158082962036133 
4402 23.71626043319702 0.07959981937869451 -0.13658492837508715 0.0 0.013805825263261795 0.0 -0.3148495554924011 
4403 23.72156548500061 -0.012439065380254764 -0.13583456454461015 0.0 0.013230584561824799 0.0 -0.31446605920791626 
4404 23.726781845092773 -0.012439065380254764 -0.12520257185807027 0.0 0.012463591992855072 0.0 -0.3140825629234314 
4405 23.73200488090515 -0.012439065380254764 -0.11235744361800648 0.0 0.011504855006933212 0.0 -0.31389081478118896 
4406 23.73721146583557 -0.012439065380254764 -0.10554582520050503 0.0 0.010737866163253784 0.0 -0.3135073184967041 
4407 23.742493867874146 -0.012439065380254764 -0.09268591091258026 0.0 0.009779125452041626 0.0 -0.31331557035446167 
4408 23.74773120880127 -0.012439065380254764 -0.08173544612934387 0.0 0.008820388466119766 0.0 -0.31312382221221924 
4409 23.752938508987427 -0.012439065380254764 -0.09139778929052449 0.0 0.008820388466119766 0.0 -0.31312382221221924 
4410 23.758203506469727 -0.012439065380254764 0.09824056273105049 0.0 0.0 0.0 -0.3129320740699768 
4411 23.764507055282593 -0.012439065380254764 0.01003667806985282 0.0 0.0 0.0 -0.3127403259277344 
4412 23.76987099647522 -0.012439065380254764 0.01003667806985282 0.0 0.0 0.0 -0.3127403259277344 
4413 23.775241136550903 -0.012439065380254764 0.01003667806985282 0.0 0.0 0.0 -0.3127403259277344 
4414 23.780478954315186 -0.012439065380254764 0.01003667806985282 0.0 0.0 0.0 -0.3127403259277344 
4415 23.785730600357056 -0.012439065380254764 0.01003667806985282 0.0 0.0 0.0 -0.3127403259277344 
4416 23.79094123840332 -0.012439065380254764 0.01003667806985282 0.0 0.0 0.0 -0.3127403259277344 
4417 23.796169757843018 -0.012439065380254764 0.01003667806985282 0.0 0.0 0.0 -0.3129320740699768 
4418 23.801382303237915 -0.20627668574661948 0.01003667806985282 0.0 0.0 0.009012140333652496 -0.31312382221221924 
4419 23.806600332260132 -0.12448031543777324 0.01003667806985282 0.0 0.0 0.00939563661813736 -0.31331557035446167 
4420 23.811858654022217 -0.13309770000563004 0.01003667806985282 0.0 0.0 0.009970873594284058 -0.3135073184967041 
4421 23.817201614379883 -0.13567851250455715 0.01003667806985282 0.0 0.0 0.010354369878768921 -0.3135073184967041 
4422 23.8225576877594 -0.1443042065559421 0.01003667806985282 0.0 0.0 0.010929614305496216 -0.31369906663894653 
4423 23.827880859375 -0.1468930938451085 0.01003667806985282 0.0 0.0 0.011313110589981079 -0.31389081478118896 
4424 23.8331778049469 -0.14315429244027472 0.01003667806985282 0.0 0.0 0.011313110589981079 -0.31389081478118896 
4425 23.838433504104614 -0.16387152846739628 0.01003667806985282 0.0 0.0 0.012271851301193237 -0.31427431106567383 
4426 23.843807697296143 -0.16263670167536476 -0.17967664725368415 0.0 0.008820388466119766 0.012655340135097504 -0.31446605920791626 
4427 23.84904408454895 -0.1671578135623131 -0.0997961657292912 0.0 0.00920388475060463 0.013038836419582367 -0.3148495554924011 
4428 23.85425090789795 -0.17580632557929493 -0.10016365082224406 0.0 0.009395632892847061 0.013614080846309662 -0.31504130363464355 
4429 23.859496593475342 -0.1784180308340583 -0.09832603227940893 0.0 0.009395632892847061 0.013997577130794525 -0.3154247999191284 
4430 23.864720344543457 -0.17882626231224275 -0.09428168024157679 0.0 0.00920388475060463 0.014189325273036957 -0.3154247999191284 
4431 23.87045407295227 -0.17702939015463925 -0.09627739468438126 0.0 0.00920388475060463 0.014189325273036957 -0.3154247999191284 
4432 23.8758385181427 -0.17302578450203873 -0.10460397741419769 0.0 0.009587377309799194 0.013997577130794525 -0.31561654806137085 
4433 23.88114595413208 -0.17093803041265346 -0.10909897436422802 0.0 0.009970873594284058 0.013805828988552094 -0.31561654806137085 
4434 23.88636350631714 -0.16060021662921645 -0.1053487639449308 0.0 0.009970873594284058 0.013230584561824799 -0.3154247999191284 
4435 23.891663312911987 -0.1582166910304222 -0.10955773128790355 0.0 0.01016262173652649 0.012847088277339935 -0.3154247999191284 
4436 23.896953344345093 -0.15391242429078555 -0.10772663215023971 0.0 0.01016262173652649 0.012463591992855072 -0.315233051776886 
4437 23.902169704437256 -0.1454808431661222 -0.10781301443500019 0.0 0.01016262173652649 0.011888355016708374 -0.315233051776886 
4438 23.90737533569336 -0.13896161919296718 -0.10377518180233933 0.0 0.009970873594284058 0.011313110589981079 -0.315233051776886 
4439 23.91260528564453 -0.14481022490025497 -0.10577741565031505 0.0 0.009970873594284058 0.011313110589981079 -0.315233051776886 
4440 23.917829513549805 -0.12428531175316312 -0.09761373824102379 0.0 0.009587377309799194 0.010354369878768921 -0.3148495554924011 
4441 23.923550367355347 -0.12158808625699022 -0.09740605900099075 0.0 0.009395632892847061 0.009779125452041626 -0.3146578073501587 
4442 23.928916692733765 -0.11092695367173291 -0.09115493621525861 0.0 0.009012136608362198 0.009012140333652496 -0.3146578073501587 
4443 23.934215545654297 0.07516421231790446 0.09877103801968001 0.0 0.0 0.0 -0.3146578073501587 
4444 23.93952202796936 -0.014957191018620504 0.008649671936058036 0.0 0.0 0.0 -0.3146578073501587 
4445 23.94494915008545 -0.014957191018620504 0.008649671936058036 0.0 0.0 0.0 -0.3148495554924011 
4446 23.950287103652954 -0.014957191018620504 0.008649671936058036 0.0 0.0 0.0 -0.3148495554924011 
4447 23.955573081970215 -0.014957191018620504 0.008649671936058036 0.0 0.0 0.0 -0.31504130363464355 
4448 23.96082830429077 -0.014957191018620504 0.008649671936058036 0.0 0.0 0.0 -0.315233051776886 
4449 23.96605110168457 -0.014957191018620504 0.008649671936058036 0.0 0.0 0.0 -0.3154247999191284 
4450 23.97125768661499 -0.014957191018620504 0.008649671936058036 0.0 0.0 0.0 -0.31561654806137085 
4451 23.977229356765747 -0.014957191018620504 0.008649671936058036 0.0 0.0 0.0 -0.3160000443458557 
4452 23.982558250427246 -0.014957191018620504 0.008649671936058036 0.0 0.0 0.0 -0.3163835406303406 
4453 23.987887620925903 -0.014957191018620504 0.008649671936058036 0.0 0.0 0.0 -0.31676703691482544 
4454 23.99313735961914 -0.014957191018620504 0.008649671936058036 0.0 0.0 0.0 -0.31676703691482544 
4455 23.99837827682495 -0.014957191018620504 0.008649671936058036 0.0 0.0 0.0 -0.3175339698791504 
4456 24.00372624397278 -0.014957191018620504 0.008649671936058036 0.0 0.0 0.0 -0.3177257180213928 
4457 24.00896120071411 -0.014957191018620504 0.008649671936058036 0.0 0.0 0.0 -0.3181092143058777 
4458 24.0141761302948 -0.014957191018620504 0.008649671936058036 0.0 0.0 0.0 -0.31849271059036255 
4459 24.01941466331482 -0.014957191018620504 0.008649671936058036 0.0 0.0 0.0 -0.318684458732605 
4460 24.024760723114014 -0.20879481138498523 0.008649671936058036 0.0 0.0 0.009012140333652496 -0.318684458732605 
4461 24.0306453704834 -0.126998441076139 0.008649671936058036 0.0 0.0 0.00939563661813736 -0.3188762068748474 
4462 24.03600239753723 -0.14386425547883847 0.008649671936058036 0.0 0.0 0.010354369878768921 -0.3188762068748474 
4463 24.04130721092224 -0.14261336485133505 0.008649671936058036 0.0 0.0 0.010737866163253784 -0.3188762068748474 
4464 24.046592950820923 -0.1512423186211381 0.008649671936058036 0.0 0.0 0.011313110589981079 -0.3188762068748474 
4465 24.051965951919556 -0.157958680546144 0.008649671936058036 0.0 0.0 0.011888355016708374 -0.318684458732605 
4466 24.057194709777832 -0.16055571713135577 0.008649671936058036 0.0 0.0 0.012271851301193237 -0.318684458732605 
4467 24.06235408782959 -0.1650733346065972 0.008649671936058036 0.0 0.0 0.012655340135097504 -0.31849271059036255 
4468 24.067562103271484 -0.16959444649354555 0.008649671936058036 0.0 0.0 0.013038836419582367 -0.31849271059036255 
4469 24.07280445098877 -0.16587031375826336 0.008649671936058036 0.0 0.0 0.013038836419582367 -0.31849271059036255 
4470 24.07805609703064 -0.17835378862009382 0.008649671936058036 0.0 0.0 0.013614080846309662 -0.3183009624481201 
4471 24.08340334892273 -0.17684127895743587 0.008649671936058036 0.0 0.0 0.013805828988552094 -0.3183009624481201 
4472 24.088783502578735 -0.1791653619988356 0.008649671936058036 0.0 0.0 0.013997577130794525 -0.31849271059036255 
4473 24.094090461730957 -0.177366859982023 0.008649671936058036 0.0 0.0 0.013997577130794525 -0.31849271059036255 
4474 24.099340438842773 -0.17336162447021342 0.008649671936058036 0.0 0.0 0.013805828988552094 -0.318684458732605 
4475 24.10458016395569 -0.17539645543904045 0.008649671936058036 0.0 0.0 0.013805828988552094 -0.318684458732605 
4476 24.10979461669922 -0.1713895900680218 0.008649671936058036 0.0 0.0 0.013614080846309662 -0.3188762068748474 
4477 24.11512541770935 -0.16929857626021838 0.008649671936058036 0.0 0.0 0.01342233270406723 -0.3192597031593323 
4478 24.120402574539185 -0.1630817176757846 0.008649671936058036 0.0 0.0 0.013038836419582367 -0.3194514513015747 
4479 24.125699043273926 -0.158779080795357 0.008649671936058036 0.0 0.0 0.012655340135097504 -0.320026695728302 
4480 24.13090229034424 -0.16272161403135396 0.008649671936058036 0.0 0.0 0.012655340135097504 -0.32021844387054443 
4481 24.136236429214478 -0.15870496950508095 -0.18106365338747896 0.0 0.008820388466119766 0.012463591992855072 -0.32041019201278687 
4482 24.14151644706726 -0.15660433679283597 -0.09705895694566466 0.0 0.009012136608362198 0.012271851301193237 -0.32079368829727173 
4483 24.146846532821655 -0.14625340969325043 -0.09521807868441141 0.0 0.009012136608362198 0.011696606874465942 -0.32098543643951416 
4484 24.152241230010986 -0.15210527511895633 -0.0952946818455825 0.0 0.009012136608362198 0.011696606874465942 -0.32098543643951416 
4485 24.157527685165405 -0.12745940677286124 -0.10361971484159625 0.0 0.009395632892847061 0.010546118021011353 -0.3211771845817566 
4486 24.162776470184326 -0.12668129255832172 -0.10398874966835178 0.0 0.009587377309799194 0.009970873594284058 -0.3211771845817566 
4487 24.168081283569336 -0.1160217898322735 -0.10627701312338508 0.0 0.009779125452041626 0.009203888475894928 -0.3211771845817566 
4488 24.173330068588257 0.07419196121557615 -0.10856686918472445 0.0 0.009970873594284058 0.0 -0.3211771845817566 
4489 24.178656578063965 -0.01784692354337312 -0.10260992527043021 0.0 0.009779125452041626 0.0 -0.3211771845817566 
4490 24.18390130996704 -0.01784692354337312 -0.10048631434177555 0.0 0.009587377309799194 0.0 -0.3211771845817566 
4491 24.189268350601196 -0.01784692354337312 -0.09423693876189686 0.0 0.00920388475060463 0.0 -0.32098543643951416 
4492 24.194544553756714 -0.01784692354337312 0.09981165778415703 0.0 0.0 0.0 -0.32098543643951416 
4493 24.199923276901245 -0.01784692354337312 0.007772810278110734 0.0 0.0 0.0 -0.32098543643951416 
4494 24.205198049545288 -0.01784692354337312 0.007772810278110734 0.0 0.0 0.0 -0.32098543643951416 
4495 24.210564613342285 -0.01784692354337312 0.007772810278110734 0.0 0.0 0.0 -0.32098543643951416 
4496 24.216004610061646 -0.01784692354337312 0.007772810278110734 0.0 0.0 0.0 -0.3211771845817566 
4497 24.221327781677246 -0.01784692354337312 0.007772810278110734 0.0 0.0 0.0 -0.321368932723999 
4498 24.226558685302734 -0.01784692354337312 0.007772810278110734 0.0 0.0 0.0 -0.32156068086624146 
4499 24.231841564178467 -0.01784692354337312 0.007772810278110734 0.0 0.0 0.0 -0.32156068086624146 
4500 24.237083911895752 -0.01784692354337312 0.007772810278110734 0.0 0.0 0.0 -0.3219441771507263 
4501 24.242475271224976 -0.01784692354337312 0.007772810278110734 0.0 0.0 0.0 -0.32213592529296875 
4502 24.247763872146606 -0.01784692354337312 0.007772810278110734 0.0 0.0 0.0 -0.3223276734352112 
4503 24.25315523147583 -0.01784692354337312 0.007772810278110734 0.0 0.0 0.0 -0.3225194215774536 
4504 24.258459091186523 -0.01784692354337312 0.007772810278110734 0.0 0.0 0.0 -0.32271116971969604 
4505 24.263715505599976 -0.01784692354337312 0.007772810278110734 0.0 0.0 0.0 -0.3229029178619385 
4506 24.268941640853882 -0.01784692354337312 0.007772810278110734 0.0 0.0 0.0 -0.3229029178619385 
4507 24.27416205406189 -0.01784692354337312 0.007772810278110734 0.0 0.0 0.0 -0.3230946660041809 
4508 24.279487133026123 -0.01784692354337312 0.007772810278110734 0.0 0.0 0.0 -0.3230946660041809 
4509 24.284727573394775 -0.01784692354337312 0.007772810278110734 0.0 0.0 0.0 -0.3230946660041809 
4510 24.289940118789673 -0.01784692354337312 0.007772810278110734 0.0 0.0 0.0 -0.3230946660041809 
4511 24.295289993286133 -0.01784692354337312 0.007772810278110734 0.0 0.0 0.0 -0.3230946660041809 
4512 24.30057716369629 -0.01784692354337312 0.007772810278110734 0.0 0.0 0.0 -0.3230946660041809 
4513 24.306015968322754 -0.01784692354337312 0.007772810278110734 0.0 0.0 0.0 -0.3230946660041809 
4514 24.3113272190094 -0.01784692354337312 0.007772810278110734 0.0 0.0 0.0 -0.3229029178619385 
4515 24.316558837890625 -0.01784692354337312 0.007772810278110734 0.0 0.0 0.0 -0.3229029178619385 
4516 24.32185673713684 -0.01784692354337312 0.007772810278110734 0.0 0.0 0.0 -0.3229029178619385 
4517 24.32710576057434 -0.01784692354337312 0.007772810278110734 0.0 0.0 0.0 -0.32271116971969604 
4518 24.332331895828247 -0.01784692354337312 0.007772810278110734 0.0 0.0 0.0 -0.32271116971969604 
4519 24.3375403881073 -0.01784692354337312 0.007772810278110734 0.0 0.0 0.0 -0.32271116971969604 
4520 24.342763662338257 -0.01784692354337312 0.007772810278110734 0.0 0.0 0.0 -0.32271116971969604 
4521 24.348124504089355 -0.01784692354337312 0.007772810278110734 0.0 0.0 0.0 -0.32271116971969604 
4522 24.35349726676941 -0.01784692354337312 0.007772810278110734 0.0 0.0 0.0 -0.32271116971969604 
4523 24.35887384414673 -0.01784692354337312 0.007772810278110734 0.0 0.0 0.0 -0.32271116971969604 
4524 24.364177703857422 -0.01784692354337312 0.007772810278110734 0.0 0.0 0.0 -0.32271116971969604 
4525 24.36942410469055 -0.01784692354337312 0.007772810278110734 0.0 0.0 0.0 -0.32271116971969604 
4526 24.374796390533447 -0.01784692354337312 0.007772810278110734 0.0 0.0 0.0 -0.32271116971969604 
4527 24.380186796188354 -0.01784692354337312 0.007772810278110734 0.0 0.0 0.0 -0.32271116971969604 
4528 24.385417461395264 -0.01784692354337312 0.007772810278110734 0.0 0.0 0.0 -0.32271116971969604 
4529 24.391554355621338 -0.01784692354337312 0.007772810278110734 0.0 0.0 0.0 -0.32271116971969604 
4530 24.397037744522095 -0.01784692354337312 0.007772810278110734 0.0 0.0 0.0 -0.32271116971969604 
4531 24.402846097946167 -0.01784692354337312 0.007772810278110734 0.0 0.0 0.0 -0.32271116971969604 
4532 24.408231735229492 -0.01784692354337312 0.007772810278110734 0.0 0.0 0.0 -0.32271116971969604 
4533 24.413541793823242 -0.01784692354337312 0.007772810278110734 0.0 0.0 0.0 -0.32271116971969604 
4534 24.418771505355835 -0.01784692354337312 0.007772810278110734 0.0 0.0 0.0 -0.3225194215774536 
4535 24.42406153678894 -0.01784692354337312 0.007772810278110734 0.0 0.0 0.0 -0.3225194215774536 
4536 24.42933201789856 -0.01784692354337312 0.007772810278110734 0.0 0.0 0.0 -0.3225194215774536 
4537 24.434725999832153 -0.01784692354337312 0.007772810278110734 0.0 0.0 0.0 -0.3225194215774536 
4538 24.440030813217163 -0.01784692354337312 0.007772810278110734 0.0 0.0 0.0 -0.3225194215774536 
4539 24.445273876190186 -0.01784692354337312 0.007772810278110734 0.0 0.0 0.0 -0.3225194215774536 
4540 24.45049023628235 -0.01784692354337312 0.007772810278110734 0.0 0.0 0.0 -0.3225194215774536 
4541 24.455869674682617 -0.01784692354337312 0.007772810278110734 0.0 0.0 0.0 -0.3225194215774536 
4542 24.46126699447632 -0.01784692354337312 0.007772810278110734 0.0 0.0 0.0 -0.3225194215774536 
4543 24.466617345809937 -0.01784692354337312 0.007772810278110734 0.0 0.0 0.0 -0.3225194215774536 
4544 24.471863269805908 -0.01784692354337312 0.007772810278110734 0.0 0.0 0.0 -0.3225194215774536 
4545 24.47725248336792 -0.01784692354337312 0.007772810278110734 0.0 0.0 0.0 -0.3225194215774536 
4546 24.4825336933136 -0.01784692354337312 0.007772810278110734 0.0 0.0 0.0 -0.3225194215774536 
4547 24.487775564193726 -0.01784692354337312 0.007772810278110734 0.0 0.0 0.0 -0.3225194215774536 
4548 24.493011474609375 -0.01784692354337312 0.007772810278110734 0.0 0.0 0.0 -0.3225194215774536 
4549 24.498247385025024 -0.01784692354337312 0.007772810278110734 0.0 0.0 0.0 -0.3223276734352112 
4550 24.503618001937866 -0.01784692354337312 0.007772810278110734 0.0 0.0 0.0 -0.3223276734352112 
4551 24.508979558944702 -0.01784692354337312 0.007772810278110734 0.0 0.0 0.0 -0.3223276734352112 
4552 24.514259099960327 -0.01784692354337312 0.007772810278110734 0.0 0.0 0.0 -0.3223276734352112 
4553 24.519580364227295 -0.01784692354337312 0.007772810278110734 0.0 0.0 0.0 -0.3223276734352112 
4554 24.5248281955719 0.17186648190557025 0.007772810278110734 0.0 0.0 -0.008820392191410065 -0.3223276734352112 
4555 24.530037879943848 0.09611001782654785 0.007772810278110734 0.0 0.0 -0.009395629167556763 -0.3223276734352112 
4556 24.535276889801025 0.10281015566526913 0.007772810278110734 0.0 0.0 -0.009970873594284058 -0.3223276734352112 
4557 24.540486097335815 0.1095151085758116 0.007772810278110734 0.0 0.0 -0.010546118021011353 -0.3223276734352112 
4558 24.545706272125244 0.11622495106398129 0.007772810278110734 0.0 0.0 -0.011121362447738647 -0.3223276734352112 
4559 24.55112624168396 0.1270637377963867 0.007772810278110734 0.0 0.0 -0.011888347566127777 -0.32213592529296875 
4560 24.556427240371704 0.11949493756680749 0.007772810278110734 0.0 0.0 -0.011888347566127777 -0.32213592529296875 
4561 24.562087774276733 0.16496235261275433 0.007772810278110734 0.0 0.0 -0.013997577130794525 -0.32213592529296875 
4562 24.56746482849121 0.1522373059557285 0.007772810278110734 0.0 0.0 -0.014381065964698792 -0.32213592529296875 
4563 24.57280135154724 0.1608973014296498 0.007772810278110734 0.0 0.0 -0.014956310391426086 -0.32213592529296875 
4564 24.57805299758911 0.16352041563554667 0.007772810278110734 0.0 0.0 -0.01533980667591095 -0.3223276734352112 
4565 24.583293676376343 0.1721884858997073 0.007772810278110734 0.0 0.0 -0.015915051102638245 -0.3225194215774536 
4566 24.58852219581604 0.1789439643190708 0.007772810278110734 0.0 0.0 -0.01649029552936554 -0.32271116971969604 
4567 24.593780517578125 0.18570417206524872 0.007772810278110734 0.0 0.0 -0.017065532505512238 -0.3230946660041809 
4568 24.59903049468994 0.19246950408234262 0.007772810278110734 0.0 0.0 -0.017640776932239532 -0.32328641414642334 
4569 24.60426640510559 0.2074880810061004 0.007772810278110734 0.0 0.0 -0.01859951764345169 -0.3236699104309082 
4570 24.60948133468628 0.21455562946363352 0.007772810278110734 0.0 0.0 -0.019366510212421417 -0.3236699104309082 
4571 24.61482834815979 0.22354701852961445 0.007772810278110734 0.0 0.0 -0.020133495330810547 -0.3236699104309082 
4572 24.620100736618042 0.22842094680829905 0.007772810278110734 0.0 0.0 -0.020708739757537842 -0.32347816228866577 
4573 24.6254403591156 0.2269687417463865 0.007772810278110734 0.0 0.0 -0.020900487899780273 -0.32347816228866577 
4574 24.63072419166565 0.22935312938853167 0.007772810278110734 0.0 0.0 -0.021092236042022705 -0.3236699104309082 
4575 24.636032581329346 0.2234907170550432 0.007772810278110734 0.0 0.0 -0.020900487899780273 -0.3236699104309082 
4576 24.641297101974487 0.17609543386637233 0.007772810278110734 0.0 0.0 -0.01859951764345169 -0.32386165857315063 
4577 24.646581172943115 0.17451794282509947 0.007772810278110734 0.0 0.0 -0.0174490287899971 -0.32386165857315063 
4578 24.651837587356567 0.16142601885064506 0.007772810278110734 0.0 0.0 -0.016298547387123108 -0.32405340671539307 
4579 24.657083988189697 0.17306937053217553 0.007772810278110734 0.0 0.0 -0.016298547387123108 -0.32405340671539307 
4580 24.662370681762695 0.12371748942672275 0.007772810278110734 0.0 0.0 -0.013997577130794525 -0.3242451548576355 
4581 24.667906284332275 0.12210088189109228 0.007772810278110734 0.0 0.0 -0.012847088277339935 -0.32443690299987793 
4582 24.67325186729431 0.10896968117146753 0.007772810278110734 0.0 0.0 -0.011696599423885345 -0.32462865114212036 
4583 24.678574085235596 0.09170464662997983 0.007772810278110734 0.0 0.0 -0.010354369878768921 -0.3248203992843628 
4584 24.683870315551758 0.08046966472058557 0.007772810278110734 0.0 0.0 -0.009203881025314331 -0.3250121474266052 
4585 24.689314126968384 -0.10590888878912665 0.007772810278110734 0.0 0.0 0.0 -0.32520389556884766 
4586 24.694618463516235 -0.013870078535983335 0.007772810278110734 0.0 0.0 0.0 -0.3253956437110901 
4587 24.699842929840088 -0.013870078535983335 0.007772810278110734 0.0 0.0 0.0 -0.3255873918533325 
4588 24.70506191253662 -0.013870078535983335 0.007772810278110734 0.0 0.0 0.0 -0.32577913999557495 
4589 24.710288524627686 -0.013870078535983335 0.007772810278110734 0.0 0.0 0.0 -0.3259708881378174 
4590 24.715545177459717 -0.013870078535983335 0.007772810278110734 0.0 0.0 0.0 -0.3259708881378174 
4591 24.720930337905884 -0.013870078535983335 0.007772810278110734 0.0 0.0 0.0 -0.32635438442230225 
4592 24.72640562057495 -0.013870078535983335 0.007772810278110734 0.0 0.0 0.0 -0.3265461325645447 
4593 24.73173761367798 -0.013870078535983335 0.007772810278110734 0.0 0.0 0.0 -0.3267378807067871 
4594 24.737003326416016 -0.013870078535983335 0.007772810278110734 0.0 0.0 0.0 -0.3267378807067871 
4595 24.742239475250244 -0.013870078535983335 0.007772810278110734 0.0 0.0 0.0 -0.3267378807067871 
4596 24.747488498687744 -0.013870078535983335 0.007772810278110734 0.0 0.0 0.0 -0.3267378807067871 
4597 24.752782583236694 0.18409159649698997 0.007772810278110734 0.0 0.0 -0.009203881025314331 -0.3267378807067871 
4598 24.758106470108032 0.11687630873708986 0.007772810278110734 0.0 0.0 -0.010354369878768921 -0.3265461325645447 
4599 24.76347804069519 0.12608050693362022 0.2057346455618968 0.0 -0.009203888475894928 -0.011313110589981079 -0.3265461325645447 
4600 24.768914461135864 0.1372101755978074 0.1220224236898353 0.0 -0.009587384760379791 -0.01227184385061264 -0.32635438442230225 
4601 24.77438473701477 0.1483482282513287 0.13064143811690115 0.0 -0.01016262173652649 -0.013230584561824799 -0.32635438442230225 
4602 24.77969741821289 0.155370140777668 0.13322388047503733 0.0 -0.010546118021011353 -0.013997577130794525 -0.3261626362800598 
4603 24.78505277633667 0.16844010882987642 0.13772698946820996 0.0 -0.010929614305496216 -0.014956310391426086 -0.3259708881378174 
4604 24.79036283493042 0.17960097944899464 0.14223335817980073 0.0 -0.011313110589981079 -0.015915051102638245 -0.32577913999557495 
4605 24.795701265335083 0.17014885027124546 0.13849455677496694 0.0 -0.011313110589981079 -0.015915051102638245 -0.32577913999557495 
4606 24.80096673965454 0.19915347237675451 0.1592117928020885 0.0 -0.012271851301193237 -0.01725728064775467 -0.3253956437110901 
4607 24.80644702911377 0.21062315331562423 0.1621011809274783 0.0 -0.012847088277339935 -0.01840776950120926 -0.32462865114212036 
4608 24.811739444732666 0.20339894573925996 0.1647064412512114 0.0 -0.013230584561824799 -0.01859951764345169 -0.32405340671539307 
4609 24.81699252128601 0.20988799005164765 0.16923236820998094 0.0 -0.013614080846309662 -0.018983013927936554 -0.3236699104309082 
4610 24.82221508026123 0.20621438282518648 0.17376155488716863 0.0 -0.013997577130794525 -0.018983013927936554 -0.32328641414642334 
4611 24.827567100524902 0.20637573844357396 0.17829400128277445 0.0 -0.014381073415279388 -0.018983013927936554 -0.3229029178619385 
4612 24.832847356796265 0.20241287914454006 0.17458127756195568 0.0 -0.014381073415279388 -0.018791265785694122 -0.3225194215774536 
4613 24.83818793296814 0.20036587140872145 0.16645508685114288 0.0 -0.013997577130794525 -0.01859951764345169 -0.32213592529296875 
4614 24.84346914291382 0.2024414487311151 0.15803638434933923 0.0 -0.01342233270406723 -0.01859951764345169 -0.3217524290084839 
4615 24.8487389087677 0.19435111479624176 0.1474060587749114 0.0 -0.012655340135097504 -0.018216021358966827 -0.321368932723999 
4616 24.853995084762573 0.19421669890522025 0.1386868554368844 0.0 -0.011888355016708374 -0.018024273216724396 -0.32098543643951416 
4617 24.859242916107178 0.18391474189772272 0.12171246813388967 0.0 -0.010737866163253784 -0.0174490287899971 -0.3206019401550293 
4618 24.864730834960938 0.17744301840825938 0.11268771419452929 0.0 -0.009779132902622223 -0.016873791813850403 -0.32021844387054443 
4619 24.870123147964478 0.17096617064788008 -0.08797631060553289 0.0 0.0 -0.016298547387123108 -0.31964319944381714 
4620 24.8754665851593 0.17685715256794357 0.009815018420689336 0.0 0.0 -0.016298547387123108 -0.31964319944381714 
4621 24.880953550338745 0.13987775596394206 0.009815018420689336 0.0 0.0 -0.014572814106941223 -0.3188762068748474 
4622 24.886365175247192 0.1407622582667973 0.009815018420689336 0.0 0.0 -0.013805828988552094 -0.3183009624481201 
4623 24.891814470291138 0.11143152474029921 0.009815018420689336 0.0 0.0 -0.012080095708370209 -0.31734222173690796 
4624 24.89714741706848 0.11641905385418796 0.009815018420689336 0.0 0.0 -0.01150485873222351 -0.3169587254524231 
4625 24.9023654460907 0.10577235524519348 0.009815018420689336 0.0 0.0 -0.010737866163253784 -0.3163835406303406 
4626 24.907631635665894 0.09703669312759304 0.009815018420689336 0.0 0.0 -0.009970873594284058 -0.3158082962036133 
4627 24.912870168685913 0.08829451157315635 0.009815018420689336 0.0 0.0 -0.009203881025314331 -0.315233051776886 
4628 24.91826343536377 -0.1019190047814045 0.009815018420689336 0.0 0.0 0.0 -0.3146578073501587 
4629 24.923583984375 -0.009880194528261187 0.009815018420689336 0.0 0.0 0.0 -0.3140825629234314 
4630 24.928810119628906 -0.009880194528261187 0.009815018420689336 0.0 0.0 0.0 -0.3135073184967041 
4631 24.934191942214966 -0.009880194528261187 0.009815018420689336 0.0 0.0 0.0 -0.3127403259277344 
4632 24.93962049484253 -0.009880194528261187 0.009815018420689336 0.0 0.0 0.0 -0.3121650815010071 
4633 24.94490933418274 -0.009880194528261187 0.009815018420689336 0.0 0.0 0.0 -0.3115898370742798 
4634 24.950186729431152 -0.009880194528261187 0.009815018420689336 0.0 0.0 0.0 -0.31082284450531006 
4635 24.955443859100342 -0.009880194528261187 0.009815018420689336 0.0 0.0 0.0 -0.31082284450531006 
4636 24.960766077041626 -0.009880194528261187 0.009815018420689336 0.0 0.0 0.0 -0.30948060750961304 
4637 24.966029167175293 -0.009880194528261187 0.009815018420689336 0.0 0.0 0.0 -0.30890536308288574 
4638 24.97128129005432 0.19632991033955477 0.009815018420689336 0.0 0.0 -0.009587377309799194 -0.308138370513916 
4639 24.97667145729065 0.12528291945322417 0.009815018420689336 0.0 0.0 -0.010737866163253784 -0.3075631260871887 
4640 24.981951475143433 0.13449021711735987 0.009815018420689336 0.0 0.0 -0.011696599423885345 -0.3069878816604614 
4641 24.987437963485718 0.16212023986293936 0.009815018420689336 0.0 0.0 -0.01342233270406723 -0.30602914094924927 
4642 24.992721557617188 0.16147385655879043 0.009815018420689336 0.0 0.0 -0.014189325273036957 -0.3056456446647644 
4643 24.99802827835083 0.1704212395527866 0.009815018420689336 0.0 0.0 -0.014956310391426086 -0.30526214838027954 
4644 25.0032696723938 0.1834995915943291 0.009815018420689336 0.0 0.0 -0.015915051102638245 -0.3050704002380371 
4645 25.008532524108887 0.19466853700368666 0.009815018420689336 0.0 0.0 -0.016873791813850403 -0.3048786520957947 
4646 25.0137677192688 0.20584547145827675 0.009815018420689336 0.0 0.0 -0.017832525074481964 -0.30468690395355225 
4647 25.018985748291016 0.21703078990220093 0.21190106862189673 0.0 -0.00939563661813736 -0.018791265785694122 -0.3043034076690674 
4648 25.02426266670227 0.22409980796813034 0.1345212647706499 0.0 -0.01016262173652649 -0.019558250904083252 -0.30411165952682495 
4649 25.029621601104736 0.22484463175176644 0.14343465554120444 0.0 -0.010929614305496216 -0.019941747188568115 -0.3039199113845825 
4650 25.034894943237305 0.22117917375802063 0.1358576315731039 0.0 -0.010929614305496216 -0.019941747188568115 -0.3039199113845825 
4651 25.040287017822266 0.23784553827880883 0.16069582279922867 0.0 -0.012080103158950806 -0.020708739757537842 -0.3037281632423401 
4652 25.045597791671753 0.23447585179447197 0.15754204497637653 0.0 -0.012463599443435669 -0.020900487899780273 -0.30353641510009766 
4653 25.050954580307007 0.23686023943661713 0.16618550722824835 0.0 -0.013038836419582367 -0.021092236042022705 -0.3033446669578552 
4654 25.056193113327026 0.23512204202055 0.1687923974111905 0.0 -0.01342233270406723 -0.021092236042022705 -0.3033446669578552 
4655 25.06143546104431 0.22705289619206453 0.17331995422916913 0.0 -0.013805828988552094 -0.020708739757537842 -0.30296117067337036 
4656 25.06665349006653 0.23106388332485223 0.16960234093072318 0.0 -0.013805828988552094 -0.020708739757537842 -0.30296117067337036 
4657 25.07194709777832 0.22299147777794862 0.16971969047712587 0.0 -0.013805828988552094 -0.02032524347305298 -0.30276942253112793 
4658 25.077486753463745 0.20225407593860292 0.16983704002352856 0.0 -0.013805828988552094 -0.019174762070178986 -0.30219417810440063 
4659 25.08280348777771 0.20154923069267536 0.16995438956993125 0.0 -0.013805828988552094 -0.01859951764345169 -0.30181068181991577 
4660 25.088188886642456 0.1909629111902323 0.17007173911633394 0.0 -0.013805828988552094 -0.017832525074481964 -0.30161893367767334 
4661 25.093667030334473 0.18228755367337726 0.1660648737453153 0.0 -0.013614080846309662 -0.017065532505512238 -0.3012354373931885 
4662 25.09899139404297 0.16948162205307746 0.1639738599375119 0.0 -0.01342233270406723 -0.016106799244880676 -0.3008519411087036 
4663 25.104341745376587 0.15858478786586785 0.1660054311879208 0.0 -0.01342233270406723 -0.015148058533668518 -0.30046844482421875 
4664 25.109636068344116 0.14355582422181035 0.16611952101590538 0.0 -0.01342233270406723 -0.013997577130794525 -0.29989320039749146 
4665 25.11491060256958 0.15517961765616203 0.16623361084388993 0.0 -0.01342233270406723 -0.013997577130794525 -0.29989320039749146 
4666 25.12019968032837 0.11405644788756036 0.15809927083703185 0.0 -0.013038836419582367 -0.012080095708370209 -0.2989344596862793 
4667 25.12548589706421 0.12096145842387343 0.15792084887402558 0.0 -0.012847088277339935 -0.01150485873222351 -0.298359215259552 
4668 25.130738735198975 0.11443897473230027 0.15994753054680727 0.0 -0.012847088277339935 -0.010929614305496216 -0.2977839708328247 
4669 25.136067390441895 0.11616010580374861 0.16005673079716468 0.0 -0.012847088277339935 -0.010737866163253784 -0.2972087264060974 
4670 25.141321420669556 0.11404464417113924 0.16016593104752205 0.0 -0.012847088277339935 -0.010546118021011353 -0.2966334819793701 
4671 25.146684169769287 0.11605176759674216 0.1561509163804581 0.0 -0.012655340135097504 -0.010546118021011353 -0.29624998569488525 
4672 25.1521098613739 0.11614140959992075 0.15817596819403076 0.0 -0.012655340135097504 -0.010546118021011353 -0.29567474126815796 
4673 25.15750813484192 0.10385840685083532 0.15828353858517907 0.0 -0.012655340135097504 -0.009970873594284058 -0.29452431201934814 
4674 25.16279649734497 0.101447173708817 0.1583911089763274 0.0 -0.012655340135097504 -0.009587377309799194 -0.29394906759262085 
4675 25.168142557144165 0.09711519942595626 0.15437462470086716 0.0 -0.012463599443435669 -0.009203881025314331 -0.29337382316589355 
4676 25.1734299659729 0.09690418034209872 0.15639797221275473 0.0 -0.012463599443435669 -0.0090121328830719 -0.29279857873916626 
4677 25.178861618041992 0.09889826489402914 0.15237969789060257 0.0 -0.012271851301193237 -0.0090121328830719 -0.2924150824546814 
4678 25.18421244621277 0.1030990829409566 0.15440149004908704 0.0 -0.012271851301193237 -0.009203881025314331 -0.2918398380279541 
4679 25.18950653076172 0.10950826434209013 0.15038158586772585 0.0 -0.012080103158950806 -0.009587377309799194 -0.2912645936012268 
4680 25.194812774658203 0.1057547942043748 0.15240174816700125 0.0 -0.012080103158950806 -0.009587377309799194 -0.2912645936012268 
4681 25.200239658355713 0.11408471674635076 0.15250442904385234 0.0 -0.012080103158950806 -0.009970873594284058 -0.29030585289001465 
4682 25.205604076385498 0.11858293616189623 0.15260710992070342 0.0 -0.012080103158950806 -0.010354369878768921 -0.2899223566055298 
4683 25.210948944091797 0.11896020037843848 0.15683400571497583 0.0 -0.012271851301193237 -0.010546118021011353 -0.2895388603210449 
4684 25.216188669204712 0.12538079079403544 0.15914504994603298 0.0 -0.012463599443435669 -0.010929614305496216 -0.28915536403656006 
4685 25.221430778503418 0.1298871595056262 0.1655817787029078 0.0 -0.012847088277339935 -0.011313110589981079 -0.2887718677520752 
4686 25.226693153381348 0.13439662768482233 0.1701045204490652 0.0 -0.013230584561824799 -0.011696599423885345 -0.28858011960983276 
4687 25.231919527053833 0.13890959027572536 0.17463044740783476 0.0 -0.013614080846309662 -0.012080095708370209 -0.2881966233253479 
4688 25.237200498580933 0.15579838283150457 0.17915963408502245 0.0 -0.013997577130794525 -0.013038836419582367 -0.2876213788986206 
4689 25.2425479888916 0.15869445058121348 0.17956786556320692 0.0 -0.014189325273036957 -0.013614080846309662 -0.28723788261413574 
4690 25.247831344604492 0.16130615583597685 0.18189520832302475 0.0 -0.014381073415279388 -0.013997577130794525 -0.2870461344718933 
4691 25.25321626663208 0.1699626568981912 0.18422418094205165 0.0 -0.01457282155752182 -0.014572814106941223 -0.2868543863296509 
4692 25.25857138633728 0.1725825858914759 0.17830635358544492 0.0 -0.014381073415279388 -0.014956310391426086 -0.286470890045166 
4693 25.263917922973633 0.17712318151979708 0.18034607413189913 0.0 -0.014381073415279388 -0.01533980667591095 -0.2862791419029236 
4694 25.26921820640564 0.18166703686653637 0.180468313255929 0.0 -0.014381073415279388 -0.015723302960395813 -0.2858956456184387 
4695 25.274482250213623 0.1779657220968511 0.18059055237995886 0.0 -0.014381073415279388 -0.015723302960395813 -0.2858956456184387 
4696 25.279810667037964 0.18634780000685716 0.18071279150398875 0.0 -0.014381073415279388 -0.016106799244880676 -0.2853204011917114 
4697 25.285259008407593 0.18677395987301135 0.18083503062801862 0.0 -0.014381073415279388 -0.016298547387123108 -0.28493690490722656 
4698 25.29054832458496 0.18911923102079892 0.18095726975204848 0.0 -0.014381073415279388 -0.01649029552936554 -0.2845534086227417 
4699 25.295835494995117 0.1873419171103742 0.18107950887607838 0.0 -0.014381073415279388 -0.01649029552936554 -0.28436166048049927 
4700 25.301162004470825 0.1874820846223738 0.1770775330826869 0.0 -0.014189325273036957 -0.01649029552936554 -0.2839781641960144 
4701 25.306545972824097 0.18762225213437342 0.1749914088525107 0.0 -0.013997577130794525 -0.01649029552936554 -0.28359466791152954 
4702 25.31184482574463 0.18776241964637302 0.17290365476312541 0.0 -0.013805828988552094 -0.01649029552936554 -0.28301942348480225 
4703 25.3172287940979 0.18790258715837263 0.1625658409796884 0.0 -0.013230584561824799 -0.01649029552936554 -0.2820606827735901 
4704 25.322524309158325 0.18804275467037224 0.16430653029831555 0.0 -0.013038836419582367 -0.01649029552936554 -0.2816771864891052 
4705 25.3277907371521 0.18818292218237184 0.16221062691288496 0.0 -0.012847088277339935 -0.01649029552936554 -0.28110194206237793 
4706 25.333052396774292 0.18832308969437148 0.16011309366824533 0.0 -0.012655340135097504 -0.01649029552936554 -0.28052669763565063 
4707 25.338295459747314 0.18846325720637108 0.16213814548181796 0.0 -0.012655340135097504 -0.01649029552936554 -0.27995145320892334 
4708 25.343567848205566 0.18447920980094934 0.1622457158729663 0.0 -0.012655340135097504 -0.016298547387123108 -0.27937620878219604 
4709 25.348830699920654 0.18241101395874285 0.16235328626411463 0.0 -0.012655340135097504 -0.016106799244880676 -0.27880096435546875 
4710 25.354098081588745 0.18446540317474866 0.16246085665526294 0.0 -0.012655340135097504 -0.016106799244880676 -0.27880096435546875 
4711 25.359540939331055 0.15573280654638075 0.16256842704641128 0.0 -0.012655340135097504 -0.014764562249183655 -0.27765047550201416 
4712 25.364847898483276 0.15278397586359643 0.16267599743755962 0.0 -0.012655340135097504 -0.013997577130794525 -0.27707523107528687 
4713 25.370179414749146 0.14407594678341412 0.16278356782870793 0.0 -0.012655340135097504 -0.013230584561824799 -0.27630823850631714 
4714 25.375459909439087 0.1312372578547802 0.16289113821985626 0.0 -0.012655340135097504 -0.01227184385061264 -0.27573299407958984 
4715 25.38084101676941 0.12443227622075939 0.1629987086110046 0.0 -0.012655340135097504 -0.01150485873222351 -0.27515774965286255 
4716 25.386252880096436 0.11982727395161055 0.1631062790021529 0.0 -0.012655340135097504 -0.010929614305496216 -0.27458250522613525 
4717 25.391551733016968 0.10917576027079487 0.16321384939330125 0.0 -0.012655340135097504 -0.01016262173652649 -0.2738155722618103 
4718 25.396807193756104 0.10455942349298859 0.1674456347018709 0.0 -0.012847088277339935 -0.009587377309799194 -0.273240327835083 
4719 25.402071475982666 0.09389666104852223 0.17388578336464666 0.0 -0.013230584561824799 -0.008820392191410065 -0.271898090839386 
4720 25.407306671142578 -0.08807191988290286 0.1742874954059949 0.0 -0.01342233270406723 0.0 -0.2713228464126587 
4721 25.412737607955933 0.00013200203119778713 0.17660831872897648 0.0 -0.013614080846309662 0.0 -0.2707476019859314 
4722 25.41801166534424 0.00013200203119778713 0.18305498682858848 0.0 -0.013997577130794525 0.0 -0.2701723575592041 
4723 25.423314332962036 0.00013200203119778713 0.18346321830677295 0.0 -0.014189325273036957 0.0 -0.2694053649902344 
4724 25.428593635559082 0.00013200203119778713 0.18579056106659078 0.0 -0.014381073415279388 0.0 -0.2688301205635071 
4725 25.433855056762695 0.00013200203119778713 0.18399531876819636 0.0 -0.014381073415279388 0.0 -0.2688301205635071 
4726 25.439095735549927 0.00013200203119778713 0.18411755789222622 0.0 -0.014381073415279388 0.0 -0.2676796317100525 
4727 25.44454550743103 0.00013200203119778713 0.1842397970162561 0.0 -0.014381073415279388 0.0 -0.2672961354255676 
4728 25.449828624725342 0.00013200203119778713 0.18023782122286464 0.0 -0.014189325273036957 0.0 -0.26691263914108276 
4729 25.455044507980347 0.00013200203119778713 0.18227591191010975 0.0 -0.014189325273036957 0.0 -0.2665291428565979 
4730 25.460299015045166 0.00013200203119778713 0.17827230625750923 0.0 -0.013997577130794525 0.0 -0.26633739471435547 
4731 25.465622186660767 0.00013200203119778713 0.1803087670855453 0.0 -0.013997577130794525 0.0 -0.26614564657211304 
4732 25.470892667770386 0.00013200203119778713 0.18455196140857838 0.0 -0.014189325273036957 0.0 -0.2659538984298706 
4733 25.47624373435974 0.00013200203119778713 0.19100351908581759 0.0 -0.01457282155752182 0.0 -0.2657621502876282 
4734 25.481508493423462 0.00013200203119778713 0.19554085505905056 0.0 -0.014956317842006683 0.0 -0.2653786540031433 
4735 25.48678970336914 0.00013200203119778713 0.191833020915859 0.0 -0.014956317842006683 0.0 -0.2651869058609009 
4736 25.492161750793457 0.00013200203119778713 0.19196014961751603 0.0 -0.014956317842006683 0.0 -0.26499515771865845 
4737 25.497457027435303 0.00013200203119778713 0.1920872783191731 0.0 -0.014956317842006683 0.0 -0.26499515771865845 
4738 25.502729892730713 0.2310873964035418 0.18396597718598748 0.0 -0.01457282155752182 -0.010737866163253784 -0.264803409576416 
4739 25.50798225402832 0.15679356572194958 0.1838005940966537 0.0 -0.014381073415279388 -0.01227184385061264 -0.264803409576416 
4740 25.513197422027588 0.14155809952109122 0.18584031464310788 0.0 -0.014381073415279388 -0.01227184385061264 -0.264803409576416 
4741 25.51852536201477 0.20764968862175012 0.1694656940974524 0.0 -0.013614080846309662 -0.01533980667591095 -0.264803409576416 
4742 25.523813247680664 0.21421822273149158 0.1772513394743433 0.0 -0.013614080846309662 -0.017065532505512238 -0.264803409576416 
4743 25.52910804748535 0.2342239557185676 0.17736705916153692 0.0 -0.013614080846309662 -0.018791265785694122 -0.264803409576416 
4744 25.534323692321777 0.2583683375993278 0.18160699376615191 0.0 -0.013805828988552094 -0.020708739757537842 -0.264803409576416 
4745 25.539572954177856 0.27648747630021536 0.1798068618901303 0.0 -0.013805828988552094 -0.022434469312429428 -0.264803409576416 
4746 25.544821977615356 0.2924145129544195 0.18817264127137565 0.0 -0.014189325273036957 -0.023968450725078583 -0.264803409576416 
4747 25.550026416778564 0.3061478549556341 0.1885825026087692 0.0 -0.014381073415279388 -0.025310683995485306 -0.264803409576416 
4748 25.555246829986572 0.3135616575272288 0.1950356901452174 0.0 -0.014764569699764252 -0.026269420981407166 -0.2646116614341736 
4749 25.560474157333374 0.3248185722080525 0.19957449572684668 0.0 -0.015148058533668518 -0.027228157967329025 -0.2642281651496887 
4750 25.565809726715088 0.33608363615325654 0.1958683658853402 0.0 -0.015148058533668518 -0.028186894953250885 -0.26384466886520386 
4751 25.571154594421387 0.34735692948824726 0.1959971243828764 0.0 -0.015148058533668518 -0.029145635664463043 -0.26326942443847656 
4752 25.576497316360474 0.3627624696583953 0.192001828213804 0.0 -0.014956317842006683 -0.030296120792627335 -0.26269418001174927 
4753 25.58183217048645 0.3762603447826114 0.1857979339972367 0.0 -0.01457282155752182 -0.031446605920791626 -0.26192718744277954 
4754 25.587069749832153 0.3938922139478382 0.17738412107306026 0.0 -0.013997577130794525 -0.03278883919119835 -0.2611601948738098 
4755 25.592426300048828 0.4013695808385965 0.17088289999368095 0.0 -0.01342233270406723 -0.03374757617712021 -0.2605849504470825 
4756 25.59766912460327 0.40031749521172605 0.16437678933667443 0.0 -0.012847088277339935 -0.03413107246160507 -0.2592427134513855 
4757 25.60290265083313 0.3802758669385221 0.16611421893688344 0.0 -0.012655340135097504 -0.033364083617925644 -0.2586674690246582 
4758 25.608168840408325 0.367608275498962 0.1681392707504561 0.0 -0.012655340135097504 -0.032405342906713486 -0.2580922245979309 
4759 25.61340570449829 0.3486017037292477 0.1682468411416044 0.0 -0.012655340135097504 -0.031063109636306763 -0.2575169801712036 
4760 25.61869764328003 0.33341864856868053 0.16835441153275274 0.0 -0.012655340135097504 -0.02972087636590004 -0.2569417357444763 
4761 25.624059438705444 0.31409996950789354 0.16846198192390108 0.0 -0.012655340135097504 -0.028186894953250885 -0.256366491317749 
4762 25.629328966140747 0.2925615982355084 0.17269376723247074 0.0 -0.012847088277339935 -0.026461169123649597 -0.25579124689102173 
4763 25.634629249572754 0.277050137255108 0.17500970097782514 0.0 -0.013038836419582367 -0.024927187711000443 -0.25521600246429443 
4764 25.639933109283447 0.25548397834575737 0.18145147949980997 0.0 -0.01342233270406723 -0.023201458156108856 -0.2544490098953247 
4765 25.645198345184326 0.2316964973655995 0.17773060648294592 0.0 -0.01342233270406723 -0.021283984184265137 -0.2538737654685974 
4766 25.650452613830566 0.2098101620262023 0.17784469631093047 0.0 -0.01342233270406723 -0.019366510212421417 -0.2532985210418701 
4767 25.655719995498657 0.179658938072389 0.1738345712214937 0.0 -0.013230584561824799 -0.017065532505512238 -0.2527233362197876 
4768 25.661028385162354 0.15744756832695567 0.1717402976952722 0.0 -0.013038836419582367 -0.014956310391426086 -0.25233983993530273 
4769 25.666293144226074 0.13742492918274368 0.16139612472581172 0.0 -0.012463599443435669 -0.013038836419582367 -0.25176459550857544 
4770 25.671610116958618 0.11546851008734668 0.15488179033028387 0.0 -0.011888355016708374 -0.011121362447738647 -0.2513810992240906 
4771 25.677334547042847 -0.10446604282059706 0.13186578119324946 0.0 -0.010546118021011353 0.0 -0.2504223585128784 
4772 25.68264150619507 0.006747581656789423 0.12888109373452566 0.0 -0.009779132902622223 0.0 -0.25003886222839355 
4773 25.687955856323242 0.006747581656789423 0.12013720787840387 0.0 -0.009012140333652496 0.0 -0.2496553659439087 
4774 25.69335627555847 0.006747581656789423 -0.06595388360542752 0.0 0.0 0.0 -0.24927186965942383 
4775 25.698660850524902 0.006747581656789423 0.024167519731097445 0.0 0.0 0.0 -0.2490801215171814 
4776 25.703906059265137 0.006747581656789423 0.024167519731097445 0.0 0.0 0.0 -0.24888837337493896 
4777 25.70911717414856 0.006747581656789423 0.2221293550148835 0.0 -0.009203888475894928 0.0 -0.2485048770904541 
4778 25.714330434799194 0.006747581656789423 0.15903804747911596 0.0 -0.010546118021011353 0.0 -0.2485048770904541 
4779 25.719623804092407 0.006747581656789423 0.1745748984530797 0.0 -0.011888355016708374 0.0 -0.24831312894821167 
4780 25.72488021850586 0.006747581656789423 0.19012292368488812 0.0 -0.013230584561824799 0.0 -0.24831312894821167 
4781 25.73041081428528 0.006747581656789423 0.2098068075418701 0.0 -0.014764569699764252 0.0 -0.24831312894821167 
4782 25.73574209213257 0.006747581656789423 0.22758601409348153 0.0 -0.016298547387123108 0.0 -0.2485048770904541 
4783 25.741090297698975 0.006747581656789423 0.2536267637960842 0.0 -0.018216021358966827 0.0 -0.24869662523269653 
4784 25.746362447738647 0.006747581656789423 0.27172479451599024 0.0 -0.019941754639148712 0.0 -0.24869662523269653 
4785 25.75166940689087 0.006747581656789423 0.28763052571716213 0.0 -0.02147573232650757 0.0 -0.24869662523269653 
4786 25.756940841674805 0.006747581656789423 0.29721858207287694 0.0 -0.022626221179962158 0.0 -0.2485048770904541 
4787 25.76223587989807 0.006747581656789423 0.31889957550691866 0.0 -0.024160198867321014 0.0 -0.24888837337493896 
4788 25.76748037338257 0.006747581656789423 0.31613780507596634 0.0 -0.02473544329404831 0.0 -0.24927186965942383 
4789 25.77271270751953 0.2129576865246054 0.3188440419115355 0.0 -0.025118939578533173 -0.009587377309799194 -0.24946361780166626 
4790 25.77796769142151 0.11716540613374675 0.3152225900531044 0.0 -0.025118939578533173 -0.009587377309799194 -0.24946361780166626 
4791 25.783494234085083 0.18323417726880872 0.34430544521065853 0.0 -0.026461169123649597 -0.012655340135097504 -0.250230610370636 
4792 25.788803100585938 0.15266211940697397 0.3311080696970453 0.0 -0.026461169123649597 -0.012655340135097504 -0.250230610370636 
4793 25.794109344482422 0.20226010855636561 0.3643267089739671 0.0 -0.02799515426158905 -0.014956310391426086 -0.2509976029396057 
4794 25.799465656280518 0.19999860921851362 0.3615973009072473 0.0 -0.02857039123773575 -0.015915051102638245 -0.251572847366333 
4795 25.804691791534424 0.21941582421190106 0.36846042422356506 0.0 -0.029145635664463043 -0.01725728064775467 -0.2521480917930603 
4796 25.80989360809326 0.23500972006819212 0.3712041476942828 0.0 -0.029529131948947906 -0.01859951764345169 -0.2527233362197876 
4797 25.815099239349365 0.2506147901823279 0.3676201824710002 0.0 -0.029529131948947906 -0.019941747188568115 -0.2532985210418701 
4798 25.82031798362732 0.2621072890867945 0.36787118009256625 0.0 -0.029529131948947906 -0.021092236042022705 -0.25406551361083984 
4799 25.82555317878723 0.2714027591457125 0.3598737478792896 0.0 -0.029145635664463043 -0.022050976753234863 -0.255024254322052 
4800 25.830827236175537 0.28262369967228734 0.3557080187924435 0.0 -0.02876213937997818 -0.023009710013866425 -0.25579124689102173 
4801 25.836204767227173 0.289728809270775 0.351539190237992 0.0 -0.028378650546073914 -0.02377670258283615 -0.25655823945999146 
4802 25.841553211212158 0.2987577650973108 0.34736686727183363 0.0 -0.02799515426158905 -0.02454369142651558 -0.2573252320289612 
4803 25.84689998626709 0.29954492787248455 0.33906714417564177 0.0 -0.027419909834861755 -0.024927187711000443 -0.2580922245979309 
4804 25.85213541984558 0.29592184612317946 0.332680012924247 0.0 -0.02684466540813446 -0.024927187711000443 -0.25905096530914307 
4805 25.8576443195343 0.29613372721872294 0.3180395622603824 0.0 -0.025885924696922302 -0.024927187711000443 -0.2598179578781128 
4806 25.86300492286682 0.2922213933968451 0.28248079589160585 0.0 -0.02377670258283615 -0.02473543956875801 -0.2611601948738098 
4807 25.868263959884644 0.29434912605560387 0.30377511900442145 0.0 -0.02377670258283615 -0.02473543956875801 -0.2611601948738098 
4808 25.87348699569702 0.29043516237451694 0.22974167296441694 0.0 -0.020325250923633575 -0.02454369142651558 -0.26250243186950684 
4809 25.8787100315094 0.2843129154646304 0.2231868050150802 0.0 -0.01840776950120926 -0.024160198867321014 -0.26307767629623413 
4810 25.883944272994995 0.27598055799468424 0.19715188143926166 0.0 -0.016298547387123108 -0.02358495444059372 -0.263461172580719 
4811 25.889283418655396 0.26543669483042326 0.17301643639209174 0.0 -0.014189325273036957 -0.02281796559691429 -0.26384466886520386 
4812 25.89461636543274 0.2609278912225273 0.1406146331221094 0.0 -0.011696606874465942 -0.022242721170186996 -0.2640364170074463 
4813 25.90006685256958 0.2544968339928892 0.10790238967316648 0.0 -0.009012140333652496 -0.02166748046875 -0.2640364170074463 
4814 25.90539264678955 0.25218498475640083 -0.059013962092227715 0.0 0.0 -0.021283984184265137 -0.2642281651496887 
4815 25.910745859146118 0.2520766465493944 0.031107441244297245 0.0 0.0 -0.021092236042022705 -0.2642281651496887 
4816 25.916105270385742 0.2541734119781759 0.031107441244297245 0.0 0.0 -0.021092236042022705 -0.26441991329193115 
4817 25.921386241912842 0.2502284810671117 0.031107441244297245 0.0 0.0 -0.020900487899780273 -0.26441991329193115 
4818 25.926636457443237 0.23995097188442016 0.031107441244297245 0.0 0.0 -0.02032524347305298 -0.26441991329193115 
4819 25.931864976882935 0.22113105146749878 0.031107441244297245 0.0 0.0 -0.019174762070178986 -0.26441991329193115 
4820 25.937076330184937 0.19568091671704316 0.031107441244297245 0.0 0.0 -0.0174490287899971 -0.2646116614341736 
4821 25.94240713119507 0.167720362422755 0.031107441244297245 0.0 0.0 -0.01533980667591095 -0.2646116614341736 
4822 25.947712659835815 0.14357676807953978 0.031107441244297245 0.0 0.0 -0.013230584561824799 -0.2646116614341736 
4823 25.953023195266724 0.08229731109156276 0.031107441244297245 0.0 0.0 -0.009395629167556763 -0.2646116614341736 
4824 25.958292961120605 -0.08135916206822728 0.031107441244297245 0.0 0.0 0.0 -0.26441991329193115 
4825 25.963584184646606 0.012597129607340342 0.031107441244297245 0.0 0.0 0.0 -0.2640364170074463 
4826 25.968929529190063 0.012597129607340342 0.031107441244297245 0.0 0.0 0.0 -0.2636529207229614 
4827 25.974201917648315 0.012597129607340342 0.031107441244297245 0.0 0.0 0.0 -0.26326942443847656 
4828 25.97961735725403 0.012597129607340342 0.031107441244297245 0.0 0.0 0.0 -0.26307767629623413 
4829 25.98488187789917 0.012597129607340342 0.031107441244297245 0.0 0.0 0.0 -0.2628859281539917 
4830 25.99012589454651 0.012597129607340342 0.031107441244297245 0.0 0.0 0.0 -0.26269418001174927 
4831 25.995532512664795 0.012597129607340342 0.031107441244297245 0.0 0.0 0.0 -0.262118935585022 
4832 26.000893592834473 0.012597129607340342 0.031107441244297245 0.0 0.0 0.0 -0.2617354393005371 
4833 26.00626564025879 0.012597129607340342 0.031107441244297245 0.0 0.0 0.0 -0.2615436911582947 
4834 26.011594533920288 0.012597129607340342 0.031107441244297245 0.0 0.0 0.0 -0.2611601948738098 
4835 26.016866207122803 0.012597129607340342 0.031107441244297245 0.0 0.0 0.0 -0.26077669858932495 
4836 26.022128343582153 0.012597129607340342 0.031107441244297245 0.0 0.0 0.0 -0.2603932023048401 
4837 26.027405261993408 0.012597129607340342 0.031107441244297245 0.0 0.0 0.0 -0.2600097060203552 
4838 26.032819032669067 0.012597129607340342 0.031107441244297245 0.0 0.0 0.0 -0.2592427134513855 
4839 26.03807806968689 0.012597129607340342 0.031107441244297245 0.0 0.0 0.0 -0.25885921716690063 
4840 26.04329252243042 0.012597129607340342 0.23731770636292598 0.0 -0.009587384760379791 0.0 -0.25847572088241577 
4841 26.04864525794983 0.012597129607340342 0.16627048078330658 0.0 -0.010737866163253784 0.0 -0.2579004764556885 
4842 26.05393409729004 0.012597129607340342 0.175478013204061 0.0 -0.011696606874465942 0.0 -0.2575169801712036 
4843 26.05923581123352 0.2064345897228923 0.18248688692005777 0.0 -0.012463599443435669 -0.0090121328830719 -0.25713348388671875 
4844 26.06450629234314 0.12876250877394343 0.18729538632708093 0.0 -0.013038836419582367 -0.009587377309799194 -0.2567499876022339 
4845 26.069745540618896 0.13133998704864647 0.19815070634486578 0.0 -0.013805828988552094 -0.009970873594284058 -0.256366491317749 
4846 26.075021982192993 0.13583820646419192 0.20709498987125657 0.0 -0.01457282155752182 -0.010354369878768921 -0.2561747431755066 
4847 26.080594539642334 0.14446390051557684 0.21604563258367082 0.0 -0.01533980667591095 -0.010929614305496216 -0.25579124689102173 
4848 26.08589267730713 0.15942527230619455 0.2208788145087888 0.0 -0.015915051102638245 -0.011888347566127777 -0.2555994987487793 
4849 26.0912663936615 0.1664358503238764 0.23175850784557364 0.0 -0.01668204367160797 -0.012655340135097504 -0.25540775060653687 
4850 26.096530437469482 0.17949456961243415 0.23660302427934907 0.0 -0.017257288098335266 -0.013614080846309662 -0.25521600246429443 
4851 26.101927518844604 0.18239552693977024 0.23924569679575464 0.0 -0.01764078438282013 -0.014189325273036957 -0.25483250617980957 
4852 26.1073477268219 0.18913617643876934 0.2438089502021899 0.0 -0.018024273216724396 -0.014764562249183655 -0.25464075803756714 
4853 26.112756490707397 0.19588195020868446 0.23600305326806803 0.0 -0.017832525074481964 -0.01533980667591095 -0.2544490098953247 
4854 26.118009567260742 0.1861356793807354 0.2339480564870169 0.0 -0.01764078438282013 -0.015148058533668518 -0.2542572617530823 
4855 26.12322187423706 0.17580927454843187 0.22364276531862518 0.0 -0.017065539956092834 -0.014572814106941223 -0.25406551361083984 
4856 26.12848973274231 0.16931310323416257 0.21304340700583957 0.0 -0.016298547387123108 -0.013997577130794525 -0.25406551361083984 
4857 26.133715867996216 0.1545633778141346 0.204355010678642 0.0 -0.015531554818153381 -0.013038836419582367 -0.2538737654685974 
4858 26.138957738876343 0.14364054044871594 0.1874118253305783 0.0 -0.014381073415279388 -0.012080095708370209 -0.253682017326355 
4859 26.144187211990356 0.12858549912064338 0.17429358897882005 0.0 -0.013230584561824799 -0.010929614305496216 -0.253682017326355 
4860 26.149428129196167 0.11543792536645198 0.1611658082284262 0.0 -0.012080103158950806 -0.009779125452041626 -0.25349026918411255 
4861 26.154767751693726 0.1064050221310463 0.14390379871206782 0.0 -0.010737866163253784 -0.008820392191410065 -0.25349026918411255 
4862 26.160080909729004 -0.07364607737795448 0.1326723112777104 0.0 -0.009587384760379791 0.0 -0.2532985210418701 
4863 26.165425777435303 0.014557844536146164 -0.06195164704171518 0.0 0.0 0.0 -0.2532985210418701 
4864 26.170672178268433 0.014557844536146164 0.033922200562082734 0.0 0.0 0.0 -0.25310683250427246 
4865 26.17592191696167 0.014557844536146164 0.033922200562082734 0.0 0.0 0.0 -0.25291508436203003 
4866 26.181324243545532 0.014557844536146164 0.033922200562082734 0.0 0.0 0.0 -0.25291508436203003 
4867 26.18663239479065 0.014557844536146164 0.033922200562082734 0.0 0.0 0.0 -0.2527233362197876 
4868 26.1918842792511 0.014557844536146164 0.033922200562082734 0.0 0.0 0.0 -0.2527233362197876 
4869 26.197136402130127 0.014557844536146164 0.033922200562082734 0.0 0.0 0.0 -0.25253158807754517 
4870 26.20239019393921 0.014557844536146164 0.033922200562082734 0.0 0.0 0.0 -0.25233983993530273 
4871 26.207985162734985 0.014557844536146164 0.033922200562082734 0.0 0.0 0.0 -0.25195634365081787 
4872 26.213289976119995 0.014557844536146164 0.033922200562082734 0.0 0.0 0.0 -0.25195634365081787 
4873 26.218587160110474 0.014557844536146164 0.033922200562082734 0.0 0.0 0.0 -0.25176459550857544 
4874 26.223883390426636 0.014557844536146164 0.033922200562082734 0.0 0.0 0.0 -0.25176459550857544 
4875 26.229164361953735 0.014557844536146164 0.033922200562082734 0.0 0.0 0.0 -0.251572847366333 
4876 26.23448371887207 0.014557844536146164 0.033922200562082734 0.0 0.0 0.0 -0.251572847366333 
4877 26.239774465560913 0.014557844536146164 0.033922200562082734 0.0 0.0 0.0 -0.251572847366333 
4878 26.245065212249756 0.014557844536146164 0.033922200562082734 0.0 0.0 0.0 -0.251572847366333 
4879 26.25032687187195 0.014557844536146164 0.033922200562082734 0.0 0.0 0.0 -0.251572847366333 
4880 26.25561237335205 0.014557844536146164 0.033922200562082734 0.0 0.0 0.0 -0.251572847366333 
4881 26.26099133491516 0.014557844536146164 0.033922200562082734 0.0 0.0 0.0 -0.251572847366333 
4882 26.266332149505615 0.014557844536146164 0.033922200562082734 0.0 0.0 0.0 -0.25176459550857544 
4883 26.271711587905884 0.014557844536146164 0.033922200562082734 0.0 0.0 0.0 -0.25176459550857544 
4884 26.27700901031494 0.014557844536146164 0.033922200562082734 0.0 0.0 0.0 -0.25195634365081787 
4885 26.282278060913086 0.014557844536146164 0.2318840358458688 0.0 -0.009203888475894928 0.0 -0.25195634365081787 
4886 26.287546396255493 0.014557844536146164 0.1481718139738073 0.0 -0.009587384760379791 0.0 -0.2521480917930603 
4887 26.292903900146484 0.014557844536146164 0.16503925823571583 0.0 -0.010546118021011353 0.0 -0.25233983993530273 
4888 26.298139095306396 0.014557844536146164 0.15554156763257881 0.0 -0.010546118021011353 0.0 -0.25233983993530273 
4889 26.303375005722046 0.20427124998508955 0.18037649914028545 0.0 -0.011696606874465942 -0.008820392191410065 -0.25253158807754517 
4890 26.30866241455078 0.11614230140461587 0.16897103176417252 0.0 -0.011696606874465942 -0.008820392191410065 -0.25253158807754517 
4891 26.314212322235107 0.12858975923969412 0.20206401201116345 0.0 -0.013230584561824799 -0.009395629167556763 -0.25253158807754517 
4892 26.3195583820343 0.13116568216099406 0.19920933985861441 0.0 -0.013805828988552094 -0.009779125452041626 -0.2527233362197876 
4893 26.324942588806152 0.13153805679990913 0.20594688989000817 0.0 -0.014381073415279388 -0.009970873594284058 -0.2527233362197876 
4894 26.330219268798828 0.14207797255530025 0.2168133841656377 0.0 -0.015148058533668518 -0.010546118021011353 -0.2527233362197876 
4895 26.33555293083191 0.14466360012604856 0.21752072131412525 0.0 -0.015531554818153381 -0.010929614305496216 -0.2527233362197876 
4896 26.340875148773193 0.14504575392021798 0.21794199160265226 0.0 -0.015723302960395813 -0.011121362447738647 -0.2527233362197876 
4897 26.346227407455444 0.14322280407859944 0.2161581582553913 0.0 -0.015723302960395813 -0.011121362447738647 -0.2527233362197876 
4898 26.35150718688965 0.14331733565940522 0.21629180633055467 0.0 -0.015723302960395813 -0.011121362447738647 -0.2527233362197876 
4899 26.356780767440796 0.13516343740536832 0.20817702457087536 0.0 -0.01533980667591095 -0.010737866163253784 -0.25291508436203003 
4900 26.36200213432312 0.13496545719518327 0.199769891271018 0.0 -0.014764569699764252 -0.010546118021011353 -0.25291508436203003 
4901 26.36732506752014 0.12459993586852217 0.19327511512266893 0.0 -0.014189325273036957 -0.009970873594284058 -0.25291508436203003 
4902 26.372655391693115 0.1180644878090825 0.18265130898507734 0.0 -0.01342233270406723 -0.009395629167556763 -0.25291508436203003 
4903 26.378015995025635 0.11152431042282843 0.16981441016646526 0.0 -0.012463599443435669 -0.008820392191410065 -0.25310683250427246 
4904 26.383275508880615 -0.07236175193102098 0.13001710435899397 0.0 -0.01016262173652649 0.0 -0.25310683250427246 
4905 26.388558626174927 0.015842169983079666 0.15311326371284625 0.0 -0.01016262173652649 0.0 -0.25310683250427246 
4906 26.3938250541687 0.015842169983079666 -0.06538310362247327 0.0 0.0 0.0 -0.2532985210418701 
4907 26.399067878723145 0.015842169983079666 0.03624311374279162 0.0 0.0 0.0 -0.25349026918411255 
4908 26.404383659362793 0.015842169983079666 0.03624311374279162 0.0 0.0 0.0 -0.253682017326355 
4909 26.410086393356323 0.015842169983079666 0.03624311374279162 0.0 0.0 0.0 -0.2538737654685974 
4910 26.415514707565308 0.015842169983079666 0.03624311374279162 0.0 0.0 0.0 -0.2542572617530823 
4911 26.4208881855011 0.015842169983079666 0.03624311374279162 0.0 0.0 0.0 -0.2544490098953247 
4912 26.426164150238037 0.015842169983079666 0.03624311374279162 0.0 0.0 0.0 -0.25483250617980957 
4913 26.431551218032837 0.015842169983079666 0.03624311374279162 0.0 0.0 0.0 -0.25483250617980957 
4914 26.436837911605835 0.015842169983079666 0.03624311374279162 0.0 0.0 0.0 -0.2555994987487793 
4915 26.442025899887085 0.015842169983079666 0.03624311374279162 0.0 0.0 0.0 -0.25598299503326416 
4916 26.447280168533325 0.015842169983079666 0.03624311374279162 0.0 0.0 0.0 -0.256366491317749 
4917 26.452526807785034 0.015842169983079666 0.03624311374279162 0.0 0.0 0.0 -0.2567499876022339 
4918 26.45779776573181 0.015842169983079666 0.03624311374279162 0.0 0.0 0.0 -0.2573252320289612 
4919 26.46303939819336 0.015842169983079666 0.03624311374279162 0.0 0.0 0.0 -0.25770872831344604 
4920 26.46842885017395 0.015842169983079666 0.03624311374279162 0.0 0.0 0.0 -0.2580922245979309 
4921 26.473830223083496 0.015842169983079666 0.03624311374279162 0.0 0.0 0.0 -0.25905096530914307 
4922 26.4791157245636 0.015842169983079666 0.03624311374279162 0.0 0.0 0.0 -0.25962620973587036 
4923 26.484432458877563 0.015842169983079666 0.03624311374279162 0.0 0.0 0.0 -0.2600097060203552 
4924 26.489651918411255 0.015842169983079666 0.03624311374279162 0.0 0.0 0.0 -0.2605849504470825 
4925 26.494858741760254 0.015842169983079666 0.03624311374279162 0.0 0.0 0.0 -0.2609684467315674 
4926 26.50009298324585 0.015842169983079666 0.03624311374279162 0.0 0.0 0.0 -0.26135194301605225 
4927 26.505321264266968 0.015842169983079666 0.03624311374279162 0.0 0.0 0.0 -0.26192718744277954 
4928 26.51061487197876 0.015842169983079666 0.03624311374279162 0.0 0.0 0.0 -0.26192718744277954 
4929 26.51609754562378 0.015842169983079666 0.03624311374279162 0.0 0.0 0.0 -0.26250243186950684 
4930 26.521471977233887 0.015842169983079666 0.03624311374279162 0.0 0.0 0.0 -0.2628859281539917 
4931 26.526938915252686 0.015842169983079666 0.03624311374279162 0.0 0.0 0.0 -0.26307767629623413 
4932 26.532245874404907 0.015842169983079666 0.03624311374279162 0.0 0.0 0.0 -0.26326942443847656 
4933 26.53759527206421 0.015842169983079666 0.03624311374279162 0.0 0.0 0.0 -0.263461172580719 
4934 26.542832851409912 0.015842169983079666 0.03624311374279162 0.0 0.0 0.0 -0.2636529207229614 
4935 26.548104286193848 0.015842169983079666 0.03624311374279162 0.0 0.0 0.0 -0.2636529207229614 
4936 26.553385734558105 0.015842169983079666 0.03624311374279162 0.0 0.0 0.0 -0.2636529207229614 
4937 26.558682680130005 0.015842169983079666 0.03624311374279162 0.0 0.0 0.0 -0.2636529207229614 
4938 26.563947677612305 0.015842169983079666 0.03624311374279162 0.0 0.0 0.0 -0.2636529207229614 
4939 26.569440364837646 0.015842169983079666 0.03624311374279162 0.0 0.0 0.0 -0.263461172580719 
4940 26.574878454208374 0.015842169983079666 0.23008073410915633 0.0 -0.009012140333652496 0.0 -0.26326942443847656 
4941 26.580538511276245 0.015842169983079666 0.1482843638003101 0.0 -0.00939563661813736 0.0 -0.26326942443847656 
4942 26.586072206497192 0.015842169983079666 0.1569017483681669 0.0 -0.009970873594284058 0.0 -0.26307767629623413 
4943 26.591614484786987 0.015842169983079666 0.1512341310322513 0.0 -0.009970873594284058 0.0 -0.26307767629623413 
4944 26.597100019454956 0.015842169983079666 0.1678157431274881 0.0 -0.010737866163253784 0.0 -0.26269418001174927 
4945 26.602596044540405 0.015842169983079666 0.1726097340524425 0.0 -0.011313110589981079 0.0 -0.26250243186950684 
4946 26.60837435722351 0.015842169983079666 0.17932609597744842 0.0 -0.011888355016708374 0.0 -0.2623106837272644 
4947 26.613945245742798 0.015842169983079666 0.1984198319815328 0.0 -0.013038836419582367 0.0 -0.262118935585022 
4948 26.619530200958252 0.015842169983079666 0.19115006297978065 0.0 -0.013230584561824799 0.0 -0.262118935585022 
4949 26.624979734420776 0.015842169983079666 0.19759347136097452 0.0 -0.013614080846309662 0.0 -0.2623106837272644 
4950 26.6304292678833 0.015842169983079666 0.1938742282033195 0.0 -0.013614080846309662 0.0 -0.26250243186950684 
4951 26.63685393333435 0.015842169983079666 0.1898657329730918 0.0 -0.01342233270406723 0.0 -0.26269418001174927 
4952 26.64252018928528 0.015842169983079666 0.18777308930607936 0.0 -0.013230584561824799 0.0 -0.26307767629623413 
4953 26.64814519882202 0.015842169983079666 0.18567881577985784 0.0 -0.013038836419582367 0.0 -0.263461172580719 
4954 26.65381360054016 0.015842169983079666 0.17121042789297602 0.0 -0.012271851301193237 0.0 -0.26441991329193115 
4955 26.659520149230957 0.015842169983079666 0.17898458981292745 0.0 -0.012271851301193237 0.0 -0.26441991329193115 
4956 26.66514277458191 0.015842169983079666 0.16259204087930224 0.0 -0.01150485873222351 0.0 -0.26557040214538574 
4957 26.670480251312256 0.015842169983079666 0.17035975786822338 0.0 -0.01150485873222351 0.0 -0.26557040214538574 
4958 26.675836324691772 0.015842169983079666 0.14571225966291923 0.0 -0.010354369878768921 0.0 -0.26691263914108276 
4959 26.681369066238403 0.015842169983079666 0.14080846092256208 0.0 -0.009587384760379791 0.0 -0.26748788356781006 
4960 26.68687415122986 0.015842169983079666 -0.05765046024171214 0.0 0.0 0.0 -0.2684466242790222 
4961 26.692824125289917 0.015842169983079666 0.038223387362085776 0.0 0.0 0.0 -0.26921361684799194 
4962 26.699310302734375 0.015842169983079666 0.038223387362085776 0.0 0.0 0.0 -0.27093935012817383 
4963 26.704833507537842 0.015842169983079666 0.038223387362085776 0.0 0.0 0.0 -0.27170634269714355 
4964 26.710217714309692 0.015842169983079666 0.038223387362085776 0.0 0.0 0.0 -0.2726650834083557 
4965 26.715595483779907 0.015842169983079666 0.038223387362085776 0.0 0.0 0.0 -0.27343207597732544 
4966 26.720900058746338 0.015842169983079666 0.038223387362085776 0.0 0.0 0.0 -0.2743907570838928 
4967 26.726266145706177 0.015842169983079666 0.038223387362085776 0.0 0.0 0.0 -0.27515774965286255 
4968 26.731590747833252 0.015842169983079666 0.038223387362085776 0.0 0.0 0.0 -0.2759247422218323 
4969 26.737122297286987 0.015842169983079666 0.038223387362085776 0.0 0.0 0.0 -0.27688348293304443 
4970 26.74249029159546 0.015842169983079666 0.038223387362085776 0.0 0.0 0.0 -0.27765047550201416 
4971 26.747955322265625 0.015842169983079666 0.038223387362085776 0.0 0.0 0.0 -0.27822571992874146 
4972 26.753442764282227 0.015842169983079666 0.038223387362085776 0.0 0.0 0.0 -0.27822571992874146 
4973 26.75888180732727 0.015842169983079666 0.038223387362085776 0.0 0.0 0.0 -0.28014320135116577 
4974 26.764246702194214 0.015842169983079666 0.038223387362085776 0.0 0.0 0.0 -0.28071844577789307 
4975 26.769651174545288 0.015842169983079666 0.038223387362085776 0.0 0.0 0.0 -0.28110194206237793 
4976 26.77499508857727 0.015842169983079666 0.038223387362085776 0.0 0.0 0.0 -0.2814854383468628 
4977 26.780280351638794 0.015842169983079666 0.038223387362085776 0.0 0.0 0.0 -0.28186893463134766 
4978 26.785672426223755 0.015842169983079666 0.038223387362085776 0.0 0.0 0.0 -0.2820606827735901 
4979 26.790911436080933 0.015842169983079666 0.22793679281102916 0.0 -0.008820392191410065 0.0 -0.2822524309158325 
4980 26.796144247055054 0.015842169983079666 0.14805627406539817 0.0 -0.009203888475894928 0.0 -0.28244417905807495 
4981 26.80150318145752 0.015842169983079666 0.15254797410743734 0.0 -0.009587384760379791 0.0 -0.28244417905807495 
4982 26.806800842285156 0.015842169983079666 0.16116698853450317 0.0 -0.01016262173652649 0.0 -0.28244417905807495 
4983 26.812142372131348 0.015842169983079666 0.17199786072748205 0.0 -0.010929614305496216 0.0 -0.28244417905807495 
4984 26.817384958267212 0.015842169983079666 0.1767934815116455 0.0 -0.01150485873222351 0.0 -0.2822524309158325 
4985 26.822654485702515 0.015842169983079666 0.18351147329586048 0.0 -0.012080103158950806 0.0 -0.2820606827735901 
4986 26.82803750038147 0.015842169983079666 0.19023419440688988 0.0 -0.012655340135097504 0.0 -0.28186893463134766 
4987 26.833468437194824 0.015842169983079666 0.20521046962367792 0.0 -0.013614080846309662 0.0 -0.2814854383468628 
4988 26.83875560760498 0.015842169983079666 0.20398721203359266 0.0 -0.013997577130794525 0.0 -0.28129369020462036 
4989 26.84399962425232 0.015842169983079666 0.20439544351177713 0.0 -0.014189325273036957 0.0 -0.28129369020462036 
4990 26.849207162857056 0.015842169983079666 0.20672278627159496 0.0 -0.014381073415279388 0.0 -0.28129369020462036 
4991 26.85454797744751 0.015842169983079666 0.20905175889062186 0.0 -0.01457282155752182 0.0 -0.28129369020462036 
4992 26.85981822013855 0.015842169983079666 0.20725814645143648 0.0 -0.01457282155752182 0.0 -0.28129369020462036 
4993 26.86511516571045 0.015842169983079666 0.20325780051725406 0.0 -0.014381073415279388 0.0 -0.2814854383468628 
4994 26.870425939559937 0.015842169983079666 0.20529752106370824 0.0 -0.014381073415279388 0.0 -0.2816771864891052 
4995 26.875711917877197 0.015842169983079666 0.2012955452703168 0.0 -0.014189325273036957 0.0 -0.28186893463134766 
4996 26.88095784187317 0.015842169983079666 0.19508520612271923 0.0 -0.013805828988552094 0.0 -0.2822524309158325 
4997 26.886223077774048 0.015842169983079666 0.1907890886791279 0.0 -0.01342233270406723 0.0 -0.2826359272003174 
4998 26.891443252563477 0.015842169983079666 0.1864897115171184 0.0 -0.013038836419582367 0.0 -0.2832111716270447 
4999 26.896660089492798 0.015842169983079666 0.1739388050526609 0.0 -0.012271851301193237 0.0 -0.283786416053772 
5000 26.901890993118286 0.015842169983079666 0.1693403222203483 0.0 -0.011696606874465942 0.0 -0.28436166048049927 
5001 26.907246589660645 0.015842169983079666 0.15869532797636887 0.0 -0.010929614305496216 0.0 -0.285128653049469 
5002 26.912548780441284 0.015842169983079666 0.16645815538766284 0.0 -0.010929614305496216 0.0 -0.285128653049469 
5003 26.9179048538208 0.015842169983079666 0.1335574980207016 0.0 -0.00939563661813736 0.0 -0.28666263818740845 
5004 26.923207759857178 0.015842169983079666 -0.05310891239566306 0.0 0.0 0.0 -0.2874296307563782 
5005 26.92864990234375 0.015842169983079666 0.04084745378571054 0.0 0.0 0.0 -0.2881966233253479 
5006 26.93407702445984 0.015842169983079666 0.04084745378571054 0.0 0.0 0.0 -0.2901141047477722 
5007 26.939298629760742 0.015842169983079666 0.04084745378571054 0.0 0.0 0.0 -0.2910728454589844 
5008 26.944525957107544 0.015842169983079666 0.04084745378571054 0.0 0.0 0.0 -0.2918398380279541 
5009 26.949758768081665 0.015842169983079666 0.04084745378571054 0.0 0.0 0.0 -0.29279857873916626 
5010 26.954991340637207 0.015842169983079666 0.04084745378571054 0.0 0.0 0.0 -0.293565571308136 
5011 26.96039056777954 0.015842169983079666 0.04084745378571054 0.0 0.0 0.0 -0.29452431201934814 
5012 26.96569538116455 0.015842169983079666 0.04084745378571054 0.0 0.0 0.0 -0.29529130458831787 
5013 26.970999002456665 -0.18624388021812774 0.04084745378571054 0.0 0.0 0.00939563661813736 -0.2960582375526428 
5014 26.976238489151 -0.10473986144945956 0.04084745378571054 0.0 0.0 0.009970873594284058 -0.2966334819793701 
5015 26.981505155563354 -0.10732067394838668 0.04084745378571054 0.0 0.0 0.010354369878768921 -0.2972087264060974 
5016 26.986863136291504 -0.11182215308235026 0.04084745378571054 0.0 0.0 0.010737866163253784 -0.2975922226905823 
5017 26.992157220840454 -0.10807846209988929 0.04084745378571054 0.0 0.0 0.010737866163253784 -0.2975922226905823 
5018 26.997423887252808 -0.12054237871454096 0.04084745378571054 0.0 0.0 0.011313110589981079 -0.29816746711730957 
5019 27.00269865989685 -0.12313452572212553 0.04084745378571054 0.0 0.0 0.011696606874465942 -0.298359215259552 
5020 27.007914543151855 -0.12352319895313121 0.04084745378571054 0.0 0.0 0.011888355016708374 -0.29855096340179443 
5021 27.01328182220459 -0.12995519838319158 0.04084745378571054 0.0 0.0 0.012271851301193237 -0.298359215259552 
5022 27.018552541732788 -0.1262245462744031 0.04084745378571054 0.0 0.0 0.012271851301193237 -0.298359215259552 
5023 27.023914098739624 -0.13457712659449317 0.04084745378571054 0.0 0.0 0.012655340135097504 -0.29797571897506714 
5024 27.029194355010986 -0.13084980864659881 0.04084745378571054 0.0 0.0 0.012655340135097504 -0.29797571897506714 
5025 27.034781455993652 -0.14745423870743252 0.04084745378571054 0.0 0.0 0.01342233270406723 -0.2972087264060974 
5026 27.04005002975464 -0.14402261776314115 0.04084745378571054 0.0 0.0 0.013614080846309662 -0.29682523012161255 
5027 27.045403718948364 -0.15046928586275315 0.04084745378571054 0.0 0.0 0.013997577130794525 -0.29624998569488525 
5028 27.05063819885254 -0.15087751734093763 0.04084745378571054 0.0 0.0 0.014189325273036957 -0.29567474126815796 
5029 27.05589008331299 -0.1573290750181768 0.04084745378571054 0.0 0.0 0.01457282155752182 -0.29529130458831787 
5030 27.06114673614502 -0.15774219607398843 0.04084745378571054 0.0 0.0 0.014764569699764252 -0.2947160601615906 
5031 27.066514492034912 -0.1600742681606207 0.04084745378571054 0.0 0.0 0.014956310391426086 -0.2941408157348633 
5032 27.07179832458496 -0.15828398988232947 0.04084745378571054 0.0 0.0 0.014956310391426086 -0.2941408157348633 
5033 27.077155828475952 -0.16665954835549926 0.04084745378571054 0.0 0.0 0.01533980667591095 -0.2931820750236511 
5034 27.082413911819458 -0.16295497386739588 0.04084745378571054 0.0 0.0 0.01533980667591095 -0.29260683059692383 
5035 27.087855577468872 -0.16308536222414113 0.04084745378571054 0.0 0.0 0.01533980667591095 -0.2924150824546814 
5036 27.093205213546753 -0.15909153566346504 0.04084745378571054 0.0 0.0 0.015148058533668518 -0.29203158617019653 
5037 27.098544120788574 -0.16113777558342554 0.04084745378571054 0.0 0.0 0.015148058533668518 -0.29164808988571167 
5038 27.103893280029297 -0.14889404957951047 0.04084745378571054 0.0 0.0 0.01457282155752182 -0.2910728454589844 
5039 27.10914397239685 -0.15477028832421638 0.04084745378571054 0.0 0.0 0.01457282155752182 -0.2910728454589844 
5040 27.114441871643066 -0.13839729763776995 0.04084745378571054 0.0 0.0 0.013805828988552094 -0.2906893491744995 
5041 27.11979055404663 -0.1379361430390272 0.04084745378571054 0.0 0.0 0.01342233270406723 -0.29030585289001465 
5042 27.12507176399231 -0.13363676587701775 0.04084745378571054 0.0 0.0 0.013038836419582367 -0.2901141047477722 
5043 27.13039469718933 -0.12933412899659014 0.04084745378571054 0.0 0.0 0.012655340135097504 -0.2899223566055298 
5044 27.13581085205078 -0.1250283926485572 0.04084745378571054 0.0 0.0 0.012271851301193237 -0.2899223566055298 
5045 27.14111876487732 -0.12071916188881732 0.04084745378571054 0.0 0.0 0.011888355016708374 -0.28973060846328735 
5046 27.1463782787323 -0.11640674591646528 0.04084745378571054 0.0 0.0 0.01150485873222351 -0.2893471121788025 
5047 27.151637077331543 -0.12033950006053783 0.04084745378571054 0.0 0.0 0.01150485873222351 -0.2893471121788025 
5048 27.15699815750122 -0.10394043169007636 0.04084745378571054 0.0 0.0 0.010737866163253784 -0.28915536403656006 
5049 27.16236114501953 -0.1034531994073186 0.04084745378571054 0.0 0.0 0.010354369878768921 -0.2889636158943176 
5050 27.16761589050293 -0.09912774456129408 0.04084745378571054 0.0 0.0 0.009970873594284058 -0.2889636158943176 
5051 27.172953367233276 -0.09892324491427279 0.04084745378571054 0.0 0.0 0.009779125452041626 -0.2887718677520752 
5052 27.178226470947266 -0.0967997942364309 0.04084745378571054 0.0 0.0 0.009587384760379791 -0.28858011960983276 
5053 27.183642387390137 -0.09467447900609113 -0.1529900864552478 0.0 0.009012136608362198 0.00939563661813736 -0.28858011960983276 
5054 27.188900470733643 -0.09254760842234827 -0.08356631799449721 0.0 0.009970873594284058 0.009203888475894928 -0.28838837146759033 
5055 27.194114208221436 -0.086294893061975 -0.11530576960963707 0.0 0.011888351291418076 0.008820392191410065 -0.28800487518310547 
5056 27.199344873428345 0.09950857620849275 -0.11272882316855291 0.0 0.012655340135097504 0.0 -0.28800487518310547 
5057 27.204601049423218 0.0113046542943921 -0.12991171450202862 0.0 0.013805825263261795 0.0 -0.28781312704086304 
5058 27.20982789993286 0.0113046542943921 -0.13914520719682377 0.0 0.014764562249183655 0.0 -0.28781312704086304 
5059 27.215168476104736 0.0113046542943921 -0.15030441070382994 0.0 0.015723302960395813 0.0 -0.28781312704086304 
5060 27.22043228149414 0.0113046542943921 -0.14085065166687172 0.0 0.015723302960395813 0.0 -0.28781312704086304 
5061 27.225754261016846 0.0113046542943921 -0.16160529420373537 0.0 0.016682039946317673 0.0 -0.28781312704086304 
5062 27.231025218963623 0.0113046542943921 -0.1521597216840605 0.0 0.016682039946317673 0.0 -0.28781312704086304 
5063 27.236379861831665 0.0113046542943921 -0.18529515823756854 0.0 0.018216021358966827 0.0 -0.28838837146759033 
5064 27.241714477539062 0.0113046542943921 -0.18248274491948585 0.0 0.018791262060403824 0.0 -0.2887718677520752 
5065 27.246957063674927 0.0113046542943921 -0.197511138219736 0.0 0.019750002771615982 0.0 -0.28915536403656006 
5066 27.25226640701294 0.0113046542943921 -0.2087126005928735 0.0 0.020708739757537842 0.0 -0.28973060846328735 
5067 27.257588148117065 0.0113046542943921 -0.22404646440071563 0.0 0.021859224885702133 0.0 -0.2901141047477722 
5068 27.26287007331848 0.0113046542943921 -0.22922427620028654 0.0 0.02262621745467186 0.0 -0.2904976010322571 
5069 27.268166065216064 -0.18665718098939396 -0.23411923798581163 0.0 0.023201458156108856 0.009203888475894928 -0.29088109731674194 
5070 27.273584365844727 -0.10294495911733247 -0.22856404336576858 0.0 0.023201458156108856 0.009587384760379791 -0.2910728454589844 
5071 27.279016733169556 -0.11156397354439831 -0.24113390051235953 0.0 0.02377670258283615 0.01016262173652649 -0.29145634174346924 
5072 27.284353017807007 -0.10177377115027048 -0.2355835582170407 0.0 0.02377670258283615 0.009970873594284058 -0.29145634174346924 
5073 27.289692640304565 -0.1037760049982462 -0.2357856601889948 0.0 0.02377670258283615 0.009970873594284058 -0.2912645936012268 
5074 27.29497456550598 -0.10386075742379762 -0.2359877621609489 0.0 0.02377670258283615 0.009970873594284058 -0.2910728454589844 
5075 27.30026888847351 -0.10394550984934903 -0.23206564921548167 0.0 0.02358495444059372 0.009970873594284058 -0.2906893491744995 
5076 27.305524110794067 -0.0999060473574791 -0.23005938783322968 0.0 0.023393206298351288 0.009779125452041626 -0.2901141047477722 
5077 27.310770273208618 -0.10190665134624577 -0.23217571150918997 0.0 0.023393206298351288 0.009779125452041626 -0.2901141047477722 
5078 27.316099166870117 -0.09374150432855821 -0.22000190901046196 0.0 0.022817961871623993 0.00939563661813736 -0.2889636158943176 
5079 27.321394205093384 -0.09353204066143371 -0.21357574132678608 0.0 0.022242721170186996 0.009203888475894928 -0.28838837146759033 
5080 27.326807022094727 -0.09552775513590313 -0.2071445667188386 0.0 0.0216674767434597 0.009203888475894928 -0.28781312704086304 
5081 27.332215309143066 -0.08735755835310555 -0.1883359751593093 0.0 0.02051699161529541 0.008820392191410065 -0.2870461344718933 
5082 27.33755660057068 0.09844591091736221 -0.18351844132540324 0.0 0.019750002771615982 0.0 -0.2862791419029236 
5083 27.343020915985107 0.010241989003261558 -0.1666109954066346 0.0 0.01859951764345169 0.0 -0.28551214933395386 
5084 27.348330974578857 0.010241989003261558 -0.15765286800114015 0.0 0.017640776932239532 0.0 -0.2845534086227417 
5085 27.353582620620728 0.010241989003261558 -0.14676922725548544 0.0 0.016682039946317673 0.0 -0.283786416053772 
5086 27.35887837409973 0.010241989003261558 -0.13175318507512607 0.0 0.015531554818153381 0.0 -0.28301942348480225 
5087 27.364278078079224 0.010241989003261558 -0.10627220044133762 0.0 0.013805825263261795 0.0 -0.2814854383468628 
5088 27.36958122253418 0.010241989003261558 -0.11127428087813356 0.0 0.013230584561824799 0.0 -0.28071844577789307 
5089 27.374839782714844 0.010241989003261558 -0.10889071802643635 0.0 0.012847088277339935 0.0 -0.2797597050666809 
5090 27.38015341758728 0.010241989003261558 -0.10871066620422104 0.0 0.012655340135097504 0.0 -0.2789927124977112 
5091 27.385606288909912 0.010241989003261558 -0.11485993293521501 0.0 0.012847088277339935 0.0 -0.27822571992874146 
5092 27.39092493057251 0.010241989003261558 -0.1130516517631481 0.0 0.012847088277339935 0.0 -0.27822571992874146 
5093 27.396287202835083 0.010241989003261558 -0.12965763155778448 0.0 0.013614077121019363 0.0 -0.27688348293304443 
5094 27.40156078338623 0.010241989003261558 -0.13447610752878286 0.0 0.014189321547746658 0.0 -0.27630823850631714 
5095 27.40681791305542 0.010241989003261558 -0.14121683712152341 0.0 0.014764562249183655 0.0 -0.27573299407958984 
5096 27.41209602355957 0.010241989003261558 -0.1438383587211142 0.0 0.015148058533668518 0.0 -0.27515774965286255 
5097 27.41734552383423 0.010241989003261558 -0.14425636929122307 0.0 0.01533980667591095 0.0 -0.27458250522613525 
5098 27.422586917877197 -0.17947141644568182 -0.142469276225544 0.0 0.01533980667591095 0.008820392191410065 -0.27400732040405273 
5099 27.427895545959473 -0.09959089770005083 -0.14672387949971058 0.0 0.015531554818153381 0.009203888475894928 -0.27343207597732544 
5100 27.43317747116089 -0.10408259774209 -0.1490626312106619 0.0 0.015723302960395813 0.009587384760379791 -0.2730485796928406 
5101 27.438745260238647 -0.1085773972517345 -0.1514030127808223 0.0 0.015915051102638245 0.009970873594284058 -0.2724733352661133 
5102 27.444311141967773 -0.12544833592534996 -0.16611758883704938 0.0 0.016682039946317673 0.010929614305496216 -0.27170634269714355 
5103 27.449652433395386 -0.12832647528708913 -0.17096214249206282 0.0 0.017257284373044968 0.01150485873222351 -0.2713228464126587 
5104 27.45491623878479 -0.1350444670713041 -0.17772894976881842 0.0 0.017832525074481964 0.012080103158950806 -0.27093935012817383 
5105 27.460234880447388 -0.13764297326491215 -0.18037654905242423 0.0 0.018216021358966827 0.012463591992855072 -0.27055585384368896 
5106 27.465492963790894 -0.14216245529265142 -0.18906898701598446 0.0 0.018791262060403824 0.012847088277339935 -0.27036410570144653 
5107 27.47076177597046 -0.13843669269816017 -0.1834763057291279 0.0 0.018791262060403824 0.012847088277339935 -0.27036410570144653 
5108 27.47606134414673 -0.14679432278336024 -0.2001328911263267 0.0 0.01955825462937355 0.013230584561824799 -0.26978886127471924 
5109 27.481372117996216 -0.13482339007244445 -0.19262921060097912 0.0 0.01955825462937355 0.012847088277339935 -0.2695971131324768 
5110 27.48670244216919 -0.13464333825022912 -0.19279545576532878 0.0 0.01955825462937355 0.012655340135097504 -0.2694053649902344 
5111 27.49223256111145 -0.12429590556235051 -0.18471327109483576 0.0 0.019174758344888687 0.012080103158950806 -0.26921361684799194 
5112 27.4975848197937 -0.11777831144840456 -0.18046278955077327 0.0 0.018791262060403824 0.01150485873222351 -0.26921361684799194 
5113 27.5029935836792 -0.10713168734521604 -0.17208491349627772 0.0 0.018216021358966827 0.010737866163253784 -0.2690218687057495 
5114 27.50829815864563 -0.10664445506245829 -0.16561951193993488 0.0 0.017640776932239532 0.010354369878768921 -0.2688301205635071 
5115 27.513554096221924 -0.09819478529901243 -0.1591493381842742 0.0 0.017065536230802536 0.009779125452041626 -0.2688301205635071 
5116 27.518831968307495 -0.09578208254859782 -0.15267415750434196 0.0 0.01649029180407524 0.00939563661813736 -0.2688301205635071 
5117 27.52413034439087 0.10238921640231274 -0.1338215598728279 0.0 0.01533980667591095 0.0 -0.2688301205635071 
5118 27.529388666152954 0.00843285022093915 -0.13308415475895202 0.0 0.014764562249183655 0.0 -0.26863837242126465 
5119 27.5346360206604 0.00843285022093915 -0.13071374809590675 0.0 0.01438106968998909 0.0 -0.26863837242126465 
5120 27.540104627609253 0.00843285022093915 -0.12642248294537461 0.0 0.013997573405504227 0.0 -0.26863837242126465 
5121 27.546122312545776 0.00843285022093915 -0.12212799532932736 0.0 0.013614077121019363 0.0 -0.26863837242126465 
5122 27.551572561264038 0.00843285022093915 -0.12607867782970467 0.0 0.013614077121019363 0.0 -0.26863837242126465 
5123 27.556901454925537 0.00843285022093915 -0.10969761794095434 0.0 0.012847088277339935 0.0 -0.26863837242126465 
5124 27.562146186828613 0.00843285022093915 -0.11335249171068468 0.0 0.012655340135097504 0.0 -0.26863837242126465 
5125 27.567387104034424 0.00843285022093915 -0.11537754352425732 0.0 0.012655340135097504 0.0 -0.26863837242126465 
5126 27.572636127471924 0.00843285022093915 -0.11960932883282699 0.0 0.012847088277339935 0.0 -0.26863837242126465 
5127 27.5778546333313 -0.18540477014542556 -0.1219252625781814 0.0 0.013038836419582367 0.009012140333652496 -0.26863837242126465 
5128 27.58306336402893 -0.10773261475400067 -0.12836696097475983 0.0 0.013422328978776932 0.009587384760379791 -0.2684466242790222 
5129 27.588340282440186 -0.11855836267606354 -0.13289455501397646 0.0 0.013805825263261795 0.010354369878768921 -0.2684466242790222 
5130 27.593565225601196 -0.11922495347098447 -0.13742537151870823 0.0 0.014189321547746658 0.010737866163253784 -0.2682548761367798 
5131 27.59935188293457 -0.14435076691047288 -0.15020779745129442 0.0 0.014956310391426086 0.012080103158950806 -0.2676796317100525 
5132 27.604695320129395 -0.15165199216664768 -0.15091346748766996 0.0 0.01533980667591095 0.013038836419582367 -0.26748788356781006 
5133 27.610052585601807 -0.15454813442216253 -0.15545732283440925 0.0 0.015723302960395813 0.013614080846309662 -0.2671043872833252 
5134 27.61529278755188 -0.1654082695117686 -0.16412857269158163 0.0 0.01629854366183281 0.014381073415279388 -0.26672089099884033 
5135 27.620604038238525 -0.1743572823649738 -0.1750115629680226 0.0 0.017065536230802536 0.015148058533668518 -0.26633739471435547 
5136 27.625858545303345 -0.1791888344308827 -0.18810768879798748 0.0 0.018024273216724396 0.015723302960395813 -0.2659538984298706 
5137 27.63113570213318 -0.17357003823877312 -0.17867352526111102 0.0 0.018024273216724396 0.015723302960395813 -0.2659538984298706 
5138 27.636463403701782 -0.19432476090104317 -0.2200688006322602 0.0 0.019941750913858414 0.01668204367160797 -0.2653786540031433 
5139 27.641732454299927 -0.19312758099497296 -0.21343609317054546 0.0 0.02051699161529541 0.017065539956092834 -0.26499515771865845 
5140 27.646998167037964 -0.19768610507459378 -0.22023072533716953 0.0 0.021092236042022705 0.017449036240577698 -0.26441991329193115 
5141 27.652581214904785 -0.19812351370439865 -0.21878177999367512 0.0 0.021283984184265137 0.017640776932239532 -0.2640364170074463 
5142 27.657874584197998 -0.20048026830912566 -0.21704521243681707 0.0 0.021283984184265137 0.017832525074481964 -0.2636529207229614 
5143 27.663227319717407 -0.19871436334983444 -0.21310191138496196 0.0 0.021092236042022705 0.017832525074481964 -0.26326942443847656 
5144 27.66851043701172 -0.19886593981296755 -0.21107446189632212 0.0 0.020900487899780273 0.017832525074481964 -0.26307767629623413 
5145 27.67375087738037 -0.19901751627610065 -0.20904538254847324 0.0 0.020708739757537842 0.017832525074481964 -0.2628859281539917 
5146 27.679109811782837 -0.19916909273923375 -0.2070146733414153 0.0 0.02051699161529541 0.017832525074481964 -0.26269418001174927 
5147 27.6844744682312 -0.20756909903720952 -0.19673398456571198 0.0 0.019941750913858414 0.018216021358966827 -0.2623106837272644 
5148 27.68969988822937 -0.20801318729133345 -0.19853168154542838 0.0 0.019750002771615982 0.01840776950120926 -0.262118935585022 
5149 27.69490694999695 -0.2062521719096694 -0.20061703799141145 0.0 0.019750002771615982 0.01840776950120926 -0.2617354393005371 
5150 27.700140714645386 -0.20228442303300834 -0.20490912793239152 0.0 0.019941750913858414 0.018216021358966827 -0.2615436911582947 
5151 27.70546293258667 -0.19198409588471985 -0.203161151392735 0.0 0.019941750913858414 0.017640776932239532 -0.2615436911582947 
5152 27.710731267929077 -0.19788648675591683 -0.2033306562755028 0.0 0.019941750913858414 0.017640776932239532 -0.2615436911582947 
5153 27.716053009033203 -0.16504287427128292 -0.19937594624084926 0.0 0.019750002771615982 0.016106799244880676 -0.2611601948738098 
5154 27.72132658958435 -0.15989848435134627 -0.19733708776941097 0.0 0.01955825462937355 0.015148058533668518 -0.2609684467315674 
5155 27.726571083068848 -0.14899373562471008 -0.18704816960392096 0.0 0.018983010202646255 0.014189325273036957 -0.26077669858932495 
5156 27.7319016456604 -0.13395638799131848 -0.18058940483105876 0.0 0.01840776950120926 0.013038836419582367 -0.2605849504470825 
5157 27.737456560134888 -0.1249511922991369 -0.17000141821650364 0.0 0.017640776932239532 0.012080103158950806 -0.2603932023048401 
5158 27.742804050445557 -0.10989591627777553 -0.16132451096584596 0.0 0.016873788088560104 0.010929614305496216 -0.26020145416259766 
5159 27.748083353042603 -0.10087263194681145 -0.15676518184912897 0.0 0.01629854366183281 0.009970873594284058 -0.2600097060203552 
5160 27.753467082977295 -0.09404809206561185 -0.15028359911066985 0.0 0.015723302960395813 0.009203888475894928 -0.2598179578781128 
5161 27.759196281433105 0.0961656589822378 -0.1479212243653605 0.0 0.01533980667591095 0.0 -0.25962620973587036 
5162 27.764568567276 0.004126774223288527 -0.13951393081469035 0.0 0.014764562249183655 0.0 -0.25905096530914307 
5163 27.769871950149536 0.004126774223288527 -0.13714352415164507 0.0 0.01438106968998909 0.0 -0.25905096530914307 
5164 27.7750883102417 0.004126774223288527 -0.1369764739185343 0.0 0.014189321547746658 0.0 -0.25905096530914307 
5165 27.780345916748047 0.004126774223288527 -0.1348903496566931 0.0 0.013997573405504227 0.0 -0.25885921716690063 
5166 27.78561758995056 -0.1897108461430762 -0.1328025955356429 0.0 0.013805825263261795 0.009012140333652496 -0.25885921716690063 
5167 27.790919542312622 -0.09966604599938728 -0.13483742647280492 0.0 0.013805825263261795 0.009012140333652496 -0.25885921716690063 
5168 27.796199083328247 -0.11623934861109592 -0.1308305610701213 0.0 0.013614077121019363 0.009779125452041626 -0.25847572088241577 
5169 27.80145239830017 -0.12514947966323234 -0.124615412438638 0.0 0.013230584561824799 0.010546118021011353 -0.25847572088241577 
5170 27.806675672531128 -0.13406605564639903 -0.12856279799935916 0.0 0.013230584561824799 0.011313110589981079 -0.25828397274017334 
5171 27.81203866004944 -0.1471133659838233 -0.12867525796813467 0.0 0.013230584561824799 0.012271851301193237 -0.2580922245979309 
5172 27.81731653213501 -0.1582511839440558 -0.13703606764634646 0.0 0.013614077121019363 0.013230584561824799 -0.2580922245979309 
5173 27.822644472122192 -0.17352160081104376 -0.14156529154477215 0.0 0.013997573405504227 0.014381073415279388 -0.2579004764556885 
5174 27.82793402671814 -0.186884080654243 -0.146097737908713 0.0 0.01438106968998909 0.015531554818153381 -0.2579004764556885 
5175 27.83321714401245 -0.19613235942856408 -0.1465092290736506 0.0 0.014572817832231522 0.01649029552936554 -0.25770872831344604 
5176 27.83852744102478 -0.20730619441554882 -0.15296396631223658 0.0 0.014956310391426086 0.017449036240577698 -0.2575169801712036 
5177 27.84378457069397 -0.21436380353034473 -0.15750459919346071 0.0 0.01533980667591095 0.018216021358966827 -0.2573252320289612 
5178 27.84903311729431 -0.2192214332802687 -0.16617266945762135 0.0 0.015915051102638245 0.018791265785694122 -0.25713348388671875 
5179 27.854532718658447 -0.2301255744418595 -0.1853007125038425 0.0 0.017065536230802536 0.01955825835466385 -0.2567499876022339 
5180 27.85998272895813 -0.22262189394817686 -0.1739409182801614 0.0 0.017065536230802536 0.01955825835466385 -0.2567499876022339 
5181 27.865517139434814 -0.22278813914419152 -0.1905827548824022 0.0 0.017832525074481964 0.01955825835466385 -0.2561747431755066 
5182 27.870800495147705 -0.22295438434020615 -0.18306444290874102 0.0 0.017832525074481964 0.01955825835466385 -0.2561747431755066 
5183 27.876125812530518 -0.2107479847839568 -0.19558866412413814 0.0 0.01840776950120926 0.018983013927936554 -0.25540775060653687 
5184 27.88139247894287 -0.20428913991735317 -0.19411690081504682 0.0 0.01859951764345169 0.01840776950120926 -0.255024254322052 
5185 27.886648416519165 -0.19370119055570104 -0.19648165008460677 0.0 0.018791262060403824 0.017640776932239532 -0.25464075803756714 
5186 27.89193892478943 -0.18090014851302838 -0.19472393164259888 0.0 0.018791262060403824 0.01668204367160797 -0.2542572617530823 
5187 27.897216796875 -0.17000820390344598 -0.19900787228753367 0.0 0.018983010202646255 0.015723302960395813 -0.2538737654685974 
5188 27.90252923965454 -0.15910834475443697 -0.19725174645183183 0.0 0.018983010202646255 0.014764569699764252 -0.25349026918411255 
5189 27.90797233581543 -0.14820010161609387 -0.19741310203855433 0.0 0.018983010202646255 0.013805828988552094 -0.25310683250427246 
5190 27.913257360458374 -0.13728378368751146 -0.1975744576252768 0.0 0.018983010202646255 0.012847088277339935 -0.2527233362197876 
5191 27.918646335601807 -0.1263594767136965 -0.19773581321199932 0.0 0.018983010202646255 0.011888355016708374 -0.25233983993530273 
5192 27.92395782470703 -0.11130257083312607 -0.19377295388130047 0.0 0.018791262060403824 0.010737866163253784 -0.2521480917930603 
5193 27.92941665649414 -0.10227765664295292 -0.18760181132180193 0.0 0.01840776950120926 0.009779125452041626 -0.25176459550857544 
5194 27.93468451499939 0.09838613346382045 -0.1750963432848225 0.0 0.017640776932239532 0.0 -0.2509976029396057 
5195 27.93998098373413 0.0005948789434041885 -0.18291621557844379 0.0 0.017640776932239532 0.0 -0.2509976029396057 
5196 27.945224046707153 0.0005948789434041885 -0.16656938263808885 0.0 0.016873788088560104 0.0 -0.25061410665512085 
5197 27.95046067237854 0.0005948789434041885 -0.1743826982736359 0.0 0.016873788088560104 0.0 -0.25061410665512085 
5198 27.95583939552307 0.0005948789434041885 -0.15802926580270327 0.0 0.016106795519590378 0.0 -0.250230610370636 
5199 27.961246490478516 0.0005948789434041885 -0.1617119644623021 0.0 0.015915051102638245 0.0 -0.25003886222839355 
5200 27.96653389930725 0.0005948789434041885 -0.1555162567313532 0.0 0.015531554818153381 0.0 -0.25003886222839355 
5201 27.97196865081787 0.0005948789434041885 -0.15535902287473477 0.0 0.01533980667591095 0.0 -0.25003886222839355 
5202 27.977301836013794 0.0005948789434041885 -0.15740689265390434 0.0 0.01533980667591095 0.0 -0.25003886222839355 
5203 27.982656002044678 0.0005948789434041885 -0.1575372810106496 0.0 0.01533980667591095 0.0 -0.25003886222839355 
5204 27.987986087799072 0.0005948789434041885 -0.15766766936739482 0.0 0.01533980667591095 0.0 -0.25003886222839355 
5205 27.993260860443115 0.0005948789434041885 -0.16192227264156142 0.0 0.015531554818153381 0.0 -0.250230610370636 
5206 27.998521327972412 0.0005948789434041885 -0.16426102435251275 0.0 0.015723302960395813 0.0 -0.2504223585128784 
5207 28.00385546684265 0.0005948789434041885 -0.16660140592267314 0.0 0.015915051102638245 0.0 -0.25061410665512085 
5208 28.009109020233154 0.0005948789434041885 -0.17306755214405753 0.0 0.01629854366183281 0.0 -0.2508058547973633 
5209 28.014362335205078 0.0005948789434041885 -0.19411637355235914 0.0 0.0174490287899971 0.0 -0.25061410665512085 
5210 28.01962637901306 0.0005948789434041885 -0.1827598390154312 0.0 0.0174490287899971 0.0 -0.25061410665512085 
5211 28.024996519088745 0.0005948789434041885 -0.22002600989153184 0.0 0.019174758344888687 0.0 -0.2504223585128784 
5212 28.030313730239868 0.0005948789434041885 -0.20293169978854753 0.0 0.019174758344888687 0.0 -0.2504223585128784 
5213 28.03574275970459 0.0005948789434041885 -0.2443367542832861 0.0 0.021092236042022705 0.0 -0.2504223585128784 
5214 28.041041135787964 0.0005948789434041885 -0.23771382594516077 0.0 0.0216674767434597 0.0 -0.2504223585128784 
5215 28.04630756378174 0.0005948789434041885 -0.24864245215279557 0.0 0.022434469312429428 0.0 -0.2504223585128784 
5216 28.051623344421387 0.0005948789434041885 -0.2535357840791116 0.0 0.023009710013866425 0.0 -0.2504223585128784 
5217 28.05689525604248 0.0005948789434041885 -0.2562273894347022 0.0 0.023393206298351288 0.0 -0.2504223585128784 
5218 28.062339305877686 0.0005948789434041885 -0.2649639135956536 0.0 0.023968450725078583 0.0 -0.2504223585128784 
5219 28.067622184753418 0.0005948789434041885 -0.26353933595155876 0.0 0.024160195142030716 0.0 -0.2504223585128784 
5220 28.07288908958435 0.0005948789434041885 -0.265951468358166 0.0 0.024351943284273148 0.0 -0.250230610370636 
5221 28.07837724685669 0.0005948789434041885 -0.26836519337107934 0.0 0.02454369142651558 0.0 -0.25003886222839355 
5222 28.083756923675537 0.0005948789434041885 -0.2666563333257804 0.0 0.02454369142651558 0.0 -0.24984711408615112 
5223 28.089181184768677 0.0005948789434041885 -0.26274073978548446 0.0 0.024351943284273148 0.0 -0.24946361780166626 
5224 28.094438314437866 0.0005948789434041885 -0.2566168630163888 0.0 0.023968450725078583 0.0 -0.24927186965942383 
5225 28.099851608276367 -0.19736695634038187 -0.26065552043949763 0.0 0.023968450725078583 0.009203888475894928 -0.24888837337493896 
5226 28.105080127716064 -0.15077250847429968 -0.24848660751839674 0.0 0.023393206298351288 0.011313110589981079 -0.2485048770904541 
5227 28.110296964645386 -0.129776448773453 -0.2544378940392057 0.0 0.023393206298351288 0.011313110589981079 -0.2485048770904541 
5228 28.11557626724243 -0.17936302897171116 -0.23401574183104137 0.0 0.022434469312429428 0.013614080846309662 -0.24754613637924194 
5229 28.120874404907227 -0.18533839026675558 -0.23554537484457294 0.0 0.022050973027944565 0.014956310391426086 -0.24716264009475708 
5230 28.126108169555664 -0.20091272787586786 -0.22719512620789506 0.0 0.02147572860121727 0.016298547387123108 -0.24677914381027222 
5231 28.131511926651 -0.2082499701587949 -0.2166333346239994 0.0 0.020708739757537842 0.017257288098335266 -0.24639564752578735 
5232 28.13682794570923 -0.22767859416664576 -0.2121066025964687 0.0 0.020133495330810547 0.01859951764345169 -0.2460121512413025 
5233 28.14215326309204 -0.22266282445029356 -0.19740918711235322 0.0 0.019174758344888687 0.018983013927936554 -0.2454369068145752 
5234 28.147493839263916 -0.23548607689351775 -0.1906627628732244 0.0 0.01840776950120926 0.01975000649690628 -0.24505341053009033 
5235 28.152852773666382 -0.24035651076049544 -0.1819922576810936 0.0 0.017640776932239532 0.02032524347305298 -0.24466991424560547 
5236 28.158180952072144 -0.23890112048597076 -0.17331535043043592 0.0 0.016873788088560104 0.02051699161529541 -0.2442864179611206 
5237 28.163646936416626 -0.2330338185748551 -0.1646318063962976 0.0 0.016106795519590378 0.02032524347305298 -0.24409466981887817 
5238 28.169055461883545 -0.23512406456680038 -0.1559418603036324 0.0 0.01533980667591095 0.02032524347305298 -0.24390292167663574 
5239 28.174312591552734 -0.23529682913632133 -0.14724535755289295 0.0 0.014572817832231522 0.02032524347305298 -0.24351942539215088 
5240 28.179553747177124 -0.2395938086232636 -0.13854225527157585 0.0 0.013805825263261795 0.02051699161529541 -0.24351942539215088 
5241 28.185025453567505 -0.2502233663818333 -0.11746010617946784 0.0 0.012463591992855072 0.021092236042022705 -0.24313592910766602 
5242 28.190437078475952 -0.24465020612091756 -0.1309883794154743 0.0 0.012463591992855072 0.021092236042022705 -0.24313592910766602 
5243 28.195858478546143 -0.2365810602924321 -0.11872175532055596 0.0 0.011888351291418076 0.020708739757537842 -0.24275243282318115 
5244 28.201162576675415 -0.22821956292376852 -0.12869934811291792 0.0 0.012080095708370209 0.020133502781391144 -0.24275243282318115 
5245 28.206562995910645 -0.21352199287177062 -0.1310087996743391 0.0 0.01227184385061264 0.019174762070178986 -0.24256068468093872 
5246 28.211857080459595 -0.19440288103953934 -0.12919562892464498 0.0 0.01227184385061264 0.017832525074481964 -0.24275243282318115 
5247 28.2171368598938 -0.17085905345366337 -0.12929993959737518 0.0 0.01227184385061264 0.016106799244880676 -0.24256068468093872 
5248 28.22249937057495 -0.14288701570243575 -0.12940425027010538 0.0 0.01227184385061264 0.013997577130794525 -0.24256068468093872 
5249 28.22779417037964 -0.12285622732550835 -0.12950856094283558 0.0 0.01227184385061264 0.012080103158950806 -0.24256068468093872 
5250 28.23307204246521 -0.10089149874658324 -0.1296128716155658 0.0 0.01227184385061264 0.01016262173652649 -0.2423689365386963 
5251 28.238502740859985 0.09843005436449312 -0.12559296737087466 0.0 0.012080095708370209 0.0 -0.2423689365386963 
5252 28.243815898895264 -0.0031961630007717704 -0.11936477989738384 0.0 0.011696603149175644 0.0 -0.24256068468093872 
5253 28.249229907989502 -0.0031961630007717704 -0.11917491169867614 0.0 0.011504855006933212 0.0 -0.24256068468093872 
5254 28.25448703765869 -0.0031961630007717704 -0.12119018438865939 0.0 0.011504855006933212 0.0 -0.24275243282318115 
5255 28.259778022766113 -0.0031961630007717704 -0.12128797565621832 0.0 0.011504855006933212 0.0 -0.24275243282318115 
5256 28.265109539031982 -0.0031961630007717704 -0.1255099818411986 0.0 0.011696603149175644 0.0 -0.24294418096542358 
5257 28.270548105239868 -0.0031961630007717704 -0.13194027125497856 0.0 0.012080095708370209 0.0 -0.24313592910766602 
5258 28.275819063186646 -0.0031961630007717704 -0.14470488614623941 0.0 0.012847088277339935 0.0 -0.24351942539215088 
5259 28.28116011619568 -0.0031961630007717704 -0.14951672533375718 0.0 0.013422328978776932 0.0 -0.2437111735343933 
5260 28.28647756576538 -0.0031961630007717704 -0.15625105286797086 0.0 0.013997573405504227 0.0 -0.24390292167663574 
5261 28.29316759109497 -0.0031961630007717704 -0.1629902327269087 0.0 0.014572817832231522 0.0 -0.24409466981887817 
5262 28.29882287979126 -0.0031961630007717704 -0.1738584369554887 0.0 0.01533980667591095 0.0 -0.24409466981887817 
5263 28.304325580596924 -0.0031961630007717704 -0.18693993133714 0.0 0.01629854366183281 0.0 -0.2442864179611206 
5264 28.31014370918274 -0.0031961630007717704 -0.19398795876873234 0.0 0.017065536230802536 0.0 -0.2442864179611206 
5265 28.31558108329773 -0.0031961630007717704 -0.22770507906039752 0.0 0.018983010202646255 0.0 -0.24447816610336304 
5266 28.320932149887085 -0.0031961630007717704 -0.2251885545983682 0.0 0.019750002771615982 0.0 -0.24447816610336304 
5267 28.32638669013977 -0.0031961630007717704 -0.21768650393222966 0.0 0.019750002771615982 0.0 -0.24447816610336304 
5268 28.3329815864563 -0.0031961630007717704 -0.24259958833491005 0.0 0.020900487899780273 0.0 -0.24466991424560547 
5269 28.33840823173523 -0.0031961630007717704 -0.2353966061178366 0.0 0.021092236042022705 0.0 -0.24466991424560547 
5270 28.343844175338745 -0.0031961630007717704 -0.2336584087017695 0.0 0.021092236042022705 0.0 -0.24466991424560547 
5271 28.349358558654785 -0.0031961630007717704 -0.22971347779070533 0.0 0.020900487899780273 0.0 -0.24466991424560547 
5272 28.354660749435425 -0.0031961630007717704 -0.22768439844285646 0.0 0.020708739757537842 0.0 -0.24466991424560547 
5273 28.360055208206177 -0.0031961630007717704 -0.2050326947740982 0.0 0.01955825462937355 0.0 -0.24447816610336304 
5274 28.36531686782837 -0.0031961630007717704 -0.20020693155040542 0.0 0.018791262060403824 0.0 -0.2442864179611206 
5275 28.370665550231934 -0.0031961630007717704 -0.19566401834075847 0.0 0.018216021358966827 0.0 -0.24409466981887817 
5276 28.37591814994812 -0.0031961630007717704 -0.19332283170183698 0.0 0.017832525074481964 0.0 -0.24390292167663574 
5277 28.381165981292725 -0.0031961630007717704 -0.19318515609239736 0.0 0.017640776932239532 0.0 -0.2437111735343933 
5278 28.386454582214355 -0.0031961630007717704 -0.19525258411874571 0.0 0.017640776932239532 0.0 -0.2437111735343933 
5279 28.39200735092163 -0.0031961630007717704 -0.19540253072266975 0.0 0.017640776932239532 0.0 -0.24332767724990845 
5280 28.397490978240967 -0.0031961630007717704 -0.19142826240917243 0.0 0.0174490287899971 0.0 -0.24313592910766602 
5281 28.403140783309937 -0.0031961630007717704 -0.18524571086687544 0.0 0.017065536230802536 0.0 -0.24275243282318115 
5282 28.40866494178772 -0.0031961630007717704 -0.18097726368194023 0.0 0.016682039946317673 0.0 -0.24256068468093872 
5283 28.414276123046875 -0.0031961630007717704 -0.17670559403148986 0.0 0.01629854366183281 0.0 -0.24217718839645386 
5284 28.419864416122437 -0.0031961630007717704 -0.17243074478802778 0.0 0.015915051102638245 0.0 -0.24198544025421143 
5285 28.42531657218933 -0.20115799828455783 -0.16402830356208184 0.0 0.01533980667591095 0.009203888475894928 -0.24160194396972656 
5286 28.43084478378296 -0.1298182609139476 -0.14104171188955703 0.0 0.013997573405504227 0.01016262173652649 -0.24102669954299927 
5287 28.436362981796265 -0.13681417026207782 -0.13808624442329206 0.0 0.013230584561824799 0.010929614305496216 -0.2406432032585144 
5288 28.441802740097046 -0.1416097910462413 -0.13349594807659784 0.0 0.012655340135097504 0.01150485873222351 -0.24045145511627197 
5289 28.447314500808716 -0.14832778283045628 -0.13110753290017643 0.0 0.01227184385061264 0.012080103158950806 -0.24025970697402954 
5290 28.452863454818726 -0.159174718858907 -0.13092259150033392 0.0 0.012080095708370209 0.012847088277339935 -0.2400679588317871 
5291 28.45858120918274 -0.16398671267763712 -0.12881861894426444 0.0 0.011888351291418076 0.01342233270406723 -0.2400679588317871 
5292 28.464083433151245 -0.17072100299061274 -0.1308371140997628 0.0 0.011888351291418076 0.013997577130794525 -0.2400679588317871 
5293 28.469717025756836 -0.16508753812895155 -0.13093816508573988 0.0 0.011888351291418076 0.013997577130794525 -0.2400679588317871 
5294 28.475369691848755 -0.20644850645796395 -0.12279078623687426 0.0 0.011504855006933212 0.015915051102638245 -0.2406432032585144 
5295 28.48087191581726 -0.20390590434358455 -0.11847511051443912 0.0 0.011121358722448349 0.01668204367160797 -0.24083495140075684 
5296 28.486466884613037 -0.21287463569478132 -0.11415625519899228 0.0 0.010737866163253784 0.017449036240577698 -0.24083495140075684 
5297 28.491997003555298 -0.20535302681312895 -0.12220658744534053 0.0 0.010929610580205917 0.017449036240577698 -0.2406432032585144 
5298 28.497415781021118 -0.1972529137863312 -0.12863047480059364 0.0 0.01131310686469078 0.017065539956092834 -0.2406432032585144 
5299 28.502827644348145 -0.1888602889685426 -0.1455126678257952 0.0 0.01227184385061264 0.01649029552936554 -0.24083495140075684 
5300 28.50835609436035 -0.17825604107812978 -0.1566506832264135 0.0 0.013230584561824799 0.015723302960395813 -0.24102669954299927 
5301 28.514434576034546 -0.1736869700907264 -0.16779673054476776 0.0 0.014189321547746658 0.015148058533668518 -0.2412184476852417 
5302 28.520148515701294 -0.15894725851924157 -0.174826749462984 0.0 0.014956310391426086 0.014189325273036957 -0.24160194396972656 
5303 28.525733470916748 -0.12741321146697737 -0.17965663441678084 0.0 0.015531554818153381 0.012271851301193237 -0.24217718839645386 
5304 28.5311381816864 -0.12194697241694666 -0.1740362083654622 0.0 0.015531554818153381 0.011121362447738647 -0.2423689365386963 
5305 28.53662419319153 -0.11292531794519163 -0.1741682265814165 0.0 0.015531554818153381 0.01016262173652649 -0.24275243282318115 
5306 28.542007446289062 -0.09785397808835841 -0.1743002447973708 0.0 0.015531554818153381 0.009012140333652496 -0.24294418096542358 
5307 28.547388076782227 -0.10943539530993439 -0.17443226301332512 0.0 0.015531554818153381 0.009012140333652496 -0.24294418096542358 
5308 28.552852392196655 0.08432562186359428 -0.1828127110641221 0.0 0.015915051102638245 0.0 -0.24351942539215088 
5309 28.558640003204346 -0.005795781472930678 -0.18736137586308219 0.0 0.01629854366183281 0.0 -0.24390292167663574 
5310 28.564356327056885 -0.005795781472930678 -0.19603763264452614 0.0 0.016873788088560104 0.0 -0.24409466981887817 
5311 28.57042694091797 -0.005795781472930678 -0.19867704541084863 0.0 0.017257284373044968 0.0 -0.24447816610336304 
5312 28.576153993606567 -0.005795781472930678 -0.21148554902744987 0.0 0.018024273216724396 0.0 -0.24466991424560547 
5313 28.581711053848267 -0.005795781472930678 -0.21221729674784043 0.0 0.01840776950120926 0.0 -0.24466991424560547 
5314 28.587212324142456 -0.005795781472930678 -0.21266301486117342 0.0 0.01859951764345169 0.0 -0.24447816610336304 
5315 28.592607975006104 -0.005795781472930678 -0.22740040888299742 0.0 0.01936650648713112 0.0 -0.24409466981887817 
5316 28.598055124282837 -0.005795781472930678 -0.23226778050360777 0.0 0.019941750913858414 0.0 -0.24409466981887817 
5317 28.60347270965576 -0.005795781472930678 -0.2431816206633816 0.0 0.020708739757537842 0.0 -0.24409466981887817 
5318 28.60896897315979 -0.005795781472930678 -0.2480604012667904 0.0 0.021283984184265137 0.0 -0.24409466981887817 
5319 28.6143741607666 -0.005795781472930678 -0.25073722057452 0.0 0.0216674767434597 0.0 -0.24409466981887817 
5320 28.619813203811646 -0.005795781472930678 -0.2512106834523151 0.0 0.021859224885702133 0.0 -0.24390292167663574 
5321 28.62592077255249 -0.005795781472930678 -0.24947900544141927 0.0 0.021859224885702133 0.0 -0.2437111735343933 
5322 28.631482362747192 -0.005795781472930678 -0.23316802930866876 0.0 0.021092236042022705 0.0 -0.24313592910766602 
5323 28.636988162994385 -0.005795781472930678 -0.22452034208213487 0.0 0.02032524347305298 0.0 -0.24275243282318115 
5324 28.642378568649292 -0.005795781472930678 -0.21174203787965276 0.0 0.01936650648713112 0.0 -0.24217718839645386 
5325 28.647777795791626 -0.005795781472930678 -0.1967488136648903 0.0 0.018216021358966827 0.0 -0.24160194396972656 
5326 28.65316867828369 -0.005795781472930678 -0.1877875066663841 0.0 0.017257284373044968 0.0 -0.24102669954299927 
5327 28.658539056777954 -0.005795781472930678 -0.1769004888556669 0.0 0.01629854366183281 0.0 -0.24045145511627197 
5328 28.663917303085327 -0.005795781472930678 -0.17012965404463506 0.0 0.015531554818153381 0.0 -0.23968446254730225 
5329 28.669339656829834 -0.005795781472930678 -0.1614347010276983 0.0 0.014764562249183655 0.0 -0.23910921812057495 
5330 28.674724340438843 -0.005795781472930678 -0.156857560869656 0.0 0.014189321547746658 0.0 -0.23834222555160522 
5331 28.680387496948242 -0.005795781472930678 -0.14623371744749644 0.0 0.013422328978776932 0.0 -0.2375752329826355 
5332 28.686137914657593 -0.005795781472930678 -0.12927252355439164 0.0 0.01227184385061264 0.0 -0.2358494997024536 
5333 28.691675424575806 -0.005795781472930678 -0.12438490596448579 0.0 0.011504855006933212 0.0 -0.23527425527572632 
5334 28.697059392929077 -0.005795781472930678 -0.11565580612456001 0.0 0.010737866163253784 0.0 -0.2345072627067566 
5335 28.702430486679077 -0.005795781472930678 -0.1069201067540566 0.0 0.009970873594284058 0.0 -0.23354852199554443 
5336 28.707823753356934 -0.005795781472930678 -0.11467478486930527 0.0 0.009970873594284058 0.0 -0.23354852199554443 
5337 28.713199615478516 -0.005795781472930678 0.09969899740780197 0.0 0.0 0.0 -0.23182284832000732 
5338 28.718602895736694 -0.005795781472930678 -9.738535038611017e-06 0.0 0.0 0.0 -0.2310558557510376 
5339 28.723998546600342 -0.005795781472930678 -9.738535038611017e-06 0.0 0.0 0.0 -0.23028886318206787 
5340 28.72941493988037 -0.005795781472930678 -9.738535038611017e-06 0.0 0.0 0.0 -0.22952187061309814 
5341 28.735037326812744 -0.005795781472930678 -9.738535038611017e-06 0.0 0.0 0.0 -0.22894662618637085 
5342 28.740883350372314 -0.005795781472930678 -9.738535038611017e-06 0.0 0.0 0.0 -0.22817963361740112 
5343 28.746557474136353 -0.005795781472930678 -9.738535038611017e-06 0.0 0.0 0.0 -0.2268373966217041 
5344 28.7519474029541 -0.005795781472930678 -9.738535038611017e-06 0.0 0.0 0.0 -0.2262621521949768 
5345 28.757378816604614 -0.005795781472930678 -9.738535038611017e-06 0.0 0.0 0.0 -0.22587865591049194 
5346 28.762800693511963 -0.005795781472930678 -9.738535038611017e-06 0.0 0.0 0.0 -0.22530341148376465 
5347 28.7681725025177 -0.005795781472930678 -0.2062198434028546 0.0 0.009587377309799194 0.0 -0.22491991519927979 
5348 28.77358603477478 -0.005795781472930678 -0.13517285251652397 0.0 0.010737866163253784 0.0 -0.22472816705703735 
5349 28.778972625732422 -0.005795781472930678 -0.1485044452234874 0.0 0.011888351291418076 0.0 -0.22453641891479492 
5350 28.784421920776367 -0.005795781472930678 -0.15772163938952186 0.0 0.012847088277339935 0.0 -0.2243446707725525 
5351 28.79032039642334 -0.005795781472930678 -0.14824346978066064 0.0 0.012847088277339935 0.0 -0.2243446707725525 
5352 28.796886920928955 -0.005795781472930678 -0.19371887387184003 0.0 0.014956310391426086 0.0 -0.2243446707725525 
5353 28.802451372146606 -0.005795781472930678 -0.189250641038991 0.0 0.015723302960395813 0.0 -0.2243446707725525 
5354 28.807994842529297 -0.005795781472930678 -0.19821114296873607 0.0 0.01649029180407524 0.0 -0.22453641891479492 
5355 28.813518285751343 -0.005795781472930678 -0.21130241647397674 0.0 0.0174490287899971 0.0 -0.22472816705703735 
5356 28.819064378738403 -0.005795781472930678 -0.21423600811173715 0.0 0.018024273216724396 0.0 -0.22472816705703735 
5357 28.824506759643555 -0.005795781472930678 -0.21688520000164904 0.0 0.01840776950120926 0.0 -0.22472816705703735 
5358 28.82993745803833 -0.005795781472930678 -0.21733091811498204 0.0 0.01859951764345169 0.0 -0.22491991519927979 
5359 28.83560585975647 -0.005795781472930678 -0.21557153259252707 0.0 0.01859951764345169 0.0 -0.22491991519927979 
5360 28.841102838516235 -0.005795781472930678 -0.21160541357507506 0.0 0.01840776950120926 0.0 -0.22491991519927979 
5361 28.846989631652832 -0.005795781472930678 -0.21367936103825966 0.0 0.01840776950120926 0.0 -0.22491991519927979 
5362 28.852643251419067 -0.005795781472930678 -0.20558739724417724 0.0 0.018024273216724396 0.0 -0.22472816705703735 
5363 28.858174562454224 -0.005795781472930678 -0.2054513514939467 0.0 0.017832525074481964 0.0 -0.22453641891479492 
5364 28.863666534423828 -0.005795781472930678 -0.19927197954466142 0.0 0.0174490287899971 0.0 -0.2243446707725525 
5365 28.869354009628296 -0.005795781472930678 -0.20325525913422504 0.0 0.0174490287899971 0.0 -0.2243446707725525 
5366 28.87480092048645 -0.005795781472930678 -0.1827825814172397 0.0 0.01649029180407524 0.0 -0.2237694263458252 
5367 28.880255222320557 -0.005795781472930678 -0.1801375541299353 0.0 0.015915051102638245 0.0 -0.22357767820358276 
5368 28.885708808898926 -0.005795781472930678 -0.148907384947292 0.0 0.014189321547746658 0.0 -0.22281068563461304 
5369 28.89126753807068 -0.005795781472930678 -0.14154008035024204 0.0 0.013038836419582367 0.0 -0.22223544120788574 
5370 28.896810054779053 -0.005795781472930678 -0.1325346871543447 0.0 0.012080095708370209 0.0 -0.22166019678115845 
5371 28.902562856674194 -0.005795781472930678 -0.12572799553570846 0.0 0.01131310686469078 0.0 -0.22108495235443115 
5372 28.90811562538147 -0.005795781472930678 -0.11699726583657362 0.0 0.010546118021011353 0.0 -0.22050970792770386 
5373 28.913637399673462 -0.005795781472930678 -0.11238415152428248 0.0 0.009970873594284058 0.0 -0.21993446350097656 
5374 28.919084787368774 -0.005795781472930678 -0.1058487835902492 0.0 0.009395632892847061 0.0 -0.21935921907424927 
5375 28.924617290496826 -0.005795781472930678 -0.09930840873194434 0.0 0.008820388466119766 0.0 -0.21859222650527954 
5376 28.930267810821533 -0.005795781472930678 0.08457749902235769 0.0 0.0 0.0 -0.21801698207855225 
5377 28.935734510421753 -0.005795781472930678 -0.0036263856388399807 0.0 0.0 0.0 -0.21686649322509766 
5378 28.94112730026245 -0.005795781472930678 -0.0036263856388399807 0.0 0.0 0.0 -0.21609950065612793 
5379 28.946502208709717 -0.005795781472930678 -0.0036263856388399807 0.0 0.0 0.0 -0.21609950065612793 
5380 28.951890230178833 -0.005795781472930678 -0.0036263856388399807 0.0 0.0 0.0 -0.21494901180267334 
5381 28.957574367523193 -0.005795781472930678 -0.0036263856388399807 0.0 0.0 0.0 -0.21437376737594604 
5382 28.96303963661194 -0.005795781472930678 -0.0036263856388399807 0.0 0.0 0.0 -0.21379852294921875 
5383 28.968523025512695 -0.005795781472930678 -0.0036263856388399807 0.0 0.0 0.0 -0.2134150266647339 
5384 28.973960161209106 -0.005795781472930678 -0.0036263856388399807 0.0 0.0 0.0 -0.2128397822380066 
5385 28.97934579849243 -0.005795781472930678 -0.0036263856388399807 0.0 0.0 0.0 -0.21245628595352173 
5386 28.984788179397583 -0.005795781472930678 -0.0036263856388399807 0.0 0.0 0.0 -0.21207278966903687 
5387 28.990338802337646 -0.005795781472930678 -0.205712355714641 0.0 0.009395632892847061 0.0 -0.211689293384552 
5388 28.99612069129944 -0.005795781472930678 -0.13658109904488125 0.0 0.010546118021011353 0.0 -0.21130579710006714 
5389 29.001671314239502 -0.005795781472930678 -0.13341423947585324 0.0 0.010929610580205917 0.0 -0.2111140489578247 
5390 29.007147550582886 -0.005795781472930678 -0.137920645408682 0.0 0.01131310686469078 0.0 -0.2111140489578247 
5391 29.01277184486389 -0.005795781472930678 -0.15480283843388357 0.0 0.01227184385061264 0.0 -0.2111140489578247 
5392 29.018231630325317 -0.005795781472930678 -0.16181663891708054 0.0 0.013038836419582367 0.0 -0.2111140489578247 
5393 29.02380084991455 -0.005795781472930678 -0.17487853779865004 0.0 0.013997573405504227 0.0 -0.2111140489578247 
5394 29.02928876876831 -0.005795781472930678 -0.16541014731337825 0.0 0.013997573405504227 0.0 -0.2111140489578247 
5395 29.034778833389282 -0.005795781472930678 -0.19027433606644667 0.0 0.015148058533668518 0.0 -0.21130579710006714 
5396 29.040425777435303 -0.005795781472930678 -0.18714667311718264 0.0 0.015531554818153381 0.0 -0.21130579710006714 
5397 29.04607367515564 -0.005795781472930678 -0.1834437284882883 0.0 0.015531554818153381 0.0 -0.21130579710006714 
5398 29.05172824859619 -0.005795781472930678 -0.17532731686939992 0.0 0.015148058533668518 0.0 -0.21130579710006714 
5399 29.05727195739746 -0.005795781472930678 -0.17104260837694205 0.0 0.014764562249183655 0.0 -0.2111140489578247 
5400 29.062691926956177 -0.005795781472930678 -0.1708789352088938 0.0 0.014572817832231522 0.0 -0.2111140489578247 
5401 29.068411111831665 -0.005795781472930678 -0.16467181849514642 0.0 0.014189321547746658 0.0 -0.21073055267333984 
5402 29.073888301849365 -0.005795781472930678 -0.1603789607383082 0.0 0.013805825263261795 0.0 -0.2105388641357422 
5403 29.07946753501892 -0.005795781472930678 -0.16020705818047323 0.0 0.013614077121019363 0.0 -0.21015536785125732 
5404 29.084923267364502 -0.005795781472930678 -0.15811604434100487 0.0 0.013422328978776932 0.0 -0.20958012342453003 
5405 29.090630531311035 -0.005795781472930678 -0.15602348076773384 0.0 0.013230584561824799 0.0 -0.20919662714004517 
5406 29.09614658355713 -0.005795781472930678 -0.149804955071188 0.0 0.012847088277339935 0.0 -0.20785439014434814 
5407 29.102420330047607 -0.005795781472930678 -0.14550068833155133 0.0 0.012463591992855072 0.0 -0.20708739757537842 
5408 29.107991456985474 -0.005795781472930678 -0.14944159170833923 0.0 0.012463591992855072 0.0 -0.20708739757537842 
5409 29.1134033203125 -0.005795781472930678 -0.13717496761342085 0.0 0.011888351291418076 0.0 -0.20555341243743896 
5410 29.118778228759766 -0.005795781472930678 -0.13890421069634654 0.0 0.011696603149175644 0.0 -0.2045946717262268 
5411 29.124362230300903 -0.005795781472930678 -0.12854846849327484 0.0 0.011121358722448349 0.0 -0.20363593101501465 
5412 29.12984037399292 -0.005795781472930678 -0.13027122939226723 0.0 0.010929610580205917 0.0 -0.2026771903038025 
5413 29.1354877948761 -0.005795781472930678 -0.124033262795187 0.0 0.010546118021011353 0.0 -0.2015267014503479 
5414 29.14100432395935 -0.19550918692187405 -0.12383361547288993 0.0 0.010354369878768921 0.008820392191410065 -0.2003762125968933 
5415 29.14637565612793 -0.12387709801108576 -0.12171489412186243 0.0 0.01016262173652649 0.009587384760379791 -0.19807523488998413 
5416 29.151753902435303 -0.12453693467588163 -0.11959454291162588 0.0 0.009970873594284058 0.009970873594284058 -0.19692474603652954 

