i t_now Tx Ty Tz u1 u2 u3 theta_x theta_y theta_z psi_1 psi_2 psi_3 dpsi_1 dpsi_2 dpsi_3 phi_x phi_y x y dx dy theta_d_x theta_d_y Kp_in_x Ki_in_x Kd_in_x Kp_in_y Ki_in_y Kd_in_y Kp_out_x Ki_out_x Kd_out_x Kp_out_y Ki_out_y Kd_out_y Kp_yaw Ki_yaw Kd_yaw
1 0.005794525146484375 0.0 0.0 0.0 0.0 0.0 0.0 0.0 0.0 0.0 0.0 0.0 0.0 0.0 0.0 0.0 0.0 0.0 0.0 0.0 0.0 0.0 0.0 0.0 9.300000000000011 0.0 0.0 9.300000000000011 0.0 0.0 0.3 0.05 0.8 0.3 0.05 0.8 0.5 0.1 0.05
2 0.01159214973449707 0.0 0.0 0.0 0.0 0.0 0.0 0.0 0.0 0.0 0.0 0.0 0.0 0.0 0.0 0.0 0.0 0.0 0.0 0.0 0.0 0.0 0.0 0.0 9.300000000000011 0.0 0.0 9.300000000000011 0.0 0.0 0.3 0.05 0.8 0.3 0.05 0.8 0.5 0.1 0.05
3 0.017303943634033203 0.0 0.0 0.0 0.0 0.0 0.0 0.0 0.0 0.0 0.0 0.0 0.0 0.0 0.0 0.0 0.0 0.0 0.0 0.0 0.0 0.0 0.0 0.0 9.300000000000011 0.0 0.0 9.300000000000011 0.0 0.0 0.3 0.05 0.8 0.3 0.05 0.8 0.5 0.1 0.05
4 0.02284383773803711 0.0 0.0 0.0 0.0 0.0 0.0 0.0 0.0 0.0 0.0 0.0 0.0 0.0 0.0 0.0 0.0 0.0 0.0 0.0 0.0 0.0 0.0 0.0 9.300000000000011 0.0 0.0 9.300000000000011 0.0 0.0 0.3 0.05 0.8 0.3 0.05 0.8 0.5 0.1 0.05
5 0.02833271026611328 0.0 0.0 0.0 0.0 0.0 0.0 0.0 0.0 0.0 0.0 0.0 0.0 0.0 0.0 0.0 0.0 0.0 0.0 0.0 0.0 0.0 0.0 0.0 9.300000000000011 0.0 0.0 9.300000000000011 0.0 0.0 0.3 0.05 0.8 0.3 0.05 0.8 0.5 0.1 0.05
6 0.03410768508911133 0.0 0.0 0.0 0.0 0.0 0.0 0.0 0.0 0.0 0.0 0.0 0.0 0.0 0.0 0.0 0.0 0.0 0.0 0.0 0.0 0.0 0.0 0.0 9.300000000000011 0.0 0.0 9.300000000000011 0.0 0.0 0.3 0.05 0.8 0.3 0.05 0.8 0.5 0.1 0.05
7 0.03996086120605469 0.0 0.0 0.0 0.0 0.0 0.0 0.0 0.0 0.0 0.0 0.0 0.0 0.0 0.0 0.0 0.0 0.0 0.0 0.0 0.0 0.0 0.0 0.0 9.300000000000011 0.0 0.0 9.300000000000011 0.0 0.0 0.3 0.05 0.8 0.3 0.05 0.8 0.5 0.1 0.05
8 0.04556846618652344 0.0 0.0 0.0 0.0 0.0 0.0 0.0 0.0 0.0 0.0 0.0 0.0 0.0 0.0 0.0 0.0 0.0 0.0 0.0 0.0 0.0 0.0 0.0 9.300000000000011 0.0 0.0 9.300000000000011 0.0 0.0 0.3 0.05 0.8 0.3 0.05 0.8 0.5 0.1 0.05
9 0.05110311508178711 0.0 0.0 0.0 0.0 0.0 0.0 0.0 0.0 0.0 0.0 0.0 0.0 0.0 0.0 0.0 0.0 0.0 0.0 0.0 0.0 0.0 0.0 0.0 9.300000000000011 0.0 0.0 9.300000000000011 0.0 0.0 0.3 0.05 0.8 0.3 0.05 0.8 0.5 0.1 0.05
10 0.05656027793884277 0.0 0.0 0.0 0.0 0.0 0.0 0.0 0.0 0.0 0.0 0.0 0.0 0.0 0.0 0.0 0.0 0.0 0.0 0.0 0.0 0.0 0.0 0.0 9.300000000000011 0.0 0.0 9.300000000000011 0.0 0.0 0.3 0.05 0.8 0.3 0.05 0.8 0.5 0.1 0.05
11 0.06269693374633789 0.0 0.0 0.0 0.0 0.0 0.0 0.0 0.0 0.0 0.0 0.0 0.0 0.0 0.0 0.0 0.0 0.0 0.0 0.0 0.0 0.0 0.0 0.0 9.300000000000011 0.0 0.0 9.300000000000011 0.0 0.0 0.3 0.05 0.8 0.3 0.05 0.8 0.5 0.1 0.05
12 0.0682525634765625 0.0 0.0 0.0 0.0 0.0 0.0 0.0 0.0 0.0 0.0 0.0 0.0 0.0 0.0 0.0 0.0 0.0 0.0 0.0 0.0 0.0 0.0 0.0 9.300000000000011 0.0 0.0 9.300000000000011 0.0 0.0 0.3 0.05 0.8 0.3 0.05 0.8 0.5 0.1 0.05
13 0.07403898239135742 0.0 0.0 0.0 0.0 0.0 0.0 0.0 0.0 0.0 0.0 0.0 0.0 0.0 0.0 0.0 0.0 0.0 0.0 0.0 0.0 0.0 0.0 0.0 9.300000000000011 0.0 0.0 9.300000000000011 0.0 0.0 0.3 0.05 0.8 0.3 0.05 0.8 0.5 0.1 0.05
14 0.07967209815979004 0.0 0.0 0.0 0.0 0.0 0.0 0.0 0.0 0.0 0.0 0.0 0.0 0.0 0.0 0.0 0.0 0.0 0.0 0.0 0.0 0.0 0.0 0.0 9.300000000000011 0.0 0.0 9.300000000000011 0.0 0.0 0.3 0.05 0.8 0.3 0.05 0.8 0.5 0.1 0.05
15 0.08512425422668457 0.0 0.0 0.0 0.0 0.0 0.0 0.0 0.0 0.0 0.0 0.0 0.0 0.0 0.0 0.0 0.0 0.0 0.0 0.0 0.0 0.0 0.0 0.0 9.300000000000011 0.0 0.0 9.300000000000011 0.0 0.0 0.3 0.05 0.8 0.3 0.05 0.8 0.5 0.1 0.05
16 0.09071016311645508 0.0 0.0 0.0 0.0 0.0 0.0 0.0 0.0 0.0 0.0 0.0 0.0 0.0 0.0 0.0 0.0 0.0 0.0 0.0 0.0 0.0 0.0 0.0 9.300000000000011 0.0 0.0 9.300000000000011 0.0 0.0 0.3 0.05 0.8 0.3 0.05 0.8 0.5 0.1 0.05
17 0.09620928764343262 0.0 0.0 0.0 0.0 0.0 0.0 0.0 0.0 0.0 0.0 0.0 0.0 0.0 0.0 0.0 0.0 0.0 0.0 0.0 0.0 0.0 0.0 0.0 9.300000000000011 0.0 0.0 9.300000000000011 0.0 0.0 0.3 0.05 0.8 0.3 0.05 0.8 0.5 0.1 0.05
18 0.1017765998840332 0.0 0.0 0.0 0.0 0.0 0.0 0.0 0.0 0.0 0.0 0.0 0.0 0.0 0.0 0.0 0.0 0.0 0.0 0.0 0.0 0.0 0.0 0.0 9.300000000000011 0.0 0.0 9.300000000000011 0.0 0.0 0.3 0.05 0.8 0.3 0.05 0.8 0.5 0.1 0.05
19 0.10721325874328613 0.0 0.0 0.0 0.0 0.0 0.0 0.0 0.0 0.0 0.0 0.0 0.0 0.0 0.0 0.0 0.0 0.0 0.0 0.0 0.0 0.0 0.0 0.0 9.300000000000011 0.0 0.0 9.300000000000011 0.0 0.0 0.3 0.05 0.8 0.3 0.05 0.8 0.5 0.1 0.05
20 0.11262869834899902 0.0 0.0 0.0 0.0 0.0 0.0 0.0 0.0 0.0 0.0 0.0 0.0 0.0 0.0 0.0 0.0 0.0 0.0 0.0 0.0 0.0 0.0 0.0 9.300000000000011 0.0 0.0 9.300000000000011 0.0 0.0 0.3 0.05 0.8 0.3 0.05 0.8 0.5 0.1 0.05
21 0.11823129653930664 0.0 0.0 0.0 0.0 0.0 0.0 0.0 0.0 0.0 0.0 0.0 0.0 0.0 0.0 0.0 0.0 0.0 0.0 0.0 0.0 0.0 0.0 0.0 9.300000000000011 0.0 0.0 9.300000000000011 0.0 0.0 0.3 0.05 0.8 0.3 0.05 0.8 0.5 0.1 0.05
22 0.12366986274719238 0.0 0.0 0.0 0.0 0.0 0.0 0.0 0.0 0.0 0.0 0.0 0.0 0.0 0.0 0.0 0.0 0.0 0.0 0.0 0.0 0.0 0.0 0.0 9.300000000000011 0.0 0.0 9.300000000000011 0.0 0.0 0.3 0.05 0.8 0.3 0.05 0.8 0.5 0.1 0.05
23 0.129286527633667 0.0 0.0 0.0 0.0 0.0 0.0 0.0 0.0 0.0 0.0 0.0 0.0 0.0 0.0 0.0 0.0 0.0 0.0 0.0 0.0 0.0 0.0 0.0 9.300000000000011 0.0 0.0 9.300000000000011 0.0 0.0 0.3 0.05 0.8 0.3 0.05 0.8 0.5 0.1 0.05
24 0.1349499225616455 0.0 0.0 0.0 0.0 0.0 0.0 0.0 0.0 0.0 0.0 0.0 0.0 0.0 0.0 0.0 0.0 0.0 0.0 0.0 0.0 0.0 0.0 0.0 9.300000000000011 0.0 0.0 9.300000000000011 0.0 0.0 0.3 0.05 0.8 0.3 0.05 0.8 0.5 0.1 0.05
25 0.14066576957702637 0.0 0.0 0.0 0.0 0.0 0.0 0.0 0.0 0.0 0.0 0.0 0.0 0.0 0.0 0.0 0.0 0.0 0.0 0.0 0.0 0.0 0.0 0.0 9.300000000000011 0.0 0.0 9.300000000000011 0.0 0.0 0.3 0.05 0.8 0.3 0.05 0.8 0.5 0.1 0.05
26 0.14624238014221191 0.0 0.0 0.0 0.0 0.0 0.0 0.0 0.0 0.0 0.0 0.0 0.0 0.0 0.0 0.0 0.0 0.0 0.0 0.0 0.0 0.0 0.0 0.0 9.300000000000011 0.0 0.0 9.300000000000011 0.0 0.0 0.3 0.05 0.8 0.3 0.05 0.8 0.5 0.1 0.05
27 0.15183401107788086 0.0 0.0 0.0 0.0 0.0 0.0 0.0 0.0 0.0 0.0 0.0 0.0 0.0 0.0 0.0 0.0 0.0 0.0 0.0 0.0 0.0 0.0 0.0 9.300000000000011 0.0 0.0 9.300000000000011 0.0 0.0 0.3 0.05 0.8 0.3 0.05 0.8 0.5 0.1 0.05
28 0.1573493480682373 0.0 0.0 0.0 0.0 0.0 0.0 0.0 0.0 0.0 0.0 0.0 0.0 0.0 0.0 0.0 0.0 0.0 0.0 0.0 0.0 0.0 0.0 0.0 9.300000000000011 0.0 0.0 9.300000000000011 0.0 0.0 0.3 0.05 0.8 0.3 0.05 0.8 0.5 0.1 0.05
29 0.16289520263671875 0.0 0.0 0.0 0.0 0.0 0.0 0.0 0.0 0.0 0.0 0.0 0.0 0.0 0.0 0.0 0.0 0.0 0.0 0.0 0.0 0.0 0.0 0.0 9.300000000000011 0.0 0.0 9.300000000000011 0.0 0.0 0.3 0.05 0.8 0.3 0.05 0.8 0.5 0.1 0.05
30 0.16838884353637695 0.0 0.0 0.0 0.0 0.0 0.0 0.0 0.0 0.0 0.0 0.0 0.0 0.0 0.0 0.0 0.0 0.0 0.0 0.0 0.0 0.0 0.0 0.0 9.300000000000011 0.0 0.0 9.300000000000011 0.0 0.0 0.3 0.05 0.8 0.3 0.05 0.8 0.5 0.1 0.05
31 0.17452335357666016 0.0 0.0 0.0 0.0 0.0 0.0 0.0 0.0 0.0 0.0 0.0 0.0 0.0 0.0 0.0 0.0 0.0 0.0 0.0 0.0 0.0 0.0 0.0 9.300000000000011 0.0 0.0 9.300000000000011 0.0 0.0 0.3 0.05 0.8 0.3 0.05 0.8 0.5 0.1 0.05
32 0.17998600006103516 0.0 0.0 0.0 0.0 0.0 0.0 0.0 0.0 0.0 0.0 0.0 0.0 0.0 0.0 0.0 0.0 0.0 0.0 0.0 0.0 0.0 0.0 0.0 9.300000000000011 0.0 0.0 9.300000000000011 0.0 0.0 0.3 0.05 0.8 0.3 0.05 0.8 0.5 0.1 0.05
33 0.18547391891479492 0.0 0.0 0.0 0.0 0.0 0.0 0.0 0.0 0.0 0.0 0.0 0.0 0.0 0.0 0.0 0.0 0.0 0.0 0.0 0.0 0.0 0.0 0.0 9.300000000000011 0.0 0.0 9.300000000000011 0.0 0.0 0.3 0.05 0.8 0.3 0.05 0.8 0.5 0.1 0.05
34 0.1910083293914795 0.0 0.0 0.0 0.0 0.0 0.0 0.0 0.0 0.0 0.0 0.0 0.0 0.0 0.0 0.0 0.0 0.0 0.0 0.0 0.0 0.0 0.0 0.0 9.300000000000011 0.0 0.0 9.300000000000011 0.0 0.0 0.3 0.05 0.8 0.3 0.05 0.8 0.5 0.1 0.05
35 0.19644713401794434 0.0 0.0 0.0 0.0 0.0 0.0 0.0 0.0 0.0 0.0 0.0 0.0 0.0 0.0 0.0 0.0 0.0 0.0 0.0 0.0 0.0 0.0 0.0 9.300000000000011 0.0 0.0 9.300000000000011 0.0 0.0 0.3 0.05 0.8 0.3 0.05 0.8 0.5 0.1 0.05
36 0.20177888870239258 0.0 0.0 0.0 0.0 0.0 0.0 0.0 0.0 0.0 0.0 0.0 0.0 0.0 0.0 0.0 0.0 0.0 0.0 0.0 0.0 0.0 0.0 0.0 9.300000000000011 0.0 0.0 9.300000000000011 0.0 0.0 0.3 0.05 0.8 0.3 0.05 0.8 0.5 0.1 0.05
37 0.20725584030151367 0.0 0.0 0.0 0.0 0.0 0.0 0.0 0.0 0.0 0.0 0.0 0.0 0.0 0.0 0.0 0.0 0.0 0.0 0.0 0.0 0.0 0.0 0.0 9.300000000000011 0.0 0.0 9.300000000000011 0.0 0.0 0.3 0.05 0.8 0.3 0.05 0.8 0.5 0.1 0.05
38 0.212632417678833 0.0 0.0 0.0 0.0 0.0 0.0 0.0 0.0 0.0 0.0 0.0 0.0 0.0 0.0 0.0 0.0 0.0 0.0 0.0 0.0 0.0 0.0 0.0 9.300000000000011 0.0 0.0 9.300000000000011 0.0 0.0 0.3 0.05 0.8 0.3 0.05 0.8 0.5 0.1 0.05
39 0.2179882526397705 0.0 0.0 0.0 0.0 0.0 0.0 0.0 0.0 0.0 0.0 0.0 0.0 0.0 0.0 0.0 0.0 0.0 0.0 0.0 0.0 0.0 0.0 0.0 9.300000000000011 0.0 0.0 9.300000000000011 0.0 0.0 0.3 0.05 0.8 0.3 0.05 0.8 0.5 0.1 0.05
40 0.22334837913513184 0.0 0.0 0.0 0.0 0.0 0.0 0.0 0.0 0.0 0.0 0.0 0.0 0.0 0.0 0.0 0.0 0.0 0.0 0.0 0.0 0.0 0.0 0.0 9.300000000000011 0.0 0.0 9.300000000000011 0.0 0.0 0.3 0.05 0.8 0.3 0.05 0.8 0.5 0.1 0.05
41 0.2289869785308838 0.0 0.0 0.0 0.0 0.0 0.0 0.0 0.0 0.0 0.0 0.0 0.0 0.0 0.0 0.0 0.0 0.0 0.0 0.0 0.0 0.0 0.0 0.0 9.300000000000011 0.0 0.0 9.300000000000011 0.0 0.0 0.3 0.05 0.8 0.3 0.05 0.8 0.5 0.1 0.05
42 0.23503351211547852 0.0 0.0 0.0 0.0 0.0 0.0 0.0 0.0 0.0 0.0 0.0 0.0 0.0 0.0 0.0 0.0 0.0 0.0 0.0 0.0 0.0 0.0 0.0 9.300000000000011 0.0 0.0 9.300000000000011 0.0 0.0 0.3 0.05 0.8 0.3 0.05 0.8 0.5 0.1 0.05
43 0.24047636985778809 0.0 0.0 0.0 0.0 0.0 0.0 0.0 0.0 0.0 0.0 0.0 0.0 0.0 0.0 0.0 0.0 0.0 0.0 0.0 0.0 0.0 0.0 0.0 9.300000000000011 0.0 0.0 9.300000000000011 0.0 0.0 0.3 0.05 0.8 0.3 0.05 0.8 0.5 0.1 0.05
44 0.2459874153137207 0.0 0.0 0.0 0.0 0.0 0.0 0.0 0.0 0.0 0.0 0.0 0.0 0.0 0.0 0.0 0.0 0.0 0.0 0.0 0.0 0.0 0.0 0.0 9.300000000000011 0.0 0.0 9.300000000000011 0.0 0.0 0.3 0.05 0.8 0.3 0.05 0.8 0.5 0.1 0.05
45 0.25145435333251953 0.0 0.0 0.0 0.0 0.0 0.0 0.0 0.0 0.0 0.0 0.0 0.0 0.0 0.0 0.0 0.0 0.0 0.0 0.0 0.0 0.0 0.0 0.0 9.300000000000011 0.0 0.0 9.300000000000011 0.0 0.0 0.3 0.05 0.8 0.3 0.05 0.8 0.5 0.1 0.05
46 0.25684499740600586 0.0 0.0 0.0 0.0 0.0 0.0 0.0 0.0 0.0 0.0 0.0 0.0 0.0 0.0 0.0 0.0 0.0 0.0 0.0 0.0 0.0 0.0 0.0 9.300000000000011 0.0 0.0 9.300000000000011 0.0 0.0 0.3 0.05 0.8 0.3 0.05 0.8 0.5 0.1 0.05
47 0.26239514350891113 0.0 0.0 0.0 0.0 0.0 0.0 0.0 0.0 0.0 0.0 0.0 0.0 0.0 0.0 0.0 0.0 0.0 0.0 0.0 0.0 0.0 0.0 0.0 9.300000000000011 0.0 0.0 9.300000000000011 0.0 0.0 0.3 0.05 0.8 0.3 0.05 0.8 0.5 0.1 0.05
48 0.2678649425506592 0.0 0.0 0.0 0.0 0.0 0.0 0.0 0.0 0.0 0.0 0.0 0.0 0.0 0.0 0.0 0.0 0.0 0.0 0.0 0.0 0.0 0.0 0.0 9.300000000000011 0.0 0.0 9.300000000000011 0.0 0.0 0.3 0.05 0.8 0.3 0.05 0.8 0.5 0.1 0.05
49 0.2732682228088379 0.0 0.0 0.0 0.0 0.0 0.0 0.0 0.0 0.0 0.0 0.0 0.0 0.0 0.0 0.0 0.0 0.0 0.0 0.0 0.0 0.0 0.0 0.0 9.300000000000011 0.0 0.0 9.300000000000011 0.0 0.0 0.3 0.05 0.8 0.3 0.05 0.8 0.5 0.1 0.05
50 0.2786402702331543 0.0 0.0 0.0 0.0 0.0 0.0 0.0 0.0 0.0 0.0 0.0 0.0 0.0 0.0 0.0 0.0 0.0 0.0 0.0 0.0 0.0 0.0 0.0 9.300000000000011 0.0 0.0 9.300000000000011 0.0 0.0 0.3 0.05 0.8 0.3 0.05 0.8 0.5 0.1 0.05
51 0.2842123508453369 0.0 0.0 0.0 0.0 0.0 0.0 0.0 0.0 0.0 0.0 0.0 0.0 0.0 0.0 0.0 0.0 0.0 0.0 0.0 0.0 0.0 0.0 0.0 9.300000000000011 0.0 0.0 9.300000000000011 0.0 0.0 0.3 0.05 0.8 0.3 0.05 0.8 0.5 0.1 0.05
52 0.28963589668273926 0.0 0.0 0.0 0.0 0.0 0.0 0.0 0.0 0.0 0.0 0.0 0.0 0.0 0.0 0.0 0.0 0.0 0.0 0.0 0.0 0.0 0.0 0.0 9.300000000000011 0.0 0.0 9.300000000000011 0.0 0.0 0.3 0.05 0.8 0.3 0.05 0.8 0.5 0.1 0.05
53 0.29508137702941895 0.0 0.0 0.0 0.0 0.0 0.0 0.0 0.0 0.0 0.0 0.0 0.0 0.0 0.0 0.0 0.0 0.0 0.0 0.0 0.0 0.0 0.0 0.0 9.300000000000011 0.0 0.0 9.300000000000011 0.0 0.0 0.3 0.05 0.8 0.3 0.05 0.8 0.5 0.1 0.05
54 0.30045032501220703 0.0 0.0 0.0 0.0 0.0 0.0 0.0 0.0 0.0 0.0 0.0 0.0 0.0 0.0 0.0 0.0 0.0 0.0 0.0 0.0 0.0 0.0 0.0 9.300000000000011 0.0 0.0 9.300000000000011 0.0 0.0 0.3 0.05 0.8 0.3 0.05 0.8 0.5 0.1 0.05
55 0.30585312843322754 0.0 0.0 0.0 0.0 0.0 0.0 0.0 0.0 0.0 0.0 0.0 0.0 0.0 0.0 0.0 0.0 0.0 0.0 0.0 0.0 0.0 0.0 0.0 9.300000000000011 0.0 0.0 9.300000000000011 0.0 0.0 0.3 0.05 0.8 0.3 0.05 0.8 0.5 0.1 0.05
56 0.3112976551055908 0.0 0.0 0.0 0.0 0.0 0.0 0.0 0.0 0.0 0.0 0.0 0.0 0.0 0.0 0.0 0.0 0.0 0.0 0.0 0.0 0.0 0.0 0.0 9.300000000000011 0.0 0.0 9.300000000000011 0.0 0.0 0.3 0.05 0.8 0.3 0.05 0.8 0.5 0.1 0.05
57 0.316678524017334 0.0 0.0 0.0 0.0 0.0 0.0 0.0 0.0 0.0 0.0 0.0 0.0 0.0 0.0 0.0 0.0 0.0 0.0 0.0 0.0 0.0 0.0 0.0 9.300000000000011 0.0 0.0 9.300000000000011 0.0 0.0 0.3 0.05 0.8 0.3 0.05 0.8 0.5 0.1 0.05
58 0.3222973346710205 0.0 0.0 0.0 0.0 0.0 0.0 0.0 0.0 0.0 0.0 0.0 0.0 0.0 0.0 0.0 0.0 0.0 0.0 0.0 0.0 0.0 0.0 0.0 9.300000000000011 0.0 0.0 9.300000000000011 0.0 0.0 0.3 0.05 0.8 0.3 0.05 0.8 0.5 0.1 0.05
59 0.3277270793914795 0.0 0.0 0.0 0.0 0.0 0.0 0.0 0.0 0.0 0.0 0.0 0.0 0.0 0.0 0.0 0.0 0.0 0.0 0.0 0.0 0.0 0.0 0.0 9.300000000000011 0.0 0.0 9.300000000000011 0.0 0.0 0.3 0.05 0.8 0.3 0.05 0.8 0.5 0.1 0.05
60 0.33310627937316895 0.0 0.0 0.0 0.0 0.0 0.0 0.0 0.0 0.0 0.0 0.0 0.0 0.0 0.0 0.0 0.0 0.0 0.0 0.0 0.0 0.0 0.0 0.0 9.300000000000011 0.0 0.0 9.300000000000011 0.0 0.0 0.3 0.05 0.8 0.3 0.05 0.8 0.5 0.1 0.05
61 0.33861875534057617 0.0 0.0 0.0 0.0 0.0 0.0 0.0 0.0 0.0 0.0 0.0 0.0 0.0 0.0 0.0 0.0 0.0 0.0 0.0 0.0 0.0 0.0 0.0 9.300000000000011 0.0 0.0 9.300000000000011 0.0 0.0 0.3 0.05 0.8 0.3 0.05 0.8 0.5 0.1 0.05
62 0.3441317081451416 0.0 0.0 0.0 0.0 0.0 0.0 0.0 0.0 0.0 0.0 0.0 0.0 0.0 0.0 0.0 0.0 0.0 0.0 0.0 0.0 0.0 0.0 0.0 9.300000000000011 0.0 0.0 9.300000000000011 0.0 0.0 0.3 0.05 0.8 0.3 0.05 0.8 0.5 0.1 0.05
63 0.349639892578125 0.0 0.0 0.0 0.0 0.0 0.0 0.0 0.0 0.0 0.0 0.0 0.0 0.0 0.0 0.0 0.0 0.0 0.0 0.0 0.0 0.0 0.0 0.0 9.300000000000011 0.0 0.0 9.300000000000011 0.0 0.0 0.3 0.05 0.8 0.3 0.05 0.8 0.5 0.1 0.05
64 0.35519933700561523 0.0 0.0 0.0 0.0 0.0 0.0 0.0 0.0 0.0 0.0 0.0 0.0 0.0 0.0 0.0 0.0 0.0 0.0 0.0 0.0 0.0 0.0 0.0 9.300000000000011 0.0 0.0 9.300000000000011 0.0 0.0 0.3 0.05 0.8 0.3 0.05 0.8 0.5 0.1 0.05
65 0.360684871673584 0.0 0.0 0.0 0.0 0.0 0.0 0.0 0.0 0.0 0.0 0.0 0.0 0.0 0.0 0.0 0.0 0.0 0.0 0.0 0.0 0.0 0.0 0.0 9.300000000000011 0.0 0.0 9.300000000000011 0.0 0.0 0.3 0.05 0.8 0.3 0.05 0.8 0.5 0.1 0.05
66 0.3663053512573242 0.0 0.0 0.0 0.0 0.0 0.0 0.0 0.0 0.0 0.0 0.0 0.0 0.0 0.0 0.0 0.0 0.0 0.0 0.0 0.0 0.0 0.0 0.0 9.300000000000011 0.0 0.0 9.300000000000011 0.0 0.0 0.3 0.05 0.8 0.3 0.05 0.8 0.5 0.1 0.05
67 0.3719944953918457 0.0 0.0 0.0 0.0 0.0 0.0 0.0 0.0 0.0 0.0 0.0 0.0 0.0 0.0 0.0 0.0 0.0 0.0 0.0 0.0 0.0 0.0 0.0 9.300000000000011 0.0 0.0 9.300000000000011 0.0 0.0 0.3 0.05 0.8 0.3 0.05 0.8 0.5 0.1 0.05
68 0.3775496482849121 0.0 0.0 0.0 0.0 0.0 0.0 0.0 0.0 0.0 0.0 0.0 0.0 0.0 0.0 0.0 0.0 0.0 0.0 0.0 0.0 0.0 0.0 0.0 9.300000000000011 0.0 0.0 9.300000000000011 0.0 0.0 0.3 0.05 0.8 0.3 0.05 0.8 0.5 0.1 0.05
69 0.38324546813964844 0.0 0.0 0.0 0.0 0.0 0.0 0.0 0.0 0.0 0.0 0.0 0.0 0.0 0.0 0.0 0.0 0.0 0.0 0.0 0.0 0.0 0.0 0.0 9.300000000000011 0.0 0.0 9.300000000000011 0.0 0.0 0.3 0.05 0.8 0.3 0.05 0.8 0.5 0.1 0.05
70 0.3893148899078369 0.0 0.0 0.0 0.0 0.0 0.0 0.0 0.0 0.0 0.0 0.0 0.0 0.0 0.0 0.0 0.0 0.0 0.0 0.0 0.0 0.0 0.0 0.0 9.300000000000011 0.0 0.0 9.300000000000011 0.0 0.0 0.3 0.05 0.8 0.3 0.05 0.8 0.5 0.1 0.05
71 0.3949277400970459 0.0 0.0 0.0 0.0 0.0 0.0 0.0 0.0 0.0 0.0 0.0 0.0 0.0 0.0 0.0 0.0 0.0 0.0 0.0 0.0 0.0 0.0 0.0 9.300000000000011 0.0 0.0 9.300000000000011 0.0 0.0 0.3 0.05 0.8 0.3 0.05 0.8 0.5 0.1 0.05
72 0.4004240036010742 0.0 0.0 0.0 0.0 0.0 0.0 0.0 0.0 0.0 0.0 0.0 0.0 0.0 0.0 0.0 0.0 0.0 0.0 0.0 0.0 0.0 0.0 0.0 9.300000000000011 0.0 0.0 9.300000000000011 0.0 0.0 0.3 0.05 0.8 0.3 0.05 0.8 0.5 0.1 0.05
73 0.4058685302734375 0.0 0.0 0.0 0.0 0.0 0.0 0.0 0.0 0.0 0.0 0.0 0.0 0.0 0.0 0.0 0.0 0.0 0.0 0.0 0.0 0.0 0.0 0.0 9.300000000000011 0.0 0.0 9.300000000000011 0.0 0.0 0.3 0.05 0.8 0.3 0.05 0.8 0.5 0.1 0.05
74 0.41124486923217773 0.0 0.0 0.0 0.0 0.0 0.0 0.0 0.0 0.0 0.0 0.0 0.0 0.0 0.0 0.0 0.0 0.0 0.0 0.0 0.0 0.0 0.0 0.0 9.300000000000011 0.0 0.0 9.300000000000011 0.0 0.0 0.3 0.05 0.8 0.3 0.05 0.8 0.5 0.1 0.05
75 0.4166107177734375 0.0 0.0 0.0 0.0 0.0 0.0 0.0 0.0 0.0 0.0 0.0 0.0 0.0 0.0 0.0 0.0 0.0 0.0 0.0 0.0 0.0 0.0 0.0 9.300000000000011 0.0 0.0 9.300000000000011 0.0 0.0 0.3 0.05 0.8 0.3 0.05 0.8 0.5 0.1 0.05
76 0.4220001697540283 0.0 0.0 0.0 0.0 0.0 0.0 0.0 0.0 0.0 0.0 0.0 0.0 0.0 0.0 0.0 0.0 0.0 0.0 0.0 0.0 0.0 0.0 0.0 9.300000000000011 0.0 0.0 9.300000000000011 0.0 0.0 0.3 0.05 0.8 0.3 0.05 0.8 0.5 0.1 0.05
77 0.42749643325805664 0.0 0.0 0.0 0.0 0.0 0.0 0.0 0.0 0.0 0.0 0.0 0.0 0.0 0.0 0.0 0.0 0.0 0.0 0.0 0.0 0.0 0.0 0.0 9.300000000000011 0.0 0.0 9.300000000000011 0.0 0.0 0.3 0.05 0.8 0.3 0.05 0.8 0.5 0.1 0.05
78 0.4331021308898926 0.0 0.0 0.0 0.0 0.0 0.0 0.0 0.0 0.0 0.0 0.0 0.0 0.0 0.0 0.0 0.0 0.0 0.0 0.0 0.0 0.0 0.0 0.0 9.300000000000011 0.0 0.0 9.300000000000011 0.0 0.0 0.3 0.05 0.8 0.3 0.05 0.8 0.5 0.1 0.05
79 0.4385988712310791 0.0 0.0 0.0 0.0 0.0 0.0 0.0 0.0 0.0 0.0 0.0 0.0 0.0 0.0 0.0 0.0 0.0 0.0 0.0 0.0 0.0 0.0 0.0 9.300000000000011 0.0 0.0 9.300000000000011 0.0 0.0 0.3 0.05 0.8 0.3 0.05 0.8 0.5 0.1 0.05
80 0.4440195560455322 0.0 0.0 0.0 0.0 0.0 0.0 0.0 0.0 0.0 0.0 0.0 0.0 0.0 0.0 0.0 0.0 0.0 0.0 0.0 0.0 0.0 0.0 0.0 9.300000000000011 0.0 0.0 9.300000000000011 0.0 0.0 0.3 0.05 0.8 0.3 0.05 0.8 0.5 0.1 0.05
81 0.449784517288208 0.0 0.0 0.0 0.0 0.0 0.0 0.0 0.0 0.0 0.0 0.0 0.0 0.0 0.0 0.0 0.0 0.0 0.0 0.0 0.0 0.0 0.0 0.0 9.300000000000011 0.0 0.0 9.300000000000011 0.0 0.0 0.3 0.05 0.8 0.3 0.05 0.8 0.5 0.1 0.05
82 0.45530200004577637 0.0 0.0 0.0 0.0 0.0 0.0 0.0 0.0 0.0 0.0 0.0 0.0 0.0 0.0 0.0 0.0 0.0 0.0 0.0 0.0 0.0 0.0 0.0 9.300000000000011 0.0 0.0 9.300000000000011 0.0 0.0 0.3 0.05 0.8 0.3 0.05 0.8 0.5 0.1 0.05
83 0.46079254150390625 0.0 0.0 0.0 0.0 0.0 0.0 0.0 0.0 0.0 0.0 0.0 0.0 0.0 0.0 0.0 0.0 0.0 0.0 0.0 0.0 0.0 0.0 0.0 9.300000000000011 0.0 0.0 9.300000000000011 0.0 0.0 0.3 0.05 0.8 0.3 0.05 0.8 0.5 0.1 0.05
84 0.46622252464294434 0.0 0.0 0.0 0.0 0.0 0.0 0.0 0.0 0.0 0.0 0.0 0.0 0.0 0.0 0.0 0.0 0.0 0.0 0.0 0.0 0.0 0.0 0.0 9.300000000000011 0.0 0.0 9.300000000000011 0.0 0.0 0.3 0.05 0.8 0.3 0.05 0.8 0.5 0.1 0.05
85 0.4716148376464844 0.0 0.0 0.0 0.0 0.0 0.0 0.0 0.0 0.0 0.0 0.0 0.0 0.0 0.0 0.0 0.0 0.0 0.0 0.0 0.0 0.0 0.0 0.0 9.300000000000011 0.0 0.0 9.300000000000011 0.0 0.0 0.3 0.05 0.8 0.3 0.05 0.8 0.5 0.1 0.05
86 0.47699546813964844 0.0 0.0 0.0 0.0 0.0 0.0 0.0 0.0 0.0 0.0 0.0 0.0 0.0 0.0 0.0 0.0 0.0 0.0 0.0 0.0 0.0 0.0 0.0 9.300000000000011 0.0 0.0 9.300000000000011 0.0 0.0 0.3 0.05 0.8 0.3 0.05 0.8 0.5 0.1 0.05
87 0.4824061393737793 0.0 0.0 0.0 0.0 0.0 0.0 0.0 0.0 0.0 0.0 0.0 0.0 0.0 0.0 0.0 0.0 0.0 0.0 0.0 0.0 0.0 0.0 0.0 9.300000000000011 0.0 0.0 9.300000000000011 0.0 0.0 0.3 0.05 0.8 0.3 0.05 0.8 0.5 0.1 0.05
88 0.48891615867614746 0.0 0.0 0.0 0.0 0.0 0.0 0.0 0.0 0.0 0.0 0.0 0.0 0.0 0.0 0.0 0.0 0.0 0.0 0.0 0.0 0.0 0.0 0.0 9.300000000000011 0.0 0.0 9.300000000000011 0.0 0.0 0.3 0.05 0.8 0.3 0.05 0.8 0.5 0.1 0.05
89 0.49465298652648926 0.0 0.0 0.0 0.0 0.0 0.0 0.0 0.0 0.0 0.0 0.0 0.0 0.0 0.0 0.0 0.0 0.0 0.0 0.0 0.0 0.0 0.0 0.0 9.300000000000011 0.0 0.0 9.300000000000011 0.0 0.0 0.3 0.05 0.8 0.3 0.05 0.8 0.5 0.1 0.05
90 0.5003600120544434 0.0 0.0 0.0 0.0 0.0 0.0 0.0 0.0 0.0 0.0 0.0 0.0 0.0 0.0 0.0 0.0 0.0 0.0 0.0 0.0 0.0 0.0 0.0 9.300000000000011 0.0 0.0 9.300000000000011 0.0 0.0 0.3 0.05 0.8 0.3 0.05 0.8 0.5 0.1 0.05
91 0.5063416957855225 0.0 0.0 0.0 0.0 0.0 0.0 0.0 0.0 0.0 0.0 0.0 0.0 0.0 0.0 0.0 0.0 0.0 0.0 0.0 0.0 0.0 0.0 0.0 9.300000000000011 0.0 0.0 9.300000000000011 0.0 0.0 0.3 0.05 0.8 0.3 0.05 0.8 0.5 0.1 0.05
92 0.5119574069976807 0.0 0.0 0.0 0.0 0.0 0.0 0.0 0.0 0.0 0.0 0.0 0.0 0.0 0.0 0.0 0.0 0.0 0.0 0.0 0.0 0.0 0.0 0.0 9.300000000000011 0.0 0.0 9.300000000000011 0.0 0.0 0.3 0.05 0.8 0.3 0.05 0.8 0.5 0.1 0.05
93 0.5177886486053467 0.0 0.0 0.0 0.0 0.0 0.0 0.0 0.0 0.0 0.0 0.0 0.0 0.0 0.0 0.0 0.0 0.0 0.0 0.0 0.0 0.0 0.0 0.0 9.300000000000011 0.0 0.0 9.300000000000011 0.0 0.0 0.3 0.05 0.8 0.3 0.05 0.8 0.5 0.1 0.05
94 0.5236401557922363 0.0 0.0 0.0 0.0 0.0 0.0 0.0 0.0 0.0 0.0 0.0 0.0 0.0 0.0 0.0 0.0 0.0 0.0 0.0 0.0 0.0 0.0 0.0 9.300000000000011 0.0 0.0 9.300000000000011 0.0 0.0 0.3 0.05 0.8 0.3 0.05 0.8 0.5 0.1 0.05
95 0.5294516086578369 0.0 0.0 0.0 0.0 0.0 0.0 0.0 0.0 0.0 0.0 0.0 0.0 0.0 0.0 0.0 0.0 0.0 0.0 0.0 0.0 0.0 0.0 0.0 9.300000000000011 0.0 0.0 9.300000000000011 0.0 0.0 0.3 0.05 0.8 0.3 0.05 0.8 0.5 0.1 0.05
96 0.5352485179901123 0.0 0.0 0.0 0.0 0.0 0.0 0.0 0.0 0.0 0.0 0.0 0.0 0.0 0.0 0.0 0.0 0.0 0.0 0.0 0.0 0.0 0.0 0.0 9.300000000000011 0.0 0.0 9.300000000000011 0.0 0.0 0.3 0.05 0.8 0.3 0.05 0.8 0.5 0.1 0.05
97 0.5407626628875732 0.0 0.0 0.0 0.0 0.0 0.0 0.0 0.0 0.0 0.0 0.0 0.0 0.0 0.0 0.0 0.0 0.0 0.0 0.0 0.0 0.0 0.0 0.0 9.300000000000011 0.0 0.0 9.300000000000011 0.0 0.0 0.3 0.05 0.8 0.3 0.05 0.8 0.5 0.1 0.05
98 0.5463132858276367 0.0 0.0 0.0 0.0 0.0 0.0 0.0 0.0 0.0 0.0 0.0 0.0 0.0 0.0 0.0 0.0 0.0 0.0 0.0 0.0 0.0 0.0 0.0 9.300000000000011 0.0 0.0 9.300000000000011 0.0 0.0 0.3 0.05 0.8 0.3 0.05 0.8 0.5 0.1 0.05
99 0.5518701076507568 0.0 0.0 0.0 0.0 0.0 0.0 0.0 0.0 0.0 0.0 0.0 0.0 0.0 0.0 0.0 0.0 0.0 0.0 0.0 0.0 0.0 0.0 0.0 9.300000000000011 0.0 0.0 9.300000000000011 0.0 0.0 0.3 0.05 0.8 0.3 0.05 0.8 0.5 0.1 0.05
100 0.5577695369720459 0.0 0.0 0.0 0.0 0.0 0.0 0.0 0.0 0.0 0.0 0.0 0.0 0.0 0.0 0.0 0.0 0.0 0.0 0.0 0.0 0.0 0.0 0.0 9.300000000000011 0.0 0.0 9.300000000000011 0.0 0.0 0.3 0.05 0.8 0.3 0.05 0.8 0.5 0.1 0.05
101 0.5635697841644287 0.0 0.0 0.0 0.0 0.0 0.0 0.0 0.0 0.0 0.0 0.0 0.0 0.0 0.0 0.0 0.0 0.0 0.0 0.0 0.0 0.0 0.0 0.0 9.300000000000011 0.0 0.0 9.300000000000011 0.0 0.0 0.3 0.05 0.8 0.3 0.05 0.8 0.5 0.1 0.05
102 0.569157600402832 0.0 0.0 0.0 0.0 0.0 0.0 0.0 0.0 0.0 0.0 0.0 0.0 0.0 0.0 0.0 0.0 0.0 0.0 0.0 0.0 0.0 0.0 0.0 9.300000000000011 0.0 0.0 9.300000000000011 0.0 0.0 0.3 0.05 0.8 0.3 0.05 0.8 0.5 0.1 0.05
103 0.5746562480926514 0.0 0.0 0.0 0.0 0.0 0.0 0.0 0.0 0.0 0.0 0.0 0.0 0.0 0.0 0.0 0.0 0.0 0.0 0.0 0.0 0.0 0.0 0.0 9.300000000000011 0.0 0.0 9.300000000000011 0.0 0.0 0.3 0.05 0.8 0.3 0.05 0.8 0.5 0.1 0.05
104 0.5800895690917969 0.0 0.0 0.0 0.0 0.0 0.0 0.0 0.0 0.0 0.0 0.0 0.0 0.0 0.0 0.0 0.0 0.0 0.0 0.0 0.0 0.0 0.0 0.0 9.300000000000011 0.0 0.0 9.300000000000011 0.0 0.0 0.3 0.05 0.8 0.3 0.05 0.8 0.5 0.1 0.05
105 0.585552453994751 0.0 0.0 0.0 0.0 0.0 0.0 0.0 0.0 0.0 0.0 0.0 0.0 0.0 0.0 0.0 0.0 0.0 0.0 0.0 0.0 0.0 0.0 0.0 9.300000000000011 0.0 0.0 9.300000000000011 0.0 0.0 0.3 0.05 0.8 0.3 0.05 0.8 0.5 0.1 0.05
106 0.5909788608551025 0.0 0.0 0.0 0.0 0.0 0.0 0.0 0.0 0.0 0.0 0.0 0.0 0.0 0.0 0.0 0.0 0.0 0.0 0.0 0.0 0.0 0.0 0.0 9.300000000000011 0.0 0.0 9.300000000000011 0.0 0.0 0.3 0.05 0.8 0.3 0.05 0.8 0.5 0.1 0.05
107 0.5963351726531982 0.0 0.0 0.0 0.0 0.0 0.0 0.0 0.0 0.0 0.0 0.0 0.0 0.0 0.0 0.0 0.0 0.0 0.0 0.0 0.0 0.0 0.0 0.0 9.300000000000011 0.0 0.0 9.300000000000011 0.0 0.0 0.3 0.05 0.8 0.3 0.05 0.8 0.5 0.1 0.05
108 0.601691722869873 0.0 0.0 0.0 0.0 0.0 0.0 0.0 0.0 0.0 0.0 0.0 0.0 0.0 0.0 0.0 0.0 0.0 0.0 0.0 0.0 0.0 0.0 0.0 9.300000000000011 0.0 0.0 9.300000000000011 0.0 0.0 0.3 0.05 0.8 0.3 0.05 0.8 0.5 0.1 0.05
109 0.6070473194122314 0.0 0.0 0.0 0.0 0.0 0.0 0.0 0.0 0.0 0.0 0.0 0.0 0.0 0.0 0.0 0.0 0.0 0.0 0.0 0.0 0.0 0.0 0.0 9.300000000000011 0.0 0.0 9.300000000000011 0.0 0.0 0.3 0.05 0.8 0.3 0.05 0.8 0.5 0.1 0.05
110 0.6124234199523926 0.0 0.0 0.0 0.0 0.0 0.0 0.0 0.0 0.0 0.0 0.0 0.0 0.0 0.0 0.0 0.0 0.0 0.0 0.0 0.0 0.0 0.0 0.0 9.300000000000011 0.0 0.0 9.300000000000011 0.0 0.0 0.3 0.05 0.8 0.3 0.05 0.8 0.5 0.1 0.05
111 0.6180627346038818 0.0 0.0 0.0 0.0 0.0 0.0 0.0 0.0 0.0 0.0 0.0 0.0 0.0 0.0 0.0 0.0 0.0 0.0 0.0 0.0 0.0 0.0 0.0 9.300000000000011 0.0 0.0 9.300000000000011 0.0 0.0 0.3 0.05 0.8 0.3 0.05 0.8 0.5 0.1 0.05
112 0.623445987701416 0.0 0.0 0.0 0.0 0.0 0.0 0.0 0.0 0.0 0.0 0.0 0.0 0.0 0.0 0.0 0.0 0.0 0.0 0.0 0.0 0.0 0.0 0.0 9.300000000000011 0.0 0.0 9.300000000000011 0.0 0.0 0.3 0.05 0.8 0.3 0.05 0.8 0.5 0.1 0.05
113 0.6288840770721436 0.0 0.0 0.0 0.0 0.0 0.0 0.0 0.0 0.0 0.0 0.0 0.0 0.0 0.0 0.0 0.0 0.0 0.0 0.0 0.0 0.0 0.0 0.0 9.300000000000011 0.0 0.0 9.300000000000011 0.0 0.0 0.3 0.05 0.8 0.3 0.05 0.8 0.5 0.1 0.05
114 0.6343686580657959 0.0 0.0 0.0 0.0 0.0 0.0 0.0 0.0 0.0 0.0 0.0 0.0 0.0 0.0 0.0 0.0 0.0 0.0 0.0 0.0 0.0 0.0 0.0 9.300000000000011 0.0 0.0 9.300000000000011 0.0 0.0 0.3 0.05 0.8 0.3 0.05 0.8 0.5 0.1 0.05
115 0.6401782035827637 0.0 0.0 0.0 0.0 0.0 0.0 0.0 0.0 0.0 0.0 0.0 0.0 0.0 0.0 0.0 0.0 0.0 0.0 0.0 0.0 0.0 0.0 0.0 9.300000000000011 0.0 0.0 9.300000000000011 0.0 0.0 0.3 0.05 0.8 0.3 0.05 0.8 0.5 0.1 0.05
116 0.6456587314605713 0.0 0.0 0.0 0.0 0.0 0.0 0.0 0.0 0.0 0.0 0.0 0.0 0.0 0.0 0.0 0.0 0.0 0.0 0.0 0.0 0.0 0.0 0.0 9.300000000000011 0.0 0.0 9.300000000000011 0.0 0.0 0.3 0.05 0.8 0.3 0.05 0.8 0.5 0.1 0.05
117 0.6510393619537354 0.0 0.0 0.0 0.0 0.0 0.0 0.0 0.0 0.0 0.0 0.0 0.0 0.0 0.0 0.0 0.0 0.0 0.0 0.0 0.0 0.0 0.0 0.0 9.300000000000011 0.0 0.0 9.300000000000011 0.0 0.0 0.3 0.05 0.8 0.3 0.05 0.8 0.5 0.1 0.05
118 0.6564176082611084 0.0 0.0 0.0 0.0 0.0 0.0 0.0 0.0 0.0 0.0 0.0 0.0 0.0 0.0 0.0 0.0 0.0 0.0 0.0 0.0 0.0 0.0 0.0 9.300000000000011 0.0 0.0 9.300000000000011 0.0 0.0 0.3 0.05 0.8 0.3 0.05 0.8 0.5 0.1 0.05
119 0.6618218421936035 0.0 0.0 0.0 0.0 0.0 0.0 0.0 0.0 0.0 0.0 0.0 0.0 0.0 0.0 0.0 0.0 0.0 0.0 0.0 0.0 0.0 0.0 0.0 9.300000000000011 0.0 0.0 9.300000000000011 0.0 0.0 0.3 0.05 0.8 0.3 0.05 0.8 0.5 0.1 0.05
120 0.6673605442047119 0.0 0.0 0.0 0.0 0.0 0.0 0.0 0.0 0.0 0.0 0.0 0.0 0.0 0.0 0.0 0.0 0.0 0.0 0.0 0.0 0.0 0.0 0.0 9.300000000000011 0.0 0.0 9.300000000000011 0.0 0.0 0.3 0.05 0.8 0.3 0.05 0.8 0.5 0.1 0.05
121 0.6730008125305176 0.0 0.0 0.0 0.0 0.0 0.0 0.0 0.0 0.0 0.0 0.0 0.0 0.0 0.0 0.0 0.0 0.0 0.0 0.0 0.0 0.0 0.0 0.0 9.300000000000011 0.0 0.0 9.300000000000011 0.0 0.0 0.3 0.05 0.8 0.3 0.05 0.8 0.5 0.1 0.05
122 0.6784615516662598 0.0 0.0 0.0 0.0 0.0 0.0 0.0 0.0 0.0 0.0 0.0 0.0 0.0 0.0 0.0 0.0 0.0 0.0 0.0 0.0 0.0 0.0 0.0 9.300000000000011 0.0 0.0 9.300000000000011 0.0 0.0 0.3 0.05 0.8 0.3 0.05 0.8 0.5 0.1 0.05
123 0.6840007305145264 0.0 0.0 0.0 0.0 0.0 0.0 0.0 0.0 0.0 0.0 0.0 0.0 0.0 0.0 0.0 0.0 0.0 0.0 0.0 0.0 0.0 0.0 0.0 9.300000000000011 0.0 0.0 9.300000000000011 0.0 0.0 0.3 0.05 0.8 0.3 0.05 0.8 0.5 0.1 0.05
124 0.6894652843475342 0.0 0.0 0.0 0.0 0.0 0.0 0.0 0.0 0.0 0.0 0.0 0.0 0.0 0.0 0.0 0.0 0.0 0.0 0.0 0.0 0.0 0.0 0.0 9.300000000000011 0.0 0.0 9.300000000000011 0.0 0.0 0.3 0.05 0.8 0.3 0.05 0.8 0.5 0.1 0.05
125 0.6949224472045898 0.0 0.0 0.0 0.0 0.0 0.0 0.0 0.0 0.0 0.0 0.0 0.0 0.0 0.0 0.0 0.0 0.0 0.0 0.0 0.0 0.0 0.0 0.0 9.300000000000011 0.0 0.0 9.300000000000011 0.0 0.0 0.3 0.05 0.8 0.3 0.05 0.8 0.5 0.1 0.05
126 0.7003169059753418 0.0 0.0 0.0 0.0 0.0 0.0 0.0 0.0 0.0 0.0 0.0 0.0 0.0 0.0 0.0 0.0 0.0 0.0 0.0 0.0 0.0 0.0 0.0 9.300000000000011 0.0 0.0 9.300000000000011 0.0 0.0 0.3 0.05 0.8 0.3 0.05 0.8 0.5 0.1 0.05
127 0.7059123516082764 0.0 0.0 0.0 0.0 0.0 0.0 0.0 0.0 0.0 0.0 0.0 0.0 0.0 0.0 0.0 0.0 0.0 0.0 0.0 0.0 0.0 0.0 0.0 9.300000000000011 0.0 0.0 9.300000000000011 0.0 0.0 0.3 0.05 0.8 0.3 0.05 0.8 0.5 0.1 0.05
128 0.711310863494873 0.0 0.0 0.0 0.0 0.0 0.0 0.0 0.0 0.0 0.0 0.0 0.0 0.0 0.0 0.0 0.0 0.0 0.0 0.0 0.0 0.0 0.0 0.0 9.300000000000011 0.0 0.0 9.300000000000011 0.0 0.0 0.3 0.05 0.8 0.3 0.05 0.8 0.5 0.1 0.05
129 0.7167046070098877 0.0 0.0 0.0 0.0 0.0 0.0 0.0 0.0 0.0 0.0 0.0 0.0 0.0 0.0 0.0 0.0 0.0 0.0 0.0 0.0 0.0 0.0 0.0 9.300000000000011 0.0 0.0 9.300000000000011 0.0 0.0 0.3 0.05 0.8 0.3 0.05 0.8 0.5 0.1 0.05
130 0.7220673561096191 0.0 0.0 0.0 0.0 0.0 0.0 0.0 0.0 0.0 0.0 0.0 0.0 0.0 0.0 0.0 0.0 0.0 0.0 0.0 0.0 0.0 0.0 0.0 9.300000000000011 0.0 0.0 9.300000000000011 0.0 0.0 0.3 0.05 0.8 0.3 0.05 0.8 0.5 0.1 0.05
131 0.7276244163513184 0.0 0.0 0.0 0.0 0.0 0.0 0.0 0.0 0.0 0.0 0.0 0.0 0.0 0.0 0.0 0.0 0.0 0.0 0.0 0.0 0.0 0.0 0.0 9.300000000000011 0.0 0.0 9.300000000000011 0.0 0.0 0.3 0.05 0.8 0.3 0.05 0.8 0.5 0.1 0.05
132 0.7331631183624268 0.0 0.0 0.0 0.0 0.0 0.0 0.0 0.0 0.0 0.0 0.0 0.0 0.0 0.0 0.0 0.0 0.0 0.0 0.0 0.0 0.0 0.0 0.0 9.300000000000011 0.0 0.0 9.300000000000011 0.0 0.0 0.3 0.05 0.8 0.3 0.05 0.8 0.5 0.1 0.05
133 0.7389254570007324 0.0 0.0 0.0 0.0 0.0 0.0 0.0 0.0 0.0 0.0 0.0 0.0 0.0 0.0 0.0 0.0 0.0 0.0 0.0 0.0 0.0 0.0 0.0 9.300000000000011 0.0 0.0 9.300000000000011 0.0 0.0 0.3 0.05 0.8 0.3 0.05 0.8 0.5 0.1 0.05
134 0.7448458671569824 0.0 0.0 0.0 0.0 0.0 0.0 0.0 0.0 0.0 0.0 0.0 0.0 0.0 0.0 0.0 0.0 0.0 0.0 0.0 0.0 0.0 0.0 0.0 9.300000000000011 0.0 0.0 9.300000000000011 0.0 0.0 0.3 0.05 0.8 0.3 0.05 0.8 0.5 0.1 0.05
135 0.7506453990936279 0.0 0.0 0.0 0.0 0.0 0.0 0.0 0.0 0.0 0.0 0.0 0.0 0.0 0.0 0.0 0.0 0.0 0.0 0.0 0.0 0.0 0.0 0.0 9.300000000000011 0.0 0.0 9.300000000000011 0.0 0.0 0.3 0.05 0.8 0.3 0.05 0.8 0.5 0.1 0.05
136 0.756352424621582 0.0 0.0 0.0 0.0 0.0 0.0 0.0 0.0 0.0 0.0 0.0 0.0 0.0 0.0 0.0 0.0 0.0 0.0 0.0 0.0 0.0 0.0 0.0 9.300000000000011 0.0 0.0 9.300000000000011 0.0 0.0 0.3 0.05 0.8 0.3 0.05 0.8 0.5 0.1 0.05
137 0.7620024681091309 0.0 0.0 0.0 0.0 0.0 0.0 0.0 0.0 0.0 0.0 0.0 0.0 0.0 0.0 0.0 0.0 0.0 0.0 0.0 0.0 0.0 0.0 0.0 9.300000000000011 0.0 0.0 9.300000000000011 0.0 0.0 0.3 0.05 0.8 0.3 0.05 0.8 0.5 0.1 0.05
138 0.7677931785583496 0.0 0.0 0.0 0.0 0.0 0.0 0.0 0.0 0.0 0.0 0.0 0.0 0.0 0.0 0.0 0.0 0.0 0.0 0.0 0.0 0.0 0.0 0.0 9.300000000000011 0.0 0.0 9.300000000000011 0.0 0.0 0.3 0.05 0.8 0.3 0.05 0.8 0.5 0.1 0.05
139 0.7734096050262451 0.0 0.0 0.0 0.0 0.0 0.0 0.0 0.0 0.0 0.0 0.0 0.0 0.0 0.0 0.0 0.0 0.0 0.0 0.0 0.0 0.0 0.0 0.0 9.300000000000011 0.0 0.0 9.300000000000011 0.0 0.0 0.3 0.05 0.8 0.3 0.05 0.8 0.5 0.1 0.05
140 0.7790305614471436 0.0 0.0 0.0 0.0 0.0 0.0 0.0 0.0 0.0 0.0 0.0 0.0 0.0 0.0 0.0 0.0 0.0 0.0 0.0 0.0 0.0 0.0 0.0 9.300000000000011 0.0 0.0 9.300000000000011 0.0 0.0 0.3 0.05 0.8 0.3 0.05 0.8 0.5 0.1 0.05
141 0.7848818302154541 0.0 0.0 0.0 0.0 0.0 0.0 0.0 0.0 0.0 0.0 0.0 0.0 0.0 0.0 0.0 0.0 0.0 0.0 0.0 0.0 0.0 0.0 0.0 9.300000000000011 0.0 0.0 9.300000000000011 0.0 0.0 0.3 0.05 0.8 0.3 0.05 0.8 0.5 0.1 0.05
142 0.7905795574188232 0.0 0.0 0.0 0.0 0.0 0.0 0.0 0.0 0.0 0.0 0.0 0.0 0.0 0.0 0.0 0.0 0.0 0.0 0.0 0.0 0.0 0.0 0.0 9.300000000000011 0.0 0.0 9.300000000000011 0.0 0.0 0.3 0.05 0.8 0.3 0.05 0.8 0.5 0.1 0.05
143 0.7961351871490479 0.0 0.0 0.0 0.0 0.0 0.0 0.0 0.0 0.0 0.0 0.0 0.0 0.0 0.0 0.0 0.0 0.0 0.0 0.0 0.0 0.0 0.0 0.0 9.300000000000011 0.0 0.0 9.300000000000011 0.0 0.0 0.3 0.05 0.8 0.3 0.05 0.8 0.5 0.1 0.05
144 0.8023626804351807 0.0 0.0 0.0 0.0 0.0 0.0 0.0 0.0 0.0 0.0 0.0 0.0 0.0 0.0 0.0 0.0 0.0 0.0 0.0 0.0 0.0 0.0 0.0 9.300000000000011 0.0 0.0 9.300000000000011 0.0 0.0 0.3 0.05 0.8 0.3 0.05 0.8 0.5 0.1 0.05
145 0.8080329895019531 0.0 0.0 0.0 0.0 0.0 0.0 0.0 0.0 0.0 0.0 0.0 0.0 0.0 0.0 0.0 0.0 0.0 0.0 0.0 0.0 0.0 0.0 0.0 9.300000000000011 0.0 0.0 9.300000000000011 0.0 0.0 0.3 0.05 0.8 0.3 0.05 0.8 0.5 0.1 0.05
146 0.8135483264923096 0.0 0.0 0.0 0.0 0.0 0.0 0.0 0.0 0.0 0.0 0.0 0.0 0.0 0.0 0.0 0.0 0.0 0.0 0.0 0.0 0.0 0.0 0.0 9.300000000000011 0.0 0.0 9.300000000000011 0.0 0.0 0.3 0.05 0.8 0.3 0.05 0.8 0.5 0.1 0.05
147 0.8190324306488037 0.0 0.0 0.0 0.0 0.0 0.0 0.0 0.0 0.0 0.0 0.0 0.0 0.0 0.0 0.0 0.0 0.0 0.0 0.0 0.0 0.0 0.0 0.0 9.300000000000011 0.0 0.0 9.300000000000011 0.0 0.0 0.3 0.05 0.8 0.3 0.05 0.8 0.5 0.1 0.05
148 0.8244543075561523 0.0 0.0 0.0 0.0 0.0 0.0 0.0 0.0 0.0 0.0 0.0 0.0 0.0 0.0 0.0 0.0 0.0 0.0 0.0 0.0 0.0 0.0 0.0 9.300000000000011 0.0 0.0 9.300000000000011 0.0 0.0 0.3 0.05 0.8 0.3 0.05 0.8 0.5 0.1 0.05
149 0.8299801349639893 0.0 0.0 0.0 0.0 0.0 0.0 0.0 0.0 0.0 0.0 0.0 0.0 0.0 0.0 0.0 0.0 0.0 0.0 0.0 0.0 0.0 0.0 0.0 9.300000000000011 0.0 0.0 9.300000000000011 0.0 0.0 0.3 0.05 0.8 0.3 0.05 0.8 0.5 0.1 0.05
150 0.8354876041412354 0.0 0.0 0.0 0.0 0.0 0.0 0.0 0.0 0.0 0.0 0.0 0.0 0.0 0.0 0.0 0.0 0.0 0.0 0.0 0.0 0.0 0.0 0.0 9.300000000000011 0.0 0.0 9.300000000000011 0.0 0.0 0.3 0.05 0.8 0.3 0.05 0.8 0.5 0.1 0.05
151 0.8411045074462891 0.0 0.0 0.0 0.0 0.0 0.0 0.0 0.0 0.0 0.0 0.0 0.0 0.0 0.0 0.0 0.0 0.0 0.0 0.0 0.0 0.0 0.0 0.0 9.300000000000011 0.0 0.0 9.300000000000011 0.0 0.0 0.3 0.05 0.8 0.3 0.05 0.8 0.5 0.1 0.05
152 0.8466281890869141 0.0 0.0 0.0 0.0 0.0 0.0 0.0 0.0 0.0 0.0 0.0 0.0 0.0 0.0 0.0 0.0 0.0 0.0 0.0 0.0 0.0 0.0 0.0 9.300000000000011 0.0 0.0 9.300000000000011 0.0 0.0 0.3 0.05 0.8 0.3 0.05 0.8 0.5 0.1 0.05
153 0.8522422313690186 0.0 0.0 0.0 0.0 0.0 0.0 0.0 0.0 0.0 0.0 0.0 0.0 0.0 0.0 0.0 0.0 0.0 0.0 0.0 0.0 0.0 0.0 0.0 9.300000000000011 0.0 0.0 9.300000000000011 0.0 0.0 0.3 0.05 0.8 0.3 0.05 0.8 0.5 0.1 0.05
154 0.8578014373779297 0.0 0.0 0.0 0.0 0.0 0.0 0.0 0.0 0.0 0.0 0.0 0.0 0.0 0.0 0.0 0.0 0.0 0.0 0.0 0.0 0.0 0.0 0.0 9.300000000000011 0.0 0.0 9.300000000000011 0.0 0.0 0.3 0.05 0.8 0.3 0.05 0.8 0.5 0.1 0.05
155 0.8633198738098145 0.0 0.0 0.0 0.0 0.0 0.0 0.0 0.0 0.0 0.0 0.0 0.0 0.0 0.0 0.0 0.0 0.0 0.0 0.0 0.0 0.0 0.0 0.0 9.300000000000011 0.0 0.0 9.300000000000011 0.0 0.0 0.3 0.05 0.8 0.3 0.05 0.8 0.5 0.1 0.05
156 0.8688244819641113 0.0 0.0 0.0 0.0 0.0 0.0 0.0 0.0 0.0 0.0 0.0 0.0 0.0 0.0 0.0 0.0 0.0 0.0 0.0 0.0 0.0 0.0 0.0 9.300000000000011 0.0 0.0 9.300000000000011 0.0 0.0 0.3 0.05 0.8 0.3 0.05 0.8 0.5 0.1 0.05
157 0.8745908737182617 0.0 0.0 0.0 0.0 0.0 0.0 0.0 0.0 0.0 0.0 0.0 0.0 0.0 0.0 0.0 0.0 0.0 0.0 0.0 0.0 0.0 0.0 0.0 9.300000000000011 0.0 0.0 9.300000000000011 0.0 0.0 0.3 0.05 0.8 0.3 0.05 0.8 0.5 0.1 0.05
158 0.880150318145752 0.0 0.0 0.0 0.0 0.0 0.0 0.0 0.0 0.0 0.0 0.0 0.0 0.0 0.0 0.0 0.0 0.0 0.0 0.0 0.0 0.0 0.0 0.0 9.300000000000011 0.0 0.0 9.300000000000011 0.0 0.0 0.3 0.05 0.8 0.3 0.05 0.8 0.5 0.1 0.05
159 0.8857612609863281 0.0 0.0 0.0 0.0 0.0 0.0 0.0 0.0 0.0 0.0 0.0 0.0 0.0 0.0 0.0 0.0 0.0 0.0 0.0 0.0 0.0 0.0 0.0 9.300000000000011 0.0 0.0 9.300000000000011 0.0 0.0 0.3 0.05 0.8 0.3 0.05 0.8 0.5 0.1 0.05
160 0.8912687301635742 0.0 0.0 0.0 0.0 0.0 0.0 0.0 0.0 0.0 0.0 0.0 0.0 0.0 0.0 0.0 0.0 0.0 0.0 0.0 0.0 0.0 0.0 0.0 9.300000000000011 0.0 0.0 9.300000000000011 0.0 0.0 0.3 0.05 0.8 0.3 0.05 0.8 0.5 0.1 0.05
161 0.8969218730926514 0.0 0.0 0.0 0.0 0.0 0.0 0.0 0.0 0.0 0.0 0.0 0.0 0.0 0.0 0.0 0.0 0.0 0.0 0.0 0.0 0.0 0.0 0.0 9.300000000000011 0.0 0.0 9.300000000000011 0.0 0.0 0.3 0.05 0.8 0.3 0.05 0.8 0.5 0.1 0.05
162 0.9026458263397217 0.0 0.0 0.0 0.0 0.0 0.0 0.0 0.0 0.0 0.0 0.0 0.0 0.0 0.0 0.0 0.0 0.0 0.0 0.0 0.0 0.0 0.0 0.0 9.300000000000011 0.0 0.0 9.300000000000011 0.0 0.0 0.3 0.05 0.8 0.3 0.05 0.8 0.5 0.1 0.05
163 0.9081034660339355 0.0 0.0 0.0 0.0 0.0 0.0 0.0 0.0 0.0 0.0 0.0 0.0 0.0 0.0 0.0 0.0 0.0 0.0 0.0 0.0 0.0 0.0 0.0 9.300000000000011 0.0 0.0 9.300000000000011 0.0 0.0 0.3 0.05 0.8 0.3 0.05 0.8 0.5 0.1 0.05
164 0.9135298728942871 0.0 0.0 0.0 0.0 0.0 0.0 0.0 0.0 0.0 0.0 0.0 0.0 0.0 0.0 0.0 0.0 0.0 0.0 0.0 0.0 0.0 0.0 0.0 9.300000000000011 0.0 0.0 9.300000000000011 0.0 0.0 0.3 0.05 0.8 0.3 0.05 0.8 0.5 0.1 0.05
165 0.9190855026245117 0.0 0.0 0.0 0.0 0.0 0.0 0.0 0.0 0.0 0.0 0.0 0.0 0.0 0.0 0.0 0.0 0.0 0.0 0.0 0.0 0.0 0.0 0.0 9.300000000000011 0.0 0.0 9.300000000000011 0.0 0.0 0.3 0.05 0.8 0.3 0.05 0.8 0.5 0.1 0.05
166 0.9244921207427979 0.0 0.0 0.0 0.0 0.0 0.0 0.0 0.0 0.0 0.0 0.0 0.0 0.0 0.0 0.0 0.0 0.0 0.0 0.0 0.0 0.0 0.0 0.0 9.300000000000011 0.0 0.0 9.300000000000011 0.0 0.0 0.3 0.05 0.8 0.3 0.05 0.8 0.5 0.1 0.05
167 0.930018424987793 0.0 0.0 0.0 0.0 0.0 0.0 0.0 0.0 0.0 0.0 0.0 0.0 0.0 0.0 0.0 0.0 0.0 0.0 0.0 0.0 0.0 0.0 0.0 9.300000000000011 0.0 0.0 9.300000000000011 0.0 0.0 0.3 0.05 0.8 0.3 0.05 0.8 0.5 0.1 0.05
168 0.9355068206787109 0.0 0.0 0.0 0.0 0.0 0.0 0.0 0.0 0.0 0.0 0.0 0.0 0.0 0.0 0.0 0.0 0.0 0.0 0.0 0.0 0.0 0.0 0.0 9.300000000000011 0.0 0.0 9.300000000000011 0.0 0.0 0.3 0.05 0.8 0.3 0.05 0.8 0.5 0.1 0.05
169 0.9409112930297852 0.0 0.0 0.0 0.0 0.0 0.0 0.0 0.0 0.0 0.0 0.0 0.0 0.0 0.0 0.0 0.0 0.0 0.0 0.0 0.0 0.0 0.0 0.0 9.300000000000011 0.0 0.0 9.300000000000011 0.0 0.0 0.3 0.05 0.8 0.3 0.05 0.8 0.5 0.1 0.05
170 0.9463915824890137 0.0 0.0 0.0 0.0 0.0 0.0 0.0 0.0 0.0 0.0 0.0 0.0 0.0 0.0 0.0 0.0 0.0 0.0 0.0 0.0 0.0 0.0 0.0 9.300000000000011 0.0 0.0 9.300000000000011 0.0 0.0 0.3 0.05 0.8 0.3 0.05 0.8 0.5 0.1 0.05
171 0.9520652294158936 0.0 0.0 0.0 0.0 0.0 0.0 0.0 0.0 0.0 0.0 0.0 0.0 0.0 0.0 0.0 0.0 0.0 0.0 0.0 0.0 0.0 0.0 0.0 9.300000000000011 0.0 0.0 9.300000000000011 0.0 0.0 0.3 0.05 0.8 0.3 0.05 0.8 0.5 0.1 0.05
172 0.9574921131134033 0.0 0.0 0.0 0.0 0.0 0.0 0.0 0.0 0.0 0.0 0.0 0.0 0.0 0.0 0.0 0.0 0.0 0.0 0.0 0.0 0.0 0.0 0.0 9.300000000000011 0.0 0.0 9.300000000000011 0.0 0.0 0.3 0.05 0.8 0.3 0.05 0.8 0.5 0.1 0.05
173 0.963059663772583 0.0 0.0 0.0 0.0 0.0 0.0 0.0 0.0 0.0 0.0 0.0 0.0 0.0 0.0 0.0 0.0 0.0 0.0 0.0 0.0 0.0 0.0 0.0 9.300000000000011 0.0 0.0 9.300000000000011 0.0 0.0 0.3 0.05 0.8 0.3 0.05 0.8 0.5 0.1 0.05
174 0.968524694442749 0.0 0.0 0.0 0.0 0.0 0.0 0.0 0.0 0.0 0.0 0.0 0.0 0.0 0.0 0.0 0.0 0.0 0.0 0.0 0.0 0.0 0.0 0.0 9.300000000000011 0.0 0.0 9.300000000000011 0.0 0.0 0.3 0.05 0.8 0.3 0.05 0.8 0.5 0.1 0.05
175 0.9740617275238037 0.0 0.0 0.0 0.0 0.0 0.0 0.0 0.0 0.0 0.0 0.0 0.0 0.0 0.0 0.0 0.0 0.0 0.0 0.0 0.0 0.0 0.0 0.0 9.300000000000011 0.0 0.0 9.300000000000011 0.0 0.0 0.3 0.05 0.8 0.3 0.05 0.8 0.5 0.1 0.05
176 0.9797847270965576 0.0 0.0 0.0 0.0 0.0 0.0 0.0 0.0 0.0 0.0 0.0 0.0 0.0 0.0 0.0 0.0 0.0 0.0 0.0 0.0 0.0 0.0 0.0 9.300000000000011 0.0 0.0 9.300000000000011 0.0 0.0 0.3 0.05 0.8 0.3 0.05 0.8 0.5 0.1 0.05
177 0.9857320785522461 0.0 0.0 0.0 0.0 0.0 0.0 0.0 0.0 0.0 0.0 0.0 0.0 0.0 0.0 0.0 0.0 0.0 0.0 0.0 0.0 0.0 0.0 0.0 9.300000000000011 0.0 0.0 9.300000000000011 0.0 0.0 0.3 0.05 0.8 0.3 0.05 0.8 0.5 0.1 0.05
178 0.9913976192474365 0.0 0.0 0.0 0.0 0.0 0.0 0.0 0.0 0.0 0.0 0.0 0.0 0.0 0.0 0.0 0.0 0.0 0.0 0.0 0.0 0.0 0.0 0.0 9.300000000000011 0.0 0.0 9.300000000000011 0.0 0.0 0.3 0.05 0.8 0.3 0.05 0.8 0.5 0.1 0.05
179 0.9968764781951904 0.0 0.0 0.0 0.0 0.0 0.0 0.0 0.0 0.0 0.0 0.0 0.0 0.0 0.0 0.0 0.0 0.0 0.0 0.0 0.0 0.0 0.0 0.0 9.300000000000011 0.0 0.0 9.300000000000011 0.0 0.0 0.3 0.05 0.8 0.3 0.05 0.8 0.5 0.1 0.05
180 1.0024499893188477 0.0 0.0 0.0 0.0 0.0 0.0 0.0 0.0 0.0 0.0 0.0 0.0 0.0 0.0 0.0 0.0 0.0 0.0 0.0 0.0 0.0 0.0 0.0 9.300000000000011 0.0 0.0 9.300000000000011 0.0 0.0 0.3 0.05 0.8 0.3 0.05 0.8 0.5 0.1 0.05
181 1.008091688156128 0.0 0.0 0.0 0.0 0.0 0.0 0.0 0.0 0.0 0.0 0.0 0.0 0.0 0.0 0.0 0.0 0.0 0.0 0.0 0.0 0.0 0.0 0.0 9.300000000000011 0.0 0.0 9.300000000000011 0.0 0.0 0.3 0.05 0.8 0.3 0.05 0.8 0.5 0.1 0.05
182 1.0136170387268066 0.0 0.0 0.0 0.0 0.0 0.0 0.0 0.0 0.0 0.0 0.0 0.0 0.0 0.0 0.0 0.0 0.0 0.0 0.0 0.0 0.0 0.0 0.0 9.300000000000011 0.0 0.0 9.300000000000011 0.0 0.0 0.3 0.05 0.8 0.3 0.05 0.8 0.5 0.1 0.05
183 1.0192570686340332 0.0 0.0 0.0 0.0 0.0 0.0 0.0 0.0 0.0 0.0 0.0 0.0 0.0 0.0 0.0 0.0 0.0 0.0 0.0 0.0 0.0 0.0 0.0 9.300000000000011 0.0 0.0 9.300000000000011 0.0 0.0 0.3 0.05 0.8 0.3 0.05 0.8 0.5 0.1 0.05
184 1.0247511863708496 0.0 0.0 0.0 0.0 0.0 0.0 0.0 0.0 0.0 0.0 0.0 0.0 0.0 0.0 0.0 0.0 0.0 0.0 0.0 0.0 0.0 0.0 0.0 9.300000000000011 0.0 0.0 9.300000000000011 0.0 0.0 0.3 0.05 0.8 0.3 0.05 0.8 0.5 0.1 0.05
185 1.030385971069336 0.0 0.0 0.0 0.0 0.0 0.0 0.0 0.0 0.0 0.0 0.0 0.0 0.0 0.0 0.0 0.0 0.0 0.0 0.0 0.0 0.0 0.0 0.0 9.300000000000011 0.0 0.0 9.300000000000011 0.0 0.0 0.3 0.05 0.8 0.3 0.05 0.8 0.5 0.1 0.05
186 1.036008358001709 0.0 0.0 0.0 0.0 0.0 0.0 0.0 0.0 0.0 0.0 0.0 0.0 0.0 0.0 0.0 0.0 0.0 0.0 0.0 0.0 0.0 0.0 0.0 9.300000000000011 0.0 0.0 9.300000000000011 0.0 0.0 0.3 0.05 0.8 0.3 0.05 0.8 0.5 0.1 0.05
187 1.041475772857666 0.0 0.0 0.0 0.0 0.0 0.0 0.0 0.0 0.0 0.0 0.0 0.0 0.0 0.0 0.0 0.0 0.0 0.0 0.0 0.0 0.0 0.0 0.0 9.300000000000011 0.0 0.0 9.300000000000011 0.0 0.0 0.3 0.05 0.8 0.3 0.05 0.8 0.5 0.1 0.05
188 1.0468907356262207 0.0 0.0 0.0 0.0 0.0 0.0 0.0 0.0 0.0 0.0 0.0 0.0 0.0 0.0 0.0 0.0 0.0 0.0 0.0 0.0 0.0 0.0 0.0 9.300000000000011 0.0 0.0 9.300000000000011 0.0 0.0 0.3 0.05 0.8 0.3 0.05 0.8 0.5 0.1 0.05
189 1.0524060726165771 0.0 0.0 0.0 0.0 0.0 0.0 0.0 0.0 0.0 0.0 0.0 0.0 0.0 0.0 0.0 0.0 0.0 0.0 0.0 0.0 0.0 0.0 0.0 9.300000000000011 0.0 0.0 9.300000000000011 0.0 0.0 0.3 0.05 0.8 0.3 0.05 0.8 0.5 0.1 0.05
190 1.0578641891479492 0.0 0.0 0.0 0.0 0.0 0.0 0.0 0.0 0.0 0.0 0.0 0.0 0.0 0.0 0.0 0.0 0.0 0.0 0.0 0.0 0.0 0.0 0.0 9.300000000000011 0.0 0.0 9.300000000000011 0.0 0.0 0.3 0.05 0.8 0.3 0.05 0.8 0.5 0.1 0.05
191 1.0635521411895752 0.0 0.0 0.0 0.0 0.0 0.0 0.0 0.0 0.0 0.0 0.0 0.0 0.0 0.0 0.0 0.0 0.0 0.0 0.0 0.0 0.0 0.0 0.0 9.300000000000011 0.0 0.0 9.300000000000011 0.0 0.0 0.3 0.05 0.8 0.3 0.05 0.8 0.5 0.1 0.05
192 1.0689878463745117 0.0 0.0 0.0 0.0 0.0 0.0 0.0 0.0 0.0 0.0 0.0 0.0 0.0 0.0 0.0 0.0 0.0 0.0 0.0 0.0 0.0 0.0 0.0 9.300000000000011 0.0 0.0 9.300000000000011 0.0 0.0 0.3 0.05 0.8 0.3 0.05 0.8 0.5 0.1 0.05
193 1.074575424194336 0.0 0.0 0.0 0.0 0.0 0.0 0.0 0.0 0.0 0.0 0.0 0.0 0.0 0.0 0.0 0.0 0.0 0.0 0.0 0.0 0.0 0.0 0.0 9.300000000000011 0.0 0.0 9.300000000000011 0.0 0.0 0.3 0.05 0.8 0.3 0.05 0.8 0.5 0.1 0.05
194 1.0800988674163818 0.0 0.0 0.0 0.0 0.0 0.0 0.0 0.0 0.0 0.0 0.0 0.0 0.0 0.0 0.0 0.0 0.0 0.0 0.0 0.0 0.0 0.0 0.0 9.300000000000011 0.0 0.0 9.300000000000011 0.0 0.0 0.3 0.05 0.8 0.3 0.05 0.8 0.5 0.1 0.05
195 1.085660696029663 0.0 0.0 0.0 0.0 0.0 0.0 0.0 0.0 0.0 0.0 0.0 0.0 0.0 0.0 0.0 0.0 0.0 0.0 0.0 0.0 0.0 0.0 0.0 9.300000000000011 0.0 0.0 9.300000000000011 0.0 0.0 0.3 0.05 0.8 0.3 0.05 0.8 0.5 0.1 0.05
196 1.0911672115325928 0.0 0.0 0.0 0.0 0.0 0.0 0.0 0.0 0.0 0.0 0.0 0.0 0.0 0.0 0.0 0.0 0.0 0.0 0.0 0.0 0.0 0.0 0.0 9.300000000000011 0.0 0.0 9.300000000000011 0.0 0.0 0.3 0.05 0.8 0.3 0.05 0.8 0.5 0.1 0.05
197 1.0966694355010986 0.0 0.0 0.0 0.0 0.0 0.0 0.0 0.0 0.0 0.0 0.0 0.0 0.0 0.0 0.0 0.0 0.0 0.0 0.0 0.0 0.0 0.0 0.0 9.300000000000011 0.0 0.0 9.300000000000011 0.0 0.0 0.3 0.05 0.8 0.3 0.05 0.8 0.5 0.1 0.05
198 1.1021292209625244 0.0 0.0 0.0 0.0 0.0 0.0 0.0 0.0 0.0 0.0 0.0 0.0 0.0 0.0 0.0 0.0 0.0 0.0 0.0 0.0 0.0 0.0 0.0 9.300000000000011 0.0 0.0 9.300000000000011 0.0 0.0 0.3 0.05 0.8 0.3 0.05 0.8 0.5 0.1 0.05
199 1.1076974868774414 0.0 0.0 0.0 0.0 0.0 0.0 0.0 0.0 0.0 0.0 0.0 0.0 0.0 0.0 0.0 0.0 0.0 0.0 0.0 0.0 0.0 0.0 0.0 9.300000000000011 0.0 0.0 9.300000000000011 0.0 0.0 0.3 0.05 0.8 0.3 0.05 0.8 0.5 0.1 0.05
200 1.1131892204284668 0.0 0.0 0.0 0.0 0.0 0.0 0.0 0.0 0.0 0.0 0.0 0.0 0.0 0.0 0.0 0.0 0.0 0.0 0.0 0.0 0.0 0.0 0.0 9.300000000000011 0.0 0.0 9.300000000000011 0.0 0.0 0.3 0.05 0.8 0.3 0.05 0.8 0.5 0.1 0.05
201 1.119004487991333 0.0 0.0 0.0 0.0 0.0 0.0 0.0 0.0 0.0 0.0 0.0 0.0 0.0 0.0 0.0 0.0 0.0 0.0 0.0 0.0 0.0 0.0 0.0 9.300000000000011 0.0 0.0 9.300000000000011 0.0 0.0 0.3 0.05 0.8 0.3 0.05 0.8 0.5 0.1 0.05
202 1.1245830059051514 0.0 0.0 0.0 0.0 0.0 0.0 0.0 0.0 0.0 0.0 0.0 0.0 0.0 0.0 0.0 0.0 0.0 0.0 0.0 0.0 0.0 0.0 0.0 9.300000000000011 0.0 0.0 9.300000000000011 0.0 0.0 0.3 0.05 0.8 0.3 0.05 0.8 0.5 0.1 0.05
203 1.1302356719970703 0.0 0.0 0.0 0.0 0.0 0.0 0.0 0.0 0.0 0.0 0.0 0.0 0.0 0.0 0.0 0.0 0.0 0.0 0.0 0.0 0.0 0.0 0.0 9.300000000000011 0.0 0.0 9.300000000000011 0.0 0.0 0.3 0.05 0.8 0.3 0.05 0.8 0.5 0.1 0.05
204 1.135648488998413 0.0 0.0 0.0 0.0 0.0 0.0 0.0 0.0 0.0 0.0 0.0 0.0 0.0 0.0 0.0 0.0 0.0 0.0 0.0 0.0 0.0 0.0 0.0 9.300000000000011 0.0 0.0 9.300000000000011 0.0 0.0 0.3 0.05 0.8 0.3 0.05 0.8 0.5 0.1 0.05
205 1.1411244869232178 0.0 0.0 0.0 0.0 0.0 0.0 0.0 0.0 0.0 0.0 0.0 0.0 0.0 0.0 0.0 0.0 0.0 0.0 0.0 0.0 0.0 0.0 0.0 9.300000000000011 0.0 0.0 9.300000000000011 0.0 0.0 0.3 0.05 0.8 0.3 0.05 0.8 0.5 0.1 0.05
206 1.1467082500457764 0.0 0.0 0.0 0.0 0.0 0.0 0.0 0.0 0.0 0.0 0.0 0.0 0.0 0.0 0.0 0.0 0.0 0.0 0.0 0.0 0.0 0.0 0.0 9.300000000000011 0.0 0.0 9.300000000000011 0.0 0.0 0.3 0.05 0.8 0.3 0.05 0.8 0.5 0.1 0.05
207 1.1523075103759766 0.0 0.0 0.0 0.0 0.0 0.0 0.0 0.0 0.0 0.0 0.0 0.0 0.0 0.0 0.0 0.0 0.0 0.0 0.0 0.0 0.0 0.0 0.0 9.300000000000011 0.0 0.0 9.300000000000011 0.0 0.0 0.3 0.05 0.8 0.3 0.05 0.8 0.5 0.1 0.05
208 1.1578917503356934 0.0 0.0 0.0 0.0 0.0 0.0 0.0 0.0 0.0 0.0 0.0 0.0 0.0 0.0 0.0 0.0 0.0 0.0 0.0 0.0 0.0 0.0 0.0 9.300000000000011 0.0 0.0 9.300000000000011 0.0 0.0 0.3 0.05 0.8 0.3 0.05 0.8 0.5 0.1 0.05
209 1.1634769439697266 0.0 0.0 0.0 0.0 0.0 0.0 0.0 0.0 0.0 0.0 0.0 0.0 0.0 0.0 0.0 0.0 0.0 0.0 0.0 0.0 0.0 0.0 0.0 9.300000000000011 0.0 0.0 9.300000000000011 0.0 0.0 0.3 0.05 0.8 0.3 0.05 0.8 0.5 0.1 0.05
210 1.16910719871521 0.0 0.0 0.0 0.0 0.0 0.0 0.0 0.0 0.0 0.0 0.0 0.0 0.0 0.0 0.0 0.0 0.0 0.0 0.0 0.0 0.0 0.0 0.0 9.300000000000011 0.0 0.0 9.300000000000011 0.0 0.0 0.3 0.05 0.8 0.3 0.05 0.8 0.5 0.1 0.05
211 1.1749317646026611 0.0 0.0 0.0 0.0 0.0 0.0 0.0 0.0 0.0 0.0 0.0 0.0 0.0 0.0 0.0 0.0 0.0 0.0 0.0 0.0 0.0 0.0 0.0 9.300000000000011 0.0 0.0 9.300000000000011 0.0 0.0 0.3 0.05 0.8 0.3 0.05 0.8 0.5 0.1 0.05
212 1.1804614067077637 0.0 0.0 0.0 0.0 0.0 0.0 0.0 0.0 0.0 0.0 0.0 0.0 0.0 0.0 0.0 0.0 0.0 0.0 0.0 0.0 0.0 0.0 0.0 9.300000000000011 0.0 0.0 9.300000000000011 0.0 0.0 0.3 0.05 0.8 0.3 0.05 0.8 0.5 0.1 0.05
213 1.18609619140625 0.0 0.0 0.0 0.0 0.0 0.0 0.0 0.0 0.0 0.0 0.0 0.0 0.0 0.0 0.0 0.0 0.0 0.0 0.0 0.0 0.0 0.0 0.0 9.300000000000011 0.0 0.0 9.300000000000011 0.0 0.0 0.3 0.05 0.8 0.3 0.05 0.8 0.5 0.1 0.05
214 1.1916570663452148 0.0 0.0 0.0 0.0 0.0 0.0 0.0 0.0 0.0 0.0 0.0 0.0 0.0 0.0 0.0 0.0 0.0 0.0 0.0 0.0 0.0 0.0 0.0 9.300000000000011 0.0 0.0 9.300000000000011 0.0 0.0 0.3 0.05 0.8 0.3 0.05 0.8 0.5 0.1 0.05
215 1.197178602218628 0.0 0.0 0.0 0.0 0.0 0.0 0.0 0.0 0.0 0.0 0.0 0.0 0.0 0.0 0.0 0.0 0.0 0.0 0.0 0.0 0.0 0.0 0.0 9.300000000000011 0.0 0.0 9.300000000000011 0.0 0.0 0.3 0.05 0.8 0.3 0.05 0.8 0.5 0.1 0.05
216 1.202625036239624 0.0 0.0 0.0 0.0 0.0 0.0 0.0 0.0 0.0 0.0 0.0 0.0 0.0 0.0 0.0 0.0 0.0 0.0 0.0 0.0 0.0 0.0 0.0 9.300000000000011 0.0 0.0 9.300000000000011 0.0 0.0 0.3 0.05 0.8 0.3 0.05 0.8 0.5 0.1 0.05
217 1.2080543041229248 0.0 0.0 0.0 0.0 0.0 0.0 0.0 0.0 0.0 0.0 0.0 0.0 0.0 0.0 0.0 0.0 0.0 0.0 0.0 0.0 0.0 0.0 0.0 9.300000000000011 0.0 0.0 9.300000000000011 0.0 0.0 0.3 0.05 0.8 0.3 0.05 0.8 0.5 0.1 0.05
218 1.2134861946105957 0.0 0.0 0.0 0.0 0.0 0.0 0.0 0.0 0.0 0.0 0.0 0.0 0.0 0.0 0.0 0.0 0.0 0.0 0.0 0.0 0.0 0.0 0.0 9.300000000000011 0.0 0.0 9.300000000000011 0.0 0.0 0.3 0.05 0.8 0.3 0.05 0.8 0.5 0.1 0.05
219 1.21913743019104 0.0 0.0 0.0 0.0 0.0 0.0 0.0 0.0 0.0 0.0 0.0 0.0 0.0 0.0 0.0 0.0 0.0 0.0 0.0 0.0 0.0 0.0 0.0 9.300000000000011 0.0 0.0 9.300000000000011 0.0 0.0 0.3 0.05 0.8 0.3 0.05 0.8 0.5 0.1 0.05
220 1.224719762802124 0.0 0.0 0.0 0.0 0.0 0.0 0.0 0.0 0.0 0.0 0.0 0.0 0.0 0.0 0.0 0.0 0.0 0.0 0.0 0.0 0.0 0.0 0.0 9.300000000000011 0.0 0.0 9.300000000000011 0.0 0.0 0.3 0.05 0.8 0.3 0.05 0.8 0.5 0.1 0.05
221 1.230365514755249 0.0 0.0 0.0 0.0 0.0 0.0 0.0 0.0 0.0 0.0 0.0 0.0 0.0 0.0 0.0 0.0 0.0 0.0 0.0 0.0 0.0 0.0 0.0 9.300000000000011 0.0 0.0 9.300000000000011 0.0 0.0 0.3 0.05 0.8 0.3 0.05 0.8 0.5 0.1 0.05
222 1.2358357906341553 0.0 0.0 0.0 0.0 0.0 0.0 0.0 0.0 0.0 0.0 0.0 0.0 0.0 0.0 0.0 0.0 0.0 0.0 0.0 0.0 0.0 0.0 0.0 9.300000000000011 0.0 0.0 9.300000000000011 0.0 0.0 0.3 0.05 0.8 0.3 0.05 0.8 0.5 0.1 0.05
223 1.2412853240966797 0.0 0.0 0.0 0.0 0.0 0.0 0.0 0.0 0.0 0.0 0.0 0.0 0.0 0.0 0.0 0.0 0.0 0.0 0.0 0.0 0.0 0.0 0.0 9.300000000000011 0.0 0.0 9.300000000000011 0.0 0.0 0.3 0.05 0.8 0.3 0.05 0.8 0.5 0.1 0.05
224 1.2466299533843994 0.0 0.0 0.0 0.0 0.0 0.0 0.0 0.0 0.0 0.0 0.0 0.0 0.0 0.0 0.0 0.0 0.0 0.0 0.0 0.0 0.0 0.0 0.0 9.300000000000011 0.0 0.0 9.300000000000011 0.0 0.0 0.3 0.05 0.8 0.3 0.05 0.8 0.5 0.1 0.05
225 1.25199294090271 0.0 0.0 0.0 0.0 0.0 0.0 0.0 0.0 0.0 0.0 0.0 0.0 0.0 0.0 0.0 0.0 0.0 0.0 0.0 0.0 0.0 0.0 0.0 9.300000000000011 0.0 0.0 9.300000000000011 0.0 0.0 0.3 0.05 0.8 0.3 0.05 0.8 0.5 0.1 0.05
226 1.2573533058166504 0.0 0.0 0.0 0.0 0.0 0.0 0.0 0.0 0.0 0.0 0.0 0.0 0.0 0.0 0.0 0.0 0.0 0.0 0.0 0.0 0.0 0.0 0.0 9.300000000000011 0.0 0.0 9.300000000000011 0.0 0.0 0.3 0.05 0.8 0.3 0.05 0.8 0.5 0.1 0.05
227 1.2627358436584473 0.0 0.0 0.0 0.0 0.0 0.0 0.0 0.0 0.0 0.0 0.0 0.0 0.0 0.0 0.0 0.0 0.0 0.0 0.0 0.0 0.0 0.0 0.0 9.300000000000011 0.0 0.0 9.300000000000011 0.0 0.0 0.3 0.05 0.8 0.3 0.05 0.8 0.5 0.1 0.05
228 1.2681081295013428 0.0 0.0 0.0 0.0 0.0 0.0 0.0 0.0 0.0 0.0 0.0 0.0 0.0 0.0 0.0 0.0 0.0 0.0 0.0 0.0 0.0 0.0 0.0 9.300000000000011 0.0 0.0 9.300000000000011 0.0 0.0 0.3 0.05 0.8 0.3 0.05 0.8 0.5 0.1 0.05
229 1.2734284400939941 0.0 0.0 0.0 0.0 0.0 0.0 0.0 0.0 0.0 0.0 0.0 0.0 0.0 0.0 0.0 0.0 0.0 0.0 0.0 0.0 0.0 0.0 0.0 9.300000000000011 0.0 0.0 9.300000000000011 0.0 0.0 0.3 0.05 0.8 0.3 0.05 0.8 0.5 0.1 0.05
230 1.278900384902954 0.0 0.0 0.0 0.0 0.0 0.0 0.0 0.0 0.0 0.0 0.0 0.0 0.0 0.0 0.0 0.0 0.0 0.0 0.0 0.0 0.0 0.0 0.0 9.300000000000011 0.0 0.0 9.300000000000011 0.0 0.0 0.3 0.05 0.8 0.3 0.05 0.8 0.5 0.1 0.05
231 1.284546136856079 0.0 0.0 0.0 0.0 0.0 0.0 0.0 0.0 0.0 0.0 0.0 0.0 0.0 0.0 0.0 0.0 0.0 0.0 0.0 0.0 0.0 0.0 0.0 9.300000000000011 0.0 0.0 9.300000000000011 0.0 0.0 0.3 0.05 0.8 0.3 0.05 0.8 0.5 0.1 0.05
232 1.2899928092956543 0.0 0.0 0.0 0.0 0.0 0.0 0.0 0.0 0.0 0.0 0.0 0.0 0.0 0.0 0.0 0.0 0.0 0.0 0.0 0.0 0.0 0.0 0.0 9.300000000000011 0.0 0.0 9.300000000000011 0.0 0.0 0.3 0.05 0.8 0.3 0.05 0.8 0.5 0.1 0.05
233 1.2955245971679688 0.0 0.0 0.0 0.0 0.0 0.0 0.0 0.0 0.0 0.0 0.0 0.0 0.0 0.0 0.0 0.0 0.0 0.0 0.0 0.0 0.0 0.0 0.0 9.300000000000011 0.0 0.0 9.300000000000011 0.0 0.0 0.3 0.05 0.8 0.3 0.05 0.8 0.5 0.1 0.05
234 1.3009743690490723 0.0 0.0 0.0 0.0 0.0 0.0 0.0 0.0 0.0 0.0 0.0 0.0 0.0 0.0 0.0 0.0 0.0 0.0 0.0 0.0 0.0 0.0 0.0 9.300000000000011 0.0 0.0 9.300000000000011 0.0 0.0 0.3 0.05 0.8 0.3 0.05 0.8 0.5 0.1 0.05
235 1.3065075874328613 0.0 0.0 0.0 0.0 0.0 0.0 0.0 0.0 0.0 0.0 0.0 0.0 0.0 0.0 0.0 0.0 0.0 0.0 0.0 0.0 0.0 0.0 0.0 9.300000000000011 0.0 0.0 9.300000000000011 0.0 0.0 0.3 0.05 0.8 0.3 0.05 0.8 0.5 0.1 0.05
236 1.3119070529937744 0.0 0.0 0.0 0.0 0.0 0.0 0.0 0.0 0.0 0.0 0.0 0.0 0.0 0.0 0.0 0.0 0.0 0.0 0.0 0.0 0.0 0.0 0.0 9.300000000000011 0.0 0.0 9.300000000000011 0.0 0.0 0.3 0.05 0.8 0.3 0.05 0.8 0.5 0.1 0.05
237 1.3172740936279297 0.0 0.0 0.0 0.0 0.0 0.0 0.0 0.0 0.0 0.0 0.0 0.0 0.0 0.0 0.0 0.0 0.0 0.0 0.0 0.0 0.0 0.0 0.0 9.300000000000011 0.0 0.0 9.300000000000011 0.0 0.0 0.3 0.05 0.8 0.3 0.05 0.8 0.5 0.1 0.05
238 1.322601318359375 0.0 0.0 0.0 0.0 0.0 0.0 0.0 0.0 0.0 0.0 0.0 0.0 0.0 0.0 0.0 0.0 0.0 0.0 0.0 0.0 0.0 0.0 0.0 9.300000000000011 0.0 0.0 9.300000000000011 0.0 0.0 0.3 0.05 0.8 0.3 0.05 0.8 0.5 0.1 0.05
239 1.32792067527771 0.0 0.0 0.0 0.0 0.0 0.0 0.0 0.0 0.0 0.0 0.0 0.0 0.0 0.0 0.0 0.0 0.0 0.0 0.0 0.0 0.0 0.0 0.0 9.300000000000011 0.0 0.0 9.300000000000011 0.0 0.0 0.3 0.05 0.8 0.3 0.05 0.8 0.5 0.1 0.05
240 1.333259105682373 0.0 0.0 0.0 0.0 0.0 0.0 0.0 0.0 0.0 0.0 0.0 0.0 0.0 0.0 0.0 0.0 0.0 0.0 0.0 0.0 0.0 0.0 0.0 9.300000000000011 0.0 0.0 9.300000000000011 0.0 0.0 0.3 0.05 0.8 0.3 0.05 0.8 0.5 0.1 0.05
241 1.3388960361480713 0.0 0.0 0.0 0.0 0.0 0.0 0.0 0.0 0.0 0.0 0.0 0.0 0.0 0.0 0.0 0.0 0.0 0.0 0.0 0.0 0.0 0.0 0.0 9.300000000000011 0.0 0.0 9.300000000000011 0.0 0.0 0.3 0.05 0.8 0.3 0.05 0.8 0.5 0.1 0.05
242 1.3445496559143066 0.0 0.0 0.0 0.0 0.0 0.0 0.0 0.0 0.0 0.0 0.0 0.0 0.0 0.0 0.0 0.0 0.0 0.0 0.0 0.0 0.0 0.0 0.0 9.300000000000011 0.0 0.0 9.300000000000011 0.0 0.0 0.3 0.05 0.8 0.3 0.05 0.8 0.5 0.1 0.05
243 1.3502252101898193 0.0 0.0 0.0 0.0 0.0 0.0 0.0 0.0 0.0 0.0 0.0 0.0 0.0 0.0 0.0 0.0 0.0 0.0 0.0 0.0 0.0 0.0 0.0 9.300000000000011 0.0 0.0 9.300000000000011 0.0 0.0 0.3 0.05 0.8 0.3 0.05 0.8 0.5 0.1 0.05
244 1.355823040008545 0.0 0.0 0.0 0.0 0.0 0.0 0.0 0.0 0.0 0.0 0.0 0.0 0.0 0.0 0.0 0.0 0.0 0.0 0.0 0.0 0.0 0.0 0.0 9.300000000000011 0.0 0.0 9.300000000000011 0.0 0.0 0.3 0.05 0.8 0.3 0.05 0.8 0.5 0.1 0.05
245 1.361440658569336 0.0 0.0 0.0 0.0 0.0 0.0 0.0 0.0 0.0 0.0 0.0 0.0 0.0 0.0 0.0 0.0 0.0 0.0 0.0 0.0 0.0 0.0 0.0 9.300000000000011 0.0 0.0 9.300000000000011 0.0 0.0 0.3 0.05 0.8 0.3 0.05 0.8 0.5 0.1 0.05
246 1.3669297695159912 0.0 0.0 0.0 0.0 0.0 0.0 0.0 0.0 0.0 0.0 0.0 0.0 0.0 0.0 0.0 0.0 0.0 0.0 0.0 0.0 0.0 0.0 0.0 9.300000000000011 0.0 0.0 9.300000000000011 0.0 0.0 0.3 0.05 0.8 0.3 0.05 0.8 0.5 0.1 0.05
247 1.3724076747894287 0.0 0.0 0.0 0.0 0.0 0.0 0.0 0.0 0.0 0.0 0.0 0.0 0.0 0.0 0.0 0.0 0.0 0.0 0.0 0.0 0.0 0.0 0.0 9.300000000000011 0.0 0.0 9.300000000000011 0.0 0.0 0.3 0.05 0.8 0.3 0.05 0.8 0.5 0.1 0.05
248 1.3778367042541504 0.0 0.0 0.0 0.0 0.0 0.0 0.0 0.0 0.0 0.0 0.0 0.0 0.0 0.0 0.0 0.0 0.0 0.0 0.0 0.0 0.0 0.0 0.0 9.300000000000011 0.0 0.0 9.300000000000011 0.0 0.0 0.3 0.05 0.8 0.3 0.05 0.8 0.5 0.1 0.05
249 1.3832249641418457 0.0 0.0 0.0 0.0 0.0 0.0 0.0 0.0 0.0 0.0 0.0 0.0 0.0 0.0 0.0 0.0 0.0 0.0 0.0 0.0 0.0 0.0 0.0 9.300000000000011 0.0 0.0 9.300000000000011 0.0 0.0 0.3 0.05 0.8 0.3 0.05 0.8 0.5 0.1 0.05
250 1.388636827468872 0.0 0.0 0.0 0.0 0.0 0.0 0.0 0.0 0.0 0.0 0.0 0.0 0.0 0.0 0.0 0.0 0.0 0.0 0.0 0.0 0.0 0.0 0.0 9.300000000000011 0.0 0.0 9.300000000000011 0.0 0.0 0.3 0.05 0.8 0.3 0.05 0.8 0.5 0.1 0.05
251 1.3953132629394531 0.0 0.0 0.0 0.0 0.0 0.0 0.0 0.0 0.0 0.0 0.0 0.0 0.0 0.0 0.0 0.0 0.0 0.0 0.0 0.0 0.0 0.0 0.0 9.300000000000011 0.0 0.0 9.300000000000011 0.0 0.0 0.3 0.05 0.8 0.3 0.05 0.8 0.5 0.1 0.05
252 1.4012095928192139 0.0 0.0 0.0 0.0 0.0 0.0 0.0 0.0 0.0 0.0 0.0 0.0 0.0 0.0 0.0 0.0 0.0 0.0 0.0 0.0 0.0 0.0 0.0 9.300000000000011 0.0 0.0 9.300000000000011 0.0 0.0 0.3 0.05 0.8 0.3 0.05 0.8 0.5 0.1 0.05
253 1.4068257808685303 0.0 0.0 0.0 0.0 0.0 0.0 0.0 0.0 0.0 0.0 0.0 0.0 0.0 0.0 0.0 0.0 0.0 0.0 0.0 0.0 0.0 0.0 0.0 9.300000000000011 0.0 0.0 9.300000000000011 0.0 0.0 0.3 0.05 0.8 0.3 0.05 0.8 0.5 0.1 0.05
254 1.4123637676239014 0.0 0.0 0.0 0.0 0.0 0.0 0.0 0.0 0.0 0.0 0.0 0.0 0.0 0.0 0.0 0.0 0.0 0.0 0.0 0.0 0.0 0.0 0.0 9.300000000000011 0.0 0.0 9.300000000000011 0.0 0.0 0.3 0.05 0.8 0.3 0.05 0.8 0.5 0.1 0.05
255 1.417815923690796 0.0 0.0 0.0 0.0 0.0 0.0 0.0 0.0 0.0 0.0 0.0 0.0 0.0 0.0 0.0 0.0 0.0 0.0 0.0 0.0 0.0 0.0 0.0 9.300000000000011 0.0 0.0 9.300000000000011 0.0 0.0 0.3 0.05 0.8 0.3 0.05 0.8 0.5 0.1 0.05
256 1.4233322143554688 0.0 0.0 0.0 0.0 0.0 0.0 0.0 0.0 0.0 0.0 0.0 0.0 0.0 0.0 0.0 0.0 0.0 0.0 0.0 0.0 0.0 0.0 0.0 9.300000000000011 0.0 0.0 9.300000000000011 0.0 0.0 0.3 0.05 0.8 0.3 0.05 0.8 0.5 0.1 0.05
257 1.428842306137085 0.0 0.0 0.0 0.0 0.0 0.0 0.0 0.0 0.0 0.0 0.0 0.0 0.0 0.0 0.0 0.0 0.0 0.0 0.0 0.0 0.0 0.0 0.0 9.300000000000011 0.0 0.0 9.300000000000011 0.0 0.0 0.3 0.05 0.8 0.3 0.05 0.8 0.5 0.1 0.05
258 1.4343562126159668 0.0 0.0 0.0 0.0 0.0 0.0 0.0 0.0 0.0 0.0 0.0 0.0 0.0 0.0 0.0 0.0 0.0 0.0 0.0 0.0 0.0 0.0 0.0 9.300000000000011 0.0 0.0 9.300000000000011 0.0 0.0 0.3 0.05 0.8 0.3 0.05 0.8 0.5 0.1 0.05
259 1.439767837524414 0.0 0.0 0.0 0.0 0.0 0.0 0.0 0.0 0.0 0.0 0.0 0.0 0.0 0.0 0.0 0.0 0.0 0.0 0.0 0.0 0.0 0.0 0.0 9.300000000000011 0.0 0.0 9.300000000000011 0.0 0.0 0.3 0.05 0.8 0.3 0.05 0.8 0.5 0.1 0.05
260 1.445145845413208 0.0 0.0 0.0 0.0 0.0 0.0 0.0 0.0 0.0 0.0 0.0 0.0 0.0 0.0 0.0 0.0 0.0 0.0 0.0 0.0 0.0 0.0 0.0 9.300000000000011 0.0 0.0 9.300000000000011 0.0 0.0 0.3 0.05 0.8 0.3 0.05 0.8 0.5 0.1 0.05
261 1.4512622356414795 0.0 0.0 0.0 0.0 0.0 0.0 0.0 0.0 0.0 0.0 0.0 0.0 0.0 0.0 0.0 0.0 0.0 0.0 0.0 0.0 0.0 0.0 0.0 9.300000000000011 0.0 0.0 9.300000000000011 0.0 0.0 0.3 0.05 0.8 0.3 0.05 0.8 0.5 0.1 0.05
262 1.4567673206329346 0.0 0.0 0.0 0.0 0.0 0.0 0.0 0.0 0.0 0.0 0.0 0.0 0.0 0.0 0.0 0.0 0.0 0.0 0.0 0.0 0.0 0.0 0.0 9.300000000000011 0.0 0.0 9.300000000000011 0.0 0.0 0.3 0.05 0.8 0.3 0.05 0.8 0.5 0.1 0.05
263 1.4622626304626465 0.0 0.0 0.0 0.0 0.0 0.0 0.0 0.0 0.0 0.0 0.0 0.0 0.0 0.0 0.0 0.0 0.0 0.0 0.0 0.0 0.0 0.0 0.0 9.300000000000011 0.0 0.0 9.300000000000011 0.0 0.0 0.3 0.05 0.8 0.3 0.05 0.8 0.5 0.1 0.05
264 1.467726469039917 0.0 0.0 0.0 0.0 0.0 0.0 0.0 0.0 0.0 0.0 0.0 0.0 0.0 0.0 0.0 0.0 0.0 0.0 0.0 0.0 0.0 0.0 0.0 9.300000000000011 0.0 0.0 9.300000000000011 0.0 0.0 0.3 0.05 0.8 0.3 0.05 0.8 0.5 0.1 0.05
265 1.4732542037963867 0.0 0.0 0.0 0.0 0.0 0.0 0.0 0.0 0.0 0.0 0.0 0.0 0.0 0.0 0.0 0.0 0.0 0.0 0.0 0.0 0.0 0.0 0.0 9.300000000000011 0.0 0.0 9.300000000000011 0.0 0.0 0.3 0.05 0.8 0.3 0.05 0.8 0.5 0.1 0.05
266 1.4787049293518066 0.0 0.0 0.0 0.0 0.0 0.0 0.0 0.0 0.0 0.0 0.0 0.0 0.0 0.0 0.0 0.0 0.0 0.0 0.0 0.0 0.0 0.0 0.0 9.300000000000011 0.0 0.0 9.300000000000011 0.0 0.0 0.3 0.05 0.8 0.3 0.05 0.8 0.5 0.1 0.05
267 1.4840896129608154 0.0 0.0 0.0 0.0 0.0 0.0 0.0 0.0 0.0 0.0 0.0 0.0 0.0 0.0 0.0 0.0 0.0 0.0 0.0 0.0 0.0 0.0 0.0 9.300000000000011 0.0 0.0 9.300000000000011 0.0 0.0 0.3 0.05 0.8 0.3 0.05 0.8 0.5 0.1 0.05
268 1.4896268844604492 0.0 0.0 0.0 0.0 0.0 0.0 0.0 0.0 0.0 0.0 0.0 0.0 0.0 0.0 0.0 0.0 0.0 0.0 0.0 0.0 0.0 0.0 0.0 9.300000000000011 0.0 0.0 9.300000000000011 0.0 0.0 0.3 0.05 0.8 0.3 0.05 0.8 0.5 0.1 0.05
269 1.4951775074005127 0.0 0.0 0.0 0.0 0.0 0.0 0.0 0.0 0.0 0.0 0.0 0.0 0.0 0.0 0.0 0.0 0.0 0.0 0.0 0.0 0.0 0.0 0.0 9.300000000000011 0.0 0.0 9.300000000000011 0.0 0.0 0.3 0.05 0.8 0.3 0.05 0.8 0.5 0.1 0.05
270 1.5006132125854492 0.0 0.0 0.0 0.0 0.0 0.0 0.0 0.0 0.0 0.0 0.0 0.0 0.0 0.0 0.0 0.0 0.0 0.0 0.0 0.0 0.0 0.0 0.0 9.300000000000011 0.0 0.0 9.300000000000011 0.0 0.0 0.3 0.05 0.8 0.3 0.05 0.8 0.5 0.1 0.05
271 1.5063621997833252 0.0 0.0 0.0 0.0 0.0 0.0 0.0 0.0 0.0 0.0 0.0 0.0 0.0 0.0 0.0 0.0 0.0 0.0 0.0 0.0 0.0 0.0 0.0 9.300000000000011 0.0 0.0 9.300000000000011 0.0 0.0 0.3 0.05 0.8 0.3 0.05 0.8 0.5 0.1 0.05
272 1.5118677616119385 0.0 0.0 0.0 0.0 0.0 0.0 0.0 0.0 0.0 0.0 0.0 0.0 0.0 0.0 0.0 0.0 0.0 0.0 0.0 0.0 0.0 0.0 0.0 9.300000000000011 0.0 0.0 9.300000000000011 0.0 0.0 0.3 0.05 0.8 0.3 0.05 0.8 0.5 0.1 0.05
273 1.517324686050415 0.0 0.0 0.0 0.0 0.0 0.0 0.0 0.0 0.0 0.0 0.0 0.0 0.0 0.0 0.0 0.0 0.0 0.0 0.0 0.0 0.0 0.0 0.0 9.300000000000011 0.0 0.0 9.300000000000011 0.0 0.0 0.3 0.05 0.8 0.3 0.05 0.8 0.5 0.1 0.05
274 1.5227203369140625 0.0 0.0 0.0 0.0 0.0 0.0 0.0 0.0 0.0 0.0 0.0 0.0 0.0 0.0 0.0 0.0 0.0 0.0 0.0 0.0 0.0 0.0 0.0 9.300000000000011 0.0 0.0 9.300000000000011 0.0 0.0 0.3 0.05 0.8 0.3 0.05 0.8 0.5 0.1 0.05
275 1.528092861175537 0.0 0.0 0.0 0.0 0.0 0.0 0.0 0.0 0.0 0.0 0.0 0.0 0.0 0.0 0.0 0.0 0.0 0.0 0.0 0.0 0.0 0.0 0.0 9.300000000000011 0.0 0.0 9.300000000000011 0.0 0.0 0.3 0.05 0.8 0.3 0.05 0.8 0.5 0.1 0.05
276 1.5335536003112793 0.0 0.0 0.0 0.0 0.0 0.0 0.0 0.0 0.0 0.0 0.0 0.0 0.0 0.0 0.0 0.0 0.0 0.0 0.0 0.0 0.0 0.0 0.0 9.300000000000011 0.0 0.0 9.300000000000011 0.0 0.0 0.3 0.05 0.8 0.3 0.05 0.8 0.5 0.1 0.05
277 1.5390479564666748 0.0 0.0 0.0 0.0 0.0 0.0 0.0 0.0 0.0 0.0 0.0 0.0 0.0 0.0 0.0 0.0 0.0 0.0 0.0 0.0 0.0 0.0 0.0 9.300000000000011 0.0 0.0 9.300000000000011 0.0 0.0 0.3 0.05 0.8 0.3 0.05 0.8 0.5 0.1 0.05
278 1.5444676876068115 0.0 0.0 0.0 0.0 0.0 0.0 0.0 0.0 0.0 0.0 0.0 0.0 0.0 0.0 0.0 0.0 0.0 0.0 0.0 0.0 0.0 0.0 0.0 9.300000000000011 0.0 0.0 9.300000000000011 0.0 0.0 0.3 0.05 0.8 0.3 0.05 0.8 0.5 0.1 0.05
279 1.550097942352295 0.0 0.0 0.0 0.0 0.0 0.0 0.0 0.0 0.0 0.0 0.0 0.0 0.0 0.0 0.0 0.0 0.0 0.0 0.0 0.0 0.0 0.0 0.0 9.300000000000011 0.0 0.0 9.300000000000011 0.0 0.0 0.3 0.05 0.8 0.3 0.05 0.8 0.5 0.1 0.05
280 1.5556483268737793 0.0 0.0 0.0 0.0 0.0 0.0 0.0 0.0 0.0 0.0 0.0 0.0 0.0 0.0 0.0 0.0 0.0 0.0 0.0 0.0 0.0 0.0 0.0 9.300000000000011 0.0 0.0 9.300000000000011 0.0 0.0 0.3 0.05 0.8 0.3 0.05 0.8 0.5 0.1 0.05
281 1.5612096786499023 0.0 0.0 0.0 0.0 0.0 0.0 0.0 0.0 0.0 0.0 0.0 0.0 0.0 0.0 0.0 0.0 0.0 0.0 0.0 0.0 0.0 0.0 0.0 9.300000000000011 0.0 0.0 9.300000000000011 0.0 0.0 0.3 0.05 0.8 0.3 0.05 0.8 0.5 0.1 0.05
282 1.5666303634643555 0.0 0.0 0.0 0.0 0.0 0.0 0.0 0.0 0.0 0.0 0.0 0.0 0.0 0.0 0.0 0.0 0.0 0.0 0.0 0.0 0.0 0.0 0.0 9.300000000000011 0.0 0.0 9.300000000000011 0.0 0.0 0.3 0.05 0.8 0.3 0.05 0.8 0.5 0.1 0.05
283 1.5720787048339844 0.0 0.0 0.0 0.0 0.0 0.0 0.0 0.0 0.0 0.0 0.0 0.0 0.0 0.0 0.0 0.0 0.0 0.0 0.0 0.0 0.0 0.0 0.0 9.300000000000011 0.0 0.0 9.300000000000011 0.0 0.0 0.3 0.05 0.8 0.3 0.05 0.8 0.5 0.1 0.05
284 1.5774312019348145 0.0 0.0 0.0 0.0 0.0 0.0 0.0 0.0 0.0 0.0 0.0 0.0 0.0 0.0 0.0 0.0 0.0 0.0 0.0 0.0 0.0 0.0 0.0 9.300000000000011 0.0 0.0 9.300000000000011 0.0 0.0 0.3 0.05 0.8 0.3 0.05 0.8 0.5 0.1 0.05
285 1.5828804969787598 0.0 0.0 0.0 0.0 0.0 0.0 0.0 0.0 0.0 0.0 0.0 0.0 0.0 0.0 0.0 0.0 0.0 0.0 0.0 0.0 0.0 0.0 0.0 9.300000000000011 0.0 0.0 9.300000000000011 0.0 0.0 0.3 0.05 0.8 0.3 0.05 0.8 0.5 0.1 0.05
286 1.5892407894134521 0.0 0.0 0.0 0.0 0.0 0.0 0.0 0.0 0.0 0.0 0.0 0.0 0.0 0.0 0.0 0.0 0.0 0.0 0.0 0.0 0.0 0.0 0.0 9.300000000000011 0.0 0.0 9.300000000000011 0.0 0.0 0.3 0.05 0.8 0.3 0.05 0.8 0.5 0.1 0.05
287 1.5948147773742676 0.0 0.0 0.0 0.0 0.0 0.0 0.0 0.0 0.0 0.0 0.0 0.0 0.0 0.0 0.0 0.0 0.0 0.0 0.0 0.0 0.0 0.0 0.0 9.300000000000011 0.0 0.0 9.300000000000011 0.0 0.0 0.3 0.05 0.8 0.3 0.05 0.8 0.5 0.1 0.05
288 1.6004154682159424 0.0 0.0 0.0 0.0 0.0 0.0 0.0 0.0 0.0 0.0 0.0 0.0 0.0 0.0 0.0 0.0 0.0 0.0 0.0 0.0 0.0 0.0 0.0 9.300000000000011 0.0 0.0 9.300000000000011 0.0 0.0 0.3 0.05 0.8 0.3 0.05 0.8 0.5 0.1 0.05
289 1.6065168380737305 0.0 0.0 0.0 0.0 0.0 0.0 0.0 0.0 0.0 0.0 0.0 0.0 0.0 0.0 0.0 0.0 0.0 0.0 0.0 0.0 0.0 0.0 0.0 9.300000000000011 0.0 0.0 9.300000000000011 0.0 0.0 0.3 0.05 0.8 0.3 0.05 0.8 0.5 0.1 0.05
290 1.612231731414795 0.0 0.0 0.0 0.0 0.0 0.0 0.0 0.0 0.0 0.0 0.0 0.0 0.0 0.0 0.0 0.0 0.0 0.0 0.0 0.0 0.0 0.0 0.0 9.300000000000011 0.0 0.0 9.300000000000011 0.0 0.0 0.3 0.05 0.8 0.3 0.05 0.8 0.5 0.1 0.05
291 1.6180381774902344 0.0 0.0 0.0 0.0 0.0 0.0 0.0 0.0 0.0 0.0 0.0 0.0 0.0 0.0 0.0 0.0 0.0 0.0 0.0 0.0 0.0 0.0 0.0 9.300000000000011 0.0 0.0 9.300000000000011 0.0 0.0 0.3 0.05 0.8 0.3 0.05 0.8 0.5 0.1 0.05
292 1.6234805583953857 0.0 0.0 0.0 0.0 0.0 0.0 0.0 0.0 0.0 0.0 0.0 0.0 0.0 0.0 0.0 0.0 0.0 0.0 0.0 0.0 0.0 0.0 0.0 9.300000000000011 0.0 0.0 9.300000000000011 0.0 0.0 0.3 0.05 0.8 0.3 0.05 0.8 0.5 0.1 0.05
293 1.628953218460083 0.0 0.0 0.0 0.0 0.0 0.0 0.0 0.0 0.0 0.0 0.0 0.0 0.0 0.0 0.0 0.0 0.0 0.0 0.0 0.0 0.0 0.0 0.0 9.300000000000011 0.0 0.0 9.300000000000011 0.0 0.0 0.3 0.05 0.8 0.3 0.05 0.8 0.5 0.1 0.05
294 1.6345386505126953 0.0 0.0 0.0 0.0 0.0 0.0 0.0 0.0 0.0 0.0 0.0 0.0 0.0 0.0 0.0 0.0 0.0 0.0 0.0 0.0 0.0 0.0 0.0 9.300000000000011 0.0 0.0 9.300000000000011 0.0 0.0 0.3 0.05 0.8 0.3 0.05 0.8 0.5 0.1 0.05
295 1.6400179862976074 0.0 0.0 0.0 0.0 0.0 0.0 0.0 0.0 0.0 0.0 0.0 0.0 0.0 0.0 0.0 0.0 0.0 0.0 0.0 0.0 0.0 0.0 0.0 9.300000000000011 0.0 0.0 9.300000000000011 0.0 0.0 0.3 0.05 0.8 0.3 0.05 0.8 0.5 0.1 0.05
296 1.6454551219940186 0.0 0.0 0.0 0.0 0.0 0.0 0.0 0.0 0.0 0.0 0.0 0.0 0.0 0.0 0.0 0.0 0.0 0.0 0.0 0.0 0.0 0.0 0.0 9.300000000000011 0.0 0.0 9.300000000000011 0.0 0.0 0.3 0.05 0.8 0.3 0.05 0.8 0.5 0.1 0.05
297 1.6508350372314453 0.0 0.0 0.0 0.0 0.0 0.0 0.0 0.0 0.0 0.0 0.0 0.0 0.0 0.0 0.0 0.0 0.0 0.0 0.0 0.0 0.0 0.0 0.0 9.300000000000011 0.0 0.0 9.300000000000011 0.0 0.0 0.3 0.05 0.8 0.3 0.05 0.8 0.5 0.1 0.05
298 1.6562714576721191 0.0 0.0 0.0 0.0 0.0 0.0 0.0 0.0 0.0 0.0 0.0 0.0 0.0 0.0 0.0 0.0 0.0 0.0 0.0 0.0 0.0 0.0 0.0 9.300000000000011 0.0 0.0 9.300000000000011 0.0 0.0 0.3 0.05 0.8 0.3 0.05 0.8 0.5 0.1 0.05
299 1.6617522239685059 0.0 0.0 0.0 0.0 0.0 0.0 0.0 0.0 0.0 0.0 0.0 0.0 0.0 0.0 0.0 0.0 0.0 0.0 0.0 0.0 0.0 0.0 0.0 9.300000000000011 0.0 0.0 9.300000000000011 0.0 0.0 0.3 0.05 0.8 0.3 0.05 0.8 0.5 0.1 0.05
300 1.6672484874725342 0.0 0.0 0.0 0.0 0.0 0.0 0.0 0.0 0.0 0.0 0.0 0.0 0.0 0.0 0.0 0.0 0.0 0.0 0.0 0.0 0.0 0.0 0.0 9.300000000000011 0.0 0.0 9.300000000000011 0.0 0.0 0.3 0.05 0.8 0.3 0.05 0.8 0.5 0.1 0.05
301 1.6731078624725342 0.0 0.0 0.0 0.0 0.0 0.0 0.0 0.0 0.0 0.0 0.0 0.0 0.0 0.0 0.0 0.0 0.0 0.0 0.0 0.0 0.0 0.0 0.0 9.300000000000011 0.0 0.0 9.300000000000011 0.0 0.0 0.3 0.05 0.8 0.3 0.05 0.8 0.5 0.1 0.05
302 1.678588628768921 0.0 0.0 0.0 0.0 0.0 0.0 0.0 0.0 0.0 0.0 0.0 0.0 0.0 0.0 0.0 0.0 0.0 0.0 0.0 0.0 0.0 0.0 0.0 9.300000000000011 0.0 0.0 9.300000000000011 0.0 0.0 0.3 0.05 0.8 0.3 0.05 0.8 0.5 0.1 0.05
303 1.6841216087341309 0.0 0.0 0.0 0.0 0.0 0.0 0.0 0.0 0.0 0.0 0.0 0.0 0.0 0.0 0.0 0.0 0.0 0.0 0.0 0.0 0.0 0.0 0.0 9.300000000000011 0.0 0.0 9.300000000000011 0.0 0.0 0.3 0.05 0.8 0.3 0.05 0.8 0.5 0.1 0.05
304 1.689584732055664 0.0 0.0 0.0 0.0 0.0 0.0 0.0 0.0 0.0 0.0 0.0 0.0 0.0 0.0 0.0 0.0 0.0 0.0 0.0 0.0 0.0 0.0 0.0 9.300000000000011 0.0 0.0 9.300000000000011 0.0 0.0 0.3 0.05 0.8 0.3 0.05 0.8 0.5 0.1 0.05
305 1.6950523853302002 0.0 0.0 0.0 0.0 0.0 0.0 0.0 0.0 0.0 0.0 0.0 0.0 0.0 0.0 0.0 0.0 0.0 0.0 0.0 0.0 0.0 0.0 0.0 9.300000000000011 0.0 0.0 9.300000000000011 0.0 0.0 0.3 0.05 0.8 0.3 0.05 0.8 0.5 0.1 0.05
306 1.7006452083587646 0.0 0.0 0.0 0.0 0.0 0.0 0.0 0.0 0.0 0.0 0.0 0.0 0.0 0.0 0.0 0.0 0.0 0.0 0.0 0.0 0.0 0.0 0.0 9.300000000000011 0.0 0.0 9.300000000000011 0.0 0.0 0.3 0.05 0.8 0.3 0.05 0.8 0.5 0.1 0.05
307 1.7060210704803467 0.0 0.0 0.0 0.0 0.0 0.0 0.0 0.0 0.0 0.0 0.0 0.0 0.0 0.0 0.0 0.0 0.0 0.0 0.0 0.0 0.0 0.0 0.0 9.300000000000011 0.0 0.0 9.300000000000011 0.0 0.0 0.3 0.05 0.8 0.3 0.05 0.8 0.5 0.1 0.05
308 1.7114033699035645 0.0 0.0 0.0 0.0 0.0 0.0 0.0 0.0 0.0 0.0 0.0 0.0 0.0 0.0 0.0 0.0 0.0 0.0 0.0 0.0 0.0 0.0 0.0 9.300000000000011 0.0 0.0 9.300000000000011 0.0 0.0 0.3 0.05 0.8 0.3 0.05 0.8 0.5 0.1 0.05
309 1.7169184684753418 0.0 0.0 0.0 0.0 0.0 0.0 0.0 0.0 0.0 0.0 0.0 0.0 0.0 0.0 0.0 0.0 0.0 0.0 0.0 0.0 0.0 0.0 0.0 9.300000000000011 0.0 0.0 9.300000000000011 0.0 0.0 0.3 0.05 0.8 0.3 0.05 0.8 0.5 0.1 0.05
310 1.7224483489990234 0.0 0.0 0.0 0.0 0.0 0.0 0.0 0.0 0.0 0.0 0.0 0.0 0.0 0.0 0.0 0.0 0.0 0.0 0.0 0.0 0.0 0.0 0.0 9.300000000000011 0.0 0.0 9.300000000000011 0.0 0.0 0.3 0.05 0.8 0.3 0.05 0.8 0.5 0.1 0.05
311 1.727985143661499 0.0 0.0 0.0 0.0 0.0 0.0 0.0 0.0 0.0 0.0 0.0 0.0 0.0 0.0 0.0 0.0 0.0 0.0 0.0 0.0 0.0 0.0 0.0 9.300000000000011 0.0 0.0 9.300000000000011 0.0 0.0 0.3 0.05 0.8 0.3 0.05 0.8 0.5 0.1 0.05
312 1.7334775924682617 0.0 0.0 0.0 0.0 0.0 0.0 0.0 0.0 0.0 0.0 0.0 0.0 0.0 0.0 0.0 0.0 0.0 0.0 0.0 0.0 0.0 0.0 0.0 9.300000000000011 0.0 0.0 9.300000000000011 0.0 0.0 0.3 0.05 0.8 0.3 0.05 0.8 0.5 0.1 0.05
313 1.7389330863952637 0.0 0.0 0.0 0.0 0.0 0.0 0.0 0.0 0.0 0.0 0.0 0.0 0.0 0.0 0.0 0.0 0.0 0.0 0.0 0.0 0.0 0.0 0.0 9.300000000000011 0.0 0.0 9.300000000000011 0.0 0.0 0.3 0.05 0.8 0.3 0.05 0.8 0.5 0.1 0.05
314 1.7443394660949707 0.0 0.0 0.0 0.0 0.0 0.0 0.0 0.0 0.0 0.0 0.0 0.0 0.0 0.0 0.0 0.0 0.0 0.0 0.0 0.0 0.0 0.0 0.0 9.300000000000011 0.0 0.0 9.300000000000011 0.0 0.0 0.3 0.05 0.8 0.3 0.05 0.8 0.5 0.1 0.05
315 1.749727725982666 0.0 0.0 0.0 0.0 0.0 0.0 0.0 0.0 0.0 0.0 0.0 0.0 0.0 0.0 0.0 0.0 0.0 0.0 0.0 0.0 0.0 0.0 0.0 9.300000000000011 0.0 0.0 9.300000000000011 0.0 0.0 0.3 0.05 0.8 0.3 0.05 0.8 0.5 0.1 0.05
316 1.7550842761993408 0.0 0.0 0.0 0.0 0.0 0.0 0.0 0.0 0.0 0.0 0.0 0.0 0.0 0.0 0.0 0.0 0.0 0.0 0.0 0.0 0.0 0.0 0.0 9.300000000000011 0.0 0.0 9.300000000000011 0.0 0.0 0.3 0.05 0.8 0.3 0.05 0.8 0.5 0.1 0.05
317 1.7604389190673828 0.0 0.0 0.0 0.0 0.0 0.0 0.0 0.0 0.0 0.0 0.0 0.0 0.0 0.0 0.0 0.0 0.0 0.0 0.0 0.0 0.0 0.0 0.0 9.300000000000011 0.0 0.0 9.300000000000011 0.0 0.0 0.3 0.05 0.8 0.3 0.05 0.8 0.5 0.1 0.05
318 1.765824556350708 0.0 0.0 0.0 0.0 0.0 0.0 0.0 0.0 0.0 0.0 0.0 0.0 0.0 0.0 0.0 0.0 0.0 0.0 0.0 0.0 0.0 0.0 0.0 9.300000000000011 0.0 0.0 9.300000000000011 0.0 0.0 0.3 0.05 0.8 0.3 0.05 0.8 0.5 0.1 0.05
319 1.7712798118591309 0.0 0.0 0.0 0.0 0.0 0.0 0.0 0.0 0.0 0.0 0.0 0.0 0.0 0.0 0.0 0.0 0.0 0.0 0.0 0.0 0.0 0.0 0.0 9.300000000000011 0.0 0.0 9.300000000000011 0.0 0.0 0.3 0.05 0.8 0.3 0.05 0.8 0.5 0.1 0.05
320 1.7766997814178467 0.0 0.0 0.0 0.0 0.0 0.0 0.0 0.0 0.0 0.0 0.0 0.0 0.0 0.0 0.0 0.0 0.0 0.0 0.0 0.0 0.0 0.0 0.0 9.300000000000011 0.0 0.0 9.300000000000011 0.0 0.0 0.3 0.05 0.8 0.3 0.05 0.8 0.5 0.1 0.05
321 1.7823851108551025 0.0 0.0 0.0 0.0 0.0 0.0 0.0 0.0 0.0 0.0 0.0 0.0 0.0 0.0 0.0 0.0 0.0 0.0 0.0 0.0 0.0 0.0 0.0 9.300000000000011 0.0 0.0 9.300000000000011 0.0 0.0 0.3 0.05 0.8 0.3 0.05 0.8 0.5 0.1 0.05
322 1.7878990173339844 0.0 0.0 0.0 0.0 0.0 0.0 0.0 0.0 0.0 0.0 0.0 0.0 0.0 0.0 0.0 0.0 0.0 0.0 0.0 0.0 0.0 0.0 0.0 9.300000000000011 0.0 0.0 9.300000000000011 0.0 0.0 0.3 0.05 0.8 0.3 0.05 0.8 0.5 0.1 0.05
323 1.7933692932128906 0.0 0.0 0.0 0.0 0.0 0.0 0.0 0.0 0.0 0.0 0.0 0.0 0.0 0.0 0.0 0.0 0.0 0.0 0.0 0.0 0.0 0.0 0.0 9.300000000000011 0.0 0.0 9.300000000000011 0.0 0.0 0.3 0.05 0.8 0.3 0.05 0.8 0.5 0.1 0.05
324 1.799161434173584 0.0 0.0 0.0 0.0 0.0 0.0 0.0 0.0 0.0 0.0 0.0 0.0 0.0 0.0 0.0 0.0 0.0 0.0 0.0 0.0 0.0 0.0 0.0 9.300000000000011 0.0 0.0 9.300000000000011 0.0 0.0 0.3 0.05 0.8 0.3 0.05 0.8 0.5 0.1 0.05
325 1.8045368194580078 0.0 0.0 0.0 0.0 0.0 0.0 0.0 0.0 0.0 0.0 0.0 0.0 0.0 0.0 0.0 0.0 0.0 0.0 0.0 0.0 0.0 0.0 0.0 9.300000000000011 0.0 0.0 9.300000000000011 0.0 0.0 0.3 0.05 0.8 0.3 0.05 0.8 0.5 0.1 0.05
326 1.8100640773773193 0.0 0.0 0.0 0.0 0.0 0.0 0.0 0.0 0.0 0.0 0.0 0.0 0.0 0.0 0.0 0.0 0.0 0.0 0.0 0.0 0.0 0.0 0.0 9.300000000000011 0.0 0.0 9.300000000000011 0.0 0.0 0.3 0.05 0.8 0.3 0.05 0.8 0.5 0.1 0.05
327 1.815584659576416 0.0 0.0 0.0 0.0 0.0 0.0 0.0 0.0 0.0 0.0 0.0 0.0 0.0 0.0 0.0 0.0 0.0 0.0 0.0 0.0 0.0 0.0 0.0 9.300000000000011 0.0 0.0 9.300000000000011 0.0 0.0 0.3 0.05 0.8 0.3 0.05 0.8 0.5 0.1 0.05
328 1.821120023727417 0.0 0.0 0.0 0.0 0.0 0.0 0.0 0.0 0.0 0.0 0.0 0.0 0.0 0.0 0.0 0.0 0.0 0.0 0.0 0.0 0.0 0.0 0.0 9.300000000000011 0.0 0.0 9.300000000000011 0.0 0.0 0.3 0.05 0.8 0.3 0.05 0.8 0.5 0.1 0.05
329 1.8266582489013672 0.0 0.0 0.0 0.0 0.0 0.0 0.0 0.0 0.0 0.0 0.0 0.0 0.0 0.0 0.0 0.0 0.0 0.0 0.0 0.0 0.0 0.0 0.0 9.300000000000011 0.0 0.0 9.300000000000011 0.0 0.0 0.3 0.05 0.8 0.3 0.05 0.8 0.5 0.1 0.05
330 1.832099437713623 0.0 0.0 0.0 0.0 0.0 0.0 0.0 0.0 0.0 0.0 0.0 0.0 0.0 0.0 0.0 0.0 0.0 0.0 0.0 0.0 0.0 0.0 0.0 9.300000000000011 0.0 0.0 9.300000000000011 0.0 0.0 0.3 0.05 0.8 0.3 0.05 0.8 0.5 0.1 0.05
331 1.837658405303955 0.0 0.0 0.0 0.0 0.0 0.0 0.0 0.0 0.0 0.0 0.0 0.0 0.0 0.0 0.0 0.0 0.0 0.0 0.0 0.0 0.0 0.0 0.0 9.300000000000011 0.0 0.0 9.300000000000011 0.0 0.0 0.3 0.05 0.8 0.3 0.05 0.8 0.5 0.1 0.05
332 1.8430702686309814 0.0 0.0 0.0 0.0 0.0 0.0 0.0 0.0 0.0 0.0 0.0 0.0 0.0 0.0 0.0 0.0 0.0 0.0 0.0 0.0 0.0 0.0 0.0 9.300000000000011 0.0 0.0 9.300000000000011 0.0 0.0 0.3 0.05 0.8 0.3 0.05 0.8 0.5 0.1 0.05
333 1.8486616611480713 0.0 0.0 0.0 0.0 0.0 0.0 0.0 0.0 0.0 0.0 0.0 0.0 0.0 0.0 0.0 0.0 0.0 0.0 0.0 0.0 0.0 0.0 0.0 9.300000000000011 0.0 0.0 9.300000000000011 0.0 0.0 0.3 0.05 0.8 0.3 0.05 0.8 0.5 0.1 0.05
334 1.854078769683838 0.0 0.0 0.0 0.0 0.0 0.0 0.0 0.0 0.0 0.0 0.0 0.0 0.0 0.0 0.0 0.0 0.0 0.0 0.0 0.0 0.0 0.0 0.0 9.300000000000011 0.0 0.0 9.300000000000011 0.0 0.0 0.3 0.05 0.8 0.3 0.05 0.8 0.5 0.1 0.05
335 1.8595976829528809 0.0 0.0 0.0 0.0 0.0 0.0 0.0 0.0 0.0 0.0 0.0 0.0 0.0 0.0 0.0 0.0 0.0 0.0 0.0 0.0 0.0 0.0 0.0 9.300000000000011 0.0 0.0 9.300000000000011 0.0 0.0 0.3 0.05 0.8 0.3 0.05 0.8 0.5 0.1 0.05
336 1.8650531768798828 0.0 0.0 0.0 0.0 0.0 0.0 0.0 0.0 0.0 0.0 0.0 0.0 0.0 0.0 0.0 0.0 0.0 0.0 0.0 0.0 0.0 0.0 0.0 9.300000000000011 0.0 0.0 9.300000000000011 0.0 0.0 0.3 0.05 0.8 0.3 0.05 0.8 0.5 0.1 0.05
337 1.870687484741211 0.0 0.0 0.0 0.0 0.0 0.0 0.0 0.0 0.0 0.0 0.0 0.0 0.0 0.0 0.0 0.0 0.0 0.0 0.0 0.0 0.0 0.0 0.0 9.300000000000011 0.0 0.0 9.300000000000011 0.0 0.0 0.3 0.05 0.8 0.3 0.05 0.8 0.5 0.1 0.05
338 1.876197099685669 0.0 0.0 0.0 0.0 0.0 0.0 0.0 0.0 0.0 0.0 0.0 0.0 0.0 0.0 0.0 0.0 0.0 0.0 0.0 0.0 0.0 0.0 0.0 9.300000000000011 0.0 0.0 9.300000000000011 0.0 0.0 0.3 0.05 0.8 0.3 0.05 0.8 0.5 0.1 0.05
339 1.8815596103668213 0.0 0.0 0.0 0.0 0.0 0.0 0.0 0.0 0.0 0.0 0.0 0.0 0.0 0.0 0.0 0.0 0.0 0.0 0.0 0.0 0.0 0.0 0.0 9.300000000000011 0.0 0.0 9.300000000000011 0.0 0.0 0.3 0.05 0.8 0.3 0.05 0.8 0.5 0.1 0.05
340 1.8869397640228271 0.0 0.0 0.0 0.0 0.0 0.0 0.0 0.0 0.0 0.0 0.0 0.0 0.0 0.0 0.0 0.0 0.0 0.0 0.0 0.0 0.0 0.0 0.0 9.300000000000011 0.0 0.0 9.300000000000011 0.0 0.0 0.3 0.05 0.8 0.3 0.05 0.8 0.5 0.1 0.05
341 1.8925411701202393 0.0 0.0 0.0 0.0 0.0 0.0 0.0 0.0 0.0 0.0 0.0 0.0 0.0 0.0 0.0 0.0 0.0 0.0 0.0 0.0 0.0 0.0 0.0 9.300000000000011 0.0 0.0 9.300000000000011 0.0 0.0 0.3 0.05 0.8 0.3 0.05 0.8 0.5 0.1 0.05
342 1.8979535102844238 0.0 0.0 0.0 0.0 0.0 0.0 0.0 0.0 0.0 0.0 0.0 0.0 0.0 0.0 0.0 0.0 0.0 0.0 0.0 0.0 0.0 0.0 0.0 9.300000000000011 0.0 0.0 9.300000000000011 0.0 0.0 0.3 0.05 0.8 0.3 0.05 0.8 0.5 0.1 0.05
343 1.9034450054168701 0.0 0.0 0.0 0.0 0.0 0.0 0.0 0.0 0.0 0.0 0.0 0.0 0.0 0.0 0.0 0.0 0.0 0.0 0.0 0.0 0.0 0.0 0.0 9.300000000000011 0.0 0.0 9.300000000000011 0.0 0.0 0.3 0.05 0.8 0.3 0.05 0.8 0.5 0.1 0.05
344 1.9088671207427979 0.0 0.0 0.0 0.0 0.0 0.0 0.0 0.0 0.0 0.0 0.0 0.0 0.0 0.0 0.0 0.0 0.0 0.0 0.0 0.0 0.0 0.0 0.0 9.300000000000011 0.0 0.0 9.300000000000011 0.0 0.0 0.3 0.05 0.8 0.3 0.05 0.8 0.5 0.1 0.05
345 1.9144706726074219 0.0 0.0 0.0 0.0 0.0 0.0 0.0 0.0 0.0 0.0 0.0 0.0 0.0 0.0 0.0 0.0 0.0 0.0 0.0 0.0 0.0 0.0 0.0 9.300000000000011 0.0 0.0 9.300000000000011 0.0 0.0 0.3 0.05 0.8 0.3 0.05 0.8 0.5 0.1 0.05
346 1.920039415359497 0.0 0.0 0.0 0.0 0.0 0.0 0.0 0.0 0.0 0.0 0.0 0.0 0.0 0.0 0.0 0.0 0.0 0.0 0.0 0.0 0.0 0.0 0.0 9.300000000000011 0.0 0.0 9.300000000000011 0.0 0.0 0.3 0.05 0.8 0.3 0.05 0.8 0.5 0.1 0.05
347 1.9256598949432373 0.0 0.0 0.0 0.0 0.0 0.0 0.0 0.0 0.0 0.0 0.0 0.0 0.0 0.0 0.0 0.0 0.0 0.0 0.0 0.0 0.0 0.0 0.0 9.300000000000011 0.0 0.0 9.300000000000011 0.0 0.0 0.3 0.05 0.8 0.3 0.05 0.8 0.5 0.1 0.05
348 1.9312865734100342 0.0 0.0 0.0 0.0 0.0 0.0 0.0 0.0 0.0 0.0 0.0 0.0 0.0 0.0 0.0 0.0 0.0 0.0 0.0 0.0 0.0 0.0 0.0 9.300000000000011 0.0 0.0 9.300000000000011 0.0 0.0 0.3 0.05 0.8 0.3 0.05 0.8 0.5 0.1 0.05
349 1.9367082118988037 0.0 0.0 0.0 0.0 0.0 0.0 0.0 0.0 0.0 0.0 0.0 0.0 0.0 0.0 0.0 0.0 0.0 0.0 0.0 0.0 0.0 0.0 0.0 9.300000000000011 0.0 0.0 9.300000000000011 0.0 0.0 0.3 0.05 0.8 0.3 0.05 0.8 0.5 0.1 0.05
350 1.942190408706665 0.0 0.0 0.0 0.0 0.0 0.0 0.0 0.0 0.0 0.0 0.0 0.0 0.0 0.0 0.0 0.0 0.0 0.0 0.0 0.0 0.0 0.0 0.0 9.300000000000011 0.0 0.0 9.300000000000011 0.0 0.0 0.3 0.05 0.8 0.3 0.05 0.8 0.5 0.1 0.05
351 1.9479548931121826 0.0 0.0 0.0 0.0 0.0 0.0 0.0 0.0 0.0 0.0 0.0 0.0 0.0 0.0 0.0 0.0 0.0 0.0 0.0 0.0 0.0 0.0 0.0 9.300000000000011 0.0 0.0 9.300000000000011 0.0 0.0 0.3 0.05 0.8 0.3 0.05 0.8 0.5 0.1 0.05
352 1.9534006118774414 0.0 0.0 0.0 0.0 0.0 0.0 0.0 0.0 0.0 0.0 0.0 0.0 0.0 0.0 0.0 0.0 0.0 0.0 0.0 0.0 0.0 0.0 0.0 9.300000000000011 0.0 0.0 9.300000000000011 0.0 0.0 0.3 0.05 0.8 0.3 0.05 0.8 0.5 0.1 0.05
353 1.9588727951049805 0.0 0.0 0.0 0.0 0.0 0.0 0.0 0.0 0.0 0.0 0.0 0.0 0.0 0.0 0.0 0.0 0.0 0.0 0.0 0.0 0.0 0.0 0.0 9.300000000000011 0.0 0.0 9.300000000000011 0.0 0.0 0.3 0.05 0.8 0.3 0.05 0.8 0.5 0.1 0.05
354 1.964237928390503 0.0 0.0 0.0 0.0 0.0 0.0 0.0 0.0 0.0 0.0 0.0 0.0 0.0 0.0 0.0 0.0 0.0 0.0 0.0 0.0 0.0 0.0 0.0 9.300000000000011 0.0 0.0 9.300000000000011 0.0 0.0 0.3 0.05 0.8 0.3 0.05 0.8 0.5 0.1 0.05
355 1.9696333408355713 0.0 0.0 0.0 0.0 0.0 0.0 0.0 0.0 0.0 0.0 0.0 0.0 0.0 0.0 0.0 0.0 0.0 0.0 0.0 0.0 0.0 0.0 0.0 9.300000000000011 0.0 0.0 9.300000000000011 0.0 0.0 0.3 0.05 0.8 0.3 0.05 0.8 0.5 0.1 0.05
356 1.9754393100738525 0.0 0.0 0.0 0.0 0.0 0.0 0.0 0.0 0.0 0.0 0.0 0.0 0.0 0.0 0.0 0.0 0.0 0.0 0.0 0.0 0.0 0.0 0.0 9.300000000000011 0.0 0.0 9.300000000000011 0.0 0.0 0.3 0.05 0.8 0.3 0.05 0.8 0.5 0.1 0.05
357 1.9810352325439453 0.0 0.0 0.0 0.0 0.0 0.0 0.0 0.0 0.0 0.0 0.0 0.0 0.0 0.0 0.0 0.0 0.0 0.0 0.0 0.0 0.0 0.0 0.0 9.300000000000011 0.0 0.0 9.300000000000011 0.0 0.0 0.3 0.05 0.8 0.3 0.05 0.8 0.5 0.1 0.05
358 1.986605167388916 0.0 0.0 0.0 0.0 0.0 0.0 0.0 0.0 0.0 0.0 0.0 0.0 0.0 0.0 0.0 0.0 0.0 0.0 0.0 0.0 0.0 0.0 0.0 9.300000000000011 0.0 0.0 9.300000000000011 0.0 0.0 0.3 0.05 0.8 0.3 0.05 0.8 0.5 0.1 0.05
359 1.9920382499694824 0.0 0.0 0.0 0.0 0.0 0.0 0.0 0.0 0.0 0.0 0.0 0.0 0.0 0.0 0.0 0.0 0.0 0.0 0.0 0.0 0.0 0.0 0.0 9.300000000000011 0.0 0.0 9.300000000000011 0.0 0.0 0.3 0.05 0.8 0.3 0.05 0.8 0.5 0.1 0.05
360 1.9974017143249512 0.0 0.0 0.0 0.0 0.0 0.0 0.0 0.0 0.0 0.0 0.0 0.0 0.0 0.0 0.0 0.0 0.0 0.0 0.0 0.0 0.0 0.0 0.0 9.300000000000011 0.0 0.0 9.300000000000011 0.0 0.0 0.3 0.05 0.8 0.3 0.05 0.8 0.5 0.1 0.05
361 2.0030112266540527 0.0 0.0 0.0 0.0 0.0 0.0 0.0 0.0 0.0 0.0 0.0 0.0 0.0 0.0 0.0 0.0 0.0 0.0 0.0 0.0 0.0 0.0 0.0 9.300000000000011 0.0 0.0 9.300000000000011 0.0 0.0 0.3 0.05 0.8 0.3 0.05 0.8 0.5 0.1 0.05
362 2.0084073543548584 0.0 0.0 0.0 0.0 0.0 0.0 0.0 0.0 0.0 0.0 0.0 0.0 0.0 0.0 0.0 0.0 0.0 0.0 0.0 0.0 0.0 0.0 0.0 9.300000000000011 0.0 0.0 9.300000000000011 0.0 0.0 0.3 0.05 0.8 0.3 0.05 0.8 0.5 0.1 0.05
363 2.013843059539795 0.0 0.0 0.0 0.0 0.0 0.0 0.0 0.0 0.0 0.0 0.0 0.0 0.0 0.0 0.0 0.0 0.0 0.0 0.0 0.0 0.0 0.0 0.0 9.300000000000011 0.0 0.0 9.300000000000011 0.0 0.0 0.3 0.05 0.8 0.3 0.05 0.8 0.5 0.1 0.05
364 2.01924991607666 0.0 0.0 0.0 0.0 0.0 0.0 0.0 0.0 0.0 0.0 0.0 0.0 0.0 0.0 0.0 0.0 0.0 0.0 0.0 0.0 0.0 0.0 0.0 9.300000000000011 0.0 0.0 9.300000000000011 0.0 0.0 0.3 0.05 0.8 0.3 0.05 0.8 0.5 0.1 0.05
365 2.024635076522827 0.0 0.0 0.0 0.0 0.0 0.0 0.0 0.0 0.0 0.0 0.0 0.0 0.0 0.0 0.0 0.0 0.0 0.0 0.0 0.0 0.0 0.0 0.0 9.300000000000011 0.0 0.0 9.300000000000011 0.0 0.0 0.3 0.05 0.8 0.3 0.05 0.8 0.5 0.1 0.05
366 2.0303683280944824 0.0 0.0 0.0 0.0 0.0 0.0 0.0 0.0 0.0 0.0 0.0 0.0 0.0 0.0 0.0 0.0 0.0 0.0 0.0 0.0 0.0 0.0 0.0 9.300000000000011 0.0 0.0 9.300000000000011 0.0 0.0 0.3 0.05 0.8 0.3 0.05 0.8 0.5 0.1 0.05
367 2.03629732131958 0.0 0.0 0.0 0.0 0.0 0.0 0.0 0.0 0.0 0.0 0.0 0.0 0.0 0.0 0.0 0.0 0.0 0.0 0.0 0.0 0.0 0.0 0.0 9.300000000000011 0.0 0.0 9.300000000000011 0.0 0.0 0.3 0.05 0.8 0.3 0.05 0.8 0.5 0.1 0.05
368 2.041736602783203 0.0 0.0 0.0 0.0 0.0 0.0 0.0 0.0 0.0 0.0 0.0 0.0 0.0 0.0 0.0 0.0 0.0 0.0 0.0 0.0 0.0 0.0 0.0 9.300000000000011 0.0 0.0 9.300000000000011 0.0 0.0 0.3 0.05 0.8 0.3 0.05 0.8 0.5 0.1 0.05
369 2.047135353088379 0.0 0.0 0.0 0.0 0.0 0.0 0.0 0.0 0.0 0.0 0.0 0.0 0.0 0.0 0.0 0.0 0.0 0.0 0.0 0.0 0.0 0.0 0.0 9.300000000000011 0.0 0.0 9.300000000000011 0.0 0.0 0.3 0.05 0.8 0.3 0.05 0.8 0.5 0.1 0.05
370 2.0525875091552734 0.0 0.0 0.0 0.0 0.0 0.0 0.0 0.0 0.0 0.0 0.0 0.0 0.0 0.0 0.0 0.0 0.0 0.0 0.0 0.0 0.0 0.0 0.0 9.300000000000011 0.0 0.0 9.300000000000011 0.0 0.0 0.3 0.05 0.8 0.3 0.05 0.8 0.5 0.1 0.05
371 2.058295488357544 0.0 0.0 0.0 0.0 0.0 0.0 0.0 0.0 0.0 0.0 0.0 0.0 0.0 0.0 0.0 0.0 0.0 0.0 0.0 0.0 0.0 0.0 0.0 9.300000000000011 0.0 0.0 9.300000000000011 0.0 0.0 0.3 0.05 0.8 0.3 0.05 0.8 0.5 0.1 0.05
372 2.0638859272003174 0.0 0.0 0.0 0.0 0.0 0.0 0.0 0.0 0.0 0.0 0.0 0.0 0.0 0.0 0.0 0.0 0.0 0.0 0.0 0.0 0.0 0.0 0.0 9.300000000000011 0.0 0.0 9.300000000000011 0.0 0.0 0.3 0.05 0.8 0.3 0.05 0.8 0.5 0.1 0.05
373 2.069340705871582 0.0 0.0 0.0 0.0 0.0 0.0 0.0 0.0 0.0 0.0 0.0 0.0 0.0 0.0 0.0 0.0 0.0 0.0 0.0 0.0 0.0 0.0 0.0 9.300000000000011 0.0 0.0 9.300000000000011 0.0 0.0 0.3 0.05 0.8 0.3 0.05 0.8 0.5 0.1 0.05
374 2.074700355529785 0.0 0.0 0.0 0.0 0.0 0.0 0.0 0.0 0.0 0.0 0.0 0.0 0.0 0.0 0.0 0.0 0.0 0.0 0.0 0.0 0.0 0.0 0.0 9.300000000000011 0.0 0.0 9.300000000000011 0.0 0.0 0.3 0.05 0.8 0.3 0.05 0.8 0.5 0.1 0.05
375 2.0800364017486572 0.0 0.0 0.0 0.0 0.0 0.0 0.0 0.0 0.0 0.0 0.0 0.0 0.0 0.0 0.0 0.0 0.0 0.0 0.0 0.0 0.0 0.0 0.0 9.300000000000011 0.0 0.0 9.300000000000011 0.0 0.0 0.3 0.05 0.8 0.3 0.05 0.8 0.5 0.1 0.05
376 2.0853919982910156 0.0 0.0 0.0 0.0 0.0 0.0 0.0 0.0 0.0 0.0 0.0 0.0 0.0 0.0 0.0 0.0 0.0 0.0 0.0 0.0 0.0 0.0 0.0 9.300000000000011 0.0 0.0 9.300000000000011 0.0 0.0 0.3 0.05 0.8 0.3 0.05 0.8 0.5 0.1 0.05
377 2.090823173522949 0.0 0.0 0.0 0.0 0.0 0.0 0.0 0.0 0.0 0.0 0.0 0.0 0.0 0.0 0.0 0.0 0.0 0.0 0.0 0.0 0.0 0.0 0.0 9.300000000000011 0.0 0.0 9.300000000000011 0.0 0.0 0.3 0.05 0.8 0.3 0.05 0.8 0.5 0.1 0.05
378 2.0965259075164795 0.0 0.0 0.0 0.0 0.0 0.0 0.0 0.0 0.0 0.0 0.0 0.0 0.0 0.0 0.0 0.0 0.0 0.0 0.0 0.0 0.0 0.0 0.0 9.300000000000011 0.0 0.0 9.300000000000011 0.0 0.0 0.3 0.05 0.8 0.3 0.05 0.8 0.5 0.1 0.05
379 2.101966142654419 0.0 0.0 0.0 0.0 0.0 0.0 0.0 0.0 0.0 0.0 0.0 0.0 0.0 0.0 0.0 0.0 0.0 0.0 0.0 0.0 0.0 0.0 0.0 9.300000000000011 0.0 0.0 9.300000000000011 0.0 0.0 0.3 0.05 0.8 0.3 0.05 0.8 0.5 0.1 0.05
380 2.1073498725891113 0.0 0.0 0.0 0.0 0.0 0.0 0.0 0.0 0.0 0.0 0.0 0.0 0.0 0.0 0.0 0.0 0.0 0.0 0.0 0.0 0.0 0.0 0.0 9.300000000000011 0.0 0.0 9.300000000000011 0.0 0.0 0.3 0.05 0.8 0.3 0.05 0.8 0.5 0.1 0.05
381 2.1128976345062256 0.0 0.0 0.0 0.0 0.0 0.0 0.0 0.0 0.0 0.0 0.0 0.0 0.0 0.0 0.0 0.0 0.0 0.0 0.0 0.0 0.0 0.0 0.0 9.300000000000011 0.0 0.0 9.300000000000011 0.0 0.0 0.3 0.05 0.8 0.3 0.05 0.8 0.5 0.1 0.05
382 2.118481397628784 0.0 0.0 0.0 0.0 0.0 0.0 0.0 0.0 0.0 0.0 0.0 0.0 0.0 0.0 0.0 0.0 0.0 0.0 0.0 0.0 0.0 0.0 0.0 9.300000000000011 0.0 0.0 9.300000000000011 0.0 0.0 0.3 0.05 0.8 0.3 0.05 0.8 0.5 0.1 0.05
383 2.123914957046509 0.0 0.0 0.0 0.0 0.0 0.0 0.0 0.0 0.0 0.0 0.0 0.0 0.0 0.0 0.0 0.0 0.0 0.0 0.0 0.0 0.0 0.0 0.0 9.300000000000011 0.0 0.0 9.300000000000011 0.0 0.0 0.3 0.05 0.8 0.3 0.05 0.8 0.5 0.1 0.05
384 2.129291296005249 0.0 0.0 0.0 0.0 0.0 0.0 0.0 0.0 0.0 0.0 0.0 0.0 0.0 0.0 0.0 0.0 0.0 0.0 0.0 0.0 0.0 0.0 0.0 9.300000000000011 0.0 0.0 9.300000000000011 0.0 0.0 0.3 0.05 0.8 0.3 0.05 0.8 0.5 0.1 0.05
385 2.1347341537475586 0.0 0.0 0.0 0.0 0.0 0.0 0.0 0.0 0.0 0.0 0.0 0.0 0.0 0.0 0.0 0.0 0.0 0.0 0.0 0.0 0.0 0.0 0.0 9.300000000000011 0.0 0.0 9.300000000000011 0.0 0.0 0.3 0.05 0.8 0.3 0.05 0.8 0.5 0.1 0.05
386 2.1403751373291016 0.0 0.0 0.0 0.0 0.0 0.0 0.0 0.0 0.0 0.0 0.0 0.0 0.0 0.0 0.0 0.0 0.0 0.0 0.0 0.0 0.0 0.0 0.0 9.300000000000011 0.0 0.0 9.300000000000011 0.0 0.0 0.3 0.05 0.8 0.3 0.05 0.8 0.5 0.1 0.05
387 2.1457812786102295 0.0 0.0 0.0 0.0 0.0 0.0 0.0 0.0 0.0 0.0 0.0 0.0 0.0 0.0 0.0 0.0 0.0 0.0 0.0 0.0 0.0 0.0 0.0 9.300000000000011 0.0 0.0 9.300000000000011 0.0 0.0 0.3 0.05 0.8 0.3 0.05 0.8 0.5 0.1 0.05
388 2.1512110233306885 0.0 0.0 0.0 0.0 0.0 0.0 0.0 0.0 0.0 0.0 0.0 0.0 0.0 0.0 0.0 0.0 0.0 0.0 0.0 0.0 0.0 0.0 0.0 9.300000000000011 0.0 0.0 9.300000000000011 0.0 0.0 0.3 0.05 0.8 0.3 0.05 0.8 0.5 0.1 0.05
389 2.156611204147339 0.0 0.0 0.0 0.0 0.0 0.0 0.0 0.0 0.0 0.0 0.0 0.0 0.0 0.0 0.0 0.0 0.0 0.0 0.0 0.0 0.0 0.0 0.0 9.300000000000011 0.0 0.0 9.300000000000011 0.0 0.0 0.3 0.05 0.8 0.3 0.05 0.8 0.5 0.1 0.05
390 2.1621806621551514 0.0 0.0 0.0 0.0 0.0 0.0 0.0 0.0 0.0 0.0 0.0 0.0 0.0 0.0 0.0 0.0 0.0 0.0 0.0 0.0 0.0 0.0 0.0 9.300000000000011 0.0 0.0 9.300000000000011 0.0 0.0 0.3 0.05 0.8 0.3 0.05 0.8 0.5 0.1 0.05
391 2.167897939682007 0.0 0.0 0.0 0.0 0.0 0.0 0.0 0.0 0.0 0.0 0.0 0.0 0.0 0.0 0.0 0.0 0.0 0.0 0.0 0.0 0.0 0.0 0.0 9.300000000000011 0.0 0.0 9.300000000000011 0.0 0.0 0.3 0.05 0.8 0.3 0.05 0.8 0.5 0.1 0.05
392 2.1734323501586914 0.0 0.0 0.0 0.0 0.0 0.0 0.0 0.0 0.0 0.0 0.0 0.0 0.0 0.0 0.0 0.0 0.0 0.0 0.0 0.0 0.0 0.0 0.0 9.300000000000011 0.0 0.0 9.300000000000011 0.0 0.0 0.3 0.05 0.8 0.3 0.05 0.8 0.5 0.1 0.05
393 2.178936004638672 0.0 0.0 0.0 0.0 0.0 0.0 0.0 0.0 0.0 0.0 0.0 0.0 0.0 0.0 0.0 0.0 0.0 0.0 0.0 0.0 0.0 0.0 0.0 9.300000000000011 0.0 0.0 9.300000000000011 0.0 0.0 0.3 0.05 0.8 0.3 0.05 0.8 0.5 0.1 0.05
394 2.184364080429077 0.0 0.0 0.0 0.0 0.0 0.0 0.0 0.0 0.0 0.0 0.0 0.0 0.0 0.0 0.0 0.0 0.0 0.0 0.0 0.0 0.0 0.0 0.0 9.300000000000011 0.0 0.0 9.300000000000011 0.0 0.0 0.3 0.05 0.8 0.3 0.05 0.8 0.5 0.1 0.05
395 2.1899003982543945 0.0 0.0 0.0 0.0 0.0 0.0 0.0 0.0 0.0 0.0 0.0 0.0 0.0 0.0 0.0 0.0 0.0 0.0 0.0 0.0 0.0 0.0 0.0 9.300000000000011 0.0 0.0 9.300000000000011 0.0 0.0 0.3 0.05 0.8 0.3 0.05 0.8 0.5 0.1 0.05
396 2.195451259613037 0.0 0.0 0.0 0.0 0.0 0.0 0.0 0.0 0.0 0.0 0.0 0.0 0.0 0.0 0.0 0.0 0.0 0.0 0.0 0.0 0.0 0.0 0.0 9.300000000000011 0.0 0.0 9.300000000000011 0.0 0.0 0.3 0.05 0.8 0.3 0.05 0.8 0.5 0.1 0.05
397 2.200885057449341 0.0 0.0 0.0 0.0 0.0 0.0 0.0 0.0 0.0 0.0 0.0 0.0 0.0 0.0 0.0 0.0 0.0 0.0 0.0 0.0 0.0 0.0 0.0 9.300000000000011 0.0 0.0 9.300000000000011 0.0 0.0 0.3 0.05 0.8 0.3 0.05 0.8 0.5 0.1 0.05
398 2.206434726715088 0.0 0.0 0.0 0.0 0.0 0.0 0.0 0.0 0.0 0.0 0.0 0.0 0.0 0.0 0.0 0.0 0.0 0.0 0.0 0.0 0.0 0.0 0.0 9.300000000000011 0.0 0.0 9.300000000000011 0.0 0.0 0.3 0.05 0.8 0.3 0.05 0.8 0.5 0.1 0.05
399 2.211904525756836 0.0 0.0 0.0 0.0 0.0 0.0 0.0 0.0 0.0 0.0 0.0 0.0 0.0 0.0 0.0 0.0 0.0 0.0 0.0 0.0 0.0 0.0 0.0 9.300000000000011 0.0 0.0 9.300000000000011 0.0 0.0 0.3 0.05 0.8 0.3 0.05 0.8 0.5 0.1 0.05
400 2.217364549636841 0.0 0.0 0.0 0.0 0.0 0.0 0.0 0.0 0.0 0.0 0.0 0.0 0.0 0.0 0.0 0.0 0.0 0.0 0.0 0.0 0.0 0.0 0.0 9.300000000000011 0.0 0.0 9.300000000000011 0.0 0.0 0.3 0.05 0.8 0.3 0.05 0.8 0.5 0.1 0.05
401 2.223093271255493 0.0 0.0 0.0 0.0 0.0 0.0 0.0 0.0 0.0 0.0 0.0 0.0 0.0 0.0 0.0 0.0 0.0 0.0 0.0 0.0 0.0 0.0 0.0 9.300000000000011 0.0 0.0 9.300000000000011 0.0 0.0 0.3 0.05 0.8 0.3 0.05 0.8 0.5 0.1 0.05
402 2.2286431789398193 0.0 0.0 0.0 0.0 0.0 0.0 0.0 0.0 0.0 0.0 0.0 0.0 0.0 0.0 0.0 0.0 0.0 0.0 0.0 0.0 0.0 0.0 0.0 9.300000000000011 0.0 0.0 9.300000000000011 0.0 0.0 0.3 0.05 0.8 0.3 0.05 0.8 0.5 0.1 0.05
403 2.234191417694092 0.0 0.0 0.0 0.0 0.0 0.0 0.0 0.0 0.0 0.0 0.0 0.0 0.0 0.0 0.0 0.0 0.0 0.0 0.0 0.0 0.0 0.0 0.0 9.300000000000011 0.0 0.0 9.300000000000011 0.0 0.0 0.3 0.05 0.8 0.3 0.05 0.8 0.5 0.1 0.05
404 2.239767074584961 0.0 0.0 0.0 0.0 0.0 0.0 0.0 0.0 0.0 0.0 0.0 0.0 0.0 0.0 0.0 0.0 0.0 0.0 0.0 0.0 0.0 0.0 0.0 9.300000000000011 0.0 0.0 9.300000000000011 0.0 0.0 0.3 0.05 0.8 0.3 0.05 0.8 0.5 0.1 0.05
405 2.245448350906372 0.0 0.0 0.0 0.0 0.0 0.0 0.0 0.0 0.0 0.0 0.0 0.0 0.0 0.0 0.0 0.0 0.0 0.0 0.0 0.0 0.0 0.0 0.0 9.300000000000011 0.0 0.0 9.300000000000011 0.0 0.0 0.3 0.05 0.8 0.3 0.05 0.8 0.5 0.1 0.05
406 2.2510414123535156 0.0 0.0 0.0 0.0 0.0 0.0 0.0 0.0 0.0 0.0 0.0 0.0 0.0 0.0 0.0 0.0 0.0 0.0 0.0 0.0 0.0 0.0 0.0 9.300000000000011 0.0 0.0 9.300000000000011 0.0 0.0 0.3 0.05 0.8 0.3 0.05 0.8 0.5 0.1 0.05
407 2.2566306591033936 0.0 0.0 0.0 0.0 0.0 0.0 0.0 0.0 0.0 0.0 0.0 0.0 0.0 0.0 0.0 0.0 0.0 0.0 0.0 0.0 0.0 0.0 0.0 9.300000000000011 0.0 0.0 9.300000000000011 0.0 0.0 0.3 0.05 0.8 0.3 0.05 0.8 0.5 0.1 0.05
408 2.2620468139648438 0.0 0.0 0.0 0.0 0.0 0.0 0.0 0.0 0.0 0.0 0.0 0.0 0.0 0.0 0.0 0.0 0.0 0.0 0.0 0.0 0.0 0.0 0.0 9.300000000000011 0.0 0.0 9.300000000000011 0.0 0.0 0.3 0.05 0.8 0.3 0.05 0.8 0.5 0.1 0.05
409 2.267512798309326 0.0 0.0 0.0 0.0 0.0 0.0 0.0 0.0 0.0 0.0 0.0 0.0 0.0 0.0 0.0 0.0 0.0 0.0 0.0 0.0 0.0 0.0 0.0 9.300000000000011 0.0 0.0 9.300000000000011 0.0 0.0 0.3 0.05 0.8 0.3 0.05 0.8 0.5 0.1 0.05
410 2.2729077339172363 0.0 0.0 0.0 0.0 0.0 0.0 0.0 0.0 0.0 0.0 0.0 0.0 0.0 0.0 0.0 0.0 0.0 0.0 0.0 0.0 0.0 0.0 0.0 9.300000000000011 0.0 0.0 9.300000000000011 0.0 0.0 0.3 0.05 0.8 0.3 0.05 0.8 0.5 0.1 0.05
411 2.2786388397216797 0.0 0.0 0.0 0.0 0.0 0.0 0.0 0.0 0.0 0.0 0.0 0.0 0.0 0.0 0.0 0.0 0.0 0.0 0.0 0.0 0.0 0.0 0.0 9.300000000000011 0.0 0.0 9.300000000000011 0.0 0.0 0.3 0.05 0.8 0.3 0.05 0.8 0.5 0.1 0.05
412 2.2840988636016846 0.0 0.0 0.0 0.0 0.0 0.0 0.0 0.0 0.0 0.0 0.0 0.0 0.0 0.0 0.0 0.0 0.0 0.0 0.0 0.0 0.0 0.0 0.0 9.300000000000011 0.0 0.0 9.300000000000011 0.0 0.0 0.3 0.05 0.8 0.3 0.05 0.8 0.5 0.1 0.05
413 2.2896082401275635 0.0 0.0 0.0 0.0 0.0 0.0 0.0 0.0 0.0 0.0 0.0 0.0 0.0 0.0 0.0 0.0 0.0 0.0 0.0 0.0 0.0 0.0 0.0 9.300000000000011 0.0 0.0 9.300000000000011 0.0 0.0 0.3 0.05 0.8 0.3 0.05 0.8 0.5 0.1 0.05
414 2.2950830459594727 0.0 0.0 0.0 0.0 0.0 0.0 0.0 0.0 0.0 0.0 0.0 0.0 0.0 0.0 0.0 0.0 0.0 0.0 0.0 0.0 0.0 0.0 0.0 9.300000000000011 0.0 0.0 9.300000000000011 0.0 0.0 0.3 0.05 0.8 0.3 0.05 0.8 0.5 0.1 0.05
415 2.3007194995880127 0.0 0.0 0.0 0.0 0.0 0.0 0.0 0.0 0.0 0.0 0.0 0.0 0.0 0.0 0.0 0.0 0.0 0.0 0.0 0.0 0.0 0.0 0.0 9.300000000000011 0.0 0.0 9.300000000000011 0.0 0.0 0.3 0.05 0.8 0.3 0.05 0.8 0.5 0.1 0.05
416 2.306286334991455 0.0 0.0 0.0 0.0 0.0 0.0 0.0 0.0 0.0 0.0 0.0 0.0 0.0 0.0 0.0 0.0 0.0 0.0 0.0 0.0 0.0 0.0 0.0 9.300000000000011 0.0 0.0 9.300000000000011 0.0 0.0 0.3 0.05 0.8 0.3 0.05 0.8 0.5 0.1 0.05
417 2.311819553375244 0.0 0.0 0.0 0.0 0.0 0.0 0.0 0.0 0.0 0.0 0.0 0.0 0.0 0.0 0.0 0.0 0.0 0.0 0.0 0.0 0.0 0.0 0.0 9.300000000000011 0.0 0.0 9.300000000000011 0.0 0.0 0.3 0.05 0.8 0.3 0.05 0.8 0.5 0.1 0.05
418 2.3172779083251953 0.0 0.0 0.0 0.0 0.0 0.0 0.0 0.0 0.0 0.0 0.0 0.0 0.0 0.0 0.0 0.0 0.0 0.0 0.0 0.0 0.0 0.0 0.0 9.300000000000011 0.0 0.0 9.300000000000011 0.0 0.0 0.3 0.05 0.8 0.3 0.05 0.8 0.5 0.1 0.05
419 2.3226935863494873 0.0 0.0 0.0 0.0 0.0 0.0 0.0 0.0 0.0 0.0 0.0 0.0 0.0 0.0 0.0 0.0 0.0 0.0 0.0 0.0 0.0 0.0 0.0 9.300000000000011 0.0 0.0 9.300000000000011 0.0 0.0 0.3 0.05 0.8 0.3 0.05 0.8 0.5 0.1 0.05
420 2.3280646800994873 0.0 0.0 0.0 0.0 0.0 0.0 0.0 0.0 0.0 0.0 0.0 0.0 0.0 0.0 0.0 0.0 0.0 0.0 0.0 0.0 0.0 0.0 0.0 9.300000000000011 0.0 0.0 9.300000000000011 0.0 0.0 0.3 0.05 0.8 0.3 0.05 0.8 0.5 0.1 0.05
421 2.33365535736084 0.0 0.0 0.0 0.0 0.0 0.0 0.0 0.0 0.0 0.0 0.0 0.0 0.0 0.0 0.0 0.0 0.0 0.0 0.0 0.0 0.0 0.0 0.0 9.300000000000011 0.0 0.0 9.300000000000011 0.0 0.0 0.3 0.05 0.8 0.3 0.05 0.8 0.5 0.1 0.05
422 2.339125156402588 0.0 0.0 0.0 0.0 0.0 0.0 0.0 0.0 0.0 0.0 0.0 0.0 0.0 0.0 0.0 0.0 0.0 0.0 0.0 0.0 0.0 0.0 0.0 9.300000000000011 0.0 0.0 9.300000000000011 0.0 0.0 0.3 0.05 0.8 0.3 0.05 0.8 0.5 0.1 0.05
423 2.3447132110595703 0.0 0.0 0.0 0.0 0.0 0.0 0.0 0.0 0.0 0.0 0.0 0.0 0.0 0.0 0.0 0.0 0.0 0.0 0.0 0.0 0.0 0.0 0.0 9.300000000000011 0.0 0.0 9.300000000000011 0.0 0.0 0.3 0.05 0.8 0.3 0.05 0.8 0.5 0.1 0.05
424 2.3503429889678955 0.0 0.0 0.0 0.0 0.0 0.0 0.0 0.0 0.0 0.0 0.0 0.0 0.0 0.0 0.0 0.0 0.0 0.0 0.0 0.0 0.0 0.0 0.0 9.300000000000011 0.0 0.0 9.300000000000011 0.0 0.0 0.3 0.05 0.8 0.3 0.05 0.8 0.5 0.1 0.05
425 2.3557956218719482 0.0 0.0 0.0 0.0 0.0 0.0 0.0 0.0 0.0 0.0 0.0 0.0 0.0 0.0 0.0 0.0 0.0 0.0 0.0 0.0 0.0 0.0 0.0 9.300000000000011 0.0 0.0 9.300000000000011 0.0 0.0 0.3 0.05 0.8 0.3 0.05 0.8 0.5 0.1 0.05
426 2.36147403717041 0.0 0.0 0.0 0.0 0.0 0.0 0.0 0.0 0.0 0.0 0.0 0.0 0.0 0.0 0.0 0.0 0.0 0.0 0.0 0.0 0.0 0.0 0.0 9.300000000000011 0.0 0.0 9.300000000000011 0.0 0.0 0.3 0.05 0.8 0.3 0.05 0.8 0.5 0.1 0.05
427 2.3675200939178467 0.0 0.0 0.0 0.0 0.0 0.0 0.0 0.0 0.0 0.0 0.0 0.0 0.0 0.0 0.0 0.0 0.0 0.0 0.0 0.0 0.0 0.0 0.0 9.300000000000011 0.0 0.0 9.300000000000011 0.0 0.0 0.3 0.05 0.8 0.3 0.05 0.8 0.5 0.1 0.05
428 2.372959852218628 0.0 0.0 0.0 0.0 0.0 0.0 0.0 0.0 0.0 0.0 0.0 0.0 0.0 0.0 0.0 0.0 0.0 0.0 0.0 0.0 0.0 0.0 0.0 9.300000000000011 0.0 0.0 9.300000000000011 0.0 0.0 0.3 0.05 0.8 0.3 0.05 0.8 0.5 0.1 0.05
429 2.3784868717193604 0.0 0.0 0.0 0.0 0.0 0.0 0.0 0.0 0.0 0.0 0.0 0.0 0.0 0.0 0.0 0.0 0.0 0.0 0.0 0.0 0.0 0.0 0.0 9.300000000000011 0.0 0.0 9.300000000000011 0.0 0.0 0.3 0.05 0.8 0.3 0.05 0.8 0.5 0.1 0.05
430 2.384003162384033 0.0 0.0 0.0 0.0 0.0 0.0 0.0 0.0 0.0 0.0 0.0 0.0 0.0 0.0 0.0 0.0 0.0 0.0 0.0 0.0 0.0 0.0 0.0 9.300000000000011 0.0 0.0 9.300000000000011 0.0 0.0 0.3 0.05 0.8 0.3 0.05 0.8 0.5 0.1 0.05
431 2.389751434326172 0.0 0.0 0.0 0.0 0.0 0.0 0.0 0.0 0.0 0.0 0.0 0.0 0.0 0.0 0.0 0.0 0.0 0.0 0.0 0.0 0.0 0.0 0.0 9.300000000000011 0.0 0.0 9.300000000000011 0.0 0.0 0.3 0.05 0.8 0.3 0.05 0.8 0.5 0.1 0.05
432 2.3951964378356934 0.0 0.0 0.0 0.0 0.0 0.0 0.0 0.0 0.0 0.0 0.0 0.0 0.0 0.0 0.0 0.0 0.0 0.0 0.0 0.0 0.0 0.0 0.0 9.300000000000011 0.0 0.0 9.300000000000011 0.0 0.0 0.3 0.05 0.8 0.3 0.05 0.8 0.5 0.1 0.05
433 2.400730609893799 0.0 0.0 0.0 0.0 0.0 0.0 0.0 0.0 0.0 0.0 0.0 0.0 0.0 0.0 0.0 0.0 0.0 0.0 0.0 0.0 0.0 0.0 0.0 9.300000000000011 0.0 0.0 9.300000000000011 0.0 0.0 0.3 0.05 0.8 0.3 0.05 0.8 0.5 0.1 0.05
434 2.406158685684204 0.0 0.0 0.0 0.0 0.0 0.0 0.0 0.0 0.0 0.0 0.0 0.0 0.0 0.0 0.0 0.0 0.0 0.0 0.0 0.0 0.0 0.0 0.0 9.300000000000011 0.0 0.0 9.300000000000011 0.0 0.0 0.3 0.05 0.8 0.3 0.05 0.8 0.5 0.1 0.05
435 2.4116363525390625 0.0 0.0 0.0 0.0 0.0 0.0 0.0 0.0 0.0 0.0 0.0 0.0 0.0 0.0 0.0 0.0 0.0 0.0 0.0 0.0 0.0 0.0 0.0 9.300000000000011 0.0 0.0 9.300000000000011 0.0 0.0 0.3 0.05 0.8 0.3 0.05 0.8 0.5 0.1 0.05
436 2.417025327682495 0.0 0.0 0.0 0.0 0.0 0.0 0.0 0.0 0.0 0.0 0.0 0.0 0.0 0.0 0.0 0.0 0.0 0.0 0.0 0.0 0.0 0.0 0.0 9.300000000000011 0.0 0.0 9.300000000000011 0.0 0.0 0.3 0.05 0.8 0.3 0.05 0.8 0.5 0.1 0.05
437 2.4227194786071777 0.0 0.0 0.0 0.0 0.0 0.0 0.0 0.0 0.0 0.0 0.0 0.0 0.0 0.0 0.0 0.0 0.0 0.0 0.0 0.0 0.0 0.0 0.0 9.300000000000011 0.0 0.0 9.300000000000011 0.0 0.0 0.3 0.05 0.8 0.3 0.05 0.8 0.5 0.1 0.05
438 2.4281890392303467 0.0 0.0 0.0 0.0 0.0 0.0 0.0 0.0 0.0 0.0 0.0 0.0 0.0 0.0 0.0 0.0 0.0 0.0 0.0 0.0 0.0 0.0 0.0 9.300000000000011 0.0 0.0 9.300000000000011 0.0 0.0 0.3 0.05 0.8 0.3 0.05 0.8 0.5 0.1 0.05
439 2.433682918548584 0.0 0.0 0.0 0.0 0.0 0.0 0.0 0.0 0.0 0.0 0.0 0.0 0.0 0.0 0.0 0.0 0.0 0.0 0.0 0.0 0.0 0.0 0.0 9.300000000000011 0.0 0.0 9.300000000000011 0.0 0.0 0.3 0.05 0.8 0.3 0.05 0.8 0.5 0.1 0.05
440 2.43927001953125 0.0 0.0 0.0 0.0 0.0 0.0 0.0 0.0 0.0 0.0 0.0 0.0 0.0 0.0 0.0 0.0 0.0 0.0 0.0 0.0 0.0 0.0 0.0 9.300000000000011 0.0 0.0 9.300000000000011 0.0 0.0 0.3 0.05 0.8 0.3 0.05 0.8 0.5 0.1 0.05
441 2.4448587894439697 0.0 0.0 0.0 0.0 0.0 0.0 0.0 0.0 0.0 0.0 0.0 0.0 0.0 0.0 0.0 0.0 0.0 0.0 0.0 0.0 0.0 0.0 0.0 9.300000000000011 0.0 0.0 9.300000000000011 0.0 0.0 0.3 0.05 0.8 0.3 0.05 0.8 0.5 0.1 0.05
442 2.4505934715270996 0.0 0.0 0.0 0.0 0.0 0.0 0.0 0.0 0.0 0.0 0.0 0.0 0.0 0.0 0.0 0.0 0.0 0.0 0.0 0.0 0.0 0.0 0.0 9.300000000000011 0.0 0.0 9.300000000000011 0.0 0.0 0.3 0.05 0.8 0.3 0.05 0.8 0.5 0.1 0.05
443 2.4561667442321777 0.0 0.0 0.0 0.0 0.0 0.0 0.0 0.0 0.0 0.0 0.0 0.0 0.0 0.0 0.0 0.0 0.0 0.0 0.0 0.0 0.0 0.0 0.0 9.300000000000011 0.0 0.0 9.300000000000011 0.0 0.0 0.3 0.05 0.8 0.3 0.05 0.8 0.5 0.1 0.05
444 2.4615535736083984 0.0 0.0 0.0 0.0 0.0 0.0 0.0 0.0 0.0 0.0 0.0 0.0 0.0 0.0 0.0 0.0 0.0 0.0 0.0 0.0 0.0 0.0 0.0 9.300000000000011 0.0 0.0 9.300000000000011 0.0 0.0 0.3 0.05 0.8 0.3 0.05 0.8 0.5 0.1 0.05
445 2.466926097869873 0.0 0.0 0.0 0.0 0.0 0.0 0.0 0.0 0.0 0.0 0.0 0.0 0.0 0.0 0.0 0.0 0.0 0.0 0.0 0.0 0.0 0.0 0.0 9.300000000000011 0.0 0.0 9.300000000000011 0.0 0.0 0.3 0.05 0.8 0.3 0.05 0.8 0.5 0.1 0.05
446 2.4723122119903564 0.0 0.0 0.0 0.0 0.0 0.0 0.0 0.0 0.0 0.0 0.0 0.0 0.0 0.0 0.0 0.0 0.0 0.0 0.0 0.0 0.0 0.0 0.0 9.300000000000011 0.0 0.0 9.300000000000011 0.0 0.0 0.3 0.05 0.8 0.3 0.05 0.8 0.5 0.1 0.05
447 2.4776461124420166 0.0 0.0 0.0 0.0 0.0 0.0 0.0 0.0 0.0 0.0 0.0 0.0 0.0 0.0 0.0 0.0 0.0 0.0 0.0 0.0 0.0 0.0 0.0 9.300000000000011 0.0 0.0 9.300000000000011 0.0 0.0 0.3 0.05 0.8 0.3 0.05 0.8 0.5 0.1 0.05
448 2.4830739498138428 0.0 0.0 0.0 0.0 0.0 0.0 0.0 0.0 0.0 0.0 0.0 0.0 0.0 0.0 0.0 0.0 0.0 0.0 0.0 0.0 0.0 0.0 0.0 9.300000000000011 0.0 0.0 9.300000000000011 0.0 0.0 0.3 0.05 0.8 0.3 0.05 0.8 0.5 0.1 0.05
449 2.4884469509124756 0.0 0.0 0.0 0.0 0.0 0.0 0.0 0.0 0.0 0.0 0.0 0.0 0.0 0.0 0.0 0.0 0.0 0.0 0.0 0.0 0.0 0.0 0.0 9.300000000000011 0.0 0.0 9.300000000000011 0.0 0.0 0.3 0.05 0.8 0.3 0.05 0.8 0.5 0.1 0.05
450 2.493927001953125 0.0 0.0 0.0 0.0 0.0 0.0 0.0 0.0 0.0 0.0 0.0 0.0 0.0 0.0 0.0 0.0 0.0 0.0 0.0 0.0 0.0 0.0 0.0 9.300000000000011 0.0 0.0 9.300000000000011 0.0 0.0 0.3 0.05 0.8 0.3 0.05 0.8 0.5 0.1 0.05
451 2.4996209144592285 0.0 0.0 0.0 0.0 0.0 0.0 0.0 0.0 0.0 0.0 0.0 0.0 0.0 0.0 0.0 0.0 0.0 0.0 0.0 0.0 0.0 0.0 0.0 9.300000000000011 0.0 0.0 9.300000000000011 0.0 0.0 0.3 0.05 0.8 0.3 0.05 0.8 0.5 0.1 0.05
452 2.5051233768463135 0.0 0.0 0.0 0.0 0.0 0.0 0.0 0.0 0.0 0.0 0.0 0.0 0.0 0.0 0.0 0.0 0.0 0.0 0.0 0.0 0.0 0.0 0.0 9.300000000000011 0.0 0.0 9.300000000000011 0.0 0.0 0.3 0.05 0.8 0.3 0.05 0.8 0.5 0.1 0.05
453 2.5106139183044434 0.0 0.0 0.0 0.0 0.0 0.0 0.0 0.0 0.0 0.0 0.0 0.0 0.0 0.0 0.0 0.0 0.0 0.0 0.0 0.0 0.0 0.0 0.0 9.300000000000011 0.0 0.0 9.300000000000011 0.0 0.0 0.3 0.05 0.8 0.3 0.05 0.8 0.5 0.1 0.05
454 2.5159897804260254 0.0 0.0 0.0 0.0 0.0 0.0 0.0 0.0 0.0 0.0 0.0 0.0 0.0 0.0 0.0 0.0 0.0 0.0 0.0 0.0 0.0 0.0 0.0 9.300000000000011 0.0 0.0 9.300000000000011 0.0 0.0 0.3 0.05 0.8 0.3 0.05 0.8 0.5 0.1 0.05
455 2.521329641342163 0.0 0.0 0.0 0.0 0.0 0.0 0.0 0.0 0.0 0.0 0.0 0.0 0.0 0.0 0.0 0.0 0.0 0.0 0.0 0.0 0.0 0.0 0.0 9.300000000000011 0.0 0.0 9.300000000000011 0.0 0.0 0.3 0.05 0.8 0.3 0.05 0.8 0.5 0.1 0.05
456 2.526726245880127 0.0 0.0 0.0 0.0 0.0 0.0 0.0 0.0 0.0 0.0 0.0 0.0 0.0 0.0 0.0 0.0 0.0 0.0 0.0 0.0 0.0 0.0 0.0 9.300000000000011 0.0 0.0 9.300000000000011 0.0 0.0 0.3 0.05 0.8 0.3 0.05 0.8 0.5 0.1 0.05
457 2.5320866107940674 0.0 0.0 0.0 0.0 0.0 0.0 0.0 0.0 0.0 0.0 0.0 0.0 0.0 0.0 0.0 0.0 0.0 0.0 0.0 0.0 0.0 0.0 0.0 9.300000000000011 0.0 0.0 9.300000000000011 0.0 0.0 0.3 0.05 0.8 0.3 0.05 0.8 0.5 0.1 0.05
458 2.5374934673309326 0.0 0.0 0.0 0.0 0.0 0.0 0.0 0.0 0.0 0.0 0.0 0.0 0.0 0.0 0.0 0.0 0.0 0.0 0.0 0.0 0.0 0.0 0.0 9.300000000000011 0.0 0.0 9.300000000000011 0.0 0.0 0.3 0.05 0.8 0.3 0.05 0.8 0.5 0.1 0.05
459 2.5430285930633545 0.0 0.0 0.0 0.0 0.0 0.0 0.0 0.0 0.0 0.0 0.0 0.0 0.0 0.0 0.0 0.0 0.0 0.0 0.0 0.0 0.0 0.0 0.0 9.300000000000011 0.0 0.0 9.300000000000011 0.0 0.0 0.3 0.05 0.8 0.3 0.05 0.8 0.5 0.1 0.05
460 2.5485684871673584 0.0 0.0 0.0 0.0 0.0 0.0 0.0 0.0 0.0 0.0 0.0 0.0 0.0 0.0 0.0 0.0 0.0 0.0 0.0 0.0 0.0 0.0 0.0 9.300000000000011 0.0 0.0 9.300000000000011 0.0 0.0 0.3 0.05 0.8 0.3 0.05 0.8 0.5 0.1 0.05
461 2.5544545650482178 0.0 0.0 0.0 0.0 0.0 0.0 0.0 0.0 0.0 0.0 0.0 0.0 0.0 0.0 0.0 0.0 0.0 0.0 0.0 0.0 0.0 0.0 0.0 9.300000000000011 0.0 0.0 9.300000000000011 0.0 0.0 0.3 0.05 0.8 0.3 0.05 0.8 0.5 0.1 0.05
462 2.5601048469543457 0.0 0.0 0.0 0.0 0.0 0.0 0.0 0.0 0.0 0.0 0.0 0.0 0.0 0.0 0.0 0.0 0.0 0.0 0.0 0.0 0.0 0.0 0.0 9.300000000000011 0.0 0.0 9.300000000000011 0.0 0.0 0.3 0.05 0.8 0.3 0.05 0.8 0.5 0.1 0.05
463 2.5656304359436035 0.0 0.0 0.0 0.0 0.0 0.0 0.0 0.0 0.0 0.0 0.0 0.0 0.0 0.0 0.0 0.0 0.0 0.0 0.0 0.0 0.0 0.0 0.0 9.300000000000011 0.0 0.0 9.300000000000011 0.0 0.0 0.3 0.05 0.8 0.3 0.05 0.8 0.5 0.1 0.05
464 2.571049451828003 0.0 0.0 0.0 0.0 0.0 0.0 0.0 0.0 0.0 0.0 0.0 0.0 0.0 0.0 0.0 0.0 0.0 0.0 0.0 0.0 0.0 0.0 0.0 9.300000000000011 0.0 0.0 9.300000000000011 0.0 0.0 0.3 0.05 0.8 0.3 0.05 0.8 0.5 0.1 0.05
465 2.576503276824951 0.0 0.0 0.0 0.0 0.0 0.0 0.0 0.0 0.0 0.0 0.0 0.0 0.0 0.0 0.0 0.0 0.0 0.0 0.0 0.0 0.0 0.0 0.0 9.300000000000011 0.0 0.0 9.300000000000011 0.0 0.0 0.3 0.05 0.8 0.3 0.05 0.8 0.5 0.1 0.05
466 2.5819225311279297 0.0 0.0 0.0 0.0 0.0 0.0 0.0 0.0 0.0 0.0 0.0 0.0 0.0 0.0 0.0 0.0 0.0 0.0 0.0 0.0 0.0 0.0 0.0 9.300000000000011 0.0 0.0 9.300000000000011 0.0 0.0 0.3 0.05 0.8 0.3 0.05 0.8 0.5 0.1 0.05
467 2.5873801708221436 0.0 0.0 0.0 0.0 0.0 0.0 0.0 0.0 0.0 0.0 0.0 0.0 0.0 0.0 0.0 0.0 0.0 0.0 0.0 0.0 0.0 0.0 0.0 9.300000000000011 0.0 0.0 9.300000000000011 0.0 0.0 0.3 0.05 0.8 0.3 0.05 0.8 0.5 0.1 0.05
468 2.592785358428955 0.0 0.0 0.0 0.0 0.0 0.0 0.0 0.0 0.0 0.0 0.0 0.0 0.0 0.0 0.0 0.0 0.0 0.0 0.0 0.0 0.0 0.0 0.0 9.300000000000011 0.0 0.0 9.300000000000011 0.0 0.0 0.3 0.05 0.8 0.3 0.05 0.8 0.5 0.1 0.05
469 2.5983381271362305 0.0 0.0 0.0 0.0 0.0 0.0 0.0 0.0 0.0 0.0 0.0 0.0 0.0 0.0 0.0 0.0 0.0 0.0 0.0 0.0 0.0 0.0 0.0 9.300000000000011 0.0 0.0 9.300000000000011 0.0 0.0 0.3 0.05 0.8 0.3 0.05 0.8 0.5 0.1 0.05
470 2.603761911392212 0.0 0.0 0.0 0.0 0.0 0.0 0.0 0.0 0.0 0.0 0.0 0.0 0.0 0.0 0.0 0.0 0.0 0.0 0.0 0.0 0.0 0.0 0.0 9.300000000000011 0.0 0.0 9.300000000000011 0.0 0.0 0.3 0.05 0.8 0.3 0.05 0.8 0.5 0.1 0.05
471 2.60939359664917 0.0 0.0 0.0 0.0 0.0 0.0 0.0 0.0 0.0 0.0 0.0 0.0 0.0 0.0 0.0 0.0 0.0 0.0 0.0 0.0 0.0 0.0 0.0 9.300000000000011 0.0 0.0 9.300000000000011 0.0 0.0 0.3 0.05 0.8 0.3 0.05 0.8 0.5 0.1 0.05
472 2.614929676055908 0.0 0.0 0.0 0.0 0.0 0.0 0.0 0.0 0.0 0.0 0.0 0.0 0.0 0.0 0.0 0.0 0.0 0.0 0.0 0.0 0.0 0.0 0.0 9.300000000000011 0.0 0.0 9.300000000000011 0.0 0.0 0.3 0.05 0.8 0.3 0.05 0.8 0.5 0.1 0.05
473 2.620555877685547 0.0 0.0 0.0 0.0 0.0 0.0 0.0 0.0 0.0 0.0 0.0 0.0 0.0 0.0 0.0 0.0 0.0 0.0 0.0 0.0 0.0 0.0 0.0 9.300000000000011 0.0 0.0 9.300000000000011 0.0 0.0 0.3 0.05 0.8 0.3 0.05 0.8 0.5 0.1 0.05
474 2.6261789798736572 0.0 0.0 0.0 0.0 0.0 0.0 0.0 0.0 0.0 0.0 0.0 0.0 0.0 0.0 0.0 0.0 0.0 0.0 0.0 0.0 0.0 0.0 0.0 9.300000000000011 0.0 0.0 9.300000000000011 0.0 0.0 0.3 0.05 0.8 0.3 0.05 0.8 0.5 0.1 0.05
475 2.631868839263916 0.0 0.0 0.0 0.0 0.0 0.0 0.0 0.0 0.0 0.0 0.0 0.0 0.0 0.0 0.0 0.0 0.0 0.0 0.0 0.0 0.0 0.0 0.0 9.300000000000011 0.0 0.0 9.300000000000011 0.0 0.0 0.3 0.05 0.8 0.3 0.05 0.8 0.5 0.1 0.05
476 2.6374075412750244 0.0 0.0 0.0 0.0 0.0 0.0 0.0 0.0 0.0 0.0 0.0 0.0 0.0 0.0 0.0 0.0 0.0 0.0 0.0 0.0 0.0 0.0 0.0 9.300000000000011 0.0 0.0 9.300000000000011 0.0 0.0 0.3 0.05 0.8 0.3 0.05 0.8 0.5 0.1 0.05
477 2.642848014831543 0.0 0.0 0.0 0.0 0.0 0.0 0.0 0.0 0.0 0.0 0.0 0.0 0.0 0.0 0.0 0.0 0.0 0.0 0.0 0.0 0.0 0.0 0.0 9.300000000000011 0.0 0.0 9.300000000000011 0.0 0.0 0.3 0.05 0.8 0.3 0.05 0.8 0.5 0.1 0.05
478 2.6482279300689697 0.0 0.0 0.0 0.0 0.0 0.0 0.0 0.0 0.0 0.0 0.0 0.0 0.0 0.0 0.0 0.0 0.0 0.0 0.0 0.0 0.0 0.0 0.0 9.300000000000011 0.0 0.0 9.300000000000011 0.0 0.0 0.3 0.05 0.8 0.3 0.05 0.8 0.5 0.1 0.05
479 2.653590679168701 0.0 0.0 0.0 0.0 0.0 0.0 0.0 0.0 0.0 0.0 0.0 0.0 0.0 0.0 0.0 0.0 0.0 0.0 0.0 0.0 0.0 0.0 0.0 9.300000000000011 0.0 0.0 9.300000000000011 0.0 0.0 0.3 0.05 0.8 0.3 0.05 0.8 0.5 0.1 0.05
480 2.659006118774414 0.0 0.0 0.0 0.0 0.0 0.0 0.0 0.0 0.0 0.0 0.0 0.0 0.0 0.0 0.0 0.0 0.0 0.0 0.0 0.0 0.0 0.0 0.0 9.300000000000011 0.0 0.0 9.300000000000011 0.0 0.0 0.3 0.05 0.8 0.3 0.05 0.8 0.5 0.1 0.05
481 2.6647744178771973 0.0 0.0 0.0 0.0 0.0 0.0 0.0 0.0 0.0 0.0 0.0 0.0 0.0 0.0 0.0 0.0 0.0 0.0 0.0 0.0 0.0 0.0 0.0 9.300000000000011 0.0 0.0 9.300000000000011 0.0 0.0 0.3 0.05 0.8 0.3 0.05 0.8 0.5 0.1 0.05
482 2.670342206954956 0.0 0.0 0.0 0.0 0.0 0.0 0.0 0.0 0.0 0.0 0.0 0.0 0.0 0.0 0.0 0.0 0.0 0.0 0.0 0.0 0.0 0.0 0.0 9.300000000000011 0.0 0.0 9.300000000000011 0.0 0.0 0.3 0.05 0.8 0.3 0.05 0.8 0.5 0.1 0.05
483 2.6758368015289307 0.0 0.0 0.0 0.0 0.0 0.0 0.0 0.0 0.0 0.0 0.0 0.0 0.0 0.0 0.0 0.0 0.0 0.0 0.0 0.0 0.0 0.0 0.0 9.300000000000011 0.0 0.0 9.300000000000011 0.0 0.0 0.3 0.05 0.8 0.3 0.05 0.8 0.5 0.1 0.05
484 2.6812469959259033 0.0 0.0 0.0 0.0 0.0 0.0 0.0 0.0 0.0 0.0 0.0 0.0 0.0 0.0 0.0 0.0 0.0 0.0 0.0 0.0 0.0 0.0 0.0 9.300000000000011 0.0 0.0 9.300000000000011 0.0 0.0 0.3 0.05 0.8 0.3 0.05 0.8 0.5 0.1 0.05
485 2.6868081092834473 0.0 0.0 0.0 0.0 0.0 0.0 0.0 0.0 0.0 0.0 0.0 0.0 0.0 0.0 0.0 0.0 0.0 0.0 0.0 0.0 0.0 0.0 0.0 9.300000000000011 0.0 0.0 9.300000000000011 0.0 0.0 0.3 0.05 0.8 0.3 0.05 0.8 0.5 0.1 0.05
486 2.692257881164551 0.0 0.0 0.0 0.0 0.0 0.0 0.0 0.0 0.0 0.0 0.0 0.0 0.0 0.0 0.0 0.0 0.0 0.0 0.0 0.0 0.0 0.0 0.0 9.300000000000011 0.0 0.0 9.300000000000011 0.0 0.0 0.3 0.05 0.8 0.3 0.05 0.8 0.5 0.1 0.05
487 2.6977336406707764 0.0 0.0 0.0 0.0 0.0 0.0 0.0 0.0 0.0 0.0 0.0 0.0 0.0 0.0 0.0 0.0 0.0 0.0 0.0 0.0 0.0 0.0 0.0 9.300000000000011 0.0 0.0 9.300000000000011 0.0 0.0 0.3 0.05 0.8 0.3 0.05 0.8 0.5 0.1 0.05
488 2.7031772136688232 0.0 0.0 0.0 0.0 0.0 0.0 0.0 0.0 0.0 0.0 0.0 0.0 0.0 0.0 0.0 0.0 0.0 0.0 0.0 0.0 0.0 0.0 0.0 9.300000000000011 0.0 0.0 9.300000000000011 0.0 0.0 0.3 0.05 0.8 0.3 0.05 0.8 0.5 0.1 0.05
489 2.708566904067993 0.0 0.0 0.0 0.0 0.0 0.0 0.0 0.0 0.0 0.0 0.0 0.0 0.0 0.0 0.0 0.0 0.0 0.0 0.0 0.0 0.0 0.0 0.0 9.300000000000011 0.0 0.0 9.300000000000011 0.0 0.0 0.3 0.05 0.8 0.3 0.05 0.8 0.5 0.1 0.05
490 2.713911533355713 0.0 0.0 0.0 0.0 0.0 0.0 0.0 0.0 0.0 0.0 0.0 0.0 0.0 0.0 0.0 0.0 0.0 0.0 0.0 0.0 0.0 0.0 0.0 9.300000000000011 0.0 0.0 9.300000000000011 0.0 0.0 0.3 0.05 0.8 0.3 0.05 0.8 0.5 0.1 0.05
491 2.719506025314331 0.0 0.0 0.0 0.0 0.0 0.0 0.0 0.0 0.0 0.0 0.0 0.0 0.0 0.0 0.0 0.0 0.0 0.0 0.0 0.0 0.0 0.0 0.0 9.300000000000011 0.0 0.0 9.300000000000011 0.0 0.0 0.3 0.05 0.8 0.3 0.05 0.8 0.5 0.1 0.05
492 2.7249233722686768 0.0 0.0 0.0 0.0 0.0 0.0 0.0 0.0 0.0 0.0 0.0 0.0 0.0 0.0 0.0 0.0 0.0 0.0 0.0 0.0 0.0 0.0 0.0 9.300000000000011 0.0 0.0 9.300000000000011 0.0 0.0 0.3 0.05 0.8 0.3 0.05 0.8 0.5 0.1 0.05
493 2.730417013168335 0.0 0.0 0.0 0.0 0.0 0.0 0.0 0.0 0.0 0.0 0.0 0.0 0.0 0.0 0.0 0.0 0.0 0.0 0.0 0.0 0.0 0.0 0.0 9.300000000000011 0.0 0.0 9.300000000000011 0.0 0.0 0.3 0.05 0.8 0.3 0.05 0.8 0.5 0.1 0.05
494 2.7357938289642334 0.0 0.0 0.0 0.0 0.0 0.0 0.0 0.0 0.0 0.0 0.0 0.0 0.0 0.0 0.0 0.0 0.0 0.0 0.0 0.0 0.0 0.0 0.0 9.300000000000011 0.0 0.0 9.300000000000011 0.0 0.0 0.3 0.05 0.8 0.3 0.05 0.8 0.5 0.1 0.05
495 2.7412140369415283 0.0 0.0 0.0 0.0 0.0 0.0 0.0 0.0 0.0 0.0 0.0 0.0 0.0 0.0 0.0 0.0 0.0 0.0 0.0 0.0 0.0 0.0 0.0 9.300000000000011 0.0 0.0 9.300000000000011 0.0 0.0 0.3 0.05 0.8 0.3 0.05 0.8 0.5 0.1 0.05
496 2.7467989921569824 0.0 0.0 0.0 0.0 0.0 0.0 0.0 0.0 0.0 0.0 0.0 0.0 0.0 0.0 0.0 0.0 0.0 0.0 0.0 0.0 0.0 0.0 0.0 9.300000000000011 0.0 0.0 9.300000000000011 0.0 0.0 0.3 0.05 0.8 0.3 0.05 0.8 0.5 0.1 0.05
497 2.7522311210632324 0.0 0.0 0.0 0.0 0.0 0.0 0.0 0.0 0.0 0.0 0.0 0.0 0.0 0.0 0.0 0.0 0.0 0.0 0.0 0.0 0.0 0.0 0.0 9.300000000000011 0.0 0.0 9.300000000000011 0.0 0.0 0.3 0.05 0.8 0.3 0.05 0.8 0.5 0.1 0.05
498 2.757704496383667 0.0 0.0 0.0 0.0 0.0 0.0 0.0 0.0 0.0 0.0 0.0 0.0 0.0 0.0 0.0 0.0 0.0 0.0 0.0 0.0 0.0 0.0 0.0 9.300000000000011 0.0 0.0 9.300000000000011 0.0 0.0 0.3 0.05 0.8 0.3 0.05 0.8 0.5 0.1 0.05
499 2.7632555961608887 0.0 0.0 0.0 0.0 0.0 0.0 0.0 0.0 0.0 0.0 0.0 0.0 0.0 0.0 0.0 0.0 0.0 0.0 0.0 0.0 0.0 0.0 0.0 9.300000000000011 0.0 0.0 9.300000000000011 0.0 0.0 0.3 0.05 0.8 0.3 0.05 0.8 0.5 0.1 0.05
500 2.768789291381836 0.0 0.0 0.0 0.0 0.0 0.0 0.0 0.0 0.0 0.0 0.0 0.0 0.0 0.0 0.0 0.0 0.0 0.0 0.0 0.0 0.0 0.0 0.0 9.300000000000011 0.0 0.0 9.300000000000011 0.0 0.0 0.3 0.05 0.8 0.3 0.05 0.8 0.5 0.1 0.05
501 2.7743606567382812 0.0 0.0 0.0 0.0 0.0 0.0 0.0 0.0 0.0 0.0 0.0 0.0 0.0 0.0 0.0 0.0 0.0 0.0 0.0 0.0 0.0 0.0 0.0 9.300000000000011 0.0 0.0 9.300000000000011 0.0 0.0 0.3 0.05 0.8 0.3 0.05 0.8 0.5 0.1 0.05
502 2.7797558307647705 0.0 0.0 0.0 0.0 0.0 0.0 0.0 0.0 0.0 0.0 0.0 0.0 0.0 0.0 0.0 0.0 0.0 0.0 0.0 0.0 0.0 0.0 0.0 9.300000000000011 0.0 0.0 9.300000000000011 0.0 0.0 0.3 0.05 0.8 0.3 0.05 0.8 0.5 0.1 0.05
503 2.7852542400360107 0.0 0.0 0.0 0.0 0.0 0.0 0.0 0.0 0.0 0.0 0.0 0.0 0.0 0.0 0.0 0.0 0.0 0.0 0.0 0.0 0.0 0.0 0.0 9.300000000000011 0.0 0.0 9.300000000000011 0.0 0.0 0.3 0.05 0.8 0.3 0.05 0.8 0.5 0.1 0.05
504 2.7906765937805176 0.0 0.0 0.0 0.0 0.0 0.0 0.0 0.0 0.0 0.0 0.0 0.0 0.0 0.0 0.0 0.0 0.0 0.0 0.0 0.0 0.0 0.0 0.0 9.300000000000011 0.0 0.0 9.300000000000011 0.0 0.0 0.3 0.05 0.8 0.3 0.05 0.8 0.5 0.1 0.05
505 2.7960283756256104 0.0 0.0 0.0 0.0 0.0 0.0 0.0 0.0 0.0 0.0 0.0 0.0 0.0 0.0 0.0 0.0 0.0 0.0 0.0 0.0 0.0 0.0 0.0 9.300000000000011 0.0 0.0 9.300000000000011 0.0 0.0 0.3 0.05 0.8 0.3 0.05 0.8 0.5 0.1 0.05
506 2.801379442214966 0.0 0.0 0.0 0.0 0.0 0.0 0.0 0.0 0.0 0.0 0.0 0.0 0.0 0.0 0.0 0.0 0.0 0.0 0.0 0.0 0.0 0.0 0.0 9.300000000000011 0.0 0.0 9.300000000000011 0.0 0.0 0.3 0.05 0.8 0.3 0.05 0.8 0.5 0.1 0.05
507 2.806788444519043 0.0 0.0 0.0 0.0 0.0 0.0 0.0 0.0 0.0 0.0 0.0 0.0 0.0 0.0 0.0 0.0 0.0 0.0 0.0 0.0 0.0 0.0 0.0 9.300000000000011 0.0 0.0 9.300000000000011 0.0 0.0 0.3 0.05 0.8 0.3 0.05 0.8 0.5 0.1 0.05
508 2.8123674392700195 0.0 0.0 0.0 0.0 0.0 0.0 0.0 0.0 0.0 0.0 0.0 0.0 0.0 0.0 0.0 0.0 0.0 0.0 0.0 0.0 0.0 0.0 0.0 9.300000000000011 0.0 0.0 9.300000000000011 0.0 0.0 0.3 0.05 0.8 0.3 0.05 0.8 0.5 0.1 0.05
509 2.8177640438079834 0.0 0.0 0.0 0.0 0.0 0.0 0.0 0.0 0.0 0.0 0.0 0.0 0.0 0.0 0.0 0.0 0.0 0.0 0.0 0.0 0.0 0.0 0.0 9.300000000000011 0.0 0.0 9.300000000000011 0.0 0.0 0.3 0.05 0.8 0.3 0.05 0.8 0.5 0.1 0.05
510 2.823272705078125 0.0 0.0 0.0 0.0 0.0 0.0 0.0 0.0 0.0 0.0 0.0 0.0 0.0 0.0 0.0 0.0 0.0 0.0 0.0 0.0 0.0 0.0 0.0 9.300000000000011 0.0 0.0 9.300000000000011 0.0 0.0 0.3 0.05 0.8 0.3 0.05 0.8 0.5 0.1 0.05
511 2.828885555267334 0.0 0.0 0.0 0.0 0.0 0.0 0.0 0.0 0.0 0.0 0.0 0.0 0.0 0.0 0.0 0.0 0.0 0.0 0.0 0.0 0.0 0.0 0.0 9.300000000000011 0.0 0.0 9.300000000000011 0.0 0.0 0.3 0.05 0.8 0.3 0.05 0.8 0.5 0.1 0.05
512 2.834442377090454 0.0 0.0 0.0 0.0 0.0 0.0 0.0 0.0 0.0 0.0 0.0 0.0 0.0 0.0 0.0 0.0 0.0 0.0 0.0 0.0 0.0 0.0 0.0 9.300000000000011 0.0 0.0 9.300000000000011 0.0 0.0 0.3 0.05 0.8 0.3 0.05 0.8 0.5 0.1 0.05
513 2.8399040699005127 0.0 0.0 0.0 0.0 0.0 0.0 0.0 0.0 0.0 0.0 0.0 0.0 0.0 0.0 0.0 0.0 0.0 0.0 0.0 0.0 0.0 0.0 0.0 9.300000000000011 0.0 0.0 9.300000000000011 0.0 0.0 0.3 0.05 0.8 0.3 0.05 0.8 0.5 0.1 0.05
514 2.8452532291412354 0.0 0.0 0.0 0.0 0.0 0.0 0.0 0.0 0.0 0.0 0.0 0.0 0.0 0.0 0.0 0.0 0.0 0.0 0.0 0.0 0.0 0.0 0.0 9.300000000000011 0.0 0.0 9.300000000000011 0.0 0.0 0.3 0.05 0.8 0.3 0.05 0.8 0.5 0.1 0.05
515 2.850595235824585 0.0 0.0 0.0 0.0 0.0 0.0 0.0 0.0 0.0 0.0 0.0 0.0 0.0 0.0 0.0 0.0 0.0 0.0 0.0 0.0 0.0 0.0 0.0 9.300000000000011 0.0 0.0 9.300000000000011 0.0 0.0 0.3 0.05 0.8 0.3 0.05 0.8 0.5 0.1 0.05
516 2.8559303283691406 0.0 0.0 0.0 0.0 0.0 0.0 0.0 0.0 0.0 0.0 0.0 0.0 0.0 0.0 0.0 0.0 0.0 0.0 0.0 0.0 0.0 0.0 0.0 9.300000000000011 0.0 0.0 9.300000000000011 0.0 0.0 0.3 0.05 0.8 0.3 0.05 0.8 0.5 0.1 0.05
517 2.8613038063049316 0.0 0.0 0.0 0.0 0.0 0.0 0.0 0.0 0.0 0.0 0.0 0.0 0.0 0.0 0.0 0.0 0.0 0.0 0.0 0.0 0.0 0.0 0.0 9.300000000000011 0.0 0.0 9.300000000000011 0.0 0.0 0.3 0.05 0.8 0.3 0.05 0.8 0.5 0.1 0.05
518 2.8669023513793945 0.0 0.0 0.0 0.0 0.0 0.0 0.0 0.0 0.0 0.0 0.0 0.0 0.0 0.0 0.0 0.0 0.0 0.0 0.0 0.0 0.0 0.0 0.0 9.300000000000011 0.0 0.0 9.300000000000011 0.0 0.0 0.3 0.05 0.8 0.3 0.05 0.8 0.5 0.1 0.05
519 2.872464656829834 0.0 0.0 0.0 0.0 0.0 0.0 0.0 0.0 0.0 0.0 0.0 0.0 0.0 0.0 0.0 0.0 0.0 0.0 0.0 0.0 0.0 0.0 0.0 9.300000000000011 0.0 0.0 9.300000000000011 0.0 0.0 0.3 0.05 0.8 0.3 0.05 0.8 0.5 0.1 0.05
520 2.877967119216919 0.0 0.0 0.0 0.0 0.0 0.0 0.0 0.0 0.0 0.0 0.0 0.0 0.0 0.0 0.0 0.0 0.0 0.0 0.0 0.0 0.0 0.0 0.0 9.300000000000011 0.0 0.0 9.300000000000011 0.0 0.0 0.3 0.05 0.8 0.3 0.05 0.8 0.5 0.1 0.05
521 2.883566379547119 0.0 0.0 0.0 0.0 0.0 0.0 0.0 0.0 0.0 0.0 0.0 0.0 0.0 0.0 0.0 0.0 0.0 0.0 0.0 0.0 0.0 0.0 0.0 9.300000000000011 0.0 0.0 9.300000000000011 0.0 0.0 0.3 0.05 0.8 0.3 0.05 0.8 0.5 0.1 0.05
522 2.8890459537506104 0.0 0.0 0.0 0.0 0.0 0.0 0.0 0.0 0.0 0.0 0.0 0.0 0.0 0.0 0.0 0.0 0.0 0.0 0.0 0.0 0.0 0.0 0.0 9.300000000000011 0.0 0.0 9.300000000000011 0.0 0.0 0.3 0.05 0.8 0.3 0.05 0.8 0.5 0.1 0.05
523 2.8945744037628174 0.0 0.0 0.0 0.0 0.0 0.0 0.0 0.0 0.0 0.0 0.0 0.0 0.0 0.0 0.0 0.0 0.0 0.0 0.0 0.0 0.0 0.0 0.0 9.300000000000011 0.0 0.0 9.300000000000011 0.0 0.0 0.3 0.05 0.8 0.3 0.05 0.8 0.5 0.1 0.05
524 2.9000096321105957 0.0 0.0 0.0 0.0 0.0 0.0 0.0 0.0 0.0 0.0 0.0 0.0 0.0 0.0 0.0 0.0 0.0 0.0 0.0 0.0 0.0 0.0 0.0 9.300000000000011 0.0 0.0 9.300000000000011 0.0 0.0 0.3 0.05 0.8 0.3 0.05 0.8 0.5 0.1 0.05
525 2.9054126739501953 0.0 0.0 0.0 0.0 0.0 0.0 0.0 0.0 0.0 0.0 0.0 0.0 0.0 0.0 0.0 0.0 0.0 0.0 0.0 0.0 0.0 0.0 0.0 9.300000000000011 0.0 0.0 9.300000000000011 0.0 0.0 0.3 0.05 0.8 0.3 0.05 0.8 0.5 0.1 0.05
526 2.9107892513275146 0.0 0.0 0.0 0.0 0.0 0.0 0.0 0.0 0.0 0.0 0.0 0.0 0.0 0.0 0.0 0.0 0.0 0.0 0.0 0.0 0.0 0.0 0.0 9.300000000000011 0.0 0.0 9.300000000000011 0.0 0.0 0.3 0.05 0.8 0.3 0.05 0.8 0.5 0.1 0.05
527 2.9162070751190186 0.0 0.0 0.0 0.0 0.0 0.0 0.0 0.0 0.0 0.0 0.0 0.0 0.0 0.0 0.0 0.0 0.0 0.0 0.0 0.0 0.0 0.0 0.0 9.300000000000011 0.0 0.0 9.300000000000011 0.0 0.0 0.3 0.05 0.8 0.3 0.05 0.8 0.5 0.1 0.05
528 2.9215872287750244 0.0 0.0 0.0 0.0 0.0 0.0 0.0 0.0 0.0 0.0 0.0 0.0 0.0 0.0 0.0 0.0 0.0 0.0 0.0 0.0 0.0 0.0 0.0 9.300000000000011 0.0 0.0 9.300000000000011 0.0 0.0 0.3 0.05 0.8 0.3 0.05 0.8 0.5 0.1 0.05
529 2.9272353649139404 0.0 0.0 0.0 0.0 0.0 0.0 0.0 0.0 0.0 0.0 0.0 0.0 0.0 0.0 0.0 0.0 0.0 0.0 0.0 0.0 0.0 0.0 0.0 9.300000000000011 0.0 0.0 9.300000000000011 0.0 0.0 0.3 0.05 0.8 0.3 0.05 0.8 0.5 0.1 0.05
530 2.9327900409698486 0.0 0.0 0.0 0.0 0.0 0.0 0.0 0.0 0.0 0.0 0.0 0.0 0.0 0.0 0.0 0.0 0.0 0.0 0.0 0.0 0.0 0.0 0.0 9.300000000000011 0.0 0.0 9.300000000000011 0.0 0.0 0.3 0.05 0.8 0.3 0.05 0.8 0.5 0.1 0.05
531 2.9384772777557373 0.0 0.0 0.0 0.0 0.0 0.0 0.0 0.0 0.0 0.0 0.0 0.0 0.0 0.0 0.0 0.0 0.0 0.0 0.0 0.0 0.0 0.0 0.0 9.300000000000011 0.0 0.0 9.300000000000011 0.0 0.0 0.3 0.05 0.8 0.3 0.05 0.8 0.5 0.1 0.05
532 2.9439642429351807 0.0 0.0 0.0 0.0 0.0 0.0 0.0 0.0 0.0 0.0 0.0 0.0 0.0 0.0 0.0 0.0 0.0 0.0 0.0 0.0 0.0 0.0 0.0 9.300000000000011 0.0 0.0 9.300000000000011 0.0 0.0 0.3 0.05 0.8 0.3 0.05 0.8 0.5 0.1 0.05
533 2.949502468109131 0.0 0.0 0.0 0.0 0.0 0.0 0.0 0.0 0.0 0.0 0.0 0.0 0.0 0.0 0.0 0.0 0.0 0.0 0.0 0.0 0.0 0.0 0.0 9.300000000000011 0.0 0.0 9.300000000000011 0.0 0.0 0.3 0.05 0.8 0.3 0.05 0.8 0.5 0.1 0.05
534 2.954944610595703 0.0 0.0 0.0 0.0 0.0 0.0 0.0 0.0 0.0 0.0 0.0 0.0 0.0 0.0 0.0 0.0 0.0 0.0 0.0 0.0 0.0 0.0 0.0 9.300000000000011 0.0 0.0 9.300000000000011 0.0 0.0 0.3 0.05 0.8 0.3 0.05 0.8 0.5 0.1 0.05
535 2.960332155227661 0.0 0.0 0.0 0.0 0.0 0.0 0.0 0.0 0.0 0.0 0.0 0.0 0.0 0.0 0.0 0.0 0.0 0.0 0.0 0.0 0.0 0.0 0.0 9.300000000000011 0.0 0.0 9.300000000000011 0.0 0.0 0.3 0.05 0.8 0.3 0.05 0.8 0.5 0.1 0.05
536 2.965857982635498 0.0 0.0 0.0 0.0 0.0 0.0 0.0 0.0 0.0 0.0 0.0 0.0 0.0 0.0 0.0 0.0 0.0 0.0 0.0 0.0 0.0 0.0 0.0 9.300000000000011 0.0 0.0 9.300000000000011 0.0 0.0 0.3 0.05 0.8 0.3 0.05 0.8 0.5 0.1 0.05
537 2.9713103771209717 0.0 0.0 0.0 0.0 0.0 0.0 0.0 0.0 0.0 0.0 0.0 0.0 0.0 0.0 0.0 0.0 0.0 0.0 0.0 0.0 0.0 0.0 0.0 9.300000000000011 0.0 0.0 9.300000000000011 0.0 0.0 0.3 0.05 0.8 0.3 0.05 0.8 0.5 0.1 0.05
538 2.9769034385681152 0.0 0.0 0.0 0.0 0.0 0.0 0.0 0.0 0.0 0.0 0.0 0.0 0.0 0.0 0.0 0.0 0.0 0.0 0.0 0.0 0.0 0.0 0.0 9.300000000000011 0.0 0.0 9.300000000000011 0.0 0.0 0.3 0.05 0.8 0.3 0.05 0.8 0.5 0.1 0.05
539 2.982438564300537 0.0 0.0 0.0 0.0 0.0 0.0 0.0 0.0 0.0 0.0 0.0 0.0 0.0 0.0 0.0 0.0 0.0 0.0 0.0 0.0 0.0 0.0 0.0 9.300000000000011 0.0 0.0 9.300000000000011 0.0 0.0 0.3 0.05 0.8 0.3 0.05 0.8 0.5 0.1 0.05
540 2.987872362136841 0.0 0.0 0.0 0.0 0.0 0.0 0.0 0.0 0.0 0.0 0.0 0.0 0.0 0.0 0.0 0.0 0.0 0.0 0.0 0.0 0.0 0.0 0.0 9.300000000000011 0.0 0.0 9.300000000000011 0.0 0.0 0.3 0.05 0.8 0.3 0.05 0.8 0.5 0.1 0.05
541 2.9935131072998047 0.0 0.0 0.0 0.0 0.0 0.0 0.0 0.0 0.0 0.0 0.0 0.0 0.0 0.0 0.0 0.0 0.0 0.0 0.0 0.0 0.0 0.0 0.0 9.300000000000011 0.0 0.0 9.300000000000011 0.0 0.0 0.3 0.05 0.8 0.3 0.05 0.8 0.5 0.1 0.05
542 2.9989898204803467 0.0 0.0 0.0 0.0 0.0 0.0 0.0 0.0 0.0 0.0 0.0 0.0 0.0 0.0 0.0 0.0 0.0 0.0 0.0 0.0 0.0 0.0 0.0 9.300000000000011 0.0 0.0 9.300000000000011 0.0 0.0 0.3 0.05 0.8 0.3 0.05 0.8 0.5 0.1 0.05
543 3.0045015811920166 0.0 0.0 0.0 0.0 0.0 0.0 0.0 0.0 0.0 0.0 0.0 0.0 0.0 0.0 0.0 0.0 0.0 0.0 0.0 0.0 0.0 0.0 0.0 9.300000000000011 0.0 0.0 9.300000000000011 0.0 0.0 0.3 0.05 0.8 0.3 0.05 0.8 0.5 0.1 0.05
544 3.0100255012512207 0.0 0.0 0.0 0.0 0.0 0.0 0.0 0.0 0.0 0.0 0.0 0.0 0.0 0.0 0.0 0.0 0.0 0.0 0.0 0.0 0.0 0.0 0.0 9.300000000000011 0.0 0.0 9.300000000000011 0.0 0.0 0.3 0.05 0.8 0.3 0.05 0.8 0.5 0.1 0.05
545 3.0154354572296143 0.0 0.0 0.0 0.0 0.0 0.0 0.0 0.0 0.0 0.0 0.0 0.0 0.0 0.0 0.0 0.0 0.0 0.0 0.0 0.0 0.0 0.0 0.0 9.300000000000011 0.0 0.0 9.300000000000011 0.0 0.0 0.3 0.05 0.8 0.3 0.05 0.8 0.5 0.1 0.05
546 3.020983934402466 0.0 0.0 0.0 0.0 0.0 0.0 0.0 0.0 0.0 0.0 0.0 0.0 0.0 0.0 0.0 0.0 0.0 0.0 0.0 0.0 0.0 0.0 0.0 9.300000000000011 0.0 0.0 9.300000000000011 0.0 0.0 0.3 0.05 0.8 0.3 0.05 0.8 0.5 0.1 0.05
547 3.0265250205993652 0.0 0.0 0.0 0.0 0.0 0.0 0.0 0.0 0.0 0.0 0.0 0.0 0.0 0.0 0.0 0.0 0.0 0.0 0.0 0.0 0.0 0.0 0.0 9.300000000000011 0.0 0.0 9.300000000000011 0.0 0.0 0.3 0.05 0.8 0.3 0.05 0.8 0.5 0.1 0.05
548 3.0319416522979736 0.0 0.0 0.0 0.0 0.0 0.0 0.0 0.0 0.0 0.0 0.0 0.0 0.0 0.0 0.0 0.0 0.0 0.0 0.0 0.0 0.0 0.0 0.0 9.300000000000011 0.0 0.0 9.300000000000011 0.0 0.0 0.3 0.05 0.8 0.3 0.05 0.8 0.5 0.1 0.05
549 3.0373640060424805 0.0 0.0 0.0 0.0 0.0 0.0 0.0 0.0 0.0 0.0 0.0 0.0 0.0 0.0 0.0 0.0 0.0 0.0 0.0 0.0 0.0 0.0 0.0 9.300000000000011 0.0 0.0 9.300000000000011 0.0 0.0 0.3 0.05 0.8 0.3 0.05 0.8 0.5 0.1 0.05
550 3.0427792072296143 0.0 0.0 0.0 0.0 0.0 0.0 0.0 0.0 0.0 0.0 0.0 0.0 0.0 0.0 0.0 0.0 0.0 0.0 0.0 0.0 0.0 0.0 0.0 9.300000000000011 0.0 0.0 9.300000000000011 0.0 0.0 0.3 0.05 0.8 0.3 0.05 0.8 0.5 0.1 0.05
551 3.0486931800842285 0.0 0.0 0.0 0.0 0.0 0.0 0.0 0.0 0.0 0.0 0.0 0.0 0.0 0.0 0.0 0.0 0.0 0.0 0.0 0.0 0.0 0.0 0.0 9.300000000000011 0.0 0.0 9.300000000000011 0.0 0.0 0.3 0.05 0.8 0.3 0.05 0.8 0.5 0.1 0.05
552 3.05412220954895 0.0 0.0 0.0 0.0 0.0 0.0 0.0 0.0 0.0 0.0 0.0 0.0 0.0 0.0 0.0 0.0 0.0 0.0 0.0 0.0 0.0 0.0 0.0 9.300000000000011 0.0 0.0 9.300000000000011 0.0 0.0 0.3 0.05 0.8 0.3 0.05 0.8 0.5 0.1 0.05
553 3.059629201889038 0.0 0.0 0.0 0.0 0.0 0.0 0.0 0.0 0.0 0.0 0.0 0.0 0.0 0.0 0.0 0.0 0.0 0.0 0.0 0.0 0.0 0.0 0.0 9.300000000000011 0.0 0.0 9.300000000000011 0.0 0.0 0.3 0.05 0.8 0.3 0.05 0.8 0.5 0.1 0.05
554 3.0651674270629883 0.0 0.0 0.0 0.0 0.0 0.0 0.0 0.0 0.0 0.0 0.0 0.0 0.0 0.0 0.0 0.0 0.0 0.0 0.0 0.0 0.0 0.0 0.0 9.300000000000011 0.0 0.0 9.300000000000011 0.0 0.0 0.3 0.05 0.8 0.3 0.05 0.8 0.5 0.1 0.05
555 3.070708751678467 0.0 0.0 0.0 0.0 0.0 0.0 0.0 0.0 0.0 0.0 0.0 0.0 0.0 0.0 0.0 0.0 0.0 0.0 0.0 0.0 0.0 0.0 0.0 9.300000000000011 0.0 0.0 9.300000000000011 0.0 0.0 0.3 0.05 0.8 0.3 0.05 0.8 0.5 0.1 0.05
556 3.076146125793457 0.0 0.0 0.0 0.0 0.0 0.0 0.0 0.0 0.0 0.0 0.0 0.0 0.0 0.0 0.0 0.0 0.0 0.0 0.0 0.0 0.0 0.0 0.0 9.300000000000011 0.0 0.0 9.300000000000011 0.0 0.0 0.3 0.05 0.8 0.3 0.05 0.8 0.5 0.1 0.05
557 3.0817694664001465 0.0 0.0 0.0 0.0 0.0 0.0 0.0 0.0 0.0 0.0 0.0 0.0 0.0 0.0 0.0 0.0 0.0 0.0 0.0 0.0 0.0 0.0 0.0 9.300000000000011 0.0 0.0 9.300000000000011 0.0 0.0 0.3 0.05 0.8 0.3 0.05 0.8 0.5 0.1 0.05
558 3.0872950553894043 0.0 0.0 0.0 0.0 0.0 0.0 0.0 0.0 0.0 0.0 0.0 0.0 0.0 0.0 0.0 0.0 0.0 0.0 0.0 0.0 0.0 0.0 0.0 9.300000000000011 0.0 0.0 9.300000000000011 0.0 0.0 0.3 0.05 0.8 0.3 0.05 0.8 0.5 0.1 0.05
559 3.092724561691284 0.0 0.0 0.0 0.0 0.0 0.0 0.0 0.0 0.0 0.0 0.0 0.0 0.0 0.0 0.0 0.0 0.0 0.0 0.0 0.0 0.0 0.0 0.0 9.300000000000011 0.0 0.0 9.300000000000011 0.0 0.0 0.3 0.05 0.8 0.3 0.05 0.8 0.5 0.1 0.05
560 3.0981192588806152 0.0 0.0 0.0 0.0 0.0 0.0 0.0 0.0 0.0 0.0 0.0 0.0 0.0 0.0 0.0 0.0 0.0 0.0 0.0 0.0 0.0 0.0 0.0 9.300000000000011 0.0 0.0 9.300000000000011 0.0 0.0 0.3 0.05 0.8 0.3 0.05 0.8 0.5 0.1 0.05
561 3.103762149810791 0.0 0.0 0.0 0.0 0.0 0.0 0.0 0.0 0.0 0.0 0.0 0.0 0.0 0.0 0.0 0.0 0.0 0.0 0.0 0.0 0.0 0.0 0.0 9.300000000000011 0.0 0.0 9.300000000000011 0.0 0.0 0.3 0.05 0.8 0.3 0.05 0.8 0.5 0.1 0.05
562 3.109222412109375 0.0 0.0 0.0 0.0 0.0 0.0 0.0 0.0 0.0 0.0 0.0 0.0 0.0 0.0 0.0 0.0 0.0 0.0 0.0 0.0 0.0 0.0 0.0 9.300000000000011 0.0 0.0 9.300000000000011 0.0 0.0 0.3 0.05 0.8 0.3 0.05 0.8 0.5 0.1 0.05
563 3.114699602127075 0.0 0.0 0.0 0.0 0.0 0.0 0.0 0.0 0.0 0.0 0.0 0.0 0.0 0.0 0.0 0.0 0.0 0.0 0.0 0.0 0.0 0.0 0.0 9.300000000000011 0.0 0.0 9.300000000000011 0.0 0.0 0.3 0.05 0.8 0.3 0.05 0.8 0.5 0.1 0.05
564 3.1200740337371826 0.0 0.0 0.0 0.0 0.0 0.0 0.0 0.0 0.0 0.0 0.0 0.0 0.0 0.0 0.0 0.0 0.0 0.0 0.0 0.0 0.0 0.0 0.0 9.300000000000011 0.0 0.0 9.300000000000011 0.0 0.0 0.3 0.05 0.8 0.3 0.05 0.8 0.5 0.1 0.05
565 3.125495433807373 0.0 0.0 0.0 0.0 0.0 0.0 0.0 0.0 0.0 0.0 0.0 0.0 0.0 0.0 0.0 0.0 0.0 0.0 0.0 0.0 0.0 0.0 0.0 9.300000000000011 0.0 0.0 9.300000000000011 0.0 0.0 0.3 0.05 0.8 0.3 0.05 0.8 0.5 0.1 0.05
566 3.1310296058654785 0.0 0.0 0.0 0.0 0.0 0.0 0.0 0.0 0.0 0.0 0.0 0.0 0.0 0.0 0.0 0.0 0.0 0.0 0.0 0.0 0.0 0.0 0.0 9.300000000000011 0.0 0.0 9.300000000000011 0.0 0.0 0.3 0.05 0.8 0.3 0.05 0.8 0.5 0.1 0.05
567 3.136577606201172 0.0 0.0 0.0 0.0 0.0 0.0 0.0 0.0 0.0 0.0 0.0 0.0 0.0 0.0 0.0 0.0 0.0 0.0 0.0 0.0 0.0 0.0 0.0 9.300000000000011 0.0 0.0 9.300000000000011 0.0 0.0 0.3 0.05 0.8 0.3 0.05 0.8 0.5 0.1 0.05
568 3.1424925327301025 0.0 0.0 0.0 0.0 0.0 0.0 0.0 0.0 0.0 0.0 0.0 0.0 0.0 0.0 0.0 0.0 0.0 0.0 0.0 0.0 0.0 0.0 0.0 9.300000000000011 0.0 0.0 9.300000000000011 0.0 0.0 0.3 0.05 0.8 0.3 0.05 0.8 0.5 0.1 0.05
569 3.147925615310669 0.0 0.0 0.0 0.0 0.0 0.0 0.0 0.0 0.0 0.0 0.0 0.0 0.0 0.0 0.0 0.0 0.0 0.0 0.0 0.0 0.0 0.0 0.0 9.300000000000011 0.0 0.0 9.300000000000011 0.0 0.0 0.3 0.05 0.8 0.3 0.05 0.8 0.5 0.1 0.05
570 3.1533257961273193 0.0 0.0 0.0 0.0 0.0 0.0 0.0 0.0 0.0 0.0 0.0 0.0 0.0 0.0 0.0 0.0 0.0 0.0 0.0 0.0 0.0 0.0 0.0 9.300000000000011 0.0 0.0 9.300000000000011 0.0 0.0 0.3 0.05 0.8 0.3 0.05 0.8 0.5 0.1 0.05
571 3.1589081287384033 0.0 0.0 0.0 0.0 0.0 0.0 0.0 0.0 0.0 0.0 0.0 0.0 0.0 0.0 0.0 0.0 0.0 0.0 0.0 0.0 0.0 0.0 0.0 9.300000000000011 0.0 0.0 9.300000000000011 0.0 0.0 0.3 0.05 0.8 0.3 0.05 0.8 0.5 0.1 0.05
572 3.1644513607025146 0.0 0.0 0.0 0.0 0.0 0.0 0.0 0.0 0.0 0.0 0.0 0.0 0.0 0.0 0.0 0.0 0.0 0.0 0.0 0.0 0.0 0.0 0.0 9.300000000000011 0.0 0.0 9.300000000000011 0.0 0.0 0.3 0.05 0.8 0.3 0.05 0.8 0.5 0.1 0.05
573 3.169928789138794 0.0 0.0 0.0 0.0 0.0 0.0 0.0 0.0 0.0 0.0 0.0 0.0 0.0 0.0 0.0 0.0 0.0 0.0 0.0 0.0 0.0 0.0 0.0 9.300000000000011 0.0 0.0 9.300000000000011 0.0 0.0 0.3 0.05 0.8 0.3 0.05 0.8 0.5 0.1 0.05
574 3.1753134727478027 0.0 0.0 0.0 0.0 0.0 0.0 0.0 0.0 0.0 0.0 0.0 0.0 0.0 0.0 0.0 0.0 0.0 0.0 0.0 0.0 0.0 0.0 0.0 9.300000000000011 0.0 0.0 9.300000000000011 0.0 0.0 0.3 0.05 0.8 0.3 0.05 0.8 0.5 0.1 0.05
575 3.1809334754943848 0.0 0.0 0.0 0.0 0.0 0.0 0.0 0.0 0.0 0.0 0.0 0.0 0.0 0.0 0.0 0.0 0.0 0.0 0.0 0.0 0.0 0.0 0.0 9.300000000000011 0.0 0.0 9.300000000000011 0.0 0.0 0.3 0.05 0.8 0.3 0.05 0.8 0.5 0.1 0.05
576 3.1866369247436523 0.0 0.0 0.0 0.0 0.0 0.0 0.0 0.0 0.0 0.0 0.0 0.0 0.0 0.0 0.0 0.0 0.0 0.0 0.0 0.0 0.0 0.0 0.0 9.300000000000011 0.0 0.0 9.300000000000011 0.0 0.0 0.3 0.05 0.8 0.3 0.05 0.8 0.5 0.1 0.05
577 3.1924805641174316 0.0 0.0 0.0 0.0 0.0 0.0 0.0 0.0 0.0 0.0 0.0 0.0014024967203525862 0.0 0.0 0.0 -0.0004542679445673663 0.00026227172008018695 -5.496642129265132e-05 3.173487812970262e-05 -0.010993284258530264 0.006346975625940524 0.0 0.0 9.300000000000011 0.0 0.0 9.300000000000011 0.0 0.0 0.3 0.05 0.8 0.3 0.05 0.8 0.5 0.1 0.05
578 3.1978647708892822 0.0 0.0 0.0 0.0 0.0 0.0 0.0 0.0 0.0 0.0 0.0 0.0014024967203525862 0.0 0.0 0.0 -0.0004542679445673663 0.00026227172008018695 -5.496642129265132e-05 3.173487812970262e-05 0.0 0.0 0.0 0.0 9.300000000000011 0.0 0.0 9.300000000000011 0.0 0.0 0.3 0.05 0.8 0.3 0.05 0.8 0.5 0.1 0.05
579 3.2032852172851562 0.0 0.0 0.0 0.0 0.0 0.0 0.0 0.0 0.0 0.0 0.0 0.0014024967203525862 0.0 0.0 0.0 -0.0004542679445673663 0.00026227172008018695 -5.496642129265132e-05 3.173487812970262e-05 0.0 0.0 0.0 0.0 9.300000000000011 0.0 0.0 9.300000000000011 0.0 0.0 0.3 0.05 0.8 0.3 0.05 0.8 0.5 0.1 0.05
580 3.208772659301758 0.0 0.0 0.0 0.0 0.0 0.0 0.0 0.0 0.0 0.0 0.0 0.0014024967203525862 0.0 0.0 0.0 -0.0004542679445673663 0.00026227172008018695 -5.496642129265132e-05 3.173487812970262e-05 0.0 0.0 0.0 0.0 9.300000000000011 0.0 0.0 9.300000000000011 0.0 0.0 0.3 0.05 0.8 0.3 0.05 0.8 0.5 0.1 0.05
581 3.2149250507354736 0.0 0.0 0.0 0.0 0.0 0.0 0.0 0.0 0.0 0.0 0.0 0.0014024967203525862 0.0 0.0 0.0 -0.0004542679445673663 0.00026227172008018695 -5.496642129265132e-05 3.173487812970262e-05 0.0 0.0 0.0 0.0 9.300000000000011 0.0 0.0 9.300000000000011 0.0 0.0 0.3 0.05 0.8 0.3 0.05 0.8 0.5 0.1 0.05
582 3.2205440998077393 0.0 0.0 0.0 0.0 0.0 0.0 0.009920305790564094 0.0 0.0 0.0 0.0 0.0014024967203525862 0.0 0.0 0.0 -0.0004542679445673663 0.00026227172008018695 -5.496642129265132e-05 3.173487812970262e-05 0.0 0.0 0.0 0.0 9.300000000000011 0.0 0.0 9.300000000000011 0.0 0.0 0.3 0.05 0.8 0.3 0.05 0.8 0.5 0.1 0.05
583 3.2260513305664062 0.0 0.0 0.0 0.0 0.0 0.0 0.012241504658496782 0.009547200359627646 0.0 0.0 0.0 0.0014024967203525862 0.0 0.0 0.0 -0.0004542679445673663 0.00026227172008018695 -5.496642129265132e-05 3.173487812970262e-05 0.0 0.0 0.0 0.0 9.300000000000011 0.0 0.0 9.300000000000011 0.0 0.0 0.3 0.05 0.8 0.3 0.05 0.8 0.5 0.1 0.05
584 3.2316107749938965 0.0 0.0 0.0 0.0 0.0 0.0 0.014708011340639832 0.011097253297403478 0.0 0.0 0.0 0.0014024967203525862 0.0 0.0 0.0 -0.0004542679445673663 0.00026227172008018695 -5.496642129265132e-05 3.173487812970262e-05 0.0 0.0 0.0 0.0 9.300000000000011 0.0 0.0 9.300000000000011 0.0 0.0 0.3 0.05 0.8 0.3 0.05 0.8 0.5 0.1 0.05
585 3.2371087074279785 0.0 0.0 0.0 0.0 0.0 0.0 0.01741509973498693 0.012794277629038706 0.0 0.0 0.0 0.0014024967203525862 0.0 0.0 0.0 -0.0004542679445673663 0.00026227172008018695 -5.496642129265132e-05 3.173487812970262e-05 0.0 0.0 0.0 0.0 9.300000000000011 0.0 0.0 9.300000000000011 0.0 0.0 0.3 0.05 0.8 0.3 0.05 0.8 0.5 0.1 0.05
586 3.24257493019104 0.0 0.0 0.0 0.0 0.0 0.0 0.021723819312408632 0.015499869919288763 0.0 0.0 0.0 0.0014024967203525862 0.0 0.0 0.0 -0.0004542679445673663 0.00026227172008018695 -5.496642129265132e-05 3.173487812970262e-05 0.0 0.0 0.0 0.0 9.300000000000011 0.0 0.0 9.300000000000011 0.0 0.0 0.3 0.05 0.8 0.3 0.05 0.8 0.5 0.1 0.05
587 3.2480967044830322 0.0 0.0 0.0 0.0 0.0 0.0 0.025766332469555776 0.01804361339597023 0.0 0.0 0.0 0.0014024967203525862 0.0 0.0 0.0 -0.0004542679445673663 0.00026227172008018695 -5.496642129265132e-05 3.173487812970262e-05 0.0 0.0 0.0 0.0 9.300000000000011 0.0 0.0 9.300000000000011 0.0 0.0 0.3 0.05 0.8 0.3 0.05 0.8 0.5 0.1 0.05
588 3.2536449432373047 0.0 0.0 0.0 0.0 0.0 0.0 0.029802520288332128 0.020566946841407516 0.0 0.0 0.0 0.0014024967203525862 0.0 0.0 0.0 -0.0004542679445673663 0.00026227172008018695 -5.496642129265132e-05 3.173487812970262e-05 0.0 0.0 0.0 0.0 9.300000000000011 0.0 0.0 9.300000000000011 0.0 0.0 0.3 0.05 0.8 0.3 0.05 0.8 0.5 0.1 0.05
589 3.2590606212615967 0.0 0.0 0.0 0.0 0.0 0.0 0.033911612160982985 0.023154733524995266 0.0 0.0 0.0 0.0014024967203525862 0.0 0.0 0.0 -0.0004542679445673663 0.00026227172008018695 -5.496642129265132e-05 3.173487812970262e-05 0.0 0.0 0.0 0.0 9.300000000000011 0.0 0.0 9.300000000000011 0.0 0.0 0.3 0.05 0.8 0.3 0.05 0.8 0.5 0.1 0.05
590 3.264491081237793 0.0 0.0 0.0 0.0 0.0 0.0 0.03814114516406196 0.025781192151473294 0.0 0.0 0.0 0.0014024967203525862 0.0 0.0 0.0 -0.0004542679445673663 0.00026227172008018695 -5.496642129265132e-05 3.173487812970262e-05 0.0 0.0 0.0 0.0 9.300000000000011 0.0 0.0 9.300000000000011 0.0 0.0 0.3 0.05 0.8 0.3 0.05 0.8 0.5 0.1 0.05
591 3.270296335220337 0.0 0.0 0.0 0.0 0.0 0.0 0.042442942891963945 0.028507553200582465 0.0 0.0 0.0 0.0014024967203525862 0.0 0.0 0.0 -0.0004542679445673663 0.00026227172008018695 -5.496642129265132e-05 3.173487812970262e-05 0.0 0.0 0.0 0.0 9.300000000000011 0.0 0.0 9.300000000000011 0.0 0.0 0.3 0.05 0.8 0.3 0.05 0.8 0.5 0.1 0.05
592 3.2757647037506104 0.0 0.0 0.0 0.0 0.0 0.0 0.04502402152870513 0.030143369830047968 0.0 0.0 0.0 0.0014024967203525862 0.0 0.0 0.0 -0.0004542679445673663 0.00026227172008018695 -5.496642129265132e-05 3.173487812970262e-05 0.0 0.0 0.0 0.0 9.300000000000011 0.0 0.0 9.300000000000011 0.0 0.0 0.3 0.05 0.8 0.3 0.05 0.8 0.5 0.1 0.05
593 3.2813503742218018 0.0 0.0 0.0 0.0 0.0 0.0 0.05048431996258746 0.03365592932486289 -0.009464672744738969 0.0 0.0 0.0014024967203525862 0.0 0.0 0.0 -0.0004542679445673663 0.00026227172008018695 -5.496642129265132e-05 3.173487812970262e-05 0.0 0.0 0.0 0.0 9.300000000000011 0.0 0.0 9.300000000000011 0.0 0.0 0.3 0.05 0.8 0.3 0.05 0.8 0.5 0.1 0.05
594 3.2869691848754883 0.0 0.0 0.0 0.0 0.0 0.0 0.057978946231321396 0.03837123379578443 -0.013195283139030883 0.0 0.0 0.0014024967203525862 0.0 0.0 0.0 -0.0004542679445673663 0.00026227172008018695 -5.496642129265132e-05 3.173487812970262e-05 0.0 0.0 0.0 0.0 9.300000000000011 0.0 0.0 9.300000000000011 0.0 0.0 0.3 0.05 0.8 0.3 0.05 0.8 0.5 0.1 0.05
595 3.2926101684570312 0.0 0.0 0.0 0.0 0.0 0.0 0.06454659596831555 0.04250429788512142 -0.016584162070918528 0.0 0.0 0.0014024967203525862 0.26442245858834584 0.0 0.0 -0.0004542679445673663 0.00026227172008018695 -5.496642129265132e-05 3.173487812970262e-05 0.0 0.0 0.0 0.0 9.300000000000011 0.0 0.0 9.300000000000011 0.0 0.0 0.3 0.05 0.8 0.3 0.05 0.8 0.5 0.1 0.05
596 3.298099994659424 0.0 0.0 0.0 0.0 0.0 0.0 0.07048136052936885 0.04636471700240464 -0.019921352955441743 0.0014024967203525862 0.0 0.0014024967203525862 0.0 0.0 0.0 -0.0004542679445673663 -0.00026227172008018695 -5.496642129265132e-05 -3.173487812970262e-05 0.0 -0.012693951251881047 0.0 0.0 9.300000000000011 0.0 0.0 9.300000000000011 0.0 0.0 0.3 0.05 0.8 0.3 0.05 0.8 0.5 0.1 0.05
597 3.303610324859619 0.0 0.0 0.0 0.0 0.0 0.0 0.07588299696117981 0.049831457326229164 -0.02338097720905606 0.0014024967203525862 0.0 0.0014024967203525862 0.26627999247248646 0.0 0.0 -0.0004542679445673663 -0.00026227172008018695 -5.496642129265132e-05 -3.173487812970262e-05 0.0 0.0 0.0 0.0 9.300000000000011 0.0 0.0 9.300000000000011 0.0 0.0 0.3 0.05 0.8 0.3 0.05 0.8 0.5 0.1 0.05
598 3.309100389480591 0.0 0.0 0.0 0.0 0.0 0.0 0.08096475502532927 0.05298528515661702 -0.02706741231420317 0.0028049934407051724 0.0 0.0014024967203525862 0.0 0.0 0.0 -0.0004542679445673663 -0.0007868151602405608 -5.496642129265132e-05 -9.520463438910785e-05 0.0 -0.012693951251881044 0.0 0.0 9.300000000000011 0.0 0.0 9.300000000000011 0.0 0.0 0.3 0.05 0.8 0.3 0.05 0.8 0.5 0.1 0.05
599 3.3147006034851074 0.0 0.0 0.0 0.0 0.0 0.0 0.08401380986381893 0.05487758185484973 -0.029279273377291432 0.0028049934407051724 0.0 0.0014024967203525862 0.29739116207646016 0.0 0.0 -0.0004542679445673663 -0.0007868151602405608 -5.496642129265132e-05 -9.520463438910785e-05 0.0 0.0 0.0 0.0 9.300000000000011 0.0 0.0 9.300000000000011 0.0 0.0 0.3 0.05 0.8 0.3 0.05 0.8 0.5 0.1 0.05
600 3.320157766342163 0.0 0.0 0.0 0.0 0.0 0.0 0.08776071971898869 0.05701005021345 -0.03221705056812291 0.004207490161057759 0.0 0.0014024967203525862 0.0 0.0 0.0 -0.0004542679445673663 -0.0013113586004009348 -5.496642129265132e-05 -0.0001586743906485131 0.0 -0.012693951251881053 0.0 0.0 9.300000000000011 0.0 0.0 9.300000000000011 0.0 0.0 0.3 0.05 0.8 0.3 0.05 0.8 0.5 0.1 0.05
601 3.3263118267059326 0.0 0.0 0.0 0.0 0.0 0.0 0.09422731284049508 0.06013030743367302 -0.03743120728484347 0.004207490161057759 0.0 0.0014024967203525862 0.0 0.0 0.0 -0.0004542679445673663 -0.0013113586004009348 -5.496642129265132e-05 -0.0001586743906485131 0.0 0.0 0.0 0.0 9.300000000000011 0.0 0.0 9.300000000000011 0.0 0.0 0.3 0.05 0.8 0.3 0.05 0.8 0.5 0.1 0.05
602 3.3322038650512695 0.0 0.0 0.0 0.0 0.0 0.0 0.10025484194604967 0.06284615359167353 -0.04224708496660921 0.004207490161057759 0.0 0.0014024967203525862 0.0 0.0 0.0 -0.0004542679445673663 -0.0013113586004009348 -5.496642129265132e-05 -0.0001586743906485131 0.0 0.0 0.0 0.0 9.300000000000011 0.0 0.0 9.300000000000011 0.0 0.0 0.3 0.05 0.8 0.3 0.05 0.8 0.5 0.1 0.05
603 3.337808847427368 0.0 0.0 0.0 0.0 0.0 0.0 0.10801310736089 0.06616303897774276 -0.04828125726658662 0.004207490161057759 0.0 0.0014024967203525862 0.0 0.0 0.0 -0.0004542679445673663 -0.0013113586004009348 -5.496642129265132e-05 -0.0001586743906485131 0.0 0.0 0.0 0.0 9.300000000000011 0.0 0.0 9.300000000000011 0.0 0.0 0.3 0.05 0.8 0.3 0.05 0.8 0.5 0.1 0.05
604 3.3433778285980225 0.0 0.0 0.0 0.0 0.0 0.0 0.1126680666097942 0.0681531702093843 -0.051901760646573064 0.004207490161057759 0.0 0.0014024967203525862 0.0 0.0 0.0 -0.0004542679445673663 -0.0013113586004009348 -5.496642129265132e-05 -0.0001586743906485131 0.0 0.0 0.0 0.0 9.300000000000011 0.0 0.0 9.300000000000011 0.0 0.0 0.3 0.05 0.8 0.3 0.05 0.8 0.5 0.1 0.05
605 3.3491296768188477 0.0 0.0 0.0 0.0 0.0 0.0 0.11914259754949469 0.07149482218101999 -0.05691191133789501 0.004207490161057759 0.0 0.0014024967203525862 0.0 0.0 0.0 -0.0004542679445673663 -0.0013113586004009348 -5.496642129265132e-05 -0.0001586743906485131 0.0 0.0 0.0 0.0 9.300000000000011 0.0 0.0 9.300000000000011 0.0 0.0 0.3 0.05 0.8 0.3 0.05 0.8 0.5 0.1 0.05
606 3.3548450469970703 0.0 0.0 0.0 0.0 0.0 0.0 0.12302731611331497 0.07349981336400141 -0.059918001752688174 0.004207490161057759 0.0 0.0014024967203525862 0.0 0.0 0.0 -0.0004542679445673663 -0.0013113586004009348 -5.496642129265132e-05 -0.0001586743906485131 0.0 0.0 0.0 0.0 9.300000000000011 0.0 0.0 9.300000000000011 0.0 0.0 0.3 0.05 0.8 0.3 0.05 0.8 0.5 0.1 0.05
607 3.3604297637939453 0.0 0.0 0.0 0.0 0.0 0.0 0.12903969966173287 0.07669698279264706 -0.06425275532102209 0.004207490161057759 0.0 0.0014024967203525862 0.0 0.0 0.0 -0.0004542679445673663 -0.0013113586004009348 -5.496642129265132e-05 -0.0001586743906485131 0.0 0.0 0.0 0.0 9.300000000000011 0.0 0.0 9.300000000000011 0.0 0.0 0.3 0.05 0.8 0.3 0.05 0.8 0.5 0.1 0.05
608 3.3659558296203613 0.0 0.0 0.0 0.0 0.0 0.0 0.13441120673894952 0.07953566957213365 -0.06808079557237401 0.004207490161057759 0.0 0.0014024967203525862 0.0 0.0 0.0 -0.0004542679445673663 -0.0013113586004009348 -5.496642129265132e-05 -0.0001586743906485131 0.0 0.0 0.0 0.0 9.300000000000011 0.0 0.0 9.300000000000011 0.0 0.0 0.3 0.05 0.8 0.3 0.05 0.8 0.5 0.1 0.05
609 3.3716702461242676 0.0 0.0 0.0 0.0 0.0 0.0 0.13939819091367764 0.08215927272258927 -0.07152808473478182 0.004207490161057759 0.0 0.0014024967203525862 0.0 0.0 0.0 -0.0004542679445673663 -0.0013113586004009348 -5.496642129265132e-05 -0.0001586743906485131 0.0 0.0 0.0 0.0 9.300000000000011 0.0 0.0 9.300000000000011 0.0 0.0 0.3 0.05 0.8 0.3 0.05 0.8 0.5 0.1 0.05
610 3.3775699138641357 0.0 0.0 0.0 0.0 0.0 0.0 0.14400105985288647 0.08473052495252328 -0.0747469232438232 0.004207490161057759 0.0 0.0014024967203525862 0.0 0.0 0.0 -0.0004542679445673663 -0.0013113586004009348 -5.496642129265132e-05 -0.0001586743906485131 0.0 0.0 0.0 0.0 9.300000000000011 0.0 0.0 9.300000000000011 0.0 0.0 0.3 0.05 0.8 0.3 0.05 0.8 0.5 0.1 0.05
611 3.384014368057251 0.0 0.0 0.0 0.0 0.0 0.0 0.14829676337411896 0.0871936614127829 -0.07782873904456053 0.004207490161057759 0.0 0.0014024967203525862 0.0 0.0 0.0 -0.0004542679445673663 -0.0013113586004009348 -5.496642129265132e-05 -0.0001586743906485131 0.0 0.0 0.0 0.0 9.300000000000011 0.0 0.0 9.300000000000011 0.0 0.0 0.3 0.05 0.8 0.3 0.05 0.8 0.5 0.1 0.05
612 3.390019178390503 0.0 0.0 0.0 0.0 0.0 0.0 0.15371204905134972 0.0902822217233106 -0.08174868461936327 0.004207490161057759 0.0 0.0014024967203525862 0.0 0.0 0.0 -0.0004542679445673663 -0.0013113586004009348 -5.496642129265132e-05 -0.0001586743906485131 0.0 0.0 0.0 0.0 9.300000000000011 0.0 0.0 9.300000000000011 0.0 0.0 0.3 0.05 0.8 0.3 0.05 0.8 0.5 0.1 0.05
613 3.3960041999816895 0.0 0.0 0.0 0.0 0.0 0.0 0.15696122045768818 0.09213535790962724 -0.0841006519642449 0.004207490161057759 0.0 0.0014024967203525862 0.0 0.0 0.0 -0.0004542679445673663 -0.0013113586004009348 -5.496642129265132e-05 -0.0001586743906485131 0.0 0.0 0.0 0.0 9.300000000000011 0.0 0.0 9.300000000000011 0.0 0.0 0.3 0.05 0.8 0.3 0.05 0.8 0.5 0.1 0.05
614 3.401784658432007 0.0 0.0 0.0 0.0 0.0 0.0 0.16174858686598254 0.09455112698866575 -0.08750601305049518 0.004207490161057759 0.0 0.0014024967203525862 0.0 0.0 0.0 -0.0004542679445673663 -0.0013113586004009348 -5.496642129265132e-05 -0.0001586743906485131 0.0 0.0 0.0 0.0 9.300000000000011 0.0 0.0 9.300000000000011 0.0 0.0 0.3 0.05 0.8 0.3 0.05 0.8 0.5 0.1 0.05
615 3.4076437950134277 0.0 0.0 0.0 0.0 0.0 0.0 0.16715207622809478 0.09699767281528501 -0.09146673496652757 0.004207490161057759 0.0 0.0014024967203525862 -0.298213208665232 0.0 0.0 -0.0004542679445673663 -0.0013113586004009348 -5.496642129265132e-05 -0.0001586743906485131 0.0 0.0 0.0 0.0 9.300000000000011 0.0 0.0 9.300000000000011 0.0 0.0 0.3 0.05 0.8 0.3 0.05 0.8 0.5 0.1 0.05
616 3.414386749267578 0.0 0.0 0.0 0.0 0.0 0.0 0.1713145609281258 0.09884909659574145 -0.09476351151519487 0.0028049934407051724 0.0 0.0014024967203525862 0.0 0.0 0.0 -0.0004542679445673663 -0.0007868151602405608 -5.496642129265132e-05 -9.520463438910785e-05 0.0 0.012693951251881053 0.0 0.0 9.300000000000011 0.0 0.0 9.300000000000011 0.0 0.0 0.3 0.05 0.8 0.3 0.05 0.8 0.5 0.1 0.05
617 3.4202721118927 0.0 0.0 0.0 0.0 0.0 0.0 0.17457903835664967 0.10034344714850017 -0.09758529311211986 0.0028049934407051724 0.0 0.0014024967203525862 0.0 0.0 0.0 -0.0004542679445673663 -0.0007868151602405608 -5.496642129265132e-05 -9.520463438910785e-05 0.0 0.0 0.0 0.0 9.300000000000011 0.0 0.0 9.300000000000011 0.0 0.0 0.3 0.05 0.8 0.3 0.05 0.8 0.5 0.1 0.05
618 3.4265270233154297 0.0 0.0 0.0 0.0 0.0 0.0 0.17715131886893976 0.10162355376464027 -0.10004535463924458 0.0028049934407051724 0.0 0.0014024967203525862 0.0 0.0 0.0 -0.0004542679445673663 -0.0007868151602405608 -5.496642129265132e-05 -9.520463438910785e-05 0.0 0.0 0.0 0.0 9.300000000000011 0.0 0.0 9.300000000000011 0.0 0.0 0.3 0.05 0.8 0.3 0.05 0.8 0.5 0.1 0.05
619 3.4327850341796875 0.0 0.0 0.0 0.0 0.0 0.0 0.17915488271769564 0.10269841476191222 -0.10221166102573426 0.0028049934407051724 0.0 0.0014024967203525862 0.0 0.0 0.0 -0.0004542679445673663 -0.0007868151602405608 -5.496642129265132e-05 -9.520463438910785e-05 0.0 0.0 0.0 0.0 9.300000000000011 0.0 0.0 9.300000000000011 0.0 0.0 0.3 0.05 0.8 0.3 0.05 0.8 0.5 0.1 0.05
620 3.4387755393981934 0.0 0.0 0.0 0.0 0.0 0.0 0.18104730837855743 0.10349672391360484 -0.1048153560667345 0.0028049934407051724 0.0 0.0014024967203525862 -0.2660274507497319 0.0 0.0 -0.0004542679445673663 -0.0007868151602405608 -5.496642129265132e-05 -9.520463438910785e-05 0.0 0.0 0.0 0.0 9.300000000000011 0.0 0.0 9.300000000000011 0.0 0.0 0.3 0.05 0.8 0.3 0.05 0.8 0.5 0.1 0.05
621 3.4451122283935547 0.0 0.0 0.0 0.0 0.0 0.0 0.18241286154576544 0.10397570940462042 -0.10691444404775555 0.0014024967203525862 0.0 0.0014024967203525862 0.0 0.0 0.0 -0.0004542679445673663 -0.00026227172008018695 -5.496642129265132e-05 -3.173487812970262e-05 0.0 0.012693951251881044 0.0 0.0 9.300000000000011 0.0 0.0 9.300000000000011 0.0 0.0 0.3 0.05 0.8 0.3 0.05 0.8 0.5 0.1 0.05
622 3.45174241065979 0.0 0.0 0.0 0.0 0.0 0.0 0.18323219344609026 0.1041097081459003 -0.10855741696271096 0.0014024967203525862 0.0 0.0014024967203525862 0.0 0.0 0.0 -0.0004542679445673663 -0.00026227172008018695 -5.496642129265132e-05 -3.173487812970262e-05 0.0 0.0 0.0 0.0 9.300000000000011 0.0 0.0 9.300000000000011 0.0 0.0 0.3 0.05 0.8 0.3 0.05 0.8 0.5 0.1 0.05
623 3.457594871520996 0.0 0.0 0.0 0.0 0.0 0.0 0.18334029630180027 0.10388331036308035 -0.11015679476685998 0.0014024967203525862 0.0 0.0014024967203525862 0.0 0.0 0.0 -0.0004542679445673663 -0.00026227172008018695 -5.496642129265132e-05 -3.173487812970262e-05 0.0 0.0 0.0 0.0 9.300000000000011 0.0 0.0 9.300000000000011 0.0 0.0 0.3 0.05 0.8 0.3 0.05 0.8 0.5 0.1 0.05
624 3.4633991718292236 0.0 0.0 0.0 0.0 0.0 0.0 0.18302166769120587 0.10351737392269746 -0.11119309686438844 0.0014024967203525862 0.0 0.0014024967203525862 0.0 0.0 0.0 -0.0004542679445673663 -0.00026227172008018695 -5.496642129265132e-05 -3.173487812970262e-05 0.0 0.0 0.0 0.0 9.300000000000011 0.0 0.0 9.300000000000011 0.0 0.0 0.3 0.05 0.8 0.3 0.05 0.8 0.5 0.1 0.05
625 3.4693100452423096 0.0 0.0 0.0 0.0 0.0 0.0 0.18244699424036437 0.10291431577398286 -0.11189160122166042 0.0014024967203525862 0.0 0.0014024967203525862 0.0 0.0 0.0 -0.0004542679445673663 -0.00026227172008018695 -5.496642129265132e-05 -3.173487812970262e-05 0.0 0.0 0.0 0.0 9.300000000000011 0.0 0.0 9.300000000000011 0.0 0.0 0.3 0.05 0.8 0.3 0.05 0.8 0.5 0.1 0.05
626 3.4755358695983887 0.0 0.0 0.0 0.0 0.0 0.0 0.18210219016985948 0.1025524808847541 -0.1123107038360236 0.0014024967203525862 0.0 0.0014024967203525862 0.0 0.0 0.0 -0.0004542679445673663 -0.00026227172008018695 -5.496642129265132e-05 -3.173487812970262e-05 0.0 0.0 0.0 0.0 9.300000000000011 0.0 0.0 9.300000000000011 0.0 0.0 0.3 0.05 0.8 0.3 0.05 0.8 0.5 0.1 0.05
627 3.482045888900757 0.0 0.0 0.0 0.0 0.0 0.0 0.1808982173878959 0.10133828961155619 -0.11240876689084756 0.0014024967203525862 0.0 0.0014024967203525862 0.0 0.0 0.0 -0.0004542679445673663 -0.00026227172008018695 -5.496642129265132e-05 -3.173487812970262e-05 0.0 0.0 0.0 0.0 9.300000000000011 0.0 0.0 9.300000000000011 0.0 0.0 0.3 0.05 0.8 0.3 0.05 0.8 0.5 0.1 0.05
628 3.4883952140808105 0.0 0.0 0.0 0.0 0.0 0.0 0.17864185454124282 0.09945929195464734 -0.1120074091823601 0.0014024967203525862 0.0 0.0014024967203525862 0.0 0.0 0.0 -0.0004542679445673663 -0.00026227172008018695 -5.496642129265132e-05 -3.173487812970262e-05 0.0 0.0 0.0 0.0 9.300000000000011 0.0 0.0 9.300000000000011 0.0 0.0 0.3 0.05 0.8 0.3 0.05 0.8 0.5 0.1 0.05
629 3.494932174682617 0.0 0.0 0.0 0.0 0.0 0.0 0.17629094947382254 0.0978716978191202 -0.11138307443092485 0.0014024967203525862 0.0 0.0014024967203525862 0.0 0.0 0.0 -0.0004542679445673663 -0.00026227172008018695 -5.496642129265132e-05 -3.173487812970262e-05 0.0 0.0 0.0 0.0 9.300000000000011 0.0 0.0 9.300000000000011 0.0 0.0 0.3 0.05 0.8 0.3 0.05 0.8 0.5 0.1 0.05
630 3.501116991043091 0.0 0.0 0.0 0.0 0.0 0.0 0.17380661981704498 0.09645894579642207 -0.11062500113743674 0.0014024967203525862 0.0 0.0014024967203525862 0.0 0.0 0.0 -0.0004542679445673663 -0.00026227172008018695 -5.496642129265132e-05 -3.173487812970262e-05 0.0 0.0 0.0 0.0 9.300000000000011 0.0 0.0 9.300000000000011 0.0 0.0 0.3 0.05 0.8 0.3 0.05 0.8 0.5 0.1 0.05
631 3.506649971008301 0.0 0.0 0.0 0.0 0.0 0.0 0.1711655361497561 0.09507440574498886 -0.10970996161996205 0.0014024967203525862 0.0 0.0014024967203525862 0.0 0.0 0.0 -0.0004542679445673663 -0.00026227172008018695 -5.496642129265132e-05 -3.173487812970262e-05 0.0 0.0 0.0 0.0 9.300000000000011 0.0 0.0 9.300000000000011 0.0 0.0 0.3 0.05 0.8 0.3 0.05 0.8 0.5 0.1 0.05
632 3.512287139892578 0.0 0.0 0.0 0.0 0.0 0.0 0.16843040007616042 0.09363008765895316 -0.10862401926934051 0.0014024967203525862 0.0 0.0014024967203525862 0.0 0.0 0.0 -0.0004542679445673663 -0.00026227172008018695 -5.496642129265132e-05 -3.173487812970262e-05 0.0 0.0 0.0 0.0 9.300000000000011 0.0 0.0 9.300000000000011 0.0 0.0 0.3 0.05 0.8 0.3 0.05 0.8 0.5 0.1 0.05
633 3.518470048904419 0.0 0.0 0.0 0.0 0.0 0.0 0.16441164742866132 0.0913829161436507 -0.10689866426240997 0.0014024967203525862 0.0 0.0014024967203525862 0.0 0.0 0.0 -0.0004542679445673663 -0.00026227172008018695 -5.496642129265132e-05 -3.173487812970262e-05 0.0 0.0 0.0 0.0 9.300000000000011 0.0 0.0 9.300000000000011 0.0 0.0 0.3 0.05 0.8 0.3 0.05 0.8 0.5 0.1 0.05
634 3.524078607559204 0.0 0.0 0.0 0.0 0.0 0.0 0.16069651443337782 0.08942101917929345 -0.10540325571686981 0.0014024967203525862 0.0 0.0014024967203525862 0.0 0.0 0.0 -0.0004542679445673663 -0.00026227172008018695 -5.496642129265132e-05 -3.173487812970262e-05 0.0 0.0 0.0 0.0 9.300000000000011 0.0 0.0 9.300000000000011 0.0 0.0 0.3 0.05 0.8 0.3 0.05 0.8 0.5 0.1 0.05
635 3.5295984745025635 0.0 0.0 0.0 0.0 0.0 0.0 0.15846743463620772 0.08824388100067909 -0.10450601058954571 0.0014024967203525862 0.0 0.0014024967203525862 0.0 0.0 0.0 -0.0004542679445673663 -0.00026227172008018695 -5.496642129265132e-05 -3.173487812970262e-05 0.0 0.0 0.0 0.0 9.300000000000011 0.0 0.0 9.300000000000011 0.0 0.0 0.3 0.05 0.8 0.3 0.05 0.8 0.5 0.1 0.05
636 3.5356359481811523 0.0 0.0 0.0 0.0 0.0 0.0 0.15436881947007913 0.08615701742982945 -0.10297059701534853 0.0014024967203525862 0.0 0.0014024967203525862 0.0 0.0 0.0 -0.0004542679445673663 -0.00026227172008018695 -5.496642129265132e-05 -3.173487812970262e-05 0.0 0.0 0.0 0.0 9.300000000000011 0.0 0.0 9.300000000000011 0.0 0.0 0.3 0.05 0.8 0.3 0.05 0.8 0.5 0.1 0.05
637 3.5414202213287354 0.0 0.0 0.0 0.0 0.0 0.0 0.15045237044982396 0.08413790671834995 -0.10158915332944837 0.0014024967203525862 0.0 0.0014024967203525862 0.0 0.0 0.0 -0.0004542679445673663 -0.00026227172008018695 -5.496642129265132e-05 -3.173487812970262e-05 0.0 0.0 0.0 0.0 9.300000000000011 0.0 0.0 9.300000000000011 0.0 0.0 0.3 0.05 0.8 0.3 0.05 0.8 0.5 0.1 0.05
638 3.547564744949341 0.0 0.0 0.0 0.0 0.0 0.0 0.1451112359791534 0.08139246111398726 -0.09976322062010555 0.0014024967203525862 0.0 0.0014024967203525862 0.0 0.0 0.0 -0.0004542679445673663 -0.00026227172008018695 -5.496642129265132e-05 -3.173487812970262e-05 0.0 0.0 0.0 0.0 9.300000000000011 0.0 0.0 9.300000000000011 0.0 0.0 0.3 0.05 0.8 0.3 0.05 0.8 0.5 0.1 0.05
639 3.5528831481933594 0.0 0.0 0.0 0.0 0.0 0.0 0.14190655529675109 0.07974519375136965 -0.09866766099449986 0.0014024967203525862 0.0 0.0014024967203525862 0.0 0.0 0.0 -0.0004542679445673663 -0.00026227172008018695 -5.496642129265132e-05 -3.173487812970262e-05 0.0 0.0 0.0 0.0 9.300000000000011 0.0 0.0 9.300000000000011 0.0 0.0 0.3 0.05 0.8 0.3 0.05 0.8 0.5 0.1 0.05
640 3.558114767074585 0.0 0.0 0.0 0.0 0.0 0.0 0.1369157855521275 0.07722284819585963 -0.09701321103761788 0.0014024967203525862 0.0 0.0014024967203525862 0.0 0.0 0.0 -0.0004542679445673663 -0.00026227172008018695 -5.496642129265132e-05 -3.173487812970262e-05 0.0 0.0 0.0 0.0 9.300000000000011 0.0 0.0 9.300000000000011 0.0 0.0 0.3 0.05 0.8 0.3 0.05 0.8 0.5 0.1 0.05
641 3.5634617805480957 0.0 0.0 0.0 0.0 0.0 0.0 0.13238734452787837 0.07501915351094535 -0.09556034552210685 0.0014024967203525862 0.0 0.0014024967203525862 0.0 0.0 0.0 -0.0004542679445673663 -0.00026227172008018695 -5.496642129265132e-05 -3.173487812970262e-05 0.0 0.0 0.0 0.0 9.300000000000011 0.0 0.0 9.300000000000011 0.0 0.0 0.3 0.05 0.8 0.3 0.05 0.8 0.5 0.1 0.05
642 3.5691118240356445 0.0 0.0 0.0 0.0 0.0 0.0 0.1281362977556217 0.07292994413102705 -0.09415175525637934 0.0014024967203525862 0.0 0.0014024967203525862 0.0 0.0 0.0 -0.0004542679445673663 -0.00026227172008018695 -5.496642129265132e-05 -3.173487812970262e-05 0.0 0.0 0.0 0.0 9.300000000000011 0.0 0.0 9.300000000000011 0.0 0.0 0.3 0.05 0.8 0.3 0.05 0.8 0.5 0.1 0.05
643 3.5745797157287598 0.0 0.0 0.0 0.0 0.0 0.0 0.12389829200099875 0.07083272667720937 -0.09292308097060006 0.0014024967203525862 0.0 0.0014024967203525862 0.0 0.0 0.0 -0.0004542679445673663 -0.00026227172008018695 -5.496642129265132e-05 -3.173487812970262e-05 0.0 0.0 0.0 0.0 9.300000000000011 0.0 0.0 9.300000000000011 0.0 0.0 0.3 0.05 0.8 0.3 0.05 0.8 0.5 0.1 0.05
644 3.5799665451049805 0.0 0.0 0.0 0.0 0.0 0.0 0.11951471234316212 0.06873071033951654 -0.09180240395650555 0.0014024967203525862 0.0 0.0014024967203525862 0.0 0.0 0.0 -0.0004542679445673663 -0.00026227172008018695 -5.496642129265132e-05 -3.173487812970262e-05 0.0 0.0 0.0 0.0 9.300000000000011 0.0 0.0 9.300000000000011 0.0 0.0 0.3 0.05 0.8 0.3 0.05 0.8 0.5 0.1 0.05
645 3.585304021835327 0.0 0.0 0.0 0.0 0.0 0.0 0.115120484620062 0.0664724101972402 -0.0908998761355 0.0014024967203525862 0.0 0.0014024967203525862 0.2547215256724639 0.0 0.0 -0.0004542679445673663 -0.00026227172008018695 -5.496642129265132e-05 -3.173487812970262e-05 0.0 0.0 0.0 0.0 9.300000000000011 0.0 0.0 9.300000000000011 0.0 0.0 0.3 0.05 0.8 0.3 0.05 0.8 0.5 0.1 0.05
646 3.590762138366699 0.0 0.0 0.0 0.0 0.0 0.0 0.11064317178113905 0.06412034573267823 -0.09012828551406367 0.0028049934407051724 0.0 0.0014024967203525862 0.0 0.0 0.0 -0.0004542679445673663 -0.0007868151602405608 -5.496642129265132e-05 -9.520463438910785e-05 0.0 -0.012693951251881044 0.0 0.0 9.300000000000011 0.0 0.0 9.300000000000011 0.0 0.0 0.3 0.05 0.8 0.3 0.05 0.8 0.5 0.1 0.05
647 3.596175193786621 0.0 0.0 0.0 0.0 0.0 0.0 0.10611600638260632 0.061635317457383425 -0.08935853411361398 0.0028049934407051724 0.0 0.0014024967203525862 0.0 0.0 0.0 -0.0004542679445673663 -0.0007868151602405608 -5.496642129265132e-05 -9.520463438910785e-05 0.0 0.0 0.0 0.0 9.300000000000011 0.0 0.0 9.300000000000011 0.0 0.0 0.3 0.05 0.8 0.3 0.05 0.8 0.5 0.1 0.05
648 3.601745128631592 0.0 0.0 0.0 0.0 0.0 0.0 0.1015589309384238 0.05922391536990735 -0.08866656166079534 0.0028049934407051724 0.0 0.0014024967203525862 0.0 0.0 0.0 -0.0004542679445673663 -0.0007868151602405608 -5.496642129265132e-05 -9.520463438910785e-05 0.0 0.0 0.0 0.0 9.300000000000011 0.0 0.0 9.300000000000011 0.0 0.0 0.3 0.05 0.8 0.3 0.05 0.8 0.5 0.1 0.05
649 3.6072938442230225 0.0 0.0 0.0 0.0 0.0 0.0 0.09706060723363227 0.05685668303465803 -0.08802130426027115 0.0028049934407051724 0.0 0.0014024967203525862 0.0 0.0 0.0 -0.0004542679445673663 -0.0007868151602405608 -5.496642129265132e-05 -9.520463438910785e-05 0.0 0.0 0.0 0.0 9.300000000000011 0.0 0.0 9.300000000000011 0.0 0.0 0.3 0.05 0.8 0.3 0.05 0.8 0.5 0.1 0.05
650 3.612661838531494 0.0 0.0 0.0 0.0 0.0 0.0 0.09091015688120643 0.05367226668534254 -0.08702055576478085 0.0028049934407051724 0.0 0.0014024967203525862 0.0 0.0 0.0 -0.0004542679445673663 -0.0007868151602405608 -5.496642129265132e-05 -9.520463438910785e-05 0.0 0.0 0.0 0.0 9.300000000000011 0.0 0.0 9.300000000000011 0.0 0.0 0.3 0.05 0.8 0.3 0.05 0.8 0.5 0.1 0.05
651 3.6180853843688965 0.0 0.0 0.0 0.0 0.0 0.0 0.08553250674330784 0.05084122579298958 -0.08611330963989877 0.0028049934407051724 0.0 0.0014024967203525862 0.0 0.0 0.0 -0.0004542679445673663 -0.0007868151602405608 -5.496642129265132e-05 -9.520463438910785e-05 0.0 0.0 0.0 0.0 9.300000000000011 0.0 0.0 9.300000000000011 0.0 0.0 0.3 0.05 0.8 0.3 0.05 0.8 0.5 0.1 0.05
652 3.6234488487243652 0.0 0.0 0.0 0.0 0.0 0.0 0.0806185382242417 0.048222216135278606 -0.08526216493738165 0.0028049934407051724 0.0 0.0014024967203525862 0.0 0.0 0.0 -0.0004542679445673663 -0.0007868151602405608 -5.496642129265132e-05 -9.520463438910785e-05 0.0 0.0 0.0 0.0 9.300000000000011 0.0 0.0 9.300000000000011 0.0 0.0 0.3 0.05 0.8 0.3 0.05 0.8 0.5 0.1 0.05
653 3.628798484802246 0.0 0.0 0.0 0.0 0.0 0.0 0.07598277793141697 0.04565372000099138 -0.08444468108828349 0.0028049934407051724 0.0 0.0014024967203525862 0.0 0.0 0.0 -0.0004542679445673663 -0.0007868151602405608 -5.496642129265132e-05 -9.520463438910785e-05 0.0 0.0 0.0 0.0 9.300000000000011 0.0 0.0 9.300000000000011 0.0 0.0 0.3 0.05 0.8 0.3 0.05 0.8 0.5 0.1 0.05
654 3.6341476440429688 0.0 0.0 0.0 0.0 0.0 0.0 0.07320132175572214 0.04411262232041905 -0.08395419077882457 0.0028049934407051724 0.0 0.0014024967203525862 0.0 0.0 0.0 -0.0004542679445673663 -0.0007868151602405608 -5.496642129265132e-05 -9.520463438910785e-05 0.0 0.0 0.0 0.0 9.300000000000011 0.0 0.0 9.300000000000011 0.0 0.0 0.3 0.05 0.8 0.3 0.05 0.8 0.5 0.1 0.05
655 3.63946270942688 0.0 0.0 0.0 0.0 0.0 0.0 0.0681576904325932 0.04127048825011581 -0.08296957943921857 0.0028049934407051724 0.0 0.0014024967203525862 0.0 0.0 0.0 -0.0004542679445673663 -0.0007868151602405608 -5.496642129265132e-05 -9.520463438910785e-05 0.0 0.0 0.0 0.0 9.300000000000011 0.0 0.0 9.300000000000011 0.0 0.0 0.3 0.05 0.8 0.3 0.05 0.8 0.5 0.1 0.05
656 3.644853115081787 0.0 0.0 0.0 0.0 0.0 0.0 0.06352083171422779 0.038644819705402435 -0.08199534019282802 0.0028049934407051724 0.0 0.0014024967203525862 0.0 0.0 0.0 -0.0004542679445673663 -0.0007868151602405608 -5.496642129265132e-05 -9.520463438910785e-05 0.0 0.0 0.0 0.0 9.300000000000011 0.0 0.0 9.300000000000011 0.0 0.0 0.3 0.05 0.8 0.3 0.05 0.8 0.5 0.1 0.05
657 3.6502041816711426 0.0 0.0 0.0 0.0 0.0 0.0 0.05912803655872047 0.03622572973293994 -0.08102727651865091 0.0028049934407051724 0.0 0.0014024967203525862 0.0 0.0 0.0 -0.0004542679445673663 -0.0007868151602405608 -5.496642129265132e-05 -9.520463438910785e-05 0.0 0.0 0.0 0.0 9.300000000000011 0.0 0.0 9.300000000000011 0.0 0.0 0.3 0.05 0.8 0.3 0.05 0.8 0.5 0.1 0.05
658 3.6555213928222656 0.0 0.0 0.0 0.0 0.0 0.0 0.05495837868140965 0.033930586903828 -0.08006296587151769 0.0028049934407051724 0.0 0.0014024967203525862 0.0 0.0 0.0 -0.0004542679445673663 -0.0007868151602405608 -5.496642129265132e-05 -9.520463438910785e-05 0.0 0.0 0.0 0.0 9.300000000000011 0.0 0.0 9.300000000000011 0.0 0.0 0.3 0.05 0.8 0.3 0.05 0.8 0.5 0.1 0.05
659 3.6607861518859863 0.0 0.0 0.0 0.0 0.0 0.0 0.05107600117258328 0.03170981236072637 -0.07910085935689498 0.0028049934407051724 0.0 0.0014024967203525862 0.0 0.0 0.0 -0.0004542679445673663 -0.0007868151602405608 -5.496642129265132e-05 -9.520463438910785e-05 0.0 0.0 0.0 0.0 9.300000000000011 0.0 0.0 9.300000000000011 0.0 0.0 0.3 0.05 0.8 0.3 0.05 0.8 0.5 0.1 0.05
660 3.666044235229492 0.0 0.0 0.0 0.0 0.0 0.0 0.047289292884064305 0.029533655808998686 -0.07814012300549442 0.0028049934407051724 0.0 0.0014024967203525862 0.0 0.0 0.0 -0.0004542679445673663 -0.0007868151602405608 -5.496642129265132e-05 -9.520463438910785e-05 0.0 0.0 0.0 0.0 9.300000000000011 0.0 0.0 9.300000000000011 0.0 0.0 0.3 0.05 0.8 0.3 0.05 0.8 0.5 0.1 0.05
661 3.671494245529175 0.0 0.0 0.0 0.0 0.0 0.0 0.043636685012097706 0.027460972289224592 -0.07725688416706618 0.0028049934407051724 0.0 0.0014024967203525862 0.0 0.0 0.0 -0.0004542679445673663 -0.0007868151602405608 -5.496642129265132e-05 -9.520463438910785e-05 0.0 0.0 0.0 0.0 9.300000000000011 0.0 0.0 9.300000000000011 0.0 0.0 0.3 0.05 0.8 0.3 0.05 0.8 0.5 0.1 0.05
662 3.6767683029174805 0.0 0.0 0.0 0.0 0.0 0.0 0.04006453776259157 0.025373673331725674 -0.07634346842138229 0.0028049934407051724 0.0 0.0014024967203525862 0.0 0.0 0.0 -0.0004542679445673663 -0.0007868151602405608 -5.496642129265132e-05 -9.520463438910785e-05 0.0 0.0 0.0 0.0 9.300000000000011 0.0 0.0 9.300000000000011 0.0 0.0 0.3 0.05 0.8 0.3 0.05 0.8 0.5 0.1 0.05
663 3.682156562805176 0.0 0.0 0.0 0.0 0.0 0.0 0.03654066651403268 0.023354304368488836 -0.07548862194638406 0.0028049934407051724 0.0 0.0014024967203525862 0.0 0.0 0.0 -0.0004542679445673663 -0.0007868151602405608 -5.496642129265132e-05 -9.520463438910785e-05 0.0 0.0 0.0 0.0 9.300000000000011 0.0 0.0 9.300000000000011 0.0 0.0 0.3 0.05 0.8 0.3 0.05 0.8 0.5 0.1 0.05
664 3.687455654144287 0.0 0.0 0.0 0.0 0.0 0.0 0.03312246012293911 0.021375690421577005 -0.07466891703379723 0.0028049934407051724 0.0 0.0014024967203525862 0.0 0.0 0.0 -0.0004542679445673663 -0.0007868151602405608 -5.496642129265132e-05 -9.520463438910785e-05 0.0 0.0 0.0 0.0 9.300000000000011 0.0 0.0 9.300000000000011 0.0 0.0 0.3 0.05 0.8 0.3 0.05 0.8 0.5 0.1 0.05
665 3.6928107738494873 0.0 0.0 0.0 0.0 0.0 0.0 0.02869386602999935 0.018731242132851905 -0.07364017544610842 0.0028049934407051724 0.0 0.0014024967203525862 0.0 0.0 0.0 -0.0004542679445673663 -0.0007868151602405608 -5.496642129265132e-05 -9.520463438910785e-05 0.0 0.0 0.0 0.0 9.300000000000011 0.0 0.0 9.300000000000011 0.0 0.0 0.3 0.05 0.8 0.3 0.05 0.8 0.5 0.1 0.05
666 3.6980655193328857 0.0 0.0 0.0 0.0 0.0 0.0 0.024886223701013142 0.01645427984754409 -0.07271613346590725 0.0028049934407051724 0.0 0.0014024967203525862 0.0 0.0 0.0 -0.0004542679445673663 -0.0007868151602405608 -5.496642129265132e-05 -9.520463438910785e-05 0.0 0.0 0.0 0.0 9.300000000000011 0.0 0.0 9.300000000000011 0.0 0.0 0.3 0.05 0.8 0.3 0.05 0.8 0.5 0.1 0.05
667 3.7034032344818115 0.0 0.0 0.0 0.0 0.0 0.0 0.0215278524323541 0.014474511401415858 -0.07200830976399258 0.0028049934407051724 0.0 0.0014024967203525862 0.0 0.0 0.0 -0.0004542679445673663 -0.0007868151602405608 -5.496642129265132e-05 -9.520463438910785e-05 0.0 0.0 0.0 0.0 9.300000000000011 0.0 0.0 9.300000000000011 0.0 0.0 0.3 0.05 0.8 0.3 0.05 0.8 0.5 0.1 0.05
668 3.708679676055908 0.0 0.0 0.0 0.0 0.0 0.0 0.0184390430548333 0.012673059258795374 -0.07135354161401078 0.0028049934407051724 0.0 0.0014024967203525862 0.0 0.0 0.0 -0.0004542679445673663 -0.0007868151602405608 -5.496642129265132e-05 -9.520463438910785e-05 0.0 0.0 0.0 0.0 9.300000000000011 0.0 0.0 9.300000000000011 0.0 0.0 0.3 0.05 0.8 0.3 0.05 0.8 0.5 0.1 0.05
669 3.714006185531616 0.0 0.0 0.0 0.0 0.0 0.0 0.016585757428320816 0.011592187973223086 -0.0709606807240217 0.0028049934407051724 0.0 0.0014024967203525862 0.0 0.0 0.0 -0.0004542679445673663 -0.0007868151602405608 -5.496642129265132e-05 -9.520463438910785e-05 0.0 0.0 0.0 0.0 9.300000000000011 0.0 0.0 9.300000000000011 0.0 0.0 0.3 0.05 0.8 0.3 0.05 0.8 0.5 0.1 0.05
670 3.7192294597625732 0.0 0.0 0.0 0.0 0.0 0.0 0.013479609843440396 0.00979317932865736 -0.07049484257747943 0.0028049934407051724 0.0 0.0014024967203525862 -0.26357765840116265 0.0 0.0 -0.0004542679445673663 -0.0007868151602405608 -5.496642129265132e-05 -9.520463438910785e-05 0.0 0.0 0.0 0.0 9.300000000000011 0.0 0.0 9.300000000000011 0.0 0.0 0.3 0.05 0.8 0.3 0.05 0.8 0.5 0.1 0.05
671 3.724536180496216 0.0 0.0 0.0 0.0 0.0 0.0 0.010695533189980712 0.0 -0.07006194117576012 0.0014024967203525862 0.0 0.0014024967203525862 0.0 0.0 0.0 -0.0004542679445673663 -0.00026227172008018695 -5.496642129265132e-05 -3.173487812970262e-05 0.0 0.012693951251881044 0.0 0.0 9.300000000000011 0.0 0.0 9.300000000000011 0.0 0.0 0.3 0.05 0.8 0.3 0.05 0.8 0.5 0.1 0.05
672 3.7298145294189453 0.0 0.0 0.0 0.0 0.0 0.0 0.0 0.0 -0.06972552491968947 0.0014024967203525862 0.0 0.0014024967203525862 0.0 0.0 0.0 -0.0004542679445673663 -0.00026227172008018695 -5.496642129265132e-05 -3.173487812970262e-05 0.0 0.0 0.0 0.0 9.300000000000011 0.0 0.0 9.300000000000011 0.0 0.0 0.3 0.05 0.8 0.3 0.05 0.8 0.5 0.1 0.05
673 3.7351183891296387 0.0 0.0 0.0 0.0 0.0 0.0 0.0 0.0 -0.06937027665225313 0.0014024967203525862 0.0 0.0014024967203525862 0.0 0.0 0.0 -0.0004542679445673663 -0.00026227172008018695 -5.496642129265132e-05 -3.173487812970262e-05 0.0 0.0 0.0 0.0 9.300000000000011 0.0 0.0 9.300000000000011 0.0 0.0 0.3 0.05 0.8 0.3 0.05 0.8 0.5 0.1 0.05
674 3.740356683731079 0.0 0.0 0.0 0.0 0.0 0.0 0.0 0.0 -0.06908040459303645 0.0014024967203525862 0.0 0.0014024967203525862 0.0 0.0 0.0 -0.0004542679445673663 -0.00026227172008018695 -5.496642129265132e-05 -3.173487812970262e-05 0.0 0.0 0.0 0.0 9.300000000000011 0.0 0.0 9.300000000000011 0.0 0.0 0.3 0.05 0.8 0.3 0.05 0.8 0.5 0.1 0.05
675 3.7456228733062744 0.0 0.0 0.0 0.0 0.0 0.0 0.0 0.0 -0.06882980594246738 0.0014024967203525862 0.0 0.0014024967203525862 0.0 0.0 0.0 -0.0004542679445673663 -0.00026227172008018695 -5.496642129265132e-05 -3.173487812970262e-05 0.0 0.0 0.0 0.0 9.300000000000011 0.0 0.0 9.300000000000011 0.0 0.0 0.3 0.05 0.8 0.3 0.05 0.8 0.5 0.1 0.05
676 3.7509677410125732 0.0 0.0 0.0 0.0 0.0 0.0 0.0 0.0 -0.068526048238332 0.0014024967203525862 0.0 0.0014024967203525862 0.0 0.0 0.0 -0.0004542679445673663 -0.00026227172008018695 -5.496642129265132e-05 -3.173487812970262e-05 0.0 0.0 0.0 0.0 9.300000000000011 0.0 0.0 9.300000000000011 0.0 0.0 0.3 0.05 0.8 0.3 0.05 0.8 0.5 0.1 0.05
677 3.756277084350586 0.0 0.0 0.0 0.0 0.0 0.0 0.0 0.0 -0.06826707051709588 0.0014024967203525862 0.0 0.0014024967203525862 0.0 0.0 0.0 -0.0004542679445673663 -0.00026227172008018695 -5.496642129265132e-05 -3.173487812970262e-05 0.0 0.0 0.0 0.0 9.300000000000011 0.0 0.0 9.300000000000011 0.0 0.0 0.3 0.05 0.8 0.3 0.05 0.8 0.5 0.1 0.05
678 3.761627197265625 0.0 0.0 0.0 0.0 0.0 0.0 0.0 0.0 -0.06811168388435421 0.0014024967203525862 0.0 0.0014024967203525862 0.0 0.0 0.0 -0.0004542679445673663 -0.00026227172008018695 -5.496642129265132e-05 -3.173487812970262e-05 0.0 0.0 0.0 0.0 9.300000000000011 0.0 0.0 9.300000000000011 0.0 0.0 0.3 0.05 0.8 0.3 0.05 0.8 0.5 0.1 0.05
679 3.7669498920440674 0.0 0.0 0.0 0.0 0.0 0.0 0.0 0.0 -0.0680951750034641 0.0014024967203525862 0.0 0.0014024967203525862 0.0 0.0 0.0 -0.0004542679445673663 -0.00026227172008018695 -5.496642129265132e-05 -3.173487812970262e-05 0.0 0.0 0.0 0.0 9.300000000000011 0.0 0.0 9.300000000000011 0.0 0.0 0.3 0.05 0.8 0.3 0.05 0.8 0.5 0.1 0.05
680 3.7721920013427734 0.0 0.0 0.0 0.0 0.0 0.0 0.0 0.0 -0.06808526967493003 0.0014024967203525862 0.0 0.0014024967203525862 0.0 0.0 0.0 -0.0004542679445673663 -0.00026227172008018695 -5.496642129265132e-05 -3.173487812970262e-05 0.0 0.0 0.0 0.0 9.300000000000011 0.0 0.0 9.300000000000011 0.0 0.0 0.3 0.05 0.8 0.3 0.05 0.8 0.5 0.1 0.05
681 3.777590274810791 0.0 0.0 0.0 0.0 0.0 0.0 -0.01038380847355879 0.0 -0.06815600189284865 0.0014024967203525862 0.0 0.0014024967203525862 0.0 0.0 0.0 -0.0004542679445673663 -0.00026227172008018695 -5.496642129265132e-05 -3.173487812970262e-05 0.0 0.0 0.0 0.0 9.300000000000011 0.0 0.0 9.300000000000011 0.0 0.0 0.3 0.05 0.8 0.3 0.05 0.8 0.5 0.1 0.05
682 3.7828803062438965 0.0 0.0 0.0 0.0 0.0 0.0 -0.011906013703233938 0.0 -0.06819844122359982 0.0014024967203525862 0.0 0.0014024967203525862 0.0 0.0 0.0 -0.0004542679445673663 -0.00026227172008018695 -5.496642129265132e-05 -3.173487812970262e-05 0.0 0.0 0.0 0.0 9.300000000000011 0.0 0.0 9.300000000000011 0.0 0.0 0.3 0.05 0.8 0.3 0.05 0.8 0.5 0.1 0.05
683 3.7881829738616943 0.0 0.0 0.0 0.0 0.0 0.0 -0.013356230149201715 0.0 -0.06822390482205051 0.0014024967203525862 0.0 0.0014024967203525862 0.0 0.0 0.0 -0.0004542679445673663 -0.00026227172008018695 -5.496642129265132e-05 -3.173487812970262e-05 0.0 0.0 0.0 0.0 9.300000000000011 0.0 0.0 9.300000000000011 0.0 0.0 0.3 0.05 0.8 0.3 0.05 0.8 0.5 0.1 0.05
684 3.7934553623199463 0.0 0.0 0.0 0.0 0.0 0.0 -0.014226360016782381 0.0 -0.06823918298112093 0.0014024967203525862 0.0 0.0014024967203525862 0.0 0.0 0.0 -0.0004542679445673663 -0.00026227172008018695 -5.496642129265132e-05 -3.173487812970262e-05 0.0 0.0 0.0 0.0 9.300000000000011 0.0 0.0 9.300000000000011 0.0 0.0 0.3 0.05 0.8 0.3 0.05 0.8 0.5 0.1 0.05
685 3.7986817359924316 0.0 0.0 0.0 0.0 0.0 0.0 -0.01582222455365616 0.0 -0.06817167446152411 0.0014024967203525862 0.0 0.0014024967203525862 0.0 0.0 0.0 -0.0004542679445673663 -0.00026227172008018695 -5.496642129265132e-05 -3.173487812970262e-05 0.0 0.0 0.0 0.0 9.300000000000011 0.0 0.0 9.300000000000011 0.0 0.0 0.3 0.05 0.8 0.3 0.05 0.8 0.5 0.1 0.05
686 3.8039095401763916 0.0 0.0 0.0 0.0 0.0 0.0 -0.017393334350723967 0.0 -0.06813116934976604 0.0014024967203525862 0.0 0.0014024967203525862 0.0 0.0 0.0 -0.0004542679445673663 -0.00026227172008018695 -5.496642129265132e-05 -3.173487812970262e-05 0.0 0.0 0.0 0.0 9.300000000000011 0.0 0.0 9.300000000000011 0.0 0.0 0.3 0.05 0.8 0.3 0.05 0.8 0.5 0.1 0.05
687 3.8091864585876465 0.0 0.0 0.0 0.0 0.0 0.0 -0.018949594284140434 0.0 -0.06803014318395631 0.0014024967203525862 0.0 0.0014024967203525862 0.0 0.0 0.0 -0.0004542679445673663 -0.00026227172008018695 -5.496642129265132e-05 -3.173487812970262e-05 0.0 0.0 0.0 0.0 9.300000000000011 0.0 0.0 9.300000000000011 0.0 0.0 0.3 0.05 0.8 0.3 0.05 0.8 0.5 0.1 0.05
688 3.81463360786438 0.0 0.0 0.0 0.0 0.0 0.0 -0.02057364057603083 0.0 -0.06789285206943141 0.0014024967203525862 0.0 0.0014024967203525862 0.0 0.0 0.0 -0.0004542679445673663 -0.00026227172008018695 -5.496642129265132e-05 -3.173487812970262e-05 0.0 0.0 0.0 0.0 9.300000000000011 0.0 0.0 9.300000000000011 0.0 0.0 0.3 0.05 0.8 0.3 0.05 0.8 0.5 0.1 0.05
689 3.8200128078460693 0.0 0.0 0.0 0.0 0.0 0.0 -0.022315060920134796 0.008898519160421434 -0.06765707888692252 0.0014024967203525862 0.0 0.0014024967203525862 0.0 0.0 0.0 -0.0004542679445673663 -0.00026227172008018695 -5.496642129265132e-05 -3.173487812970262e-05 0.0 0.0 0.0 0.0 9.300000000000011 0.0 0.0 9.300000000000011 0.0 0.0 0.3 0.05 0.8 0.3 0.05 0.8 0.5 0.1 0.05
690 3.8253986835479736 0.0 0.0 0.0 0.0 0.0 0.0 -0.024203601972231634 0.009941054989142264 -0.0674388918786623 0.0014024967203525862 0.0 0.0014024967203525862 0.0 0.0 0.0 -0.0004542679445673663 -0.00026227172008018695 -5.496642129265132e-05 -3.173487812970262e-05 0.0 0.0 0.0 0.0 9.300000000000011 0.0 0.0 9.300000000000011 0.0 0.0 0.3 0.05 0.8 0.3 0.05 0.8 0.5 0.1 0.05
691 3.830998659133911 0.0 0.0 0.0 0.0 0.0 0.0 -0.026180415449124198 0.011103471284653572 -0.06715458115991221 0.0014024967203525862 0.0 0.0014024967203525862 0.0 0.0 0.0 -0.0004542679445673663 -0.00026227172008018695 -5.496642129265132e-05 -3.173487812970262e-05 0.0 0.0 0.0 0.0 9.300000000000011 0.0 0.0 9.300000000000011 0.0 0.0 0.3 0.05 0.8 0.3 0.05 0.8 0.5 0.1 0.05
692 3.8363120555877686 0.0 0.0 0.0 0.0 0.0 0.0 -0.028363590894688144 0.012337812880006925 -0.06683059621486823 0.0014024967203525862 0.0 0.0014024967203525862 0.0 0.0 0.0 -0.0004542679445673663 -0.00026227172008018695 -5.496642129265132e-05 -3.173487812970262e-05 0.0 0.0 0.0 0.0 9.300000000000011 0.0 0.0 9.300000000000011 0.0 0.0 0.3 0.05 0.8 0.3 0.05 0.8 0.5 0.1 0.05
693 3.841637372970581 0.0 0.0 0.0 0.0 0.0 0.0 -0.030670583521454915 0.013615312635497746 -0.06648280673404788 0.0014024967203525862 0.0 0.0014024967203525862 0.0 0.0 0.0 -0.0004542679445673663 -0.00026227172008018695 -5.496642129265132e-05 -3.173487812970262e-05 0.0 0.0 0.0 0.0 9.300000000000011 0.0 0.0 9.300000000000011 0.0 0.0 0.3 0.05 0.8 0.3 0.05 0.8 0.5 0.1 0.05
694 3.8468689918518066 0.0 0.0 0.0 0.0 0.0 0.0 -0.03312856571384036 0.014995403563735781 -0.06604405911672268 0.0014024967203525862 0.0 0.0014024967203525862 0.0 0.0 0.0 -0.0004542679445673663 -0.00026227172008018695 -5.496642129265132e-05 -3.173487812970262e-05 0.0 0.0 0.0 0.0 9.300000000000011 0.0 0.0 9.300000000000011 0.0 0.0 0.3 0.05 0.8 0.3 0.05 0.8 0.5 0.1 0.05
695 3.8521125316619873 0.0 0.0 0.0 0.0 0.0 0.0 -0.035677141645597 0.016513748452519118 -0.06547401351873966 0.0014024967203525862 0.0 0.0014024967203525862 0.0 0.0 0.0 -0.0004542679445673663 -0.00026227172008018695 -5.496642129265132e-05 -3.173487812970262e-05 0.0 0.0 0.0 0.0 9.300000000000011 0.0 0.0 9.300000000000011 0.0 0.0 0.3 0.05 0.8 0.3 0.05 0.8 0.5 0.1 0.05
696 3.8573241233825684 0.0 0.0 0.0 0.0 0.0 0.0 -0.03935386043730174 0.018728639772805415 -0.06413487197843129 0.0014024967203525862 0.0 0.0014024967203525862 0.0 0.0 0.0 -0.0004542679445673663 -0.00026227172008018695 -5.496642129265132e-05 -3.173487812970262e-05 0.0 0.0 0.0 0.0 9.300000000000011 0.0 0.0 9.300000000000011 0.0 0.0 0.3 0.05 0.8 0.3 0.05 0.8 0.5 0.1 0.05
697 3.8625659942626953 0.0 0.0 0.0 0.0 0.0 0.0 -0.04263367832864996 0.020747864896817708 -0.06271779299907049 0.0014024967203525862 0.0 0.0014024967203525862 0.0 0.0 0.0 -0.0004542679445673663 -0.00026227172008018695 -5.496642129265132e-05 -3.173487812970262e-05 0.0 0.0 0.0 0.0 9.300000000000011 0.0 0.0 9.300000000000011 0.0 0.0 0.3 0.05 0.8 0.3 0.05 0.8 0.5 0.1 0.05
698 3.867849826812744 0.0 0.0 0.0 0.0 0.0 0.0 -0.04575205493668125 0.022649693283297842 -0.06110055304248428 0.0014024967203525862 0.0 0.0014024967203525862 0.0 0.0 0.0 -0.0004542679445673663 -0.00026227172008018695 -5.496642129265132e-05 -3.173487812970262e-05 0.0 0.0 0.0 0.0 9.300000000000011 0.0 0.0 9.300000000000011 0.0 0.0 0.3 0.05 0.8 0.3 0.05 0.8 0.5 0.1 0.05
699 3.873145818710327 0.0 0.0 0.0 0.0 0.0 0.0 -0.04762308090150002 0.023790790315185918 -0.06013020906853256 0.0014024967203525862 0.0 0.0014024967203525862 0.0 0.0 0.0 -0.0004542679445673663 -0.00026227172008018695 -5.496642129265132e-05 -3.173487812970262e-05 0.0 0.0 0.0 0.0 9.300000000000011 0.0 0.0 9.300000000000011 0.0 0.0 0.3 0.05 0.8 0.3 0.05 0.8 0.5 0.1 0.05
700 3.8784356117248535 0.0 0.0 0.0 0.0 0.0 0.0 -0.051046668226835984 0.025856029197999793 -0.05793734213118301 0.0014024967203525862 0.0 0.0014024967203525862 0.0 0.0 0.0 -0.0004542679445673663 -0.00026227172008018695 -5.496642129265132e-05 -3.173487812970262e-05 0.0 0.0 0.0 0.0 9.300000000000011 0.0 0.0 9.300000000000011 0.0 0.0 0.3 0.05 0.8 0.3 0.05 0.8 0.5 0.1 0.05
701 3.8837852478027344 0.0 0.0 0.0 0.0 0.0 0.0 -0.054251306495259916 0.027938864353554818 -0.05570123088600962 0.0014024967203525862 0.0 0.0014024967203525862 0.0 0.0 0.0 -0.0004542679445673663 -0.00026227172008018695 -5.496642129265132e-05 -3.173487812970262e-05 0.0 0.0 0.0 0.0 9.300000000000011 0.0 0.0 9.300000000000011 0.0 0.0 0.3 0.05 0.8 0.3 0.05 0.8 0.5 0.1 0.05
702 3.8890442848205566 0.0 0.0 0.0 0.0 0.0 0.0 -0.05732457532953662 0.030032254292522292 -0.0534391730561419 0.0014024967203525862 0.0 0.0014024967203525862 0.0 0.0 0.0 -0.0004542679445673663 -0.00026227172008018695 -5.496642129265132e-05 -3.173487812970262e-05 0.0 0.0 0.0 0.0 9.300000000000011 0.0 0.0 9.300000000000011 0.0 0.0 0.3 0.05 0.8 0.3 0.05 0.8 0.5 0.1 0.05
703 3.8943910598754883 0.0 0.0 0.0 0.0 0.0 0.0 -0.06039571877998974 0.03220867635843421 -0.051084871860418546 0.0014024967203525862 0.0 0.0014024967203525862 0.0 0.0 0.0 -0.0004542679445673663 -0.00026227172008018695 -5.496642129265132e-05 -3.173487812970262e-05 0.0 0.0 0.0 0.0 9.300000000000011 0.0 0.0 9.300000000000011 0.0 0.0 0.3 0.05 0.8 0.3 0.05 0.8 0.5 0.1 0.05
704 3.8996376991271973 0.0 0.0 0.0 0.0 0.0 0.0 -0.0635422892372779 0.03451161695740977 -0.048598501546426906 0.0014024967203525862 0.0 0.0014024967203525862 0.0 0.0 0.0 -0.0004542679445673663 -0.00026227172008018695 -5.496642129265132e-05 -3.173487812970262e-05 0.0 0.0 0.0 0.0 9.300000000000011 0.0 0.0 9.300000000000011 0.0 0.0 0.3 0.05 0.8 0.3 0.05 0.8 0.5 0.1 0.05
705 3.9048526287078857 0.0 0.0 0.0 0.0 0.0 0.0 -0.0667341158986671 0.03689047165645575 -0.04595616666271943 0.0014024967203525862 0.0 0.0014024967203525862 0.0 0.0 0.0 -0.0004542679445673663 -0.00026227172008018695 -5.496642129265132e-05 -3.173487812970262e-05 0.0 0.0 0.0 0.0 9.300000000000011 0.0 0.0 9.300000000000011 0.0 0.0 0.3 0.05 0.8 0.3 0.05 0.8 0.5 0.1 0.05
706 3.9101006984710693 0.0 0.0 0.0 0.0 0.0 0.0 -0.07002979553941388 0.03939156811197648 -0.04322030072089826 0.0014024967203525862 0.0 0.0014024967203525862 0.0 0.0 0.0 -0.0004542679445673663 -0.00026227172008018695 -5.496642129265132e-05 -3.173487812970262e-05 0.0 0.0 0.0 0.0 9.300000000000011 0.0 0.0 9.300000000000011 0.0 0.0 0.3 0.05 0.8 0.3 0.05 0.8 0.5 0.1 0.05
707 3.9153738021850586 0.0 0.0 0.0 0.0 0.0 0.0 -0.07346448324443995 0.0420427148387435 -0.04035159304545399 0.0014024967203525862 0.0 0.0014024967203525862 0.0 0.0 0.0 -0.0004542679445673663 -0.00026227172008018695 -5.496642129265132e-05 -3.173487812970262e-05 0.0 0.0 0.0 0.0 9.300000000000011 0.0 0.0 9.300000000000011 0.0 0.0 0.3 0.05 0.8 0.3 0.05 0.8 0.5 0.1 0.05
708 3.920691728591919 0.0 0.0 0.0 0.0 0.0 0.0 -0.0769825757880336 0.0448605850246908 -0.03732650491479681 0.0014024967203525862 0.0 0.0014024967203525862 0.0 0.0 0.0 -0.0004542679445673663 -0.00026227172008018695 -5.496642129265132e-05 -3.173487812970262e-05 0.0 0.0 0.0 0.0 9.300000000000011 0.0 0.0 9.300000000000011 0.0 0.0 0.3 0.05 0.8 0.3 0.05 0.8 0.5 0.1 0.05
709 3.925926923751831 0.0 0.0 0.0 0.0 0.0 0.0 -0.08055071719523227 0.04777848928614627 -0.03413086541225699 0.0014024967203525862 0.0 0.0014024967203525862 0.0 0.0 0.0 -0.0004542679445673663 -0.00026227172008018695 -5.496642129265132e-05 -3.173487812970262e-05 0.0 0.0 0.0 0.0 9.300000000000011 0.0 0.0 9.300000000000011 0.0 0.0 0.3 0.05 0.8 0.3 0.05 0.8 0.5 0.1 0.05
710 3.9311726093292236 0.0 0.0 0.0 0.0 0.0 0.0 -0.08422558121702645 0.05075641995337111 -0.03083289508658759 0.0014024967203525862 0.0 0.0014024967203525862 0.0 0.0 0.0 -0.0004542679445673663 -0.00026227172008018695 -5.496642129265132e-05 -3.173487812970262e-05 0.0 0.0 0.0 0.0 9.300000000000011 0.0 0.0 9.300000000000011 0.0 0.0 0.3 0.05 0.8 0.3 0.05 0.8 0.5 0.1 0.05
711 3.9366843700408936 0.0 0.0 0.0 0.0 0.0 0.0 -0.0880411780644749 0.053847059760490076 -0.02739680316828556 0.0014024967203525862 0.0 0.0014024967203525862 0.0 0.0 0.0 -0.0004542679445673663 -0.00026227172008018695 -5.496642129265132e-05 -3.173487812970262e-05 0.0 0.0 0.0 0.0 9.300000000000011 0.0 0.0 9.300000000000011 0.0 0.0 0.3 0.05 0.8 0.3 0.05 0.8 0.5 0.1 0.05
712 3.9420974254608154 0.0 0.0 0.0 0.0 0.0 0.0 -0.0919412205677804 0.05692863175511302 -0.02380116287936489 0.0014024967203525862 0.0 0.0014024967203525862 0.0 0.0 0.0 -0.0004542679445673663 -0.00026227172008018695 -5.496642129265132e-05 -3.173487812970262e-05 0.0 0.0 0.0 0.0 9.300000000000011 0.0 0.0 9.300000000000011 0.0 0.0 0.3 0.05 0.8 0.3 0.05 0.8 0.5 0.1 0.05
713 3.9474775791168213 0.0 0.0 0.0 0.0 0.0 0.0 -0.09757930219540456 0.061231939251660955 -0.018269059086261513 0.0014024967203525862 0.0 0.0014024967203525862 0.0 0.0 0.0 -0.0004542679445673663 -0.00026227172008018695 -5.496642129265132e-05 -3.173487812970262e-05 0.0 0.0 0.0 0.0 9.300000000000011 0.0 0.0 9.300000000000011 0.0 0.0 0.3 0.05 0.8 0.3 0.05 0.8 0.5 0.1 0.05
714 3.9527854919433594 0.0 0.0 0.0 0.0 0.0 0.0 -0.10096215117197907 0.06381392374958972 -0.014949796810399485 0.0014024967203525862 0.0 0.0014024967203525862 0.0 0.0 0.0 -0.0004542679445673663 -0.00026227172008018695 -5.496642129265132e-05 -3.173487812970262e-05 0.0 0.0 0.0 0.0 9.300000000000011 0.0 0.0 9.300000000000011 0.0 0.0 0.3 0.05 0.8 0.3 0.05 0.8 0.5 0.1 0.05
715 3.9580650329589844 0.0 0.0 0.0 0.0 0.0 0.0 -0.10628991668356463 0.0675873869378947 -0.009353350528866645 0.0014024967203525862 0.0 0.0014024967203525862 0.0 0.0 0.0 -0.0004542679445673663 -0.00026227172008018695 -5.496642129265132e-05 -3.173487812970262e-05 0.0 0.0 0.0 0.0 9.300000000000011 0.0 0.0 9.300000000000011 0.0 0.0 0.3 0.05 0.8 0.3 0.05 0.8 0.5 0.1 0.05
716 3.963423490524292 0.0 0.0 0.0 0.0 0.0 0.0 -0.11109726038535239 0.07100195370433228 0.0 0.0014024967203525862 0.0 0.0014024967203525862 0.0 0.0 0.0 -0.0004542679445673663 -0.00026227172008018695 -5.496642129265132e-05 -3.173487812970262e-05 0.0 0.0 0.0 0.0 9.300000000000011 0.0 0.0 9.300000000000011 0.0 0.0 0.3 0.05 0.8 0.3 0.05 0.8 0.5 0.1 0.05
717 3.968744993209839 0.0 0.0 0.0 0.0 0.0 0.0 -0.11543894652700305 0.07412447740028796 0.0 0.0014024967203525862 0.0 0.0014024967203525862 0.0 0.0 0.0 -0.0004542679445673663 -0.00026227172008018695 -5.496642129265132e-05 -3.173487812970262e-05 0.0 0.0 0.0 0.0 9.300000000000011 0.0 0.0 9.300000000000011 0.0 0.0 0.3 0.05 0.8 0.3 0.05 0.8 0.5 0.1 0.05
718 3.97397518157959 0.0 0.0 0.0 0.0 0.0 0.0 -0.11957793738946842 0.07714848047131598 0.0 0.0014024967203525862 0.0 0.0014024967203525862 0.0 0.0 0.0 -0.0004542679445673663 -0.00026227172008018695 -5.496642129265132e-05 -3.173487812970262e-05 0.0 0.0 0.0 0.0 9.300000000000011 0.0 0.0 9.300000000000011 0.0 0.0 0.3 0.05 0.8 0.3 0.05 0.8 0.5 0.1 0.05
719 3.9792211055755615 0.0 0.0 0.0 0.0 0.0 0.0 -0.12351861778799014 0.08011336520692289 0.010276126694310446 0.0014024967203525862 0.0 0.0014024967203525862 0.0 0.0 0.0 -0.0004542679445673663 -0.00026227172008018695 -5.496642129265132e-05 -3.173487812970262e-05 0.0 0.0 0.0 0.0 9.300000000000011 0.0 0.0 9.300000000000011 0.0 0.0 0.3 0.05 0.8 0.3 0.05 0.8 0.5 0.1 0.05
720 3.9844820499420166 0.0 0.0 0.0 0.0 0.0 0.0 -0.12734030594768117 0.0831194841586386 0.014832668204086267 0.0014024967203525862 0.0 0.0014024967203525862 0.0 0.0 0.0 -0.0004542679445673663 -0.00026227172008018695 -5.496642129265132e-05 -3.173487812970262e-05 0.0 0.0 0.0 0.0 9.300000000000011 0.0 0.0 9.300000000000011 0.0 0.0 0.3 0.05 0.8 0.3 0.05 0.8 0.5 0.1 0.05
721 3.989818572998047 0.0 0.0 0.0 0.0 0.0 0.0 -0.13116729802097077 0.08607363842265814 0.019407375275479102 0.0014024967203525862 0.0 0.0014024967203525862 0.0 0.0 0.0 -0.0004542679445673663 -0.00026227172008018695 -5.496642129265132e-05 -3.173487812970262e-05 0.0 0.0 0.0 0.0 9.300000000000011 0.0 0.0 9.300000000000011 0.0 0.0 0.3 0.05 0.8 0.3 0.05 0.8 0.5 0.1 0.05
722 3.9950969219207764 0.0 0.0 0.0 0.0 0.0 0.0 -0.13492077318552254 0.08899661983452445 0.023916258585087266 0.0014024967203525862 0.0 0.0014024967203525862 0.0 0.0 0.0 -0.0004542679445673663 -0.00026227172008018695 -5.496642129265132e-05 -3.173487812970262e-05 0.0 0.0 0.0 0.0 9.300000000000011 0.0 0.0 9.300000000000011 0.0 0.0 0.3 0.05 0.8 0.3 0.05 0.8 0.5 0.1 0.05
723 4.000442743301392 0.0 0.0 0.0 0.0 0.0 0.0 -0.1385534449083991 0.09190089157463435 0.028385695321340443 0.0014024967203525862 0.0 0.0014024967203525862 0.0 0.0 0.0 -0.0004542679445673663 -0.00026227172008018695 -5.496642129265132e-05 -3.173487812970262e-05 0.0 0.0 0.0 0.0 9.300000000000011 0.0 0.0 9.300000000000011 0.0 0.0 0.3 0.05 0.8 0.3 0.05 0.8 0.5 0.1 0.05
724 4.0057213306427 0.0 0.0 0.0 0.0 0.0 0.0 -0.14211362860580606 0.09487063676858737 0.03283141642986481 0.0014024967203525862 0.0 0.0014024967203525862 0.0 0.0 0.0 -0.0004542679445673663 -0.00026227172008018695 -5.496642129265132e-05 -3.173487812970262e-05 0.0 0.0 0.0 0.0 9.300000000000011 0.0 0.0 9.300000000000011 0.0 0.0 0.3 0.05 0.8 0.3 0.05 0.8 0.5 0.1 0.05
725 4.011100769042969 0.0 0.0 0.0 0.0 0.0 0.0 -0.14540022767770483 0.09780297273841376 0.03726295584546771 0.0014024967203525862 0.0 0.0014024967203525862 0.0 0.0 0.0 -0.0004542679445673663 -0.00026227172008018695 -5.496642129265132e-05 -3.173487812970262e-05 0.0 0.0 0.0 0.0 9.300000000000011 0.0 0.0 9.300000000000011 0.0 0.0 0.3 0.05 0.8 0.3 0.05 0.8 0.5 0.1 0.05
726 4.0164406299591064 0.0 0.0 0.0 0.0 0.0 0.0 -0.14844597075693722 0.10071285721329973 0.041685938561601917 0.0014024967203525862 0.0 0.0014024967203525862 0.0 0.0 0.0 -0.0004542679445673663 -0.00026227172008018695 -5.496642129265132e-05 -3.173487812970262e-05 0.0 0.0 0.0 0.0 9.300000000000011 0.0 0.0 9.300000000000011 0.0 0.0 0.3 0.05 0.8 0.3 0.05 0.8 0.5 0.1 0.05
727 4.021934270858765 0.0 0.0 0.0 0.0 0.0 0.0 -0.15119380768724033 0.10360927675168588 0.046103787258054904 0.0014024967203525862 0.0 0.0014024967203525862 0.0 0.0 0.0 -0.0004542679445673663 -0.00026227172008018695 -5.496642129265132e-05 -3.173487812970262e-05 0.0 0.0 0.0 0.0 9.300000000000011 0.0 0.0 9.300000000000011 0.0 0.0 0.3 0.05 0.8 0.3 0.05 0.8 0.5 0.1 0.05
728 4.027383089065552 0.0 0.0 0.0 0.0 0.0 0.0 -0.1540696919953093 0.10764810022116228 0.05212926377939349 0.0014024967203525862 0.0 0.0014024967203525862 0.0 0.0 0.0 -0.0004542679445673663 -0.00026227172008018695 -5.496642129265132e-05 -3.173487812970262e-05 0.0 0.0 0.0 0.0 9.300000000000011 0.0 0.0 9.300000000000011 0.0 0.0 0.3 0.05 0.8 0.3 0.05 0.8 0.5 0.1 0.05
729 4.032638311386108 0.0 0.0 0.0 0.0 0.0 0.0 -0.15579522258015066 0.11007139430284812 0.05574454969219664 0.0014024967203525862 0.0 0.0014024967203525862 0.0 0.0 0.0 -0.0004542679445673663 -0.00026227172008018695 -5.496642129265132e-05 -3.173487812970262e-05 0.0 0.0 0.0 0.0 9.300000000000011 0.0 0.0 9.300000000000011 0.0 0.0 0.3 0.05 0.8 0.3 0.05 0.8 0.5 0.1 0.05
730 4.037894010543823 0.0 0.0 0.0 0.0 0.0 0.0 -0.15713733795864337 0.1139030417552013 0.06105841461451232 0.0014024967203525862 0.0 0.0014024967203525862 0.0 0.0 0.0 -0.0004542679445673663 -0.00026227172008018695 -5.496642129265132e-05 -3.173487812970262e-05 0.0 0.0 0.0 0.0 9.300000000000011 0.0 0.0 9.300000000000011 0.0 0.0 0.3 0.05 0.8 0.3 0.05 0.8 0.5 0.1 0.05
731 4.0432288646698 0.0 0.0 0.0 0.0 0.0 0.0 -0.1577125094150481 0.11735251311960332 0.0657039956070863 0.0014024967203525862 0.0 0.0014024967203525862 0.0 0.0 0.0 -0.0004542679445673663 -0.00026227172008018695 -5.496642129265132e-05 -3.173487812970262e-05 0.0 0.0 0.0 0.0 9.300000000000011 0.0 0.0 9.300000000000011 0.0 0.0 0.3 0.05 0.8 0.3 0.05 0.8 0.5 0.1 0.05
732 4.048491477966309 0.0 0.0 0.0 0.0 0.0 0.0 -0.1575974167475091 0.1206493840485961 0.0698719308267762 0.0014024967203525862 0.0 0.0014024967203525862 0.0 0.0 0.0 -0.0004542679445673663 -0.00026227172008018695 -5.496642129265132e-05 -3.173487812970262e-05 0.0 0.0 0.0 0.0 9.300000000000011 0.0 0.0 9.300000000000011 0.0 0.0 0.3 0.05 0.8 0.3 0.05 0.8 0.5 0.1 0.05
733 4.053794622421265 0.0 0.0 0.0 0.0 0.0 0.0 -0.15691477305227436 0.12385468875587885 0.07367655548398075 0.0014024967203525862 0.0 0.0014024967203525862 0.0 0.0 0.0 -0.0004542679445673663 -0.00026227172008018695 -5.496642129265132e-05 -3.173487812970262e-05 0.0 0.0 0.0 0.0 9.300000000000011 0.0 0.0 9.300000000000011 0.0 0.0 0.3 0.05 0.8 0.3 0.05 0.8 0.5 0.1 0.05
734 4.0590314865112305 0.0 0.0 0.0 0.0 0.0 0.0 -0.1557381942661638 0.12708175298703256 0.07710984297361598 0.0014024967203525862 0.0 0.0014024967203525862 0.0 0.0 0.0 -0.0004542679445673663 -0.00026227172008018695 -5.496642129265132e-05 -3.173487812970262e-05 0.0 0.0 0.0 0.0 9.300000000000011 0.0 0.0 9.300000000000011 0.0 0.0 0.3 0.05 0.8 0.3 0.05 0.8 0.5 0.1 0.05
735 4.064327716827393 0.0 0.0 0.0 0.0 0.0 0.0 -0.15434195368242473 0.1303218788929733 0.0800902065501608 0.0014024967203525862 0.0 0.0014024967203525862 0.0 0.0 0.0 -0.0004542679445673663 -0.00026227172008018695 -5.496642129265132e-05 -3.173487812970262e-05 0.0 0.0 0.0 0.0 9.300000000000011 0.0 0.0 9.300000000000011 0.0 0.0 0.3 0.05 0.8 0.3 0.05 0.8 0.5 0.1 0.05
736 4.0696189403533936 0.0 0.0 0.0 0.0 0.0 0.0 -0.15273722272367604 0.1336465351002188 0.08256869416630254 0.0014024967203525862 0.0 0.0014024967203525862 0.29713913566792083 0.0 0.0 -0.0004542679445673663 -0.00026227172008018695 -5.496642129265132e-05 -3.173487812970262e-05 0.0 0.0 0.0 0.0 9.300000000000011 0.0 0.0 9.300000000000011 0.0 0.0 0.3 0.05 0.8 0.3 0.05 0.8 0.5 0.1 0.05
737 4.0749123096466064 0.0 0.0 0.0 0.0 0.0 0.0 -0.15108409083635407 0.1370219094882471 0.08459270537612429 0.0028049934407051724 0.0 0.0014024967203525862 0.0 0.0 0.0 -0.0004542679445673663 -0.0007868151602405608 -5.496642129265132e-05 -9.520463438910785e-05 0.0 -0.012693951251881044 0.0 0.0 9.300000000000011 0.0 0.0 9.300000000000011 0.0 0.0 0.3 0.05 0.8 0.3 0.05 0.8 0.5 0.1 0.05
738 4.080143928527832 0.0 0.0 0.0 0.0 0.0 0.0 -0.14917182062119722 0.1404277207452096 0.08626730764339918 0.0028049934407051724 0.0 0.0014024967203525862 0.0 0.0 0.0 -0.0004542679445673663 -0.0007868151602405608 -5.496642129265132e-05 -9.520463438910785e-05 0.0 0.0 0.0 0.0 9.300000000000011 0.0 0.0 9.300000000000011 0.0 0.0 0.3 0.05 0.8 0.3 0.05 0.8 0.5 0.1 0.05
739 4.085442066192627 0.0 0.0 0.0 0.0 0.0 0.0 -0.14695067485600993 0.14377508890617116 0.08765554144639107 0.0028049934407051724 0.0 0.0014024967203525862 0.0 0.0 0.0 -0.0004542679445673663 -0.0007868151602405608 -5.496642129265132e-05 -9.520463438910785e-05 0.0 0.0 0.0 0.0 9.300000000000011 0.0 0.0 9.300000000000011 0.0 0.0 0.3 0.05 0.8 0.3 0.05 0.8 0.5 0.1 0.05
740 4.090666770935059 0.0 0.0 0.0 0.0 0.0 0.0 -0.14423740673321656 0.14701069791309967 0.08879527875577409 0.0028049934407051724 0.0 0.0014024967203525862 0.0 0.0 0.0 -0.0004542679445673663 -0.0007868151602405608 -5.496642129265132e-05 -9.520463438910785e-05 0.0 0.0 0.0 0.0 9.300000000000011 0.0 0.0 9.300000000000011 0.0 0.0 0.3 0.05 0.8 0.3 0.05 0.8 0.5 0.1 0.05
741 4.096041202545166 0.0 0.0 0.0 0.0 0.0 0.0 -0.14107546072160107 0.15017924546714384 0.0897859181689918 0.0028049934407051724 0.0 0.0014024967203525862 0.0 0.0 0.0 -0.0004542679445673663 -0.0007868151602405608 -5.496642129265132e-05 -9.520463438910785e-05 0.0 0.0 0.0 0.0 9.300000000000011 0.0 0.0 9.300000000000011 0.0 0.0 0.3 0.05 0.8 0.3 0.05 0.8 0.5 0.1 0.05
742 4.101324796676636 0.0 0.0 0.0 0.0 0.0 0.0 -0.13749091542336286 0.1531541576356635 0.09061042342947126 0.0028049934407051724 0.0 0.0014024967203525862 0.0 0.0 0.0 -0.0004542679445673663 -0.0007868151602405608 -5.496642129265132e-05 -9.520463438910785e-05 0.0 0.0 0.0 0.0 9.300000000000011 0.0 0.0 9.300000000000011 0.0 0.0 0.3 0.05 0.8 0.3 0.05 0.8 0.5 0.1 0.05
743 4.106659650802612 0.0 0.0 0.0 0.0 0.0 0.0 -0.133652810553151 0.15593619527643593 0.09118180200079799 0.0028049934407051724 0.0 0.0014024967203525862 0.0 0.0 0.0 -0.0004542679445673663 -0.0007868151602405608 -5.496642129265132e-05 -9.520463438910785e-05 0.0 0.0 0.0 0.0 9.300000000000011 0.0 0.0 9.300000000000011 0.0 0.0 0.3 0.05 0.8 0.3 0.05 0.8 0.5 0.1 0.05
744 4.111913442611694 0.0 0.0 0.0 0.0 0.0 0.0 -0.12950917142596102 0.15860250224009556 0.09152462914359402 0.0028049934407051724 0.0 0.0014024967203525862 0.0 0.0 0.0 -0.0004542679445673663 -0.0007868151602405608 -5.496642129265132e-05 -9.520463438910785e-05 0.0 0.0 0.0 0.0 9.300000000000011 0.0 0.0 9.300000000000011 0.0 0.0 0.3 0.05 0.8 0.3 0.05 0.8 0.5 0.1 0.05
745 4.11720871925354 0.0 0.0 0.0 0.0 0.0 0.0 -0.12702298794964706 0.16020228641829135 0.09173032542927165 0.0028049934407051724 0.0 0.0014024967203525862 0.0 0.0 0.0 -0.0004542679445673663 -0.0007868151602405608 -5.496642129265132e-05 -9.520463438910785e-05 0.0 0.0 0.0 0.0 9.300000000000011 0.0 0.0 9.300000000000011 0.0 0.0 0.3 0.05 0.8 0.3 0.05 0.8 0.5 0.1 0.05
746 4.122593879699707 0.0 0.0 0.0 0.0 0.0 0.0 -0.12177302619683597 0.16284954057694223 0.09147027075805128 0.0028049934407051724 0.0 0.0014024967203525862 0.0 0.0 0.0 -0.0004542679445673663 -0.0007868151602405608 -5.496642129265132e-05 -9.520463438910785e-05 0.0 0.0 0.0 0.0 9.300000000000011 0.0 0.0 9.300000000000011 0.0 0.0 0.3 0.05 0.8 0.3 0.05 0.8 0.5 0.1 0.05
747 4.127946376800537 0.0 0.0 0.0 0.0 0.0 0.0 -0.1143279026798478 0.16589517895317524 0.0906239208013884 0.0028049934407051724 0.0 0.0014024967203525862 0.0 0.0 0.0 -0.0004542679445673663 -0.0007868151602405608 -5.496642129265132e-05 -9.520463438910785e-05 0.0 0.0 0.0 0.0 9.300000000000011 0.0 0.0 9.300000000000011 0.0 0.0 0.3 0.05 0.8 0.3 0.05 0.8 0.5 0.1 0.05
748 4.133240222930908 0.0 0.0 0.0 0.0 0.0 0.0 -0.10748315756631321 0.16833614411316186 0.0897326383847637 0.0028049934407051724 0.0 0.0014024967203525862 0.0 0.0 0.0 -0.0004542679445673663 -0.0007868151602405608 -5.496642129265132e-05 -9.520463438910785e-05 0.0 0.0 0.0 0.0 9.300000000000011 0.0 0.0 9.300000000000011 0.0 0.0 0.3 0.05 0.8 0.3 0.05 0.8 0.5 0.1 0.05
749 4.13849663734436 0.0 0.0 0.0 0.0 0.0 0.0 -0.10092194023795382 0.1704143172643296 0.08866095029465215 0.0028049934407051724 0.0 0.0014024967203525862 0.0 0.0 0.0 -0.0004542679445673663 -0.0007868151602405608 -5.496642129265132e-05 -9.520463438910785e-05 0.0 0.0 0.0 0.0 9.300000000000011 0.0 0.0 9.300000000000011 0.0 0.0 0.3 0.05 0.8 0.3 0.05 0.8 0.5 0.1 0.05
750 4.143832206726074 0.0 0.0 0.0 0.0 0.0 0.0 -0.09453083958069955 0.17227481521020604 0.08732766797037039 0.0028049934407051724 0.0 0.0014024967203525862 0.0 0.0 0.0 -0.0004542679445673663 -0.0007868151602405608 -5.496642129265132e-05 -9.520463438910785e-05 0.0 0.0 0.0 0.0 9.300000000000011 0.0 0.0 9.300000000000011 0.0 0.0 0.3 0.05 0.8 0.3 0.05 0.8 0.5 0.1 0.05
751 4.1492085456848145 0.0 0.0 0.0 0.0 0.0 0.0 -0.08808841041231438 0.17392800877601072 0.08583738142187067 0.0028049934407051724 0.0 0.0014024967203525862 0.0 0.0 0.0 -0.0004542679445673663 -0.0007868151602405608 -5.496642129265132e-05 -9.520463438910785e-05 0.0 0.0 0.0 0.0 9.300000000000011 0.0 0.0 9.300000000000011 0.0 0.0 0.3 0.05 0.8 0.3 0.05 0.8 0.5 0.1 0.05
752 4.154480218887329 0.0 0.0 0.0 0.0 0.0 0.0 -0.08161518711748293 0.17545681971377233 0.08409954150876206 0.0028049934407051724 0.0 0.0014024967203525862 0.0 0.0 0.0 -0.0004542679445673663 -0.0007868151602405608 -5.496642129265132e-05 -9.520463438910785e-05 0.0 0.0 0.0 0.0 9.300000000000011 0.0 0.0 9.300000000000011 0.0 0.0 0.3 0.05 0.8 0.3 0.05 0.8 0.5 0.1 0.05
753 4.159783840179443 0.0 0.0 0.0 0.0 0.0 0.0 -0.07497008585275752 0.1769110010747081 0.08221312189317227 0.0028049934407051724 0.0 0.0014024967203525862 0.0 0.0 0.0 -0.0004542679445673663 -0.0007868151602405608 -5.496642129265132e-05 -9.520463438910785e-05 0.0 0.0 0.0 0.0 9.300000000000011 0.0 0.0 9.300000000000011 0.0 0.0 0.3 0.05 0.8 0.3 0.05 0.8 0.5 0.1 0.05
754 4.165079116821289 0.0 0.0 0.0 0.0 0.0 0.0 -0.06822186078632797 0.17832040468954838 0.08016087904105473 0.0028049934407051724 0.0 0.0014024967203525862 0.0 0.0 0.0 -0.0004542679445673663 -0.0007868151602405608 -5.496642129265132e-05 -9.520463438910785e-05 0.0 0.0 0.0 0.0 9.300000000000011 0.0 0.0 9.300000000000011 0.0 0.0 0.3 0.05 0.8 0.3 0.05 0.8 0.5 0.1 0.05
755 4.170305252075195 0.0 0.0 0.0 0.0 0.0 0.0 -0.06133506218197897 0.1797029297358024 0.07793246683198146 0.0028049934407051724 0.0 0.0014024967203525862 0.0 0.0 0.0 -0.0004542679445673663 -0.0007868151602405608 -5.496642129265132e-05 -9.520463438910785e-05 0.0 0.0 0.0 0.0 9.300000000000011 0.0 0.0 9.300000000000011 0.0 0.0 0.3 0.05 0.8 0.3 0.05 0.8 0.5 0.1 0.05
756 4.175529718399048 0.0 0.0 0.0 0.0 0.0 0.0 -0.054365116474646064 0.18099264030493664 0.0755216299099799 0.0028049934407051724 0.0 0.0014024967203525862 0.0 0.0 0.0 -0.0004542679445673663 -0.0007868151602405608 -5.496642129265132e-05 -9.520463438910785e-05 0.0 0.0 0.0 0.0 9.300000000000011 0.0 0.0 9.300000000000011 0.0 0.0 0.3 0.05 0.8 0.3 0.05 0.8 0.5 0.1 0.05
757 4.180779933929443 0.0 0.0 0.0 0.0 0.0 0.0 -0.04734528548575505 0.18222666218779904 0.07292466274518228 0.0028049934407051724 0.0 0.0014024967203525862 0.0 0.0 0.0 -0.0004542679445673663 -0.0007868151602405608 -5.496642129265132e-05 -9.520463438910785e-05 0.0 0.0 0.0 0.0 9.300000000000011 0.0 0.0 9.300000000000011 0.0 0.0 0.3 0.05 0.8 0.3 0.05 0.8 0.5 0.1 0.05
758 4.186017036437988 0.0 0.0 0.0 0.0 0.0 0.0 -0.04037222258482613 0.1834272708588983 0.0702159697509912 0.0028049934407051724 0.0 0.0014024967203525862 0.0 0.0 0.0 -0.0004542679445673663 -0.0007868151602405608 -5.496642129265132e-05 -9.520463438910785e-05 0.0 0.0 0.0 0.0 9.300000000000011 0.0 0.0 9.300000000000011 0.0 0.0 0.3 0.05 0.8 0.3 0.05 0.8 0.5 0.1 0.05
759 4.191359519958496 0.0 0.0 0.0 0.0 0.0 0.0 -0.03342721755644225 0.1846078316029397 0.06728689042908594 0.0028049934407051724 0.0 0.0014024967203525862 0.0 0.0 0.0 -0.0004542679445673663 -0.0007868151602405608 -5.496642129265132e-05 -9.520463438910785e-05 0.0 0.0 0.0 0.0 9.300000000000011 0.0 0.0 9.300000000000011 0.0 0.0 0.3 0.05 0.8 0.3 0.05 0.8 0.5 0.1 0.05
760 4.196638822555542 0.0 0.0 0.0 0.0 0.0 0.0 -0.029260214539411918 0.18531616804936452 0.06552944283594277 0.0028049934407051724 0.0 0.0014024967203525862 -0.298213208665232 0.0 0.0 -0.0004542679445673663 -0.0007868151602405608 -5.496642129265132e-05 -9.520463438910785e-05 0.0 0.0 0.0 0.0 9.300000000000011 0.0 0.0 9.300000000000011 0.0 0.0 0.3 0.05 0.8 0.3 0.05 0.8 0.5 0.1 0.05
761 4.202060222625732 0.0 0.0 0.0 0.0 0.0 0.0 -0.021314381880785976 0.18650816248618915 0.06171380103176586 0.0014024967203525862 0.0 0.0014024967203525862 0.0 0.0 0.0 -0.0004542679445673663 -0.00026227172008018695 -5.496642129265132e-05 -3.173487812970262e-05 0.0 0.012693951251881044 0.0 0.0 9.300000000000011 0.0 0.0 9.300000000000011 0.0 0.0 0.3 0.05 0.8 0.3 0.05 0.8 0.5 0.1 0.05
762 4.207412958145142 0.0 0.0 0.0 0.0 0.0 0.0 -0.013862415744796963 0.18753015617587182 0.05789043081132026 0.0014024967203525862 0.0 0.0014024967203525862 0.0 0.0 0.0 -0.0004542679445673663 -0.00026227172008018695 -5.496642129265132e-05 -3.173487812970262e-05 0.0 0.0 0.0 0.0 9.300000000000011 0.0 0.0 9.300000000000011 0.0 0.0 0.3 0.05 0.8 0.3 0.05 0.8 0.5 0.1 0.05
763 4.212758302688599 0.0 0.0 0.0 0.0 0.0 0.0 0.0 0.18845014941726929 0.05398574812607438 0.0014024967203525862 0.0 0.0014024967203525862 0.0 0.0 0.0 -0.0004542679445673663 -0.00026227172008018695 -5.496642129265132e-05 -3.173487812970262e-05 0.0 0.0 0.0 0.0 9.300000000000011 0.0 0.0 9.300000000000011 0.0 0.0 0.3 0.05 0.8 0.3 0.05 0.8 0.5 0.1 0.05
764 4.218076467514038 0.0 0.0 0.0 0.0 0.0 0.0 0.0 0.1892322431327987 0.05003223027823252 0.0014024967203525862 0.0 0.0014024967203525862 0.0 0.0 0.0 -0.0004542679445673663 -0.00026227172008018695 -5.496642129265132e-05 -3.173487812970262e-05 0.0 0.0 0.0 0.0 9.300000000000011 0.0 0.0 9.300000000000011 0.0 0.0 0.3 0.05 0.8 0.3 0.05 0.8 0.5 0.1 0.05
765 4.223367214202881 0.0 0.0 0.0 0.0 0.0 0.0 0.0 0.18970149936211636 0.0476601195695274 0.0014024967203525862 0.0 0.0014024967203525862 0.0 0.0 0.0 -0.0004542679445673663 -0.00026227172008018695 -5.496642129265132e-05 -3.173487812970262e-05 0.0 0.0 0.0 0.0 9.300000000000011 0.0 0.0 9.300000000000011 0.0 0.0 0.3 0.05 0.8 0.3 0.05 0.8 0.5 0.1 0.05
766 4.228747844696045 0.0 0.0 0.0 0.0 0.0 0.0 0.015316520945852946 0.19005975235660394 0.041174702189104136 0.0014024967203525862 0.0 0.0014024967203525862 0.0 0.0 0.0 -0.0004542679445673663 -0.00026227172008018695 -5.496642129265132e-05 -3.173487812970262e-05 0.0 0.0 0.0 0.0 9.300000000000011 0.0 0.0 9.300000000000011 0.0 0.0 0.3 0.05 0.8 0.3 0.05 0.8 0.5 0.1 0.05
767 4.234013557434082 0.0 0.0 0.0 0.0 0.0 0.0 0.021921953449622365 0.19027470415329648 0.03728345176085018 0.0014024967203525862 0.0 0.0014024967203525862 0.0 0.0 0.0 -0.0004542679445673663 -0.00026227172008018695 -5.496642129265132e-05 -3.173487812970262e-05 0.0 0.0 0.0 0.0 9.300000000000011 0.0 0.0 9.300000000000011 0.0 0.0 0.3 0.05 0.8 0.3 0.05 0.8 0.5 0.1 0.05
768 4.239283561706543 0.0 0.0 0.0 0.0 0.0 0.0 0.03186773841230606 0.19071047225889987 0.03172738039794077 0.0014024967203525862 0.0 0.0014024967203525862 0.0 0.0 0.0 -0.0004542679445673663 -0.00026227172008018695 -5.496642129265132e-05 -3.173487812970262e-05 0.0 0.0 0.0 0.0 9.300000000000011 0.0 0.0 9.300000000000011 0.0 0.0 0.3 0.05 0.8 0.3 0.05 0.8 0.5 0.1 0.05
769 4.244525671005249 0.0 0.0 0.0 0.0 0.0 0.0 0.04067307388573012 0.1909719331222619 0.02678302934350079 0.0014024967203525862 0.0 0.0014024967203525862 0.0 0.0 0.0 -0.0004542679445673663 -0.00026227172008018695 -5.496642129265132e-05 -3.173487812970262e-05 0.0 0.0 0.0 0.0 9.300000000000011 0.0 0.0 9.300000000000011 0.0 0.0 0.3 0.05 0.8 0.3 0.05 0.8 0.5 0.1 0.05
770 4.249747037887573 0.0 0.0 0.0 0.0 0.0 0.0 0.048870838736230854 0.19112880964027915 0.02228243357289735 0.0014024967203525862 0.0 0.0014024967203525862 0.0 0.0 0.0 -0.0004542679445673663 -0.00026227172008018695 -5.496642129265132e-05 -3.173487812970262e-05 0.0 0.0 0.0 0.0 9.300000000000011 0.0 0.0 9.300000000000011 0.0 0.0 0.3 0.05 0.8 0.3 0.05 0.8 0.5 0.1 0.05
771 4.2552571296691895 0.0 0.0 0.0 0.0 0.0 0.0 0.05662736195608063 0.1912229355510895 0.01804809097259583 0.0014024967203525862 0.0 0.0014024967203525862 0.0 0.0 0.0 -0.0004542679445673663 -0.00026227172008018695 -5.496642129265132e-05 -3.173487812970262e-05 0.0 0.0 0.0 0.0 9.300000000000011 0.0 0.0 9.300000000000011 0.0 0.0 0.3 0.05 0.8 0.3 0.05 0.8 0.5 0.1 0.05
772 4.260600805282593 0.0 0.0 0.0 0.0 0.0 0.0 0.06404244168570092 0.19112601258378176 0.01405022337323035 0.0014024967203525862 0.0 0.0014024967203525862 0.0 0.0 0.0 -0.0004542679445673663 -0.00026227172008018695 -5.496642129265132e-05 -3.173487812970262e-05 0.0 0.0 0.0 0.0 9.300000000000011 0.0 0.0 9.300000000000011 0.0 0.0 0.3 0.05 0.8 0.3 0.05 0.8 0.5 0.1 0.05
773 4.265978574752808 0.0 0.0 0.0 0.0 0.0 0.0 0.07109925755244761 0.19091446028960318 0.010194240774426492 0.0014024967203525862 0.0 0.0014024967203525862 0.0 0.0 0.0 -0.0004542679445673663 -0.00026227172008018695 -5.496642129265132e-05 -3.173487812970262e-05 0.0 0.0 0.0 0.0 9.300000000000011 0.0 0.0 9.300000000000011 0.0 0.0 0.3 0.05 0.8 0.3 0.05 0.8 0.5 0.1 0.05
774 4.271291255950928 0.0 0.0 0.0 0.0 0.0 0.0 0.07786441509951514 0.19071082965619907 0.0 0.0014024967203525862 0.0 0.0014024967203525862 0.0 0.0 0.0 -0.0004542679445673663 -0.00026227172008018695 -5.496642129265132e-05 -3.173487812970262e-05 0.0 0.0 0.0 0.0 9.300000000000011 0.0 0.0 9.300000000000011 0.0 0.0 0.3 0.05 0.8 0.3 0.05 0.8 0.5 0.1 0.05
775 4.276533842086792 0.0 0.0 0.0 0.0 0.0 0.0 0.08192350962775566 0.1905886512761566 0.0 0.0014024967203525862 0.0 0.0014024967203525862 0.0 0.0 0.0 -0.0004542679445673663 -0.00026227172008018695 -5.496642129265132e-05 -3.173487812970262e-05 0.0 0.0 0.0 0.0 9.300000000000011 0.0 0.0 9.300000000000011 0.0 0.0 0.3 0.05 0.8 0.3 0.05 0.8 0.5 0.1 0.05
776 4.281857013702393 0.0 0.0 0.0 0.0 0.0 0.0 0.08888420909057627 0.19036194573433712 0.0 0.0014024967203525862 0.0 0.0014024967203525862 0.0 0.0 0.0 -0.0004542679445673663 -0.00026227172008018695 -5.496642129265132e-05 -3.173487812970262e-05 0.0 0.0 0.0 0.0 9.300000000000011 0.0 0.0 9.300000000000011 0.0 0.0 0.3 0.05 0.8 0.3 0.05 0.8 0.5 0.1 0.05
777 4.2871482372283936 0.0 0.0 0.0 0.0 0.0 0.0 0.09505480497724159 0.19007252389545154 0.0 0.0014024967203525862 0.0 0.0014024967203525862 0.0 0.0 0.0 -0.0004542679445673663 -0.00026227172008018695 -5.496642129265132e-05 -3.173487812970262e-05 0.0 0.0 0.0 0.0 9.300000000000011 0.0 0.0 9.300000000000011 0.0 0.0 0.3 0.05 0.8 0.3 0.05 0.8 0.5 0.1 0.05
778 4.292406320571899 0.0 0.0 0.0 0.0 0.0 0.0 0.10052123945740665 0.18959207376453227 0.0 0.0014024967203525862 0.0 0.0014024967203525862 0.0 0.0 0.0 -0.0004542679445673663 -0.00026227172008018695 -5.496642129265132e-05 -3.173487812970262e-05 0.0 0.0 0.0 0.0 9.300000000000011 0.0 0.0 9.300000000000011 0.0 0.0 0.3 0.05 0.8 0.3 0.05 0.8 0.5 0.1 0.05
779 4.297710180282593 0.0 0.0 0.0 0.0 0.0 0.0 0.10717585850827578 0.18884360814459888 -0.013786915924059218 0.0014024967203525862 0.0 0.0014024967203525862 0.0 0.0 0.0 -0.0004542679445673663 -0.00026227172008018695 -5.496642129265132e-05 -3.173487812970262e-05 0.0 0.0 0.0 0.0 9.300000000000011 0.0 0.0 9.300000000000011 0.0 0.0 0.3 0.05 0.8 0.3 0.05 0.8 0.5 0.1 0.05
780 4.302948236465454 0.0 0.0 0.0 0.0 0.0 0.0 0.11293270688696314 0.18808773174505095 -0.018473126879874985 0.0014024967203525862 0.0 0.0014024967203525862 0.0 0.0 0.0 -0.0004542679445673663 -0.00026227172008018695 -5.496642129265132e-05 -3.173487812970262e-05 0.0 0.0 0.0 0.0 9.300000000000011 0.0 0.0 9.300000000000011 0.0 0.0 0.3 0.05 0.8 0.3 0.05 0.8 0.5 0.1 0.05
781 4.308359146118164 0.0 0.0 0.0 0.0 0.0 0.0 0.1181508958425737 0.18740410813463126 -0.022742115492549016 0.0014024967203525862 0.0 0.0014024967203525862 0.0 0.0 0.0 -0.0004542679445673663 -0.00026227172008018695 -5.496642129265132e-05 -3.173487812970262e-05 0.0 0.0 0.0 0.0 9.300000000000011 0.0 0.0 9.300000000000011 0.0 0.0 0.3 0.05 0.8 0.3 0.05 0.8 0.5 0.1 0.05
782 4.3136146068573 0.0 0.0 0.0 0.0 0.0 0.0 0.12128180921594003 0.1869939339683795 -0.025303508660153434 0.0014024967203525862 0.0 0.0014024967203525862 0.0 0.0 0.0 -0.0004542679445673663 -0.00026227172008018695 -5.496642129265132e-05 -3.173487812970262e-05 0.0 0.0 0.0 0.0 9.300000000000011 0.0 0.0 9.300000000000011 0.0 0.0 0.3 0.05 0.8 0.3 0.05 0.8 0.5 0.1 0.05
783 4.318924427032471 0.0 0.0 0.0 0.0 0.0 0.0 0.1264584133656007 0.1862109346703496 -0.029601517809007098 0.0014024967203525862 0.0 0.0014024967203525862 0.0 0.0 0.0 -0.0004542679445673663 -0.00026227172008018695 -5.496642129265132e-05 -3.173487812970262e-05 0.0 0.0 0.0 0.0 9.300000000000011 0.0 0.0 9.300000000000011 0.0 0.0 0.3 0.05 0.8 0.3 0.05 0.8 0.5 0.1 0.05
784 4.3242034912109375 0.0 0.0 0.0 0.0 0.0 0.0 0.13102165875620736 0.18551103732084073 -0.033560909922464806 0.0014024967203525862 0.0 0.0014024967203525862 0.0 0.0 0.0 -0.0004542679445673663 -0.00026227172008018695 -5.496642129265132e-05 -3.173487812970262e-05 0.0 0.0 0.0 0.0 9.300000000000011 0.0 0.0 9.300000000000011 0.0 0.0 0.3 0.05 0.8 0.3 0.05 0.8 0.5 0.1 0.05
785 4.329582929611206 0.0 0.0 0.0 0.0 0.0 0.0 0.1351401896344846 0.18486100114044451 -0.037393807229724 0.0014024967203525862 0.0 0.0014024967203525862 0.0 0.0 0.0 -0.0004542679445673663 -0.00026227172008018695 -5.496642129265132e-05 -3.173487812970262e-05 0.0 0.0 0.0 0.0 9.300000000000011 0.0 0.0 9.300000000000011 0.0 0.0 0.3 0.05 0.8 0.3 0.05 0.8 0.5 0.1 0.05
786 4.334890604019165 0.0 0.0 0.0 0.0 0.0 0.0 0.13899189180536423 0.18416418240461888 -0.0411508553369799 0.0014024967203525862 0.0 0.0014024967203525862 0.0 0.0 0.0 -0.0004542679445673663 -0.00026227172008018695 -5.496642129265132e-05 -3.173487812970262e-05 0.0 0.0 0.0 0.0 9.300000000000011 0.0 0.0 9.300000000000011 0.0 0.0 0.3 0.05 0.8 0.3 0.05 0.8 0.5 0.1 0.05
787 4.340332269668579 0.0 0.0 0.0 0.0 0.0 0.0 0.14268349377157302 0.18336259487863865 -0.04486234624051802 0.0014024967203525862 0.0 0.0014024967203525862 0.0 0.0 0.0 -0.0004542679445673663 -0.00026227172008018695 -5.496642129265132e-05 -3.173487812970262e-05 0.0 0.0 0.0 0.0 9.300000000000011 0.0 0.0 9.300000000000011 0.0 0.0 0.3 0.05 0.8 0.3 0.05 0.8 0.5 0.1 0.05
788 4.345643520355225 0.0 0.0 0.0 0.0 0.0 0.0 0.14627903859521157 0.1824981579994946 -0.04854655050554128 0.0014024967203525862 0.0 0.0014024967203525862 0.0 0.0 0.0 -0.0004542679445673663 -0.00026227172008018695 -5.496642129265132e-05 -3.173487812970262e-05 0.0 0.0 0.0 0.0 9.300000000000011 0.0 0.0 9.300000000000011 0.0 0.0 0.3 0.05 0.8 0.3 0.05 0.8 0.5 0.1 0.05
789 4.3508946895599365 0.0 0.0 0.0 0.0 0.0 0.0 0.14981694913330798 0.18151930033062633 -0.05213761200498493 0.0014024967203525862 0.0 0.0014024967203525862 0.0 0.0 0.0 -0.0004542679445673663 -0.00026227172008018695 -5.496642129265132e-05 -3.173487812970262e-05 0.0 0.0 0.0 0.0 9.300000000000011 0.0 0.0 9.300000000000011 0.0 0.0 0.3 0.05 0.8 0.3 0.05 0.8 0.5 0.1 0.05
790 4.356131076812744 0.0 0.0 0.0 0.0 0.0 0.0 0.1519396954561658 0.18093198572930536 -0.05429224890465111 0.0014024967203525862 0.0 0.0014024967203525862 0.0 0.0 0.0 -0.0004542679445673663 -0.00026227172008018695 -5.496642129265132e-05 -3.173487812970262e-05 0.0 0.0 0.0 0.0 9.300000000000011 0.0 0.0 9.300000000000011 0.0 0.0 0.3 0.05 0.8 0.3 0.05 0.8 0.5 0.1 0.05
791 4.36148476600647 0.0 0.0 0.0 0.0 0.0 0.0 0.1557444097867839 0.17950580737195515 -0.05849960280653579 0.0014024967203525862 0.0 0.0014024967203525862 0.0 0.0 0.0 -0.0004542679445673663 -0.00026227172008018695 -5.496642129265132e-05 -3.173487812970262e-05 0.0 0.0 0.0 0.0 9.300000000000011 0.0 0.0 9.300000000000011 0.0 0.0 0.3 0.05 0.8 0.3 0.05 0.8 0.5 0.1 0.05
792 4.366766452789307 0.0 0.0 0.0 0.0 0.0 0.0 0.15925442351527408 0.17803650630236925 -0.06248132487056698 0.0014024967203525862 0.0 0.0014024967203525862 0.0 0.0 0.0 -0.0004542679445673663 -0.00026227172008018695 -5.496642129265132e-05 -3.173487812970262e-05 0.0 0.0 0.0 0.0 9.300000000000011 0.0 0.0 9.300000000000011 0.0 0.0 0.3 0.05 0.8 0.3 0.05 0.8 0.5 0.1 0.05
793 4.3721022605896 0.0 0.0 0.0 0.0 0.0 0.0 0.16251091762559053 0.17646463234854498 -0.06640434324692515 0.0014024967203525862 0.0 0.0014024967203525862 0.0 0.0 0.0 -0.0004542679445673663 -0.00026227172008018695 -5.496642129265132e-05 -3.173487812970262e-05 0.0 0.0 0.0 0.0 9.300000000000011 0.0 0.0 9.300000000000011 0.0 0.0 0.3 0.05 0.8 0.3 0.05 0.8 0.5 0.1 0.05
794 4.37734055519104 0.0 0.0 0.0 0.0 0.0 0.0 0.16553860070810578 0.17483121466417767 -0.07021541631192463 0.0014024967203525862 0.0 0.0014024967203525862 0.0 0.0 0.0 -0.0004542679445673663 -0.00026227172008018695 -5.496642129265132e-05 -3.173487812970262e-05 0.0 0.0 0.0 0.0 9.300000000000011 0.0 0.0 9.300000000000011 0.0 0.0 0.3 0.05 0.8 0.3 0.05 0.8 0.5 0.1 0.05
795 4.382612705230713 0.0 0.0 0.0 0.0 0.0 0.0 0.1684289971739403 0.17316088266241347 -0.07395932219010887 0.0014024967203525862 0.0 0.0014024967203525862 0.0 0.0 0.0 -0.0004542679445673663 -0.00026227172008018695 -5.496642129265132e-05 -3.173487812970262e-05 0.0 0.0 0.0 0.0 9.300000000000011 0.0 0.0 9.300000000000011 0.0 0.0 0.3 0.05 0.8 0.3 0.05 0.8 0.5 0.1 0.05
796 4.387974262237549 0.0 0.0 0.0 0.0 0.0 0.0 0.17215741275253008 0.17062469832341548 -0.07919696057785927 0.0014024967203525862 0.0 0.0014024967203525862 0.0 0.0 0.0 -0.0004542679445673663 -0.00026227172008018695 -5.496642129265132e-05 -3.173487812970262e-05 0.0 0.0 0.0 0.0 9.300000000000011 0.0 0.0 9.300000000000011 0.0 0.0 0.3 0.05 0.8 0.3 0.05 0.8 0.5 0.1 0.05
797 4.393273115158081 0.0 0.0 0.0 0.0 0.0 0.0 0.17439446209968396 0.1691029877200167 -0.0823395436105095 0.0014024967203525862 0.0 0.0014024967203525862 0.0 0.0 0.0 -0.0004542679445673663 -0.00026227172008018695 -5.496642129265132e-05 -3.173487812970262e-05 0.0 0.0 0.0 0.0 9.300000000000011 0.0 0.0 9.300000000000011 0.0 0.0 0.3 0.05 0.8 0.3 0.05 0.8 0.5 0.1 0.05
798 4.398535251617432 0.0 0.0 0.0 0.0 0.0 0.0 0.17742406939924518 0.16665597622003797 -0.08729306370597856 0.0014024967203525862 0.0 0.0014024967203525862 0.0 0.0 0.0 -0.0004542679445673663 -0.00026227172008018695 -5.496642129265132e-05 -3.173487812970262e-05 0.0 0.0 0.0 0.0 9.300000000000011 0.0 0.0 9.300000000000011 0.0 0.0 0.3 0.05 0.8 0.3 0.05 0.8 0.5 0.1 0.05
799 4.403829097747803 0.0 0.0 0.0 0.0 0.0 0.0 0.18008551964438413 0.16434407749418406 -0.09172243780244456 0.0014024967203525862 0.0 0.0014024967203525862 0.0 0.0 0.0 -0.0004542679445673663 -0.00026227172008018695 -5.496642129265132e-05 -3.173487812970262e-05 0.0 0.0 0.0 0.0 9.300000000000011 0.0 0.0 9.300000000000011 0.0 0.0 0.3 0.05 0.8 0.3 0.05 0.8 0.5 0.1 0.05
800 4.409075736999512 0.0 0.0 0.0 0.0 0.0 0.0 0.18244938236043723 0.16211325239326946 -0.09591404739826362 0.0014024967203525862 0.0 0.0014024967203525862 0.0 0.0 0.0 -0.0004542679445673663 -0.00026227172008018695 -5.496642129265132e-05 -3.173487812970262e-05 0.0 0.0 0.0 0.0 9.300000000000011 0.0 0.0 9.300000000000011 0.0 0.0 0.3 0.05 0.8 0.3 0.05 0.8 0.5 0.1 0.05
801 4.414410591125488 0.0 0.0 0.0 0.0 0.0 0.0 0.18455799330214184 0.15985437221042154 -0.09988627519493962 0.0014024967203525862 0.0 0.0014024967203525862 0.0 0.0 0.0 -0.0004542679445673663 -0.00026227172008018695 -5.496642129265132e-05 -3.173487812970262e-05 0.0 0.0 0.0 0.0 9.300000000000011 0.0 0.0 9.300000000000011 0.0 0.0 0.3 0.05 0.8 0.3 0.05 0.8 0.5 0.1 0.05
802 4.419709920883179 0.0 0.0 0.0 0.0 0.0 0.0 0.18659014647566988 0.1575786530179491 -0.10380359701088468 0.0014024967203525862 0.0 0.0014024967203525862 0.0 0.0 0.0 -0.0004542679445673663 -0.00026227172008018695 -5.496642129265132e-05 -3.173487812970262e-05 0.0 0.0 0.0 0.0 9.300000000000011 0.0 0.0 9.300000000000011 0.0 0.0 0.3 0.05 0.8 0.3 0.05 0.8 0.5 0.1 0.05
803 4.425019264221191 0.0 0.0 0.0 0.0 0.0 0.0 0.18849973169185946 0.15521613712326945 -0.10768797523839116 0.0014024967203525862 0.0 0.0014024967203525862 0.0 0.0 0.0 -0.0004542679445673663 -0.00026227172008018695 -5.496642129265132e-05 -3.173487812970262e-05 0.0 0.0 0.0 0.0 9.300000000000011 0.0 0.0 9.300000000000011 0.0 0.0 0.3 0.05 0.8 0.3 0.05 0.8 0.5 0.1 0.05
804 4.430273771286011 0.0 0.0 0.0 0.0 0.0 0.0 0.19025907687674898 0.152801537246801 -0.11155258731283449 0.0014024967203525862 0.0 0.0014024967203525862 0.0 0.0 0.0 -0.0004542679445673663 -0.00026227172008018695 -5.496642129265132e-05 -3.173487812970262e-05 0.0 0.0 0.0 0.0 9.300000000000011 0.0 0.0 9.300000000000011 0.0 0.0 0.3 0.05 0.8 0.3 0.05 0.8 0.5 0.1 0.05
805 4.435614109039307 0.0 0.0 0.0 0.0 0.0 0.0 0.1913146839876827 0.15135277732091995 -0.1138713545575005 0.0014024967203525862 0.0 0.0014024967203525862 0.0 0.0 0.0 -0.0004542679445673663 -0.00026227172008018695 -5.496642129265132e-05 -3.173487812970262e-05 0.0 0.0 0.0 0.0 9.300000000000011 0.0 0.0 9.300000000000011 0.0 0.0 0.3 0.05 0.8 0.3 0.05 0.8 0.5 0.1 0.05
806 4.440882205963135 0.0 0.0 0.0 0.0 0.0 0.0 0.193251929661027 0.14825924887584357 -0.11840726059521807 0.0014024967203525862 0.0 0.0014024967203525862 0.0 0.0 0.0 -0.0004542679445673663 -0.00026227172008018695 -5.496642129265132e-05 -3.173487812970262e-05 0.0 0.0 0.0 0.0 9.300000000000011 0.0 0.0 9.300000000000011 0.0 0.0 0.3 0.05 0.8 0.3 0.05 0.8 0.5 0.1 0.05
807 4.446194887161255 0.0 0.0 0.0 0.0 0.0 0.0 0.19510457037710632 0.14525264891580766 -0.12273951245454295 0.0014024967203525862 0.0 0.0014024967203525862 0.0 0.0 0.0 -0.0004542679445673663 -0.00026227172008018695 -5.496642129265132e-05 -3.173487812970262e-05 0.0 0.0 0.0 0.0 9.300000000000011 0.0 0.0 9.300000000000011 0.0 0.0 0.3 0.05 0.8 0.3 0.05 0.8 0.5 0.1 0.05
808 4.451506853103638 0.0 0.0 0.0 0.0 0.0 0.0 0.1968297429014652 0.14222150082943455 -0.1269495241231164 0.0014024967203525862 0.0 0.0014024967203525862 0.0 0.0 0.0 -0.0004542679445673663 -0.00026227172008018695 -5.496642129265132e-05 -3.173487812970262e-05 0.0 0.0 0.0 0.0 9.300000000000011 0.0 0.0 9.300000000000011 0.0 0.0 0.3 0.05 0.8 0.3 0.05 0.8 0.5 0.1 0.05
809 4.456774950027466 0.0 0.0 0.0 0.0 0.0 0.0 0.1985551397281533 0.13917562982772358 -0.1310862393609548 0.0014024967203525862 0.0 0.0014024967203525862 0.0 0.0 0.0 -0.0004542679445673663 -0.00026227172008018695 -5.496642129265132e-05 -3.173487812970262e-05 0.0 0.0 0.0 0.0 9.300000000000011 0.0 0.0 9.300000000000011 0.0 0.0 0.3 0.05 0.8 0.3 0.05 0.8 0.5 0.1 0.05
810 4.462115049362183 0.0 0.0 0.0 0.0 0.0 0.0 0.2002039718793419 0.13604421985944848 -0.13525560447167542 0.0014024967203525862 0.0 0.0014024967203525862 0.0 0.0 0.0 -0.0004542679445673663 -0.00026227172008018695 -5.496642129265132e-05 -3.173487812970262e-05 0.0 0.0 0.0 0.0 9.300000000000011 0.0 0.0 9.300000000000011 0.0 0.0 0.3 0.05 0.8 0.3 0.05 0.8 0.5 0.1 0.05
811 4.467596054077148 0.0 0.0 0.0 0.0 0.0 0.0 0.2018068652252309 0.13278479321480238 -0.1394446071898412 0.0014024967203525862 0.0 0.0014024967203525862 0.0 0.0 0.0 -0.0004542679445673663 -0.00026227172008018695 -5.496642129265132e-05 -3.173487812970262e-05 0.0 0.0 0.0 0.0 9.300000000000011 0.0 0.0 9.300000000000011 0.0 0.0 0.3 0.05 0.8 0.3 0.05 0.8 0.5 0.1 0.05
812 4.472961187362671 0.0 0.0 0.0 0.0 0.0 0.0 0.20338218932747557 0.1294485565643337 -0.14372211557122894 0.0014024967203525862 0.0 0.0014024967203525862 0.0 0.0 0.0 -0.0004542679445673663 -0.00026227172008018695 -5.496642129265132e-05 -3.173487812970262e-05 0.0 0.0 0.0 0.0 9.300000000000011 0.0 0.0 9.300000000000011 0.0 0.0 0.3 0.05 0.8 0.3 0.05 0.8 0.5 0.1 0.05
813 4.478350400924683 0.0 0.0 0.0 0.0 0.0 0.0 0.20486427858710118 0.12598952869301003 -0.14797600425179497 0.0014024967203525862 0.0 0.0014024967203525862 0.0 0.0 0.0 -0.0004542679445673663 -0.00026227172008018695 -5.496642129265132e-05 -3.173487812970262e-05 0.0 0.0 0.0 0.0 9.300000000000011 0.0 0.0 9.300000000000011 0.0 0.0 0.3 0.05 0.8 0.3 0.05 0.8 0.5 0.1 0.05
814 4.483713388442993 0.0 0.0 0.0 0.0 0.0 0.0 0.20629042694115537 0.12245683204963781 -0.15221572111186799 0.0014024967203525862 0.0 0.0014024967203525862 0.0 0.0 0.0 -0.0004542679445673663 -0.00026227172008018695 -5.496642129265132e-05 -3.173487812970262e-05 0.0 0.0 0.0 0.0 9.300000000000011 0.0 0.0 9.300000000000011 0.0 0.0 0.3 0.05 0.8 0.3 0.05 0.8 0.5 0.1 0.05
815 4.489001274108887 0.0 0.0 0.0 0.0 0.0 0.0 0.20768301075186668 0.11757604677578792 -0.1580575954326237 0.0014024967203525862 0.0 0.0014024967203525862 0.0 0.0 0.0 -0.0004542679445673663 -0.00026227172008018695 -5.496642129265132e-05 -3.173487812970262e-05 0.0 0.0 0.0 0.0 9.300000000000011 0.0 0.0 9.300000000000011 0.0 0.0 0.3 0.05 0.8 0.3 0.05 0.8 0.5 0.1 0.05
816 4.494266748428345 0.0 0.0 0.0 0.0 0.0 0.0 0.20805836549691165 0.11380388974607578 -0.1630967051630166 0.0014024967203525862 0.0 0.0014024967203525862 0.0 0.0 0.0 -0.0004542679445673663 -0.00026227172008018695 -5.496642129265132e-05 -3.173487812970262e-05 0.0 0.0 0.0 0.0 9.300000000000011 0.0 0.0 9.300000000000011 0.0 0.0 0.3 0.05 0.8 0.3 0.05 0.8 0.5 0.1 0.05
817 4.499576807022095 0.0 0.0 0.0 0.0 0.0 0.0 0.20713308949048403 0.11108039998686667 -0.16742403452664295 0.0014024967203525862 0.0 0.0014024967203525862 0.0 0.0 0.0 -0.0004542679445673663 -0.00026227172008018695 -5.496642129265132e-05 -3.173487812970262e-05 0.0 0.0 0.0 0.0 9.300000000000011 0.0 0.0 9.300000000000011 0.0 0.0 0.3 0.05 0.8 0.3 0.05 0.8 0.5 0.1 0.05
818 4.504835844039917 0.0 0.0 0.0 0.0 0.0 0.0 0.20535074173674037 0.10944630613134118 -0.17094082322758247 0.0014024967203525862 0.0 0.0014024967203525862 0.0 0.0 -0.2690899309962752 -0.0004542679445673663 -0.00026227172008018695 -5.496642129265132e-05 -3.173487812970262e-05 0.0 0.0 0.0 0.0 9.300000000000011 0.0 0.0 9.300000000000011 0.0 0.0 0.3 0.05 0.8 0.3 0.05 0.8 0.5 0.1 0.05
819 4.510145664215088 0.0 0.0 0.0 0.0 0.0 0.0 0.20328424274483353 0.1084658498180259 -0.17374121360207684 0.0014024967203525862 0.0 0.0 0.0 0.0 0.0 0.0 -0.0005245434401603739 0.0 -6.346975625940524e-05 0.010993284258530264 -0.006346975625940524 0.0 0.0 9.300000000000011 0.0 0.0 9.300000000000011 0.0 0.0 0.3 0.05 0.8 0.3 0.05 0.8 0.5 0.1 0.05
820 4.515411615371704 0.0 0.0 0.0 0.0 0.0 0.0 0.20204434334968943 0.10787757603003673 -0.17542144782677344 0.0014024967203525862 0.0 0.0 0.0 0.0 0.0 0.0 -0.0005245434401603739 0.0 -6.346975625940524e-05 0.0 0.0 0.0 0.0 9.300000000000011 0.0 0.0 9.300000000000011 0.0 0.0 0.3 0.05 0.8 0.3 0.05 0.8 0.5 0.1 0.05
821 4.520930051803589 0.0 0.0 0.0 0.0 0.0 0.0 0.20076351487478863 0.10714111547275837 -0.17681306080421835 0.0014024967203525862 0.0 0.0 0.0 0.0 0.0 0.0 -0.0005245434401603739 0.0 -6.346975625940524e-05 0.0 0.0 0.0 0.0 9.300000000000011 0.0 0.0 9.300000000000011 0.0 0.0 0.3 0.05 0.8 0.3 0.05 0.8 0.5 0.1 0.05
822 4.526254892349243 0.0 0.0 0.0 0.0 0.0 0.0 0.19869113042259962 0.10524195921781335 -0.1776480285906853 0.0014024967203525862 0.0 0.0 0.0 0.0 0.0 0.0 -0.0005245434401603739 0.0 -6.346975625940524e-05 0.0 0.0 0.0 0.0 9.300000000000011 0.0 0.0 9.300000000000011 0.0 0.0 0.3 0.05 0.8 0.3 0.05 0.8 0.5 0.1 0.05
823 4.531603813171387 0.0 0.0 0.0 0.0 0.0 0.0 0.19645061537209002 0.10371896918036147 -0.17791893533373246 0.0014024967203525862 0.0 0.0 0.0 0.0 0.0 0.0 -0.0005245434401603739 0.0 -6.346975625940524e-05 0.0 0.0 0.0 0.0 9.300000000000011 0.0 0.0 9.300000000000011 0.0 0.0 0.3 0.05 0.8 0.3 0.05 0.8 0.5 0.1 0.05
824 4.536987781524658 0.0 0.0 0.0 0.0 0.0 0.0 0.19395581748832968 0.10249837813030246 -0.17762128383817893 0.0014024967203525862 0.0 0.0 0.0 0.0 0.0 0.0 -0.0005245434401603739 0.0 -6.346975625940524e-05 0.0 0.0 0.0 0.0 9.300000000000011 0.0 0.0 9.300000000000011 0.0 0.0 0.3 0.05 0.8 0.3 0.05 0.8 0.5 0.1 0.05
825 4.54233193397522 0.0 0.0 0.0 0.0 0.0 0.0 0.19123175660818642 0.10145922647267916 -0.17690577430071008 0.0014024967203525862 0.0 0.0 0.0 0.0 0.0 0.0 -0.0005245434401603739 0.0 -6.346975625940524e-05 0.0 0.0 0.0 0.0 9.300000000000011 0.0 0.0 9.300000000000011 0.0 0.0 0.3 0.05 0.8 0.3 0.05 0.8 0.5 0.1 0.05
826 4.5477705001831055 0.0 0.0 0.0 0.0 0.0 0.0 0.1883701319697489 0.10029884664029085 -0.17578619910801394 0.0014024967203525862 0.0 0.0 0.0 0.0 0.0 0.0 -0.0005245434401603739 0.0 -6.346975625940524e-05 0.0 0.0 0.0 0.0 9.300000000000011 0.0 0.0 9.300000000000011 0.0 0.0 0.3 0.05 0.8 0.3 0.05 0.8 0.5 0.1 0.05
827 4.553626537322998 0.0 0.0 0.0 0.0 0.0 0.0 0.1853492757799023 0.09891232542878511 -0.17434746142342653 0.0014024967203525862 0.0 0.0 0.0 0.0 0.0 0.0 -0.0005245434401603739 0.0 -6.346975625940524e-05 0.0 0.0 0.0 0.0 9.300000000000011 0.0 0.0 9.300000000000011 0.0 0.0 0.3 0.05 0.8 0.3 0.05 0.8 0.5 0.1 0.05
828 4.5590527057647705 0.0 0.0 0.0 0.0 0.0 0.0 0.18069889552127083 0.09669983203820062 -0.17187351057597974 0.0014024967203525862 0.0 0.0 0.0 0.0 0.0 0.0 -0.0005245434401603739 0.0 -6.346975625940524e-05 0.0 0.0 0.0 0.0 9.300000000000011 0.0 0.0 9.300000000000011 0.0 0.0 0.3 0.05 0.8 0.3 0.05 0.8 0.5 0.1 0.05
829 4.564671277999878 0.0 0.0 0.0 0.0 0.0 0.0 0.17645138744551397 0.09475874194867415 -0.169468748984748 0.0014024967203525862 0.0 0.0 0.0 0.0 0.0 0.0 -0.0005245434401603739 0.0 -6.346975625940524e-05 0.0 0.0 0.0 0.0 9.300000000000011 0.0 0.0 9.300000000000011 0.0 0.0 0.3 0.05 0.8 0.3 0.05 0.8 0.5 0.1 0.05
830 4.570262432098389 0.0 0.0 0.0 0.0 0.0 0.0 0.17229220118545568 0.09290379458288552 -0.16702882553220622 0.0014024967203525862 0.0 0.0 0.0 0.0 0.0 0.0 -0.0005245434401603739 0.0 -6.346975625940524e-05 0.0 0.0 0.0 0.0 9.300000000000011 0.0 0.0 9.300000000000011 0.0 0.0 0.3 0.05 0.8 0.3 0.05 0.8 0.5 0.1 0.05
831 4.575869560241699 0.0 0.0 0.0 0.0 0.0 0.0 0.16803261248125478 0.09110053881180406 -0.16456780496287843 0.0014024967203525862 0.0 0.0 0.0 0.0 0.0 0.0 -0.0005245434401603739 0.0 -6.346975625940524e-05 0.0 0.0 0.0 0.0 9.300000000000011 0.0 0.0 9.300000000000011 0.0 0.0 0.3 0.05 0.8 0.3 0.05 0.8 0.5 0.1 0.05
832 4.581262111663818 0.0 0.0 0.0 0.0 0.0 0.0 0.16371278231056835 0.0891748935232885 -0.16217080153851807 0.0014024967203525862 0.0 0.0 0.0 0.0 0.0 0.0 -0.0005245434401603739 0.0 -6.346975625940524e-05 0.0 0.0 0.0 0.0 9.300000000000011 0.0 0.0 9.300000000000011 0.0 0.0 0.3 0.05 0.8 0.3 0.05 0.8 0.5 0.1 0.05
833 4.5879621505737305 0.0 0.0 0.0 0.0 0.0 0.0 0.15928010800309364 0.08717581452431244 -0.1598122084011382 0.0014024967203525862 0.0 0.0 0.0 0.0 0.0 0.0 -0.0005245434401603739 0.0 -6.346975625940524e-05 0.0 0.0 0.0 0.0 9.300000000000011 0.0 0.0 9.300000000000011 0.0 0.0 0.3 0.05 0.8 0.3 0.05 0.8 0.5 0.1 0.05
834 4.593367576599121 0.0 0.0 0.0 0.0 0.0 0.0 0.15462632571951976 0.08505598200262762 -0.1573999383371917 0.0014024967203525862 0.0 0.0 0.0 0.0 0.0 0.0 -0.0005245434401603739 0.0 -6.346975625940524e-05 0.0 0.0 0.0 0.0 9.300000000000011 0.0 0.0 9.300000000000011 0.0 0.0 0.3 0.05 0.8 0.3 0.05 0.8 0.5 0.1 0.05
835 4.598796129226685 0.0 0.0 0.0 0.0 0.0 0.0 0.14792240616855878 0.08178990777075992 -0.15395839561950253 0.0014024967203525862 0.0 0.0 0.0 0.0 0.0 0.0 -0.0005245434401603739 0.0 -6.346975625940524e-05 0.0 0.0 0.0 0.0 9.300000000000011 0.0 0.0 9.300000000000011 0.0 0.0 0.3 0.05 0.8 0.3 0.05 0.8 0.5 0.1 0.05
836 4.604307651519775 0.0 0.0 0.0 0.0 0.0 0.0 0.14190587971912538 0.07883317289197866 -0.1508196803923314 0.0014024967203525862 0.0 0.0 0.0 0.0 0.0 0.0 -0.0005245434401603739 0.0 -6.346975625940524e-05 0.0 0.0 0.0 0.0 9.300000000000011 0.0 0.0 9.300000000000011 0.0 0.0 0.3 0.05 0.8 0.3 0.05 0.8 0.5 0.1 0.05
837 4.609809398651123 0.0 0.0 0.0 0.0 0.0 0.0 0.13630178913060853 0.0761387468424107 -0.1478626616594711 0.0014024967203525862 0.0 0.0 0.0 0.0 0.0 0.0 -0.0005245434401603739 0.0 -6.346975625940524e-05 0.0 0.0 0.0 0.0 9.300000000000011 0.0 0.0 9.300000000000011 0.0 0.0 0.3 0.05 0.8 0.3 0.05 0.8 0.5 0.1 0.05
838 4.615394830703735 0.0 0.0 0.0 0.0 0.0 0.0 0.13086846080174463 0.07360170012990626 -0.14486126230940335 0.0014024967203525862 0.0 0.0 0.0 0.0 0.0 0.0 -0.0005245434401603739 0.0 -6.346975625940524e-05 0.0 0.0 0.0 0.0 9.300000000000011 0.0 0.0 9.300000000000011 0.0 0.0 0.3 0.05 0.8 0.3 0.05 0.8 0.5 0.1 0.05
839 4.620806455612183 0.0 0.0 0.0 0.0 0.0 0.0 0.12546089057177554 0.07123578027653689 -0.14190995768776604 0.0014024967203525862 0.0 0.0 0.0 0.0 0.0 0.0 -0.0005245434401603739 0.0 -6.346975625940524e-05 0.0 0.0 0.0 0.0 9.300000000000011 0.0 0.0 9.300000000000011 0.0 0.0 0.3 0.05 0.8 0.3 0.05 0.8 0.5 0.1 0.05
840 4.626264572143555 0.0 0.0 0.0 0.0 0.0 0.0 0.11991537668734938 0.06897254249911305 -0.13891198680443206 0.0014024967203525862 0.0 0.0 0.0 0.0 0.0 0.0 -0.0005245434401603739 0.0 -6.346975625940524e-05 0.0 0.0 0.0 0.0 9.300000000000011 0.0 0.0 9.300000000000011 0.0 0.0 0.3 0.05 0.8 0.3 0.05 0.8 0.5 0.1 0.05
841 4.633495569229126 0.0 0.0 0.0 0.0 0.0 0.0 0.114210397353352 0.06677090800679206 -0.13588601616408014 0.0014024967203525862 0.0 0.0 0.0 0.0 0.0 0.0 -0.0005245434401603739 0.0 -6.346975625940524e-05 0.0 0.0 0.0 0.0 9.300000000000011 0.0 0.0 9.300000000000011 0.0 0.0 0.3 0.05 0.8 0.3 0.05 0.8 0.5 0.1 0.05
842 4.63901686668396 0.0 0.0 0.0 0.0 0.0 0.0 0.10580197295581156 0.06376254962013053 -0.1315393821441268 0.0014024967203525862 0.0 0.0 0.0 0.0 0.0 0.0 -0.0005245434401603739 0.0 -6.346975625940524e-05 0.0 0.0 0.0 0.0 9.300000000000011 0.0 0.0 9.300000000000011 0.0 0.0 0.3 0.05 0.8 0.3 0.05 0.8 0.5 0.1 0.05
843 4.644429445266724 0.0 0.0 0.0 0.0 0.0 0.0 0.09807245177647385 0.06119054201916389 -0.12762749052304834 0.0014024967203525862 0.0 0.0 0.0 0.0 0.0 0.0 -0.0005245434401603739 0.0 -6.346975625940524e-05 0.0 0.0 0.0 0.0 9.300000000000011 0.0 0.0 9.300000000000011 0.0 0.0 0.3 0.05 0.8 0.3 0.05 0.8 0.5 0.1 0.05
844 4.649770975112915 0.0 0.0 0.0 0.0 0.0 0.0 0.09075027252805777 0.05888035085007866 -0.12389981660997158 0.0014024967203525862 0.0 0.0 0.0 0.0 0.0 0.0 -0.0005245434401603739 0.0 -6.346975625940524e-05 0.0 0.0 0.0 0.0 9.300000000000011 0.0 0.0 9.300000000000011 0.0 0.0 0.3 0.05 0.8 0.3 0.05 0.8 0.5 0.1 0.05
845 4.655334234237671 0.0 0.0 0.0 0.0 0.0 0.0 0.08367249843819469 0.05672724357965779 -0.12028262563798003 0.0014024967203525862 0.0 0.0 0.0 0.0 0.0 0.0 -0.0005245434401603739 0.0 -6.346975625940524e-05 0.0 0.0 0.0 0.0 9.300000000000011 0.0 0.0 9.300000000000011 0.0 0.0 0.3 0.05 0.8 0.3 0.05 0.8 0.5 0.1 0.05
846 4.660743713378906 0.0 0.0 0.0 0.0 0.0 0.0 0.0765879696747275 0.05459169335200305 -0.11673172443063959 0.0014024967203525862 0.0 0.0 0.0 0.0 0.0 0.0 -0.0005245434401603739 0.0 -6.346975625940524e-05 0.0 0.0 0.0 0.0 9.300000000000011 0.0 0.0 9.300000000000011 0.0 0.0 0.3 0.05 0.8 0.3 0.05 0.8 0.5 0.1 0.05
847 4.666173219680786 0.0 0.0 0.0 0.0 0.0 0.0 0.06957608661893677 0.0524666713895435 -0.11322059708208981 0.0014024967203525862 0.0 0.0 0.0 0.0 0.0 0.0 -0.0005245434401603739 0.0 -6.346975625940524e-05 0.0 0.0 0.0 0.0 9.300000000000011 0.0 0.0 9.300000000000011 0.0 0.0 0.3 0.05 0.8 0.3 0.05 0.8 0.5 0.1 0.05
848 4.671938419342041 0.0 0.0 0.0 0.0 0.0 0.0 0.06260779154654546 0.05034796638620108 -0.10973333404881443 0.0014024967203525862 0.0 0.0 0.0 0.0 0.0 0.0 -0.0005245434401603739 0.0 -6.346975625940524e-05 0.0 0.0 0.0 0.0 9.300000000000011 0.0 0.0 9.300000000000011 0.0 0.0 0.3 0.05 0.8 0.3 0.05 0.8 0.5 0.1 0.05
849 4.677840232849121 0.0 0.0 0.0 0.0 0.0 0.0 0.05842681450311067 0.049076743384195626 -0.1076409762288492 0.0014024967203525862 0.0 0.0 0.0 0.0 0.0 0.0 -0.0005245434401603739 0.0 -6.346975625940524e-05 0.0 0.0 0.0 0.0 9.300000000000011 0.0 0.0 9.300000000000011 0.0 0.0 0.3 0.05 0.8 0.3 0.05 0.8 0.5 0.1 0.05
850 4.684276819229126 0.0 0.0 0.0 0.0 0.0 0.0 0.04801822698213889 0.046166436350341594 -0.10224380166443355 0.0014024967203525862 0.0 0.0 0.0 0.0 0.0 0.0 -0.0005245434401603739 0.0 -6.346975625940524e-05 0.0 0.0 0.0 0.0 9.300000000000011 0.0 0.0 9.300000000000011 0.0 0.0 0.3 0.05 0.8 0.3 0.05 0.8 0.5 0.1 0.05
851 4.691248178482056 0.0 0.0 0.0 0.0 0.0 0.0 0.03924200607000729 0.043653265521523925 -0.09770163340039352 0.0014024967203525862 0.0 0.0 0.0 0.0 0.0 0.0 -0.0005245434401603739 0.0 -6.346975625940524e-05 0.0 0.0 0.0 0.0 9.300000000000011 0.0 0.0 9.300000000000011 0.0 0.0 0.3 0.05 0.8 0.3 0.05 0.8 0.5 0.1 0.05
852 4.6966941356658936 0.0 0.0 0.0 0.0 0.0 0.0 0.03152190400754774 0.04145506971216057 -0.09367242123286307 0.0014024967203525862 0.0 0.0 0.0 0.0 0.0 0.0 -0.0005245434401603739 0.0 -6.346975625940524e-05 0.0 0.0 0.0 0.0 9.300000000000011 0.0 0.0 9.300000000000011 0.0 0.0 0.3 0.05 0.8 0.3 0.05 0.8 0.5 0.1 0.05
853 4.70212197303772 0.0 0.0 0.0 0.0 0.0 0.0 0.024435473999949477 0.039445858914469806 -0.09002770582199324 0.0014024967203525862 0.0 0.0 0.0 0.0 0.0 0.0 -0.0005245434401603739 0.0 -6.346975625940524e-05 0.0 0.0 0.0 0.0 9.300000000000011 0.0 0.0 9.300000000000011 0.0 0.0 0.3 0.05 0.8 0.3 0.05 0.8 0.5 0.1 0.05
854 4.70758318901062 0.0 0.0 0.0 0.0 0.0 0.0 0.01780594499204885 0.03755004210401483 -0.08669041156387466 0.0014024967203525862 0.0 0.0 0.0 0.0 0.0 0.0 -0.0005245434401603739 0.0 -6.346975625940524e-05 0.0 0.0 0.0 0.0 9.300000000000011 0.0 0.0 9.300000000000011 0.0 0.0 0.3 0.05 0.8 0.3 0.05 0.8 0.5 0.1 0.05
855 4.713793516159058 0.0 0.0 0.0 0.0 0.0 0.0 0.011527257330979888 0.03564556242900436 -0.08353752231369102 0.0014024967203525862 0.0 0.0 0.0 0.0 0.0 0.0 -0.0005245434401603739 0.0 -6.346975625940524e-05 0.0 0.0 0.0 0.0 9.300000000000011 0.0 0.0 9.300000000000011 0.0 0.0 0.3 0.05 0.8 0.3 0.05 0.8 0.5 0.1 0.05
856 4.719346761703491 0.0 0.0 0.0 0.0 0.0 0.0 0.0 0.03296889246629086 -0.07972833118301442 0.0014024967203525862 0.0 0.0 0.0 0.0 0.0 0.0 -0.0005245434401603739 0.0 -6.346975625940524e-05 0.0 0.0 0.0 0.0 9.300000000000011 0.0 0.0 9.300000000000011 0.0 0.0 0.3 0.05 0.8 0.3 0.05 0.8 0.5 0.1 0.05
857 4.724786281585693 0.0 0.0 0.0 0.0 0.0 0.0 0.0 0.030672600156822244 -0.07652242542184479 0.0014024967203525862 0.0 0.0 0.0 0.0 0.0 0.0 -0.0005245434401603739 0.0 -6.346975625940524e-05 0.0 0.0 0.0 0.0 9.300000000000011 0.0 0.0 9.300000000000011 0.0 0.0 0.3 0.05 0.8 0.3 0.05 0.8 0.5 0.1 0.05
858 4.73028302192688 0.0 0.0 0.0 0.0 0.0 0.0 -0.010659394693138747 0.028681233696197534 -0.07375521398113422 0.0014024967203525862 0.0 0.0 0.0 0.0 0.0 0.0 -0.0005245434401603739 0.0 -6.346975625940524e-05 0.0 0.0 0.0 0.0 9.300000000000011 0.0 0.0 9.300000000000011 0.0 0.0 0.3 0.05 0.8 0.3 0.05 0.8 0.5 0.1 0.05
859 4.735630035400391 0.0 0.0 0.0 0.0 0.0 0.0 -0.016750006694652167 0.027026218278440872 -0.07132789454773815 0.0014024967203525862 0.0 0.0 0.0 0.0 0.0 0.0 -0.0005245434401603739 0.0 -6.346975625940524e-05 0.0 0.0 0.0 0.0 9.300000000000011 0.0 0.0 9.300000000000011 0.0 0.0 0.3 0.05 0.8 0.3 0.05 0.8 0.5 0.1 0.05
860 4.740899324417114 0.0 0.0 0.0 0.0 0.0 0.0 -0.02255194712821098 0.025496317209740306 -0.06918118573376984 0.0014024967203525862 0.0 0.0 0.0 0.0 0.0 0.0 -0.0005245434401603739 0.0 -6.346975625940524e-05 0.0 0.0 0.0 0.0 9.300000000000011 0.0 0.0 9.300000000000011 0.0 0.0 0.3 0.05 0.8 0.3 0.05 0.8 0.5 0.1 0.05
861 4.746438026428223 0.0 0.0 0.0 0.0 0.0 0.0 -0.02810398536410005 0.024194880284035103 -0.06720289097517401 0.0014024967203525862 0.0 0.0 0.0 0.0 0.0 0.0 -0.0005245434401603739 0.0 -6.346975625940524e-05 0.0 0.0 0.0 0.0 9.300000000000011 0.0 0.0 9.300000000000011 0.0 0.0 0.3 0.05 0.8 0.3 0.05 0.8 0.5 0.1 0.05
862 4.751749277114868 0.0 0.0 0.0 0.0 0.0 0.0 -0.033429383024490306 0.023030521844127114 -0.06540232006484073 0.0014024967203525862 0.0 0.0 0.0 0.0 0.0 0.0 -0.0005245434401603739 0.0 -6.346975625940524e-05 0.0 0.0 0.0 0.0 9.300000000000011 0.0 0.0 9.300000000000011 0.0 0.0 0.3 0.05 0.8 0.3 0.05 0.8 0.5 0.1 0.05
863 4.757119178771973 0.0 0.0 0.0 0.0 0.0 0.0 -0.036624621620724454 0.02233190678018232 -0.06432197751864077 0.0014024967203525862 0.0 0.0 0.0 0.0 0.0 0.0 -0.0005245434401603739 0.0 -6.346975625940524e-05 0.0 0.0 0.0 0.0 9.300000000000011 0.0 0.0 9.300000000000011 0.0 0.0 0.3 0.05 0.8 0.3 0.05 0.8 0.5 0.1 0.05
864 4.762480735778809 0.0 0.0 0.0 0.0 0.0 0.0 -0.04099613503870359 0.02175934220825374 -0.06259998239436318 0.0014024967203525862 0.0 0.0 0.0 0.0 0.0 0.0 -0.0005245434401603739 0.0 -6.346975625940524e-05 0.0 0.0 0.0 0.0 9.300000000000011 0.0 0.0 9.300000000000011 0.0 0.0 0.3 0.05 0.8 0.3 0.05 0.8 0.5 0.1 0.05
865 4.767755031585693 0.0 0.0 0.0 0.0 0.0 0.0 -0.04400253937397594 0.02187599602624619 -0.061183265193453844 0.0014024967203525862 0.0 0.0 0.0 0.0 0.0 0.0 -0.0005245434401603739 0.0 -6.346975625940524e-05 0.0 0.0 0.0 0.0 9.300000000000011 0.0 0.0 9.300000000000011 0.0 0.0 0.3 0.05 0.8 0.3 0.05 0.8 0.5 0.1 0.05
866 4.773171424865723 0.0 0.0 0.0 0.0 0.0 0.0 -0.04626657453628895 0.022406183858423495 -0.06002643784532036 0.0014024967203525862 0.0 0.0 0.0 0.0 0.0 0.0 -0.0005245434401603739 0.0 -6.346975625940524e-05 0.0 0.0 0.0 0.0 9.300000000000011 0.0 0.0 9.300000000000011 0.0 0.0 0.3 0.05 0.8 0.3 0.05 0.8 0.5 0.1 0.05
867 4.778457164764404 0.0 0.0 0.0 0.0 0.0 0.0 -0.0487754815068991 0.02356798540336434 -0.058948868993813304 0.0014024967203525862 0.0 0.0 0.0 0.0 0.0 0.0 -0.0005245434401603739 0.0 -6.346975625940524e-05 0.0 0.0 0.0 0.0 9.300000000000011 0.0 0.0 9.300000000000011 0.0 0.0 0.3 0.05 0.8 0.3 0.05 0.8 0.5 0.1 0.05
868 4.78390645980835 0.0 0.0 0.0 0.0 0.0 0.0 -0.05104781527800268 0.02464855963458147 -0.0582256045841542 0.0014024967203525862 0.0 0.0 0.0 0.0 0.0 0.0 -0.0005245434401603739 0.0 -6.346975625940524e-05 0.0 0.0 0.0 0.0 9.300000000000011 0.0 0.0 9.300000000000011 0.0 0.0 0.3 0.05 0.8 0.3 0.05 0.8 0.5 0.1 0.05
869 4.789150238037109 0.0 0.0 0.0 0.0 0.0 0.0 -0.05287141108204667 0.025450302687105693 -0.05771497052331967 0.0014024967203525862 0.0 0.0 0.0 0.0 0.0 0.0 -0.0005245434401603739 0.0 -6.346975625940524e-05 0.0 0.0 0.0 0.0 9.300000000000011 0.0 0.0 9.300000000000011 0.0 0.0 0.3 0.05 0.8 0.3 0.05 0.8 0.5 0.1 0.05
870 4.794379472732544 0.0 0.0 0.0 0.0 0.0 0.0 -0.05450246038251962 0.026084747032414174 -0.05740859008681895 0.0014024967203525862 0.0 0.0 0.0 0.0 0.0 0.0 -0.0005245434401603739 0.0 -6.346975625940524e-05 0.0 0.0 0.0 0.0 9.300000000000011 0.0 0.0 9.300000000000011 0.0 0.0 0.3 0.05 0.8 0.3 0.05 0.8 0.5 0.1 0.05
871 4.799718856811523 0.0 0.0 0.0 0.0 0.0 0.0 -0.055941285504185236 0.02669551141029018 -0.05722476182491852 0.0014024967203525862 0.0 0.0 0.0 0.0 0.0 0.0 -0.0005245434401603739 0.0 -6.346975625940524e-05 0.0 0.0 0.0 0.0 9.300000000000011 0.0 0.0 9.300000000000011 0.0 0.0 0.3 0.05 0.8 0.3 0.05 0.8 0.5 0.1 0.05
872 4.805038928985596 0.0 0.0 0.0 0.0 0.0 0.0 -0.05726477611856644 0.027445466321500644 -0.05719114028281733 0.0014024967203525862 0.0 0.0 0.0 0.0 0.0 0.0 -0.0005245434401603739 0.0 -6.346975625940524e-05 0.0 0.0 0.0 0.0 9.300000000000011 0.0 0.0 9.300000000000011 0.0 0.0 0.3 0.05 0.8 0.3 0.05 0.8 0.5 0.1 0.05
873 4.810395956039429 0.0 0.0 0.0 0.0 0.0 0.0 -0.058672461562138706 0.02827893257247955 -0.057247690456311486 0.0014024967203525862 0.0 0.0 0.0 0.0 0.0 0.0 -0.0005245434401603739 0.0 -6.346975625940524e-05 0.0 0.0 0.0 0.0 9.300000000000011 0.0 0.0 9.300000000000011 0.0 0.0 0.3 0.05 0.8 0.3 0.05 0.8 0.5 0.1 0.05
874 4.815631151199341 0.0 0.0 0.0 0.0 0.0 0.0 -0.0599772683696639 0.02900911009375781 -0.057358295975447046 0.0014024967203525862 0.0 0.0 0.0 0.0 0.0 0.0 -0.0005245434401603739 0.0 -6.346975625940524e-05 0.0 0.0 0.0 0.0 9.300000000000011 0.0 0.0 9.300000000000011 0.0 0.0 0.3 0.05 0.8 0.3 0.05 0.8 0.5 0.1 0.05
875 4.820942401885986 0.0 0.0 0.0 0.0 0.0 0.0 -0.06122034501532861 0.029754013634112658 -0.05734798387188932 0.0014024967203525862 0.0 0.0 0.0 0.0 0.0 0.0 -0.0005245434401603739 0.0 -6.346975625940524e-05 0.0 0.0 0.0 0.0 9.300000000000011 0.0 0.0 9.300000000000011 0.0 0.0 0.3 0.05 0.8 0.3 0.05 0.8 0.5 0.1 0.05
876 4.826312780380249 0.0 0.0 0.0 0.0 0.0 0.0 -0.06242638654410928 0.030507749805681217 -0.057265073510999805 0.0014024967203525862 0.0 0.0 0.0 0.0 0.0 0.0 -0.0005245434401603739 0.0 -6.346975625940524e-05 0.0 0.0 0.0 0.0 9.300000000000011 0.0 0.0 9.300000000000011 0.0 0.0 0.3 0.05 0.8 0.3 0.05 0.8 0.5 0.1 0.05
877 4.831714153289795 0.0 0.0 0.0 0.0 0.0 0.0 -0.06368690327942425 0.03119008927931327 -0.05713865187942703 0.0014024967203525862 0.0 0.0 0.0 0.0 0.0 0.0 -0.0005245434401603739 0.0 -6.346975625940524e-05 0.0 0.0 0.0 0.0 9.300000000000011 0.0 0.0 9.300000000000011 0.0 0.0 0.3 0.05 0.8 0.3 0.05 0.8 0.5 0.1 0.05
878 4.837085485458374 0.0 0.0 0.0 0.0 0.0 0.0 -0.06444321332061323 0.0315994929634925 -0.057062798900483366 0.0014024967203525862 0.0 0.0 0.0 0.0 0.0 0.0 -0.0005245434401603739 0.0 -6.346975625940524e-05 0.0 0.0 0.0 0.0 9.300000000000011 0.0 0.0 9.300000000000011 0.0 0.0 0.3 0.05 0.8 0.3 0.05 0.8 0.5 0.1 0.05
879 4.8423895835876465 0.0 0.0 0.0 0.0 0.0 0.0 -0.06581738744785805 0.03245872922917582 -0.05671049008552928 0.0014024967203525862 0.0 0.0 0.0 0.0 0.0 0.0 -0.0005245434401603739 0.0 -6.346975625940524e-05 0.0 0.0 0.0 0.0 9.300000000000011 0.0 0.0 9.300000000000011 0.0 0.0 0.3 0.05 0.8 0.3 0.05 0.8 0.5 0.1 0.05
880 4.847770690917969 0.0 0.0 0.0 0.0 0.0 0.0 -0.06710208746558678 0.03328106503594147 -0.05634570628276288 0.0014024967203525862 0.0 0.0 0.0 0.0 0.0 0.0 -0.0005245434401603739 0.0 -6.346975625940524e-05 0.0 0.0 0.0 0.0 9.300000000000011 0.0 0.0 9.300000000000011 0.0 0.0 0.3 0.05 0.8 0.3 0.05 0.8 0.5 0.1 0.05
881 4.853226184844971 0.0 0.0 0.0 0.0 0.0 0.0 -0.06833310003737361 0.034081263547588746 -0.05597343748730909 0.0014024967203525862 0.0 0.0 0.0 0.0 0.0 0.0 -0.0005245434401603739 0.0 -6.346975625940524e-05 0.0 0.0 0.0 0.0 9.300000000000011 0.0 0.0 9.300000000000011 0.0 0.0 0.3 0.05 0.8 0.3 0.05 0.8 0.5 0.1 0.05
882 4.85870623588562 0.0 0.0 0.0 0.0 0.0 0.0 -0.07006879792010635 0.035251672986417626 -0.05544327918244893 0.0014024967203525862 0.0 0.0 0.0 0.0 0.0 0.0 -0.0005245434401603739 0.0 -6.346975625940524e-05 0.0 0.0 0.0 0.0 9.300000000000011 0.0 0.0 9.300000000000011 0.0 0.0 0.3 0.05 0.8 0.3 0.05 0.8 0.5 0.1 0.05
883 4.8640429973602295 0.0 0.0 0.0 0.0 0.0 0.0 -0.0715704092108956 0.03633741493419982 -0.05497178568573889 0.0014024967203525862 0.0 0.0 0.0 0.0 0.0 0.0 -0.0005245434401603739 0.0 -6.346975625940524e-05 0.0 0.0 0.0 0.0 9.300000000000011 0.0 0.0 9.300000000000011 0.0 0.0 0.3 0.05 0.8 0.3 0.05 0.8 0.5 0.1 0.05
884 4.869344711303711 0.0 0.0 0.0 0.0 0.0 0.0 -0.07293157152675098 0.037372356387354 -0.05453549107391892 0.0014024967203525862 0.0 0.0 0.0 0.0 0.0 0.0 -0.0005245434401603739 0.0 -6.346975625940524e-05 0.0 0.0 0.0 0.0 9.300000000000011 0.0 0.0 9.300000000000011 0.0 0.0 0.3 0.05 0.8 0.3 0.05 0.8 0.5 0.1 0.05
885 4.874619960784912 0.0 0.0 0.0 0.0 0.0 0.0 -0.07374826891626421 0.03799332125924651 -0.05427371430682694 0.0014024967203525862 0.0 0.0 0.0 0.0 0.0 0.0 -0.0005245434401603739 0.0 -6.346975625940524e-05 0.0 0.0 0.0 0.0 9.300000000000011 0.0 0.0 9.300000000000011 0.0 0.0 0.3 0.05 0.8 0.3 0.05 0.8 0.5 0.1 0.05
886 4.879892826080322 0.0 0.0 0.0 0.0 0.0 0.0 -0.0753120709860653 0.03928628530468121 -0.053733175803944794 0.0014024967203525862 0.0 0.0 0.0 0.0 0.0 0.0 -0.0005245434401603739 0.0 -6.346975625940524e-05 0.0 0.0 0.0 0.0 9.300000000000011 0.0 0.0 9.300000000000011 0.0 0.0 0.3 0.05 0.8 0.3 0.05 0.8 0.5 0.1 0.05
887 4.885315179824829 0.0 0.0 0.0 0.0 0.0 0.0 -0.07678724702622475 0.04052225927332386 -0.05310205567462762 0.0014024967203525862 0.0 0.0 0.0 0.0 0.0 0.0 -0.0005245434401603739 0.0 -6.346975625940524e-05 0.0 0.0 0.0 0.0 9.300000000000011 0.0 0.0 9.300000000000011 0.0 0.0 0.3 0.05 0.8 0.3 0.05 0.8 0.5 0.1 0.05
888 4.890647888183594 0.0 0.0 0.0 0.0 0.0 0.0 -0.07836264596239317 0.04164733993899432 -0.05241658656944942 0.0014024967203525862 0.0 0.0 0.0 0.0 0.0 0.0 -0.0005245434401603739 0.0 -6.346975625940524e-05 0.0 0.0 0.0 0.0 9.300000000000011 0.0 0.0 9.300000000000011 0.0 0.0 0.3 0.05 0.8 0.3 0.05 0.8 0.5 0.1 0.05
889 4.89615535736084 0.0 0.0 0.0 0.0 0.0 0.0 -0.0799981726757025 0.04278258387977843 -0.051621784979999724 0.0014024967203525862 0.0 0.0 0.0 0.0 0.0 0.0 -0.0005245434401603739 0.0 -6.346975625940524e-05 0.0 0.0 0.0 0.0 9.300000000000011 0.0 0.0 9.300000000000011 0.0 0.0 0.3 0.05 0.8 0.3 0.05 0.8 0.5 0.1 0.05
890 4.901893854141235 0.0 0.0 0.0 0.0 0.0 0.0 -0.08166978201576086 0.044000625042527705 -0.05076143158370296 0.0014024967203525862 0.0 0.0 0.0 0.0 0.0 0.0 -0.0005245434401603739 0.0 -6.346975625940524e-05 0.0 0.0 0.0 0.0 9.300000000000011 0.0 0.0 9.300000000000011 0.0 0.0 0.3 0.05 0.8 0.3 0.05 0.8 0.5 0.1 0.05
891 4.907370567321777 0.0 0.0 0.0 0.0 0.0 0.0 -0.0834397401887656 0.045268338577991604 -0.049785024004543064 0.0014024967203525862 0.0 0.0 0.0 0.0 0.0 0.0 -0.0005245434401603739 0.0 -6.346975625940524e-05 0.0 0.0 0.0 0.0 9.300000000000011 0.0 0.0 9.300000000000011 0.0 0.0 0.3 0.05 0.8 0.3 0.05 0.8 0.5 0.1 0.05
892 4.912705898284912 0.0 0.0 0.0 0.0 0.0 0.0 -0.08526870170107369 0.046565861497548745 -0.04866226081691041 0.0014024967203525862 0.0 0.0 0.0 0.0 0.0 0.0 -0.0005245434401603739 0.0 -6.346975625940524e-05 0.0 0.0 0.0 0.0 9.300000000000011 0.0 0.0 9.300000000000011 0.0 0.0 0.3 0.05 0.8 0.3 0.05 0.8 0.5 0.1 0.05
893 4.918273687362671 0.0 0.0 0.0 0.0 0.0 0.0 -0.08720977043432523 0.04788127004756184 -0.04745173194790992 0.0014024967203525862 0.0 0.0 0.0 0.0 0.0 0.0 -0.0005245434401603739 0.0 -6.346975625940524e-05 0.0 0.0 0.0 0.0 9.300000000000011 0.0 0.0 9.300000000000011 0.0 0.0 0.3 0.05 0.8 0.3 0.05 0.8 0.5 0.1 0.05
894 4.923522472381592 0.0 0.0 0.0 0.0 0.0 0.0 -0.08837441167427618 0.04867051517756969 -0.04672541462650963 0.0014024967203525862 0.0 0.0 0.0 0.0 0.0 0.0 -0.0005245434401603739 0.0 -6.346975625940524e-05 0.0 0.0 0.0 0.0 9.300000000000011 0.0 0.0 9.300000000000011 0.0 0.0 0.3 0.05 0.8 0.3 0.05 0.8 0.5 0.1 0.05
895 4.928762912750244 0.0 0.0 0.0 0.0 0.0 0.0 -0.09129746890779447 0.05083143994684333 -0.044295443554348155 0.0014024967203525862 0.0 0.0 0.0 0.0 0.0 0.0 -0.0005245434401603739 0.0 -6.346975625940524e-05 0.0 0.0 0.0 0.0 9.300000000000011 0.0 0.0 9.300000000000011 0.0 0.0 0.3 0.05 0.8 0.3 0.05 0.8 0.5 0.1 0.05
896 4.934052467346191 0.0 0.0 0.0 0.0 0.0 0.0 -0.0937415965599782 0.05258819034978935 -0.04199374524332666 0.0014024967203525862 0.0 0.0 0.0 0.0 0.0 0.0 -0.0005245434401603739 0.0 -6.346975625940524e-05 0.0 0.0 0.0 0.0 9.300000000000011 0.0 0.0 9.300000000000011 0.0 0.0 0.3 0.05 0.8 0.3 0.05 0.8 0.5 0.1 0.05
897 4.939341306686401 0.0 0.0 0.0 0.0 0.0 0.0 -0.09597505975979367 0.054179135389835764 -0.03976905827270498 0.0014024967203525862 0.0 0.0 0.0 0.0 0.0 0.0 -0.0005245434401603739 0.0 -6.346975625940524e-05 0.0 0.0 0.0 0.0 9.300000000000011 0.0 0.0 9.300000000000011 0.0 0.0 0.3 0.05 0.8 0.3 0.05 0.8 0.5 0.1 0.05
898 4.944669961929321 0.0 0.0 0.0 0.0 0.0 0.0 -0.09800543099175572 0.05559389199478097 -0.03766725352136224 0.0014024967203525862 0.0 0.0 0.0 0.0 0.0 0.0 -0.0005245434401603739 0.0 -6.346975625940524e-05 0.0 0.0 0.0 0.0 9.300000000000011 0.0 0.0 9.300000000000011 0.0 0.0 0.3 0.05 0.8 0.3 0.05 0.8 0.5 0.1 0.05
899 4.950040102005005 0.0 0.0 0.0 0.0 0.0 0.0 -0.09999064629990267 0.05697964075602691 -0.035715901200341765 0.0014024967203525862 0.0 0.0 0.0 0.0 0.0 0.0 -0.0005245434401603739 0.0 -6.346975625940524e-05 0.0 0.0 0.0 0.0 9.300000000000011 0.0 0.0 9.300000000000011 0.0 0.0 0.3 0.05 0.8 0.3 0.05 0.8 0.5 0.1 0.05
900 4.955349922180176 0.0 0.0 0.0 0.0 0.0 0.0 -0.10179536357950214 0.05834798481105328 -0.03377809723875975 0.0014024967203525862 0.0 0.0 0.0 0.0 0.0 0.0 -0.0005245434401603739 0.0 -6.346975625940524e-05 0.0 0.0 0.0 0.0 9.300000000000011 0.0 0.0 9.300000000000011 0.0 0.0 0.3 0.05 0.8 0.3 0.05 0.8 0.5 0.1 0.05
901 4.960709571838379 0.0 0.0 0.0 0.0 0.0 0.0 -0.1035684872593346 0.059782585299244885 -0.03192509770787987 0.0014024967203525862 0.0 0.0 0.0 0.0 0.0 0.0 -0.0005245434401603739 0.0 -6.346975625940524e-05 0.0 0.0 0.0 0.0 9.300000000000011 0.0 0.0 9.300000000000011 0.0 0.0 0.3 0.05 0.8 0.3 0.05 0.8 0.5 0.1 0.05
902 4.966079235076904 0.0 0.0 0.0 0.0 0.0 0.0 -0.10524595552240984 0.061103535173077206 -0.030199703934176165 0.0014024967203525862 0.0 0.0 0.0 0.0 0.0 0.0 -0.0005245434401603739 0.0 -6.346975625940524e-05 0.0 0.0 0.0 0.0 9.300000000000011 0.0 0.0 9.300000000000011 0.0 0.0 0.3 0.05 0.8 0.3 0.05 0.8 0.5 0.1 0.05
903 4.971430778503418 0.0 0.0 0.0 0.0 0.0 0.0 -0.10694272383186326 0.0624329998956554 -0.0284741981997391 0.0014024967203525862 0.0 0.0 0.0 0.0 0.0 0.0 -0.0005245434401603739 0.0 -6.346975625940524e-05 0.0 0.0 0.0 0.0 9.300000000000011 0.0 0.0 9.300000000000011 0.0 0.0 0.3 0.05 0.8 0.3 0.05 0.8 0.5 0.1 0.05
904 4.976707458496094 0.0 0.0 0.0 0.0 0.0 0.0 -0.10849767961581412 0.06369087427058416 -0.026748577605146193 0.0014024967203525862 0.0 0.0 0.0 0.0 0.0 0.0 -0.0005245434401603739 0.0 -6.346975625940524e-05 0.0 0.0 0.0 0.0 9.300000000000011 0.0 0.0 9.300000000000011 0.0 0.0 0.3 0.05 0.8 0.3 0.05 0.8 0.5 0.1 0.05
905 4.981995344161987 0.0 0.0 0.0 0.0 0.0 0.0 -0.10996754788446345 0.06482909518002627 -0.025022935778175607 0.0014024967203525862 0.0 0.0 0.0 0.0 0.0 0.0 -0.0005245434401603739 0.0 -6.346975625940524e-05 0.0 0.0 0.0 0.0 9.300000000000011 0.0 0.0 9.300000000000011 0.0 0.0 0.3 0.05 0.8 0.3 0.05 0.8 0.5 0.1 0.05
906 4.987275838851929 0.0 0.0 0.0 0.0 0.0 0.0 -0.11138636364393185 0.06589551804971194 -0.02329723352806259 0.0014024967203525862 0.0 0.0 0.0 0.0 0.0 0.0 -0.0005245434401603739 0.0 -6.346975625940524e-05 0.0 0.0 0.0 0.0 9.300000000000011 0.0 0.0 9.300000000000011 0.0 0.0 0.3 0.05 0.8 0.3 0.05 0.8 0.5 0.1 0.05
907 4.992565155029297 0.0 0.0 0.0 0.0 0.0 0.0 -0.11269784268053026 0.06684216879911123 -0.021571542707779938 0.0014024967203525862 0.0 0.0 0.0 0.0 0.0 0.0 -0.0005245434401603739 0.0 -6.346975625940524e-05 0.0 0.0 0.0 0.0 9.300000000000011 0.0 0.0 9.300000000000011 0.0 0.0 0.3 0.05 0.8 0.3 0.05 0.8 0.5 0.1 0.05
908 4.997919797897339 0.0 0.0 0.0 0.0 0.0 0.0 -0.1134847301024893 0.0674101592487508 -0.020536128215610346 0.0014024967203525862 0.0 0.0 0.0 0.0 0.0 0.0 -0.0005245434401603739 0.0 -6.346975625940524e-05 0.0 0.0 0.0 0.0 9.300000000000011 0.0 0.0 9.300000000000011 0.0 0.0 0.3 0.05 0.8 0.3 0.05 0.8 0.5 0.1 0.05
909 5.003190040588379 0.0 0.0 0.0 0.0 0.0 0.0 -0.11464715586773747 0.06828784831681334 -0.018610968311202146 0.0014024967203525862 0.0 0.0 0.0 0.0 0.0 0.0 -0.0005245434401603739 0.0 -6.346975625940524e-05 0.0 0.0 0.0 0.0 9.300000000000011 0.0 0.0 9.300000000000011 0.0 0.0 0.3 0.05 0.8 0.3 0.05 0.8 0.5 0.1 0.05
910 5.0084638595581055 0.0 0.0 0.0 0.0 0.0 0.0 -0.11565140835447427 0.06896786027144482 -0.016842278313381445 0.0014024967203525862 0.0 0.0 0.0 0.0 0.0 0.0 -0.0005245434401603739 0.0 -6.346975625940524e-05 0.0 0.0 0.0 0.0 9.300000000000011 0.0 0.0 9.300000000000011 0.0 0.0 0.3 0.05 0.8 0.3 0.05 0.8 0.5 0.1 0.05
911 5.014059543609619 0.0 0.0 0.0 0.0 0.0 0.0 -0.11648405761720726 0.06960596521491462 -0.014783997816886288 0.0014024967203525862 0.0 0.0 0.0 0.0 0.0 0.0 -0.0005245434401603739 0.0 -6.346975625940524e-05 0.0 0.0 0.0 0.0 9.300000000000011 0.0 0.0 9.300000000000011 0.0 0.0 0.3 0.05 0.8 0.3 0.05 0.8 0.5 0.1 0.05
912 5.019379615783691 0.0 0.0 0.0 0.0 0.0 0.0 -0.11698364717484706 0.0699888281809965 -0.013088833977607359 0.0014024967203525862 0.0 0.0 0.0 0.0 0.0 0.0 -0.0005245434401603739 0.0 -6.346975625940524e-05 0.0 0.0 0.0 0.0 9.300000000000011 0.0 0.0 9.300000000000011 0.0 0.0 0.3 0.05 0.8 0.3 0.05 0.8 0.5 0.1 0.05
913 5.0247228145599365 0.0 0.0 0.0 0.0 0.0 0.0 -0.11720670165253397 0.07014184670374865 -0.01176493864645211 0.0014024967203525862 0.0 0.0 0.0 0.0 0.0 0.0 -0.0005245434401603739 0.0 -6.346975625940524e-05 0.0 0.0 0.0 0.0 9.300000000000011 0.0 0.0 9.300000000000011 0.0 0.0 0.3 0.05 0.8 0.3 0.05 0.8 0.5 0.1 0.05
914 5.030048131942749 0.0 0.0 0.0 0.0 0.0 0.0 -0.1171104365684552 0.07015695856050297 -0.01066380442017107 0.0014024967203525862 0.0 0.0 0.0 0.0 0.0 0.0 -0.0005245434401603739 0.0 -6.346975625940524e-05 0.0 0.0 0.0 0.0 9.300000000000011 0.0 0.0 9.300000000000011 0.0 0.0 0.3 0.05 0.8 0.3 0.05 0.8 0.5 0.1 0.05
915 5.035369634628296 0.0 0.0 0.0 0.0 0.0 0.0 -0.11666918123352307 0.06993592790386464 -0.009773049955569438 0.0014024967203525862 0.0 0.0 0.0 0.0 0.0 0.0 -0.0005245434401603739 0.0 -6.346975625940524e-05 0.0 0.0 0.0 0.0 9.300000000000011 0.0 0.0 9.300000000000011 0.0 0.0 0.3 0.05 0.8 0.3 0.05 0.8 0.5 0.1 0.05
916 5.04071831703186 0.0 0.0 0.0 0.0 0.0 0.0 -0.11586753323428498 0.06957321173919073 -0.009085198763014515 0.0014024967203525862 0.0 0.0 0.0 0.0 0.0 0.0 -0.0005245434401603739 0.0 -6.346975625940524e-05 0.0 0.0 0.0 0.0 9.300000000000011 0.0 0.0 9.300000000000011 0.0 0.0 0.3 0.05 0.8 0.3 0.05 0.8 0.5 0.1 0.05
917 5.046005487442017 0.0 0.0 0.0 0.0 0.0 0.0 -0.11477295634003082 0.06904878501279849 0.0 0.0014024967203525862 0.0 0.0 0.0 0.0 0.0 0.0 -0.0005245434401603739 0.0 -6.346975625940524e-05 0.0 0.0 0.0 0.0 9.300000000000011 0.0 0.0 9.300000000000011 0.0 0.0 0.3 0.05 0.8 0.3 0.05 0.8 0.5 0.1 0.05
918 5.051424980163574 0.0 0.0 0.0 0.0 0.0 0.0 -0.11342591689140558 0.06835063865294276 0.0 0.0014024967203525862 0.0 0.0 0.0 0.0 0.0 0.0 -0.0005245434401603739 0.0 -6.346975625940524e-05 0.0 0.0 0.0 0.0 9.300000000000011 0.0 0.0 9.300000000000011 0.0 0.0 0.3 0.05 0.8 0.3 0.05 0.8 0.5 0.1 0.05
919 5.05678653717041 0.0 0.0 0.0 0.0 0.0 0.0 -0.11185070065326069 0.0674715552956475 0.0 0.0014024967203525862 0.0 0.0 0.0 0.0 0.0 0.0 -0.0005245434401603739 0.0 -6.346975625940524e-05 0.0 0.0 0.0 0.0 9.300000000000011 0.0 0.0 9.300000000000011 0.0 0.0 0.3 0.05 0.8 0.3 0.05 0.8 0.5 0.1 0.05
920 5.062221527099609 0.0 0.0 0.0 0.0 0.0 0.0 -0.11006188504497155 0.06648390973988849 0.0 0.0014024967203525862 0.0 0.0 0.0 0.0 0.0 0.0 -0.0005245434401603739 0.0 -6.346975625940524e-05 0.0 0.0 0.0 0.0 9.300000000000011 0.0 0.0 9.300000000000011 0.0 0.0 0.3 0.05 0.8 0.3 0.05 0.8 0.5 0.1 0.05
921 5.067641973495483 0.0 0.0 0.0 0.0 0.0 0.0 -0.10814490385413136 0.06543112686505126 0.0 0.0014024967203525862 0.0 0.0 0.0 0.0 0.0 0.0 -0.0005245434401603739 0.0 -6.346975625940524e-05 0.0 0.0 0.0 0.0 9.300000000000011 0.0 0.0 9.300000000000011 0.0 0.0 0.3 0.05 0.8 0.3 0.05 0.8 0.5 0.1 0.05
922 5.072926759719849 0.0 0.0 0.0 0.0 0.0 0.0 -0.10615102927422503 0.06426256234187011 0.0 0.0014024967203525862 0.0 0.0 0.0 0.0 0.0 0.0 -0.0005245434401603739 0.0 -6.346975625940524e-05 0.0 0.0 0.0 0.0 9.300000000000011 0.0 0.0 9.300000000000011 0.0 0.0 0.3 0.05 0.8 0.3 0.05 0.8 0.5 0.1 0.05
923 5.078325986862183 0.0 0.0 0.0 0.0 0.0 0.0 -0.10495470452628122 0.06356142362796142 0.0 0.0014024967203525862 0.0 0.0 0.0 0.0 0.0 0.0 -0.0005245434401603739 0.0 -6.346975625940524e-05 0.0 0.0 0.0 0.0 9.300000000000011 0.0 0.0 9.300000000000011 0.0 0.0 0.3 0.05 0.8 0.3 0.05 0.8 0.5 0.1 0.05
924 5.0837860107421875 0.0 0.0 0.0 0.0 0.0 0.0 -0.10247282676888458 0.06206695676352307 0.0 0.0014024967203525862 0.0 0.0 0.0 0.0 0.0 0.0 -0.0005245434401603739 0.0 -6.346975625940524e-05 0.0 0.0 0.0 0.0 9.300000000000011 0.0 0.0 9.300000000000011 0.0 0.0 0.3 0.05 0.8 0.3 0.05 0.8 0.5 0.1 0.05
925 5.089249134063721 0.0 0.0 0.0 0.0 0.0 0.0 -0.09906622465248677 0.06001978779140547 -0.009772898436784996 0.0014024967203525862 0.0 0.0 0.0 0.0 0.0 0.0 -0.0005245434401603739 0.0 -6.346975625940524e-05 0.0 0.0 0.0 0.0 9.300000000000011 0.0 0.0 9.300000000000011 0.0 0.0 0.3 0.05 0.8 0.3 0.05 0.8 0.5 0.1 0.05
926 5.0945892333984375 0.0 0.0 0.0 0.0 0.0 0.0 -0.0960251790034519 0.0581778983134236 -0.011002565432310256 0.0014024967203525862 0.0 0.0 0.0 0.0 0.0 0.0 -0.0005245434401603739 0.0 -6.346975625940524e-05 0.0 0.0 0.0 0.0 9.300000000000011 0.0 0.0 9.300000000000011 0.0 0.0 0.3 0.05 0.8 0.3 0.05 0.8 0.5 0.1 0.05
927 5.099946022033691 0.0 0.0 0.0 0.0 0.0 0.0 -0.09312676201747336 0.05638247131456173 -0.012353959684801193 0.0014024967203525862 0.0 0.0 0.0 0.0 0.0 0.0 -0.0005245434401603739 0.0 -6.346975625940524e-05 0.0 0.0 0.0 0.0 9.300000000000011 0.0 0.0 9.300000000000011 0.0 0.0 0.3 0.05 0.8 0.3 0.05 0.8 0.5 0.1 0.05
928 5.105347156524658 0.0 0.0 0.0 0.0 0.0 0.0 -0.09031392818979309 0.05453822254627488 -0.013701667192716652 0.0014024967203525862 0.0 0.0 0.0 0.0 0.0 0.0 -0.0005245434401603739 0.0 -6.346975625940524e-05 0.0 0.0 0.0 0.0 9.300000000000011 0.0 0.0 9.300000000000011 0.0 0.0 0.3 0.05 0.8 0.3 0.05 0.8 0.5 0.1 0.05
929 5.110721111297607 0.0 0.0 0.0 0.0 0.0 0.0 -0.08755243829662732 0.05266468667679752 -0.015123885752641711 0.0014024967203525862 0.0 0.0 0.0 0.0 0.0 0.0 -0.0005245434401603739 0.0 -6.346975625940524e-05 0.0 0.0 0.0 0.0 9.300000000000011 0.0 0.0 9.300000000000011 0.0 0.0 0.3 0.05 0.8 0.3 0.05 0.8 0.5 0.1 0.05
930 5.116166114807129 0.0 0.0 0.0 0.0 0.0 0.0 -0.08589554436072785 0.0515405651551111 -0.015977216888596747 0.0014024967203525862 0.0 0.0 0.0 0.0 0.0 0.0 -0.0005245434401603739 0.0 -6.346975625940524e-05 0.0 0.0 0.0 0.0 9.300000000000011 0.0 0.0 9.300000000000011 0.0 0.0 0.3 0.05 0.8 0.3 0.05 0.8 0.5 0.1 0.05
931 5.1219165325164795 0.0 0.0 0.0 0.0 0.0 0.0 -0.08267713550964045 0.04925541380772731 -0.017869802194315276 0.0014024967203525862 0.0 0.0 0.0 0.0 0.0 0.0 -0.0005245434401603739 0.0 -6.346975625940524e-05 0.0 0.0 0.0 0.0 9.300000000000011 0.0 0.0 9.300000000000011 0.0 0.0 0.3 0.05 0.8 0.3 0.05 0.8 0.5 0.1 0.05
932 5.1274027824401855 0.0 0.0 0.0 0.0 0.0 0.0 -0.07959560730599789 0.047040631173430325 -0.019695670531677055 0.0014024967203525862 0.0 0.0 0.0 0.0 0.0 0.0 -0.0005245434401603739 0.0 -6.346975625940524e-05 0.0 0.0 0.0 0.0 9.300000000000011 0.0 0.0 9.300000000000011 0.0 0.0 0.3 0.05 0.8 0.3 0.05 0.8 0.5 0.1 0.05
933 5.132889747619629 0.0 0.0 0.0 0.0 0.0 0.0 -0.07659620451059 0.04494476902388242 -0.02155818410306385 0.0014024967203525862 0.0 0.0 0.0 0.0 0.0 0.0 -0.0005245434401603739 0.0 -6.346975625940524e-05 0.0 0.0 0.0 0.0 9.300000000000011 0.0 0.0 9.300000000000011 0.0 0.0 0.3 0.05 0.8 0.3 0.05 0.8 0.5 0.1 0.05
934 5.138505935668945 0.0 0.0 0.0 0.0 0.0 0.0 -0.07372277621701989 0.04292026512564842 -0.023442684814865652 0.0014024967203525862 0.0 0.0 0.0 0.0 0.0 0.0 -0.0005245434401603739 0.0 -6.346975625940524e-05 0.0 0.0 0.0 0.0 9.300000000000011 0.0 0.0 9.300000000000011 0.0 0.0 0.3 0.05 0.8 0.3 0.05 0.8 0.5 0.1 0.05
935 5.143962621688843 0.0 0.0 0.0 0.0 0.0 0.0 -0.06985114600822706 0.04017157764876857 -0.02610737037988619 0.0014024967203525862 0.0 0.0 0.0 0.0 0.0 0.0 -0.0005245434401603739 0.0 -6.346975625940524e-05 0.0 0.0 0.0 0.0 9.300000000000011 0.0 0.0 9.300000000000011 0.0 0.0 0.3 0.05 0.8 0.3 0.05 0.8 0.5 0.1 0.05
936 5.149609327316284 0.0 0.0 0.0 0.0 0.0 0.0 -0.06645438126662599 0.03775537855413541 -0.028549849702907297 0.0014024967203525862 0.0 0.0 0.0 0.0 0.0 0.0 -0.0005245434401603739 0.0 -6.346975625940524e-05 0.0 0.0 0.0 0.0 9.300000000000011 0.0 0.0 9.300000000000011 0.0 0.0 0.3 0.05 0.8 0.3 0.05 0.8 0.5 0.1 0.05
937 5.1550517082214355 0.0 0.0 0.0 0.0 0.0 0.0 -0.06441632242166535 0.03630565909735552 -0.030015337296719964 0.0014024967203525862 0.0 0.0 0.0 0.0 0.0 0.0 -0.0005245434401603739 0.0 -6.346975625940524e-05 0.0 0.0 0.0 0.0 9.300000000000011 0.0 0.0 9.300000000000011 0.0 0.0 0.3 0.05 0.8 0.3 0.05 0.8 0.5 0.1 0.05
938 5.160437345504761 0.0 0.0 0.0 0.0 0.0 0.0 -0.060815816111347294 0.03382514600868339 -0.032275216477153076 0.0014024967203525862 0.0 0.0 -0.2830467649551132 0.0 0.0 0.0 -0.0005245434401603739 0.0 -6.346975625940524e-05 0.0 0.0 0.0 0.0 9.300000000000011 0.0 0.0 9.300000000000011 0.0 0.0 0.3 0.05 0.8 0.3 0.05 0.8 0.5 0.1 0.05
939 5.165823459625244 0.0 0.0 0.0 0.0 0.0 0.0 -0.057428327195037134 0.03141645005294868 -0.03416801494183384 0.0 0.0 0.0 0.0 0.0 0.0 0.0 0.0 0.0 0.0 0.0 0.012693951251881047 0.0 0.0 9.300000000000011 0.0 0.0 9.300000000000011 0.0 0.0 0.3 0.05 0.8 0.3 0.05 0.8 0.5 0.1 0.05
940 5.171198606491089 0.0 0.0 0.0 0.0 0.0 0.0 -0.05416864871513172 0.02905084437697642 -0.03591728807581807 0.0 0.0 0.0 0.0 0.0 0.0 0.0 0.0 0.0 0.0 0.0 0.0 0.0 0.0 9.300000000000011 0.0 0.0 9.300000000000011 0.0 0.0 0.3 0.05 0.8 0.3 0.05 0.8 0.5 0.1 0.05
941 5.176795721054077 0.0 0.0 0.0 0.0 0.0 0.0 -0.05098565947730138 0.026864491382655578 -0.0375804460113844 0.0 0.0 0.0 0.0 0.0 0.0 0.0 0.0 0.0 0.0 0.0 0.0 0.0 0.0 9.300000000000011 0.0 0.0 9.300000000000011 0.0 0.0 0.3 0.05 0.8 0.3 0.05 0.8 0.5 0.1 0.05
942 5.182245254516602 0.0 0.0 0.0 0.0 0.0 0.0 -0.04792538006138083 0.024785687017093345 -0.039191934827899975 0.0 0.0 0.0 0.0 0.0 0.0 0.0 0.0 0.0 0.0 0.0 0.0 0.0 0.0 9.300000000000011 0.0 0.0 9.300000000000011 0.0 0.0 0.3 0.05 0.8 0.3 0.05 0.8 0.5 0.1 0.05
943 5.187652826309204 0.0 0.0 0.0 0.0 0.0 0.0 -0.044938726538606144 0.02284811406591549 -0.04084914527173998 0.0 0.0 0.0 0.0 0.0 0.0 0.0 0.0 0.0 0.0 0.0 0.0 0.0 0.0 9.300000000000011 0.0 0.0 9.300000000000011 0.0 0.0 0.3 0.05 0.8 0.3 0.05 0.8 0.5 0.1 0.05
944 5.193027973175049 0.0 0.0 0.0 0.0 0.0 0.0 -0.04214964706551293 0.020995279963368266 -0.04261046410701372 0.0 0.0 0.0 0.0 0.0 0.0 0.0 0.0 0.0 0.0 0.0 0.0 0.0 0.0 9.300000000000011 0.0 0.0 9.300000000000011 0.0 0.0 0.3 0.05 0.8 0.3 0.05 0.8 0.5 0.1 0.05
945 5.198365688323975 0.0 0.0 0.0 0.0 0.0 0.0 -0.03947911202222859 0.019193286189767175 -0.0443575248783928 0.0 0.0 0.0 0.0 0.0 0.0 0.0 0.0 0.0 0.0 0.0 0.0 0.0 0.0 9.300000000000011 0.0 0.0 9.300000000000011 0.0 0.0 0.3 0.05 0.8 0.3 0.05 0.8 0.5 0.1 0.05
946 5.203866481781006 0.0 0.0 0.0 0.0 0.0 0.0 -0.03687970363682959 0.01757519810755995 -0.046172753910189976 0.0 0.0 0.0 0.0 0.0 0.0 0.0 0.0 0.0 0.0 0.0 0.0 0.0 0.0 9.300000000000011 0.0 0.0 9.300000000000011 0.0 0.0 0.3 0.05 0.8 0.3 0.05 0.8 0.5 0.1 0.05
947 5.2091405391693115 0.0 0.0 0.0 0.0 0.0 0.0 -0.03340258016339811 0.015377160128116293 -0.048565802538374725 0.0 0.0 0.0 0.0 0.0 0.0 0.0 0.0 0.0 0.0 0.0 0.0 0.0 0.0 9.300000000000011 0.0 0.0 9.300000000000011 0.0 0.0 0.3 0.05 0.8 0.3 0.05 0.8 0.5 0.1 0.05
948 5.214406967163086 0.0 0.0 0.0 0.0 0.0 0.0 -0.030319218719910813 0.013444743285274317 -0.05061522577046136 0.0 0.0 0.0 0.0 0.0 0.0 0.0 0.0 0.0 0.0 0.0 0.0 0.0 0.0 9.300000000000011 0.0 0.0 9.300000000000011 0.0 0.0 0.3 0.05 0.8 0.3 0.05 0.8 0.5 0.1 0.05
949 5.219708681106567 0.0 0.0 0.0 0.0 0.0 0.0 -0.027548813751287003 0.011671702104625589 -0.05245847376488912 0.0 0.0 0.0 0.0 0.0 0.0 0.0 0.0 0.0 0.0 0.0 0.0 0.0 0.0 9.300000000000011 0.0 0.0 9.300000000000011 0.0 0.0 0.3 0.05 0.8 0.3 0.05 0.8 0.5 0.1 0.05
950 5.22494101524353 0.0 0.0 0.0 0.0 0.0 0.0 -0.024966182667581285 0.00999428632129281 -0.05410129351796668 0.0 0.0 0.0 0.0 -0.2754855078280468 0.0 0.0 0.0 0.0 0.0 0.0 0.0 0.0 0.0 9.300000000000011 0.0 0.0 9.300000000000011 0.0 0.0 0.3 0.05 0.8 0.3 0.05 0.8 0.5 0.1 0.05
951 5.230308771133423 0.0 0.0 0.0 0.0 0.0 0.0 -0.02257291517172339 0.0 -0.05554718091119505 0.0 -0.0014024967203525862 0.0 0.0 0.0 0.0 -0.0004542679445673663 -0.00026227172008018695 -5.496642129265132e-05 -3.173487812970262e-05 -0.010993284258530264 -0.006346975625940524 0.0 0.0 9.300000000000011 0.0 0.0 9.300000000000011 0.0 0.0 0.3 0.05 0.8 0.3 0.05 0.8 0.5 0.1 0.05
952 5.235594034194946 0.0 0.0 0.0 0.0 0.0 0.0 -0.021136954674208657 0.0 -0.056414713347132064 0.0 -0.0014024967203525862 0.0 0.0 0.0 0.0 -0.0004542679445673663 -0.00026227172008018695 -5.496642129265132e-05 -3.173487812970262e-05 0.0 0.0 0.0 0.0 9.300000000000011 0.0 0.0 9.300000000000011 0.0 0.0 0.3 0.05 0.8 0.3 0.05 0.8 0.5 0.1 0.05
953 5.240918397903442 0.0 0.0 0.0 0.0 0.0 0.0 -0.01843460068052083 0.0 -0.057855623891457944 0.0 -0.0014024967203525862 0.0 0.0 0.0 0.0 -0.0004542679445673663 -0.00026227172008018695 -5.496642129265132e-05 -3.173487812970262e-05 0.0 0.0 0.0 0.0 9.300000000000011 0.0 0.0 9.300000000000011 0.0 0.0 0.3 0.05 0.8 0.3 0.05 0.8 0.5 0.1 0.05
954 5.246313571929932 0.0 0.0 0.0 0.0 0.0 0.0 -0.0158928001817767 0.0 -0.05910364266068043 0.0 -0.0014024967203525862 0.0 0.0 0.0 0.0 -0.0004542679445673663 -0.00026227172008018695 -5.496642129265132e-05 -3.173487812970262e-05 0.0 0.0 0.0 0.0 9.300000000000011 0.0 0.0 9.300000000000011 0.0 0.0 0.3 0.05 0.8 0.3 0.05 0.8 0.5 0.1 0.05
955 5.2517783641815186 0.0 0.0 0.0 0.0 0.0 0.0 -0.013293933266204844 0.0 -0.0602359740485567 0.0 -0.0014024967203525862 0.0 0.0 0.0 0.0 -0.0004542679445673663 -0.00026227172008018695 -5.496642129265132e-05 -3.173487812970262e-05 0.0 0.0 0.0 0.0 9.300000000000011 0.0 0.0 9.300000000000011 0.0 0.0 0.3 0.05 0.8 0.3 0.05 0.8 0.5 0.1 0.05
956 5.257224798202515 0.0 0.0 0.0 0.0 0.0 0.0 -0.010660826500536352 0.0 -0.06122216990887035 0.0 -0.0014024967203525862 0.0 0.0 0.0 0.0 -0.0004542679445673663 -0.00026227172008018695 -5.496642129265132e-05 -3.173487812970262e-05 0.0 0.0 0.0 0.0 9.300000000000011 0.0 0.0 9.300000000000011 0.0 0.0 0.3 0.05 0.8 0.3 0.05 0.8 0.5 0.1 0.05
957 5.262596845626831 0.0 0.0 0.0 0.0 0.0 0.0 0.0 0.0 -0.06204396135389154 0.0 -0.0014024967203525862 0.0 0.0 0.0 0.0 -0.0004542679445673663 -0.00026227172008018695 -5.496642129265132e-05 -3.173487812970262e-05 0.0 0.0 0.0 0.0 9.300000000000011 0.0 0.0 9.300000000000011 0.0 0.0 0.3 0.05 0.8 0.3 0.05 0.8 0.5 0.1 0.05
958 5.267881155014038 0.0 0.0 0.0 0.0 0.0 0.0 0.0 0.0 -0.06276715783345309 0.0 -0.0014024967203525862 0.0 0.0 0.0 0.0 -0.0004542679445673663 -0.00026227172008018695 -5.496642129265132e-05 -3.173487812970262e-05 0.0 0.0 0.0 0.0 9.300000000000011 0.0 0.0 9.300000000000011 0.0 0.0 0.3 0.05 0.8 0.3 0.05 0.8 0.5 0.1 0.05
959 5.273156404495239 0.0 0.0 0.0 0.0 0.0 0.0 0.0 0.0 -0.06335447423498397 0.0 -0.0014024967203525862 0.0 0.0 0.0 0.0 -0.0004542679445673663 -0.00026227172008018695 -5.496642129265132e-05 -3.173487812970262e-05 0.0 0.0 0.0 0.0 9.300000000000011 0.0 0.0 9.300000000000011 0.0 0.0 0.3 0.05 0.8 0.3 0.05 0.8 0.5 0.1 0.05
960 5.278494119644165 0.0 0.0 0.0 0.0 0.0 0.0 0.0 0.0 -0.06386026258969643 0.0 -0.0014024967203525862 0.0 0.0 0.0 0.0 -0.0004542679445673663 -0.00026227172008018695 -5.496642129265132e-05 -3.173487812970262e-05 0.0 0.0 0.0 0.0 9.300000000000011 0.0 0.0 9.300000000000011 0.0 0.0 0.3 0.05 0.8 0.3 0.05 0.8 0.5 0.1 0.05
961 5.283858776092529 0.0 0.0 0.0 0.0 0.0 0.0 0.0 0.0 -0.06424041101756298 0.0 -0.0014024967203525862 0.0 0.0 0.0 0.0 -0.0004542679445673663 -0.00026227172008018695 -5.496642129265132e-05 -3.173487812970262e-05 0.0 0.0 0.0 0.0 9.300000000000011 0.0 0.0 9.300000000000011 0.0 0.0 0.3 0.05 0.8 0.3 0.05 0.8 0.5 0.1 0.05
962 5.289088726043701 0.0 0.0 0.0 0.0 0.0 0.0 0.0 0.0 -0.06439182465924384 0.0 -0.0014024967203525862 0.0 0.0 0.0 0.0 -0.0004542679445673663 -0.00026227172008018695 -5.496642129265132e-05 -3.173487812970262e-05 0.0 0.0 0.0 0.0 9.300000000000011 0.0 0.0 9.300000000000011 0.0 0.0 0.3 0.05 0.8 0.3 0.05 0.8 0.5 0.1 0.05
963 5.294476509094238 0.0 0.0 0.0 0.0 0.0 0.0 0.0 0.0 -0.06402247730287053 0.0 -0.0014024967203525862 0.0 0.0 0.0 0.0 -0.0004542679445673663 -0.00026227172008018695 -5.496642129265132e-05 -3.173487812970262e-05 0.0 0.0 0.0 0.0 9.300000000000011 0.0 0.0 9.300000000000011 0.0 0.0 0.3 0.05 0.8 0.3 0.05 0.8 0.5 0.1 0.05
964 5.2997448444366455 0.0 0.0 0.0 0.0 0.0 0.0 0.0 0.0 -0.06349407186145864 0.0 -0.0014024967203525862 0.0 0.0 0.0 0.0 -0.0004542679445673663 -0.00026227172008018695 -5.496642129265132e-05 -3.173487812970262e-05 0.0 0.0 0.0 0.0 9.300000000000011 0.0 0.0 9.300000000000011 0.0 0.0 0.3 0.05 0.8 0.3 0.05 0.8 0.5 0.1 0.05
965 5.305035591125488 0.0 0.0 0.0 0.0 0.0 0.0 0.0 0.0 -0.06287023156902362 0.0 -0.0014024967203525862 0.0 0.0 0.0 0.0 -0.0004542679445673663 -0.00026227172008018695 -5.496642129265132e-05 -3.173487812970262e-05 0.0 0.0 0.0 0.0 9.300000000000011 0.0 0.0 9.300000000000011 0.0 0.0 0.3 0.05 0.8 0.3 0.05 0.8 0.5 0.1 0.05
966 5.310285806655884 0.0 0.0 0.0 0.0 0.0 0.0 0.0 0.0 -0.06211240726721984 0.0 -0.0014024967203525862 0.0 0.0 0.0 0.0 -0.0004542679445673663 -0.00026227172008018695 -5.496642129265132e-05 -3.173487812970262e-05 0.0 0.0 0.0 0.0 9.300000000000011 0.0 0.0 9.300000000000011 0.0 0.0 0.3 0.05 0.8 0.3 0.05 0.8 0.5 0.1 0.05
967 5.315619945526123 0.0 0.0 0.0 0.0 0.0 0.0 0.0 0.0 -0.06165771268613757 0.0 -0.0014024967203525862 0.0 0.0 0.0 0.0 -0.0004542679445673663 -0.00026227172008018695 -5.496642129265132e-05 -3.173487812970262e-05 0.0 0.0 0.0 0.0 9.300000000000011 0.0 0.0 9.300000000000011 0.0 0.0 0.3 0.05 0.8 0.3 0.05 0.8 0.5 0.1 0.05
968 5.320852756500244 0.0 0.0 0.0 0.0 0.0 0.0 0.0 0.0 -0.06100142349486125 0.0 -0.0014024967203525862 0.0 0.0 0.0 0.0 -0.0004542679445673663 -0.00026227172008018695 -5.496642129265132e-05 -3.173487812970262e-05 0.0 0.0 0.0 0.0 9.300000000000011 0.0 0.0 9.300000000000011 0.0 0.0 0.3 0.05 0.8 0.3 0.05 0.8 0.5 0.1 0.05
969 5.326102256774902 0.0 0.0 0.0 0.0 0.0 0.0 0.0 0.0 -0.060530926881340576 0.0 -0.0014024967203525862 0.0 0.0 0.0 0.0 -0.0004542679445673663 -0.00026227172008018695 -5.496642129265132e-05 -3.173487812970262e-05 0.0 0.0 0.0 0.0 9.300000000000011 0.0 0.0 9.300000000000011 0.0 0.0 0.3 0.05 0.8 0.3 0.05 0.8 0.5 0.1 0.05
970 5.331358432769775 0.0 0.0 0.0 0.0 0.0 0.0 0.0 0.0 -0.06024862891322817 0.0 -0.0014024967203525862 0.0 0.0 0.0 0.0 -0.0004542679445673663 -0.00026227172008018695 -5.496642129265132e-05 -3.173487812970262e-05 0.0 0.0 0.0 0.0 9.300000000000011 0.0 0.0 9.300000000000011 0.0 0.0 0.3 0.05 0.8 0.3 0.05 0.8 0.5 0.1 0.05
971 5.336667776107788 0.0 0.0 0.0 0.0 0.0 0.0 0.0 0.0 -0.060155973231115614 0.0 -0.0014024967203525862 0.0 0.0 0.0 0.0 -0.0004542679445673663 -0.00026227172008018695 -5.496642129265132e-05 -3.173487812970262e-05 0.0 0.0 0.0 0.0 9.300000000000011 0.0 0.0 9.300000000000011 0.0 0.0 0.3 0.05 0.8 0.3 0.05 0.8 0.5 0.1 0.05
972 5.3419435024261475 0.0 0.0 0.0 0.0 0.0 0.0 0.0 0.0 -0.06025377833564203 0.0 -0.0014024967203525862 0.0 0.0 0.0 0.0 -0.0004542679445673663 -0.00026227172008018695 -5.496642129265132e-05 -3.173487812970262e-05 0.0 0.0 0.0 0.0 9.300000000000011 0.0 0.0 9.300000000000011 0.0 0.0 0.3 0.05 0.8 0.3 0.05 0.8 0.5 0.1 0.05
973 5.347273826599121 0.0 0.0 0.0 0.0 0.0 0.0 0.0 0.0 -0.06054253532719088 0.0 -0.0014024967203525862 0.0 0.0 0.0 0.0 -0.0004542679445673663 -0.00026227172008018695 -5.496642129265132e-05 -3.173487812970262e-05 0.0 0.0 0.0 0.0 9.300000000000011 0.0 0.0 9.300000000000011 0.0 0.0 0.3 0.05 0.8 0.3 0.05 0.8 0.5 0.1 0.05
974 5.352510213851929 0.0 0.0 0.0 0.0 0.0 0.0 0.0 0.0 -0.06094591113466902 0.0 -0.0014024967203525862 0.0 0.0 0.0 0.0 -0.0004542679445673663 -0.00026227172008018695 -5.496642129265132e-05 -3.173487812970262e-05 0.0 0.0 0.0 0.0 9.300000000000011 0.0 0.0 9.300000000000011 0.0 0.0 0.3 0.05 0.8 0.3 0.05 0.8 0.5 0.1 0.05
975 5.357761859893799 0.0 0.0 0.0 0.0 0.0 0.0 0.0 0.0 -0.06141801054798891 0.0 -0.0014024967203525862 0.0 0.0 0.0 0.0 -0.0004542679445673663 -0.00026227172008018695 -5.496642129265132e-05 -3.173487812970262e-05 0.0 0.0 0.0 0.0 9.300000000000011 0.0 0.0 9.300000000000011 0.0 0.0 0.3 0.05 0.8 0.3 0.05 0.8 0.5 0.1 0.05
976 5.363149166107178 0.0 0.0 0.0 0.0 0.0 0.0 0.0 0.0 -0.061931391808529676 0.0 -0.0014024967203525862 0.0 0.0 0.0 0.0 -0.0004542679445673663 -0.00026227172008018695 -5.496642129265132e-05 -3.173487812970262e-05 0.0 0.0 0.0 0.0 9.300000000000011 0.0 0.0 9.300000000000011 0.0 0.0 0.3 0.05 0.8 0.3 0.05 0.8 0.5 0.1 0.05
977 5.368406772613525 0.0 0.0 0.0 0.0 0.0 0.0 0.0 0.0 -0.06246949449368714 0.0 -0.0014024967203525862 0.0 0.0 0.0 0.0 -0.0004542679445673663 -0.00026227172008018695 -5.496642129265132e-05 -3.173487812970262e-05 0.0 0.0 0.0 0.0 9.300000000000011 0.0 0.0 9.300000000000011 0.0 0.0 0.3 0.05 0.8 0.3 0.05 0.8 0.5 0.1 0.05
978 5.3736350536346436 0.0 0.0 0.0 0.0 0.0 0.0 0.0 0.0 -0.0628690792035365 0.0 -0.0014024967203525862 0.0 0.0 0.0 0.0 -0.0004542679445673663 -0.00026227172008018695 -5.496642129265132e-05 -3.173487812970262e-05 0.0 0.0 0.0 0.0 9.300000000000011 0.0 0.0 9.300000000000011 0.0 0.0 0.3 0.05 0.8 0.3 0.05 0.8 0.5 0.1 0.05
979 5.378980398178101 0.0 0.0 0.0 0.0 0.0 0.0 0.0 0.0 -0.06326222854324007 0.0 -0.0014024967203525862 0.0 0.0 0.0 0.0 -0.0004542679445673663 -0.00026227172008018695 -5.496642129265132e-05 -3.173487812970262e-05 0.0 0.0 0.0 0.0 9.300000000000011 0.0 0.0 9.300000000000011 0.0 0.0 0.3 0.05 0.8 0.3 0.05 0.8 0.5 0.1 0.05
980 5.384263515472412 0.0 0.0 0.0 0.0 0.0 0.0 0.0 0.0 -0.0634981181470622 0.0 -0.0014024967203525862 0.0 0.0 0.0 0.0 -0.0004542679445673663 -0.00026227172008018695 -5.496642129265132e-05 -3.173487812970262e-05 0.0 0.0 0.0 0.0 9.300000000000011 0.0 0.0 9.300000000000011 0.0 0.0 0.3 0.05 0.8 0.3 0.05 0.8 0.5 0.1 0.05
981 5.389613389968872 0.0 0.0 0.0 0.0 0.0 0.0 0.0 0.0 -0.06363965190935549 0.0 -0.0014024967203525862 0.0 0.0 0.0 0.0 -0.0004542679445673663 -0.00026227172008018695 -5.496642129265132e-05 -3.173487812970262e-05 0.0 0.0 0.0 0.0 9.300000000000011 0.0 0.0 9.300000000000011 0.0 0.0 0.3 0.05 0.8 0.3 0.05 0.8 0.5 0.1 0.05
982 5.39489483833313 0.0 0.0 0.0 0.0 0.0 0.0 0.0 0.0 -0.06372457216673146 0.0 -0.0014024967203525862 0.0 0.0 0.0 0.0 -0.0004542679445673663 -0.00026227172008018695 -5.496642129265132e-05 -3.173487812970262e-05 0.0 0.0 0.0 0.0 9.300000000000011 0.0 0.0 9.300000000000011 0.0 0.0 0.3 0.05 0.8 0.3 0.05 0.8 0.5 0.1 0.05
983 5.400201320648193 0.0 0.0 0.0 0.0 0.0 0.0 0.0 0.0 -0.06369880122240215 0.0 -0.0014024967203525862 0.0 0.0 0.0 0.0 -0.0004542679445673663 -0.00026227172008018695 -5.496642129265132e-05 -3.173487812970262e-05 0.0 0.0 0.0 0.0 9.300000000000011 0.0 0.0 9.300000000000011 0.0 0.0 0.3 0.05 0.8 0.3 0.05 0.8 0.5 0.1 0.05
984 5.4054272174835205 0.0 0.0 0.0 0.0 0.0 0.0 0.0 0.0 -0.06368333865580457 0.0 -0.0014024967203525862 0.0 0.0 0.0 0.0 -0.0004542679445673663 -0.00026227172008018695 -5.496642129265132e-05 -3.173487812970262e-05 0.0 0.0 0.0 0.0 9.300000000000011 0.0 0.0 9.300000000000011 0.0 0.0 0.3 0.05 0.8 0.3 0.05 0.8 0.5 0.1 0.05
985 5.410656929016113 0.0 0.0 0.0 0.0 0.0 0.0 0.0 0.0 -0.06359738570080696 0.0 -0.0014024967203525862 0.0 0.0 0.0 0.0 -0.0004542679445673663 -0.00026227172008018695 -5.496642129265132e-05 -3.173487812970262e-05 0.0 0.0 0.0 0.0 9.300000000000011 0.0 0.0 9.300000000000011 0.0 0.0 0.3 0.05 0.8 0.3 0.05 0.8 0.5 0.1 0.05
986 5.4158759117126465 0.0 0.0 0.0 0.0 0.0 0.0 0.0 0.0 -0.06346909082905351 0.0 -0.0014024967203525862 0.0 0.0 0.0 0.0 -0.0004542679445673663 -0.00026227172008018695 -5.496642129265132e-05 -3.173487812970262e-05 0.0 0.0 0.0 0.0 9.300000000000011 0.0 0.0 9.300000000000011 0.0 0.0 0.3 0.05 0.8 0.3 0.05 0.8 0.5 0.1 0.05
987 5.421088218688965 0.0 0.0 0.0 0.0 0.0 0.0 0.0 0.0 -0.06331543849096238 0.0 -0.0014024967203525862 0.0 0.0 0.0 0.0 -0.0004542679445673663 -0.00026227172008018695 -5.496642129265132e-05 -3.173487812970262e-05 0.0 0.0 0.0 0.0 9.300000000000011 0.0 0.0 9.300000000000011 0.0 0.0 0.3 0.05 0.8 0.3 0.05 0.8 0.5 0.1 0.05
988 5.426463603973389 0.0 0.0 0.0 0.0 0.0 0.0 0.0 0.0 -0.0632232470881077 0.0 -0.0014024967203525862 0.0 0.0 0.0 0.0 -0.0004542679445673663 -0.00026227172008018695 -5.496642129265132e-05 -3.173487812970262e-05 0.0 0.0 0.0 0.0 9.300000000000011 0.0 0.0 9.300000000000011 0.0 0.0 0.3 0.05 0.8 0.3 0.05 0.8 0.5 0.1 0.05
989 5.431748151779175 0.0 0.0 0.0 0.0 0.0 0.0 0.0 0.0 -0.06316793224639489 0.0 -0.0014024967203525862 0.0 0.0 0.0 0.0 -0.0004542679445673663 -0.00026227172008018695 -5.496642129265132e-05 -3.173487812970262e-05 0.0 0.0 0.0 0.0 9.300000000000011 0.0 0.0 9.300000000000011 0.0 0.0 0.3 0.05 0.8 0.3 0.05 0.8 0.5 0.1 0.05
990 5.437013626098633 0.0 0.0 0.0 0.0 0.0 0.0 0.0 0.0 -0.0631347433413672 0.0 -0.0014024967203525862 0.0 0.0 0.0 0.0 -0.0004542679445673663 -0.00026227172008018695 -5.496642129265132e-05 -3.173487812970262e-05 0.0 0.0 0.0 0.0 9.300000000000011 0.0 0.0 9.300000000000011 0.0 0.0 0.3 0.05 0.8 0.3 0.05 0.8 0.5 0.1 0.05
991 5.442509889602661 0.0 0.0 0.0 0.0 0.0 0.0 0.0 0.0 -0.06319150541338966 0.0 -0.0014024967203525862 0.0 0.0 0.0 0.0 -0.0004542679445673663 -0.00026227172008018695 -5.496642129265132e-05 -3.173487812970262e-05 0.0 0.0 0.0 0.0 9.300000000000011 0.0 0.0 9.300000000000011 0.0 0.0 0.3 0.05 0.8 0.3 0.05 0.8 0.5 0.1 0.05
992 5.447796583175659 0.0 0.0 0.0 0.0 0.0 0.0 0.0 0.0 -0.06330228575535801 0.0 -0.0014024967203525862 0.0 0.0 0.0 0.0 -0.0004542679445673663 -0.00026227172008018695 -5.496642129265132e-05 -3.173487812970262e-05 0.0 0.0 0.0 0.0 9.300000000000011 0.0 0.0 9.300000000000011 0.0 0.0 0.3 0.05 0.8 0.3 0.05 0.8 0.5 0.1 0.05
993 5.453078746795654 0.0 0.0 0.0 0.0 0.0 0.0 0.0 0.0 -0.0634454293755781 0.0 -0.0014024967203525862 0.0 0.0 0.0 0.0 -0.0004542679445673663 -0.00026227172008018695 -5.496642129265132e-05 -3.173487812970262e-05 0.0 0.0 0.0 0.0 9.300000000000011 0.0 0.0 9.300000000000011 0.0 0.0 0.3 0.05 0.8 0.3 0.05 0.8 0.5 0.1 0.05
994 5.4583234786987305 0.0 0.0 0.0 0.0 0.0 0.0 0.0 0.0 -0.06360803864646503 0.0 -0.0014024967203525862 0.0 0.0 0.0 0.0 -0.0004542679445673663 -0.00026227172008018695 -5.496642129265132e-05 -3.173487812970262e-05 0.0 0.0 0.0 0.0 9.300000000000011 0.0 0.0 9.300000000000011 0.0 0.0 0.3 0.05 0.8 0.3 0.05 0.8 0.5 0.1 0.05
995 5.463663578033447 0.0 0.0 0.0 0.0 0.0 0.0 0.0 0.0 -0.06378227962403624 0.0 -0.0014024967203525862 0.0 0.0 0.0 0.0 -0.0004542679445673663 -0.00026227172008018695 -5.496642129265132e-05 -3.173487812970262e-05 0.0 0.0 0.0 0.0 9.300000000000011 0.0 0.0 9.300000000000011 0.0 0.0 0.3 0.05 0.8 0.3 0.05 0.8 0.5 0.1 0.05
996 5.469073534011841 0.0 0.0 0.0 0.0 0.0 0.0 0.0 0.0 -0.06381014879553991 0.0 -0.0014024967203525862 0.0 0.0 0.0 0.0 -0.0004542679445673663 -0.00026227172008018695 -5.496642129265132e-05 -3.173487812970262e-05 0.0 0.0 0.0 0.0 9.300000000000011 0.0 0.0 9.300000000000011 0.0 0.0 0.3 0.05 0.8 0.3 0.05 0.8 0.5 0.1 0.05
997 5.474331378936768 0.0 0.0 0.0 0.0 0.0 0.0 0.0 0.0 -0.06382687029844211 0.0 -0.0014024967203525862 0.0 0.0 0.0 0.0 -0.0004542679445673663 -0.00026227172008018695 -5.496642129265132e-05 -3.173487812970262e-05 0.0 0.0 0.0 0.0 9.300000000000011 0.0 0.0 9.300000000000011 0.0 0.0 0.3 0.05 0.8 0.3 0.05 0.8 0.5 0.1 0.05
998 5.479564905166626 0.0 0.0 0.0 0.0 0.0 0.0 0.0 0.0 -0.06368350468638949 0.0 -0.0014024967203525862 0.0 0.0 0.0 0.0 -0.0004542679445673663 -0.00026227172008018695 -5.496642129265132e-05 -3.173487812970262e-05 0.0 0.0 0.0 0.0 9.300000000000011 0.0 0.0 9.300000000000011 0.0 0.0 0.3 0.05 0.8 0.3 0.05 0.8 0.5 0.1 0.05
999 5.484835386276245 0.0 0.0 0.0 0.0 0.0 0.0 0.0 0.0 -0.06359748531915792 0.0 -0.0014024967203525862 0.0 0.0 0.0 0.0 -0.0004542679445673663 -0.00026227172008018695 -5.496642129265132e-05 -3.173487812970262e-05 0.0 0.0 0.0 0.0 9.300000000000011 0.0 0.0 9.300000000000011 0.0 0.0 0.3 0.05 0.8 0.3 0.05 0.8 0.5 0.1 0.05
1000 5.490148544311523 0.0 0.0 0.0 0.0 0.0 0.0 0.0 0.0 -0.06354587369881896 0.0 -0.0014024967203525862 0.0 0.0 0.0 0.0 -0.0004542679445673663 -0.00026227172008018695 -5.496642129265132e-05 -3.173487812970262e-05 0.0 0.0 0.0 0.0 9.300000000000011 0.0 0.0 9.300000000000011 0.0 0.0 0.3 0.05 0.8 0.3 0.05 0.8 0.5 0.1 0.05
1001 5.495558023452759 0.0 0.0 0.0 0.0 0.0 0.0 0.0 0.0 -0.0635149067266156 0.0 -0.0014024967203525862 0.0 0.0 0.0 0.0 -0.0004542679445673663 -0.00026227172008018695 -5.496642129265132e-05 -3.173487812970262e-05 0.0 0.0 0.0 0.0 9.300000000000011 0.0 0.0 9.300000000000011 0.0 0.0 0.3 0.05 0.8 0.3 0.05 0.8 0.5 0.1 0.05
1002 5.5008814334869385 0.0 0.0 0.0 0.0 0.0 0.0 0.0 0.0 -0.06349632654329358 0.0 -0.0014024967203525862 0.0 0.0 0.0 0.0 -0.0004542679445673663 -0.00026227172008018695 -5.496642129265132e-05 -3.173487812970262e-05 0.0 0.0 0.0 0.0 9.300000000000011 0.0 0.0 9.300000000000011 0.0 0.0 0.3 0.05 0.8 0.3 0.05 0.8 0.5 0.1 0.05
1003 5.506222248077393 0.0 0.0 0.0 0.0 0.0 0.0 0.0 0.0 -0.06348517843330037 0.0 -0.0014024967203525862 0.0 0.0 0.0 0.0 -0.0004542679445673663 -0.00026227172008018695 -5.496642129265132e-05 -3.173487812970262e-05 0.0 0.0 0.0 0.0 9.300000000000011 0.0 0.0 9.300000000000011 0.0 0.0 0.3 0.05 0.8 0.3 0.05 0.8 0.5 0.1 0.05
1004 5.511523485183716 0.0 0.0 0.0 0.0 0.0 0.0 0.0 0.0 -0.06347848956730444 0.0 -0.0014024967203525862 0.0 0.0 0.0 0.0 -0.0004542679445673663 -0.00026227172008018695 -5.496642129265132e-05 -3.173487812970262e-05 0.0 0.0 0.0 0.0 9.300000000000011 0.0 0.0 9.300000000000011 0.0 0.0 0.3 0.05 0.8 0.3 0.05 0.8 0.5 0.1 0.05
1005 5.516782283782959 0.0 0.0 0.0 0.0 0.0 0.0 0.0 0.0 -0.06347447624770688 0.0 -0.0014024967203525862 0.0 0.0 0.0 0.0 -0.0004542679445673663 -0.00026227172008018695 -5.496642129265132e-05 -3.173487812970262e-05 0.0 0.0 0.0 0.0 9.300000000000011 0.0 0.0 9.300000000000011 0.0 0.0 0.3 0.05 0.8 0.3 0.05 0.8 0.5 0.1 0.05
1006 5.522050619125366 0.0 0.0 0.0 0.0 0.0 0.0 0.0 0.0 -0.06347206825594835 0.0 -0.0014024967203525862 0.0 0.0 0.0 0.0 -0.0004542679445673663 -0.00026227172008018695 -5.496642129265132e-05 -3.173487812970262e-05 0.0 0.0 0.0 0.0 9.300000000000011 0.0 0.0 9.300000000000011 0.0 0.0 0.3 0.05 0.8 0.3 0.05 0.8 0.5 0.1 0.05
1007 5.527305603027344 0.0 0.0 0.0 0.0 0.0 0.0 0.0 0.0 -0.06347062346089323 0.0 -0.0014024967203525862 0.0 0.0 0.0 0.0 -0.0004542679445673663 -0.00026227172008018695 -5.496642129265132e-05 -3.173487812970262e-05 0.0 0.0 0.0 0.0 9.300000000000011 0.0 0.0 9.300000000000011 0.0 0.0 0.3 0.05 0.8 0.3 0.05 0.8 0.5 0.1 0.05
1008 5.532549142837524 0.0 0.0 0.0 0.0 0.0 0.0 0.0 0.0 -0.06346975658386016 0.0 -0.0014024967203525862 0.0 0.0 0.0 0.0 -0.0004542679445673663 -0.00026227172008018695 -5.496642129265132e-05 -3.173487812970262e-05 0.0 0.0 0.0 0.0 9.300000000000011 0.0 0.0 9.300000000000011 0.0 0.0 0.3 0.05 0.8 0.3 0.05 0.8 0.5 0.1 0.05
1009 5.537821531295776 0.0 0.0 0.0 0.0 0.0 0.0 0.0 0.0 -0.06346923645764031 0.0 -0.0014024967203525862 0.0 0.0 0.0 0.0 -0.0004542679445673663 -0.00026227172008018695 -5.496642129265132e-05 -3.173487812970262e-05 0.0 0.0 0.0 0.0 9.300000000000011 0.0 0.0 9.300000000000011 0.0 0.0 0.3 0.05 0.8 0.3 0.05 0.8 0.5 0.1 0.05
1010 5.543159008026123 0.0 0.0 0.0 0.0 0.0 0.0 0.0 0.0 -0.0634689243819084 0.0 -0.0014024967203525862 0.0 0.0 0.0 0.0 -0.0004542679445673663 -0.00026227172008018695 -5.496642129265132e-05 -3.173487812970262e-05 0.0 0.0 0.0 0.0 9.300000000000011 0.0 0.0 9.300000000000011 0.0 0.0 0.3 0.05 0.8 0.3 0.05 0.8 0.5 0.1 0.05
1011 5.5486955642700195 0.0 0.0 0.0 0.0 0.0 0.0 0.0 0.0 -0.06346873713646926 0.0 -0.0014024967203525862 0.0 0.0 0.0 0.0 -0.0004542679445673663 -0.00026227172008018695 -5.496642129265132e-05 -3.173487812970262e-05 0.0 0.0 0.0 0.0 9.300000000000011 0.0 0.0 9.300000000000011 0.0 0.0 0.3 0.05 0.8 0.3 0.05 0.8 0.5 0.1 0.05
1012 5.553994655609131 0.0 0.0 0.0 0.0 0.0 0.0 0.0 0.0 -0.06346862478920577 0.0 -0.0014024967203525862 0.0 0.0 0.0 0.0 -0.0004542679445673663 -0.00026227172008018695 -5.496642129265132e-05 -3.173487812970262e-05 0.0 0.0 0.0 0.0 9.300000000000011 0.0 0.0 9.300000000000011 0.0 0.0 0.3 0.05 0.8 0.3 0.05 0.8 0.5 0.1 0.05
1013 5.559360980987549 0.0 0.0 0.0 0.0 0.0 0.0 0.0 0.0 -0.06346855738084768 0.0 -0.0014024967203525862 0.0 0.0 0.0 0.0 -0.0004542679445673663 -0.00026227172008018695 -5.496642129265132e-05 -3.173487812970262e-05 0.0 0.0 0.0 0.0 9.300000000000011 0.0 0.0 9.300000000000011 0.0 0.0 0.3 0.05 0.8 0.3 0.05 0.8 0.5 0.1 0.05
1014 5.564724445343018 0.0 0.0 0.0 0.0 0.0 0.0 0.0 0.0 -0.06346851693583283 0.0 -0.0014024967203525862 0.0 0.0 0.0 0.0 -0.0004542679445673663 -0.00026227172008018695 -5.496642129265132e-05 -3.173487812970262e-05 0.0 0.0 0.0 0.0 9.300000000000011 0.0 0.0 9.300000000000011 0.0 0.0 0.3 0.05 0.8 0.3 0.05 0.8 0.5 0.1 0.05
1015 5.5700414180755615 0.0 0.0 0.0 0.0 0.0 0.0 0.0 0.0 -0.06346849266882391 0.0 -0.0014024967203525862 0.0 0.0 0.0 0.0 -0.0004542679445673663 -0.00026227172008018695 -5.496642129265132e-05 -3.173487812970262e-05 0.0 0.0 0.0 0.0 9.300000000000011 0.0 0.0 9.300000000000011 0.0 0.0 0.3 0.05 0.8 0.3 0.05 0.8 0.5 0.1 0.05
1016 5.575343132019043 0.0 0.0 0.0 0.0 0.0 0.0 0.0 0.0 -0.06346847810861857 0.0 -0.0014024967203525862 0.0 0.0 0.0 0.0 -0.0004542679445673663 -0.00026227172008018695 -5.496642129265132e-05 -3.173487812970262e-05 0.0 0.0 0.0 0.0 9.300000000000011 0.0 0.0 9.300000000000011 0.0 0.0 0.3 0.05 0.8 0.3 0.05 0.8 0.5 0.1 0.05
1017 5.580797910690308 0.0 0.0 0.0 0.0 0.0 0.0 0.0 0.0 -0.06346846937249535 0.0 -0.0014024967203525862 0.0 0.0 0.0 0.0 -0.0004542679445673663 -0.00026227172008018695 -5.496642129265132e-05 -3.173487812970262e-05 0.0 0.0 0.0 0.0 9.300000000000011 0.0 0.0 9.300000000000011 0.0 0.0 0.3 0.05 0.8 0.3 0.05 0.8 0.5 0.1 0.05
1018 5.586215257644653 0.0 0.0 0.0 0.0 0.0 0.0 0.0 0.0 -0.06346846413082143 0.0 -0.0014024967203525862 0.0 0.0 0.0 0.0 -0.0004542679445673663 -0.00026227172008018695 -5.496642129265132e-05 -3.173487812970262e-05 0.0 0.0 0.0 0.0 9.300000000000011 0.0 0.0 9.300000000000011 0.0 0.0 0.3 0.05 0.8 0.3 0.05 0.8 0.5 0.1 0.05
1019 5.5914647579193115 0.0 0.0 0.0 0.0 0.0 0.0 0.0 0.0 -0.06346846098581707 0.0 -0.0014024967203525862 0.0 0.0 0.0 0.0 -0.0004542679445673663 -0.00026227172008018695 -5.496642129265132e-05 -3.173487812970262e-05 0.0 0.0 0.0 0.0 9.300000000000011 0.0 0.0 9.300000000000011 0.0 0.0 0.3 0.05 0.8 0.3 0.05 0.8 0.5 0.1 0.05
1020 5.596730470657349 0.0 0.0 0.0 0.0 0.0 0.0 0.0 0.0 -0.06346845909881446 0.0 -0.0014024967203525862 0.0 0.0 0.0 0.0 -0.0004542679445673663 -0.00026227172008018695 -5.496642129265132e-05 -3.173487812970262e-05 0.0 0.0 0.0 0.0 9.300000000000011 0.0 0.0 9.300000000000011 0.0 0.0 0.3 0.05 0.8 0.3 0.05 0.8 0.5 0.1 0.05
1021 5.602096796035767 0.0 0.0 0.0 0.0 0.0 0.0 0.0 0.0 -0.06346845796661289 0.0 -0.0014024967203525862 0.0 0.0 0.0 0.0 -0.0004542679445673663 -0.00026227172008018695 -5.496642129265132e-05 -3.173487812970262e-05 0.0 0.0 0.0 0.0 9.300000000000011 0.0 0.0 9.300000000000011 0.0 0.0 0.3 0.05 0.8 0.3 0.05 0.8 0.5 0.1 0.05
1022 5.607399225234985 0.0 0.0 0.0 0.0 0.0 0.0 0.0 0.0 -0.06346845728729196 0.0 -0.0014024967203525862 0.0 0.0 0.0 0.0 -0.0004542679445673663 -0.00026227172008018695 -5.496642129265132e-05 -3.173487812970262e-05 0.0 0.0 0.0 0.0 9.300000000000011 0.0 0.0 9.300000000000011 0.0 0.0 0.3 0.05 0.8 0.3 0.05 0.8 0.5 0.1 0.05
1023 5.61271858215332 0.0 0.0 0.0 0.0 0.0 0.0 0.0 0.0 -0.06346845687969939 0.0 -0.0014024967203525862 0.0 0.0 0.0 0.0 -0.0004542679445673663 -0.00026227172008018695 -5.496642129265132e-05 -3.173487812970262e-05 0.0 0.0 0.0 0.0 9.300000000000011 0.0 0.0 9.300000000000011 0.0 0.0 0.3 0.05 0.8 0.3 0.05 0.8 0.5 0.1 0.05
1024 5.618084192276001 0.0 0.0 0.0 0.0 0.0 0.0 0.0 0.0 -0.06346845663514385 0.0 -0.0014024967203525862 0.0 0.0 0.0 0.0 -0.0004542679445673663 -0.00026227172008018695 -5.496642129265132e-05 -3.173487812970262e-05 0.0 0.0 0.0 0.0 9.300000000000011 0.0 0.0 9.300000000000011 0.0 0.0 0.3 0.05 0.8 0.3 0.05 0.8 0.5 0.1 0.05
1025 5.623393297195435 0.0 0.0 0.0 0.0 0.0 0.0 0.0 0.0 -0.06346845648841053 0.0 -0.0014024967203525862 0.0 0.0 0.0 0.0 -0.0004542679445673663 -0.00026227172008018695 -5.496642129265132e-05 -3.173487812970262e-05 0.0 0.0 0.0 0.0 9.300000000000011 0.0 0.0 9.300000000000011 0.0 0.0 0.3 0.05 0.8 0.3 0.05 0.8 0.5 0.1 0.05
1026 5.628747940063477 0.0 0.0 0.0 0.0 0.0 0.0 0.0 0.0 -0.06346845640037053 0.0 -0.0014024967203525862 0.0 0.0 0.0 0.0 -0.0004542679445673663 -0.00026227172008018695 -5.496642129265132e-05 -3.173487812970262e-05 0.0 0.0 0.0 0.0 9.300000000000011 0.0 0.0 9.300000000000011 0.0 0.0 0.3 0.05 0.8 0.3 0.05 0.8 0.5 0.1 0.05
1027 5.634069919586182 0.0 0.0 0.0 0.0 0.0 0.0 0.0 0.0 -0.06346845634754654 0.0 -0.0014024967203525862 0.0 0.0 0.0 0.0 -0.0004542679445673663 -0.00026227172008018695 -5.496642129265132e-05 -3.173487812970262e-05 0.0 0.0 0.0 0.0 9.300000000000011 0.0 0.0 9.300000000000011 0.0 0.0 0.3 0.05 0.8 0.3 0.05 0.8 0.5 0.1 0.05
1028 5.639365196228027 0.0 0.0 0.0 0.0 0.0 0.0 0.0 0.0 -0.06346845631585214 0.0 -0.0014024967203525862 0.0 0.0 0.0 0.0 -0.0004542679445673663 -0.00026227172008018695 -5.496642129265132e-05 -3.173487812970262e-05 0.0 0.0 0.0 0.0 9.300000000000011 0.0 0.0 9.300000000000011 0.0 0.0 0.3 0.05 0.8 0.3 0.05 0.8 0.5 0.1 0.05
1029 5.644584894180298 0.0 0.0 0.0 0.0 0.0 0.0 0.0 0.0 -0.06346845629683551 0.0 -0.0014024967203525862 0.0 0.0 0.0 0.0 -0.0004542679445673663 -0.00026227172008018695 -5.496642129265132e-05 -3.173487812970262e-05 0.0 0.0 0.0 0.0 9.300000000000011 0.0 0.0 9.300000000000011 0.0 0.0 0.3 0.05 0.8 0.3 0.05 0.8 0.5 0.1 0.05
1030 5.649821758270264 0.0 0.0 0.0 0.0 0.0 0.0 0.0 0.0 -0.06346845628542552 0.0 -0.0014024967203525862 0.0 0.0 0.0 0.0 -0.0004542679445673663 -0.00026227172008018695 -5.496642129265132e-05 -3.173487812970262e-05 0.0 0.0 0.0 0.0 9.300000000000011 0.0 0.0 9.300000000000011 0.0 0.0 0.3 0.05 0.8 0.3 0.05 0.8 0.5 0.1 0.05
1031 5.6551597118377686 0.0 0.0 0.0 0.0 0.0 0.0 0.0 0.0 -0.06346845627857953 0.0 -0.0014024967203525862 0.0 0.0 0.0 0.0 -0.0004542679445673663 -0.00026227172008018695 -5.496642129265132e-05 -3.173487812970262e-05 0.0 0.0 0.0 0.0 9.300000000000011 0.0 0.0 9.300000000000011 0.0 0.0 0.3 0.05 0.8 0.3 0.05 0.8 0.5 0.1 0.05
1032 5.660449504852295 0.0 0.0 0.0 0.0 0.0 0.0 0.0 0.0 -0.06346845627447194 0.0 -0.0014024967203525862 0.0 0.0 0.0 0.0 -0.0004542679445673663 -0.00026227172008018695 -5.496642129265132e-05 -3.173487812970262e-05 0.0 0.0 0.0 0.0 9.300000000000011 0.0 0.0 9.300000000000011 0.0 0.0 0.3 0.05 0.8 0.3 0.05 0.8 0.5 0.1 0.05
1033 5.66576886177063 0.0 0.0 0.0 0.0 0.0 0.0 0.0 0.0 -0.06346845627200738 0.0 -0.0014024967203525862 0.0 0.0 0.0 0.0 -0.0004542679445673663 -0.00026227172008018695 -5.496642129265132e-05 -3.173487812970262e-05 0.0 0.0 0.0 0.0 9.300000000000011 0.0 0.0 9.300000000000011 0.0 0.0 0.3 0.05 0.8 0.3 0.05 0.8 0.5 0.1 0.05
1034 5.671191930770874 0.0 0.0 0.0 0.0 0.0 0.0 0.0 0.0 -0.06346845627052865 0.0 -0.0014024967203525862 0.0 0.0 0.0 0.0 -0.0004542679445673663 -0.00026227172008018695 -5.496642129265132e-05 -3.173487812970262e-05 0.0 0.0 0.0 0.0 9.300000000000011 0.0 0.0 9.300000000000011 0.0 0.0 0.3 0.05 0.8 0.3 0.05 0.8 0.5 0.1 0.05
1035 5.676532030105591 0.0 0.0 0.0 0.0 0.0 0.0 0.0 0.0 -0.06346845626964141 0.0 -0.0014024967203525862 0.0 0.0 0.0 0.0 -0.0004542679445673663 -0.00026227172008018695 -5.496642129265132e-05 -3.173487812970262e-05 0.0 0.0 0.0 0.0 9.300000000000011 0.0 0.0 9.300000000000011 0.0 0.0 0.3 0.05 0.8 0.3 0.05 0.8 0.5 0.1 0.05
1036 5.681797981262207 0.0 0.0 0.0 0.0 0.0 0.0 0.0 0.0 -0.06346845626910906 0.0 -0.0014024967203525862 0.0 0.0 0.0 0.0 -0.0004542679445673663 -0.00026227172008018695 -5.496642129265132e-05 -3.173487812970262e-05 0.0 0.0 0.0 0.0 9.300000000000011 0.0 0.0 9.300000000000011 0.0 0.0 0.3 0.05 0.8 0.3 0.05 0.8 0.5 0.1 0.05
1037 5.687040090560913 0.0 0.0 0.0 0.0 0.0 0.0 0.0 0.0 -0.06346845626878965 0.0 -0.0014024967203525862 0.0 0.0 0.0 0.0 -0.0004542679445673663 -0.00026227172008018695 -5.496642129265132e-05 -3.173487812970262e-05 0.0 0.0 0.0 0.0 9.300000000000011 0.0 0.0 9.300000000000011 0.0 0.0 0.3 0.05 0.8 0.3 0.05 0.8 0.5 0.1 0.05
1038 5.692352771759033 0.0 0.0 0.0 0.0 0.0 0.0 0.0 0.0 -0.06346845626859801 0.0 -0.0014024967203525862 0.0 0.0 0.0 0.0 -0.0004542679445673663 -0.00026227172008018695 -5.496642129265132e-05 -3.173487812970262e-05 0.0 0.0 0.0 0.0 9.300000000000011 0.0 0.0 9.300000000000011 0.0 0.0 0.3 0.05 0.8 0.3 0.05 0.8 0.5 0.1 0.05
1039 5.697638273239136 0.0 0.0 0.0 0.0 0.0 0.0 0.0 0.0 -0.06346845626848302 0.0 -0.0014024967203525862 0.0 0.0 0.0 0.0 -0.0004542679445673663 -0.00026227172008018695 -5.496642129265132e-05 -3.173487812970262e-05 0.0 0.0 0.0 0.0 9.300000000000011 0.0 0.0 9.300000000000011 0.0 0.0 0.3 0.05 0.8 0.3 0.05 0.8 0.5 0.1 0.05
1040 5.702881097793579 0.0 0.0 0.0 0.0 0.0 0.0 0.0 0.0 -0.06346845626841403 0.0 -0.0014024967203525862 0.0 0.0 0.0 0.0 -0.0004542679445673663 -0.00026227172008018695 -5.496642129265132e-05 -3.173487812970262e-05 0.0 0.0 0.0 0.0 9.300000000000011 0.0 0.0 9.300000000000011 0.0 0.0 0.3 0.05 0.8 0.3 0.05 0.8 0.5 0.1 0.05
1041 5.708223581314087 0.0 0.0 0.0 0.0 0.0 0.0 0.0 0.0 -0.06346845626837264 0.0 -0.0014024967203525862 0.0 0.0 0.0 0.0 -0.0004542679445673663 -0.00026227172008018695 -5.496642129265132e-05 -3.173487812970262e-05 0.0 0.0 0.0 0.0 9.300000000000011 0.0 0.0 9.300000000000011 0.0 0.0 0.3 0.05 0.8 0.3 0.05 0.8 0.5 0.1 0.05
1042 5.713503837585449 0.0 0.0 0.0 0.0 0.0 0.0 0.0 0.0 -0.0634684562683478 0.0 -0.0014024967203525862 0.0 0.0 0.0 0.0 -0.0004542679445673663 -0.00026227172008018695 -5.496642129265132e-05 -3.173487812970262e-05 0.0 0.0 0.0 0.0 9.300000000000011 0.0 0.0 9.300000000000011 0.0 0.0 0.3 0.05 0.8 0.3 0.05 0.8 0.5 0.1 0.05
1043 5.718921184539795 0.0 0.0 0.0 0.0 0.0 0.0 0.0 0.0 -0.06346845626833289 0.0 -0.0014024967203525862 0.0 0.0 0.0 0.0 -0.0004542679445673663 -0.00026227172008018695 -5.496642129265132e-05 -3.173487812970262e-05 0.0 0.0 0.0 0.0 9.300000000000011 0.0 0.0 9.300000000000011 0.0 0.0 0.3 0.05 0.8 0.3 0.05 0.8 0.5 0.1 0.05
1044 5.72415566444397 0.0 0.0 0.0 0.0 0.0 0.0 0.0 0.0 -0.06346845626832395 0.0 -0.0014024967203525862 0.0 0.0 0.0 0.0 -0.0004542679445673663 -0.00026227172008018695 -5.496642129265132e-05 -3.173487812970262e-05 0.0 0.0 0.0 0.0 9.300000000000011 0.0 0.0 9.300000000000011 0.0 0.0 0.3 0.05 0.8 0.3 0.05 0.8 0.5 0.1 0.05
1045 5.729422569274902 0.0 0.0 0.0 0.0 0.0 0.0 0.0 0.0 -0.0634684562683186 0.0 -0.0014024967203525862 0.0 0.0 0.0 0.0 -0.0004542679445673663 -0.00026227172008018695 -5.496642129265132e-05 -3.173487812970262e-05 0.0 0.0 0.0 0.0 9.300000000000011 0.0 0.0 9.300000000000011 0.0 0.0 0.3 0.05 0.8 0.3 0.05 0.8 0.5 0.1 0.05
1046 5.734925270080566 0.0 0.0 0.0 0.0 0.0 0.0 0.0 0.0 -0.06346845626831538 0.0 -0.0014024967203525862 0.0 0.0 0.0 0.0 -0.0004542679445673663 -0.00026227172008018695 -5.496642129265132e-05 -3.173487812970262e-05 0.0 0.0 0.0 0.0 9.300000000000011 0.0 0.0 9.300000000000011 0.0 0.0 0.3 0.05 0.8 0.3 0.05 0.8 0.5 0.1 0.05
1047 5.740321159362793 0.0 0.0 0.0 0.0 0.0 0.0 0.0 0.0 -0.06346845626831345 0.0 -0.0014024967203525862 0.0 0.0 0.0 0.0 -0.0004542679445673663 -0.00026227172008018695 -5.496642129265132e-05 -3.173487812970262e-05 0.0 0.0 0.0 0.0 9.300000000000011 0.0 0.0 9.300000000000011 0.0 0.0 0.3 0.05 0.8 0.3 0.05 0.8 0.5 0.1 0.05
1048 5.745709180831909 0.0 0.0 0.0 0.0 0.0 0.0 0.0 0.0 -0.06346845626831228 0.0 -0.0014024967203525862 0.0 0.0 0.0 0.0 -0.0004542679445673663 -0.00026227172008018695 -5.496642129265132e-05 -3.173487812970262e-05 0.0 0.0 0.0 0.0 9.300000000000011 0.0 0.0 9.300000000000011 0.0 0.0 0.3 0.05 0.8 0.3 0.05 0.8 0.5 0.1 0.05
1049 5.751007080078125 0.0 0.0 0.0 0.0 0.0 0.0 0.0 0.0 -0.06346845626831159 0.0 -0.0014024967203525862 0.0 0.0 0.0 0.0 -0.0004542679445673663 -0.00026227172008018695 -5.496642129265132e-05 -3.173487812970262e-05 0.0 0.0 0.0 0.0 9.300000000000011 0.0 0.0 9.300000000000011 0.0 0.0 0.3 0.05 0.8 0.3 0.05 0.8 0.5 0.1 0.05
1050 5.756249189376831 0.0 0.0 0.0 0.0 0.0 0.0 0.0 0.0 -0.06346845626831117 0.0 -0.0014024967203525862 0.0 0.0 0.0 0.0 -0.0004542679445673663 -0.00026227172008018695 -5.496642129265132e-05 -3.173487812970262e-05 0.0 0.0 0.0 0.0 9.300000000000011 0.0 0.0 9.300000000000011 0.0 0.0 0.3 0.05 0.8 0.3 0.05 0.8 0.5 0.1 0.05
1051 5.761634349822998 0.0 0.0 0.0 0.0 0.0 0.0 0.0 0.0 -0.06346845626831092 0.0 -0.0014024967203525862 0.0 0.0 0.0 0.0 -0.0004542679445673663 -0.00026227172008018695 -5.496642129265132e-05 -3.173487812970262e-05 0.0 0.0 0.0 0.0 9.300000000000011 0.0 0.0 9.300000000000011 0.0 0.0 0.3 0.05 0.8 0.3 0.05 0.8 0.5 0.1 0.05
1052 5.766925096511841 0.0 0.0 0.0 0.0 0.0 0.0 0.0 0.0 -0.06346845626831077 0.0 -0.0014024967203525862 0.0 0.0 0.0 0.0 -0.0004542679445673663 -0.00026227172008018695 -5.496642129265132e-05 -3.173487812970262e-05 0.0 0.0 0.0 0.0 9.300000000000011 0.0 0.0 9.300000000000011 0.0 0.0 0.3 0.05 0.8 0.3 0.05 0.8 0.5 0.1 0.05
1053 5.772271633148193 0.0 0.0 0.0 0.0 0.0 0.0 0.0 0.0 -0.06346845626831069 0.0 -0.0014024967203525862 0.0 0.0 0.0 0.0 -0.0004542679445673663 -0.00026227172008018695 -5.496642129265132e-05 -3.173487812970262e-05 0.0 0.0 0.0 0.0 9.300000000000011 0.0 0.0 9.300000000000011 0.0 0.0 0.3 0.05 0.8 0.3 0.05 0.8 0.5 0.1 0.05
1054 5.777590036392212 0.0 0.0 0.0 0.0 0.0 0.0 0.0 0.0 -0.06346845626831063 0.0 -0.0014024967203525862 0.0 0.0 0.0 0.0 -0.0004542679445673663 -0.00026227172008018695 -5.496642129265132e-05 -3.173487812970262e-05 0.0 0.0 0.0 0.0 9.300000000000011 0.0 0.0 9.300000000000011 0.0 0.0 0.3 0.05 0.8 0.3 0.05 0.8 0.5 0.1 0.05
1055 5.782846212387085 0.0 0.0 0.0 0.0 0.0 0.0 0.0 0.0 -0.0634684562683106 0.0 -0.0014024967203525862 0.0 0.0 0.0 0.0 -0.0004542679445673663 -0.00026227172008018695 -5.496642129265132e-05 -3.173487812970262e-05 0.0 0.0 0.0 0.0 9.300000000000011 0.0 0.0 9.300000000000011 0.0 0.0 0.3 0.05 0.8 0.3 0.05 0.8 0.5 0.1 0.05
1056 5.788083553314209 0.0 0.0 0.0 0.0 0.0 0.0 0.0 0.0 -0.06346845626831057 0.0 -0.0014024967203525862 0.0 0.0 0.0 0.0 -0.0004542679445673663 -0.00026227172008018695 -5.496642129265132e-05 -3.173487812970262e-05 0.0 0.0 0.0 0.0 9.300000000000011 0.0 0.0 9.300000000000011 0.0 0.0 0.3 0.05 0.8 0.3 0.05 0.8 0.5 0.1 0.05
1057 5.793345928192139 0.0 0.0 0.0 0.0 0.0 0.0 0.0 0.0 -0.06346845626831056 0.0 -0.0014024967203525862 0.0 0.0 0.0 0.0 -0.0004542679445673663 -0.00026227172008018695 -5.496642129265132e-05 -3.173487812970262e-05 0.0 0.0 0.0 0.0 9.300000000000011 0.0 0.0 9.300000000000011 0.0 0.0 0.3 0.05 0.8 0.3 0.05 0.8 0.5 0.1 0.05
1058 5.798709392547607 0.0 0.0 0.0 0.0 0.0 0.0 0.0 0.0 -0.06346845626831056 0.0 -0.0014024967203525862 0.0 0.0 0.0 0.0 -0.0004542679445673663 -0.00026227172008018695 -5.496642129265132e-05 -3.173487812970262e-05 0.0 0.0 0.0 0.0 9.300000000000011 0.0 0.0 9.300000000000011 0.0 0.0 0.3 0.05 0.8 0.3 0.05 0.8 0.5 0.1 0.05
1059 5.803969860076904 0.0 0.0 0.0 0.0 0.0 0.0 0.0 0.0 -0.06346845626831056 0.0 -0.0014024967203525862 0.0 0.0 0.0 0.0 -0.0004542679445673663 -0.00026227172008018695 -5.496642129265132e-05 -3.173487812970262e-05 0.0 0.0 0.0 0.0 9.300000000000011 0.0 0.0 9.300000000000011 0.0 0.0 0.3 0.05 0.8 0.3 0.05 0.8 0.5 0.1 0.05
1060 5.809327125549316 0.0 0.0 0.0 0.0 0.0 0.0 0.0 0.0 -0.06346845626831056 0.0 -0.0014024967203525862 0.0 0.0 0.0 0.0 -0.0004542679445673663 -0.00026227172008018695 -5.496642129265132e-05 -3.173487812970262e-05 0.0 0.0 0.0 0.0 9.300000000000011 0.0 0.0 9.300000000000011 0.0 0.0 0.3 0.05 0.8 0.3 0.05 0.8 0.5 0.1 0.05
1061 5.814867734909058 0.0 0.0 0.0 0.0 0.0 0.0 0.0 0.0 -0.06346845626831056 0.0 -0.0014024967203525862 0.0 0.0 0.0 0.0 -0.0004542679445673663 -0.00026227172008018695 -5.496642129265132e-05 -3.173487812970262e-05 0.0 0.0 0.0 0.0 9.300000000000011 0.0 0.0 9.300000000000011 0.0 0.0 0.3 0.05 0.8 0.3 0.05 0.8 0.5 0.1 0.05
1062 5.820146799087524 0.0 0.0 0.0 0.0 0.0 0.0 0.0 0.0 -0.06346845626831056 0.0 -0.0014024967203525862 0.0 0.0 0.0 0.0 -0.0004542679445673663 -0.00026227172008018695 -5.496642129265132e-05 -3.173487812970262e-05 0.0 0.0 0.0 0.0 9.300000000000011 0.0 0.0 9.300000000000011 0.0 0.0 0.3 0.05 0.8 0.3 0.05 0.8 0.5 0.1 0.05
1063 5.8254570960998535 0.0 0.0 0.0 0.0 0.0 0.0 0.0 0.0 -0.06346845626831056 0.0 -0.0014024967203525862 0.0 0.0 0.0 0.0 -0.0004542679445673663 -0.00026227172008018695 -5.496642129265132e-05 -3.173487812970262e-05 0.0 0.0 0.0 0.0 9.300000000000011 0.0 0.0 9.300000000000011 0.0 0.0 0.3 0.05 0.8 0.3 0.05 0.8 0.5 0.1 0.05
1064 5.8307085037231445 0.0 0.0 0.0 0.0 0.0 0.0 0.0 0.0 -0.06346845626831056 0.0 -0.0014024967203525862 0.0 0.0 0.0 0.0 -0.0004542679445673663 -0.00026227172008018695 -5.496642129265132e-05 -3.173487812970262e-05 0.0 0.0 0.0 0.0 9.300000000000011 0.0 0.0 9.300000000000011 0.0 0.0 0.3 0.05 0.8 0.3 0.05 0.8 0.5 0.1 0.05
1065 5.835977792739868 0.0 0.0 0.0 0.0 0.0 0.0 0.0 0.0 -0.06346845626831056 0.0 -0.0014024967203525862 0.0 0.0 0.0 0.0 -0.0004542679445673663 -0.00026227172008018695 -5.496642129265132e-05 -3.173487812970262e-05 0.0 0.0 0.0 0.0 9.300000000000011 0.0 0.0 9.300000000000011 0.0 0.0 0.3 0.05 0.8 0.3 0.05 0.8 0.5 0.1 0.05
1066 5.841216802597046 0.0 0.0 0.0 0.0 0.0 0.0 0.0 0.0 -0.06346845626831056 0.0 -0.0014024967203525862 0.0 0.0 0.0 0.0 -0.0004542679445673663 -0.00026227172008018695 -5.496642129265132e-05 -3.173487812970262e-05 0.0 0.0 0.0 0.0 9.300000000000011 0.0 0.0 9.300000000000011 0.0 0.0 0.3 0.05 0.8 0.3 0.05 0.8 0.5 0.1 0.05
1067 5.846449136734009 0.0 0.0 0.0 0.0 0.0 0.0 0.0 0.0 -0.06346845626831056 0.0 -0.0014024967203525862 0.0 0.0 0.0 0.0 -0.0004542679445673663 -0.00026227172008018695 -5.496642129265132e-05 -3.173487812970262e-05 0.0 0.0 0.0 0.0 9.300000000000011 0.0 0.0 9.300000000000011 0.0 0.0 0.3 0.05 0.8 0.3 0.05 0.8 0.5 0.1 0.05
1068 5.851672887802124 0.0 0.0 0.0 0.0 0.0 0.0 0.0 0.0 -0.06346845626831056 0.0 -0.0014024967203525862 0.0 0.0 0.0 0.0 -0.0004542679445673663 -0.00026227172008018695 -5.496642129265132e-05 -3.173487812970262e-05 0.0 0.0 0.0 0.0 9.300000000000011 0.0 0.0 9.300000000000011 0.0 0.0 0.3 0.05 0.8 0.3 0.05 0.8 0.5 0.1 0.05
1069 5.856927871704102 0.0 0.0 0.0 0.0 0.0 0.0 0.0 0.0 -0.06346845626831056 0.0 -0.0014024967203525862 0.0 0.0 0.0 0.0 -0.0004542679445673663 -0.00026227172008018695 -5.496642129265132e-05 -3.173487812970262e-05 0.0 0.0 0.0 0.0 9.300000000000011 0.0 0.0 9.300000000000011 0.0 0.0 0.3 0.05 0.8 0.3 0.05 0.8 0.5 0.1 0.05
1070 5.86225700378418 0.0 0.0 0.0 0.0 0.0 0.0 0.0 0.0 -0.06346845626831056 0.0 -0.0014024967203525862 0.0 0.0 0.0 0.0 -0.0004542679445673663 -0.00026227172008018695 -5.496642129265132e-05 -3.173487812970262e-05 0.0 0.0 0.0 0.0 9.300000000000011 0.0 0.0 9.300000000000011 0.0 0.0 0.3 0.05 0.8 0.3 0.05 0.8 0.5 0.1 0.05
1071 5.867715358734131 0.0 0.0 0.0 0.0 0.0 0.0 0.0 0.0 -0.06346845626831056 0.0 -0.0014024967203525862 0.0 0.0 0.0 0.0 -0.0004542679445673663 -0.00026227172008018695 -5.496642129265132e-05 -3.173487812970262e-05 0.0 0.0 0.0 0.0 9.300000000000011 0.0 0.0 9.300000000000011 0.0 0.0 0.3 0.05 0.8 0.3 0.05 0.8 0.5 0.1 0.05
1072 5.873148202896118 0.0 0.0 0.0 0.0 0.0 0.0 0.0 0.0 -0.06346845626831056 0.0 -0.0014024967203525862 0.0 0.0 0.0 0.0 -0.0004542679445673663 -0.00026227172008018695 -5.496642129265132e-05 -3.173487812970262e-05 0.0 0.0 0.0 0.0 9.300000000000011 0.0 0.0 9.300000000000011 0.0 0.0 0.3 0.05 0.8 0.3 0.05 0.8 0.5 0.1 0.05
1073 5.878521919250488 0.0 0.0 0.0 0.0 0.0 0.0 0.0 0.0 -0.06346845626831056 0.0 -0.0014024967203525862 0.0 0.0 0.0 0.0 -0.0004542679445673663 -0.00026227172008018695 -5.496642129265132e-05 -3.173487812970262e-05 0.0 0.0 0.0 0.0 9.300000000000011 0.0 0.0 9.300000000000011 0.0 0.0 0.3 0.05 0.8 0.3 0.05 0.8 0.5 0.1 0.05
1074 5.883784294128418 0.0 0.0 0.0 0.0 0.0 0.0 0.0 0.0 -0.06346845626831056 0.0 -0.0014024967203525862 0.0 0.0 0.0 0.0 -0.0004542679445673663 -0.00026227172008018695 -5.496642129265132e-05 -3.173487812970262e-05 0.0 0.0 0.0 0.0 9.300000000000011 0.0 0.0 9.300000000000011 0.0 0.0 0.3 0.05 0.8 0.3 0.05 0.8 0.5 0.1 0.05
1075 5.889037847518921 0.0 0.0 0.0 0.0 0.0 0.0 0.0 0.0 -0.06346845626831056 0.0 -0.0014024967203525862 0.0 0.0 0.0 0.0 -0.0004542679445673663 -0.00026227172008018695 -5.496642129265132e-05 -3.173487812970262e-05 0.0 0.0 0.0 0.0 9.300000000000011 0.0 0.0 9.300000000000011 0.0 0.0 0.3 0.05 0.8 0.3 0.05 0.8 0.5 0.1 0.05
1076 5.894352436065674 0.0 0.0 0.0 0.0 0.0 0.0 0.0 0.0 -0.06346845626831056 0.0 -0.0014024967203525862 0.0 0.0 0.0 0.0 -0.0004542679445673663 -0.00026227172008018695 -5.496642129265132e-05 -3.173487812970262e-05 0.0 0.0 0.0 0.0 9.300000000000011 0.0 0.0 9.300000000000011 0.0 0.0 0.3 0.05 0.8 0.3 0.05 0.8 0.5 0.1 0.05
1077 5.899775981903076 0.0 0.0 0.0 0.0 0.0 0.0 0.0 0.0 -0.06346845626831056 0.0 -0.0014024967203525862 0.0 0.0 0.0 0.0 -0.0004542679445673663 -0.00026227172008018695 -5.496642129265132e-05 -3.173487812970262e-05 0.0 0.0 0.0 0.0 9.300000000000011 0.0 0.0 9.300000000000011 0.0 0.0 0.3 0.05 0.8 0.3 0.05 0.8 0.5 0.1 0.05
1078 5.9050822257995605 0.0 0.0 0.0 0.0 0.0 0.0 0.0 0.0 -0.06346845626831056 0.0 -0.0014024967203525862 0.0 0.0 0.0 0.0 -0.0004542679445673663 -0.00026227172008018695 -5.496642129265132e-05 -3.173487812970262e-05 0.0 0.0 0.0 0.0 9.300000000000011 0.0 0.0 9.300000000000011 0.0 0.0 0.3 0.05 0.8 0.3 0.05 0.8 0.5 0.1 0.05
1079 5.910379409790039 0.0 0.0 0.0 0.0 0.0 0.0 0.0 0.0 -0.06346845626831056 0.0 -0.0014024967203525862 0.0 0.0 0.0 0.0 -0.0004542679445673663 -0.00026227172008018695 -5.496642129265132e-05 -3.173487812970262e-05 0.0 0.0 0.0 0.0 9.300000000000011 0.0 0.0 9.300000000000011 0.0 0.0 0.3 0.05 0.8 0.3 0.05 0.8 0.5 0.1 0.05
1080 5.915644407272339 0.0 0.0 0.0 0.0 0.0 0.0 0.0 0.0 -0.06346845626831056 0.0 -0.0014024967203525862 0.0 0.0 0.0 0.0 -0.0004542679445673663 -0.00026227172008018695 -5.496642129265132e-05 -3.173487812970262e-05 0.0 0.0 0.0 0.0 9.300000000000011 0.0 0.0 9.300000000000011 0.0 0.0 0.3 0.05 0.8 0.3 0.05 0.8 0.5 0.1 0.05
1081 5.921084880828857 0.0 0.0 0.0 0.0 0.0 0.0 0.0 0.0 -0.06346845626831056 0.0 -0.0014024967203525862 0.0 0.0 0.0 0.0 -0.0004542679445673663 -0.00026227172008018695 -5.496642129265132e-05 -3.173487812970262e-05 0.0 0.0 0.0 0.0 9.300000000000011 0.0 0.0 9.300000000000011 0.0 0.0 0.3 0.05 0.8 0.3 0.05 0.8 0.5 0.1 0.05
1082 5.926411390304565 0.0 0.0 0.0 0.0 0.0 0.0 0.0 0.0 -0.06346845626831056 0.0 -0.0014024967203525862 0.0 0.0 0.0 0.0 -0.0004542679445673663 -0.00026227172008018695 -5.496642129265132e-05 -3.173487812970262e-05 0.0 0.0 0.0 0.0 9.300000000000011 0.0 0.0 9.300000000000011 0.0 0.0 0.3 0.05 0.8 0.3 0.05 0.8 0.5 0.1 0.05
1083 5.931827545166016 0.0 0.0 0.0 0.0 0.0 0.0 0.0 0.0 -0.06346845626831056 0.0 -0.0014024967203525862 0.0 0.0 0.0 0.0 -0.0004542679445673663 -0.00026227172008018695 -5.496642129265132e-05 -3.173487812970262e-05 0.0 0.0 0.0 0.0 9.300000000000011 0.0 0.0 9.300000000000011 0.0 0.0 0.3 0.05 0.8 0.3 0.05 0.8 0.5 0.1 0.05
1084 5.937090635299683 0.0 0.0 0.0 0.0 0.0 0.0 0.0 0.0 -0.06346845626831056 0.0 -0.0014024967203525862 0.0 0.0 0.0 0.0 -0.0004542679445673663 -0.00026227172008018695 -5.496642129265132e-05 -3.173487812970262e-05 0.0 0.0 0.0 0.0 9.300000000000011 0.0 0.0 9.300000000000011 0.0 0.0 0.3 0.05 0.8 0.3 0.05 0.8 0.5 0.1 0.05
1085 5.942357301712036 0.0 0.0 0.0 0.0 0.0 0.0 0.0 0.0 -0.06346845626831056 0.0 -0.0014024967203525862 0.0 0.0 0.0 0.0 -0.0004542679445673663 -0.00026227172008018695 -5.496642129265132e-05 -3.173487812970262e-05 0.0 0.0 0.0 0.0 9.300000000000011 0.0 0.0 9.300000000000011 0.0 0.0 0.3 0.05 0.8 0.3 0.05 0.8 0.5 0.1 0.05
1086 5.947693109512329 0.0 0.0 0.0 0.0 0.0 0.0 0.0 0.0 -0.06346845626831056 0.0 -0.0014024967203525862 0.0 0.0 0.0 0.0 -0.0004542679445673663 -0.00026227172008018695 -5.496642129265132e-05 -3.173487812970262e-05 0.0 0.0 0.0 0.0 9.300000000000011 0.0 0.0 9.300000000000011 0.0 0.0 0.3 0.05 0.8 0.3 0.05 0.8 0.5 0.1 0.05
1087 5.952990531921387 0.0 0.0 0.0 0.0 0.0 0.0 0.0 0.0 -0.06346845626831056 0.0 -0.0014024967203525862 0.0 0.0 0.0 0.0 -0.0004542679445673663 -0.00026227172008018695 -5.496642129265132e-05 -3.173487812970262e-05 0.0 0.0 0.0 0.0 9.300000000000011 0.0 0.0 9.300000000000011 0.0 0.0 0.3 0.05 0.8 0.3 0.05 0.8 0.5 0.1 0.05
1088 5.9582555294036865 0.0 0.0 0.0 0.0 0.0 0.0 0.0 0.0 -0.06346845626831056 0.0 -0.0014024967203525862 0.0 0.0 0.0 0.0 -0.0004542679445673663 -0.00026227172008018695 -5.496642129265132e-05 -3.173487812970262e-05 0.0 0.0 0.0 0.0 9.300000000000011 0.0 0.0 9.300000000000011 0.0 0.0 0.3 0.05 0.8 0.3 0.05 0.8 0.5 0.1 0.05
1089 5.963472127914429 0.0 0.0 0.0 0.0 0.0 0.0 0.0 0.0 -0.06346845626831056 0.0 -0.0014024967203525862 0.0 0.0 0.0 0.0 -0.0004542679445673663 -0.00026227172008018695 -5.496642129265132e-05 -3.173487812970262e-05 0.0 0.0 0.0 0.0 9.300000000000011 0.0 0.0 9.300000000000011 0.0 0.0 0.3 0.05 0.8 0.3 0.05 0.8 0.5 0.1 0.05
1090 5.968676328659058 0.0 0.0 0.0 0.0 0.0 0.0 0.0 0.0 -0.06346845626831056 0.0 -0.0014024967203525862 0.0 0.0 0.0 0.0 -0.0004542679445673663 -0.00026227172008018695 -5.496642129265132e-05 -3.173487812970262e-05 0.0 0.0 0.0 0.0 9.300000000000011 0.0 0.0 9.300000000000011 0.0 0.0 0.3 0.05 0.8 0.3 0.05 0.8 0.5 0.1 0.05
1091 5.974009990692139 0.0 0.0 0.0 0.0 0.0 0.0 0.0 0.0 -0.06346845626831056 0.0 -0.0014024967203525862 0.0 0.0 0.0 0.0 -0.0004542679445673663 -0.00026227172008018695 -5.496642129265132e-05 -3.173487812970262e-05 0.0 0.0 0.0 0.0 9.300000000000011 0.0 0.0 9.300000000000011 0.0 0.0 0.3 0.05 0.8 0.3 0.05 0.8 0.5 0.1 0.05
1092 5.9795310497283936 0.0 0.0 0.0 0.0 0.0 0.0 0.0 0.0 -0.06346845626831056 0.0 -0.0014024967203525862 0.0 0.0 0.0 0.0 -0.0004542679445673663 -0.00026227172008018695 -5.496642129265132e-05 -3.173487812970262e-05 0.0 0.0 0.0 0.0 9.300000000000011 0.0 0.0 9.300000000000011 0.0 0.0 0.3 0.05 0.8 0.3 0.05 0.8 0.5 0.1 0.05
1093 5.984835624694824 0.0 0.0 0.0 0.0 0.0 0.0 0.0 0.0 -0.06346845626831056 0.0 -0.0014024967203525862 0.0 0.0 0.0 0.0 -0.0004542679445673663 -0.00026227172008018695 -5.496642129265132e-05 -3.173487812970262e-05 0.0 0.0 0.0 0.0 9.300000000000011 0.0 0.0 9.300000000000011 0.0 0.0 0.3 0.05 0.8 0.3 0.05 0.8 0.5 0.1 0.05
1094 5.990085124969482 0.0 0.0 0.0 0.0 0.0 0.0 0.0 0.0 -0.06346845626831056 0.0 -0.0014024967203525862 0.0 0.0 0.0 0.0 -0.0004542679445673663 -0.00026227172008018695 -5.496642129265132e-05 -3.173487812970262e-05 0.0 0.0 0.0 0.0 9.300000000000011 0.0 0.0 9.300000000000011 0.0 0.0 0.3 0.05 0.8 0.3 0.05 0.8 0.5 0.1 0.05
1095 5.995383262634277 0.0 0.0 0.0 0.0 0.0 0.0 0.0 0.0 -0.06346845626831056 0.0 -0.0014024967203525862 0.0 0.0 0.0 0.0 -0.0004542679445673663 -0.00026227172008018695 -5.496642129265132e-05 -3.173487812970262e-05 0.0 0.0 0.0 0.0 9.300000000000011 0.0 0.0 9.300000000000011 0.0 0.0 0.3 0.05 0.8 0.3 0.05 0.8 0.5 0.1 0.05
1096 6.000643014907837 0.0 0.0 0.0 0.0 0.0 0.0 0.0 0.0 -0.06346845626831056 0.0 -0.0014024967203525862 0.0 0.0 0.0 0.0 -0.0004542679445673663 -0.00026227172008018695 -5.496642129265132e-05 -3.173487812970262e-05 0.0 0.0 0.0 0.0 9.300000000000011 0.0 0.0 9.300000000000011 0.0 0.0 0.3 0.05 0.8 0.3 0.05 0.8 0.5 0.1 0.05
1097 6.005988121032715 0.0 0.0 0.0 0.0 0.0 0.0 0.0 0.0 -0.06346845626831056 0.0 -0.0014024967203525862 0.0 0.0 0.0 0.0 -0.0004542679445673663 -0.00026227172008018695 -5.496642129265132e-05 -3.173487812970262e-05 0.0 0.0 0.0 0.0 9.300000000000011 0.0 0.0 9.300000000000011 0.0 0.0 0.3 0.05 0.8 0.3 0.05 0.8 0.5 0.1 0.05
1098 6.011295795440674 0.0 0.0 0.0 0.0 0.0 0.0 0.0 0.0 -0.06346845626831056 0.0 -0.0014024967203525862 0.0 0.0 0.0 0.0 -0.0004542679445673663 -0.00026227172008018695 -5.496642129265132e-05 -3.173487812970262e-05 0.0 0.0 0.0 0.0 9.300000000000011 0.0 0.0 9.300000000000011 0.0 0.0 0.3 0.05 0.8 0.3 0.05 0.8 0.5 0.1 0.05
1099 6.016525030136108 0.0 0.0 0.0 0.0 0.0 0.0 0.0 0.0 -0.06346845626831056 0.0 -0.0014024967203525862 0.0 0.0 0.0 0.0 -0.0004542679445673663 -0.00026227172008018695 -5.496642129265132e-05 -3.173487812970262e-05 0.0 0.0 0.0 0.0 9.300000000000011 0.0 0.0 9.300000000000011 0.0 0.0 0.3 0.05 0.8 0.3 0.05 0.8 0.5 0.1 0.05
1100 6.021761417388916 0.0 0.0 0.0 0.0 0.0 0.0 0.0 0.0 -0.06346845626831056 0.0 -0.0014024967203525862 0.0 0.0 0.0 0.0 -0.0004542679445673663 -0.00026227172008018695 -5.496642129265132e-05 -3.173487812970262e-05 0.0 0.0 0.0 0.0 9.300000000000011 0.0 0.0 9.300000000000011 0.0 0.0 0.3 0.05 0.8 0.3 0.05 0.8 0.5 0.1 0.05
1101 6.027130842208862 0.0 0.0 0.0 0.0 0.0 0.0 0.0 0.0 -0.06346845626831056 0.0 -0.0014024967203525862 0.0 0.0 0.0 0.0 -0.0004542679445673663 -0.00026227172008018695 -5.496642129265132e-05 -3.173487812970262e-05 0.0 0.0 0.0 0.0 9.300000000000011 0.0 0.0 9.300000000000011 0.0 0.0 0.3 0.05 0.8 0.3 0.05 0.8 0.5 0.1 0.05
1102 6.032398223876953 0.0 0.0 0.0 0.0 0.0 0.0 0.0 0.0 -0.06346845626831056 0.0 -0.0014024967203525862 0.0 0.0 0.0 0.0 -0.0004542679445673663 -0.00026227172008018695 -5.496642129265132e-05 -3.173487812970262e-05 0.0 0.0 0.0 0.0 9.300000000000011 0.0 0.0 9.300000000000011 0.0 0.0 0.3 0.05 0.8 0.3 0.05 0.8 0.5 0.1 0.05
1103 6.037704229354858 0.0 0.0 0.0 0.0 0.0 0.0 0.0 0.0 -0.06346845626831056 0.0 -0.0014024967203525862 0.0 0.0 0.0 0.0 -0.0004542679445673663 -0.00026227172008018695 -5.496642129265132e-05 -3.173487812970262e-05 0.0 0.0 0.0 0.0 9.300000000000011 0.0 0.0 9.300000000000011 0.0 0.0 0.3 0.05 0.8 0.3 0.05 0.8 0.5 0.1 0.05
1104 6.042958974838257 0.0 0.0 0.0 0.0 0.0 0.0 0.0 0.0 -0.06346845626831056 0.0 -0.0014024967203525862 0.0 0.0 0.0 0.0 -0.0004542679445673663 -0.00026227172008018695 -5.496642129265132e-05 -3.173487812970262e-05 0.0 0.0 0.0 0.0 9.300000000000011 0.0 0.0 9.300000000000011 0.0 0.0 0.3 0.05 0.8 0.3 0.05 0.8 0.5 0.1 0.05
1105 6.048201322555542 0.0 0.0 0.0 0.0 0.0 0.0 0.0 0.0 -0.06346845626831056 0.0 -0.0014024967203525862 0.0 0.0 0.0 0.0 -0.0004542679445673663 -0.00026227172008018695 -5.496642129265132e-05 -3.173487812970262e-05 0.0 0.0 0.0 0.0 9.300000000000011 0.0 0.0 9.300000000000011 0.0 0.0 0.3 0.05 0.8 0.3 0.05 0.8 0.5 0.1 0.05
1106 6.053468942642212 0.0 0.0 0.0 0.0 0.0 0.0 0.0 0.0 -0.06346845626831056 0.0 -0.0014024967203525862 0.0 0.0 0.0 0.0 -0.0004542679445673663 -0.00026227172008018695 -5.496642129265132e-05 -3.173487812970262e-05 0.0 0.0 0.0 0.0 9.300000000000011 0.0 0.0 9.300000000000011 0.0 0.0 0.3 0.05 0.8 0.3 0.05 0.8 0.5 0.1 0.05
1107 6.058805465698242 0.0 0.0 0.0 0.0 0.0 0.0 0.0 0.0 -0.06346845626831056 0.0 -0.0014024967203525862 0.0 0.0 0.0 0.0 -0.0004542679445673663 -0.00026227172008018695 -5.496642129265132e-05 -3.173487812970262e-05 0.0 0.0 0.0 0.0 9.300000000000011 0.0 0.0 9.300000000000011 0.0 0.0 0.3 0.05 0.8 0.3 0.05 0.8 0.5 0.1 0.05
1108 6.0641515254974365 0.0 0.0 0.0 0.0 0.0 0.0 0.0 0.0 -0.06346845626831056 0.0 -0.0014024967203525862 0.0 0.0 0.0 0.0 -0.0004542679445673663 -0.00026227172008018695 -5.496642129265132e-05 -3.173487812970262e-05 0.0 0.0 0.0 0.0 9.300000000000011 0.0 0.0 9.300000000000011 0.0 0.0 0.3 0.05 0.8 0.3 0.05 0.8 0.5 0.1 0.05
1109 6.069539308547974 0.0 0.0 0.0 0.0 0.0 0.0 0.0 0.0 -0.06346845626831056 0.0 -0.0014024967203525862 0.0 0.0 0.0 0.0 -0.0004542679445673663 -0.00026227172008018695 -5.496642129265132e-05 -3.173487812970262e-05 0.0 0.0 0.0 0.0 9.300000000000011 0.0 0.0 9.300000000000011 0.0 0.0 0.3 0.05 0.8 0.3 0.05 0.8 0.5 0.1 0.05
1110 6.07478666305542 0.0 0.0 0.0 0.0 0.0 0.0 0.0 0.0 -0.06346845626831056 0.0 -0.0014024967203525862 0.0 0.0 0.0 0.0 -0.0004542679445673663 -0.00026227172008018695 -5.496642129265132e-05 -3.173487812970262e-05 0.0 0.0 0.0 0.0 9.300000000000011 0.0 0.0 9.300000000000011 0.0 0.0 0.3 0.05 0.8 0.3 0.05 0.8 0.5 0.1 0.05
1111 6.080252170562744 0.0 0.0 0.0 0.0 0.0 0.0 0.0 0.0 -0.06346845626831056 0.0 -0.0014024967203525862 0.0 0.0 0.0 0.0 -0.0004542679445673663 -0.00026227172008018695 -5.496642129265132e-05 -3.173487812970262e-05 0.0 0.0 0.0 0.0 9.300000000000011 0.0 0.0 9.300000000000011 0.0 0.0 0.3 0.05 0.8 0.3 0.05 0.8 0.5 0.1 0.05
1112 6.085575103759766 0.0 0.0 0.0 0.0 0.0 0.0 0.0 0.0 -0.06346845626831056 0.0 -0.0014024967203525862 0.0 0.0 0.0 0.0 -0.0004542679445673663 -0.00026227172008018695 -5.496642129265132e-05 -3.173487812970262e-05 0.0 0.0 0.0 0.0 9.300000000000011 0.0 0.0 9.300000000000011 0.0 0.0 0.3 0.05 0.8 0.3 0.05 0.8 0.5 0.1 0.05
1113 6.09086799621582 0.0 0.0 0.0 0.0 0.0 0.0 0.0 0.0 -0.06346845626831056 0.0 -0.0014024967203525862 0.0 0.0 0.0 0.0 -0.0004542679445673663 -0.00026227172008018695 -5.496642129265132e-05 -3.173487812970262e-05 0.0 0.0 0.0 0.0 9.300000000000011 0.0 0.0 9.300000000000011 0.0 0.0 0.3 0.05 0.8 0.3 0.05 0.8 0.5 0.1 0.05
1114 6.096088886260986 0.0 0.0 0.0 0.0 0.0 0.0 0.0 0.0 -0.06346845626831056 0.0 -0.0014024967203525862 0.0 0.0 0.0 0.0 -0.0004542679445673663 -0.00026227172008018695 -5.496642129265132e-05 -3.173487812970262e-05 0.0 0.0 0.0 0.0 9.300000000000011 0.0 0.0 9.300000000000011 0.0 0.0 0.3 0.05 0.8 0.3 0.05 0.8 0.5 0.1 0.05
1115 6.1013617515563965 0.0 0.0 0.0 0.0 0.0 0.0 0.0 0.0 -0.06346845626831056 0.0 -0.0014024967203525862 0.0 0.0 0.0 0.0 -0.0004542679445673663 -0.00026227172008018695 -5.496642129265132e-05 -3.173487812970262e-05 0.0 0.0 0.0 0.0 9.300000000000011 0.0 0.0 9.300000000000011 0.0 0.0 0.3 0.05 0.8 0.3 0.05 0.8 0.5 0.1 0.05
1116 6.106603622436523 0.0 0.0 0.0 0.0 0.0 0.0 0.0 0.0 -0.06346845626831056 0.0 -0.0014024967203525862 0.0 0.0 0.0 0.0 -0.0004542679445673663 -0.00026227172008018695 -5.496642129265132e-05 -3.173487812970262e-05 0.0 0.0 0.0 0.0 9.300000000000011 0.0 0.0 9.300000000000011 0.0 0.0 0.3 0.05 0.8 0.3 0.05 0.8 0.5 0.1 0.05
1117 6.111867904663086 0.0 0.0 0.0 0.0 0.0 0.0 0.0 0.0 -0.06346845626831056 0.0 -0.0014024967203525862 0.0 0.0 0.0 0.0 -0.0004542679445673663 -0.00026227172008018695 -5.496642129265132e-05 -3.173487812970262e-05 0.0 0.0 0.0 0.0 9.300000000000011 0.0 0.0 9.300000000000011 0.0 0.0 0.3 0.05 0.8 0.3 0.05 0.8 0.5 0.1 0.05
1118 6.117236852645874 0.0 0.0 0.0 0.0 0.0 0.0 0.0 0.0 -0.06346845626831056 0.0 -0.0014024967203525862 0.0 0.0 0.0 0.0 -0.0004542679445673663 -0.00026227172008018695 -5.496642129265132e-05 -3.173487812970262e-05 0.0 0.0 0.0 0.0 9.300000000000011 0.0 0.0 9.300000000000011 0.0 0.0 0.3 0.05 0.8 0.3 0.05 0.8 0.5 0.1 0.05
1119 6.122518062591553 0.0 0.0 0.0 0.0 0.0 0.0 0.0 0.0 -0.06346845626831056 0.0 -0.0014024967203525862 0.0 0.0 0.0 0.0 -0.0004542679445673663 -0.00026227172008018695 -5.496642129265132e-05 -3.173487812970262e-05 0.0 0.0 0.0 0.0 9.300000000000011 0.0 0.0 9.300000000000011 0.0 0.0 0.3 0.05 0.8 0.3 0.05 0.8 0.5 0.1 0.05
1120 6.127743244171143 0.0 0.0 0.0 0.0 0.0 0.0 0.0 0.0 -0.06346845626831056 0.0 -0.0014024967203525862 0.0 0.0 0.0 0.0 -0.0004542679445673663 -0.00026227172008018695 -5.496642129265132e-05 -3.173487812970262e-05 0.0 0.0 0.0 0.0 9.300000000000011 0.0 0.0 9.300000000000011 0.0 0.0 0.3 0.05 0.8 0.3 0.05 0.8 0.5 0.1 0.05
1121 6.133204221725464 0.0 0.0 0.0 0.0 0.0 0.0 0.0 0.0 -0.06346845626831056 0.0 -0.0014024967203525862 0.0 0.0 0.0 0.0 -0.0004542679445673663 -0.00026227172008018695 -5.496642129265132e-05 -3.173487812970262e-05 0.0 0.0 0.0 0.0 9.300000000000011 0.0 0.0 9.300000000000011 0.0 0.0 0.3 0.05 0.8 0.3 0.05 0.8 0.5 0.1 0.05
1122 6.138484954833984 0.0 0.0 0.0 0.0 0.0 0.0 0.0 0.0 -0.06346845626831056 0.0 -0.0014024967203525862 0.0 0.0 0.0 0.0 -0.0004542679445673663 -0.00026227172008018695 -5.496642129265132e-05 -3.173487812970262e-05 0.0 0.0 0.0 0.0 9.300000000000011 0.0 0.0 9.300000000000011 0.0 0.0 0.3 0.05 0.8 0.3 0.05 0.8 0.5 0.1 0.05
1123 6.1438307762146 0.0 0.0 0.0 0.0 0.0 0.0 0.0 0.0 -0.06346845626831056 0.0 -0.0014024967203525862 0.0 0.0 0.0 0.0 -0.0004542679445673663 -0.00026227172008018695 -5.496642129265132e-05 -3.173487812970262e-05 0.0 0.0 0.0 0.0 9.300000000000011 0.0 0.0 9.300000000000011 0.0 0.0 0.3 0.05 0.8 0.3 0.05 0.8 0.5 0.1 0.05
1124 6.149072647094727 0.0 0.0 0.0 0.0 0.0 0.0 0.0 0.0 -0.06346845626831056 0.0 -0.0014024967203525862 0.0 0.0 0.0 0.0 -0.0004542679445673663 -0.00026227172008018695 -5.496642129265132e-05 -3.173487812970262e-05 0.0 0.0 0.0 0.0 9.300000000000011 0.0 0.0 9.300000000000011 0.0 0.0 0.3 0.05 0.8 0.3 0.05 0.8 0.5 0.1 0.05
1125 6.154329061508179 0.0 0.0 0.0 0.0 0.0 0.0 0.0 0.0 -0.06346845626831056 0.0 -0.0014024967203525862 0.0 0.0 0.0 0.0 -0.0004542679445673663 -0.00026227172008018695 -5.496642129265132e-05 -3.173487812970262e-05 0.0 0.0 0.0 0.0 9.300000000000011 0.0 0.0 9.300000000000011 0.0 0.0 0.3 0.05 0.8 0.3 0.05 0.8 0.5 0.1 0.05
1126 6.159552097320557 0.0 0.0 0.0 0.0 0.0 0.0 0.0 0.0 -0.06346845626831056 0.0 -0.0014024967203525862 0.0 0.0 0.0 0.0 -0.0004542679445673663 -0.00026227172008018695 -5.496642129265132e-05 -3.173487812970262e-05 0.0 0.0 0.0 0.0 9.300000000000011 0.0 0.0 9.300000000000011 0.0 0.0 0.3 0.05 0.8 0.3 0.05 0.8 0.5 0.1 0.05
1127 6.164777040481567 0.0 0.0 0.0 0.0 0.0 0.0 0.0 0.0 -0.06346845626831056 0.0 -0.0014024967203525862 0.0 0.0 0.0 0.0 -0.0004542679445673663 -0.00026227172008018695 -5.496642129265132e-05 -3.173487812970262e-05 0.0 0.0 0.0 0.0 9.300000000000011 0.0 0.0 9.300000000000011 0.0 0.0 0.3 0.05 0.8 0.3 0.05 0.8 0.5 0.1 0.05
1128 6.170011281967163 0.0 0.0 0.0 0.0 0.0 0.0 0.0 0.0 -0.06346845626831056 0.0 -0.0014024967203525862 0.0 0.0 0.0 0.0 -0.0004542679445673663 -0.00026227172008018695 -5.496642129265132e-05 -3.173487812970262e-05 0.0 0.0 0.0 0.0 9.300000000000011 0.0 0.0 9.300000000000011 0.0 0.0 0.3 0.05 0.8 0.3 0.05 0.8 0.5 0.1 0.05
1129 6.175349950790405 0.0 0.0 0.0 0.0 0.0 0.0 0.0 0.0 -0.06346845626831056 0.0 -0.0014024967203525862 0.0 0.0 0.0 0.0 -0.0004542679445673663 -0.00026227172008018695 -5.496642129265132e-05 -3.173487812970262e-05 0.0 0.0 0.0 0.0 9.300000000000011 0.0 0.0 9.300000000000011 0.0 0.0 0.3 0.05 0.8 0.3 0.05 0.8 0.5 0.1 0.05
1130 6.180625915527344 0.0 0.0 0.0 0.0 0.0 0.0 0.0 0.0 -0.06346845626831056 0.0 -0.0014024967203525862 0.0 0.0 0.0 0.0 -0.0004542679445673663 -0.00026227172008018695 -5.496642129265132e-05 -3.173487812970262e-05 0.0 0.0 0.0 0.0 9.300000000000011 0.0 0.0 9.300000000000011 0.0 0.0 0.3 0.05 0.8 0.3 0.05 0.8 0.5 0.1 0.05
1131 6.186190366744995 0.0 0.0 0.0 0.0 0.0 0.0 0.0 0.0 -0.06346845626831056 0.0 -0.0014024967203525862 0.0 0.0 0.0 0.0 -0.0004542679445673663 -0.00026227172008018695 -5.496642129265132e-05 -3.173487812970262e-05 0.0 0.0 0.0 0.0 9.300000000000011 0.0 0.0 9.300000000000011 0.0 0.0 0.3 0.05 0.8 0.3 0.05 0.8 0.5 0.1 0.05
1132 6.191500425338745 0.0 0.0 0.0 0.0 0.0 0.0 0.0 0.0 -0.06346845626831056 0.0 -0.0014024967203525862 0.0 0.0 0.0 0.0 -0.0004542679445673663 -0.00026227172008018695 -5.496642129265132e-05 -3.173487812970262e-05 0.0 0.0 0.0 0.0 9.300000000000011 0.0 0.0 9.300000000000011 0.0 0.0 0.3 0.05 0.8 0.3 0.05 0.8 0.5 0.1 0.05
1133 6.1968066692352295 0.0 0.0 0.0 0.0 0.0 0.0 0.0 0.0 -0.06346845626831056 0.0 -0.0014024967203525862 0.0 0.0 0.0 0.0 -0.0004542679445673663 -0.00026227172008018695 -5.496642129265132e-05 -3.173487812970262e-05 0.0 0.0 0.0 0.0 9.300000000000011 0.0 0.0 9.300000000000011 0.0 0.0 0.3 0.05 0.8 0.3 0.05 0.8 0.5 0.1 0.05
1134 6.202047109603882 0.0 0.0 0.0 0.0 0.0 0.0 0.0 0.0 -0.06346845626831056 0.0 -0.0014024967203525862 0.0 0.0 0.0 0.0 -0.0004542679445673663 -0.00026227172008018695 -5.496642129265132e-05 -3.173487812970262e-05 0.0 0.0 0.0 0.0 9.300000000000011 0.0 0.0 9.300000000000011 0.0 0.0 0.3 0.05 0.8 0.3 0.05 0.8 0.5 0.1 0.05
1135 6.207264423370361 0.0 0.0 0.0 0.0 0.0 0.0 0.0 0.0 -0.06346845626831056 0.0 -0.0014024967203525862 0.0 0.0 0.0 0.0 -0.0004542679445673663 -0.00026227172008018695 -5.496642129265132e-05 -3.173487812970262e-05 0.0 0.0 0.0 0.0 9.300000000000011 0.0 0.0 9.300000000000011 0.0 0.0 0.3 0.05 0.8 0.3 0.05 0.8 0.5 0.1 0.05
1136 6.212517738342285 0.0 0.0 0.0 0.0 0.0 0.0 0.0 0.0 -0.06346845626831056 0.0 -0.0014024967203525862 0.0 0.0 0.0 0.0 -0.0004542679445673663 -0.00026227172008018695 -5.496642129265132e-05 -3.173487812970262e-05 0.0 0.0 0.0 0.0 9.300000000000011 0.0 0.0 9.300000000000011 0.0 0.0 0.3 0.05 0.8 0.3 0.05 0.8 0.5 0.1 0.05
1137 6.217737197875977 0.0 0.0 0.0 0.0 0.0 0.0 0.0 0.0 -0.06346845626831056 0.0 -0.0014024967203525862 0.0 0.0 0.0 0.0 -0.0004542679445673663 -0.00026227172008018695 -5.496642129265132e-05 -3.173487812970262e-05 0.0 0.0 0.0 0.0 9.300000000000011 0.0 0.0 9.300000000000011 0.0 0.0 0.3 0.05 0.8 0.3 0.05 0.8 0.5 0.1 0.05
1138 6.222961902618408 0.0 0.0 0.0 0.0 0.0 0.0 0.0 0.0 -0.06346845626831056 0.0 -0.0014024967203525862 0.0 0.0 0.0 0.0 -0.0004542679445673663 -0.00026227172008018695 -5.496642129265132e-05 -3.173487812970262e-05 0.0 0.0 0.0 0.0 9.300000000000011 0.0 0.0 9.300000000000011 0.0 0.0 0.3 0.05 0.8 0.3 0.05 0.8 0.5 0.1 0.05
1139 6.228208065032959 0.0 0.0 0.0 0.0 0.0 0.0 0.0 0.0 -0.06346845626831056 0.0 -0.0014024967203525862 0.0 0.0 0.0 0.0 -0.0004542679445673663 -0.00026227172008018695 -5.496642129265132e-05 -3.173487812970262e-05 0.0 0.0 0.0 0.0 9.300000000000011 0.0 0.0 9.300000000000011 0.0 0.0 0.3 0.05 0.8 0.3 0.05 0.8 0.5 0.1 0.05
1140 6.233468532562256 0.0 0.0 0.0 0.0 0.0 0.0 0.0 0.0 -0.06346845626831056 0.0 -0.0014024967203525862 0.0 0.0 0.0 0.0 -0.0004542679445673663 -0.00026227172008018695 -5.496642129265132e-05 -3.173487812970262e-05 0.0 0.0 0.0 0.0 9.300000000000011 0.0 0.0 9.300000000000011 0.0 0.0 0.3 0.05 0.8 0.3 0.05 0.8 0.5 0.1 0.05
1141 6.238947868347168 0.0 0.0 0.0 0.0 0.0 0.0 0.0 0.0 -0.06346845626831056 0.0 -0.0014024967203525862 0.0 0.0 0.0 0.0 -0.0004542679445673663 -0.00026227172008018695 -5.496642129265132e-05 -3.173487812970262e-05 0.0 0.0 0.0 0.0 9.300000000000011 0.0 0.0 9.300000000000011 0.0 0.0 0.3 0.05 0.8 0.3 0.05 0.8 0.5 0.1 0.05
1142 6.244300365447998 0.0 0.0 0.0 0.0 0.0 0.0 0.0 0.0 -0.06346845626831056 0.0 -0.0014024967203525862 0.0 0.0 0.0 0.0 -0.0004542679445673663 -0.00026227172008018695 -5.496642129265132e-05 -3.173487812970262e-05 0.0 0.0 0.0 0.0 9.300000000000011 0.0 0.0 9.300000000000011 0.0 0.0 0.3 0.05 0.8 0.3 0.05 0.8 0.5 0.1 0.05
1143 6.249584913253784 0.0 0.0 0.0 0.0 0.0 0.0 0.0 0.0 -0.06346845626831056 0.0 -0.0014024967203525862 0.0 0.0 0.0 0.0 -0.0004542679445673663 -0.00026227172008018695 -5.496642129265132e-05 -3.173487812970262e-05 0.0 0.0 0.0 0.0 9.300000000000011 0.0 0.0 9.300000000000011 0.0 0.0 0.3 0.05 0.8 0.3 0.05 0.8 0.5 0.1 0.05
1144 6.2548668384552 0.0 0.0 0.0 0.0 0.0 0.0 0.0 0.0 -0.06346845626831056 0.0 -0.0014024967203525862 0.0 0.0 0.0 0.0 -0.0004542679445673663 -0.00026227172008018695 -5.496642129265132e-05 -3.173487812970262e-05 0.0 0.0 0.0 0.0 9.300000000000011 0.0 0.0 9.300000000000011 0.0 0.0 0.3 0.05 0.8 0.3 0.05 0.8 0.5 0.1 0.05
1145 6.260289430618286 0.0 0.0 0.0 0.0 0.0 0.0 0.0 0.0 -0.06346845626831056 0.0 -0.0014024967203525862 0.0 0.0 0.0 0.0 -0.0004542679445673663 -0.00026227172008018695 -5.496642129265132e-05 -3.173487812970262e-05 0.0 0.0 0.0 0.0 9.300000000000011 0.0 0.0 9.300000000000011 0.0 0.0 0.3 0.05 0.8 0.3 0.05 0.8 0.5 0.1 0.05
1146 6.265537261962891 0.0 0.0 0.0 0.0 0.0 0.0 0.0 0.0 -0.06346845626831056 0.0 -0.0014024967203525862 0.0 0.0 0.0 0.0 -0.0004542679445673663 -0.00026227172008018695 -5.496642129265132e-05 -3.173487812970262e-05 0.0 0.0 0.0 0.0 9.300000000000011 0.0 0.0 9.300000000000011 0.0 0.0 0.3 0.05 0.8 0.3 0.05 0.8 0.5 0.1 0.05
1147 6.270836114883423 0.0 0.0 0.0 0.0 0.0 0.0 0.0 0.0 -0.06346845626831056 0.0 -0.0014024967203525862 0.0 0.0 0.0 0.0 -0.0004542679445673663 -0.00026227172008018695 -5.496642129265132e-05 -3.173487812970262e-05 0.0 0.0 0.0 0.0 9.300000000000011 0.0 0.0 9.300000000000011 0.0 0.0 0.3 0.05 0.8 0.3 0.05 0.8 0.5 0.1 0.05
1148 6.276079416275024 0.0 0.0 0.0 0.0 0.0 0.0 0.0 0.0 -0.06346845626831056 0.0 -0.0014024967203525862 0.0 0.0 0.0 0.0 -0.0004542679445673663 -0.00026227172008018695 -5.496642129265132e-05 -3.173487812970262e-05 0.0 0.0 0.0 0.0 9.300000000000011 0.0 0.0 9.300000000000011 0.0 0.0 0.3 0.05 0.8 0.3 0.05 0.8 0.5 0.1 0.05
1149 6.28131365776062 0.0 0.0 0.0 0.0 0.0 0.0 0.0 0.0 -0.06346845626831056 0.0 -0.0014024967203525862 0.0 0.0 0.0 0.0 -0.0004542679445673663 -0.00026227172008018695 -5.496642129265132e-05 -3.173487812970262e-05 0.0 0.0 0.0 0.0 9.300000000000011 0.0 0.0 9.300000000000011 0.0 0.0 0.3 0.05 0.8 0.3 0.05 0.8 0.5 0.1 0.05
1150 6.286567449569702 0.0 0.0 0.0 0.0 0.0 0.0 0.0 0.0 -0.06346845626831056 0.0 -0.0014024967203525862 0.0 0.0 0.0 0.0 -0.0004542679445673663 -0.00026227172008018695 -5.496642129265132e-05 -3.173487812970262e-05 0.0 0.0 0.0 0.0 9.300000000000011 0.0 0.0 9.300000000000011 0.0 0.0 0.3 0.05 0.8 0.3 0.05 0.8 0.5 0.1 0.05
1151 6.292052507400513 0.0 0.0 0.0 0.0 0.0 0.0 0.0 0.0 -0.06346845626831056 0.0 -0.0014024967203525862 0.0 0.0 0.0 0.0 -0.0004542679445673663 -0.00026227172008018695 -5.496642129265132e-05 -3.173487812970262e-05 0.0 0.0 0.0 0.0 9.300000000000011 0.0 0.0 9.300000000000011 0.0 0.0 0.3 0.05 0.8 0.3 0.05 0.8 0.5 0.1 0.05
1152 6.297362804412842 0.0 0.0 0.0 0.0 0.0 0.0 0.0 0.0 -0.06346845626831056 0.0 -0.0014024967203525862 0.0 0.0 0.0 0.0 -0.0004542679445673663 -0.00026227172008018695 -5.496642129265132e-05 -3.173487812970262e-05 0.0 0.0 0.0 0.0 9.300000000000011 0.0 0.0 9.300000000000011 0.0 0.0 0.3 0.05 0.8 0.3 0.05 0.8 0.5 0.1 0.05
1153 6.302723407745361 0.0 0.0 0.0 0.0 0.0 0.0 0.0 0.0 -0.06346845626831056 0.0 -0.0014024967203525862 0.0 0.0 0.0 0.0 -0.0004542679445673663 -0.00026227172008018695 -5.496642129265132e-05 -3.173487812970262e-05 0.0 0.0 0.0 0.0 9.300000000000011 0.0 0.0 9.300000000000011 0.0 0.0 0.3 0.05 0.8 0.3 0.05 0.8 0.5 0.1 0.05
1154 6.308046102523804 0.0 0.0 0.0 0.0 0.0 0.0 0.0 0.0 -0.06346845626831056 0.0 -0.0014024967203525862 0.0 0.0 0.0 0.0 -0.0004542679445673663 -0.00026227172008018695 -5.496642129265132e-05 -3.173487812970262e-05 0.0 0.0 0.0 0.0 9.300000000000011 0.0 0.0 9.300000000000011 0.0 0.0 0.3 0.05 0.8 0.3 0.05 0.8 0.5 0.1 0.05
1155 6.313360691070557 0.0 0.0 0.0 0.0 0.0 0.0 0.0 0.0 -0.06346845626831056 0.0 -0.0014024967203525862 0.0 0.0 0.0 0.0 -0.0004542679445673663 -0.00026227172008018695 -5.496642129265132e-05 -3.173487812970262e-05 0.0 0.0 0.0 0.0 9.300000000000011 0.0 0.0 9.300000000000011 0.0 0.0 0.3 0.05 0.8 0.3 0.05 0.8 0.5 0.1 0.05
1156 6.318756103515625 0.0 0.0 0.0 0.0 0.0 0.0 0.0 0.0 -0.06346845626831056 0.0 -0.0014024967203525862 0.0 0.0 0.0 0.0 -0.0004542679445673663 -0.00026227172008018695 -5.496642129265132e-05 -3.173487812970262e-05 0.0 0.0 0.0 0.0 9.300000000000011 0.0 0.0 9.300000000000011 0.0 0.0 0.3 0.05 0.8 0.3 0.05 0.8 0.5 0.1 0.05
1157 6.32407021522522 0.0 0.0 0.0 0.0 0.0 0.0 0.0 0.0 -0.06346845626831056 0.0 -0.0014024967203525862 0.0 0.0 0.0 0.0 -0.0004542679445673663 -0.00026227172008018695 -5.496642129265132e-05 -3.173487812970262e-05 0.0 0.0 0.0 0.0 9.300000000000011 0.0 0.0 9.300000000000011 0.0 0.0 0.3 0.05 0.8 0.3 0.05 0.8 0.5 0.1 0.05
1158 6.329411745071411 0.0 0.0 0.0 0.0 0.0 0.0 0.0 0.0 -0.06346845626831056 0.0 -0.0014024967203525862 0.0 0.0 0.0 0.0 -0.0004542679445673663 -0.00026227172008018695 -5.496642129265132e-05 -3.173487812970262e-05 0.0 0.0 0.0 0.0 9.300000000000011 0.0 0.0 9.300000000000011 0.0 0.0 0.3 0.05 0.8 0.3 0.05 0.8 0.5 0.1 0.05
1159 6.334697246551514 0.0 0.0 0.0 0.0 0.0 0.0 0.0 0.0 -0.06346845626831056 0.0 -0.0014024967203525862 0.0 0.0 0.0 0.0 -0.0004542679445673663 -0.00026227172008018695 -5.496642129265132e-05 -3.173487812970262e-05 0.0 0.0 0.0 0.0 9.300000000000011 0.0 0.0 9.300000000000011 0.0 0.0 0.3 0.05 0.8 0.3 0.05 0.8 0.5 0.1 0.05
1160 6.3400115966796875 0.0 0.0 0.0 0.0 0.0 0.0 0.0 0.0 -0.06346845626831056 0.0 -0.0014024967203525862 0.0 0.0 0.0 0.0 -0.0004542679445673663 -0.00026227172008018695 -5.496642129265132e-05 -3.173487812970262e-05 0.0 0.0 0.0 0.0 9.300000000000011 0.0 0.0 9.300000000000011 0.0 0.0 0.3 0.05 0.8 0.3 0.05 0.8 0.5 0.1 0.05
1161 6.345376491546631 0.0 0.0 0.0 0.0 0.0 0.0 0.0 0.0 -0.06346845626831056 0.0 -0.0014024967203525862 0.0 0.0 0.0 0.0 -0.0004542679445673663 -0.00026227172008018695 -5.496642129265132e-05 -3.173487812970262e-05 0.0 0.0 0.0 0.0 9.300000000000011 0.0 0.0 9.300000000000011 0.0 0.0 0.3 0.05 0.8 0.3 0.05 0.8 0.5 0.1 0.05
1162 6.350704669952393 0.0 0.0 0.0 0.0 0.0 0.0 0.0 0.0 -0.06346845626831056 0.0 -0.0014024967203525862 0.0 0.0 0.0 0.0 -0.0004542679445673663 -0.00026227172008018695 -5.496642129265132e-05 -3.173487812970262e-05 0.0 0.0 0.0 0.0 9.300000000000011 0.0 0.0 9.300000000000011 0.0 0.0 0.3 0.05 0.8 0.3 0.05 0.8 0.5 0.1 0.05
1163 6.3560075759887695 0.0 0.0 0.0 0.0 0.0 0.0 0.0 0.0 -0.06346845626831056 0.0 -0.0014024967203525862 0.0 0.0 0.0 0.0 -0.0004542679445673663 -0.00026227172008018695 -5.496642129265132e-05 -3.173487812970262e-05 0.0 0.0 0.0 0.0 9.300000000000011 0.0 0.0 9.300000000000011 0.0 0.0 0.3 0.05 0.8 0.3 0.05 0.8 0.5 0.1 0.05
1164 6.36122989654541 0.0 0.0 0.0 0.0 0.0 0.0 0.0 0.0 -0.06346845626831056 0.0 -0.0014024967203525862 0.0 0.0 0.0 0.0 -0.0004542679445673663 -0.00026227172008018695 -5.496642129265132e-05 -3.173487812970262e-05 0.0 0.0 0.0 0.0 9.300000000000011 0.0 0.0 9.300000000000011 0.0 0.0 0.3 0.05 0.8 0.3 0.05 0.8 0.5 0.1 0.05
1165 6.366478443145752 0.0 0.0 0.0 0.0 0.0 0.0 0.0 0.0 -0.06346845626831056 0.0 -0.0014024967203525862 0.0 0.0 0.0 0.0 -0.0004542679445673663 -0.00026227172008018695 -5.496642129265132e-05 -3.173487812970262e-05 0.0 0.0 0.0 0.0 9.300000000000011 0.0 0.0 9.300000000000011 0.0 0.0 0.3 0.05 0.8 0.3 0.05 0.8 0.5 0.1 0.05
1166 6.371718406677246 0.0 0.0 0.0 0.0 0.0 0.0 0.0 0.0 -0.06346845626831056 0.0 -0.0014024967203525862 0.0 0.0 0.0 0.0 -0.0004542679445673663 -0.00026227172008018695 -5.496642129265132e-05 -3.173487812970262e-05 0.0 0.0 0.0 0.0 9.300000000000011 0.0 0.0 9.300000000000011 0.0 0.0 0.3 0.05 0.8 0.3 0.05 0.8 0.5 0.1 0.05
1167 6.377037763595581 0.0 0.0 0.0 0.0 0.0 0.0 0.0 0.0 -0.06346845626831056 0.0 -0.0014024967203525862 0.0 0.0 0.0 0.0 -0.0004542679445673663 -0.00026227172008018695 -5.496642129265132e-05 -3.173487812970262e-05 0.0 0.0 0.0 0.0 9.300000000000011 0.0 0.0 9.300000000000011 0.0 0.0 0.3 0.05 0.8 0.3 0.05 0.8 0.5 0.1 0.05
1168 6.382322072982788 0.0 0.0 0.0 0.0 0.0 0.0 0.0 0.0 -0.06346845626831056 0.0 -0.0014024967203525862 0.0 0.0 0.0 0.0 -0.0004542679445673663 -0.00026227172008018695 -5.496642129265132e-05 -3.173487812970262e-05 0.0 0.0 0.0 0.0 9.300000000000011 0.0 0.0 9.300000000000011 0.0 0.0 0.3 0.05 0.8 0.3 0.05 0.8 0.5 0.1 0.05
1169 6.387698650360107 0.0 0.0 0.0 0.0 0.0 0.0 0.0 0.0 -0.06346845626831056 0.0 -0.0014024967203525862 0.0 0.0 0.0 0.0 -0.0004542679445673663 -0.00026227172008018695 -5.496642129265132e-05 -3.173487812970262e-05 0.0 0.0 0.0 0.0 9.300000000000011 0.0 0.0 9.300000000000011 0.0 0.0 0.3 0.05 0.8 0.3 0.05 0.8 0.5 0.1 0.05
1170 6.393078804016113 0.0 0.0 0.0 0.0 0.0 0.0 0.0 0.0 -0.06346845626831056 0.0 -0.0014024967203525862 0.0 0.0 0.0 0.0 -0.0004542679445673663 -0.00026227172008018695 -5.496642129265132e-05 -3.173487812970262e-05 0.0 0.0 0.0 0.0 9.300000000000011 0.0 0.0 9.300000000000011 0.0 0.0 0.3 0.05 0.8 0.3 0.05 0.8 0.5 0.1 0.05
1171 6.39850926399231 0.0 0.0 0.0 0.0 0.0 0.0 0.0 0.0 -0.06346845626831056 0.0 -0.0014024967203525862 0.0 0.0 0.0 0.0 -0.0004542679445673663 -0.00026227172008018695 -5.496642129265132e-05 -3.173487812970262e-05 0.0 0.0 0.0 0.0 9.300000000000011 0.0 0.0 9.300000000000011 0.0 0.0 0.3 0.05 0.8 0.3 0.05 0.8 0.5 0.1 0.05
1172 6.403829336166382 0.0 0.0 0.0 0.0 0.0 0.0 0.0 0.0 -0.06346845626831056 0.0 -0.0014024967203525862 0.0 0.0 0.0 0.0 -0.0004542679445673663 -0.00026227172008018695 -5.496642129265132e-05 -3.173487812970262e-05 0.0 0.0 0.0 0.0 9.300000000000011 0.0 0.0 9.300000000000011 0.0 0.0 0.3 0.05 0.8 0.3 0.05 0.8 0.5 0.1 0.05
1173 6.409170627593994 0.0 0.0 0.0 0.0 0.0 0.0 0.0 0.0 -0.06346845626831056 0.0 -0.0014024967203525862 0.0 0.0 0.0 0.0 -0.0004542679445673663 -0.00026227172008018695 -5.496642129265132e-05 -3.173487812970262e-05 0.0 0.0 0.0 0.0 9.300000000000011 0.0 0.0 9.300000000000011 0.0 0.0 0.3 0.05 0.8 0.3 0.05 0.8 0.5 0.1 0.05
1174 6.414433479309082 0.0 0.0 0.0 0.0 0.0 0.0 0.0 0.0 -0.06346845626831056 0.0 -0.0014024967203525862 0.0 0.0 0.0 0.0 -0.0004542679445673663 -0.00026227172008018695 -5.496642129265132e-05 -3.173487812970262e-05 0.0 0.0 0.0 0.0 9.300000000000011 0.0 0.0 9.300000000000011 0.0 0.0 0.3 0.05 0.8 0.3 0.05 0.8 0.5 0.1 0.05
1175 6.419665813446045 0.0 0.0 0.0 0.0 0.0 0.0 0.0 0.0 -0.06346845626831056 0.0 -0.0014024967203525862 0.0 0.0 0.0 0.0 -0.0004542679445673663 -0.00026227172008018695 -5.496642129265132e-05 -3.173487812970262e-05 0.0 0.0 0.0 0.0 9.300000000000011 0.0 0.0 9.300000000000011 0.0 0.0 0.3 0.05 0.8 0.3 0.05 0.8 0.5 0.1 0.05
1176 6.424947023391724 0.0 0.0 0.0 0.0 0.0 0.0 0.0 0.0 -0.06346845626831056 0.0 -0.0014024967203525862 0.0 0.0 0.0 0.0 -0.0004542679445673663 -0.00026227172008018695 -5.496642129265132e-05 -3.173487812970262e-05 0.0 0.0 0.0 0.0 9.300000000000011 0.0 0.0 9.300000000000011 0.0 0.0 0.3 0.05 0.8 0.3 0.05 0.8 0.5 0.1 0.05
1177 6.430336236953735 0.0 0.0 0.0 0.0 0.0 0.0 0.0 0.0 -0.06346845626831056 0.0 -0.0014024967203525862 0.0 0.0 0.0 0.0 -0.0004542679445673663 -0.00026227172008018695 -5.496642129265132e-05 -3.173487812970262e-05 0.0 0.0 0.0 0.0 9.300000000000011 0.0 0.0 9.300000000000011 0.0 0.0 0.3 0.05 0.8 0.3 0.05 0.8 0.5 0.1 0.05
1178 6.435667276382446 0.0 0.0 0.0 0.0 0.0 0.0 0.0 0.0 -0.06346845626831056 0.0 -0.0014024967203525862 0.0 0.0 0.0 0.0 -0.0004542679445673663 -0.00026227172008018695 -5.496642129265132e-05 -3.173487812970262e-05 0.0 0.0 0.0 0.0 9.300000000000011 0.0 0.0 9.300000000000011 0.0 0.0 0.3 0.05 0.8 0.3 0.05 0.8 0.5 0.1 0.05
1179 6.440960168838501 0.0 0.0 0.0 0.0 0.0 0.0 0.0 0.0 -0.06346845626831056 0.0 -0.0014024967203525862 0.0 0.0 0.0 0.0 -0.0004542679445673663 -0.00026227172008018695 -5.496642129265132e-05 -3.173487812970262e-05 0.0 0.0 0.0 0.0 9.300000000000011 0.0 0.0 9.300000000000011 0.0 0.0 0.3 0.05 0.8 0.3 0.05 0.8 0.5 0.1 0.05
1180 6.446355581283569 0.0 0.0 0.0 0.0 0.0 0.0 0.0 0.0 -0.06346845626831056 0.0 -0.0014024967203525862 0.0 0.0 0.0 0.0 -0.0004542679445673663 -0.00026227172008018695 -5.496642129265132e-05 -3.173487812970262e-05 0.0 0.0 0.0 0.0 9.300000000000011 0.0 0.0 9.300000000000011 0.0 0.0 0.3 0.05 0.8 0.3 0.05 0.8 0.5 0.1 0.05
1181 6.451757192611694 0.0 0.0 0.0 0.0 0.0 0.0 0.0 0.0 -0.06346845626831056 0.0 -0.0014024967203525862 0.0 0.0 0.0 0.0 -0.0004542679445673663 -0.00026227172008018695 -5.496642129265132e-05 -3.173487812970262e-05 0.0 0.0 0.0 0.0 9.300000000000011 0.0 0.0 9.300000000000011 0.0 0.0 0.3 0.05 0.8 0.3 0.05 0.8 0.5 0.1 0.05
1182 6.457014083862305 0.0 0.0 0.0 0.0 0.0 0.0 0.0 0.0 -0.06346845626831056 0.0 -0.0014024967203525862 0.0 0.0 0.0 0.0 -0.0004542679445673663 -0.00026227172008018695 -5.496642129265132e-05 -3.173487812970262e-05 0.0 0.0 0.0 0.0 9.300000000000011 0.0 0.0 9.300000000000011 0.0 0.0 0.3 0.05 0.8 0.3 0.05 0.8 0.5 0.1 0.05
1183 6.462339878082275 0.0 0.0 0.0 0.0 0.0 0.0 0.0 0.0 -0.06346845626831056 0.0 -0.0014024967203525862 0.0 0.0 0.0 0.0 -0.0004542679445673663 -0.00026227172008018695 -5.496642129265132e-05 -3.173487812970262e-05 0.0 0.0 0.0 0.0 9.300000000000011 0.0 0.0 9.300000000000011 0.0 0.0 0.3 0.05 0.8 0.3 0.05 0.8 0.5 0.1 0.05
1184 6.4675891399383545 0.0 0.0 0.0 0.0 0.0 0.0 0.0 0.0 -0.06346845626831056 0.0 -0.0014024967203525862 0.0 0.0 0.0 0.0 -0.0004542679445673663 -0.00026227172008018695 -5.496642129265132e-05 -3.173487812970262e-05 0.0 0.0 0.0 0.0 9.300000000000011 0.0 0.0 9.300000000000011 0.0 0.0 0.3 0.05 0.8 0.3 0.05 0.8 0.5 0.1 0.05
1185 6.472824335098267 0.0 0.0 0.0 0.0 0.0 0.0 0.0 0.0 -0.06346845626831056 0.0 -0.0014024967203525862 0.0 0.0 0.0 0.0 -0.0004542679445673663 -0.00026227172008018695 -5.496642129265132e-05 -3.173487812970262e-05 0.0 0.0 0.0 0.0 9.300000000000011 0.0 0.0 9.300000000000011 0.0 0.0 0.3 0.05 0.8 0.3 0.05 0.8 0.5 0.1 0.05
1186 6.478031873703003 0.0 0.0 0.0 0.0 0.0 0.0 0.0 0.0 -0.06346845626831056 0.0 -0.0014024967203525862 0.0 0.0 0.0 0.0 -0.0004542679445673663 -0.00026227172008018695 -5.496642129265132e-05 -3.173487812970262e-05 0.0 0.0 0.0 0.0 9.300000000000011 0.0 0.0 9.300000000000011 0.0 0.0 0.3 0.05 0.8 0.3 0.05 0.8 0.5 0.1 0.05
1187 6.483286142349243 0.0 0.0 0.0 0.0 0.0 0.0 0.0 0.0 -0.06346845626831056 0.0 -0.0014024967203525862 0.0 0.0 0.0 0.0 -0.0004542679445673663 -0.00026227172008018695 -5.496642129265132e-05 -3.173487812970262e-05 0.0 0.0 0.0 0.0 9.300000000000011 0.0 0.0 9.300000000000011 0.0 0.0 0.3 0.05 0.8 0.3 0.05 0.8 0.5 0.1 0.05
1188 6.488523006439209 0.0 0.0 0.0 0.0 0.0 0.0 0.0 0.0 -0.06346845626831056 0.0 -0.0014024967203525862 0.0 0.0 0.0 0.0 -0.0004542679445673663 -0.00026227172008018695 -5.496642129265132e-05 -3.173487812970262e-05 0.0 0.0 0.0 0.0 9.300000000000011 0.0 0.0 9.300000000000011 0.0 0.0 0.3 0.05 0.8 0.3 0.05 0.8 0.5 0.1 0.05
1189 6.493928670883179 0.0 0.0 0.0 0.0 0.0 0.0 0.0 0.0 -0.06346845626831056 0.0 -0.0014024967203525862 0.0 0.0 0.0 0.0 -0.0004542679445673663 -0.00026227172008018695 -5.496642129265132e-05 -3.173487812970262e-05 0.0 0.0 0.0 0.0 9.300000000000011 0.0 0.0 9.300000000000011 0.0 0.0 0.3 0.05 0.8 0.3 0.05 0.8 0.5 0.1 0.05
1190 6.499280691146851 0.0 0.0 0.0 0.0 0.0 0.0 0.0 0.0 -0.06346845626831056 0.0 -0.0014024967203525862 0.0 0.0 0.0 0.0 -0.0004542679445673663 -0.00026227172008018695 -5.496642129265132e-05 -3.173487812970262e-05 0.0 0.0 0.0 0.0 9.300000000000011 0.0 0.0 9.300000000000011 0.0 0.0 0.3 0.05 0.8 0.3 0.05 0.8 0.5 0.1 0.05
1191 6.504740953445435 0.0 0.0 0.0 0.0 0.0 0.0 0.0 0.0 -0.06346845626831056 0.0 -0.0014024967203525862 0.0 0.0 0.0 0.0 -0.0004542679445673663 -0.00026227172008018695 -5.496642129265132e-05 -3.173487812970262e-05 0.0 0.0 0.0 0.0 9.300000000000011 0.0 0.0 9.300000000000011 0.0 0.0 0.3 0.05 0.8 0.3 0.05 0.8 0.5 0.1 0.05
1192 6.510146141052246 0.0 0.0 0.0 0.0 0.0 0.0 0.0 0.0 -0.06346845626831056 0.0 -0.0014024967203525862 0.0 0.0 0.0 0.0 -0.0004542679445673663 -0.00026227172008018695 -5.496642129265132e-05 -3.173487812970262e-05 0.0 0.0 0.0 0.0 9.300000000000011 0.0 0.0 9.300000000000011 0.0 0.0 0.3 0.05 0.8 0.3 0.05 0.8 0.5 0.1 0.05
1193 6.515500783920288 0.0 0.0 0.0 0.0 0.0 0.0 0.0 0.0 -0.06346845626831056 0.0 -0.0014024967203525862 0.0 0.0 0.0 0.0 -0.0004542679445673663 -0.00026227172008018695 -5.496642129265132e-05 -3.173487812970262e-05 0.0 0.0 0.0 0.0 9.300000000000011 0.0 0.0 9.300000000000011 0.0 0.0 0.3 0.05 0.8 0.3 0.05 0.8 0.5 0.1 0.05
1194 6.52074122428894 0.0 0.0 0.0 0.0 0.0 0.0 0.0 0.0 -0.06346845626831056 0.0 -0.0014024967203525862 0.0 0.0 0.0 0.0 -0.0004542679445673663 -0.00026227172008018695 -5.496642129265132e-05 -3.173487812970262e-05 0.0 0.0 0.0 0.0 9.300000000000011 0.0 0.0 9.300000000000011 0.0 0.0 0.3 0.05 0.8 0.3 0.05 0.8 0.5 0.1 0.05
1195 6.525958299636841 0.0 0.0 0.0 0.0 0.0 0.0 0.0 0.0 -0.06346845626831056 0.0 -0.0014024967203525862 0.0 0.0 0.0 0.0 -0.0004542679445673663 -0.00026227172008018695 -5.496642129265132e-05 -3.173487812970262e-05 0.0 0.0 0.0 0.0 9.300000000000011 0.0 0.0 9.300000000000011 0.0 0.0 0.3 0.05 0.8 0.3 0.05 0.8 0.5 0.1 0.05
1196 6.531181812286377 0.0 0.0 0.0 0.0 0.0 0.0 0.0 0.0 -0.06346845626831056 0.0 -0.0014024967203525862 0.0 0.0 0.0 0.0 -0.0004542679445673663 -0.00026227172008018695 -5.496642129265132e-05 -3.173487812970262e-05 0.0 0.0 0.0 0.0 9.300000000000011 0.0 0.0 9.300000000000011 0.0 0.0 0.3 0.05 0.8 0.3 0.05 0.8 0.5 0.1 0.05
1197 6.536391019821167 0.0 0.0 0.0 0.0 0.0 0.0 0.0 0.0 -0.06346845626831056 0.0 -0.0014024967203525862 0.0 0.0 0.0 0.0 -0.0004542679445673663 -0.00026227172008018695 -5.496642129265132e-05 -3.173487812970262e-05 0.0 0.0 0.0 0.0 9.300000000000011 0.0 0.0 9.300000000000011 0.0 0.0 0.3 0.05 0.8 0.3 0.05 0.8 0.5 0.1 0.05
1198 6.54162073135376 0.0 0.0 0.0 0.0 0.0 0.0 0.0 0.0 -0.06346845626831056 0.0 -0.0014024967203525862 0.0 0.0 0.0 0.0 -0.0004542679445673663 -0.00026227172008018695 -5.496642129265132e-05 -3.173487812970262e-05 0.0 0.0 0.0 0.0 9.300000000000011 0.0 0.0 9.300000000000011 0.0 0.0 0.3 0.05 0.8 0.3 0.05 0.8 0.5 0.1 0.05
1199 6.54686713218689 0.0 0.0 0.0 0.0 0.0 0.0 0.0 0.0 -0.06346845626831056 0.0 -0.0014024967203525862 0.0 0.0 0.0 0.0 -0.0004542679445673663 -0.00026227172008018695 -5.496642129265132e-05 -3.173487812970262e-05 0.0 0.0 0.0 0.0 9.300000000000011 0.0 0.0 9.300000000000011 0.0 0.0 0.3 0.05 0.8 0.3 0.05 0.8 0.5 0.1 0.05
1200 6.55217432975769 0.0 0.0 0.0 0.0 0.0 0.0 0.0 0.0 -0.06346845626831056 0.0 -0.0014024967203525862 0.0 0.0 0.0 0.0 -0.0004542679445673663 -0.00026227172008018695 -5.496642129265132e-05 -3.173487812970262e-05 0.0 0.0 0.0 0.0 9.300000000000011 0.0 0.0 9.300000000000011 0.0 0.0 0.3 0.05 0.8 0.3 0.05 0.8 0.5 0.1 0.05
1201 6.557594537734985 0.0 0.0 0.0 0.0 0.0 0.0 0.0 0.0 -0.06346845626831056 0.0 -0.0014024967203525862 0.0 0.0 0.0 0.0 -0.0004542679445673663 -0.00026227172008018695 -5.496642129265132e-05 -3.173487812970262e-05 0.0 0.0 0.0 0.0 9.300000000000011 0.0 0.0 9.300000000000011 0.0 0.0 0.3 0.05 0.8 0.3 0.05 0.8 0.5 0.1 0.05
1202 6.562884330749512 0.0 0.0 0.0 0.0 0.0 0.0 0.0 0.0 -0.06346845626831056 0.0 -0.0014024967203525862 0.0 0.0 0.0 0.0 -0.0004542679445673663 -0.00026227172008018695 -5.496642129265132e-05 -3.173487812970262e-05 0.0 0.0 0.0 0.0 9.300000000000011 0.0 0.0 9.300000000000011 0.0 0.0 0.3 0.05 0.8 0.3 0.05 0.8 0.5 0.1 0.05
1203 6.568250417709351 0.0 0.0 0.0 0.0 0.0 0.0 0.0 0.0 -0.06346845626831056 0.0 -0.0014024967203525862 0.0 0.0 0.0 0.0 -0.0004542679445673663 -0.00026227172008018695 -5.496642129265132e-05 -3.173487812970262e-05 0.0 0.0 0.0 0.0 9.300000000000011 0.0 0.0 9.300000000000011 0.0 0.0 0.3 0.05 0.8 0.3 0.05 0.8 0.5 0.1 0.05
1204 6.5734968185424805 0.0 0.0 0.0 0.0 0.0 0.0 0.0 0.0 -0.06346845626831056 0.0 -0.0014024967203525862 0.0 0.0 0.0 0.0 -0.0004542679445673663 -0.00026227172008018695 -5.496642129265132e-05 -3.173487812970262e-05 0.0 0.0 0.0 0.0 9.300000000000011 0.0 0.0 9.300000000000011 0.0 0.0 0.3 0.05 0.8 0.3 0.05 0.8 0.5 0.1 0.05
1205 6.578827142715454 0.0 0.0 0.0 0.0 0.0 0.0 0.0 0.0 -0.06346845626831056 0.0 -0.0014024967203525862 0.0 0.0 0.0 0.0 -0.0004542679445673663 -0.00026227172008018695 -5.496642129265132e-05 -3.173487812970262e-05 0.0 0.0 0.0 0.0 9.300000000000011 0.0 0.0 9.300000000000011 0.0 0.0 0.3 0.05 0.8 0.3 0.05 0.8 0.5 0.1 0.05
1206 6.584104299545288 0.0 0.0 0.0 0.0 0.0 0.0 0.0 0.0 -0.06346845626831056 0.0 -0.0014024967203525862 0.0 0.0 0.0 0.0 -0.0004542679445673663 -0.00026227172008018695 -5.496642129265132e-05 -3.173487812970262e-05 0.0 0.0 0.0 0.0 9.300000000000011 0.0 0.0 9.300000000000011 0.0 0.0 0.3 0.05 0.8 0.3 0.05 0.8 0.5 0.1 0.05
1207 6.58932638168335 0.0 0.0 0.0 0.0 0.0 0.0 0.0 0.0 -0.06346845626831056 0.0 -0.0014024967203525862 0.0 0.0 0.0 0.0 -0.0004542679445673663 -0.00026227172008018695 -5.496642129265132e-05 -3.173487812970262e-05 0.0 0.0 0.0 0.0 9.300000000000011 0.0 0.0 9.300000000000011 0.0 0.0 0.3 0.05 0.8 0.3 0.05 0.8 0.5 0.1 0.05
1208 6.594568729400635 0.0 0.0 0.0 0.0 0.0 0.0 0.0 0.0 -0.06346845626831056 0.0 -0.0014024967203525862 0.0 0.0 0.0 0.0 -0.0004542679445673663 -0.00026227172008018695 -5.496642129265132e-05 -3.173487812970262e-05 0.0 0.0 0.0 0.0 9.300000000000011 0.0 0.0 9.300000000000011 0.0 0.0 0.3 0.05 0.8 0.3 0.05 0.8 0.5 0.1 0.05
1209 6.59993314743042 0.0 0.0 0.0 0.0 0.0 0.0 0.0 0.0 -0.06346845626831056 0.0 -0.0014024967203525862 0.0 0.0 0.0 0.0 -0.0004542679445673663 -0.00026227172008018695 -5.496642129265132e-05 -3.173487812970262e-05 0.0 0.0 0.0 0.0 9.300000000000011 0.0 0.0 9.300000000000011 0.0 0.0 0.3 0.05 0.8 0.3 0.05 0.8 0.5 0.1 0.05
