i t_now Tx Ty Tz theta_x_filt theta_y_filt 
1 0.005202770233154297 0.0 0.0 0.0 0.0 0.0 
2 0.010548830032348633 0.0 0.0 0.0 0.0 0.0 
3 0.015877962112426758 0.0 0.0 0.0 0.0 0.0 
4 0.0211489200592041 0.0 0.0 0.0 0.0 0.0 
5 0.026476144790649414 0.0 0.0 0.0 0.0 0.0 
6 0.0317227840423584 0.0 0.0 0.0 0.0 0.0 
7 0.036966562271118164 0.0 0.0 0.0 0.0 0.0 
8 0.04221701622009277 0.0 0.0 0.0 0.0 0.0 
9 0.04745674133300781 0.0 0.0 0.0 0.0 0.0 
10 0.0526885986328125 0.0 0.0 0.0 0.0 0.0 
11 0.05807089805603027 0.0 0.0 0.0 0.0 0.0 
12 0.06347441673278809 0.0 0.0 0.0 0.0 0.0 
13 0.06890988349914551 0.0 0.0 0.0 0.0 0.0 
14 0.07419610023498535 0.0 0.0 0.0 0.0 0.0 
15 0.07940793037414551 0.0 0.0 0.0 0.0 0.0 
16 0.08462142944335938 0.0 0.0 0.0 0.0 0.0 
17 0.0898277759552002 0.0 0.0 0.0 0.0 0.0 
18 0.09502720832824707 0.0 0.0 0.0 0.0 0.0 
19 0.10024452209472656 0.0 0.0 0.0 0.0 0.0 
20 0.10550189018249512 0.0 0.0 0.0 0.0 0.0 
21 0.11087226867675781 0.0 0.0 0.0 0.0 0.0 
22 0.11613106727600098 0.0 0.0 0.0 0.0 0.0 
23 0.12142539024353027 0.0 0.0 0.0 0.0 0.0 
24 0.12663936614990234 0.0 0.0 0.0 0.0 0.0 
25 0.13196229934692383 0.0 0.0 0.0 0.0 0.0 
26 0.13718104362487793 0.0 0.0 0.0 0.0 0.0 
27 0.14240503311157227 0.0 0.0 0.0 0.0 0.0 
28 0.14764404296875 0.0 0.0 0.0 0.0 0.0 
29 0.1528615951538086 0.0 0.0 0.0 0.0 0.0 
30 0.15805983543395996 0.0 0.0 0.0 0.0 0.0 
31 0.1634962558746338 0.0 0.0 0.0 0.0 0.0 
32 0.16879868507385254 0.0 0.0 0.0 0.0 0.0 
33 0.17409276962280273 0.0 0.0 0.0 0.0 0.0 
34 0.17932605743408203 0.0 0.0 0.0 0.0 0.0 
35 0.18456292152404785 0.0 0.0 0.0 0.0 0.0 
36 0.18985533714294434 0.0 0.0 0.0 0.0 0.0 
37 0.1950817108154297 0.0 0.0 0.0 0.0 0.0 
38 0.20027875900268555 0.0 0.0 0.0 0.0 0.0 
39 0.20547223091125488 0.0 0.0 0.0 0.0 0.0 
40 0.21068477630615234 0.0 0.0 0.0 0.0 0.0 
41 0.21600842475891113 0.0 0.0 0.0 0.0 0.0 
42 0.22125673294067383 0.0 0.0 0.0 0.0 0.0 
43 0.22659754753112793 0.0 0.0 0.0 0.0 0.0 
44 0.23187708854675293 0.0 0.0 0.0 0.0 0.0 
45 0.23720097541809082 0.0 0.0 0.0 0.0 0.0 
46 0.2424790859222412 0.0 0.0 0.0 0.0 0.0 
47 0.2476520538330078 0.0 0.0 0.0 0.0 0.0 
48 0.2528843879699707 0.0 0.0 0.0 0.0 0.0 
49 0.25812411308288574 0.0 0.0 0.0 0.0 0.0 
50 0.2633402347564697 0.0 0.0 0.0 0.0 0.0 
51 0.2687370777130127 0.0 0.0 0.0 0.0 0.0 
52 0.2741873264312744 0.0 0.0 0.0 0.0 0.0 
53 0.27947998046875 0.0 0.0 0.0 0.0 0.0 
54 0.2847435474395752 0.0 0.0 0.0 0.0 0.0 
55 0.29003024101257324 0.0 0.0 0.0 0.0 0.0 
56 0.29535961151123047 0.0 0.0 0.0 0.0 0.0 
57 0.3005809783935547 0.0 0.0 0.0 0.0 0.0 
58 0.30583906173706055 0.0 0.0 0.0 0.0 0.0 
59 0.31105661392211914 0.0 0.0 0.0 0.0 0.0 
60 0.3162705898284912 0.0 0.0 0.0 0.0 0.0 
61 0.32161855697631836 0.0 0.0 0.0 0.0 0.0 
62 0.3268718719482422 0.0 0.0 0.0 0.0 0.0 
63 0.33220672607421875 0.0 0.0 0.0 0.0 0.0 
64 0.3374812602996826 0.0 0.0 0.0 0.0 0.0 
65 0.3427395820617676 0.0 0.0 0.0 0.0 0.0 
66 0.3481454849243164 0.0 0.0 0.0 0.0 0.0 
67 0.3534834384918213 0.0 0.0 0.0 0.0 0.0 
68 0.35870909690856934 0.0 0.0 0.0 0.0 0.0 
69 0.36394619941711426 0.0 0.0 0.0 0.0 0.0 
70 0.36919546127319336 0.0 0.0 0.0 0.0 0.0 
71 0.3745386600494385 0.0 0.0 0.0 0.0 0.0 
72 0.37990403175354004 0.0 0.0 0.0 0.0 0.0 
73 0.38526153564453125 0.0 0.0 0.0 0.0 0.0 
74 0.3905212879180908 0.0 0.0 0.0 0.0 0.0 
75 0.3958439826965332 0.0 0.0 0.0 0.0 0.0 
76 0.4011552333831787 0.0 0.0 0.0 0.0 0.0 
77 0.4065663814544678 0.0 0.0 0.0 0.0 0.0 
78 0.41188478469848633 0.0 0.0 0.0 0.0 0.0 
79 0.4171736240386963 0.0 0.0 0.0 0.0 0.0 
80 0.4225730895996094 0.0 0.0 0.0 0.0 0.0 
81 0.42801761627197266 0.0 0.0 0.0 0.0 0.0 
82 0.43331217765808105 0.0 0.0 0.0 0.0 0.0 
83 0.43863511085510254 0.0 0.0 0.0 0.0 0.0 
84 0.4438602924346924 0.0 0.0 0.0 0.0 0.0 
85 0.44918012619018555 0.0 0.0 0.0 0.0 0.0 
86 0.4544069766998291 0.0 0.0 0.0 0.0 0.0 
87 0.4596586227416992 0.0 0.0 0.0 0.0 0.0 
88 0.464963436126709 0.0 0.0 0.0 0.0 0.0 
89 0.47021007537841797 0.0 0.0 0.0 0.0 0.0 
90 0.4754338264465332 0.0 0.0 0.0 0.0 0.0 
91 0.4811551570892334 0.0 0.0 0.0 0.0 0.0 
92 0.4864504337310791 0.0 0.0 0.0 0.0 0.0 
93 0.4917476177215576 0.0 0.0 0.0 0.0 0.0 
94 0.4971771240234375 0.0 0.0 0.0 0.0 0.0 
95 0.5027077198028564 0.0 0.0 0.0 0.0 0.0 
96 0.5080881118774414 0.0 0.0 0.0 0.0 0.0 
97 0.5135633945465088 0.0 0.0 0.0 0.0 0.0 
98 0.5190994739532471 0.0 0.0 0.0 0.0 0.0 
99 0.5244772434234619 0.0 0.0 0.0 0.0 0.0 
100 0.5302305221557617 0.0 0.0 0.0 0.0 0.0 
101 0.5363285541534424 0.0 0.0 0.0 0.0 0.0 
102 0.5432906150817871 0.0 0.0 0.0 0.0 0.0 
103 0.5488519668579102 0.0 0.0 0.0 0.0 0.0 
104 0.5546410083770752 0.0 0.0 0.0 0.0 0.0 
105 0.5599427223205566 0.0 0.0 0.0 0.0 0.0 
106 0.565220832824707 0.0 0.0 0.0 0.0 0.0 
107 0.5704758167266846 0.0 0.0 0.0 0.0 0.0 
108 0.575695276260376 0.0 0.0 0.0 0.0 0.0 
109 0.5809550285339355 0.0 0.0 0.0 0.0 0.0 
110 0.5863022804260254 0.0 0.0 0.0 0.0 0.0 
111 0.5917336940765381 0.0 0.0 0.0 0.0 0.0 
112 0.597034215927124 0.0 0.0 0.0 0.0 0.0 
113 0.6023623943328857 0.0 0.0 0.0 0.0 0.0 
114 0.6075804233551025 0.0 0.0 0.0 0.0 0.0 
115 0.6128320693969727 0.0 0.0 0.0 0.0 0.0 
116 0.6180324554443359 0.0 0.0 0.0 0.0 0.0 
117 0.6232240200042725 0.0 0.0 0.0 0.0 0.0 
118 0.628432035446167 0.0 0.0 0.0 0.0 0.0 
119 0.6336500644683838 0.0 0.0 0.0 0.0 0.0 
120 0.638887882232666 0.0 0.0 0.0 0.0 0.0 
121 0.6442809104919434 0.0 0.0 0.0 0.0 0.0 
122 0.6495482921600342 0.0 0.0 0.0 0.0 0.0 
123 0.654834508895874 0.0 0.0 0.0 0.0 0.0 
124 0.6601047515869141 0.0 0.0 0.0 0.0 0.0 
125 0.6653318405151367 0.0 0.0 0.0 0.0 0.0 
126 0.670619010925293 0.0 0.0 0.0 0.0 0.0 
127 0.6758646965026855 0.0 0.0 0.0 0.0 0.0 
128 0.6811017990112305 0.0 0.0 0.0 0.0 0.0 
129 0.6865067481994629 0.0 0.0 0.0 0.0 0.0 
130 0.6918056011199951 0.0 0.0 0.0 0.0 0.0 
131 0.6972260475158691 0.0 0.0 0.0 0.0 0.0 
132 0.7024796009063721 0.0 0.0 0.0 0.0 0.0 
133 0.7077980041503906 0.0 0.0 0.0 0.0 0.0 
134 0.7130706310272217 0.0 0.0 0.0 0.0 0.0 
135 0.7184007167816162 0.0 0.0 0.0 0.0 0.0 
136 0.7236545085906982 0.0 0.0 0.0 0.0 0.0 
137 0.7289035320281982 0.0 0.0 0.0 0.0 0.0 
138 0.7341067790985107 0.0 0.0 0.0 0.0 0.0 
139 0.7393205165863037 0.0 0.0 0.0 0.0 0.0 
140 0.7445251941680908 0.0 0.0 0.0 0.0 0.0 
141 0.749854326248169 0.0 0.0 0.0 0.0 0.0 
142 0.7551069259643555 0.0 0.0 0.0 0.0 0.0 
143 0.7603898048400879 0.0 0.0 0.0 0.0 0.0 
144 0.7656428813934326 0.0 0.0 0.0 0.0 0.0 
145 0.7709121704101562 0.0 0.0 0.0 0.0 0.0 
146 0.7762248516082764 0.0 0.0 0.0 0.0 0.0 
147 0.7814598083496094 0.0 0.0 0.0 0.0 0.0 
148 0.7868087291717529 0.0 0.0 0.0 0.0 0.0 
149 0.7921836376190186 0.0 0.0 0.0 0.0 0.0 
150 0.7974271774291992 0.0 0.0 0.0 0.0 0.0 
151 0.8028149604797363 0.0 0.0 0.0 0.0 0.0 
152 0.8080668449401855 0.0 0.0 0.0 0.0 0.0 
153 0.8133964538574219 0.0 0.0 0.0 0.0 0.0 
154 0.8186442852020264 0.0 0.0 0.0 0.0 0.0 
155 0.823850154876709 0.0 0.0 0.0 0.0 0.0 
156 0.8292114734649658 0.0 0.0 0.0 0.0 0.0 
157 0.8344600200653076 0.0 0.0 0.0 0.0 0.0 
158 0.8396565914154053 0.0 0.0 0.0 0.0 0.0 
159 0.8449451923370361 0.0 0.0 0.0 0.0 0.0 
160 0.850182294845581 0.0 0.0 0.0 0.0 0.0 
161 0.8554935455322266 0.0 0.0 0.0 0.0 0.0 
162 0.8608431816101074 0.0 0.0 0.0 0.0 0.0 
163 0.8661253452301025 0.0 0.0 0.0 0.0 0.0 
164 0.8713610172271729 0.0 0.0 0.0 0.0 0.0 
165 0.8765859603881836 0.0 0.0 0.0 0.0 0.0 
166 0.8818159103393555 0.0 0.0 0.0 0.0 0.0 
167 0.8870816230773926 0.0 0.0 0.0 0.0 0.0 
168 0.892484188079834 0.0 0.0 0.0 0.0 0.0 
169 0.8978261947631836 0.0 0.0 0.0 0.0 0.0 
170 0.9030971527099609 0.0 0.0 0.0 0.0 0.0 
171 0.9084317684173584 0.0 0.0 0.0 0.0 0.0 
172 0.9137187004089355 0.0 0.0 0.0 0.0 0.0 
173 0.919095516204834 0.0 0.0 0.0 0.0 0.0 
174 0.9243342876434326 0.0 0.0 0.0 0.0 0.0 
175 0.9295728206634521 0.0 0.0 0.0 0.0 0.0 
176 0.9347577095031738 0.0 0.0 0.0 0.0 0.0 
177 0.9399421215057373 0.0 0.0 0.0 0.0 0.0 
178 0.9451863765716553 0.0 0.0 0.0 0.0 0.0 
179 0.9504914283752441 0.0 0.0 0.0 0.0 0.0 
180 0.9557092189788818 0.0 0.0 0.0 0.0 0.0 
181 0.961085319519043 0.0 0.0 0.0 0.0 0.0 
182 0.9663312435150146 0.0 0.0 0.0 0.0 0.0 
183 0.9716198444366455 0.0 0.0 0.0 0.0 0.0 
184 0.9768459796905518 0.0 0.0 0.0 0.0 0.0 
185 0.9820692539215088 0.0 0.0 0.0 0.0 0.0 
186 0.987274169921875 0.0 0.0 0.0 0.0 0.0 
187 0.9925310611724854 0.0 0.0 0.0 0.0 0.0 
188 0.9978852272033691 0.0 0.0 0.0 0.0 0.0 
189 1.0031352043151855 0.0 0.0 0.0 0.0 0.0 
190 1.008455514907837 0.0 0.0 0.0 0.0 0.0 
191 1.013819694519043 0.0 0.0 0.0 0.0 0.0 
192 1.019073724746704 0.0 0.0 0.0 0.0 0.0 
193 1.024439811706543 0.0 0.0 0.0 0.0 0.0 
194 1.0296754837036133 0.0 0.0 0.0 0.0 0.0 
195 1.0348916053771973 0.0 0.0 0.0 0.0 0.0 
196 1.0401036739349365 0.0 0.0 0.0 0.0 0.0 
197 1.0453171730041504 0.0 0.0 0.0 0.0 0.0 
198 1.0505545139312744 0.0 0.0 0.0 0.0 0.0 
199 1.0558435916900635 0.0 0.0 0.0 0.0 0.0 
200 1.061244249343872 0.0 0.0 0.0 0.0 0.0 
201 1.066586971282959 0.0 0.0 0.0 0.0 0.0 
202 1.0718700885772705 0.0 0.0 0.0 0.0 0.0 
203 1.0771687030792236 0.0 0.0 0.0 0.0 0.0 
204 1.0823860168457031 0.0 0.0 0.0 0.0 0.0 
205 1.087583065032959 0.0 0.0 0.0 0.0 0.0 
206 1.092832326889038 0.0 0.0 0.0 0.0 0.0 
207 1.098215103149414 0.0 0.0 0.0 0.0 0.0 
208 1.103553056716919 0.0 0.0 0.0 0.0 0.0 
209 1.1089119911193848 0.0 0.0 0.0 0.0 0.0 
210 1.1142473220825195 0.0 0.0 0.0 0.0 0.0 
211 1.1197278499603271 0.0 0.0 0.0 0.0 0.0 
212 1.125004768371582 0.0 0.0 0.0 0.0 0.0 
213 1.130293846130371 0.0 0.0 0.0 0.0 0.0 
214 1.1355009078979492 0.0 0.0 0.0 0.0 0.0 
215 1.140730619430542 0.0 0.0 0.0 0.0 0.0 
216 1.145923137664795 0.0 0.0 0.0 0.0 0.0 
217 1.151116132736206 0.0 0.0 0.0 0.0 0.0 
218 1.1563308238983154 0.0 0.0 0.0 0.0 0.0 
219 1.1615703105926514 0.0 0.0 0.0 0.0 0.0 
220 1.1667766571044922 0.0 0.0 0.0 0.0 0.0 
221 1.1721441745758057 0.0 0.0 0.0 0.0 0.0 
222 1.1773912906646729 0.0 0.0 0.0 0.0 0.0 
223 1.1826648712158203 0.0 0.0 0.0 0.0 0.0 
224 1.1879215240478516 0.0 0.0 0.0 0.0 0.0 
225 1.1931285858154297 0.0 0.0 0.0 0.0 0.0 
226 1.1983389854431152 0.0 0.0 0.0 0.0 0.0 
227 1.2037060260772705 0.0 0.0 0.0 0.0 0.0 
228 1.2089335918426514 0.0 0.0 0.0 0.0 0.0 
229 1.2141480445861816 0.0 0.0 0.0 0.0 0.0 
230 1.2193803787231445 0.0 0.0 0.0 0.0 0.0 
231 1.2247819900512695 0.0 0.0 0.0 0.0 0.0 
232 1.2300317287445068 0.0 0.0 0.0 0.0 0.0 
233 1.235396385192871 0.0 0.0 0.0 0.0 0.0 
234 1.2406201362609863 0.0 0.0 0.0 0.0 0.0 
235 1.245910406112671 0.0 0.0 0.0 0.0 0.0 
236 1.251131534576416 0.0 0.0 0.0 0.0 0.0 
237 1.2563414573669434 0.0 0.0 0.0 0.0 0.0 
238 1.2615468502044678 0.0 0.0 0.0 0.0 0.0 
239 1.2667527198791504 0.0 0.0 0.0 0.0 0.0 
240 1.2719714641571045 0.0 0.0 0.0 0.0 0.0 
241 1.2773032188415527 0.0 0.0 0.0 0.0 0.0 
242 1.282552719116211 0.0 0.0 0.0 0.0 0.0 
243 1.2878468036651611 0.0 0.0 0.0 0.0 0.0 
244 1.2930998802185059 0.0 0.0 0.0 0.0 0.0 
245 1.2984528541564941 0.0 0.0 0.0 0.0 0.0 
246 1.3038403987884521 0.0 0.0 0.0 0.0 0.0 
247 1.3091726303100586 0.0 0.0 0.0 0.0 0.0 
248 1.3144052028656006 0.0 0.0 0.0 0.0 0.0 
249 1.3196015357971191 0.0 0.0 0.0 0.0 0.0 
250 1.3248817920684814 0.0 0.0 0.0 0.0 0.0 
251 1.3302650451660156 0.0 0.0 0.0 0.0 0.0 
252 1.3355159759521484 0.0 0.0 0.0 0.0 0.0 
253 1.341055154800415 0.0 0.0 0.0 0.0 0.0 
254 1.346419334411621 0.0 0.0 0.0 0.0 0.0 
255 1.351747989654541 0.0 0.0 0.0 0.0 0.0 
256 1.3570139408111572 0.0 0.0 0.0 0.0 0.0 
257 1.3622698783874512 0.0 0.0 0.0 0.0 0.0 
258 1.3675057888031006 0.0 0.0 0.0 0.0 0.0 
259 1.3728115558624268 0.0 0.0 0.0 0.0 0.0 
260 1.3780806064605713 0.0 0.0 0.0 0.0 0.0 
261 1.383734941482544 0.0 0.0 0.0 0.0 0.0 
262 1.38908052444458 0.0 0.0 0.0 0.0 0.0 
263 1.3944318294525146 0.0 0.0 0.0 0.0 0.0 
264 1.3996448516845703 0.0 0.0 0.0 0.0 0.0 
265 1.404876708984375 0.0 0.0 0.0 0.0 0.0 
266 1.4102013111114502 0.0 0.0 0.0 0.0 0.0 
267 1.4154202938079834 0.0 0.0 0.0 0.0 0.0 
268 1.4207484722137451 0.0 0.0 0.0 0.0 0.0 
269 1.4260497093200684 0.0 0.0 0.0 0.0 0.0 
270 1.4313890933990479 0.0 0.0 0.0 0.0 0.0 
271 1.4368183612823486 0.0 0.0 0.0 0.0 0.0 
272 1.4421358108520508 0.0 0.0 0.0 0.0 0.0 
273 1.4474689960479736 0.0 0.0 0.0 0.0 0.0 
274 1.4527366161346436 0.0 0.0 0.0 0.0 0.0 
275 1.457972764968872 0.0 0.0 0.0 0.0 0.0 
276 1.4632930755615234 0.0 0.0 0.0 0.0 0.0 
277 1.468520164489746 0.0 0.0 0.0 0.0 0.0 
278 1.473785161972046 0.0 0.0 0.0 0.0 0.0 
279 1.478989601135254 0.0 0.0 0.0 0.0 0.0 
280 1.4841845035552979 0.0 0.0 0.0 0.0 0.0 
281 1.48982834815979 0.0 0.0 0.0 0.0 0.0 
282 1.4951202869415283 0.0 0.0 0.0 0.0 0.0 
283 1.500472068786621 0.0 0.0 0.0 0.0 0.0 
284 1.505767583847046 0.0 0.0 0.0 0.0 0.0 
285 1.5115416049957275 0.0 0.0 0.0 0.0 0.0 
286 1.5168631076812744 0.0 0.0 0.0 0.0 0.0 
287 1.522104263305664 0.0 0.0 0.0 0.0 0.0 
288 1.5273568630218506 0.0 0.0 0.0 0.0 0.0 
289 1.5325932502746582 0.0 0.0 0.0 0.0 0.0 
290 1.5378694534301758 0.0 0.0 0.0 0.0 0.0 
291 1.5436599254608154 0.0 0.0 0.0 0.0 0.0 
292 1.5490140914916992 0.0 0.0 0.0 0.0 0.0 
293 1.5543708801269531 0.0 0.0 0.0 0.0 0.0 
294 1.55991530418396 0.0 0.0 0.0 0.0 0.0 
295 1.5658843517303467 0.0 0.0 0.0 0.0 0.0 
296 1.5712530612945557 0.0 0.0 0.0 0.0 0.0 
297 1.576484203338623 0.0 0.0 0.0 0.0 0.0 
298 1.581752061843872 0.0 0.0 0.0 0.0 0.0 
299 1.5869905948638916 0.0 0.0 0.0 0.0 0.0 
300 1.5922374725341797 0.0 0.0 0.0 0.0 0.0 
301 1.5978004932403564 0.0 0.0 0.0 0.0 0.0 
302 1.6030974388122559 0.0 0.0 0.0 0.0 0.0 
303 1.6084108352661133 0.0 0.0 0.0 0.0 0.0 
304 1.613799810409546 0.0 0.0 0.0 0.0 0.0 
305 1.6190752983093262 0.0 0.0 0.0 0.0 0.0 
306 1.624478816986084 0.0 0.0 0.0 0.0 0.0 
307 1.6297869682312012 0.0 0.0 0.0 0.0 0.0 
308 1.6350350379943848 0.0 0.0 0.0 0.0 0.0 
309 1.640296220779419 0.0 0.0 0.0 0.0 0.0 
310 1.6455390453338623 0.0 0.0 0.0 0.0 0.0 
311 1.6509289741516113 0.0 0.0 0.0 0.0 0.0 
312 1.6562201976776123 0.0 0.0 0.0 0.0 0.0 
313 1.6615533828735352 0.0 0.0 0.0 0.0 0.0 
314 1.66680908203125 0.0 0.0 0.0 0.0 0.0 
315 1.672086477279663 0.0 0.0 0.0 0.0 0.0 
316 1.677485704421997 0.0 0.0 0.0 0.0 0.0 
317 1.6828181743621826 0.0 0.0 0.0 0.0 0.0 
318 1.6880710124969482 0.0 0.0 0.0 0.0 0.0 
319 1.6933085918426514 0.0 0.0 0.0 0.0 0.0 
320 1.6985559463500977 0.0 0.0 0.0 0.0 0.0 
321 1.7039134502410889 0.0 0.0 0.0 0.0 0.0 
322 1.709216594696045 0.0 0.0 0.0 0.0 0.0 
323 1.714693307876587 0.0 0.0 0.0 0.0 0.0 
324 1.720108985900879 0.0 0.0 0.0 0.0 0.0 
325 1.725409746170044 0.0 0.0 0.0 0.0 0.0 
326 1.7307026386260986 0.0 0.0 0.0 0.0 0.0 
327 1.736020565032959 0.0 0.0 0.0 0.0 0.0 
328 1.741283655166626 0.0 0.0 0.0 0.0 0.0 
329 1.746504783630371 0.0 0.0 0.0 0.0 0.0 
330 1.7517399787902832 0.0 0.0 0.0 0.0 0.0 
331 1.757124662399292 0.0 0.0 0.0 0.0 0.0 
332 1.7624340057373047 0.0 0.0 0.0 0.0 0.0 
333 1.7677628993988037 0.0 0.0 0.0 0.0 0.0 
334 1.7730579376220703 0.0 0.0 0.0 0.0 0.0 
335 1.7783706188201904 0.0 0.0 0.0 0.0 0.0 
336 1.783621072769165 0.0 0.0 0.0 0.0 0.0 
337 1.7889680862426758 0.0 0.0 0.0 0.0 0.0 
338 1.7942101955413818 0.0 0.0 0.0 0.0 0.0 
339 1.7994410991668701 0.0 0.0 0.0 0.0 0.0 
340 1.8047089576721191 0.0 0.0 0.0 0.0 0.0 
341 1.8101091384887695 0.0 0.0 0.0 0.0 0.0 
342 1.8153822422027588 0.0 0.0 0.0 0.0 0.0 
343 1.8208587169647217 0.0 0.0 0.0 0.0 0.0 
344 1.8261432647705078 0.0 0.0 0.0 0.0 0.0 
345 1.8314051628112793 0.0 0.0 0.0 0.0 0.0 
346 1.8366408348083496 0.0 0.0 0.0 0.0 0.0 
347 1.8418879508972168 0.0 0.0 0.0 0.0 0.0 
348 1.8471086025238037 0.0 0.0 0.0 0.0 0.0 
349 1.8523130416870117 0.0 0.0 0.0 0.0 0.0 
350 1.8575360774993896 0.0 0.0 0.0 0.0 0.0 
351 1.8628642559051514 0.0 0.0 0.0 0.0 0.0 
352 1.8681137561798096 0.0 0.0 0.0 0.0 0.0 
353 1.8734309673309326 0.0 0.0 0.0 0.0 0.0 
354 1.878664255142212 0.0 0.0 0.0 0.0 0.0 
355 1.8838768005371094 0.0 0.0 0.0 0.0 0.0 
356 1.8890955448150635 0.0 0.0 0.0 0.0 0.0 
357 1.8942921161651611 0.0 0.0 0.0 0.0 0.0 
358 1.8994884490966797 0.0 0.0 0.0 0.0 0.0 
359 1.9047067165374756 0.0 0.0 0.0 0.0 0.0 
360 1.9099864959716797 0.0 0.0 0.0 0.0 0.0 
361 1.9153692722320557 0.0 0.0 0.0 0.0 0.0 
362 1.920783519744873 0.0 0.0 0.0 0.0 0.0 
363 1.926130771636963 0.0 0.0 0.0 0.0 0.0 
364 1.9313890933990479 0.0 0.0 0.0 0.0 0.0 
365 1.936741828918457 0.0 0.0 0.0 0.0 0.0 
366 1.9419832229614258 0.0 0.0 0.0 0.0 0.0 
367 1.9471843242645264 0.0 0.0 0.0 0.0 0.0 
368 1.9523842334747314 0.0 0.0 0.0 0.0 0.0 
369 1.9576475620269775 0.0 0.0 0.0 0.0 0.0 
370 1.9628736972808838 0.0 0.0 0.0 0.0 0.0 
371 1.968233346939087 0.0 0.0 0.0 0.0 0.0 
372 1.973510503768921 0.0 0.0 0.0 0.0 0.0 
373 1.9788248538970947 0.0 0.0 0.0 0.0 0.0 
374 1.9840593338012695 0.0 0.0 0.0 0.0 0.0 
375 1.9894154071807861 0.0 0.0 0.0 0.0 0.0 
376 1.9951298236846924 0.0 0.0 0.0 0.0 0.0 
377 2.0024921894073486 0.0 0.0 0.0 0.0 0.0 
378 2.0078930854797363 0.0 0.0 0.0 0.0 0.0 
379 2.0133509635925293 0.0 0.0 0.0 0.0 0.0 
380 2.0187785625457764 0.0 0.0 0.0 0.0 0.0 
381 2.024409770965576 0.0 0.0 0.0 0.0 0.0 
382 2.0308094024658203 0.0 0.0 0.0 0.0 0.0 
383 2.0373055934906006 0.0 0.0 0.0 0.0 0.0 
384 2.0427377223968506 0.0 0.0 0.0 0.0 0.0 
385 2.0481598377227783 0.0 0.0 0.0 0.0 0.0 
386 2.0535295009613037 0.0 0.0 0.0 0.0 0.0 
387 2.0588274002075195 0.0 0.0 0.0 0.0 0.0 
388 2.0640857219696045 0.0 0.0 0.0 0.0 0.0 
389 2.0693788528442383 0.0 0.0 0.0 0.0 0.0 
390 2.0746970176696777 0.0 0.0 0.0 0.0 0.0 
391 2.0804712772369385 0.0 0.0 0.0 0.0 0.0 
392 2.086000680923462 0.0 0.0 0.0 0.0 0.0 
393 2.0914952754974365 0.0 0.0 0.0 0.0 0.0 
394 2.0970356464385986 0.0 0.0 0.0 0.0 0.0 
395 2.1026573181152344 0.0 0.0 0.0 0.0 0.0 
396 2.1081714630126953 0.0 0.0 0.0 0.0 0.0 
397 2.1136484146118164 0.0 0.0 0.0 0.0 0.0 
398 2.1191110610961914 0.0 0.0 0.0 0.0 0.0 
399 2.124500036239624 0.0 0.0 0.0 0.0 0.0 
400 2.1301510334014893 0.0 0.0 0.0 0.0 0.0 
401 2.1361536979675293 0.0 0.0 0.0 0.0 0.0 
402 2.1415927410125732 0.0 0.0 0.0 0.0 0.0 
403 2.147054672241211 0.0 0.0 0.0 0.0 0.0 
404 2.1524665355682373 0.0 0.0 0.0 0.0 0.0 
405 2.157991647720337 0.0 0.0 0.0 0.0 0.0 
406 2.1634132862091064 0.0 0.0 0.0 0.0 0.0 
407 2.1688897609710693 0.0 0.0 0.0 0.0 0.0 
408 2.1742916107177734 0.0 0.0 0.0 0.0 0.0 
409 2.179750919342041 0.0 0.0 0.0 0.0 0.0 
410 2.1851744651794434 0.0 0.0 0.0 0.0 0.0 
411 2.190883159637451 0.0 0.0 0.0 0.0 0.0 
412 2.196349620819092 0.0 0.0 0.0 0.0 0.0 
413 2.201866865158081 0.0 0.0 0.0 0.0 0.0 
414 2.2075772285461426 0.0 0.0 0.0 0.0 0.0 
415 2.2131357192993164 0.0 0.0 0.0 0.0 0.0 
416 2.2187881469726562 0.0 0.0 0.0 0.0 0.0 
417 2.2241861820220947 0.0 0.0 0.0 0.0 0.0 
418 2.2295925617218018 0.0 0.0 0.0 0.0 0.0 
419 2.2351760864257812 0.0 0.0 0.0 0.0 0.0 
420 2.2406914234161377 0.0 0.0 0.0 0.0 0.0 
421 2.2463502883911133 0.0 0.0 0.0 0.0 0.0 
422 2.2518064975738525 0.0 0.0 0.0 0.0 0.0 
423 2.257276773452759 0.0 0.0 0.0 0.0 0.0 
424 2.262709379196167 0.0 0.0 0.0 0.0 0.0 
425 2.2680771350860596 0.0 0.0 0.0 0.0 0.0 
426 2.2735157012939453 0.0 0.0 0.0 0.0 0.0 
427 2.2791683673858643 0.0 0.0 0.0 0.0 0.0 
428 2.28454852104187 0.0 0.0 0.0 0.0 0.0 
429 2.2899506092071533 0.0 0.0 0.0 0.0 0.0 
430 2.2953357696533203 0.0 0.0 0.0 0.0 0.0 
431 2.3018786907196045 0.0 0.0 0.0 0.0 0.0 
432 2.307420253753662 0.0 0.0 0.0 0.0 0.0 
433 2.312919855117798 0.0 0.0 0.0 0.0 0.0 
434 2.318338632583618 0.0 0.0 0.0 0.0 0.0 
435 2.323798656463623 0.0 0.0 0.0 0.0 0.0 
436 2.3294167518615723 0.0 0.0 0.0 0.0 0.0 
437 2.334866762161255 0.0 0.0 0.0 0.0 0.0 
438 2.3404598236083984 0.0 0.0 0.0 0.0 0.0 
439 2.3459458351135254 0.0 0.0 0.0 0.0 0.0 
440 2.351393461227417 0.0 0.0 0.0 0.0 0.0 
441 2.357039451599121 0.0 0.0 0.0 0.0 0.0 
442 2.3624918460845947 0.0 0.0 0.0 0.0 0.0 
443 2.367954730987549 0.0 0.0 0.0 0.0 0.0 
444 2.3735125064849854 0.0 0.0 0.0 0.0 0.0 
445 2.3789122104644775 0.0 0.0 0.0 0.0 0.0 
446 2.3842623233795166 0.0 0.0 0.0 0.0 0.0 
447 2.3897275924682617 0.0 0.0 0.0 0.0 0.0 
448 2.395068883895874 0.0 0.0 0.0 0.0 0.0 
449 2.4004175662994385 0.0 0.0 0.0 0.0 0.0 
450 2.4058845043182373 0.0 0.0 0.0 0.0 0.0 
451 2.4114348888397217 0.0 0.0 0.0 0.0 0.0 
452 2.4169647693634033 0.0 0.0 0.0 0.0 0.0 
453 2.4223763942718506 0.0 0.0 0.0 0.0 0.0 
454 2.427774667739868 0.0 0.0 0.0 0.0 0.0 
455 2.4331812858581543 0.0 0.0 0.0 0.0 0.0 
456 2.438676118850708 0.0 0.0 0.0 0.0 0.0 
457 2.444260597229004 0.0 0.0 0.0 0.0 0.0 
458 2.4499568939208984 0.0 0.0 0.0 0.0 0.0 
459 2.4554672241210938 0.0 0.0 0.0 0.0 0.0 
460 2.4608607292175293 0.0 0.0 0.0 0.0 0.0 
461 2.466446876525879 0.0 0.0 0.0 0.0 0.0 
462 2.4719278812408447 0.0 0.0 0.0 0.0 0.0 
463 2.4773521423339844 0.0 0.0 0.0 0.0 0.0 
464 2.482830286026001 0.0 0.0 0.0 0.0 0.0 
465 2.4882116317749023 0.0 0.0 0.0 0.0 0.0 
466 2.4940013885498047 0.0 0.0 0.0 0.0 0.0 
467 2.4994876384735107 0.0 0.0 0.0 0.0 0.0 
468 2.505000591278076 0.0 0.0 0.0 0.0 0.0 
469 2.5104196071624756 0.0 0.0 0.0 0.0 0.0 
470 2.5158398151397705 0.0 0.0 0.0 0.0 0.0 
471 2.5214643478393555 0.0 0.0 0.0 0.0 0.0 
472 2.527087926864624 0.0 0.0 0.0 0.0 0.0 
473 2.5325498580932617 0.0 0.0 0.0 0.0 0.0 
474 2.537937879562378 0.0 0.0 0.0 0.0 0.0 
475 2.5432910919189453 0.0 0.0 0.0 0.0 0.0 
476 2.548880100250244 0.0 0.0 0.0 0.0 0.0 
477 2.5543482303619385 0.0 0.0 0.0 0.0 0.0 
478 2.5598509311676025 0.0 0.0 0.0 0.0 0.0 
479 2.5653419494628906 0.0 0.0 0.0 0.0 0.0 
480 2.5708353519439697 0.0 0.0 0.0 0.0 0.0 
481 2.576580286026001 0.0 0.0 0.0 0.0 0.0 
482 2.582016706466675 0.0 0.0 0.0 0.0 0.0 
483 2.587474822998047 0.0 0.0 0.0 0.0 0.0 
484 2.592940092086792 0.0 0.0 0.0 0.0 0.0 
485 2.598358154296875 0.0 0.0 0.0 0.0 0.0 
486 2.6037659645080566 0.0 0.0 0.0 0.0 0.0 
487 2.6091902256011963 0.0 0.0 0.0 0.0 0.0 
488 2.614720106124878 0.0 0.0 0.0 0.0 0.0 
489 2.620147228240967 0.0 0.0 0.0 0.0 0.0 
490 2.6255807876586914 0.0 0.0 0.0 0.0 0.0 
491 2.6315159797668457 0.0 0.0 0.0 0.0 0.0 
492 2.637089967727661 0.0 0.0 0.0 0.0 0.0 
493 2.6426308155059814 0.0 0.0 0.0 0.0 0.0 
494 2.648174285888672 0.0 0.0 0.0 0.0 0.0 
495 2.6538565158843994 0.0 0.0 0.0 0.0 0.0 
496 2.659477710723877 0.0 0.0 0.0 0.0 0.0 
497 2.6651036739349365 0.0 0.0 0.0 0.0 0.0 
498 2.670870304107666 0.0 0.0 0.0 0.0 0.0 
499 2.6765012741088867 0.0 0.0 0.0 0.0 0.0 
500 2.6821186542510986 0.0 0.0 0.0 0.0 0.0 
501 2.687995433807373 0.0 0.0 0.0 0.0 0.0 
502 2.6936845779418945 0.0 0.0 0.0 0.0 0.0 
503 2.699321985244751 0.0 0.0 0.0 0.0 0.0 
504 2.7049546241760254 0.0 0.0 0.0 0.0 0.0 
505 2.710571527481079 0.0 0.0 0.0 0.0 0.0 
506 2.7162113189697266 0.0 0.0 0.0 0.0 0.0 
507 2.721632242202759 0.0 0.0 0.0 0.0 0.0 
508 2.7270853519439697 0.0 0.0 0.0 0.0 0.0 
509 2.7326605319976807 0.0 0.0 0.0 0.0 0.0 
510 2.738260507583618 0.0 0.0 0.0 0.0 0.0 
511 2.7441604137420654 0.0 0.0 0.0 0.0 0.0 
512 2.7498300075531006 0.0 0.0 0.0 0.0 0.0 
513 2.755800485610962 0.0 0.0 0.0 0.0 0.0 
514 2.7614617347717285 0.0 0.0 0.0 0.0 0.0 
515 2.7670140266418457 0.0 0.0 0.0 0.0 0.0 
516 2.7725636959075928 0.0 0.0 0.0 0.0 0.0 
517 2.7781307697296143 0.0 0.0 0.0 0.0 0.0 
518 2.783609390258789 0.0 0.0 0.0 0.0 0.0 
519 2.789060592651367 0.0 0.0 0.0 0.0 0.0 
520 2.794504165649414 0.0 0.0 0.0 0.0 0.0 
521 2.80039381980896 0.0 0.0 0.0 0.0 0.0 
522 2.8057701587677 0.0 0.0 0.0 0.0 0.0 
523 2.8111019134521484 0.0 0.0 0.0 0.0 0.0 
524 2.816455602645874 0.0 0.0 0.0 0.0 0.0 
525 2.821953773498535 0.0 0.0 0.0 0.0 0.0 
526 2.82753849029541 0.0 0.0 0.0 0.0 0.0 
527 2.8331987857818604 0.0 0.0 0.0 0.0 0.0 
528 2.8389010429382324 0.0 0.0 0.0 0.0 0.0 
529 2.8445401191711426 0.0 0.0 0.0 0.0 0.0 
530 2.849994659423828 0.0 0.0 0.0 0.0 0.0 
531 2.855586051940918 0.0 0.0 0.0 0.0 0.0 
532 2.860905408859253 0.0 0.0 0.0 0.0 0.0 
533 2.8662326335906982 0.0 0.0 0.0 0.0 0.0 
534 2.87148380279541 0.0 0.0 0.0 0.0 0.0 
535 2.8769054412841797 0.0 0.0 0.0 0.0 0.0 
536 2.8821969032287598 0.0 0.0 0.0 0.0 0.0 
537 2.887446403503418 0.0 0.0 0.0 0.0 0.0 
538 2.8929593563079834 0.0 0.0 0.0 0.0 0.0 
539 2.898399829864502 0.0 0.0 0.0 0.0 0.0 
540 2.9037935733795166 0.0 0.0 0.0 0.0 0.0 
541 2.9093921184539795 0.0 0.0 0.0 0.0 0.0 
542 2.9146900177001953 0.0 0.0 0.0 0.0 0.0 
543 2.919984817504883 0.0 0.0 0.0 0.0 0.0 
544 2.9252068996429443 0.0 0.0 0.0 0.0 0.0 
545 2.930488109588623 0.0 0.0 0.0 0.0 0.0 
546 2.935706853866577 0.0 0.0 0.0 0.0 0.0 
547 2.940918445587158 0.0 0.0 0.0 0.0 0.0 
548 2.94616436958313 0.0 0.0 0.0 0.0 0.0 
549 2.951383352279663 0.0 0.0 0.0 0.0 0.0 
550 2.9566237926483154 0.0 0.0 0.0 0.0 0.0 
551 2.962110757827759 0.0 0.0 0.0 0.0 0.0 
552 2.967472553253174 0.0 0.0 0.0 0.0 0.0 
553 2.972825288772583 0.0 0.0 0.0 0.0 0.0 
554 2.9780852794647217 0.0 0.0 0.0 0.0 0.0 
555 2.9832558631896973 0.0 0.0 0.0 0.0 0.0 
556 2.98846697807312 0.0 0.0 0.0 0.0 0.0 
557 2.9937257766723633 0.0 0.0 0.0 0.0 0.0 
558 2.9989359378814697 0.0 0.0 0.0 0.0 0.0 
559 3.0041584968566895 0.0 0.0 0.0 0.0 0.0 
560 3.0094151496887207 0.0 0.0 0.0 0.0 0.0 
561 3.0147788524627686 0.0 0.0 0.0 0.0 0.0 
562 3.02017879486084 0.0 0.0 0.0 0.0 0.0 
563 3.0257437229156494 0.0 0.0 0.0 0.0 0.0 
564 3.031170606613159 0.0 0.0 0.0 0.0 0.0 
565 3.03656005859375 0.0 0.0 0.0 0.0 0.0 
566 3.041808605194092 0.0 0.0 0.0 0.0 0.0 
567 3.047055959701538 0.0 0.0 0.0 0.0 0.0 
568 3.0522994995117188 0.0 0.0 0.0 0.0 0.0 
569 3.057676076889038 0.0 0.0 0.0 0.0 0.0 
570 3.063055992126465 0.0 0.0 0.0 0.0 0.0 
571 3.0685606002807617 0.0 0.0 0.0 0.0 0.0 
572 3.073992967605591 0.0 0.0 0.0 0.0 0.0 
573 3.0793442726135254 0.0 0.0 0.0 0.0 0.0 
574 3.084669351577759 0.0 0.0 0.0 0.0 0.0 
575 3.090095043182373 0.0 0.0 0.0 0.0 0.0 
576 3.095551013946533 0.0 0.0 0.0 0.0 0.0 
577 3.1011037826538086 0.0 0.0 0.0 0.0 0.0 
578 3.1069164276123047 0.0 0.0 0.0 0.0 0.0 
579 3.1123600006103516 0.0 0.0 0.0 0.0 0.0 
580 3.1177988052368164 0.0 0.0 0.0 0.0 0.0 
581 3.123291254043579 0.0 0.0 0.0 0.0 0.0 
582 3.1286373138427734 0.0 0.0 0.0 0.0 0.0 
583 3.1340253353118896 0.0 0.0 0.0 0.0 0.0 
584 3.139370918273926 0.0 0.0 0.0 0.0 0.0 
585 3.144932508468628 0.0 0.0 0.0 0.0 0.0 
586 3.1503796577453613 0.0 0.0 0.0 0.0 0.0 
587 3.1557936668395996 0.0 0.0 0.0 0.0 0.0 
588 3.161252975463867 0.0 0.0 0.0 0.0 0.0 
589 3.1670472621917725 0.0 0.0 0.0 0.0 0.0 
590 3.172553062438965 0.0 0.0 0.0 0.0 0.0 
591 3.1780786514282227 0.0 0.0 0.0 0.0 0.0 
592 3.1834070682525635 0.0 0.0 0.0 0.0 0.0 
593 3.18880558013916 0.0 0.0 0.0 0.0 0.0 
594 3.1941916942596436 0.0 0.0 0.0 0.0 0.0 
595 3.199514865875244 0.0 0.0 0.0 0.0 0.0 
596 3.2048628330230713 0.0 0.0 0.0 0.0 0.0 
597 3.21014404296875 0.0 0.0 0.0 0.0 0.0 
598 3.215498924255371 0.0 0.0 0.0 0.0 0.0 
599 3.220963716506958 0.0 0.0 0.0 0.0 0.0 
600 3.226377248764038 0.0 0.0 0.0 0.0 0.0 
601 3.231832981109619 0.0 0.0 0.0 0.0 0.0 
602 3.2372848987579346 0.0 0.0 0.0 0.0 0.0 
603 3.2425637245178223 0.0 0.0 0.0 0.0 0.0 
604 3.2477686405181885 0.0 0.0 0.0 0.0 0.0 
605 3.252990961074829 0.0 0.0 0.0 0.0 0.0 
606 3.25826358795166 0.0 0.0 0.0 0.0 0.0 
607 3.2634878158569336 0.0 0.0 0.0 0.0 0.0 
608 3.2687320709228516 0.0 0.0 0.0 0.0 0.0 
609 3.2739593982696533 0.0 0.0 0.0 0.0 0.0 
610 3.279304265975952 0.0 0.0 0.0 0.0 0.0 
611 3.284658432006836 0.0 0.0 0.0 0.0 0.0 
612 3.2899019718170166 0.0 0.0 0.0 0.0 0.0 
613 3.2952053546905518 0.0 0.0 0.0 0.0 0.0 
614 3.300427198410034 0.0 0.0 0.0 0.0 0.0 
615 3.3056745529174805 0.0 0.0 0.0 0.0 0.0 
616 3.3108971118927 0.0 0.0 0.0 0.0 0.0 
617 3.316213607788086 0.0 0.0 0.0 0.0 0.0 
618 3.3214406967163086 0.0 0.0 0.0 0.0 0.0 
619 3.3266797065734863 0.0 0.0 0.0 0.0 0.0 
620 3.331916332244873 0.0 0.0 0.0 0.0 0.0 
621 3.337233543395996 0.0 0.0 0.0 0.0 0.0 
622 3.3424813747406006 0.0 0.0 0.0 0.0 0.0 
623 3.347827196121216 0.0 0.0 0.0 0.0 0.0 
624 3.3531625270843506 0.0 0.0 0.0 0.0 0.0 
625 3.3584609031677246 0.0 0.0 0.0 0.0 0.0 
626 3.3637471199035645 0.0 0.0 0.0 0.0 0.0 
627 3.369129180908203 0.0 0.0 0.0 0.0 0.0 
628 3.3744254112243652 0.0 0.0 0.0 0.0 0.0 
629 3.379892349243164 0.0 0.0 0.0 0.0 0.0 
630 3.385179042816162 0.0 0.0 0.0 0.0 0.0 
631 3.3905510902404785 0.0 0.0 0.0 0.0 0.0 
632 3.3958349227905273 0.0 0.0 0.0 0.0 0.0 
633 3.401154041290283 0.0 0.0 0.0 0.0 0.0 
634 3.4063804149627686 0.0 0.0 0.0 0.0 0.0 
635 3.411644458770752 0.0 0.0 0.0 0.0 0.0 
636 3.4168689250946045 0.0 0.0 0.0 0.0 0.0 
637 3.4220829010009766 0.0 0.0 0.0 0.0 0.0 
638 3.427368402481079 0.0 0.0 0.0 0.0 0.0 
639 3.4325900077819824 0.0 0.0 0.0 0.0 0.0 
640 3.437790870666504 0.0 0.0 0.0 0.0 0.0 
641 3.443129539489746 0.0 0.0 0.0 0.0 0.0 
642 3.4483859539031982 0.0 0.0 0.0 0.0 0.0 
643 3.4536683559417725 0.0 0.0 0.0 0.0 0.0 
644 3.4589107036590576 0.0 0.0 0.0 0.0 0.0 
645 3.464118719100952 0.0 0.0 0.0 0.0 0.0 
646 3.4693899154663086 0.0 0.0 0.0 0.0 0.0 
647 3.4747352600097656 0.0 0.0 0.0 0.0 0.0 
648 3.480032205581665 0.0 0.0 0.0 0.0 0.0 
649 3.4854135513305664 0.0 0.0 0.0 0.0 0.0 
650 3.490741491317749 0.0 0.0 0.0 0.0 0.0 
651 3.4961774349212646 0.0 0.0 0.0 0.0 0.0 
652 3.5015599727630615 0.0 0.0 0.0 0.0 0.0 
653 3.5069618225097656 0.0 0.0 0.0 0.0 0.0 
654 3.5121843814849854 0.0 0.0 0.0 0.0 0.0 
655 3.517404079437256 0.0 0.0 0.0 0.0 0.0 
656 3.522623062133789 0.0 0.0 0.0 0.0 0.0 
657 3.527822494506836 0.0 0.0 0.0 0.0 0.0 
658 3.5330915451049805 0.0 0.0 0.0 0.0 0.0 
659 3.5384104251861572 0.0 0.0 0.0 0.0 0.0 
660 3.5436463356018066 0.0 0.0 0.0 0.0 0.0 
661 3.5490095615386963 0.0 0.0 0.0 0.0 0.0 
662 3.5542821884155273 0.0 0.0 0.0 0.0 0.0 
663 3.5595571994781494 0.0 0.0 0.0 0.0 0.0 
664 3.564802646636963 0.0 0.0 0.0 0.0 0.0 
665 3.5700361728668213 0.0 0.0 0.0 0.0 0.0 
666 3.5752458572387695 0.0 0.0 0.0 0.0 0.0 
667 3.580486297607422 0.0 0.0 0.0 0.0 0.0 
668 3.585890531539917 0.0 0.0 0.0 0.0 0.0 
669 3.59116792678833 0.0 0.0 0.0 0.0 0.0 
670 3.5964255332946777 0.0 0.0 0.0 0.0 0.0 
671 3.6019039154052734 0.0 0.0 0.0 0.0 0.0 
672 3.607158899307251 0.0 0.0 0.0 0.0 0.0 
673 3.6124277114868164 0.0 0.0 0.0 0.0 0.0 
674 3.6176810264587402 0.0 0.0 0.0 0.0 0.0 
675 3.6228904724121094 0.0 0.0 0.0 0.0 0.0 
676 3.6280996799468994 0.0 0.0 0.0 0.0 0.0 
677 3.6333467960357666 0.0 0.0 0.0 0.0 0.0 
678 3.638572931289673 0.0 0.0 0.0 0.0 0.0 
679 3.6438395977020264 0.0 0.0 0.0 0.0 0.0 
680 3.6490700244903564 0.0 0.0 0.0 0.0 0.0 
681 3.654400587081909 0.0 0.0 0.0 0.0 0.0 
682 3.659731149673462 0.0 0.0 0.0 0.0 0.0 
683 3.66505765914917 0.0 0.0 0.0 0.0 0.0 
684 3.6703686714172363 0.0 0.0 0.0 0.0 0.0 
685 3.675598621368408 0.0 0.0 0.0 0.0 0.0 
686 3.680849552154541 0.0 0.0 0.0 0.0 0.0 
687 3.686133861541748 0.0 0.0 0.0 0.0 0.0 
688 3.691495418548584 0.0 0.0 0.0 0.0 0.0 
689 3.6967825889587402 0.0 0.0 0.0 0.0 0.0 
690 3.702040433883667 0.0 0.0 0.0 0.0 0.0 
691 3.707491397857666 0.0 0.0 0.0 0.0 0.0 
692 3.7127842903137207 0.0 0.0 0.0 0.0 0.0 
693 3.7181129455566406 0.0 0.0 0.0 0.0 0.0 
694 3.723371982574463 0.0 0.0 0.0 0.0 0.0 
695 3.7286181449890137 0.0 0.0 0.0 0.0 0.0 
696 3.733910083770752 0.0 0.0 0.0 0.0 0.0 
697 3.7391517162323 0.0 0.0 0.0 0.0 0.0 
698 3.744384288787842 0.0 0.0 0.0 0.0 0.0 
699 3.7496423721313477 0.0 0.0 0.0 0.0 0.0 
700 3.754908561706543 0.0 0.0 0.0 0.0 0.0 
701 3.7603046894073486 0.0 0.0 0.0 0.0 0.0 
702 3.765625476837158 0.0 0.0 0.0 0.0 0.0 
703 3.7710139751434326 0.0 0.0 0.0 0.0 0.0 
704 3.77640700340271 0.0 0.0 0.0 0.0 0.0 
705 3.781714677810669 0.0 0.0 0.0 0.0 0.0 
706 3.7870519161224365 0.0 0.0 0.0 0.0 0.0 
707 3.7923479080200195 0.0 0.0 0.0 0.0 0.0 
708 3.797656536102295 0.0 0.0 0.0 0.0 0.0 
709 3.80291485786438 0.0 0.0 0.0 0.0 0.0 
710 3.808210611343384 0.0 0.0 0.0 0.0 0.0 
711 3.813615083694458 0.0 0.0 0.0 0.0 0.0 
712 3.8188674449920654 0.0 0.0 0.0 0.0 0.0 
713 3.8241660594940186 0.0 0.0 0.0 0.0 0.0 
714 3.829510450363159 0.0 0.0 0.0 0.0 0.0 
715 3.834852933883667 0.0 0.0 0.0 0.0 0.0 
716 3.8402016162872314 0.0 0.0 0.0 0.0 0.0 
717 3.8454763889312744 0.0 0.0 0.0 0.0 0.0 
718 3.8507184982299805 0.0 0.0 0.0 0.0 0.0 
719 3.8559811115264893 0.0 0.0 0.0 0.0 0.0 
720 3.861199140548706 0.0 0.0 0.0 0.0 0.0 
721 3.866508722305298 0.0 0.0 0.0 0.0 0.0 
722 3.8718106746673584 0.0 0.0 0.0 0.0 0.0 
723 3.877148151397705 0.0 0.0 0.0 0.0 0.0 
724 3.882420063018799 0.0 0.0 0.0 0.0 0.0 
725 3.887672185897827 0.0 0.0 0.0 0.0 0.0 
726 3.8930530548095703 0.0 0.0 0.0 0.0 0.0 
727 3.898346185684204 0.0 0.0 0.0 0.0 0.0 
728 3.9035725593566895 0.0 0.0 0.0 0.0 0.0 
729 3.9088664054870605 0.0 0.0 0.0 0.0 0.0 
730 3.914119243621826 0.0 0.0 0.0 0.0 0.0 
731 3.9195027351379395 0.0 0.0 0.0 0.0 0.0 
732 3.924912452697754 0.0 0.0 0.0 0.0 0.0 
733 3.930234909057617 0.0 0.0 0.0 0.0 0.0 
734 3.9355146884918213 0.0 0.0 0.0 0.0 0.0 
735 3.940844774246216 0.0 0.0 0.0 0.0 0.0 
736 3.946244716644287 0.0 0.0 0.0 0.0 0.0 
737 3.9516539573669434 0.0 0.0 0.0 0.0 0.0 
738 3.95701003074646 0.0 0.0 0.0 0.0 0.0 
739 3.962235450744629 0.0 0.0 0.0 0.0 0.0 
740 3.9674432277679443 0.0 0.0 0.0 0.0 0.0 
741 3.9728572368621826 0.0 0.0 0.0 0.0 0.0 
742 3.9781334400177 0.0 0.0 0.0 0.0 0.0 
743 3.983415365219116 0.0 0.0 0.0 0.0 0.0 
744 3.988642692565918 0.0 0.0 0.0 0.0 0.0 
745 3.993912935256958 0.0 0.0 0.0 0.0 0.0 
746 3.9992141723632812 0.0 0.0 0.0 0.0 0.0 
747 4.00446629524231 0.0 0.0 0.0 0.0 0.0 
748 4.00979208946228 0.0 0.0 0.0 0.0 0.0 
749 4.015049934387207 0.0 0.0 0.0 0.0 0.0 
750 4.020338535308838 0.0 0.0 0.0 0.0 0.0 
751 4.025700092315674 0.0 0.0 0.0 0.0 0.0 
752 4.030997276306152 0.0 0.0 0.0 0.0 0.0 
753 4.0363850593566895 0.0 0.0 0.0 0.0 0.0 
754 4.041675329208374 0.0 0.0 0.0 0.0 0.0 
755 4.046932935714722 0.0 0.0 0.0 0.0 0.0 
756 4.052308797836304 0.0 0.0 0.0 0.0 0.0 
757 4.057582139968872 0.0 0.0 0.0 0.0 0.0 
758 4.062910556793213 0.0 0.0 0.0 0.0 0.0 
759 4.068236827850342 0.0 0.0 0.0 0.0 0.0 
760 4.0734899044036865 0.0 0.0 0.0 0.0 0.0 
761 4.078906774520874 0.0 0.0 0.0 0.0 0.0 
762 4.084207773208618 0.0 0.0 0.0 0.0 0.0 
763 4.08948826789856 0.0 0.0 0.0 0.0 0.0 
764 4.09472393989563 0.0 0.0 0.0 0.0 0.0 
765 4.1002068519592285 0.0 0.0 0.0 0.0 0.0 
766 4.105497121810913 0.0 0.0 0.0 0.0 0.0 
767 4.110769987106323 0.0 0.0 0.0 0.0 0.0 
768 4.116097688674927 0.0 0.0 0.0 0.0 0.0 
769 4.1214210987091064 0.0 0.0 0.0 0.0 0.0 
770 4.126691579818726 0.0 0.0 0.0 0.0 0.0 
771 4.132239818572998 0.0 0.0 0.0 0.0 0.0 
772 4.137537956237793 0.0 0.0 0.0 0.0 0.0 
773 4.142942905426025 0.0 0.0 0.0 0.0 0.0 
774 4.148176193237305 0.0 0.0 0.0 0.0 0.0 
775 4.153430223464966 0.0 0.0 0.0 0.0 0.0 
776 4.15868616104126 0.0 0.0 0.0 0.0 0.0 
777 4.163986682891846 0.0 0.0 0.0 0.0 0.0 
778 4.1693761348724365 0.0 0.0 0.0 0.0 0.0 
779 4.174655914306641 0.0 0.0 0.0 0.0 0.0 
780 4.179919719696045 0.0 0.0 0.0 0.0 0.0 
781 4.185234308242798 0.0 0.0 0.0 0.0 0.0 
782 4.190480470657349 0.0 0.0 0.0 0.0 0.0 
783 4.195778131484985 0.0 0.0 0.0 0.0 0.0 
784 4.201096773147583 0.0 0.0 0.0 0.0 0.0 
785 4.206444263458252 0.0 0.0 0.0 0.0 0.0 
786 4.211728096008301 0.0 0.0 0.0 0.0 0.0 
787 4.216994047164917 0.0 0.0 0.0 0.0 0.0 
788 4.222234725952148 0.0 0.0 0.0 0.0 0.0 
789 4.227624893188477 0.0 0.0 0.0 0.0 0.0 
790 4.232858419418335 0.0 0.0 0.0 0.0 0.0 
791 4.23818826675415 0.0 0.0 0.0 0.0 0.0 
792 4.243449449539185 0.0 0.0 0.0 0.0 0.0 
793 4.248750686645508 0.0 0.0 0.0 0.0 0.0 
794 4.2539732456207275 0.0 0.0 0.0 0.0 0.0 
795 4.259203910827637 0.0 0.0 0.0 0.0 0.0 
796 4.26440954208374 0.0 0.0 0.0 0.0 0.0 
797 4.269654989242554 0.0 0.0 0.0 0.0 0.0 
798 4.274898052215576 0.0 0.0 0.0 0.0 0.0 
799 4.280182600021362 0.0 0.0 0.0 0.0 0.0 
800 4.285409212112427 0.0 0.0 0.0 0.0 0.0 
801 4.290759325027466 0.0 0.0 0.0 0.0 0.0 
802 4.296009302139282 0.0 0.0 0.0 0.0 0.0 
803 4.30131196975708 0.0 0.0 0.0 0.0 0.0 
804 4.306682348251343 0.0 0.0 0.0 0.0 0.0 
805 4.311920642852783 0.0 0.0 0.0 0.0 0.0 
806 4.317121267318726 0.0 0.0 0.0 0.0 0.0 
807 4.322429418563843 0.0 0.0 0.0 0.0 0.0 
808 4.327663421630859 0.0 0.0 0.0 0.0 0.0 
809 4.332983732223511 0.0 0.0 0.0 0.0 0.0 
810 4.338258266448975 0.0 0.0 0.0 0.0 0.0 
811 4.343579530715942 0.0 0.0 0.0 0.0 0.0 
812 4.3489062786102295 0.0 0.0 0.0 0.0 0.0 
813 4.354199647903442 0.0 0.0 0.0 0.0 0.0 
814 4.359413146972656 0.0 0.0 0.0 0.0 0.0 
815 4.364635229110718 0.0 0.0 0.0 0.0 0.0 
816 4.3699259757995605 0.0 0.0 0.0 0.0 0.0 
817 4.37516975402832 0.0 0.0 0.0 0.0 0.0 
818 4.380460500717163 0.0 0.0 0.0 0.0 0.0 
819 4.385736703872681 0.0 0.0 0.0 0.0 0.0 
820 4.3910908699035645 0.0 0.0 0.0 0.0 0.0 
821 4.396479368209839 0.0 0.0 0.0 0.0 0.0 
822 4.401893854141235 0.0 0.0 0.0 0.0 0.0 
823 4.407387733459473 0.0 0.0 0.0 0.0 0.0 
824 4.412678003311157 0.0 0.0 0.0 0.0 0.0 
825 4.417909860610962 0.0 0.0 0.0 0.0 0.0 
826 4.423230886459351 0.0 0.0 0.0 0.0 0.0 
827 4.428466558456421 0.0 0.0 0.0 0.0 0.0 
828 4.433728456497192 0.0 0.0 0.0 0.0 0.0 
829 4.438952684402466 0.0 0.0 0.0 0.0 0.0 
830 4.444273233413696 0.0 0.0 0.0 0.0 0.0 
831 4.4496588706970215 0.0 0.0 0.0 0.0 0.0 
832 4.454912424087524 0.0 0.0 0.0 0.0 0.0 
833 4.46019172668457 0.0 0.0 0.0 0.0 0.0 
834 4.465424537658691 0.0 0.0 0.0 0.0 0.0 
835 4.470625877380371 0.0 0.0 0.0 0.0 0.0 
836 4.47583532333374 0.0 0.0 0.0 0.0 0.0 
837 4.481093168258667 0.0 0.0 0.0 0.0 0.0 
838 4.486413478851318 0.0 0.0 0.0 0.0 0.0 
839 4.491724491119385 0.0 0.0 0.0 0.0 0.0 
840 4.497030973434448 0.0 0.0 0.0 0.0 0.0 
841 4.5027172565460205 0.0 0.0 0.0 0.0 0.0 
842 4.508077621459961 0.0 0.0 0.0 0.0 0.0 
843 4.513389348983765 0.0 0.0 0.0 0.0 0.0 
844 4.518600225448608 0.0 0.0 0.0 0.0 0.0 
845 4.523840427398682 0.0 0.0 0.0 0.0 0.0 
846 4.529106616973877 0.0 0.0 0.0 0.0 0.0 
847 4.534379482269287 0.0 0.0 0.0 0.0 0.0 
848 4.53965163230896 0.0 0.0 0.0 0.0 0.0 
849 4.5449137687683105 0.0 0.0 0.0 0.0 0.0 
850 4.550244569778442 0.0 0.0 0.0 0.0 0.0 
851 4.555733919143677 0.0 0.0 0.0 0.0 0.0 
852 4.561004161834717 0.0 0.0 0.0 0.0 0.0 
853 4.566309452056885 0.0 0.0 0.0 0.0 0.0 
854 4.57153582572937 0.0 0.0 0.0 0.0 0.0 
855 4.5767786502838135 0.0 0.0 0.0 0.0 0.0 
856 4.582040071487427 0.0 0.0 0.0 0.0 0.0 
857 4.587264060974121 0.0 0.0 0.0 0.0 0.0 
858 4.592472314834595 0.0 0.0 0.0 0.0 0.0 
859 4.597745656967163 0.0 0.0 0.0 0.0 0.0 
860 4.602989196777344 0.0 0.0 0.0 0.0 0.0 
861 4.608349561691284 0.0 0.0 0.0 0.0 0.0 
862 4.613760709762573 0.0 0.0 0.0 0.0 0.0 
863 4.619062900543213 0.0 0.0 0.0 0.0 0.0 
864 4.624366044998169 0.0 0.0 0.0 0.0 0.0 
865 4.629611015319824 0.0 0.0 0.0 0.0 0.0 
866 4.635028600692749 0.0 0.0 0.0 0.0 0.0 
867 4.640416622161865 0.0 0.0 0.0 0.0 0.0 
868 4.6458494663238525 0.0 0.0 0.0 0.0 0.0 
869 4.651479721069336 0.0 0.0 0.0 0.0 0.0 
870 4.656928539276123 0.0 0.0 0.0 0.0 0.0 
871 4.662339687347412 0.0 0.0 0.0 0.0 0.0 
872 4.667696952819824 0.0 0.0 0.0 0.0 0.0 
873 4.6733198165893555 0.0 0.0 0.0 0.0 0.0 
874 4.67920994758606 0.0 0.0 0.0 0.0 0.0 
875 4.684479236602783 0.0 0.0 0.0 0.0 0.0 
876 4.689711332321167 0.0 0.0 0.0 0.0 0.0 
877 4.694933176040649 0.0 0.0 0.0 0.0 0.0 
878 4.7001495361328125 0.0 0.0 0.0 0.0 0.0 
879 4.705362796783447 0.0 0.0 0.0 0.0 0.0 
880 4.710569143295288 0.0 0.0 0.0 0.0 0.0 
881 4.715911865234375 0.0 0.0 0.0 0.0 0.0 
882 4.721245288848877 0.0 0.0 0.0 0.0 0.0 
883 4.726574897766113 0.0 0.0 0.0 0.0 0.0 
884 4.731870174407959 0.0 0.0 0.0 0.0 0.0 
885 4.737233400344849 0.0 0.0 0.0 0.0 0.0 
886 4.742608547210693 0.0 0.0 0.0 0.0 0.0 
887 4.747870445251465 0.0 0.0 0.0 0.0 0.0 
888 4.7531023025512695 0.0 0.0 0.0 0.0 0.0 
889 4.758307933807373 0.0 0.0 0.0 0.0 0.0 
890 4.763515472412109 0.0 0.0 0.0 0.0 0.0 
891 4.768854856491089 0.0 0.0 0.0 0.0 0.0 
892 4.774136066436768 0.0 0.0 0.0 0.0 0.0 
893 4.779448986053467 0.0 0.0 0.0 0.0 0.0 
894 4.784683465957642 0.0 0.0 0.0 0.0 0.0 
895 4.790019512176514 0.0 0.0 0.0 0.0 0.0 
896 4.795296907424927 0.0 0.0 0.0 0.0 0.0 
897 4.800509214401245 0.0 0.0 0.0 0.0 0.0 
898 4.805743455886841 0.0 0.0 0.0 0.0 0.0 
899 4.810948133468628 0.0 0.0 0.0 0.0 0.0 
900 4.8161780834198 0.0 0.0 0.0 0.0 0.0 
901 4.821666479110718 0.0 0.0 0.0 0.0 0.0 
902 4.826943874359131 0.0 0.0 0.0 0.0 0.0 
903 4.832279443740845 0.0 0.0 0.0 0.0 0.0 
904 4.837569713592529 0.0 0.0 0.0 0.0 0.0 
905 4.842784881591797 0.0 0.0 0.0 0.0 0.0 
906 4.848020315170288 0.0 0.0 0.0 0.0 0.0 
907 4.8532493114471436 0.0 0.0 0.0 0.0 0.0 
908 4.858474493026733 0.0 0.0 0.0 0.0 0.0 
909 4.863649129867554 0.0 0.0 0.0 0.0 0.0 
910 4.868865013122559 0.0 0.0 0.0 0.0 0.0 
911 4.87418270111084 0.0 0.0 0.0 0.0 0.0 
912 4.879461765289307 0.0 0.0 0.0 0.0 0.0 
913 4.8847925662994385 0.0 0.0 0.0 0.0 0.0 
914 4.890019655227661 0.0 0.0 0.0 0.0 0.0 
915 4.895238876342773 0.0 0.0 0.0 0.0 0.0 
916 4.900486946105957 0.0 0.0 0.0 0.0 0.0 
917 4.905697584152222 0.0 0.0 0.0 0.0 0.0 
918 4.910892963409424 0.0 0.0 0.0 0.0 0.0 
919 4.916104316711426 0.0 0.0 0.0 0.0 0.0 
920 4.921314477920532 0.0 0.0 0.0 0.0 0.0 
921 4.926843643188477 0.0 0.0 0.0 0.0 0.0 
922 4.932155132293701 0.0 0.0 0.0 0.0 0.0 
923 4.937527894973755 0.0 0.0 0.0 0.0 0.0 
924 4.942843437194824 0.0 0.0 0.0 0.0 0.0 
925 4.948174476623535 0.0 0.0 0.0 0.0 0.0 
926 4.95340633392334 0.0 0.0 0.0 0.0 0.0 
927 4.958603858947754 0.0 0.0 0.0 0.0 0.0 
928 4.963818311691284 0.0 0.0 0.0 0.0 0.0 
929 4.969021797180176 0.0 0.0 0.0 0.0 0.0 
930 4.974255084991455 0.0 0.0 0.0 0.0 0.0 
931 4.979657411575317 0.0 0.0 0.0 0.0 0.0 
932 4.984920024871826 0.0 0.0 0.0 0.0 0.0 
933 4.9902260303497314 0.0 0.0 0.0 0.0 0.0 
934 4.995473146438599 0.0 0.0 0.0 0.0 0.0 
935 5.00082802772522 0.0 0.0 0.0 0.0 0.0 
936 5.006147146224976 0.0 0.0 0.0 0.0 0.0 
937 5.011378526687622 0.0 0.0 0.0 0.0 0.0 
938 5.016603469848633 0.0 0.0 0.0 0.0 0.0 
939 5.021852731704712 0.0 0.0 0.0 0.0 0.0 
940 5.027217626571655 0.0 0.0 0.0 0.0 0.0 
941 5.0325608253479 0.0 0.0 0.0 0.0 0.0 
942 5.037834644317627 0.0 0.0 0.0 0.0 0.0 
943 5.043407678604126 0.0 0.0 0.0 0.0 0.0 
944 5.0486626625061035 0.0 0.0 0.0 0.0 0.0 
945 5.053980588912964 0.0 0.0 0.0 0.0 0.0 
946 5.059284925460815 0.0 0.0 0.0 0.0 0.0 
947 5.0645060539245605 0.0 0.0 0.0 0.0 0.0 
948 5.069711923599243 0.0 0.0 0.0 0.0 0.0 
949 5.074926137924194 0.0 0.0 0.0 0.0 0.0 
950 5.080154657363892 0.0 0.0 0.0 0.0 0.0 
951 5.08550238609314 0.0 0.0 0.0 0.0 0.0 
952 5.090839862823486 0.0 0.0 0.0 0.0 0.0 
953 5.0961222648620605 0.0 0.0 0.0 0.0 0.0 
954 5.101386308670044 0.0 0.0 0.0 0.0 0.0 
955 5.106628894805908 0.0 0.0 0.0 0.0 0.0 
956 5.111893892288208 0.0 0.0 0.0 0.0 0.0 
957 5.117206573486328 0.0 0.0 0.0 0.0 0.0 
958 5.12245512008667 0.0 0.0 0.0 0.0 0.0 
959 5.127816200256348 0.0 0.0 0.0 0.0 0.0 
960 5.133218288421631 0.0 0.0 0.0 0.0 0.0 
961 5.138580560684204 0.0 0.0 0.0 0.0 0.0 
962 5.143839359283447 0.0 0.0 0.0 0.0 0.0 
963 5.149134159088135 0.0 0.0 0.0 0.0 0.0 
964 5.15437126159668 0.0 0.0 0.0 0.0 0.0 
965 5.159651756286621 0.0 0.0 0.0 0.0 0.0 
966 5.164887189865112 0.0 0.0 0.0 0.0 0.0 
967 5.170260190963745 0.0 0.0 0.0 0.0 0.0 
968 5.175540924072266 0.0 0.0 0.0 0.0 0.0 
969 5.180826187133789 0.0 0.0 0.0 0.0 0.0 
970 5.186065196990967 0.0 0.0 0.0 0.0 0.0 
971 5.191474676132202 0.0 0.0 0.0 0.0 0.0 
972 5.196828603744507 0.0 0.0 0.0 0.0 0.0 
973 5.202117919921875 0.0 0.0 0.0 0.0 0.0 
974 5.207336187362671 0.0 0.0 0.0 0.0 0.0 
975 5.21255898475647 0.0 0.0 0.0 0.0 0.0 
976 5.217872619628906 0.0 0.0 0.0 0.0 0.0 
977 5.223214387893677 0.0 0.0 0.0 0.0 0.0 
978 5.228645086288452 0.0 0.0 0.0 0.0 0.0 
979 5.2339394092559814 0.0 0.0 0.0 0.0 0.0 
980 5.239154815673828 0.0 0.0 0.0 0.0 0.0 
981 5.244534969329834 0.0 0.0 0.0 0.0 0.0 
982 5.2498815059661865 0.0 0.0 0.0 0.0 0.0 
983 5.255158424377441 0.0 0.0 0.0 0.0 0.0 
984 5.260368347167969 0.0 0.0 0.0 0.0 0.0 
985 5.265606641769409 0.0 0.0 0.0 0.0 0.0 
986 5.270816802978516 0.0 0.0 0.0 0.0 0.0 
987 5.276090860366821 0.0 0.0 0.0 0.0 0.0 
988 5.281430959701538 0.0 0.0 0.0 0.0 0.0 
989 5.286714315414429 0.0 0.0 0.0 0.0 0.0 
990 5.291937351226807 0.0 0.0 0.0 0.0 0.0 
991 5.297375202178955 0.0 0.0 0.0 0.0 0.0 
992 5.302640438079834 0.0 0.0 0.0 0.0 0.0 
993 5.3080058097839355 0.0 0.0 0.0 0.0 0.0 
994 5.3132922649383545 0.0 0.0 0.0 0.0 0.0 
995 5.318507671356201 0.0 0.0 0.0 0.0 0.0 
996 5.32380223274231 0.0 0.0 0.0 0.0 0.0 
997 5.329089641571045 0.0 0.0 0.0 0.0 0.0 
998 5.334469318389893 0.0 0.0 0.0 0.0 0.0 
999 5.339846849441528 0.0 0.0 0.0 0.0 0.0 
1000 5.345134973526001 0.0 0.0 0.0 0.0 0.0 
1001 5.350622177124023 0.0 0.0 0.0 0.0 0.0 
1002 5.355882883071899 0.0 0.0 0.0 0.0 0.0 
1003 5.36117696762085 0.0 0.0 0.0 0.0 0.0 
1004 5.366398572921753 0.0 0.0 0.0 -0.0040650486946105955 0.0 
1005 5.371610879898071 0.0 0.0 0.0 -0.00727107048034668 0.003834950923919678 
1006 5.376846790313721 0.0 0.0 0.0 -0.00919468355178833 0.006135921478271484 
1007 5.382102727890015 0.0 0.0 0.0 -0.012189627599716188 0.008897087454795838 
1008 5.38735818862915 0.0 0.0 0.0 -0.014983681387901307 0.011320776629447938 
1009 5.392682313919067 0.0 0.0 0.0 -0.017657201020240786 0.013772077493667604 
1010 5.397934675216675 0.0 0.0 0.0 -0.020181700902175907 0.01631664462852478 
1011 5.403344631195068 0.0 0.0 0.0 -0.022616788933868412 0.01907057003955841 
1012 5.408732891082764 0.0 0.0 0.0 -0.025765222424385073 0.023407393317108154 
1013 5.414007663726807 0.0 0.0 0.0 -0.02765428251869507 0.026009487283638 
1014 5.419281721115112 0.0 0.0 0.0 -0.030168299238962096 0.030792100532299804 
1015 5.4245617389678955 0.0 0.0 0.0 -0.03229030332629809 0.035425751390127255 
1016 5.429793834686279 0.0 0.0 0.0 -0.03410039759674627 0.040046718109886595 
1017 5.435032367706299 0.0 0.0 0.0 -0.03556995044350003 0.044660074346805065 
1018 5.440322637557983 0.0 0.0 0.0 -0.036835178436037154 0.04934556355091599 
1019 5.4456117153167725 0.0 0.0 0.0 -0.037824410022018105 0.05422773104913632 
1020 5.4509124755859375 0.0 0.0 0.0 -0.038571347487400626 0.05915120626692534 
1021 5.456238508224487 0.0 0.0 0.0 -0.03901950996663013 0.06210529139759875 
1022 5.461542844772339 0.0 0.0 0.0 -0.039211708197270864 0.06817288894130431 
1023 5.466848373413086 0.0 0.0 0.0 -0.03909692936496439 0.0739610207001784 
1024 5.472057342529297 0.0 0.0 0.0 -0.03872126801822485 0.07965817224505059 
1025 5.477285146713257 0.0 0.0 0.0 -0.037958976411902316 0.08530073566152163 
1026 5.482528924942017 0.0 0.0 0.0 -0.036888010373165254 0.09098724545784895 
1027 5.487746477127075 0.0 0.0 0.0 -0.035401741904288554 0.09662342382519307 
1028 5.493021249771118 0.0 0.0 0.0 -0.033436194206637154 0.10230610259204426 
1029 5.498247146606445 0.0 0.0 0.0 -0.031029680457926995 0.10793998234170268 
1030 5.503607749938965 0.0 0.0 0.0 -0.026671209387312655 0.11576884921012873 
1031 5.509005308151245 0.0 0.0 0.0 -0.022292046816545917 0.12269044182073208 
1032 5.514266014099121 0.0 0.0 0.0 -0.017823773069023007 0.1289142713628479 
1033 5.519540309906006 0.0 0.0 0.0 -0.010694263841413804 0.13479614232076811 
1034 5.524801731109619 0.0 0.0 0.0 -0.006416558304848282 0.14123983069714074 
1035 5.530010461807251 0.0 0.0 0.0 -0.0038499349829089692 0.14848079910550216 
1036 5.535621404647827 0.0 0.0 0.0 -0.0023099609897453814 0.152825380150519 
1037 5.541020393371582 0.0 0.0 0.0 0.0037528587170887456 0.16110785590651167 
1038 5.5462706089019775 0.0 0.0 0.0 0.009231328236368207 0.1684550183239134 
1039 5.551479339599609 0.0 0.0 0.0 0.014742680947367495 0.17524098081723166 
1040 5.556715250015259 0.0 0.0 0.0 0.020043668782939998 0.1815368367632348 
1041 5.562153577804565 0.0 0.0 0.0 0.025371833971876194 0.18723181983233206 
1042 5.567436218261719 0.0 0.0 0.0 0.03079300557478564 0.19241289258242078 
1043 5.572789669036865 0.0 0.0 0.0 0.0361165825122851 0.19720890796327845 
1044 5.5780158042907715 0.0 0.0 0.0 0.04138160265053856 0.20154380307283554 
1045 5.583240747451782 0.0 0.0 0.0 0.04653478982487647 0.20529522899202438 
1046 5.588465690612793 0.0 0.0 0.0 0.05323155714535313 0.20938685478813607 
1047 5.5936737060546875 0.0 0.0 0.0 0.05724961753763912 0.2118418302658031 
1048 5.5989015102386475 0.0 0.0 0.0 0.06288181362198686 0.21415850737827002 
1049 5.6041810512542725 0.0 0.0 0.0 0.06756501491455373 0.21562521290264713 
1050 5.609643459320068 0.0 0.0 0.0 0.07160212007515512 0.21642853696037642 
1051 5.615034103393555 0.0 0.0 0.0 0.07402438317151595 0.216910531395014 
1052 5.620283365249634 0.0 0.0 0.0 0.07731851797945338 0.21635603622992983 
1053 5.625560760498047 0.0 0.0 0.0 0.0799085914292755 0.21525635848283856 
1054 5.630770921707153 0.0 0.0 0.0 0.08184613103859557 0.2138295592656141 
1055 5.63599705696106 0.0 0.0 0.0 0.08331545034165938 0.21197638939561875 
1056 5.641315937042236 0.0 0.0 0.0 0.08419704192349767 0.2098673971339609 
1057 5.6466193199157715 0.0 0.0 0.0 0.08464929836076174 0.20752822410133756 
1058 5.651865482330322 0.0 0.0 0.0 0.08453715668369337 0.20497423142830895 
1059 5.657109975814819 0.0 0.0 0.0 0.08400967762618664 0.20221464771414022 
1060 5.662315607070923 0.0 0.0 0.0 0.08300289836972596 0.1993317093752874 
1061 5.667707681655884 0.0 0.0 0.0 0.08147844271331812 0.19629807092565615 
1062 5.6729736328125 0.0 0.0 0.0 0.07956668196004502 0.19317400048862887 
1063 5.678305625915527 0.0 0.0 0.0 0.07719244075049085 0.18984227234537002 
1064 5.683598518371582 0.0 0.0 0.0 0.07438731312590315 0.18646266075619813 
1065 5.688871383666992 0.0 0.0 0.0 0.0695595758659391 0.18144362278371307 
1066 5.6940882205963135 0.0 0.0 0.0 0.06666293350996068 0.17843220000022203 
1067 5.699299573898315 0.0 0.0 0.0 0.06147349131489689 0.17355738797517745 
1068 5.704493284225464 0.0 0.0 0.0 0.056442349790840715 0.16909851562221126 
1069 5.709697484970093 0.0 0.0 0.0 0.05142948978502117 0.16488921899342107 
1070 5.714905261993408 0.0 0.0 0.0 0.046350899805775655 0.1608296558782075 
1071 5.72022271156311 0.0 0.0 0.0 0.04115617258557759 0.15693663808850133 
1072 5.725533723831177 0.0 0.0 0.0 0.03589176376586606 0.15306684823720268 
1073 5.730832815170288 0.0 0.0 0.0 0.03058554524138838 0.14928768844538098 
1074 5.736090660095215 0.0 0.0 0.0 0.025254240894051014 0.14563961190660696 
1075 5.741445064544678 0.0 0.0 0.0 0.01990788505299784 0.14199348606276452 
1076 5.746821165084839 0.0 0.0 0.0 0.011944731031798703 0.13842522393231355 
1077 5.7520434856414795 0.0 0.0 0.0 0.007166838619079221 0.13498038524725892 
1078 5.757254362106323 0.0 0.0 0.0 0.004300103171447533 0.1315329013725451 
1079 5.762491226196289 0.0 0.0 0.0 -0.0011014934874894514 0.12823722293736528 
1080 5.767740726470947 0.0 0.0 0.0 -0.0062599269448114815 0.12495593446947331 
1081 5.773091793060303 0.0 0.0 0.0 -0.011272462481164537 0.12175997327838656 
1082 5.778502941131592 0.0 0.0 0.0 -0.014279983802976372 0.11984239656373451 
1083 5.7839038372039795 0.0 0.0 0.0 -0.021223331906999446 0.11501029812481754 
1084 5.789194583892822 0.0 0.0 0.0 -0.026923322927120505 0.11096055616847725 
1085 5.794453859329224 0.0 0.0 0.0 -0.031723898202874176 0.10730352288432152 
1086 5.799662113189697 0.0 0.0 0.0 -0.0358314284984457 0.10388212076394099 
1087 5.804951906204224 0.0 0.0 0.0 -0.03952313180590794 0.10060209138136111 
1088 5.810188293457031 0.0 0.0 0.0 -0.04281194040671066 0.09748359085882308 
1089 5.815390110015869 0.0 0.0 0.0 -0.04478522556719229 0.09561249054530026 
1090 5.820588111877441 0.0 0.0 0.0 -0.04788667212544111 0.09211215935384488 
1091 5.825937747955322 0.0 0.0 0.0 -0.050591231886257096 0.08886147774598155 
1092 5.831187009811401 0.0 0.0 0.0 -0.052980957331484176 0.08576057992780896 
1093 5.836482524871826 0.0 0.0 0.0 -0.055105082930460944 0.08282625760081228 
1094 5.841962099075317 0.0 0.0 0.0 -0.05699315234502278 0.07999187460805665 
1095 5.847373008728027 0.0 0.0 0.0 -0.05866288581180645 0.0772941604332071 
1096 5.8527116775512695 0.0 0.0 0.0 -0.060201620690155465 0.0747551408455337 
1097 5.857983350753784 0.0 0.0 0.0 -0.06112486161716487 0.07323172909292966 
1098 5.863299369812012 0.0 0.0 0.0 -0.06236909650521103 0.07063030435009832 
1099 5.868539094924927 0.0 0.0 0.0 -0.0633457322284974 0.06822575767853281 
1100 5.873893737792969 0.0 0.0 0.0 -0.06408511217626317 0.06601604306708825 
1101 5.879313707351685 0.0 0.0 0.0 -0.06460543940181962 0.06392322173125178 
1102 5.884637117385864 0.0 0.0 0.0 -0.0648409364802565 0.06128694826606888 
1103 5.889928102493286 0.0 0.0 0.0 -0.06467543769973075 0.059014890874886386 
1104 5.8951416015625 0.0 0.0 0.0 -0.06426934438405964 0.05696136312810413 
1105 5.900343894958496 0.0 0.0 0.0 -0.06356549583350737 0.05511565838532348 
1106 5.9055962562561035 0.0 0.0 0.0 -0.06252959264800023 0.05331794222758233 
1107 5.910821914672852 0.0 0.0 0.0 -0.06129445966175241 0.051702417734658834 
1108 5.916127681732178 0.0 0.0 0.0 -0.05978638730103399 0.05011950898372895 
1109 5.921368837356567 0.0 0.0 0.0 -0.058114554295865456 0.04870957415225367 
1110 5.9265947341918945 0.0 0.0 0.0 -0.056267765647129875 0.04732671845508969 
1111 5.93210244178772 0.0 0.0 0.0 -0.054316003612254055 0.04603680949540947 
1112 5.937372446060181 0.0 0.0 0.0 -0.053144946391328565 0.04526286411960133 
1113 5.942692041397095 0.0 0.0 0.0 -0.050524836596813436 0.04387811177181726 
1114 5.947930574417114 0.0 0.0 0.0 -0.047955683360675946 0.04258706482176498 
1115 5.953295469284058 0.0 0.0 0.0 -0.04534040480266808 0.041352241110351774 
1116 5.9585559368133545 0.0 0.0 0.0 -0.04269745105153798 0.04022785059901899 
1117 5.963857412338257 0.0 0.0 0.0 -0.03996119292763757 0.03916972000773445 
1118 5.969264984130859 0.0 0.0 0.0 -0.036018466306852626 0.037844551321123215 
1119 5.974599123001099 0.0 0.0 0.0 -0.033652830334381656 0.03704945010915647 
1120 5.979896545410156 0.0 0.0 0.0 -0.029932477004454373 0.035958798307032885 
1121 5.985336065292358 0.0 0.0 0.0 -0.02654977913327565 0.03492091094127387 
1122 5.990621566772461 0.0 0.0 0.0 -0.023523073051140014 0.03391468521756583 
1123 5.995901346206665 0.0 0.0 0.0 -0.020709962042430224 0.03285075424195918 
1124 6.001147747039795 0.0 0.0 0.0 -0.018025008077775944 0.03175220309544559 
1125 6.0063958168029785 0.0 0.0 0.0 -0.015647046110245887 0.0306328768661556 
1126 6.011656284332275 0.0 0.0 0.0 -0.0135299756176551 0.029424389310535034 
1127 6.016907215118408 0.0 0.0 0.0 -0.012259733322100628 0.028699296777162694 
1128 6.022145509719849 0.0 0.0 0.0 -0.007355839993260376 0.027037056127019968 
1129 6.027461528778076 0.0 0.0 0.0 -0.0044135039959562255 0.02534941842486158 
1130 6.032677173614502 0.0 0.0 0.0 -0.002648102397573735 0.02364654547172603 
1131 6.038092613220215 0.0 0.0 0.0 -0.001588861438544241 0.02178113285421024 
1132 6.043395757675171 0.0 0.0 0.0 -0.0009533168631265446 0.019894895694963277 
1133 6.048994541168213 0.0 0.0 0.0 -0.0005719901178759268 0.017996160830445373 
1134 6.05452299118042 0.0 0.0 0.0 -0.00034319407072555606 0.01601323106610017 
1135 6.0598790645599365 0.0 0.0 0.0 -0.00020591644243533362 0.0132127947731211 
1136 6.065162897109985 0.0 0.0 0.0 -0.00012354986546120016 0.007927676863872659 
1137 6.070407867431641 0.0 0.0 0.0 -7.412991927672009e-05 0.004756606118323595 
1138 6.075754404067993 0.0 0.0 0.0 -0.003956128132382683 0.0028539636709941567 
1139 6.08104944229126 0.0 0.0 0.0 -0.006822221858525069 0.001712378202596494 
1140 6.086300373077393 0.0 0.0 0.0 -0.009155469169154043 0.0010274269215578963 
1141 6.091654539108276 0.0 0.0 0.0 -0.011322410124501154 0.0006164561529347377 
1142 6.096924543380737 0.0 0.0 0.0 -0.01262257469770942 0.0003698736917608426 
1143 6.102210521697998 0.0 0.0 0.0 -0.015013351876006328 0.00022192421505650556 
1144 6.107416152954102 0.0 0.0 0.0 -0.01729150702861893 0.00013315452903390332 
1145 6.112622499465942 0.0 0.0 0.0 -0.019578788222717927 -0.003601662672937629 
1146 6.117881774902344 0.0 0.0 0.0 -0.021794848765044027 -0.006302745555270146 
1147 6.123110294342041 0.0 0.0 0.0 -0.023968173936074144 -0.008230192312257547 
1148 6.128360748291016 0.0 0.0 0.0 -0.026039158627429705 -0.009540058880243932 
1149 6.133640766143799 0.0 0.0 0.0 -0.027972042754315793 -0.010325978821035763 
1150 6.138847827911377 0.0 0.0 0.0 -0.029745364305390987 -0.010567433014819945 
1151 6.144432783126831 0.0 0.0 0.0 -0.03172974533856754 -0.006340459808891967 
1152 6.149691820144653 0.0 0.0 0.0 -0.03322717098606136 -0.00380427588533518 
1153 6.154981374740601 0.0 0.0 0.0 -0.0342790248883516 -0.0022825655312011077 
1154 6.160261631011963 0.0 0.0 0.0 -0.03506353574351969 -0.0013695393187206646 
1155 6.165494441986084 0.0 0.0 0.0 -0.035534242256620545 -0.0008217235912323988 
1156 6.170712471008301 0.0 0.0 0.0 -0.03581666616448106 -0.0004930341547394392 
1157 6.175913572311401 0.0 0.0 0.0 -0.03598612050919736 -0.00029582049284366353 
1158 6.181137800216675 0.0 0.0 0.0 -0.03570429683154228 0.0036574586282134797 
1159 6.186384201049805 0.0 0.0 0.0 -0.035228405597361345 0.0073333104878640625 
1160 6.19158935546875 0.0 0.0 0.0 -0.03448267829570319 0.010996104504464654 
1161 6.1974358558654785 0.0 0.0 0.0 -0.033498347116429475 0.014651060835003012 
1162 6.202783823013306 0.0 0.0 0.0 -0.032294157333921714 0.01845471604793021 
1163 6.208138942718506 0.0 0.0 0.0 -0.0308813501523443 0.02234758761005848 
1164 6.213449001312256 0.0 0.0 0.0 -0.029189976997763392 0.02644739047573358 
1165 6.2186830043792725 0.0 0.0 0.0 -0.027331464259380385 0.03067134914330453 
1166 6.223901271820068 0.0 0.0 0.0 -0.025219269256922174 0.0350465035291422 
1167 6.229211330413818 0.0 0.0 0.0 -0.021804379022796493 0.041506547084564485 
1168 6.234426259994507 0.0 0.0 0.0 -0.019755444882321085 0.045382573217817856 
1169 6.239651918411255 0.0 0.0 0.0 -0.01607171413779719 0.05146644056479258 
1170 6.244880199432373 0.0 0.0 0.0 -0.009643028482678314 0.05688083792114331 
1171 6.25083589553833 0.0 0.0 0.0 -0.005785817089606988 0.06189355328311964 
1172 6.256190538406372 0.0 0.0 0.0 -0.0034714902537641926 0.06490118250030544 
1173 6.261552095413208 0.0 0.0 0.0 -0.0020828941522585153 0.06992712285982529 
1174 6.266805648803711 0.0 0.0 0.0 -0.0012497364913551092 0.0743999669961152 
1175 6.2720465660095215 0.0 0.0 0.0 -0.0007498418948130654 0.07854095935893163 
1176 6.277296543121338 0.0 0.0 0.0 0.003845241328413675 0.08232943618340555 
1177 6.282589673995972 0.0 0.0 0.0 0.007676077878675097 0.08590640368487396 
1178 6.287858247756958 0.0 0.0 0.0 0.01104836642515733 0.0892030730392096 
1179 6.293138265609741 0.0 0.0 0.0 0.014068826912475074 0.0923315575448011 
1180 6.298372983932495 0.0 0.0 0.0 0.016724792050500183 0.0952824378447136 
1181 6.303734302520752 0.0 0.0 0.0 0.019162059978949708 0.09805005040385728 
1182 6.309015274047852 0.0 0.0 0.0 0.02139141181487303 0.10063100902210716 
1183 6.314538955688477 0.0 0.0 0.0 0.023496013995280632 0.1030232700584593 
1184 6.319751024246216 0.0 0.0 0.0 0.025985959688586455 0.10591591256131307 
1185 6.3250298500061035 0.0 0.0 0.0 0.02809351892457155 0.10818838690083965 
1186 6.330284357070923 0.0 0.0 0.0 0.029818248517428324 0.11008876630283441 
1187 6.3355491161346436 0.0 0.0 0.0 0.03131328106946617 0.11168918948541312 
1188 6.340827226638794 0.0 0.0 0.0 0.03267049465195459 0.11303293967944521 
1189 6.346070051193237 0.0 0.0 0.0 0.03386831834087445 0.11414598682345234 
1190 6.35138463973999 0.0 0.0 0.0 0.0349705073485951 0.11512061213744451 
1191 6.35681676864624 0.0 0.0 0.0 0.03593861703575733 0.11593547913606625 
1192 6.362238645553589 0.0 0.0 0.0 0.03682627913058449 0.1166544971059302 
1193 6.367532968521118 0.0 0.0 0.0 0.03758897341311365 0.11731600565853952 
1194 6.37278938293457 0.0 0.0 0.0 0.03804658998263115 0.1177129107901051 
1195 6.377990245819092 0.0 0.0 0.0 0.03862795620687147 0.11833455015352931 
1196 6.383230447769165 0.0 0.0 0.0 0.03913017371015155 0.11886093228537778 
1197 6.388456344604492 0.0 0.0 0.0 0.039431504212119606 0.1193301600782808 
1198 6.393669843673706 0.0 0.0 0.0 0.03968900177019741 0.11976509526781656 
1199 6.398874044418335 0.0 0.0 0.0 0.039766801048147116 0.12017945489533197 
1200 6.40411901473999 0.0 0.0 0.0 0.03981348061491694 0.12050476992873818 
1201 6.4095141887664795 0.0 0.0 0.0 0.03968809058624295 0.12085335746257586 
1202 6.414920091629028 0.0 0.0 0.0 0.03945945805524461 0.12113920923977545 
1203 6.420352935791016 0.0 0.0 0.0 0.03886208448537989 0.12154081211632163 
1204 6.425656318664551 0.0 0.0 0.0 0.03819686406093122 0.12193517235604329 
1205 6.430868148803711 0.0 0.0 0.0 0.03749093552373219 0.12224848775677324 
1206 6.436084032058716 0.0 0.0 0.0 0.036683883607044034 0.12258987551100517 
1207 6.441289186477661 0.0 0.0 0.0 0.0358928561745013 0.12294810667733827 
1208 6.44650936126709 0.0 0.0 0.0 0.035418239714975666 0.12362324091851998 
1209 6.4517529010772705 0.0 0.0 0.0 0.03513346983926029 0.12402832146322898 
1210 6.456965923309326 0.0 0.0 0.0 0.03787717148027736 0.12703253707788092 
1211 6.462307691574097 0.0 0.0 0.0 0.04144086867190551 0.13036904562414708 
1212 6.46765661239624 0.0 0.0 0.0 0.044882970628840634 0.13298454480708255 
1213 6.47351336479187 0.0 0.0 0.0 0.04825211544495994 0.13332665620649226 
1214 6.478953838348389 0.0 0.0 0.0 0.051654185047222224 0.13215134238245707 
1215 6.484281063079834 0.0 0.0 0.0 0.05538280574549245 0.13098595854665412 
1216 6.489555597305298 0.0 0.0 0.0 0.05984425033968095 0.12974983344689353 
1217 6.494811058044434 0.0 0.0 0.0 0.06658616653586272 0.12716738218197432 
1218 6.500029563903809 0.0 0.0 0.0 0.07247209320369269 0.12431403001623872 
1219 6.5052330493927 0.0 0.0 0.0 0.07792112541140858 0.12145152986334279 
1220 6.510433197021484 0.0 0.0 0.0 0.08310802019799796 0.11858354687861511 
1221 6.515769004821777 0.0 0.0 0.0 0.08798423550823359 0.11594236600501483 
1222 6.521042823791504 0.0 0.0 0.0 0.09244394536196607 0.11343727235855547 
1223 6.526333808898926 0.0 0.0 0.0 0.09619355789053093 0.11109052434481315 
1224 6.53157639503479 0.0 0.0 0.0 0.09844332540766984 0.10968247553656775 
1225 6.5369439125061035 0.0 0.0 0.0 0.10117376807175035 0.10753376484483645 
1226 6.5422186851501465 0.0 0.0 0.0 0.10373242326284621 0.10570764363151888 
1227 6.547455310821533 0.0 0.0 0.0 0.10634140299382909 0.10407507610524952 
1228 6.552667140960693 0.0 0.0 0.0 0.10875047967805328 0.1024819474947766 
1229 6.5578742027282715 0.0 0.0 0.0 0.11050272122605957 0.10098917553021404 
1230 6.563101053237915 0.0 0.0 0.0 0.1114773683880825 0.09978671532388861 
1231 6.568627595901489 0.0 0.0 0.0 0.11198545742839927 0.09883514142940245 
1232 6.57392954826355 0.0 0.0 0.0 0.11213691233879539 0.0981107985789168 
1233 6.579270839691162 0.0 0.0 0.0 0.11199768751434214 0.09767619286862542 
1234 6.584672212600708 0.0 0.0 0.0 0.11176075559599236 0.09741542944245057 
1235 6.590277194976807 0.0 0.0 0.0 0.11131179941739461 0.09710557287295174 
1236 6.595531702041626 0.0 0.0 0.0 0.11088902868655813 0.09668956116056152 
1237 6.600769758224487 0.0 0.0 0.0 0.1104819677342623 0.09628655561933344 
1238 6.605975389480591 0.0 0.0 0.0 0.11008433264909086 0.09589135974126711 
1239 6.611196994781494 0.0 0.0 0.0 0.109845751597988 0.09565424221442732 
1240 6.616418123245239 0.0 0.0 0.0 0.10954920445353233 0.09543527244142647 
1241 6.621748208999634 0.0 0.0 0.0 0.10929457840007809 0.09515049206383203 
1242 6.627070903778076 0.0 0.0 0.0 0.10906510351110855 0.09490292458037838 
1243 6.632364749908447 0.0 0.0 0.0 0.10885071932082986 0.09467768483340921 
1244 6.637633562088013 0.0 0.0 0.0 0.10872208880666265 0.09454254098522771 
1245 6.642901182174683 0.0 0.0 0.0 0.10864491049816231 0.09438475541942185 
1246 6.648151397705078 0.0 0.0 0.0 0.10859860351306212 0.09421338482304134 
1247 6.653404474258423 0.0 0.0 0.0 0.10857081932200201 0.09403386320831608 
1248 6.658630609512329 0.0 0.0 0.0 0.10855414880736594 0.09377275172568697 
1249 6.663846015930176 0.0 0.0 0.0 0.10854414649858429 0.09353938557921254 
1250 6.669057130813599 0.0 0.0 0.0 0.1085381451133153 0.09324596737753393 
1251 6.6745805740356445 0.0 0.0 0.0 0.10853454428215391 0.0929932171996298 
1252 6.679893970489502 0.0 0.0 0.0 0.10853238378345707 0.09268816857909337 
1253 6.685243129730225 0.0 0.0 0.0 0.10853108748423898 0.0922750416360806 
1254 6.690489292144775 0.0 0.0 0.0 0.10853030970470812 0.09195046621337595 
1255 6.695708751678467 0.0 0.0 0.0 0.1085298430369896 0.09167902170285619 
1256 6.7009477615356445 0.0 0.0 0.0 0.1085295630363585 0.09143945573964737 
1257 6.706210136413574 0.0 0.0 0.0 0.10852939503597983 0.09121901690482512 
1258 6.711416959762573 0.0 0.0 0.0 0.10852929423575262 0.09101005434703478 
1259 6.716619968414307 0.0 0.0 0.0 0.10837583524182237 0.09065458500213414 
1260 6.721834659576416 0.0 0.0 0.0 0.1082837598454642 0.09044130339519374 
1261 6.727139711380005 0.0 0.0 0.0 0.10807511609385537 0.0900832366603386 
1262 6.732422590255737 0.0 0.0 0.0 0.10794992984289006 0.08979169736252854 
1263 6.7377541065216064 0.0 0.0 0.0 0.10772142106863306 0.08938667601315159 
1264 6.743093490600586 0.0 0.0 0.0 0.10750761654718188 0.08906696394662844 
1265 6.748376131057739 0.0 0.0 0.0 0.1073026345774142 0.0887217381929206 
1266 6.753621578216553 0.0 0.0 0.0 0.10710294613865662 0.08836120422690197 
1267 6.758821487426758 0.0 0.0 0.0 0.10690643381850509 0.08799148533349684 
1268 6.76405668258667 0.0 0.0 0.0 0.10671182716951721 0.08761625548365981 
1269 6.769325017929077 0.0 0.0 0.0 0.10651836541334364 0.08731441831686063 
1270 6.774759531021118 0.0 0.0 0.0 0.10624888984584555 0.08682651898919322 
1271 6.780194520950317 0.0 0.0 0.0 0.10601050524844971 0.08638038087879883 
1272 6.785500764846802 0.0 0.0 0.0 0.10579077523311524 0.08595929949876825 
1273 6.790788650512695 0.0 0.0 0.0 0.10558223796701757 0.08547655886052347 
1274 6.796015739440918 0.0 0.0 0.0 0.105380416350462 0.08503351596378264 
1275 6.801320791244507 0.0 0.0 0.0 0.1051826256137478 0.08453759245504724 
1276 6.806596994400024 0.0 0.0 0.0 0.10498725191482233 0.08400994057911508 
1277 6.811848402023315 0.0 0.0 0.0 0.10479332843857006 0.08346325168286486 
1278 6.817092657089233 0.0 0.0 0.0 0.10460027509592174 0.0829051405744238 
1279 6.822297811508179 0.0 0.0 0.0 0.10448444309033274 0.08234017613866826 
1280 6.827497720718384 0.0 0.0 0.0 0.10433824463008236 0.08177109970652402 
1281 6.8328468799591064 0.0 0.0 0.0 0.10417382629703516 0.08119955607654655 
1282 6.838111400604248 0.0 0.0 0.0 0.10399847604030987 0.08062653212786916 
1283 6.8433997631073 0.0 0.0 0.0 0.1038932658862747 0.08012932520533325 
1284 6.84865140914917 0.0 0.0 0.0 0.10383013979385361 0.0796009032811208 
1285 6.8538978099823 0.0 0.0 0.0 0.10379226413840095 0.07928385012659331 
1286 6.859265089035034 0.0 0.0 0.0 0.1036928409783485 0.07863342269249499 
1287 6.864499568939209 0.0 0.0 0.0 0.10363318708231702 0.07801306846134508 
1288 6.869731903076172 0.0 0.0 0.0 0.10352069548780116 0.07733405889506724 
1289 6.874987602233887 0.0 0.0 0.0 0.10345320053109164 0.07692665315530053 
1290 6.880394220352173 0.0 0.0 0.0 0.10333600430016895 0.07629871342695566 
1291 6.8857526779174805 0.0 0.0 0.0 0.10295888953402746 0.07553845330546385 
1292 6.891015529632568 0.0 0.0 0.0 0.10273262067434255 0.07492890467923931 
1293 6.896312952041626 0.0 0.0 0.0 0.10221336456416287 0.07417967921901972 
1294 6.9015793800354 0.0 0.0 0.0 0.10190181089805506 0.07357674542909402 
1295 6.90681266784668 0.0 0.0 0.0 0.10140808316091861 0.0729081881275507 
1296 6.912137985229492 0.0 0.0 0.0 0.10111184651863674 0.07227695597593381 
1297 6.9174182415008545 0.0 0.0 0.0 0.10062730750567972 0.07166811891427274 
1298 6.922630310058594 0.0 0.0 0.0 0.10033658409790551 0.07107271890658519 
1299 6.9278340339660645 0.0 0.0 0.0 0.09985535451576921 0.07048538113128175 
1300 6.9331135749816895 0.0 0.0 0.0 0.09956661676648744 0.07013297846609967 
1301 6.938491344451904 0.0 0.0 0.0 0.09900987932254962 0.06946134728607307 
1302 6.943826675415039 0.0 0.0 0.0 0.0987525361130839 0.0688282708073662 
1303 6.949115753173828 0.0 0.0 0.0 0.09821463390291962 0.06814162789255418 
1304 6.9543657302856445 0.0 0.0 0.0 0.09796859183371803 0.06757624362987302 
1305 6.959582567214966 0.0 0.0 0.0 0.09743747179782833 0.06693021604467644 
1306 6.964897871017456 0.0 0.0 0.0 0.09719549903319147 0.06638920097976454 
1307 6.970260381698608 0.0 0.0 0.0 0.09674351834682146 0.06575779491322951 
1308 6.975579738616943 0.0 0.0 0.0 0.09631893291132163 0.06491875573192667 
1309 6.980902910232544 0.0 0.0 0.0 0.09606418165002173 0.06418524041291851 
1310 6.98613715171814 0.0 0.0 0.0 0.09583463163634483 0.0635150334508227 
1311 6.991687774658203 0.0 0.0 0.0 0.09569690162813868 0.0628828115028743 
1312 6.9971537590026855 0.0 0.0 0.0 0.09569096288011197 0.06235007982031131 
1313 7.002860069274902 0.0 0.0 0.0 0.0957640973980768 0.06187704229697957 
1314 7.008418083190918 0.0 0.0 0.0 0.09580797810885569 0.06143982126918658 
1315 7.013789415359497 0.0 0.0 0.0 0.09583430653532303 0.061177488652510784 
1316 7.019237756729126 0.0 0.0 0.0 0.09600350210499738 0.060636592798020444 
1317 7.024643182754517 0.0 0.0 0.0 0.09610501944680198 0.0601586567715323 
1318 7.030826807022095 0.0 0.0 0.0 0.09616592985188474 0.0596417973849485 
1319 7.036226034164429 0.0 0.0 0.0 0.09612577683803744 0.0590248906858748 
1320 7.041702747344971 0.0 0.0 0.0 0.09617838428662602 0.058501348152636634 
1321 7.047260522842407 0.0 0.0 0.0 0.09605655024198523 0.05788042560510585 
1322 7.05259108543396 0.0 0.0 0.0 0.09598344981520075 0.057354473562793426 
1323 7.057908773422241 0.0 0.0 0.0 0.09586289179234922 0.056732105309818086 
1324 7.063198804855347 0.0 0.0 0.0 0.09579055697863828 0.05628198510113591 
1325 7.068493604660034 0.0 0.0 0.0 0.09559375757661778 0.05570511594833871 
1326 7.073781490325928 0.0 0.0 0.0 0.09547567793540548 0.05535899445666039 
1327 7.079035043716431 0.0 0.0 0.0 0.09525143163688415 0.05484452453406551 
1328 7.084479808807373 0.0 0.0 0.0 0.09511688385777137 0.05445914332361161 
1329 7.0897722244262695 0.0 0.0 0.0 0.09488275667650975 0.05392111756975138 
1330 7.095037221908569 0.0 0.0 0.0 0.09474228036775278 0.05359830211743524 
1331 7.1004250049591064 0.0 0.0 0.0 0.09450459755882076 0.05302112252202517 
1332 7.105810880661011 0.0 0.0 0.0 0.09413189010277064 0.052291318480294266 
1333 7.111129999160767 0.0 0.0 0.0 0.09390826562914056 0.05185343605525572 
1334 7.116387128829956 0.0 0.0 0.0 0.09354399466438772 0.051360608829541674 
1335 7.121665954589844 0.0 0.0 0.0 0.09324873282863905 0.05114161175101022 
1336 7.126947641372681 0.0 0.0 0.0 0.09284147795649891 0.05085681499009741 
1337 7.132287263870239 0.0 0.0 0.0 0.09259712503321485 0.050762636190446686 
1338 7.137639284133911 0.0 0.0 0.0 0.0924505132792444 0.05078282816755323 
1339 7.142899036407471 0.0 0.0 0.0 0.0924392454837591 0.05087164261071413 
1340 7.148139953613281 0.0 0.0 0.0 0.09243248480646793 0.05100163053350764 
1341 7.153546094894409 0.0 0.0 0.0 0.09250512765699019 0.05123302180097769 
1342 7.15893816947937 0.0 0.0 0.0 0.09254871336730355 0.05160195433215064 
1343 7.164252042770386 0.0 0.0 0.0 0.09265156405038855 0.05205341162154533 
1344 7.169546604156494 0.0 0.0 0.0 0.09278997371713651 0.05247767854851161 
1345 7.174834251403809 0.0 0.0 0.0 0.0928730195171853 0.05273223870469138 
1346 7.180142879486084 0.0 0.0 0.0 0.09307624402089239 0.053575268110471995 
1347 7.185495376586914 0.0 0.0 0.0 0.0932748779800136 0.05415778501083734 
1348 7.1907618045806885 0.0 0.0 0.0 0.09347075761238333 0.054583994407953515 
1349 7.1959755420684814 0.0 0.0 0.0 0.09358828539180515 0.054839720046223214 
1350 7.2012152671813965 0.0 0.0 0.0 0.09365880205945824 0.05499315542918504 
1351 7.206537246704102 0.0 0.0 0.0 0.0937011120600501 0.0551619159158591 
1352 7.2118024826049805 0.0 0.0 0.0 0.09372649806040523 0.055263172207863545 
1353 7.217110633850098 0.0 0.0 0.0 0.09366503040372132 0.05532392598306621 
1354 7.222344875335693 0.0 0.0 0.0 0.093551450552814 0.055360378248187805 
1355 7.227550268173218 0.0 0.0 0.0 0.09340660338537263 0.05530555035036379 
1356 7.232774019241333 0.0 0.0 0.0 0.09324299731812696 0.05519595435477241 
1357 7.237985849380493 0.0 0.0 0.0 0.09299143516398561 0.05497679824362364 
1358 7.243178606033325 0.0 0.0 0.0 0.09268709935770686 0.054768605320037404 
1359 7.24836540222168 0.0 0.0 0.0 0.09235109936014566 0.054490291052091716 
1360 7.253589153289795 0.0 0.0 0.0 0.09214949936160893 0.054323302491324305 
1361 7.2589216232299805 0.0 0.0 0.0 0.09172174382501513 0.05399301158417294 
1362 7.264182090759277 0.0 0.0 0.0 0.09131169273432296 0.05371813778298515 
1363 7.269512414932251 0.0 0.0 0.0 0.09091226356611372 0.05339982094894301 
1364 7.274728298187256 0.0 0.0 0.0 0.09044250903955532 0.053055432334723776 
1365 7.280041217803955 0.0 0.0 0.0 0.08993055929798742 0.05269540065239829 
1366 7.285330533981323 0.0 0.0 0.0 0.08946999168431079 0.05232598312920906 
1367 7.2907116413116455 0.0 0.0 0.0 0.08881015557667801 0.0518742348446046 
1368 7.295945644378662 0.0 0.0 0.0 0.08826085614336246 0.05152648661694495 
1369 7.301172256469727 0.0 0.0 0.0 0.08777787796957918 0.05124113842345219 
1370 7.306372165679932 0.0 0.0 0.0 0.08725799403967635 0.050993230250459556 
1371 7.311709880828857 0.0 0.0 0.0 0.08679266591299878 0.05076778608976701 
1372 7.316967248916626 0.0 0.0 0.0 0.08636007052319827 0.050555820336454504 
1373 7.322259187698364 0.0 0.0 0.0 0.0859471155205821 0.050351941627570035 
1374 7.3274922370910645 0.0 0.0 0.0 0.08554594400521845 0.050152915145342376 
1375 7.332860469818115 0.0 0.0 0.0 0.08530524109600025 0.05003349925600578 
1376 7.338135719299316 0.0 0.0 0.0 0.08493072232483648 0.049808451208609876 
1377 7.343359470367432 0.0 0.0 0.0 0.08462931180524125 0.04967342238017233 
1378 7.348721027374268 0.0 0.0 0.0 0.08429506772474822 0.049515705826212834 
1379 7.353936195373535 0.0 0.0 0.0 0.08394112350771651 0.04934437663694016 
1380 7.359133958816528 0.0 0.0 0.0 0.08357535846370355 0.04916487986647959 
1381 7.364776134490967 0.0 0.0 0.0 0.0832792001803988 0.048980482547306275 
1382 7.370121717453003 0.0 0.0 0.0 0.08294810744168006 0.04879314489890531 
1383 7.375499963760376 0.0 0.0 0.0 0.08244265551591898 0.048527343796070786 
1384 7.380783319473267 0.0 0.0 0.0 0.08198598659172646 0.048214464620576124 
1385 7.386030912399292 0.0 0.0 0.0 0.08155858672341698 0.047950043818846835 
1386 7.391396522521973 0.0 0.0 0.0 0.08122544829059239 0.04771469208091229 
1387 7.3966755867004395 0.0 0.0 0.0 0.0808721667171037 0.047420082524357615 
1388 7.4018940925598145 0.0 0.0 0.0 0.0805068000042746 0.047089918276630865 
1389 7.407098770141602 0.0 0.0 0.0 0.0801341814627832 0.04673842121420087 
1390 7.412322998046875 0.0 0.0 0.0 0.07991061033788835 0.04652752297674287 
1391 7.4181201457977295 0.0 0.0 0.0 0.0793929728685827 0.046170886263577154 
1392 7.423470973968506 0.0 0.0 0.0 0.07892899187320536 0.04580350572188378 
1393 7.428766250610352 0.0 0.0 0.0 0.0784205062503461 0.04542967888307381 
1394 7.433984994888306 0.0 0.0 0.0 0.07796201710789466 0.04505198426599388 
1395 7.439222097396851 0.0 0.0 0.0 0.07753352510862985 0.044671968981951984 
1396 7.444453239440918 0.0 0.0 0.0 0.07712303214033507 0.0442905612977329 
1397 7.449704170227051 0.0 0.0 0.0 0.07664663933372534 0.0439083181734075 
1398 7.455033540725708 0.0 0.0 0.0 0.0762074055084946 0.04360227304191529 
1399 7.460297107696533 0.0 0.0 0.0 0.07556037004645838 0.04311185489589654 
1400 7.465508460998535 0.0 0.0 0.0 0.07494205174360379 0.04274090475138832 
1401 7.4713215827941895 0.0 0.0 0.0 0.07434096336372914 0.04244163540778642 
1402 7.476620674133301 0.0 0.0 0.0 0.0737502133101715 0.042185374544728316 
1403 7.481903553009033 0.0 0.0 0.0 0.07316566625240405 0.0418782195130995 
1404 7.487143278121948 0.0 0.0 0.0 0.0725848406195817 0.04154052798032827 
1405 7.492509841918945 0.0 0.0 0.0 0.07223634523988828 0.04133791306066553 
1406 7.497812509536743 0.0 0.0 0.0 0.07149035507643858 0.040909547081279994 
1407 7.503048658370972 0.0 0.0 0.0 0.07081266358020687 0.040575828236751696 
1408 7.5083746910095215 0.0 0.0 0.0 0.07009925277246704 0.04022219841624078 
1409 7.513605356216431 0.0 0.0 0.0 0.06944110888966126 0.03993332126703725 
1410 7.518824338912964 0.0 0.0 0.0 0.06873942646371248 0.039683295720618156 
1411 7.524181842803955 0.0 0.0 0.0 0.06808831998251035 0.03945658113586974 
1412 7.529423236846924 0.0 0.0 0.0 0.06739085981125922 0.03916715387122674 
1413 7.534748554229736 0.0 0.0 0.0 0.0667422866828757 0.03899349751244094 
1414 7.539993762969971 0.0 0.0 0.0 0.0659696476389478 0.03873590518337551 
1415 7.545205593109131 0.0 0.0 0.0 0.0652759670006937 0.038581349785936254 
1416 7.550399303436279 0.0 0.0 0.0 0.06424616633207834 0.03825851877678178 
1417 7.555649995803833 0.0 0.0 0.0 0.06362828593090913 0.0380648201712891 
1418 7.560969352722168 0.0 0.0 0.0 0.06295076150081004 0.03787190175109652 
1419 7.566295862197876 0.0 0.0 0.0 0.06200735353458789 0.03760275516541926 
1420 7.571510076522827 0.0 0.0 0.0 0.0614413087548546 0.037441267214012905 
1421 7.576883554458618 0.0 0.0 0.0 0.06048808955478561 0.03726767518627212 
1422 7.582130432128906 0.0 0.0 0.0 0.05968606086941297 0.037163519969627655 
1423 7.587390422821045 0.0 0.0 0.0 0.058821348491291614 0.037024327582744 
1424 7.592599868774414 0.0 0.0 0.0 0.058072423945653685 0.03694081215061381 
1425 7.597960710525513 0.0 0.0 0.0 0.05723957405137316 0.0368907028913357 
1426 7.603196382522583 0.0 0.0 0.0 0.056433067832275 0.03686063733576883 
1427 7.6084535121917725 0.0 0.0 0.0 0.055642368004550795 0.03676589874553173 
1428 7.613698482513428 0.0 0.0 0.0 0.054861152011650954 0.036709055591389476 
1429 7.618986368179321 0.0 0.0 0.0 0.054008927249013274 0.03667494969890412 
1430 7.6242592334747314 0.0 0.0 0.0 0.05319079610890084 0.03665448616341291 
1431 7.629611253738403 0.0 0.0 0.0 0.052316422257935605 0.03664220804211818 
1432 7.634867906570435 0.0 0.0 0.0 0.051485001664826634 0.03663484116934134 
1433 7.640185594558716 0.0 0.0 0.0 0.050602654142063476 0.03663042104567524 
1434 7.645413160324097 0.0 0.0 0.0 0.04968975046150781 0.03662776897147558 
1435 7.650633811950684 0.0 0.0 0.0 0.04875851308627663 0.03662617772695578 
1436 7.6560282707214355 0.0 0.0 0.0 0.048199770661137925 0.036625222980243906 
1437 7.661527395248413 0.0 0.0 0.0 0.04671403933283235 0.03662465013221678 
1438 7.666951417922974 0.0 0.0 0.0 0.04536240648458329 0.03654760716650353 
1439 7.672428607940674 0.0 0.0 0.0 0.04416793123620705 0.03650138138707558 
1440 7.677891969680786 0.0 0.0 0.0 0.04306775129281256 0.03647364591941881 
1441 7.683525085449219 0.0 0.0 0.0 0.042024147787349066 0.03645700463882475 
1442 7.6890528202056885 0.0 0.0 0.0 0.040937791632805254 0.03644701987046831 
1443 7.694715261459351 0.0 0.0 0.0 0.039902483145710224 0.03644102900945445 
1444 7.700251817703247 0.0 0.0 0.0 0.038821103257129425 0.036360735235949154 
1445 7.70599102973938 0.0 0.0 0.0 0.0377887805296122 0.03631255897184598 
1446 7.711515188217163 0.0 0.0 0.0 0.03632569730240935 0.03628365321338407 
1447 7.717072010040283 0.0 0.0 0.0 0.034987653314821926 0.03618961050140996 
1448 7.722527265548706 0.0 0.0 0.0 0.033801331382842664 0.036133184874225496 
1449 7.7279372215271 0.0 0.0 0.0 0.03255264491549242 0.036022630241017844 
1450 7.733434438705444 0.0 0.0 0.0 0.03180343303508227 0.03595629746109325 
1451 7.739047050476074 0.0 0.0 0.0 0.030510216316143663 0.03583980151647376 
1452 7.744515657424927 0.0 0.0 0.0 0.029427490747308722 0.035769903949702066 
1453 7.751727342605591 0.0 0.0 0.0 0.028240962097845074 0.03565126615274208 
1454 7.757171392440796 0.0 0.0 0.0 0.026838753086210247 0.03550338421766911 
1455 7.762506484985352 0.0 0.0 0.0 0.025690632141757583 0.03533795579972836 
1456 7.767795085906982 0.0 0.0 0.0 0.02469496254749809 0.035238698748963904 
1457 7.773093938827515 0.0 0.0 0.0 0.023790765253470625 0.03525584377540221 
1458 7.7784295082092285 0.0 0.0 0.0 0.0230948483632602 0.035189431534368217 
1459 7.784063339233398 0.0 0.0 0.0 0.022370502691662172 0.035149584189747826 
1460 7.789647102355957 0.0 0.0 0.0 0.021782496774909413 0.035048976526078614 
1461 7.795587062835693 0.0 0.0 0.0 0.021199595454166838 0.034911912670980115 
1462 7.801706314086914 0.0 0.0 0.0 0.020696457638043467 0.03482967435792102 
1463 7.8080220222473145 0.0 0.0 0.0 0.0202411764345755 0.03478033137008556 
1464 7.8139636516571045 0.0 0.0 0.0 0.019814609198700775 0.03475072557738428 
1465 7.819912672042847 0.0 0.0 0.0 0.019405271833498113 0.03473296210176352 
1466 7.825754880905151 0.0 0.0 0.0 0.019159669414376516 0.03479900327328803 
1467 7.832061290740967 0.0 0.0 0.0 0.018935608706006586 0.034915327233099716 
1468 7.837541103363037 0.0 0.0 0.0 0.018724473024087654 0.034985121608986716 
1469 7.842926025390625 0.0 0.0 0.0 0.0185977916149363 0.03502699823451892 
1470 7.848337411880493 0.0 0.0 0.0 0.018598482026342456 0.03505212420983825 
1471 7.856230020523071 0.0 0.0 0.0 0.018675595530083123 0.03506719979502984 
1472 7.861866235733032 0.0 0.0 0.0 0.01895195991290232 0.03515294440304177 
1473 7.867717981338501 0.0 0.0 0.0 0.019271177056387784 0.0352810904247459 
1474 7.873259782791138 0.0 0.0 0.0 0.019539406599376037 0.03535797803776838 
1475 7.879006624221802 0.0 0.0 0.0 0.019853741348846814 0.03548080986247884 
1476 7.88470458984375 0.0 0.0 0.0 0.020195740712323225 0.035554508957305116 
1477 7.890249013900757 0.0 0.0 0.0 0.02055433884420302 0.03559872841420088 
1478 7.895628213882446 0.0 0.0 0.0 0.020769497723330893 0.03562526008833834 
1479 7.901089668273926 0.0 0.0 0.0 0.02151218561586728 0.035641179092820816 
1480 7.906394004821777 0.0 0.0 0.0 0.02211119537506694 0.035650730495510305 
1481 7.911851406097412 0.0 0.0 0.0 0.02270069900127765 0.035656461337123996 
1482 7.917108774185181 0.0 0.0 0.0 0.02328449745757888 0.03565989984209221 
1483 7.922394514083862 0.0 0.0 0.0 0.02386487430205053 0.03573865922173787 
1484 7.927613258361816 0.0 0.0 0.0 0.02444319817942444 0.03578591484952527 
1485 7.932870626449585 0.0 0.0 0.0 0.025096988043320556 0.03589096748309468 
1486 7.938115358352661 0.0 0.0 0.0 0.025489261961658228 0.03587729980633935 
1487 7.943337917327881 0.0 0.0 0.0 0.025954724083351748 0.03586909920028615 
1488 7.948589086532593 0.0 0.0 0.0 0.02623400135636786 0.035864178836654236 
1489 7.953929901123047 0.0 0.0 0.0 0.026708363257649297 0.03586122661847509 
1490 7.959599018096924 0.0 0.0 0.0 0.02699298039841816 0.03585945528756759 
1491 7.965245246887207 0.0 0.0 0.0 0.02747054622035125 0.0358583924890231 
1492 7.970544815063477 0.0 0.0 0.0 0.027833784970408074 0.035857754809896406 
1493 7.975864887237549 0.0 0.0 0.0 0.02805172822044217 0.035857372202420384 
1494 7.981155157089233 0.0 0.0 0.0 0.028949485249316235 0.035933841894831745 
1495 7.986413478851318 0.0 0.0 0.0 0.029794935749170505 0.03597972371027856 
1496 7.991619825363159 0.0 0.0 0.0 0.03060900158655484 0.036007252799546655 
1497 7.996833324432373 0.0 0.0 0.0 0.03140423737151527 0.03594707099621054 
1498 8.002036809921265 0.0 0.0 0.0 0.03218817512502136 0.035910961914208867 
1499 8.007248878479004 0.0 0.0 0.0 0.03304203331655182 0.03581260018834313 
1500 8.01264476776123 0.0 0.0 0.0 0.033861143768941865 0.035676883895926714 
1501 8.018352508544922 0.0 0.0 0.0 0.03465940632290572 0.035518754863579895 
1502 8.023662805557251 0.0 0.0 0.0 0.035521859394710836 0.03534717818727483 
1503 8.028951168060303 0.0 0.0 0.0 0.03611603049469088 0.03524423218149179 
1504 8.034177541732788 0.0 0.0 0.0 0.03685602794904765 0.03510576532112499 
1505 8.039403200149536 0.0 0.0 0.0 0.037453424935455656 0.03502268520490491 
1506 8.044620513916016 0.0 0.0 0.0 0.038195357921669205 0.03481943862137892 
1507 8.050057649612427 0.0 0.0 0.0 0.038870614739030196 0.03469749067126333 
1508 8.055464744567871 0.0 0.0 0.0 0.03927576882944679 0.03462432190119397 
1509 8.060890197753906 0.0 0.0 0.0 0.04043925013128624 0.03419692435466749 
1510 8.066158294677734 0.0 0.0 0.0 0.04113733891238991 0.033940485826751604 
1511 8.071596622467041 0.0 0.0 0.0 0.04224648325795068 0.03347982866264642 
1512 8.076951265335083 0.0 0.0 0.0 0.04321876614781698 0.03305003585038937 
1513 8.082238674163818 0.0 0.0 0.0 0.04418563104863453 0.032562062392344215 
1514 8.087486505508423 0.0 0.0 0.0 0.04507254627165489 0.03211587980372318 
1515 8.092741966247559 0.0 0.0 0.0 0.045911491315467914 0.03169477173675661 
1516 8.097970485687256 0.0 0.0 0.0 0.046721654624285555 0.031212009125885752 
1517 8.103172540664673 0.0 0.0 0.0 0.047514548892105976 0.030768956025801535 
1518 8.108381986618042 0.0 0.0 0.0 0.048297081735328054 0.030273026395060083 
1519 8.113602876663208 0.0 0.0 0.0 0.04899669846689416 0.029745370845924293 
1520 8.118920803070068 0.0 0.0 0.0 0.04972326441583462 0.029198679745751903 
1521 8.12425947189331 0.0 0.0 0.0 0.050466000267728725 0.028640567314957552 
1522 8.129573345184326 0.0 0.0 0.0 0.05114173880449805 0.028152304322919233 
1523 8.134892225265503 0.0 0.0 0.0 0.051547181926559646 0.02785934652769624 
1524 8.140122652053833 0.0 0.0 0.0 0.05232734129422381 0.027223376309180612 
1525 8.145362377166748 0.0 0.0 0.0 0.053025533940455165 0.026611696407380314 
1526 8.150571346282959 0.0 0.0 0.0 0.05367454674009135 0.026014593675841455 
1527 8.15576958656311 0.0 0.0 0.0 0.05429405144550592 0.02534953500933025 
1528 8.160986423492432 0.0 0.0 0.0 0.05489585148065204 0.02472040203873261 
1529 8.16617488861084 0.0 0.0 0.0 0.05548702852737257 0.024036125228786134 
1530 8.17136812210083 0.0 0.0 0.0 0.055995132896669804 0.02339546435235957 
1531 8.176771640777588 0.0 0.0 0.0 0.056683490778278174 0.02239747377132785 
1532 8.18204116821289 0.0 0.0 0.0 0.057326602626008305 0.02149188239512093 
1533 8.187351942062378 0.0 0.0 0.0 0.05786586778277905 0.020641733522041125 
1534 8.19266653060913 0.0 0.0 0.0 0.05834282497154028 0.01982484717060535 
1535 8.197902202606201 0.0 0.0 0.0 0.05878239737949581 0.019027918332155995 
1536 8.203109741210938 0.0 0.0 0.0 0.05919953889568484 0.01816626772483376 
1537 8.208304643630981 0.0 0.0 0.0 0.059603221888455515 0.017342480332852527 
1538 8.213526964187622 0.0 0.0 0.0 0.05984543168411792 0.016848207897663788 
1539 8.218893051147461 0.0 0.0 0.0 0.06022085468610125 0.01593805038137476 
1540 8.22416353225708 0.0 0.0 0.0 0.060522807528819875 0.015085161824245694 
1541 8.229803085327148 0.0 0.0 0.0 0.0608573773175083 0.014266631662380364 
1542 8.235132455825806 0.0 0.0 0.0 0.06121151726213708 0.013468716537673274 
1543 8.240421295166016 0.0 0.0 0.0 0.061577399323613134 0.012683173415493368 
1544 8.245645761489868 0.0 0.0 0.0 0.06187362758456509 0.011905050514597535 
1545 8.250965118408203 0.0 0.0 0.0 0.06220476268240119 0.011131379746472145 
1546 8.256315469741821 0.0 0.0 0.0 0.06271023983736816 0.006678827847883287 
1547 8.261546611785889 0.0 0.0 0.0 0.0630902252009808 0.004007296708729972 
1548 8.266762971878052 0.0 0.0 0.0 0.06339491548978085 0.002404378025237983 
1549 8.271965980529785 0.0 0.0 0.0 0.06373112771119352 0.0014426268151427899 
1550 8.277177333831787 0.0 0.0 0.0 0.06393285504404113 0.0008655760890856739 
1551 8.282805442810059 0.0 0.0 0.0 0.06420728958501462 0.0005193456534514044 
1552 8.288144588470459 0.0 0.0 0.0 0.06444864938023116 0.00031160739207084263 
1553 8.29343867301941 0.0 0.0 0.0 0.0645934652573611 0.00018696443524250558 
1554 8.298671007156372 0.0 0.0 0.0 0.06483375273863945 0.00011217866114550334 
1555 8.304020643234253 0.0 0.0 0.0 0.06505462429803892 6.730719668730201e-05 
1556 8.309284687042236 0.0 0.0 0.0 0.06526384630431106 4.0384318012381204e-05 
1557 8.314501762390137 0.0 0.0 0.0 0.0654660785787068 2.4230590807428723e-05 
1558 8.319749116897583 0.0 0.0 0.0 0.0656641170139767 1.4538354484457234e-05 
1559 8.325087070465088 0.0 0.0 0.0 0.06585963895950658 8.72301269067434e-06 
1560 8.33033275604248 0.0 0.0 0.0 0.06605365119745697 5.2338076144046036e-06 
1561 8.335729598999023 0.0 0.0 0.0 0.06624675761085966 3.1402845686427622e-06 
1562 8.341020107269287 0.0 0.0 0.0 0.06643932052953373 1.8841707411856573e-06 
1563 8.346511602401733 0.0 0.0 0.0 0.06670825642200309 1.1305024447113944e-06 
1564 8.351791143417358 0.0 0.0 0.0 0.06694631702811717 6.783014668268366e-07 
1565 8.35713505744934 0.0 0.0 0.0 0.06716585227615356 4.0698088009610195e-07 
1566 8.362451314926147 0.0 0.0 0.0 0.06737427249560785 2.4418852805766116e-07 
1567 8.367697477340698 0.0 0.0 0.0 0.06757602369791288 1.4651311683459668e-07 
1568 8.372955083847046 0.0 0.0 0.0 0.0676970744192959 8.790787010075801e-08 
1569 8.378186225891113 0.0 0.0 0.0 0.06792310299339063 5.2744722060454804e-08 
1570 8.383433818817139 0.0 0.0 0.0 0.06813541902221541 3.164683323627288e-08 
1571 8.388887405395508 0.0 0.0 0.0 0.06818610975514233 1.898809994176373e-08 
1572 8.394187927246094 0.0 0.0 0.0 0.06829322307926644 1.1392859965058236e-08 
1573 8.399556159973145 0.0 0.0 0.0 0.06843419033063787 6.8357159790349415e-09 
1574 8.404876708984375 0.0 0.0 0.0 0.06851877068146073 4.101429587420965e-09 
1575 8.410175323486328 0.0 0.0 0.0 0.06864621777632238 2.4608577524525788e-09 
1576 8.415545225143433 0.0 0.0 0.0 0.06879938529013635 1.4765146514715472e-09 
1577 8.42085862159729 0.0 0.0 0.0 0.06889128579842473 8.859087908829283e-10 
1578 8.426302433013916 0.0 0.0 0.0 0.06894642610339775 5.31545274529757e-10 
1579 8.431652545928955 0.0 0.0 0.0 0.0690562091707495 3.1892716471785416e-10 
1580 8.436890363693237 0.0 0.0 0.0 0.06912207901116058 1.913562988307125e-10 
1581 8.442408561706543 0.0 0.0 0.0 0.06916160091540721 1.1481377929842749e-10 
1582 8.44769811630249 0.0 0.0 0.0 0.06926201294232312 6.888826757905649e-11 
1583 8.453028678894043 0.0 0.0 0.0 0.06932226015847268 4.133296054743389e-11 
1584 8.45833420753479 0.0 0.0 0.0 0.06935840848816241 2.4799776328460333e-11 
1585 8.463608980178833 0.0 0.0 0.0 0.06930339860160831 1.48798657970762e-11 
1586 8.46891736984253 0.0 0.0 0.0 0.06927039266967586 8.92791947824572e-12 
1587 8.474603176116943 0.0 0.0 0.0 0.06917389022614844 5.356751686947432e-12 
1588 8.479971647262573 0.0 0.0 0.0 0.06903928950313501 3.214051012168459e-12 
1589 8.485270977020264 0.0 0.0 0.0 0.06888183018495901 1.9284306073010754e-12 
1590 8.49061107635498 0.0 0.0 0.0 0.06871065533715644 1.1570583643806452e-12 
1591 8.49596118927002 0.0 0.0 0.0 0.0684545524734745 6.942350186283871e-13 
1592 8.501235961914062 0.0 0.0 0.0 0.06822419168463287 4.1654101117703224e-13 
1593 8.506685018539429 0.0 0.0 0.0 0.06777917911506258 2.4992460670621933e-13 
1594 8.511908054351807 0.0 0.0 0.0 0.06735877343205549 1.499547640237316e-13 
1595 8.517126560211182 0.0 0.0 0.0 0.06710653002225123 8.997285841423895e-14 
1596 8.5223548412323 0.0 0.0 0.0 0.0665716888094709 5.3983715048543364e-14 
1597 8.52771544456482 0.0 0.0 0.0 0.06602068686990534 3.239022902912602e-14 
1598 8.533079385757446 0.0 0.0 0.0 0.065690085706166 1.943413741747561e-14 
1599 8.53834581375122 0.0 0.0 0.0 0.06510822984102461 0.0036815553903696316 
1600 8.54360818862915 0.0 0.0 0.0 0.06452901920317466 0.006197282671935402 
1601 8.549067735671997 0.0 0.0 0.0 0.06395139570169958 0.008013516068462755 
1602 8.554370641708374 0.0 0.0 0.0 0.06337472448204942 0.009410053133967058 
1603 8.559653282165527 0.0 0.0 0.0 0.06279862463149422 0.01055476942062529 
1604 8.564886093139648 0.0 0.0 0.0 0.062222867579112905 0.01147169696331115 
1605 8.57014012336731 0.0 0.0 0.0 0.06157061718156961 0.012328650516510555 
1606 8.57539963722229 0.0 0.0 0.0 0.06102586885998638 0.013149619676018088 
1607 8.580631494522095 0.0 0.0 0.0 0.06046892273662979 0.013948995219078261 
1608 8.58589792251587 0.0 0.0 0.0 0.05990465794385073 0.014735417572502255 
1609 8.591185331344604 0.0 0.0 0.0 0.05925930292535184 0.015514068012144541 
1610 8.596468448638916 0.0 0.0 0.0 0.05864199279548739 0.016288052323285566 
1611 8.601916551589966 0.0 0.0 0.0 0.05796481052817115 0.01705923993755807 
1612 8.607276678085327 0.0 0.0 0.0 0.05702160785961871 0.018135546561297355 
1613 8.612561464309692 0.0 0.0 0.0 0.05645568625848725 0.018781330535540926 
1614 8.617771625518799 0.0 0.0 0.0 0.05557923998964569 0.019705692738133638 
1615 8.623034715652466 0.0 0.0 0.0 0.05474657613207544 0.020567107087277155 
1616 8.628294467926025 0.0 0.0 0.0 0.053940181721267966 0.02139074974411892 
1617 8.633632183074951 0.0 0.0 0.0 0.053226247676621596 0.022191732365811866 
1618 8.63890552520752 0.0 0.0 0.0 0.05249109133983298 0.022979118966415524 
1619 8.644162893295288 0.0 0.0 0.0 0.05174320125522997 0.023758347954365613 
1620 8.649410247802734 0.0 0.0 0.0 0.05098767092193834 0.024455980137594344 
1621 8.654806852340698 0.0 0.0 0.0 0.05022755681196256 0.025258055732016445 
1622 8.66010594367981 0.0 0.0 0.0 0.04946469206344726 0.025969398859360622 
1623 8.665417909622192 0.0 0.0 0.0 0.048700176931808246 0.02670299878312278 
1624 8.670669317245483 0.0 0.0 0.0 0.04793467194282404 0.02744995576496797 
1625 8.676011085510254 0.0 0.0 0.0 0.04716857266690368 0.02820492698166297 
1626 8.68125319480896 0.0 0.0 0.0 0.04632541793445369 0.028964706739267862 
1627 8.686460018157959 0.0 0.0 0.0 0.04558942769682181 0.029727368641186448 
1628 8.691709756851196 0.0 0.0 0.0 0.04484103727171285 0.030491762809925493 
1629 8.696923971176147 0.0 0.0 0.0 0.04377841119664587 0.03164068964300944 
1630 8.702134847640991 0.0 0.0 0.0 0.042834039269075856 0.032713542027344666 
1631 8.707498550415039 0.0 0.0 0.0 0.041960619830004015 0.03366405048553369 
1632 8.712876319885254 0.0 0.0 0.0 0.041206471140928055 0.034617848864699735 
1633 8.71815276145935 0.0 0.0 0.0 0.04044718564495264 0.035496924919787246 
1634 8.723387002944946 0.0 0.0 0.0 0.03976151732173454 0.03640786385709238 
1635 8.728697538375854 0.0 0.0 0.0 0.03904332004527385 0.03726122424706335 
1636 8.734103202819824 0.0 0.0 0.0 0.0383056053968676 0.038156736765530795 
1637 8.739378213882446 0.0 0.0 0.0 0.03755618032529402 0.03900084130419915 
1638 8.744601488113403 0.0 0.0 0.0 0.03687642825671702 0.03981410105498806 
1639 8.749834537506104 0.0 0.0 0.0 0.03616178073304099 0.040685553189946266 
1640 8.755061388015747 0.0 0.0 0.0 0.0355028951932025 0.0415152155380446 
1641 8.760387659072876 0.0 0.0 0.0 0.034877466843666556 0.042319809974491494 
1642 8.765638828277588 0.0 0.0 0.0 0.03427211280831213 0.04310936366394752 
1643 8.7709481716156 0.0 0.0 0.0 0.033602104104569645 0.04381319364831206 
1644 8.776174306869507 0.0 0.0 0.0 0.033200098882324156 0.04423549163893078 
1645 8.78144097328186 0.0 0.0 0.0 0.032498701697711144 0.04502576523158082 
1646 8.786839962005615 0.0 0.0 0.0 0.03192446561820745 0.04580672641475873 
1647 8.792098045349121 0.0 0.0 0.0 0.030966331405445573 0.046812191962479814 
1648 8.797314405441284 0.0 0.0 0.0 0.030084654595258616 0.047722268318700356 
1649 8.80251169204712 0.0 0.0 0.0 0.029402249995352493 0.048498411903123595 
1650 8.807709693908691 0.0 0.0 0.0 0.028609312441040077 0.04927089508136542 
1651 8.813055992126465 0.0 0.0 0.0 0.027980151394658686 0.04996448275900145 
1652 8.81830620765686 0.0 0.0 0.0 0.027219159972461104 0.05068743239317095 
1653 8.823667287826538 0.0 0.0 0.0 0.02660916660534861 0.0512746006874666 
1654 8.828921794891357 0.0 0.0 0.0 0.025936375047609345 0.05193369869163188 
1655 8.834192752838135 0.0 0.0 0.0 0.025379301599171837 0.05248255004746051 
1656 8.839599609375 0.0 0.0 0.0 0.02473826199263756 0.053118657888545584 
1657 8.84499716758728 0.0 0.0 0.0 0.024123540458026078 0.05365372110699057 
1658 8.85028862953186 0.0 0.0 0.0 0.02352461125668439 0.05420485680874848 
1659 8.855733394622803 0.0 0.0 0.0 0.023165253735879375 0.054535538229803227 
1660 8.86101245880127 0.0 0.0 0.0 0.022489443682014533 0.055040744110023965 
1661 8.866387844085693 0.0 0.0 0.0 0.021930560626017802 0.05549726615195036 
1662 8.871663570404053 0.0 0.0 0.0 0.021365133021728846 0.055924577890900135 
1663 8.877068996429443 0.0 0.0 0.0 0.020872477945361526 0.056334363448063945 
1664 8.882314205169678 0.0 0.0 0.0 0.02019339010517239 0.05681033255305315 
1665 8.887601613998413 0.0 0.0 0.0 0.019479141863587138 0.05724931252984062 
1666 8.892897605895996 0.0 0.0 0.0 0.018973893661739013 0.05758939977281008 
1667 8.898167848587036 0.0 0.0 0.0 0.01844064696993922 0.05794684467192121 
1668 8.903494119644165 0.0 0.0 0.0 0.01796730193118152 0.05823801086828487 
1669 8.90877890586853 0.0 0.0 0.0 0.01745319713723598 0.05848940984300004 
1670 8.91405701637268 0.0 0.0 0.0 0.017068035003971686 0.058716948484726104 
1671 8.919405460357666 0.0 0.0 0.0 0.016683540700335283 0.058930170926658726 
1672 8.92471194267273 0.0 0.0 0.0 0.016299445604359496 0.05905810439181829 
1673 8.930006980895996 0.0 0.0 0.0 0.015915590032980077 0.059211563727811015 
1674 8.935281991958618 0.0 0.0 0.0 0.015608577433255454 0.059303639329406646 
1675 8.940650939941406 0.0 0.0 0.0 0.015194273592845881 0.05943558394726099 
1676 8.945928573608398 0.0 0.0 0.0 0.014868992031703165 0.0595147507179736 
1677 8.951162576675415 0.0 0.0 0.0 0.014443725324326617 0.05963895003729813 
1678 8.956480979919434 0.0 0.0 0.0 0.014111866043003716 0.05971346962889286 
1679 8.96172833442688 0.0 0.0 0.0 0.01375935345053215 0.059758181383849696 
1680 8.966933727264404 0.0 0.0 0.0 0.013471146638152236 0.0597850084368238 
1681 8.972256660461426 0.0 0.0 0.0 0.01306812478003337 0.059724405411711284 
1682 8.977509260177612 0.0 0.0 0.0 0.012672914641484224 0.05968804359664377 
1683 8.982773542404175 0.0 0.0 0.0 0.012435788558354737 0.05966622650760327 
1684 8.987996339797974 0.0 0.0 0.0 0.0121401143946831 0.05957643699728199 
1685 8.993255853652954 0.0 0.0 0.0 0.011962709896480118 0.059445864034192254 
1686 8.99849534034729 0.0 0.0 0.0 0.011702868683764384 0.059367520256338416 
1687 9.003704071044922 0.0 0.0 0.0 0.011546963956134942 0.05924381473272913 
1688 9.008952617645264 0.0 0.0 0.0 0.011376721862660305 0.059169591418563566 
1689 9.01422643661499 0.0 0.0 0.0 0.011274576606575524 0.059048358173167254 
1690 9.019431591033936 0.0 0.0 0.0 0.011136590196027682 0.058898918969032495 
1691 9.02476978302002 0.0 0.0 0.0 0.011130497606595948 0.05873255618965467 
1692 9.030032634735107 0.0 0.0 0.0 0.01112684205293691 0.058556045225595474 
1693 9.03534746170044 0.0 0.0 0.0 0.011124648720741485 0.05829674013336601 
1694 9.040592193603516 0.0 0.0 0.0 0.01112333272142423 0.058064457821131364 
1695 9.045931100845337 0.0 0.0 0.0 0.01119924237873085 0.0578483891768936 
1696 9.051236867904663 0.0 0.0 0.0 0.011244788173114823 0.057642048733453966 
1697 9.056488037109375 0.0 0.0 0.0 0.01134881490664218 0.05736484595359625 
1698 9.061815023422241 0.0 0.0 0.0 0.011411230946758593 0.05712182502878464 
1699 9.06712031364441 0.0 0.0 0.0 0.011525379827725413 0.0568993132170007 
1700 9.072433471679688 0.0 0.0 0.0 0.01174726767009945 0.05653570835923943 
1701 9.077771425247192 0.0 0.0 0.0 0.011880400375523872 0.05631754544458266 
1702 9.083078622817993 0.0 0.0 0.0 0.01203697776555938 0.05595654992509768 
1703 9.088350772857666 0.0 0.0 0.0 0.012207623456477657 0.05566325335650972 
1704 9.093596458435059 0.0 0.0 0.0 0.012386710127925596 0.05541057615845997 
1705 9.098800420761108 0.0 0.0 0.0 0.012494162130794358 0.05510557132583617 
1706 9.104000329971313 0.0 0.0 0.0 0.012635332589412589 0.05484586916936492 
1707 9.109249114990234 0.0 0.0 0.0 0.0127967341214805 0.0546133486185852 
1708 9.114480257034302 0.0 0.0 0.0 0.012970274297618219 0.0543971370312204 
1709 9.11979866027832 0.0 0.0 0.0 0.013074398403300852 0.05419071082190454 
1710 9.125023365020752 0.0 0.0 0.0 0.013213572123607404 0.05399015583941805 
1711 9.130345821380615 0.0 0.0 0.0 0.013297076355791334 0.053869822849926155 
1712 9.135671138763428 0.0 0.0 0.0 0.013500575918779519 0.05372092379933405 
1713 9.140971183776855 0.0 0.0 0.0 0.013622675656572429 0.05355488511208181 
1714 9.146345615386963 0.0 0.0 0.0 0.013772634756145147 0.0533785626428335 
1715 9.151586294174194 0.0 0.0 0.0 0.013862610215888778 0.05319607586485202 
1716 9.15683388710022 0.0 0.0 0.0 0.01399329474863193 0.05308658379806312 
1717 9.16206693649292 0.0 0.0 0.0 0.014148404725174795 0.05294418930109282 
1718 9.167292356491089 0.0 0.0 0.0 0.014241470711100513 0.05285875260291064 
1719 9.172608613967896 0.0 0.0 0.0 0.014374009559552918 0.05273079132710436 
1720 9.177844285964966 0.0 0.0 0.0 0.014453532868624358 0.05257731530472361 
1721 9.18316102027893 0.0 0.0 0.0 0.014501246854067222 0.05248522969129517 
1722 9.188421249389648 0.0 0.0 0.0 0.014529875245332943 0.052429978323238105 
1723 9.193711757659912 0.0 0.0 0.0 0.014547052280092374 0.05239682750240386 
1724 9.19892168045044 0.0 0.0 0.0 0.014557358500948032 0.052300237753006344 
1725 9.204135417938232 0.0 0.0 0.0 0.01456354223346143 0.05224228390336783 
1726 9.209346532821655 0.0 0.0 0.0 0.014567252472969465 0.05220751159358473 
1727 9.214590311050415 0.0 0.0 0.0 0.014569478616674288 0.05218664820771486 
1728 9.21982741355896 0.0 0.0 0.0 0.014570814302897181 0.05217413017619294 
1729 9.225035667419434 0.0 0.0 0.0 0.014571615714630917 0.05216661935727979 
1730 9.230340003967285 0.0 0.0 0.0 0.014572096561671157 0.0521621128659319 
1731 9.235649824142456 0.0 0.0 0.0 0.014572385069895302 0.052159408971123165 
1732 9.240895748138428 0.0 0.0 0.0 0.014495858917932817 0.052157786634237924 
1733 9.246187686920166 0.0 0.0 0.0 0.014449943226755326 0.05215681323210678 
1734 9.251540422439575 0.0 0.0 0.0 0.014345694555151858 0.052156229190828095 
1735 9.256776809692383 0.0 0.0 0.0 0.014283145352189778 0.05207917950916391 
1736 9.261991500854492 0.0 0.0 0.0 0.014168916573515556 0.0520329497001654 
1737 9.26720404624939 0.0 0.0 0.0 0.014100379306311025 0.05200521181476629 
1738 9.272461891174316 0.0 0.0 0.0 0.013982557689091334 0.05191186982662986 
1739 9.277698993682861 0.0 0.0 0.0 0.013911864718759518 0.051855864633748 
1740 9.283055305480957 0.0 0.0 0.0 0.013792749679663457 0.05174556226112191 
1741 9.288426160812378 0.0 0.0 0.0 0.013644582889424967 0.051602681580649276 
1742 9.293690204620361 0.0 0.0 0.0 0.013478983558384899 0.051516953172365695 
1743 9.298956632614136 0.0 0.0 0.0 0.01337962395976086 0.05138881687049858 
1744 9.304154396057129 0.0 0.0 0.0 0.013243308943689462 0.05123523583248134 
1745 9.309369325637817 0.0 0.0 0.0 0.013084820677149651 0.05106638795277402 
1746 9.314587116241455 0.0 0.0 0.0 0.012989727717225764 0.050965079224949625 
1747 9.31978964805603 0.0 0.0 0.0 0.01285597268437446 0.05082759473135802 
1748 9.32503890991211 0.0 0.0 0.0 0.012775719664663676 0.050668404778306086 
1749 9.330286264419556 0.0 0.0 0.0 0.012650868595940234 0.05049619154957795 
1750 9.335543632507324 0.0 0.0 0.0 0.012575957954706169 0.0503161643554441 
1751 9.340978622436523 0.0 0.0 0.0 0.012454312313068757 0.050131448782066816 
1752 9.346283912658691 0.0 0.0 0.0 0.012381324928086312 0.04994392018114347 
1753 9.351651191711426 0.0 0.0 0.0 0.012337532497096845 0.049754703763692495 
1754 9.356894254684448 0.0 0.0 0.0 0.012311257038503163 0.049564474656324936 
1755 9.36213207244873 0.0 0.0 0.0 0.0122187939965661 0.04937363793500743 
1756 9.367345809936523 0.0 0.0 0.0 0.012163316171403864 0.049182436645319946 
1757 9.3725745677948 0.0 0.0 0.0 0.01213002947630652 0.048991016614610486 
1758 9.377800226211548 0.0 0.0 0.0 0.012033358202351142 0.048722766082390866 
1759 9.383028268814087 0.0 0.0 0.0 0.011975355437977914 0.04848511650616212 
1760 9.388278484344482 0.0 0.0 0.0 0.011940553779353979 0.0482658275035279 
1761 9.393679141998291 0.0 0.0 0.0 0.011919672784179616 0.04805755484505039 
1762 9.398942947387695 0.0 0.0 0.0 0.011830444930178027 0.0478558979535314 
1763 9.40420651435852 0.0 0.0 0.0 0.011853607474674045 0.047658204561723025 
1764 9.409439325332642 0.0 0.0 0.0 0.011867505001371657 0.04746288926974103 
1765 9.414629936218262 0.0 0.0 0.0 0.011875843517390225 0.04726900083765486 
1766 9.419824123382568 0.0 0.0 0.0 0.011880846627001364 0.04707596852150618 
1767 9.425168991088867 0.0 0.0 0.0 0.011960547749665021 0.046883449874920005 
1768 9.430377006530762 0.0 0.0 0.0 0.012008368423263215 0.04669123943007132 
1769 9.435569763183594 0.0 0.0 0.0 0.012113758594202984 0.046499213906265144 
1770 9.440812110900879 0.0 0.0 0.0 0.012176992696766847 0.04630729933508447 
1771 9.446163892745972 0.0 0.0 0.0 0.012291632415202137 0.04611545133547909 
1772 9.451558113098145 0.0 0.0 0.0 0.012360416246263311 0.045923643278818885 
1773 9.456941604614258 0.0 0.0 0.0 0.012401686544900016 0.04580855844482276 
1774 9.462169170379639 0.0 0.0 0.0 0.01250314798097901 0.04566280828752811 
1775 9.46736741065979 0.0 0.0 0.0 0.012640724099523382 0.045498658936254356 
1776 9.472572088241577 0.0 0.0 0.0 0.012799969027546976 0.04524677081169616 
1777 9.477789402008057 0.0 0.0 0.0 0.012895515984361134 0.04509563793696124 
1778 9.48310136795044 0.0 0.0 0.0 0.0130295434153466 0.04485155969832634 
1779 9.48832392692566 0.0 0.0 0.0 0.013186659130834852 0.04462841349824843 
1780 9.493576049804688 0.0 0.0 0.0 0.013280928560127803 0.04449452577820168 
1781 9.498961448669434 0.0 0.0 0.0 0.013414187984484426 0.04433749388927666 
1782 9.504201412200928 0.0 0.0 0.0 0.013570842895995373 0.044166575499024675 
1783 9.509481430053711 0.0 0.0 0.0 0.013741535099798915 0.04398732520797651 
1784 9.514689683914185 0.0 0.0 0.0 0.01384395042208104 0.04387977503334761 
1785 9.520004034042358 -0.5033650528624521 -0.16091298487240877 0.0 0.013982098872347287 0.043738545671673304 
1786 9.525354862213135 -0.5002645654983496 -0.16446433824532317 0.0 0.014141687199404007 0.04357710879777174 
1787 9.530636072158813 -0.5001659806607593 -0.16669784860241915 0.0 0.014314139452535013 0.043480246673430804 
1788 9.535943984985352 -0.4986044826330921 -0.16897019579530512 0.0 0.01449431006131059 0.04334543014192927 
1789 9.541238069534302 -0.49693157731666493 -0.1696168110663802 0.0 0.014602412426575936 0.04318784096613138 
1790 9.546450853347778 -0.49684086165026664 -0.1717046336701444 0.0 0.014743971612515996 0.04309328746065265 
1791 9.55180287361145 -0.49858215317188437 -0.17554057295386236 0.0 0.014982305637873977 0.04311325461426238 
1792 9.557252168655396 -0.5006563083810258 -0.18130936462975736 0.0 0.015355403823779683 0.04320193416332519 
1793 9.562610864639282 -0.5045805197133335 -0.18252377310213413 0.0 0.015579262735323108 0.04340854040655682 
1794 9.567948341369629 -0.5104987620049071 -0.18330652935930924 0.0 0.015713578082249165 0.04376260192318672 
1795 9.573301315307617 -0.5053005843653416 -0.17888123638645761 0.0 0.01556406951971388 0.04366824180557677 
1796 9.578544616699219 -0.49220027930792215 -0.1752798217184168 0.0 0.015320965868398762 0.04299803764029949 
1797 9.58376407623291 -0.4774212647715693 -0.16975478366011962 0.0 0.014945007397034893 0.04198232108595734 
1798 9.588996171951294 -0.46162986860303235 -0.16384056136692968 0.0 0.014489334543525655 0.04075929709817627 
1799 9.594237804412842 -0.4468755138726843 -0.15604123368610834 0.0 0.013909135293948341 0.039488587907228825 
1800 9.599464178085327 -0.43032220596385107 -0.14457584074451116 0.0 0.013100821692936235 0.03811257131771681 
1801 9.604866027832031 -0.4134512733904372 -0.13079119616798363 0.0 0.012078940224166283 0.03667337028906606 
1802 9.61016035079956 -0.409581974129561 -0.12792519930496546 0.0 0.01146581134290431 0.03580984967187561 
1803 9.615467548370361 -0.37933314676863195 -0.03550898620645692 0.0 0.006879486805742586 0.03398785291454504 
1804 9.620744943618774 -0.35948185113629283 -0.02224373043139721 0.0 0.004127692083445551 0.03220436452830619 
1805 9.626080513000488 -0.33807758055456066 -0.014284576966361383 0.0 0.0024766152500673307 0.030367281907825387 
1806 9.631386995315552 -0.313202562126396 -0.009509084887339892 0.0 0.0014859691500403985 0.028344641252773237 
1807 9.6366286277771 -0.2861216647397867 -0.0066437896399269905 0.0 0.0008915814900242391 0.026133969500313537 
1808 9.641858339309692 -0.2551763555682658 -0.004924612491479254 0.0 0.0005349488940145434 0.023657080575615372 
1809 9.64709186553955 -0.2250862913007834 -0.0038931062024106108 0.0 0.00032096933640872607 0.02109716060447109 
1810 9.65233826637268 -0.1930836323538723 -0.0032742024289694246 0.0 0.00019258160184523564 0.01841072572879441 
1811 9.657700538635254 -0.16069053616103582 -0.002902860164904713 0.0 0.00011554896110714138 0.01564837893016605 
1812 9.663108348846436 -0.05381775208043521 -0.002680054806465886 0.0 6.932937666428483e-05 0.00938902735809963 
1813 9.668407917022705 -0.0357135165609689 -0.00254637159140259 0.0 4.15976259985709e-05 0.005633416414859777 
1814 9.673683643341064 -0.024850975249289135 -0.0024661616623646125 0.0 2.4958575599142538e-05 0.0033800498489158664 
1815 9.679027557373047 -0.018333450462281263 -0.002418035704941826 0.0 1.4975145359485523e-05 0.00202802990934952 
1816 9.68431305885315 -0.014422935590076536 -0.002389160130488154 0.0 8.985087215691313e-06 0.0012168179456097119 
1817 9.689551591873169 -0.012076626666753701 -0.0023718347858159507 0.0 5.391052329414788e-06 0.0007300907673658271 
1818 9.69480299949646 0.0817133164361776 -0.002361439579012629 0.0 3.2346313976488728e-06 -0.003857092004882018 
1819 9.700030326843262 0.11486849389317365 -0.002355202454930636 0.0 1.9407788385893234e-06 -0.0075297897707621575 
1820 9.705246925354004 0.14209884695524377 -0.00235146018048144 0.0 1.164467303153594e-06 -0.010500398019027728 
1821 9.710599899291992 0.1623658161292216 -0.0023492148158119224 0.0 6.986803818921565e-07 -0.01281965776626588 
1822 9.715871810913086 0.1774608945467791 -0.002347867597010212 0.0 4.1920822913529386e-07 -0.014594709899093635 
1823 9.721198558807373 0.18769064733257979 -0.002347059265729186 0.0 2.515249374811763e-07 -0.015889835969248967 
1824 9.726447105407715 0.19653723958563224 -0.0023465742669605697 0.0 1.509149624887058e-07 -0.016897009382033083 
1825 9.73170804977417 0.19960680364685868 -0.0023462832676994 0.0 9.054897749322347e-08 -0.017501313429703555 
1826 9.73704719543457 0.19986144253293014 -0.0023461086681426982 0.0 5.432938649593408e-08 -0.017787196601408865 
1827 9.742281675338745 0.19589409500525762 -0.0023460039084086774 0.0 3.2597631897560444e-08 -0.017728628733741134 
1828 9.747533798217773 0.19092564903655235 -0.0023459410525682647 0.0 1.9558579138536267e-08 -0.017463393222681815 
1829 9.752777576446533 0.18535449429486112 -0.002345903339064017 0.0 1.173514748312176e-08 -0.017074154145355305 
1830 9.758020639419556 0.18436884616155533 -0.002345880710961469 0.0 7.041088489873055e-09 -0.016840610698959396 
1831 9.76365351676941 0.18878258218727734 -0.0023458671340999392 0.0 4.224653093923833e-09 -0.01693058240181277 
1832 9.768954515457153 0.18918786893165213 -0.0023458589879830224 0.0 2.5347918563543e-09 -0.016984565423524795 
1833 9.774265766143799 0.19443805761470823 -0.0023458541003128714 0.0 1.52087511381258e-09 -0.017247050027010692 
1834 9.779500484466553 0.19039820776094415 -0.0023458511677107814 0.0 9.12525068287548e-10 -0.01717444599864355 
1835 9.784820795059204 0.17878546682034352 -0.0023458494081495264 0.0 5.475150409725288e-10 -0.016593988783344456 
1836 9.790186643600464 0.16404280583341335 -0.002345848352412774 0.0 3.2850902458351723e-10 -0.015632123379221458 
1837 9.795457124710083 0.14488450402693362 -0.0023458477189707227 0.0 1.9710541475011034e-10 -0.01428801156777793 
1838 9.800676584243774 0.1229546913655064 -0.002345847338905491 0.0 1.182632488500662e-10 -0.012637855635277355 
1839 9.805951833724976 0.03083514529086679 -0.0023458471108663533 0.0 7.095794931003972e-11 -0.007582713381166412 
1840 9.811237812042236 0.016213904592189018 -0.0023458469740428698 0.0 4.257476958602383e-11 -0.004549628028699847 
1841 9.817129135131836 0.007441160172982353 -0.00234584689194878 0.0 2.5544861751614298e-11 -0.0027297768172199082 
1842 9.822497367858887 0.002177513521458346 -0.0023458468426923256 0.0 1.532691705096858e-11 -0.0016378660903319448 
1843 9.827862977981567 -0.0009806744694560521 -0.0023458468131384537 0.0 9.196150230581147e-12 -0.0009827196541991668 
1844 9.833127498626709 -0.002875587264004691 -0.0023458467954061302 0.0 5.517690138348688e-12 -0.0005896317925195001 
1845 9.83838152885437 -0.004012534940733875 -0.0023458467847667364 0.0 3.3106140830092127e-12 -0.00035377907551170006 
1846 9.843648195266724 -0.004694703546771387 -0.0023458467783831006 0.0 1.9863684498055274e-12 -0.00021226744530702002 
1847 9.848919153213501 -0.005104004710393893 -0.0023458467745529183 0.0 1.1918210698833165e-12 -0.000127360467184212 
1848 9.85418963432312 -0.005349585408567396 -0.0023458467722548095 0.0 7.150926419299898e-13 -7.64162803105272e-05 
1849 9.859455108642578 -0.005496933827471497 -0.0023458467708759438 0.0 4.2905558515799387e-13 -4.5849768186316317e-05 
1850 9.864957332611084 -0.00558534287881396 -0.0023458467700486246 0.0 2.574333510947963e-13 -2.7509860911789788e-05 
1851 9.870923042297363 -0.005638388309619435 -0.0023458467695522327 0.0 1.5446001065687778e-13 -1.6505916547073872e-05 
1852 9.876335859298706 -0.005670215568102723 -0.0023458467692543984 0.0 9.267600639412666e-14 -9.903549928244323e-06 
1853 9.881657600402832 -0.005689311923192694 -0.002345846769075697 0.0 5.560560383647599e-14 -5.942129956946594e-06 
1854 9.886924266815186 -0.005700769736246677 -0.0023458467689684765 0.0 3.336336230188559e-14 -3.5652779741679564e-06 
1855 9.892258167266846 -0.005707644424079066 -0.0023458467689041443 0.0 2.0018017381131356e-14 -2.139166784500774e-06 
1856 9.897542715072632 -0.005711769236778501 -0.0023458467688655445 0.0 1.2010810428678813e-14 -1.2835000707004644e-06 
1857 9.902796506881714 -0.005714244124398161 -0.002345846768842385 0.0 7.206486257207287e-15 -7.701000424202786e-07 
1858 9.90805721282959 -0.0057157290569699575 -0.002345846768828489 0.0 4.323891754324372e-15 -4.6206002545216713e-07 
1859 9.913307905197144 -0.0057166200165130335 -0.0023458467688201516 0.0 2.594335052594623e-15 -2.7723601527130027e-07 
1860 9.918554544448853 -0.005717154592238881 -0.0023458467688151495 0.0 1.5566010315567737e-15 -1.6634160916278015e-07 
1861 9.924261569976807 -0.005717475337674389 -0.0023458467688121484 0.0 9.339606189340641e-16 -9.980496549766809e-08 
1862 9.929609537124634 -0.005717667784935693 -0.002345846768810348 0.0 5.603763713604385e-16 -5.988297929860084e-08 
1863 9.934916496276855 -0.005717783253292476 -0.002345846768809267 0.0 3.3622582281626307e-16 -3.5929787579160505e-08 
1864 9.94016432762146 -0.005717852534306546 -0.0023458467688086187 0.0 2.0173549368975782e-16 -2.15578725474963e-08 
1865 9.945526838302612 -0.005717894102914987 -0.0023458467688082297 0.0 1.210412962138547e-16 -1.2934723528497781e-08 
1866 9.950817346572876 -0.005717919044080053 -0.002345846768807997 0.0 7.262477772831281e-17 -7.760834117098668e-09 
1867 9.956063270568848 -0.005717934008779092 -0.0023458467688078563 0.0 4.357486663698769e-17 -4.6565004702592e-09 
1868 9.961283683776855 -0.005717942987598515 -0.0023458467688077726 0.0 2.614491998219261e-17 -2.7939002821555202e-09 
1869 9.966525793075562 -0.005717948374890171 -0.0023458467688077223 0.0 1.5686951989315565e-17 -1.676340169293312e-09 
1870 9.9718918800354 -0.005717951607265162 -0.002345846768807692 0.0 9.412171193589338e-18 -1.0058041015759871e-09 
1871 9.97728681564331 -0.0816033157262675 -0.0023458467688076737 0.0 5.647302716153603e-18 0.003528156273081565 
1872 9.9825599193573 -0.09518232669941652 -0.002345846768807663 0.0 3.3883816296921615e-18 0.00579844915420691 
1873 9.988019227981567 -0.10512634919979649 -0.0023458467688076564 0.0 2.033028977815297e-18 0.007314020416443824 
1874 9.993419885635376 -0.1145404623481663 -0.002345846768807652 0.0 1.2198173866891782e-18 0.008453460944476889 
1875 9.998660802841187 -0.1212218773781203 -0.00234584676880765 0.0 7.318904320135069e-19 0.009290523775090674 
1876 10.004021883010864 -0.12703196999336175 -0.0023458467688076486 0.0 4.391342592081041e-19 0.00994615998725289 
1877 10.009375095367432 -0.1290212011132059 -0.0023458467688076477 0.0 2.6348055552486245e-19 0.010339541714550222 
1878 10.014622449874878 -0.1368506443416252 -0.0023458467688076473 0.0 1.5808833331491745e-19 0.01088236777851651 
1879 10.019848823547363 -0.14016973033281444 -0.0023458467688076473 0.0 9.485299998895047e-20 0.011284759693561016 
1880 10.025062084197998 -0.1463836974435111 -0.002345846768807647 0.0 5.691179999337028e-20 0.011756292613278638 
1881 10.030426263809204 -0.14950316218276416 -0.0023458467688076464 0.0 3.4147079996022165e-20 0.012115911622006183 
1882 10.03570032119751 -0.15559993451471127 -0.002345846768807647 0.0 2.0488247997613298e-20 0.01256178079793363 
1883 10.041000843048096 -0.15865169016144903 -0.0023458467688076464 0.0 1.2292948798567979e-20 0.01290600156038707 
1884 10.046290874481201 -0.16471044481262143 -0.0023458467688076464 0.0 7.375769279140787e-21 0.013342631788550052 
1885 10.051576614379883 -0.17104130545924087 -0.0023458467688076464 0.0 4.425461567484472e-21 0.01383470471590652 
1886 10.056838274002075 -0.18083685134543206 -0.0023458467688076464 0.0 2.655276940490683e-21 0.014513444756805265 
1887 10.062288284301758 -0.19118045315352253 -0.0023458467688076464 0.0 1.5931661642944097e-21 0.015304185065829375 
1888 10.067559003829956 -0.2018560841328456 -0.0023458467688076464 0.0 9.558996985766457e-22 0.016162122555496466 
1889 10.072989225387573 -0.20448585637579922 -0.0023458467688076464 0.0 5.735398191459874e-22 0.016676885049296722 
1890 10.078290939331055 -0.2061230464194573 -0.0023458467688076464 0.0 3.4412389148759244e-22 0.016985742545576873 
1891 10.083871126174927 -0.21376343101141232 -0.0023458467688076464 0.0 2.0647433489255545e-22 0.017477854070932854 
1892 10.089184999465942 -0.2153416259633269 -0.0023458467688076464 0.0 1.2388460093553327e-22 0.017773120986146442 
1893 10.094533920288086 -0.2130511054731591 -0.0023458467688076464 0.0 7.433076056131996e-23 0.01779688262148065 
1894 10.099823474884033 -0.21162172293528256 -0.0023458467688076464 0.0 4.4598456336791975e-23 0.017734440345784204 
1895 10.105107545852661 -0.2082916926891589 -0.0023458467688076464 0.0 2.6759073802075185e-23 0.01754357646657239 
1896 10.110522031784058 -0.19798828273214036 -0.0023458467688076464 0.0 1.605544428124511e-23 0.016968865577895703 
1897 10.115831851959229 -0.19151386758595226 -0.0023458467688076464 0.0 9.633266568747066e-24 0.016393941273998774 
1898 10.121094703674316 -0.1850339455906247 -0.0023458467688076464 0.0 5.779959941248239e-24 0.0158188889209697 
1899 10.126384496688843 -0.17854882775508765 -0.0023458467688076464 0.0 3.467975964748943e-24 0.015243762718693574 
1900 10.131651878356934 -0.17040885674009007 -0.0023458467688076464 0.0 2.080785578849366e-24 0.01459188996974001 
1901 10.13712215423584 -0.16204038841397367 -0.0023458467688076464 0.0 1.2484713473096194e-24 0.01389396929277998 
1902 10.14242959022522 -0.1551818998934201 -0.0023458467688076464 0.0 7.4908280838577165e-25 0.013245119115913044 
1903 10.147894859313965 -0.14846051495650875 -0.0023458467688076464 0.0 4.4944968503146295e-25 0.012625714219334203 
1904 10.15336012840271 -0.1385199705274792 -0.0023458467688076464 0.0 2.6966981101887774e-25 0.011870574996902035 
1905 10.158606052398682 -0.13312774352592813 -0.0023458467688076464 0.0 1.6180188661132664e-25 0.01126409294964879 
1906 10.163846492767334 -0.12651253941961912 -0.0023458467688076464 0.0 9.708113196679598e-26 0.010670105950605925 
1907 10.1690993309021 -0.12487764368927981 -0.0023458467688076464 0.0 5.824867918007758e-26 0.010313713751180205 
1908 10.174516439437866 -0.11733127551006418 -0.0023458467688076464 0.0 3.4949207508046544e-26 0.009793084384169122 
1909 10.17981481552124 -0.038366988206679824 -0.0023458467688076464 0.0 2.0969524504827926e-26 0.005875850630501473 
1910 10.18506669998169 -0.027036977159259193 -0.0023458467688076464 0.0 1.2581714702896755e-26 0.0035255103783008836 
1911 10.190429925918579 -0.02023897053080682 -0.0023458467688076464 0.0 7.549028821738052e-27 0.0021153062269805302 
1912 10.19571852684021 -0.0161601665537354 -0.0023458467688076464 0.0 4.5294172930428315e-27 0.001269183736188318 
1913 10.201030015945435 -0.013712884167492546 -0.0023458467688076464 0.0 2.7176503758256988e-27 0.0007615102417129908 
1914 10.206276416778564 -0.012244514735746833 -0.0023458467688076464 0.0 1.6305902254954192e-27 0.0004569061450277945 
1915 10.211554527282715 -0.011363493076699406 -0.0023458467688076464 0.0 9.783541352972515e-28 0.0002741436870166767 
1916 10.216837406158447 -0.010834880081270948 -0.0023458467688076464 0.0 5.870124811783509e-28 0.000164486212210006 
1917 10.222145795822144 -0.010517712284013873 -0.07823117689822244 0.0 0.0035281553864479065 9.86917273260036e-05 
1918 10.227399826049805 -0.01032741160565963 -0.08851081043217707 0.0 0.00564504861831665 5.921503639560216e-05 
1919 10.23261833190918 -0.010213231198647085 -0.09635826584030319 0.0 0.0069918838143348695 3.552902183736129e-05 
1920 10.237838983535767 -0.08767977110098546 -0.10198007374764607 0.0 0.007876684188842773 0.0036261735465634155 
1921 10.243286609649658 -0.10639014071943045 -0.10461745913123416 0.0 0.008407564413547515 0.006164053565651672 
1922 10.24860429763794 -0.12206376025303448 -0.10788086953650758 0.0 0.008802791805267333 0.00807027786158949 
1923 10.253907203674316 -0.1408675534524101 -0.11075352227934358 0.0 0.009116626007080077 0.009827603514095722 
1924 10.25915002822876 -0.1510053527362814 -0.11339241930705851 0.0 0.009381625785064697 0.01111209667629038 
1925 10.264411687850952 -0.16143013051139576 -0.1142420139812547 0.0 0.00954062565185547 0.012189589601195067 
1926 10.269649267196655 -0.17126264648669554 -0.11643470577927789 0.0 0.009712724828826905 0.01314287940349353 
1927 10.275002241134644 -0.18239219300112514 -0.11701722925934262 0.0 0.009815984335009766 0.01409834956935747 
1928 10.280314207077026 -0.1935361951861587 -0.11740064431760207 0.0 0.009877940038719484 0.015055127953360697 
1929 10.285573720932007 -0.20634175235861613 -0.1160149083558097 0.0 0.009838414204048341 0.01608938754491223 
1930 10.29084324836731 -0.21608188356003843 -0.115983708374241 0.0 0.009814698703245656 0.017016740327431043 
1931 10.296197175979614 -0.22551932228919114 -0.11434855144486816 0.0 0.009723770145867072 0.01787994902453022 
1932 10.301472663879395 -0.2314783813757795 -0.11251739302226149 0.0 0.009592515244659067 0.01855127275658367 
1933 10.306801319122314 -0.23523601573516756 -0.10891824885440468 0.0 0.00936036379014032 0.019030766252712716 
1934 10.312024354934692 -0.23679075380392006 -0.10667370278912992 0.0 0.009144373660532099 0.019318462350390142 
1935 10.317249536514282 -0.23779074666726108 -0.030238626910304794 0.0 0.005486624196319259 0.019491080008996596 
1936 10.322549819946289 -0.23845789240735515 -0.019659135247488788 0.0 0.0032919745177915553 0.01959465060416047 
1937 10.327904224395752 -0.2389253298735011 -0.013311440249799182 0.0 0.001975184710674933 0.019656792961258794 
1938 10.333195924758911 -0.23597357044134104 -0.009502823251185422 0.0 0.0011851108264049597 0.019540679861723843 
1939 10.338505506515503 -0.2325029741207697 -0.007217653052017168 0.0 0.0007110664958429758 0.01931761348820893 
1940 10.343789339065552 -0.22707008581281565 -0.0058465509325162125 0.0 0.0004266398975057855 0.01895367589340906 
1941 10.3492751121521 -0.21957517308338237 -0.005023889660815639 0.0 0.00025598393850347127 0.01842851630894125 
1942 10.354591131210327 -0.20995780862865338 -0.0045302928977952964 0.0 0.00015359036310208277 0.01772992725400794 
1943 10.359922170639038 -0.20148029807895151 -0.004234134839983091 0.0 9.215421786124966e-05 0.017003976793460062 
1944 10.365214347839355 -0.1912674433639156 -0.004056440005295767 0.0 5.529253071674979e-05 0.016184910232646472 
1945 10.370547533035278 -0.18077717910055596 -0.003949823104483373 0.0 3.317551843004987e-05 0.015309976991905692 
1946 10.375820398330688 -0.16846742954549992 -0.0038858529639959373 0.0 1.9905311058029923e-05 0.01432482150607939 
1947 10.381268739700317 -0.15417947765797296 -0.003847470879703475 0.0 1.1943186634817954e-05 0.01319683639653704 
1948 10.386575937271118 -0.1411166254238008 -0.003824441629127998 0.0 7.165911980890772e-06 0.012059849789429792 
1949 10.391870498657227 -0.12636833668624906 -0.0038106240787827116 0.0 4.299547188534463e-06 0.010840766007118873 
1950 10.397152185440063 -0.04538387475477223 -0.0038023335485755393 0.0 2.579728313120678e-06 0.006504459604271324 
1951 10.402541160583496 -0.03284175893049612 -0.003797359230451236 0.0 1.5478369878724067e-06 0.003902675762562794 
1952 10.407861709594727 -0.02531648943593045 -0.0037943746395766543 0.0 9.28702192723444e-07 0.0023416054575376762 
1953 10.413292646408081 -0.020801327739191057 -0.003792583885051905 0.0 5.572213156340664e-07 0.0014049632745226058 
1954 10.41856575012207 -0.01809223072114742 -0.0037915094323370557 0.0 3.3433278938043983e-07 0.0008429779647135634 
1955 10.423855781555176 -0.016466772510321238 -0.003790864760708146 0.0 2.0059967362826389e-07 0.0005057867788281381 
1956 10.429140329360962 -0.015491497583825524 -0.0037904779577307996 0.0 1.2035980417695832e-07 0.00030347206729688285 
1957 10.434375524520874 -0.014906332627928098 -0.0037902458759443924 0.0 7.221588250617499e-08 0.0001820832403781297 
1958 10.439644813537598 -0.014555233654389644 -0.0037901066268725475 0.0 4.3329529503704994e-08 0.00010924994422687782 
1959 10.444877624511719 -0.01434457427026657 -0.0037900230774294405 0.0 2.5997717702222995e-08 6.554996653612669e-05 
1960 10.450174331665039 -0.014218178639792727 -0.0037899729477635763 0.0 1.5598630621333796e-08 3.932997992167601e-05 
1961 10.455518007278442 -0.014142341261508418 -0.003789942869964058 0.0 9.359178372800277e-09 2.3597987953005606e-05 
1962 10.460883378982544 -0.08998220101411519 -0.003789924823284347 0.0 5.6155070236801656e-09 0.0035423156693358293 
1963 10.466187953948975 -0.10848290316800735 -0.0037899139952765207 0.0 3.3693042142080993e-09 0.006037039582418148 
1964 10.471413373947144 -0.1223803843122275 -0.003789907498471825 0.0 2.0215825285248593e-09 0.00784067095785543 
1965 10.476638078689575 -0.13428550339202627 -0.0037899036003890075 0.0 1.2129495171149156e-09 0.00922964681070569 
1966 10.482059955596924 -0.14499774890758158 -0.0037899012615393167 0.0 7.277697102689493e-10 0.010369826369771497 
1967 10.487410306930542 -0.15334728596967234 -0.003789899858229502 0.0 4.366618261613696e-10 0.0112840318759019 
1968 10.492709636688232 -0.15609905865647694 -0.003789899016243614 0.0 2.619970956968217e-10 0.01183255517958014 
1969 10.497969388961792 -0.1709906381607673 -0.003789898511052081 0.0 1.5719825741809302e-10 0.012775263216962866 
1970 10.503211259841919 -0.1903346845868723 -0.0037898982079371613 0.0 9.431895445085581e-11 0.01410787762812999 
1971 10.508592128753662 -0.20092472354046717 -0.003789898026068209 0.0 5.659137267051348e-11 0.015214243302418155 
1972 10.513862133026123 -0.21086682729646133 -0.003789897916946838 0.0 3.395482360230809e-11 0.016184856754346708 
1973 10.519145250320435 -0.21877318561897652 -0.0037898978514740145 0.0 2.0372894161384854e-11 0.016997322596194755 
1974 10.524398803710938 -0.22622701527910255 -0.003789897812190321 0.0 1.2223736496830912e-11 0.017714899871994504 
1975 10.529738903045654 -0.2334112835728459 -0.003789897788620105 0.0 7.334241898098548e-12 0.018375544008165268 
1976 10.53502869606018 -0.24043570677748555 -0.003789897774477975 0.0 4.400545138859129e-12 0.019002025280326407 
1977 10.540256261825562 -0.2457165866700607 -0.0037898977659926976 0.0 2.6403270833154773e-12 0.019531312557417035 
1978 10.54548192024231 -0.25236929319638035 -0.003789897760901531 0.0 1.5841962499892863e-12 0.02007898269436233 
1979 10.550687074661255 -0.25908005896502784 -0.0037898977578468313 0.0 9.505177499935718e-13 0.020637682547220426 
1980 10.555882692337036 -0.26582761611012284 -0.003789897756014011 0.0 5.703106499961431e-13 0.0212030002296262 
1981 10.561209917068481 -0.2709495179451688 -0.003789897754914319 0.0 3.4218638999768586e-13 0.02169558935286361 
1982 10.566466808319092 -0.27586425895019706 -0.003789897754254504 0.0 2.053118339986115e-13 0.022144538360367762 
1983 10.571753025054932 -0.2773567292879605 -0.0037898977538586144 0.0 1.231871003991669e-13 0.022413907764870254 
1984 10.577048063278198 -0.2849285364288562 -0.0037898977536210813 0.0 7.391226023950013e-14 0.02288232643515964 
1985 10.582289457321167 -0.2881335252495813 -0.0037898977534785603 0.0 4.434735614370008e-14 0.023240076894230244 
1986 10.587648630142212 -0.28937036676182826 -0.0037898977533930484 0.0 2.6608413686220046e-14 0.023454727169672604 
1987 10.592926979064941 -0.2901933124579581 -0.0037898977533417414 0.0 1.5965048211732027e-14 0.02358351733493802 
1988 10.598174571990967 -0.29076792066441765 -0.0037898977533109566 0.0 9.579028927039216e-15 0.023660791434097272 
1989 10.60340690612793 -0.2911935263770751 -0.0037898977532924857 0.0 5.747417356223529e-15 0.023707155893592825 
1990 10.6086266040802 -0.2915297305934511 -0.0037898977532814034 0.0 3.4484504137341175e-15 0.023734974569290156 
1991 10.614004611968994 -0.2885129219781213 -0.0037898977532747546 0.0 2.0690702482404705e-15 0.02359826726091461 
1992 10.619275331497192 -0.28501698691434013 -0.0037898977532707647 0.0 1.2414421489442822e-15 0.023362844362095334 
1993 10.624569654464722 -0.28123227209412105 -0.0037898977532683713 0.0 7.448652893665693e-16 0.023068192109009823 
1994 10.629816055297852 -0.277273049632997 -0.003789897753266935 0.0 4.469191736199416e-16 0.022738005223596813 
1995 10.635035037994385 -0.27155803885567864 -0.003789897753266073 0.0 2.6815150417196496e-16 0.02230979532165809 
1996 10.640250205993652 -0.2655546216288848 -0.003789897753265556 0.0 1.6089090250317896e-16 0.021822771609803934 
1997 10.645471334457397 -0.25937620470135514 -0.0037898977532652457 0.0 9.653454150190737e-17 0.021300459612000527 
1998 10.650679588317871 -0.2580398900232384 -0.00378989775326506 0.0 5.792072490114442e-17 0.02098707241331848 
1999 10.655894994735718 -0.24740980728637435 -0.0037898977532649482 0.0 3.475243494068665e-17 0.020338847532959656 
2000 10.661128520965576 -0.23910078552259995 -0.0037898977532648806 0.0 2.0851460964411988e-17 0.01964311557715647 
2001 10.666468381881714 -0.23064783723232776 -0.0037898977532648407 0.0 1.2510876578647192e-17 0.01891887937608667 
2002 10.671805381774902 -0.22210598935174758 -0.0037898977532648164 0.0 7.506525947188314e-18 0.018177543608089135 
2003 10.677107572555542 -0.21185841409796405 -0.0037898977532648016 0.0 4.503915568312988e-18 0.017349245862805753 
2004 10.682339906692505 -0.20135116507313242 -0.003789897753264793 0.0 2.7023493409877927e-18 0.01646877093115086 
2005 10.687772512435913 -0.190684916167579 -0.0037898977532647878 0.0 1.6214096045926755e-18 0.015556992667905297 
2006 10.693131446838379 -0.18156959970482733 -0.0037898977532647847 0.0 9.728457627556052e-19 0.01470312868237007 
2007 10.698373794555664 -0.1709655861994064 -0.0037898977532647826 0.0 5.837074576533631e-19 0.01380731400656407 
2008 10.703614711761475 -0.15363340755138652 -0.0037898977532647817 0.0 3.5022447459201783e-19 0.012579534869239956 
2009 10.708890199661255 -0.14192508259109204 -0.0037898977532647813 0.0 2.1013468475521068e-19 0.011459371102360623 
2010 10.714096546173096 -0.13051993375178342 -0.0037898977532647804 0.0 1.260808108531264e-19 0.0104037795379804 
2011 10.719428539276123 -0.05165640464459793 -0.0037898977532647804 0.0 7.564848651187584e-20 0.00624226772278824 
2012 10.724744081497192 -0.03961985594592686 -0.00378989775326478 0.0 4.53890919071255e-20 0.0037453606336729436 
2013 10.730042457580566 -0.03239792672672425 -0.0037898977532647804 0.0 2.72334551442753e-20 0.0022472163802037663 
2014 10.735328197479248 -0.028064769195202673 -0.00378989775326478 0.0 1.6340073086565178e-20 0.0013483298281222597 
2015 10.74059271812439 -0.02546487467628973 -0.00378989775326478 0.0 9.804043851939107e-21 0.0008089978968733557 
2016 10.745924711227417 -0.023904937964941968 -0.00378989775326478 0.0 5.882426311163464e-21 0.0004853987381240134 
2017 10.751179456710815 -0.022968975938133303 -0.00378989775326478 0.0 3.529455786698078e-21 0.000291239242874408 
2018 10.756404638290405 -0.02240739872204811 -0.00378989775326478 0.0 2.117673472018847e-21 0.0001747435457246448 
2019 10.761624097824097 -0.022070452392396994 -0.00378989775326478 0.0 1.270604083211308e-21 0.00010484612743478688 
2020 10.766831159591675 -0.02186828459460632 -0.00378989775326478 0.0 7.623624499267848e-22 6.290767646087213e-05 
2021 10.772174596786499 -0.02174698391593192 -0.00378989775326478 0.0 4.574174699560709e-22 3.774460587652327e-05 
2022 10.7774498462677 -0.021674203508727275 -0.00378989775326478 0.0 2.7445048197364254e-22 2.264676352591396e-05 
2023 10.782773494720459 -0.02163053526440449 -0.00378989775326478 0.0 1.6467028918418553e-22 1.3588058115548377e-05 
2024 10.78803825378418 -0.021604334317810822 -0.00378989775326478 0.0 9.880217351051131e-23 8.152834869329025e-06 
2025 10.793446779251099 -0.021588613749854622 -0.00378989775326478 0.0 5.928130410630678e-23 4.891700921597415e-06 
2026 10.798849105834961 -0.0215791814090809 -0.00378989775326478 0.0 3.556878246378407e-23 2.935020552958449e-06 
2027 10.80408763885498 -0.021573522004616666 -0.00378989775326478 0.0 2.134126947827044e-23 1.7610123317750693e-06 
2028 10.809340238571167 -0.021570126361938127 -0.00378989775326478 0.0 1.2804761686962264e-23 1.0566073990650416e-06 
2029 10.81458854675293 -0.021568088976331 -0.00378989775326478 0.0 7.682857012177357e-24 6.33964439439025e-07 
2030 10.819829225540161 -0.02156686654496673 -0.00378989775326478 0.0 4.609714207306414e-24 3.80378663663415e-07 
2031 10.825166463851929 -0.021566133086148163 -0.00378989775326478 0.0 2.7658285243838484e-24 2.2822719819804898e-07 
2032 10.830422639846802 -0.02156569301085702 -0.00378989775326478 0.0 1.659497114630309e-24 1.3693631891882938e-07 
2033 10.835705041885376 -0.02156542896568234 -0.00378989775326478 0.0 9.956982687781854e-25 8.216179135129762e-08 
2034 10.840958595275879 -0.02156527053857753 -0.00378989775326478 0.0 5.974189612669112e-25 4.929707481077857e-08 
2035 10.846159219741821 -0.021565175482314642 -0.00378989775326478 0.0 3.584513767601467e-25 2.9578244886467142e-08 
2036 10.851386785507202 -0.02156511844855691 -0.00378989775326478 0.0 2.1507082605608803e-25 1.7746946931880283e-08 
2037 10.856605052947998 -0.02156508422830227 -0.00378989775326478 0.0 1.290424956336528e-25 1.064816815912817e-08 
2038 10.861827373504639 -0.021565063696149488 -0.00378989775326478 0.0 7.742549738019167e-26 6.388900895476902e-09 
2039 10.867054224014282 -0.021565051376857818 -0.00378989775326478 0.0 4.6455298428115003e-26 3.833340537286141e-09 
2040 10.87227177619934 -0.021565043985282813 -0.00378989775326478 0.0 2.7873179056869003e-26 2.3000043223716845e-09 
2041 10.877586603164673 -0.021565039550337815 -0.00378989775326478 0.0 1.67239074341214e-26 1.3800025934230106e-09 
2042 10.88285756111145 -0.021565036889370816 -0.00378989775326478 0.0 1.003434446047284e-26 8.280015560538063e-10 
2043 10.888194561004639 -0.021565035292790614 -0.00378989775326478 0.0 6.0206066762837036e-27 4.968009336322837e-10 
2044 10.893625736236572 -0.09910008248138838 -0.00378989775326478 0.0 3.612364005770222e-27 0.003604856431541559 
2045 10.898991346359253 -0.11125287670404001 -0.00378989775326478 0.0 2.167418403462133e-27 0.0058444692492829065 
2046 10.904221296310425 -0.12110816172309127 -0.00378989775326478 0.0 1.3004510420772799e-27 0.007341632473489422 
2047 10.909433126449585 -0.1271696604487268 0.07374515039328111 0.0 -0.003604856133460999 0.008316629664910303 
2048 10.91465711593628 -0.1333721880756124 0.08754763115767014 0.0 -0.005921168327331543 0.009055026493556776 
2049 10.919870853424072 -0.13889364436164559 0.09597676560983433 0.0 -0.007387654900550843 0.009651463104538606 
2050 10.925097703933716 -0.1440077617305346 0.10359915865396033 0.0 -0.008420942378044128 0.010162723584921651 
2051 10.930426597595215 -0.14887877963650425 0.10997191204897652 0.0 -0.009194313378334044 0.010622878386945422 
2052 10.93576955795288 -0.15360524175208962 0.11559615573957172 0.0 -0.009811734492301941 0.01105236978195363 
2053 10.94107699394226 -0.15824621018048657 0.12077259749488146 0.0 -0.010335585674476623 0.011463460152520262 
2054 10.946323156356812 -0.1611875941942846 0.12568166197638725 0.0 -0.010803294897575378 0.011786813631757213 
2055 10.951656341552734 -0.16552652823662287 0.12878191801400937 0.0 -0.011160619688331604 0.012134224233093328 
2056 10.956881761550903 -0.1682886176475143 0.13156453349795463 0.0 -0.011451713819682312 0.012419369850791971 
2057 10.962109088897705 -0.17087224479219087 0.13580690256034597 0.0 -0.011779768812286682 0.01266715647830813 
2058 10.967321395874023 -0.17169976055385364 0.1385096850209088 0.0 -0.012053298084514039 0.012815828454817824 
2059 10.97254467010498 -0.17224060205467795 0.13940676794337484 0.0 -0.012217415647850453 0.012905031640723642 
2060 10.97777509689331 -0.1709597530320305 0.1416370798765987 0.0 -0.012392585442749272 0.012881854295370159 
2061 10.983118295669556 -0.1644031724196806 0.1439009885909912 0.0 -0.012574386576585538 0.012561150860570178 
2062 10.98838210105896 -0.15862927285297757 0.1445360213507999 0.0 -0.012683467256887297 0.01213863400923151 
2063 10.993738412857056 -0.15255593963632647 0.14661040707379663 0.0 -0.012825614921965326 0.011655026127737392 
2064 10.999151706695557 -0.1446513342340095 0.14548269201548295 0.0 -0.012834204264115169 0.011058064371253031 
2065 11.004453182220459 -0.05557799433437046 0.13736836991508988 0.0 -0.012455864565152451 0.0066348386227518185 
2066 11.009734630584717 -0.042784477340692975 0.12977638623656296 0.0 -0.01192206371818693 0.003980903173651091 
2067 11.014949560165405 -0.03510836714448648 0.1200785491028053 0.0 -0.011218286925522753 0.0023885419041906543 
2068 11.020155906677246 -0.0305027010267626 0.10823131087981745 0.0 -0.01033582828877465 0.0014331251425143926 
2069 11.025392055511475 -0.02773930135612826 0.028220486688109232 0.0 -0.00620149697326479 0.0008598750855086355 
2070 11.03058910369873 -0.026081261553747657 0.01626255350769429 0.0 -0.0037208981839588736 0.0005159250513051813 
2071 11.035907983779907 -0.025086437672319297 0.009087793599445327 0.0 -0.0022325389103753242 0.0003095550307831088 
2072 11.041172981262207 -0.02448954334346228 0.004782937654495946 0.0 -0.0013395233462251946 0.00018573301846986528 
2073 11.046452522277832 -0.02413140674614807 0.0022000240875263196 0.0 -0.0008037140077351168 0.00011143981108191916 
2074 11.051695108413696 -0.023916524787759547 0.0006502759473445419 0.0 -0.00048222840464107 6.686388664915149e-05 
2075 11.056947708129883 -0.02378759561272643 -0.0002795729367645239 0.0 -0.000289337042784642 4.0118331989490895e-05 
2076 11.062267541885376 -0.023710238107706557 -0.0008374822672299639 0.0 -0.0001736022256707852 2.4070999193694535e-05 
2077 11.067484140396118 -0.023663823604694635 -0.0011722278655092269 0.0 -0.00010416133540247112 1.444259951621672e-05 
2078 11.072681903839111 -0.023635974902887484 -0.0013730752244767851 0.0 -6.249680124148267e-05 8.665559709730031e-06 
2079 11.077893495559692 -0.023619265681803194 -0.0014935836398573205 0.0 -3.74980807448896e-05 5.199335825838019e-06 
2080 11.083086013793945 -0.02360924014915262 -0.001565888689085641 0.0 -2.249884844693376e-05 3.1196014955028112e-06 
2081 11.088377714157104 -0.023603224829562272 -0.001609271718622634 0.0 -1.3499309068160256e-05 1.8717608973016866e-06 
2082 11.09367823600769 -0.023599615637808068 -0.0016353015363448297 0.0 -8.099585440896153e-06 1.123056538381012e-06 
2083 11.099094152450562 -0.023597450122755544 -0.0016509194269781467 0.0 -4.859751264537692e-06 6.738339230286071e-07 
2084 11.10452389717102 -0.02359615081372403 -0.001660290161358137 0.0 -2.915850758722615e-06 4.0430035381716423e-07 
2085 11.109782218933105 -0.02359537122830512 -0.0016659126019861314 0.0 -1.749510455233569e-06 2.4258021229029854e-07 
2086 11.115020275115967 -0.023594903477053772 -0.0016692860663629283 0.0 -1.0497062731401413e-06 1.4554812737417912e-07 
2087 11.120308637619019 -0.02359462282630297 -0.0016713101449890061 0.0 -6.298237638840847e-07 8.732887642450746e-08 
2088 11.125544548034668 -0.02359445443585248 -0.001672524592164653 0.0 -3.7789425833045084e-07 5.2397325854704475e-08 
2089 11.130752086639404 -0.023594353401582193 -0.0016732532604700407 0.0 -2.267365549982705e-07 3.143839551282268e-08 
2090 11.13602876663208 -0.023594292781020015 -0.0016736904614532736 0.0 -1.360419329989623e-07 1.886303730769361e-08 
2091 11.14138674736023 -0.023594256408682714 -0.0016739527820432132 0.0 -8.162515979937738e-08 1.1317822384616165e-08 
2092 11.146644353866577 -0.02359423458528033 -0.001674110174397177 0.0 -4.8975095879626425e-08 6.790693430769699e-09 
2093 11.151933431625366 -0.0235942214912389 -0.001674204609809555 0.0 -2.9385057527775853e-08 4.074416058461819e-09 
2094 11.157172918319702 -0.02359421363481404 -0.0016742612710569818 0.0 -1.7631034516665512e-08 2.444649635077091e-09 
2095 11.162424325942993 -0.023594208920959127 -0.0016742952678054383 0.0 -1.0578620709999306e-08 1.4667897810462545e-09 
2096 11.167662382125854 -0.02359420609264618 0.07586073248069139 0.0 -0.003604862480633425 8.800738686277527e-10 
2097 11.172916173934937 -0.02359420439565841 0.08966320100625096 0.0 -0.005921172135634999 5.280443211766516e-10 
2098 11.178234815597534 -0.023594203377465747 0.10139163594872946 0.0 -0.007541052719094623 3.1682659270599093e-10 
2099 11.183468103408813 -0.023594202766550148 0.10946102191378737 0.0 -0.008666379582964342 1.9009595562359455e-10 
2100 11.188771486282349 -0.023594202400000795 0.1161032451464076 0.0 -0.00949497421508012 1.1405757337415673e-10 
2101 11.194177627563477 -0.023594202180071175 0.12518984656086946 0.0 -0.010298928021937477 6.843454402449404e-11 
2102 11.199466466903687 -0.023594202048113407 0.12761295365335718 0.0 -0.01078130030605189 4.106072641469642e-11 
2103 11.20493197441101 -0.023594201968938747 0.13570467829641356 0.0 -0.011377520704108428 2.463643584881785e-11 
2104 11.210159063339233 -0.02359420192143395 0.1375334671007925 0.0 -0.01173525294294235 1.478186150929071e-11 
2105 11.215401411056519 -0.023594201892931068 0.14857051637933008 0.0 -0.012410084847392302 8.869116905574425e-12 
2106 11.220738649368286 -0.023594201875829342 0.15393582820008755 0.0 -0.012968382503856218 5.321470143344655e-12 
2107 11.225970029830933 -0.023594201865568307 0.15896734190710074 0.0 -0.013456759611528514 3.192882086006793e-12 
2108 11.23131251335144 -0.02359420185941169 0.16379988063323458 0.0 -0.013903184389925837 1.9157292516040756e-12 
2109 11.236552953720093 -0.023594201855717714 0.16686465229123953 0.0 -0.014247738513861203 1.1494375509624452e-12 
2110 11.241759300231934 -0.02359420185350133 0.16798672225405203 0.0 -0.014454470988222423 6.896625305774671e-13 
2111 11.247109174728394 -0.023594201852171502 0.16871016376871867 0.0 -0.014578510472839154 4.1379751834648025e-13 
2112 11.252399682998657 -0.023594201851373602 0.16919442821449787 0.0 -0.014652934163609193 2.4827851100788813e-13 
2113 11.257708072662354 -0.023594201850894864 0.16953518641894458 0.0 -0.014697588378071216 1.4896710660473287e-13 
2114 11.26293396949768 -0.02359420185060762 0.1697898408785918 0.0 -0.01472438090674843 8.938026396283971e-14 
2115 11.268152236938477 -0.02359420185043528 0.16999283309135937 0.0 -0.01474045642395476 5.362815837770382e-14 
2116 11.273393869400024 -0.02359420185033187 0.16851514198903053 0.0 -0.014673402477381584 3.2176895026622294e-14 
2117 11.27860403060913 -0.02359420185026983 0.16844506748989857 0.0 -0.014633170109437679 1.9306137015973376e-14 
2118 11.283928155899048 -0.023594201850232602 0.16845257038371492 0.0 -0.014609030688671334 1.1583682209584025e-14 
2119 11.28924560546875 -0.023594201850210265 0.16685693374633181 0.0 -0.014517847779314556 6.950209325750415e-15 
2120 11.294508457183838 -0.023594201850196863 0.1650657540155151 0.0 -0.014386438776803517 4.1701255954502485e-15 
2121 11.299882888793945 -0.02359420185018882 0.1631565964849545 0.0 -0.01423089411839992 2.502075357270149e-15 
2122 11.305274963378906 -0.02359420185018399 0.15952631436389558 0.0 -0.013984168809563817 1.5012452143620894e-15 
2123 11.310583591461182 -0.0235942018501811 0.1539793602031715 0.0 -0.013606035853571237 9.007471286172537e-16 
2124 11.315815210342407 -0.023594201850179363 0.14969712552353576 0.0 -0.013225757566181745 5.404482771703521e-16 
2125 11.321041345596313 -0.023594201850178322 0.14375580420957254 0.0 -0.01276749580328937 3.242689663022113e-16 
2126 11.326249361038208 -0.023594201850177698 0.13758397377561626 0.0 -0.012262440974863027 1.9456137978132677e-16 
2127 11.331504344940186 -0.023594201850177323 0.13457128377487274 0.0 -0.011882708820910248 1.1673682786879605e-16 
2128 11.33683156967163 -0.023594201850177094 0.13026975498546514 0.0 -0.011501471014744635 7.004209672127763e-17 
2129 11.342167139053345 -0.02359420185017696 0.1259606116044617 0.0 -0.011119329817251323 4.2025258032766573e-17 
2130 11.347530126571655 -0.023594201850176882 0.12164559558113343 0.0 -0.010736646584961389 2.521515481965994e-17 
2131 11.352978229522705 -0.02359420185017683 0.11732575208504305 0.0 -0.010353638131793484 1.5129092891795964e-17 
2132 11.358276605606079 -0.023594201850176803 0.11465145828522182 0.0 -0.010047136783228008 9.077455735077578e-18 
2133 11.363651514053345 -0.023594201850176785 0.1105470699462246 0.0 -0.009709837460294777 5.4464734410465465e-18 
2134 11.368885278701782 -0.023594201850176775 0.10635034336764666 0.0 -0.009354059352740892 3.2678840646279276e-18 
2135 11.374128580093384 -0.023594201850176764 0.029510919712312823 0.0 -0.005612435611644535 1.9607304387767563e-18 
2136 11.37938380241394 -0.023594201850176764 0.01868883428475278 0.0 -0.003367461366986721 1.1764382632660537e-18 
2137 11.384678840637207 -0.02359420185017676 0.012195583028216758 0.0 -0.0020204768201920326 7.058629579596322e-19 
2138 11.389939785003662 -0.023594201850176758 0.008299632274295138 0.0 -0.0012122860921152195 4.235177747757793e-19 
2139 11.395257234573364 -0.02359420185017676 0.00596206182194217 0.0 -0.0007273716552691317 2.541106648654676e-19 
2140 11.400598526000977 -0.02359420185017676 0.004559519550530388 0.0 -0.000436422993161479 1.5246639891928055e-19 
2141 11.406046628952026 -0.023594201850176758 0.0037179941876833177 0.0 -0.0002618537958968874 9.147983935156833e-20 
2142 11.411370754241943 -0.023594201850176758 0.0032130789699750762 0.0 -0.00015711227753813242 5.4887903610941e-20 
2143 11.416778326034546 -0.023594201850176758 0.002910129839350132 0.0 -9.426736652287945e-05 3.29327421665646e-20 
2144 11.422206163406372 -0.023594201850176758 0.0027283603609751655 0.0 -5.656041991372767e-05 1.9759645299938758e-20 
2145 11.427566766738892 -0.023594201850176758 0.002619298673950185 0.0 -3.39362519482366e-05 1.1855787179963254e-20 
2146 11.432827234268188 -0.023594201850176758 0.0025538616617351967 0.0 -2.036175116894196e-05 7.113472307977953e-21 
2147 11.438096046447754 -0.023594201850176758 0.0025145994544062047 0.0 -1.2217050701365175e-05 4.268083384786771e-21 
2148 11.44342851638794 -0.023594201850176758 0.0024910421300088086 0.0 -7.330230420819104e-06 2.560850030872063e-21 
2149 11.448763370513916 -0.023594201850176758 0.0024769077353703718 0.0 -4.398138252491463e-06 1.5365100185232375e-21 
2150 11.454127311706543 -0.023594201850176758 0.07835378927816466 0.0 -0.003530795759515521 9.219060111139426e-22 
2151 11.45983624458313 -0.023594201850176758 0.08862833877165177 0.0 -0.005646634332273338 5.531436066683656e-22 
2152 11.465150117874146 -0.023594201850176758 0.09482305780119482 0.0 -0.006916137475928029 3.3188616400101932e-22 
2153 11.470450162887573 -0.023594201850176758 0.10021956451933998 0.0 -0.007754538619017816 1.991316984006116e-22 
2154 11.475647926330566 -0.023594201850176758 0.1043708032253603 0.0 -0.00833427856176866 1.1947901904036694e-22 
2155 11.480866193771362 -0.023594201850176758 0.10777553306778936 0.0 -0.00875882178431614 7.168741142422016e-23 
2156 11.486076831817627 -0.023594201850176758 0.11073300953574727 0.0 -0.0090902469747416 4.3012446854532096e-23 
2157 11.491286754608154 -0.023594201850176758 0.11177309995573757 0.0 -0.009289102088996876 2.5807468112719256e-23 
2158 11.496527671813965 -0.023594201850176758 0.11242975131591706 0.0 -0.009408415157550042 1.5484480867631554e-23 
2159 11.501781225204468 -0.023594201850176758 0.11285633924021005 0.0 -0.009480002998681942 9.290688520578932e-24 
2160 11.507157564163208 -0.023594201850176758 0.11314488910297109 0.0 -0.00952295570336108 5.574413112347359e-24 
2161 11.512729406356812 -0.023594201850176758 0.11335061612881303 0.0 -0.009548727326168564 3.3446478674084154e-24 
2162 11.518009901046753 -0.023594201850176758 0.11185696348553496 0.0 -0.009487491042956082 2.0067887204450493e-24 
2163 11.52334213256836 -0.023594201850176758 0.11175970963303954 0.0 -0.009450749273028594 1.2040732322670295e-24 
2164 11.528571367263794 -0.023594201850176758 0.11008361651907539 0.0 -0.009352004954175128 7.224439393602177e-25 
2165 11.533807277679443 -0.023594201850176758 0.10987624644048462 0.0 -0.009292758362863047 4.334663636161306e-25 
2166 11.5390784740448 -0.023594201850176758 0.10813343164717973 0.0 -0.009180511151178827 2.6007981816967837e-25 
2167 11.544300317764282 -0.023594201850176758 0.10623569065033237 0.0 -0.009036463567271322 1.5604789090180703e-25 
2168 11.54969573020935 -0.023594201850176758 0.030008665775067153 0.0 -0.005421878140362793 9.362873454108421e-26 
2169 11.554941177368164 -0.023594201850176758 0.019554019615548267 0.0 -0.003253126884217676 5.617724072465053e-26 
2170 11.560425043106079 -0.023594201850176758 0.013281231919836932 0.0 -0.0019518761305306054 3.3706344434790313e-26 
2171 11.565871000289917 -0.023594201850176758 0.009517559302410135 0.0 -0.0011711256783183631 2.022380666087419e-26 
2172 11.57117772102356 -0.023594201850176758 0.007259355731954058 0.0 -0.0007026754069910179 1.2134283996524512e-26 
2173 11.57651686668396 -0.023594201850176758 0.005904433589680409 0.0 -0.0004216052441946107 7.280570397914706e-27 
2174 11.581794500350952 -0.023594201850176758 0.005091480304316224 0.0 -0.0002529631465167664 4.3683422387488234e-27 
2175 11.587022066116333 -0.023594201850176758 0.00460370833309771 0.0 -0.00015177788791005984 2.621005343249294e-27 
2176 11.59223484992981 -0.023594201850176758 0.004311045150366602 0.0 -9.10667327460359e-05 1.5726032059495764e-27 
2177 11.597502708435059 -0.023594201850176758 0.004135447240727938 0.0 -5.4640039647621536e-05 9.435619235697458e-28 
2178 11.602733135223389 -0.023594201850176758 0.004030088494944739 0.0 -3.278402378857292e-05 5.661371541418475e-28 
2179 11.608002662658691 -0.023594201850176758 0.003966873247474819 0.0 -1.9670414273143754e-05 3.3968229248510845e-28 
2180 11.613437414169312 -0.023594201850176758 0.003928944098992867 0.0 -1.1802248563886252e-05 2.0380937549106506e-28 
2181 11.61895751953125 -0.023594201850176758 0.003906186609903697 0.0 -7.081349138331751e-06 1.2228562529463904e-28 
2182 11.62428069114685 -0.023594201850176758 0.0038925321164501943 0.0 -4.24880948299905e-06 7.337137517678342e-29 
2183 11.629618883132935 -0.023594201850176758 0.0038843394203780927 0.0 -2.54928568979943e-06 4.402282510607005e-29 
2184 11.634932279586792 -0.023594201850176758 0.003879423802734832 0.0 -1.529571413879658e-06 2.641369506364203e-29 
2185 11.640149354934692 -0.023594201850176758 0.0038764744321488753 0.0 -9.177428483277948e-07 1.5848217038185217e-29 
2186 11.645367622375488 -0.023594201850176758 0.003874704809797301 0.0 -5.506457089966768e-07 9.508930222911129e-30 
2187 11.650598764419556 -0.023594201850176758 0.0038736430363863566 0.0 -3.303874253980061e-07 5.705358133746677e-30 
2188 11.655841827392578 -0.023594201850176758 0.003873005972339791 0.0 -1.9823245523880364e-07 3.423214880248006e-30 
2189 11.661119222640991 -0.023594201850176758 0.00387262373391185 0.0 -1.1893947314328217e-07 2.0539289281488035e-30 
2190 11.666373491287231 -0.023594201850176758 0.003872394390855086 0.0 -7.13636838859693e-08 1.232357356889282e-30 
2191 11.671779870986938 -0.023594201850176758 0.003872256785021028 0.0 -4.2818210331581576e-08 7.394144141335692e-31 
2192 11.677048683166504 -0.023594201850176758 0.0038721742215205935 0.0 -2.5690926198948946e-08 4.436486484801415e-31 
2193 11.682356357574463 -0.023594201850176758 0.0038721246834203323 0.0 -1.5414555719369365e-08 2.661891890880849e-31 
2194 11.687593460083008 -0.023594201850176758 0.0038720949605601756 0.0 -9.24873343162162e-09 1.5971351345285094e-31 
2195 11.692827939987183 -0.023594201850176758 0.003872077126844082 0.0 -5.549240058972972e-09 9.582810807171056e-32 
2196 11.69810175895691 -0.023594201850176758 0.003872066426614425 0.0 -3.329544035383783e-09 5.749686484302633e-32 
2197 11.703332662582397 -0.023594201850176758 0.0038720600064766322 0.0 -1.9977264212302695e-09 3.4498118905815794e-32 
2198 11.708555459976196 -0.023594201850176758 0.003872056154393956 0.0 -1.1986358527381616e-09 2.0698871343489476e-32 
2199 11.713807582855225 -0.023594201850176758 0.0038720538431443498 0.0 -7.191815116428969e-10 1.2419322806093685e-32 
2200 11.719187021255493 -0.023594201850176758 0.0038720524563945866 0.0 -4.3150890698573813e-10 7.45159368365621e-33 
2201 11.724533796310425 -0.023594201850176758 0.0038720516243447283 0.0 -2.589053441914429e-10 4.470956210193726e-33 
2202 11.729816675186157 -0.023594201850176758 0.003872051125114813 0.0 -1.5534320651486573e-10 2.6825737261162356e-33 
2203 11.7351655960083 -0.023594201850176758 0.0038720508255768644 0.0 -9.320592390891943e-11 1.6095442356697412e-33 
2204 11.740505456924438 -0.023594201850176758 0.003872050645854095 0.0 -5.5923554345351656e-11 9.657265414018447e-34 
2205 11.745803117752075 -0.023594201850176758 0.003872050538020434 0.0 -3.355413260721099e-11 5.794359248411068e-34 
2206 11.751036882400513 -0.023594201850176758 0.0038720504733202373 0.0 -2.0132479564326595e-11 3.4766155490466406e-34 
2207 11.756249904632568 -0.023594201850176758 0.0038720504345001188 0.0 -1.2079487738595957e-11 2.085969329427984e-34 
2208 11.76147747039795 -0.023594201850176758 0.003872050411208048 0.0 -7.247692643157573e-12 1.2515815976567904e-34 
2209 11.76668405532837 -0.023594201850176758 0.003872050397232805 0.0 -4.348615585894544e-12 7.509489585940743e-35 
2210 11.771885395050049 -0.023594201850176758 0.0038720503888476595 0.0 -2.6091693515367266e-12 4.5056937515644454e-35 
2211 11.777206659317017 -0.023594201850176758 0.0038720503838165724 0.0 -1.565501610922036e-12 2.703416250938667e-35 
2212 11.782465934753418 -0.023594201850176758 0.00387205038079792 0.0 -9.393009665532216e-13 1.6220497505632e-35 
2213 11.787828207015991 -0.023594201850176758 0.003872050378986729 0.0 -5.635805799319329e-13 9.7322985033792e-36 
2214 11.793259382247925 0.05394084629636913 0.0038720503779000144 0.0 -3.381483479591597e-13 -0.003604856133460999 
2215 11.798548460006714 0.06609364109378964 0.0038720503772479847 0.0 -2.0288900877549582e-13 -0.00584446907043457 
2216 11.803763389587402 0.07594892645770222 0.003872050376856767 0.0 -1.217334052652975e-13 -0.00734163236618042 
2217 11.809014558792114 0.08201042539025458 0.003872050376622037 0.0 -7.30400431591785e-14 -0.008316629600524903 
2218 11.814245700836182 0.08821295314129024 0.0038720503764811984 0.0 -4.38240258955071e-14 -0.009055026454925537 
2219 11.81971549987793 0.09373440950181346 0.003872050376396695 0.0 -2.6294415537304258e-14 -0.009651463081359862 
2220 11.825040102005005 0.10214789884933353 0.0038720503763459936 0.0 -1.5776649322382553e-14 -0.010316122084808348 
2221 11.83040452003479 0.10911554465887818 0.003872050376315572 0.0 -9.465989593429531e-15 -0.010945015257568358 
2222 11.835658550262451 0.11433488267836461 0.00387205037629732 0.0 -5.679593756057719e-15 -0.011475746694786071 
2223 11.840986728668213 0.11597425442353147 0.0038720503762863677 0.0 -3.407756253634631e-15 -0.011794185557116699 
2224 11.846235752105713 0.11864928770669217 0.003872050376279797 0.0 -2.0446537521807787e-15 -0.012061948131412047 
2225 11.85153579711914 0.11952969132039462 0.003872050376275854 0.0 -1.2267922513084672e-15 -0.012222605675989257 
2226 11.856792688369751 0.12010030970139177 0.0038720503762734886 0.0 -7.360753507850803e-16 -0.012319000202735582 
2227 11.862027168273926 0.1221347429097343 0.003872050376272069 0.0 -4.4164521047104814e-16 -0.01245353617568035 
2228 11.867252349853516 0.12593081035616654 0.003872050376271218 0.0 -2.649871262826289e-16 -0.012687656273241157 
2229 11.872469902038574 0.1283684836968815 0.0038720503762707066 0.0 -1.5899227576957733e-16 -0.012904827588674613 
2230 11.877720355987549 0.1324084510537881 0.0038720503762704004 0.0 -9.53953654617464e-17 -0.013188528891728633 
2231 11.883068561553955 0.13664410613880706 0.003872050376270216 0.0 -5.723721927704783e-17 -0.01351214818735499 
2232 11.888335227966309 0.1376991058141237 0.0038720503762701055 0.0 -3.43423315662287e-17 -0.013706319764730805 
2233 11.893653631210327 0.14662806311607596 0.0038720503762700387 0.0 -2.060539893973722e-17 -0.014206316015408917 
2234 11.898926973342896 0.14985104187702042 0.0038720503762699992 0.0 -1.2363239363842331e-17 -0.014583013022712758 
2235 11.904270648956299 0.15106933996363192 0.0038720503762699754 0.0 -7.417943618305398e-18 -0.014809031227095062 
2236 11.90954303741455 0.15020213624764472 0.003872050376269961 0.0 -4.450766170983239e-18 -0.014867942892827472 
2237 11.914777278900146 0.14555066424177246 0.0038720503762699524 0.0 -2.6704597025899436e-18 -0.014673195101808239 
2238 11.9200119972229 0.14510962459244783 0.0038720503762699468 0.0 -1.602275821553966e-18 -0.014556346427196698 
2239 11.925349712371826 0.1382951525845909 0.0038720503762699437 0.0 -9.613654929323797e-19 -0.014179440194841884 
2240 11.930586338043213 0.13567104156366452 0.003872050376269942 0.0 -5.768192957594278e-19 -0.013876597198532022 
2241 11.935952186584473 0.13325951748430376 0.003872050376269941 0.0 -3.4609157745565665e-19 -0.013618192143849133 
2242 11.941251277923584 0.13262457959316723 0.0038720503762699407 0.0 -2.0765494647339399e-19 -0.0134631491110394 
2243 11.946562051773071 0.13063891487902696 0.07975741255584728 0.0 -0.003528156876564026 -0.013293424034456588 
2244 11.951801061630249 0.1302588406633391 0.0933364223653413 0.0 -0.0057984495162963865 -0.013191588988506898 
2245 11.957031965255737 0.12677575624381587 0.10328050826785337 0.0 -0.007314023613929748 -0.01297708944714314 
2246 11.962327718734741 0.12461323291953222 0.11269456558018698 0.0 -0.008453462862968445 -0.012771690465427912 
2247 11.967532634735107 0.12412508770670744 0.11607660497690447 0.0 -0.009137126412391661 -0.012648451076398776 
2248 11.972785234451294 0.11232683912333363 0.12473912539671338 0.0 -0.009854121569633483 -0.012037615624934724 
2249 11.977992057800293 0.10405587691822324 0.13185488596226405 0.0 -0.010514416434669493 -0.011364317326468403 
2250 11.983213186264038 0.09724741682771809 0.13881153901528054 0.0 -0.01114069112438202 -0.010730240576697692 
2251 11.988948345184326 0.09054757370628062 0.14402493332453356 0.0 -0.01166985147177124 -0.010119699736376586 
2252 11.994641542434692 0.009675174845308554 0.1489607627211811 0.0 -0.012140746193998717 -0.006071819841825951 
2253 12.000104904174805 -0.002032710567694971 0.15208164128834173 0.0 -0.012499982284232177 -0.0036430919050955703 
2254 12.00577187538147 -0.009057441815497082 0.15818056580440049 0.0 -0.01294562170906317 -0.002185855143057342 
2255 12.011162281036377 -0.013272280564178347 0.16123491664897255 0.0 -0.013289704620858739 -0.0013115130858344052 
2256 12.016504287719727 -0.01580118381338711 0.16399716037227574 0.0 -0.013572853624833053 -0.0007869078515006431 
2257 12.021880149841309 -0.017318525762912367 0.16658479176650115 0.0 -0.013819442284114615 -0.00047214471090038584 
2258 12.027320623397827 -0.01822893093262752 0.16741862173999497 0.0 -0.013967395479683552 -0.0002832868265402315 
2259 12.032808780670166 -0.018775174034456613 0.1663174774630511 0.0 -0.013979468140127942 -0.0001699720959241389 
2260 12.03824520111084 -0.019102919895554068 0.16317200329416204 0.0 -0.013833313222600629 -0.00010198325755448333 
2261 12.04395318031311 -0.019299567412212542 0.1562662479377714 0.0 -0.013438823244496351 -6.118995453268999e-05 
2262 12.049445629119873 -0.019417555922207626 0.15523444509995887 0.0 -0.013202129257633784 -3.6713972719613996e-05 
2263 12.054861307144165 -0.019488349028204677 0.12991381809321137 0.0 -0.011909626992293892 -2.2028383631768398e-05 
2264 12.060109615325928 -0.019530824891802905 0.11801183585708941 0.0 -0.010750632328837334 -1.3217030179061038e-05 
2265 12.065419435501099 -0.019556310409961843 0.037201172688531 0.0 -0.0064503793973024 -7.930218107436622e-06 
2266 12.070821762084961 -0.019571601720857205 0.02476333612200595 0.0 -0.00387022763838144 -4.758130864461973e-06 
2267 12.0761079788208 -0.019580776507394426 0.017300634182090907 0.0 -0.002322136583028864 -2.8548785186771835e-06 
2268 12.081355094909668 -0.019586281379316752 0.012823013018141883 0.0 -0.0013932819498173184 -1.71292711120631e-06 
2269 12.086565732955933 -0.01958958430247015 0.010136440319772467 0.0 -0.000835969169890391 -1.027756266723786e-06 
2270 12.091832876205444 -0.019591566056362187 0.008524496700750821 0.0 -0.0005015815019342346 -6.166537600342715e-07 
2271 12.097225189208984 -0.019592755108697416 0.007557330529337833 0.0 -0.00030094890116054077 -3.699922560205629e-07 
2272 12.102484464645386 -0.019593468540098545 0.00697703082649004 0.0 -0.00018056934069632445 -2.2199535361233773e-07 
2273 12.107854127883911 -0.019593896598939224 0.0066288510047813635 0.0 -0.00010834160441779466 -1.3319721216740264e-07 
2274 12.113185167312622 -0.019594153434243637 0.006419943111756157 0.0 -6.50049626506768e-05 -7.991832730044158e-08 
2275 12.118418216705322 -0.01959430753542628 0.006294598375941034 0.0 -3.900297759040608e-05 -4.795099638026494e-08 
2276 12.123700857162476 -0.01959439999613587 0.006219391534451961 0.0 -2.3401786554243644e-05 -2.8770597828158963e-08 
2277 12.129124641418457 -0.019594455472561625 0.006174267429558516 0.0 -1.4041071932546186e-05 -1.7262358696895376e-08 
2278 12.134424686431885 0.05629087342116028 0.00614719296662245 0.0 -8.424643159527712e-06 -0.003528167233979244 
2279 12.139642477035522 0.06986986325914102 0.00613094828886081 0.0 -5.054785895716627e-06 -0.005798455730745517 
2280 12.14490532875061 0.0831132450123571 0.006121201482203827 0.0 -3.032871537429976e-06 -0.007467422876160933 
2281 12.150405406951904 0.08967492052791932 0.006115353398209636 0.0 -1.8197229224579857e-06 -0.008545502420307155 
2282 12.15568995475769 0.09617885811612821 0.006111844547813121 0.0 -1.0918337534747914e-06 -0.009345748660588835 
2283 12.16102385520935 0.1035321502332911 0.006109739237575212 0.0 -6.551002520848749e-07 -0.010055994175448758 
2284 12.166264057159424 0.10733064639597056 0.0061084760514324675 0.0 -3.930601512509249e-07 -0.010558840741261687 
2285 12.171481132507324 0.11218058803455148 0.00610771813974682 0.0 -2.3583609075055492e-07 -0.01101394719454339 
2286 12.176687955856323 0.11689564417674575 0.006107263392735433 0.0 -1.4150165445033294e-07 -0.011440406600074117 
2287 12.181995868682861 0.11988148081882222 0.0061069905445286 0.0 -8.490099267019976e-08 -0.011772981500289527 
2288 12.187228679656982 0.12259740047115897 0.006106826835604499 0.0 -5.0940595602119855e-08 -0.012049225697315744 
2289 12.192447900772095 0.12515202187333557 0.006106728610250039 0.0 -3.056435736127191e-08 -0.012291671472428448 
2290 12.197696208953857 0.1292602022360682 0.006106669675037364 0.0 -1.833861441676315e-08 -0.012590537451290015 
2291 12.203524351119995 0.133534829293532 0.006106634313909759 0.0 -1.1003168650057889e-08 -0.012923255552400901 
2292 12.208913326263428 0.1346112563212646 0.006106613097233196 0.0 -6.601901190034733e-09 -0.013122886413067431 
2293 12.214210271835327 0.14025180637000362 0.006106600367227258 0.0 -3.96114071402084e-09 -0.013472762700158267 
2294 12.219430208206177 0.14468212238851968 0.006106592729223695 0.0 -2.3766844284125037e-09 -0.013836086986206716 
2295 12.224756002426147 0.14915453034491372 0.006106588146421558 0.0 -1.4260106570475022e-09 -0.01420747709139749 
2296 12.23021149635315 0.15365359122871738 0.0061065853967402755 0.0 -8.556063942285013e-10 -0.0145837096683059 
2297 12.235645532608032 0.15487054602007466 0.006106583746931505 0.0 -5.133638365371008e-10 -0.014809449214450949 
2298 12.24088454246521 0.1523528503599664 0.0061065827570462436 0.0 -3.080183019222605e-10 -0.014791494428344033 
2299 12.246104717254639 0.1507767957468447 0.006106582163115087 0.0 -1.8481098115335628e-10 -0.014704025280015149 
2300 12.251302242279053 0.14569861543800897 0.006106581806756392 0.0 -1.1088658869201377e-10 -0.0144214460203269 
2301 12.257143020629883 0.14170090478792433 0.006106581592941175 0.0 -6.653195321520826e-11 -0.014098499950720007 
2302 12.262532949447632 0.13758317947675336 0.006106581464652046 0.0 -3.991917192912496e-11 -0.013751333795161923 
2303 12.267837524414062 0.13504182744853194 0.006106581387678568 0.0 -2.3951503157474975e-11 -0.013466334844930102 
2304 12.273105382919312 0.13432834084439535 0.006106581341494481 0.0 -1.4370901894484985e-11 -0.013295335474791007 
2305 12.27837061882019 0.13394458092574002 0.006106581313784029 0.0 -8.62254113669099e-12 -0.013192735852707551 
2306 12.283620834350586 0.13375865701837336 0.006106581297157757 0.0 -5.173524682014594e-12 -0.013131176079457477 
2307 12.289000988006592 0.13369143471777994 0.006106581287181995 0.0 -3.1041148092087563e-12 -0.013094240215507431 
2308 12.294240951538086 0.13534511934821905 0.006106581281196537 0.0 -1.8624688855252537e-12 -0.013148777954034378 
2309 12.29947304725647 0.13561532154502295 0.006106581277605263 0.0 -1.1174813313151521e-12 -0.013181500597150547 
2310 12.304746866226196 0.13417274088364703 0.006106581275450498 0.0 -6.704887987890913e-13 -0.013124434926123276 
2311 12.310471773147583 0.13081914516568063 0.006106581274157639 0.0 -4.022932792734548e-13 -0.012936797009712966 
2312 12.315818786621094 0.12873431506233107 0.0061065812733819246 0.0 -2.4137596756407283e-13 -0.01274751500296981 
2313 12.321125030517578 0.12664309981509825 0.006106581272916496 0.0 -1.448255805384437e-13 -0.012557246542026942 
2314 12.326364278793335 0.12454740153785185 0.006106581272637237 0.0 -8.689534832306621e-14 -0.01236638620856425 
2315 12.33161187171936 0.12244842559923869 0.006106581272469683 0.0 -5.2137208993839725e-14 -0.0121751737318219 
2316 12.336965799331665 0.12034673724280646 0.006106581272369151 0.0 -3.128232539630383e-14 -0.011983746988879516 
2317 12.342286825180054 0.11989248526129 0.0061065812723088315 0.0 -1.8769395237782298e-14 -0.011868890943114087 
2318 12.347667455673218 0.11965970253575331 0.006106581272272639 0.0 -1.1261637142669379e-14 -0.011799977315654828 
2319 12.352956295013428 0.12120948733077305 0.006106581272250924 0.0 -6.756982285601627e-15 -0.011835328396076247 
2320 12.358189344406128 0.12141278604587197 0.006106581272237895 0.0 -4.054189371360976e-15 -0.011856539044329099 
2321 12.363572835922241 0.12157518568198811 0.006106581272230078 0.0 -2.4325136228165856e-15 -0.01186926543328081 
2322 12.368880033493042 0.12171304587071459 0.006106581272225388 0.0 -1.4595081736899514e-15 -0.011876901266651835 
2323 12.374210596084595 0.12183618239100735 0.006106581272222573 0.0 -8.757049042139708e-16 -0.011881482766674452 
2324 12.379443883895874 0.12360010657688318 0.0061065812722208845 0.0 -5.254229425283825e-16 -0.011960927943352755 
2325 12.384745121002197 0.12228294878052637 0.006106581272219872 0.0 -3.1525376551702945e-16 -0.011931898772695002 
2326 12.389998435974121 0.12230003727641646 0.0061065812722192634 0.0 -1.8915225931021767e-16 -0.011914481270300351 
2327 12.39524531364441 0.12070102481403876 0.006106581272218899 0.0 -1.134913555861306e-16 -0.011827331511966587 
2328 12.400512218475342 0.12054837836895507 0.006106581272218681 0.0 -6.809481335167836e-17 -0.011775041656966329 
2329 12.405747413635254 0.12049655896527806 0.006106581272218549 0.0 -4.0856888011007016e-17 -0.011743667743966174 
2330 12.410993576049805 0.12215492175341353 0.00610658127221847 0.0 -2.451413280660421e-17 -0.011801542653063053 
2331 12.416315793991089 0.12407298913102535 0.006106581272218422 0.0 -1.4708479683962525e-17 -0.011912963875185915 
2332 12.421581268310547 0.12779731105029063 0.0061065812722183935 0.0 -8.825087810377514e-18 -0.012133215122253578 
2333 12.426892280578613 0.1301899812436546 0.006106581272218376 0.0 -5.2950526862265084e-18 -0.012342065127391149 
2334 12.432204961776733 0.13090161894716254 0.006106581272218367 0.0 -3.177031611735905e-18 -0.01246737513047369 
2335 12.438236474990845 0.1313716297257267 0.00610658127221836 0.0 -1.906218967041543e-18 -0.012542561132323216 
2336 12.44354772567749 0.13169666434932448 0.006106581272218356 0.0 -1.1437313802249259e-18 -0.01258767273343293 
2337 12.448843955993652 0.1319347132799425 0.0061065812722183544 0.0 -6.862388281349555e-19 -0.01261473969409876 
2338 12.454086065292358 0.13212057079477266 0.006106581272218353 0.0 -4.117432968809733e-19 -0.012630979870498257 
2339 12.459338188171387 0.13227511346013004 0.006106581272218352 0.0 -2.4704597812858396e-19 -0.012640723976337954 
2340 12.464618921279907 0.13241086721580383 0.006106581272218352 0.0 -1.4822758687715037e-19 -0.012646570439841773 
2341 12.470065355300903 0.13418503359263595 0.006106581272218351 0.0 -8.893655212629023e-20 -0.012726777574841037 
2342 12.475499629974365 0.13782559288384555 0.006106581272218352 0.0 -5.3361931275774135e-20 -0.012928300369634542 
2343 12.480909824371338 0.14182029924207915 0.006106581272218351 0.0 -3.201715876546448e-20 -0.01320261256030459 
2344 12.486171245574951 0.1443791117609258 0.006106581272218351 0.0 -1.9210295259278687e-20 -0.013443899131603591 
2345 12.491495847702026 0.1468440324887937 0.006106581272218351 0.0 -1.1526177155567212e-20 -0.013665370331279965 
2346 12.49677300453186 0.1476035841187894 0.006106581272218351 0.0 -6.915706293340327e-21 -0.013798253051085788 
2347 12.5020170211792 0.14810690685903152 0.006106581272218351 0.0 -4.149423776004196e-21 -0.013877982682969282 
2348 12.50725769996643 0.14845649226542146 0.006106581272218351 0.0 -2.4896542656025175e-21 -0.013925820462099378 
2349 12.512478590011597 0.14871383527150017 0.006106581272218351 0.0 -1.4937925593615104e-21 -0.013954523129577436 
2350 12.517708539962769 0.14891583283739213 0.006106581272218351 0.0 -8.962755356169062e-22 -0.01397174473006427 
2351 12.523086071014404 0.15073430910614052 0.006106581272218351 0.0 -5.377653213701438e-22 -0.014058776947253345 
2352 12.528350591659546 0.15275633197131666 0.006106581272218351 0.0 -3.2265919282208626e-22 -0.014187695534463762 
2353 12.533689737319946 0.15490113473803316 0.006106581272218351 0.0 -1.9359551569325175e-22 -0.014341745943686986 
2354 12.5389723777771 0.15712019328903232 0.006106581272218351 0.0 -1.1615730941595104e-22 -0.014510872465885654 
2355 12.544387102127075 0.15938455113160022 0.006106581272218351 0.0 -6.969438564957063e-23 -0.014689047636101828 
2356 12.54973816871643 0.16167671069047063 0.006106581272218351 0.0 -4.1816631389742376e-23 -0.014872651995128505 
2357 12.5549898147583 0.1639862032228062 0.006106581272218351 0.0 -2.5089978833845423e-23 -0.015059513867441483 
2358 12.560224771499634 0.16630674748290436 0.006106581272218351 0.0 -1.5053987300307254e-23 -0.015248330247726241 
2359 12.565470695495605 0.1686345747233438 0.006106581272218351 0.0 -9.032392380184352e-24 -0.015438319332794069 
2360 12.57069182395935 0.16931773772870312 0.006106581272218351 0.0 -5.419435428110611e-24 -0.015552312783834767 
2361 12.576125144958496 0.166481722828047 0.006106581272218351 0.0 -3.2516612568663665e-24 -0.01546731034066524 
2362 12.581402063369751 0.16141719646738523 0.006106581272218351 0.0 -1.95099675411982e-24 -0.015186211104072606 
2363 12.586758852005005 0.15413097810199555 0.006106581272218351 0.0 -1.170598052471892e-24 -0.014710757514761374 
2364 12.592031717300415 0.14627603545068885 0.006106581272218351 0.0 -7.0235883148313515e-25 -0.014118688333586744 
2365 12.597326755523682 0.13972696622238825 0.006106581272218351 0.0 -4.214152988898811e-25 -0.013533349054191048 
2366 12.60268521308899 0.13319247264787082 0.006106581272218351 0.0 -2.5284917933392865e-25 -0.01295204771586271 
2367 12.607959747314453 0.13161382653547804 0.006106581272218351 0.0 -1.517095076003572e-25 -0.01260326691286571 
2368 12.61329984664917 0.1257587173928703 0.006106581272218351 0.0 -9.102570456021431e-26 -0.01216390364060883 
2369 12.61856484413147 0.12293603036461345 0.006106581272218351 0.0 -5.461542273612859e-26 -0.011823586420357728 
2370 12.623833417892456 0.11709881739172945 0.006106581272218351 0.0 -3.276925364167715e-26 -0.011389298317516151 
2371 12.629257678985596 0.11263460412592619 0.006106581272218351 0.0 -1.966155218500629e-26 -0.01097532694201726 
2372 12.63459062576294 0.1065762082610659 0.006106581272218351 0.0 -1.1796931311003772e-26 -0.010496846346027006 
2373 12.639988660812378 0.10032640367501534 0.006106581272218351 0.0 -7.078158786602263e-27 -0.009979663197974175 
2374 12.64542531967163 0.01972402793527541 0.006106581272218351 0.0 -4.246895271961358e-27 -0.005987797918784505 
2375 12.6507089138031 0.008178156395011172 0.006106581272218351 0.0 -2.5481371631768146e-27 -0.0035926787512707025 
2376 12.65605902671814 0.0012506334708526304 0.006106581272218351 0.0 -1.5288822979060886e-27 -0.0021556072507624216 
2377 12.661601781845093 -0.002905880283642498 0.006106581272218351 0.0 -9.173293787436532e-28 -0.001293364350457453 
2378 12.667239665985107 -0.0053997885363395726 0.006106581272218351 0.0 -5.503976272461919e-28 -0.0007760186102744718 
2379 12.672811269760132 -0.006896133487957819 0.006106581272218351 0.0 -3.3023857634771514e-28 -0.00046561116616468303 
2380 12.678289651870728 -0.007793940458928766 0.006106581272218351 0.0 -1.9814314580862907e-28 -0.0002793666996988098 
2381 12.683902263641357 -0.008332624641511334 0.006106581272218351 0.0 -1.1888588748517743e-28 -0.00016762001981928589 
2382 12.68943476676941 -0.008655835151060874 0.006106581272218351 0.0 -7.133153249110646e-29 -0.00010057201189157153 
2383 12.694959878921509 -0.0088497614567906 0.006106581272218351 0.0 -4.2798919494663876e-29 -6.034320713494292e-05 
2384 12.70071291923523 -0.008966117240228437 0.006106581272218351 0.0 -2.5679351696798327e-29 -3.620592428096575e-05 
2385 12.706323623657227 -0.009035930710291138 0.006106581272218351 0.0 -1.5407611018078996e-29 -2.1723554568579452e-05 
2386 12.712011098861694 -0.009077818792328756 0.006106581272218351 0.0 -9.244566610847397e-30 -1.3034132741147671e-05 
2387 12.718250274658203 -0.00910295164155133 0.006106581272218351 0.0 -5.546739966508438e-30 -7.820479644688602e-06 
2388 12.723987817764282 -0.00911803135108487 0.006106581272218351 0.0 -3.328043979905062e-30 -4.692287786813161e-06 
2389 12.729792594909668 -0.009127079176804997 0.006106581272218351 0.0 -1.9968263879430373e-30 -2.8153726720878968e-06 
2390 12.736253499984741 0.06675285430734028 0.006106581272218351 0.0 -1.1980958327658223e-30 -0.0035298461001672787 
2391 12.742026567459106 0.07867892093260653 0.006106581272218351 0.0 -7.188574996594934e-31 -0.005722763793561366 
2392 12.747710704803467 0.08674789558289947 0.006106581272218351 0.0 -4.31314499795696e-31 -0.00711521366649479 
2393 12.753216028213501 0.092503202891567 0.006106581272218351 0.0 -2.5878869987741763e-31 -0.008027379866919579 
2394 12.759889602661133 0.09687105561625842 0.006106581272218351 0.0 -1.5527321992645057e-31 -0.008651378844071425 
2395 12.765873193740845 0.10205674369889392 0.006106581272218351 0.0 -9.316393195587034e-32 -0.009179176744156478 
2396 12.771542310714722 0.11026681624863047 0.006106581272218351 0.0 -5.58983591735222e-32 -0.0098026525117954 
2397 12.777092933654785 0.11546077018148568 0.006106581272218351 0.0 -3.3539015504113323e-32 -0.0103301364861727 
2398 12.782476902008057 0.12038034196951868 0.006106581272218351 0.0 -2.0123409302467994e-32 -0.010800025384593024 
2399 12.787806510925293 0.12348690239105717 0.006106581272218351 0.0 -1.2074045581480795e-32 -0.011158657980542191 
2400 12.79333233833313 0.1262733005053522 0.006106581272218351 0.0 -7.244427348888477e-33 -0.011450536795008664 
2401 12.799525499343872 0.1288681890786598 0.006106581272218351 0.0 -4.346656409333086e-33 -0.011702360360353282 
2402 12.806091547012329 0.1296992317814054 0.006106581272218351 0.0 -2.607993845599852e-33 -0.011853454499560052 
2403 12.811795949935913 0.13023892972846127 0.006106581272218351 0.0 -1.5647963073599112e-33 -0.011944110983084115 
2404 12.817511320114136 0.13060382082210323 0.006106581272218351 0.0 -9.388777844159466e-34 -0.011998504873198552 
2405 12.822946786880493 0.13251351377066545 0.006106581272218351 0.0 -5.63326670649568e-34 -0.012107840464164188 
2406 12.828243255615234 0.13458374720689362 0.006106581272218351 0.0 -3.379960023897408e-34 -0.012250141075640542 
2407 12.833592176437378 0.13675095687940506 0.006106581272218351 0.0 -2.0279760143384447e-34 -0.012412220699423326 
2408 12.838866949081421 0.13897700423737003 0.006106581272218351 0.0 -1.2167856086030668e-34 -0.01258616773058997 
2409 12.84411883354187 0.14123900615029086 0.006106581272218351 0.0 -7.3007136516184e-35 -0.012767235206186929 
2410 12.849637508392334 0.14352323273986867 0.006106581272218351 0.0 -4.38042819097104e-35 -0.012952574948442076 
2411 12.855143308639526 0.14747113204609294 0.006106581272218351 0.0 -2.628256914582624e-35 -0.01321717730758911 
2412 12.860508918762207 0.14835217436676548 0.006106581272218351 0.0 -1.5769541487495742e-35 -0.013375938723077331 
2413 12.866270303726196 0.14892708763404647 0.006106581272218351 0.0 -9.461724892497444e-36 -0.013471195572370264 
2414 12.871793746948242 0.1493183234692925 0.006106581272218351 0.0 -5.677034935498466e-36 -0.013528349681946022 
2415 12.877225637435913 0.14794966687834907 0.006106581272218351 0.0 -3.40622096129908e-36 -0.013485942890794505 
2416 12.882574558258057 0.14794110142394654 0.006106581272218351 0.0 -2.043732576779448e-36 -0.013460498816103594 
2417 12.888028144836426 0.14798159808249886 0.006106581272218351 0.0 -1.2262395460676687e-36 -0.013445232371289048 
2418 12.893486499786377 0.14805153200882407 0.006106581272218351 0.0 -7.357437276406012e-37 -0.01343607250440032 
2419 12.899041652679443 0.1497888142627816 0.006106581272218351 0.0 -4.414462365843607e-37 -0.013507275841164058 
2420 12.904876232147217 0.15340985085500092 0.006106581272218351 0.0 -2.648677419506164e-37 -0.013703396357016246 
2421 12.910901308059692 0.1573954513685748 0.006106581272218351 0.0 -1.5892064517036985e-37 -0.013974467180321503 
2422 12.916675806045532 0.16160103002200363 0.006106581272218351 0.0 -9.53523871022219e-38 -0.014290505207866365 
2423 12.922252893447876 0.16264062139009103 0.006106581272218351 0.0 -5.721143226133314e-38 -0.014480128024393281 
2424 12.929652452468872 0.16496426168955924 0.006106581272218351 0.0 -3.432685935679988e-38 -0.014670600971206402 
2425 12.935253381729126 0.16234299692198936 0.006106581272218351 0.0 -2.0596115614079927e-38 -0.01463148920573257 
2426 12.941490411758423 0.159054369056423 0.006106581272218351 0.0 -1.2357669368447955e-38 -0.014454623632654326 
2427 12.947151899337769 0.15536404924701386 0.006106581272218351 0.0 -7.414601621068773e-39 -0.014195105775013433 
2428 12.952889680862427 0.15143141038393182 0.006106581272218351 0.0 -4.4487609726412636e-39 -0.013885996546634952 
2429 12.95925760269165 0.14075333233340467 0.006106581272218351 0.0 -2.669256583584758e-39 -0.013240335468226028 
2430 12.96486783027649 0.13404117138541832 0.006106581272218351 0.0 -1.6015539501508548e-39 -0.012622844030721994 
2431 12.970577001571655 0.12905521925064942 0.006106581272218351 0.0 -9.609323700905129e-40 -0.012098950654425627 
2432 12.976312637329102 0.1243367257497964 0.006106581272218351 0.0 -5.765594220543077e-40 -0.011631216114853862 
2433 12.982119798660278 0.11317865967405152 0.006106581272218351 0.0 -3.4593565323258464e-40 -0.010890379849728968 
2434 12.987598419189453 0.10781965253502279 0.006106581272218351 0.0 -2.075613919395508e-40 -0.010292479576860086 
2435 12.993104934692383 0.10122118472813421 0.006106581272218351 0.0 -1.2453683516373046e-40 -0.009703644622680077 
2436 12.998512268066406 0.0237076791024613 0.006106581272218351 0.0 -7.472210109823828e-41 -0.005822186773608046 
2437 13.00385856628418 0.012481144492697813 0.006106581272218351 0.0 -4.483326065894296e-41 -0.0034933120641648273 
2438 13.009215116500854 0.005745223726839714 0.006106581272218351 0.0 -2.6899956395365774e-41 -0.002095987238498896 
2439 13.014551162719727 0.0017036712673248657 -0.07472780675810206 0.0 0.0037582531571388245 -0.0012575923430993377 
2440 13.01988697052002 -0.0007212602083840457 -0.08897719304051627 0.0 0.0061666020750999456 -0.0007545554058596026 
2441 13.025444507598877 -0.002176219093809394 -0.09932547553366051 0.0 0.0077650099396705625 -0.00045273324351576157 
2442 13.030864715576172 -0.003049194425064603 -0.1073343847394489 0.0 0.008877453172206878 -0.00027163994610945695 
2443 13.036598682403564 -0.003572979623817729 -0.11888999971093406 0.0 0.009928413906097413 -0.00016298396766567416 
2444 13.041919708251953 -0.003887250743069604 -0.12532690919109835 0.0 0.010712388860225679 -9.779038059940449e-05 
2445 13.04731011390686 -0.004075813414620729 -0.13099483001942278 0.0 0.011336170856380463 -5.867422835964269e-05 
2446 13.054142713546753 -0.0041889510175514046 -0.13455302251569984 0.0 0.011787139310970307 -3.520453701578562e-05 
2447 13.059822082519531 -0.00425683357930981 -0.1392626935912091 0.0 0.012211118897518159 -2.112272220947137e-05 
2448 13.065354824066162 -0.0042975631163648526 -0.14389756313265523 0.0 0.012618905163240815 -1.2673633325682822e-05 
2449 13.070678234100342 -0.004322000838597879 -0.14848882359086818 0.0 0.013016973946352234 -7.604179995409692e-06 
2450 13.076011180877686 -0.004336663471937694 -0.15635464135910335 0.0 0.013562612243806976 -4.562507997245815e-06 
2451 13.081598281860352 -0.004345461051941584 -0.15805505738111145 0.0 0.013889995222279822 -2.737504798347489e-06 
2452 13.087072134017944 -0.004350739599943916 -0.16242357456519937 0.0 0.014239823523157474 -1.6425028790084933e-06 
2453 13.092657804489136 0.07483082738476912 -0.17180929704670594 0.0 0.014833215298052808 -0.0036825408920853763 
2454 13.09819507598877 0.0872051287594787 -0.1802579536396995 0.0 0.015496045900461781 -0.005967776202273931 
2455 13.103742599487305 0.0955443779237953 -0.18726431711381733 0.0 0.016123842032598083 -0.007415616645284036 
2456 13.109185457229614 0.10146321790323744 -0.1892251803145636 0.0 0.016500519711879866 -0.008361020167987072 
2457 13.114574909210205 0.10593046431543846 -0.190459721058196 0.0 0.01672652631944893 -0.009004961538505867 
2458 13.119950532913208 0.10952740653097842 -0.18960878236059173 0.0 0.0167854310270934 -0.009468025617714116 
2459 13.125359773635864 0.11095313220523687 -0.18827289662353144 0.0 0.01674407459478311 -0.009745864065239064 
2460 13.130737781524658 0.11019343455672759 -0.1833460508353394 0.0 0.016489164454822135 -0.00983586787685706 
2461 13.136691331863403 0.1088888235398438 -0.17449723945076206 0.0 0.01595272208636069 -0.009813170906930888 
2462 13.142164707183838 0.10890629852522019 -0.1664757070461672 0.0 0.015324061127812049 -0.009799552724975184 
2463 13.14767074584961 0.10895003254298297 -0.1598305807141684 0.0 0.014716766781991948 -0.009791381815801761 
2464 13.153110980987549 0.10900952198017759 -0.15159271061006171 0.0 0.014045594637028116 -0.009786479270297709 
2465 13.158623933792114 0.10907846466903123 -0.14481321806523645 0.0 0.013412793579358899 -0.009783537742995275 
2466 13.164320945739746 0.10915307930888045 -0.14308887645802612 0.0 0.013033112944757367 -0.009781772826613817 
2467 13.16993236541748 0.10758141115235834 -0.13549793588876405 0.0 0.012498509026524676 -0.009704014619887968 
2468 13.175517320632935 0.10413869207665613 -0.1291020374717261 0.0 0.011947648904894144 -0.00950396416229075 
2469 13.18095350265503 0.024453575074155513 -0.11440583306248314 0.0 0.011003540266856165 -0.00570237849737445 
2470 13.18639612197876 0.01345805877623486 -0.029272591203260874 0.0 0.006602124160113698 -0.0034214270984246698 
2471 13.191983222961426 0.006860748997482468 -0.0165421553269243 0.0 0.0039612744960682185 -0.002052856259054802 
2472 13.197584867477417 0.002902363130231027 -0.008903893801122366 0.0 0.002376764697640931 -0.0012317137554328811 
2473 13.203161239624023 0.0005273316098801653 -0.004320936885641207 0.0 0.0014260588185845587 -0.0007390282532597287 
2474 13.208655834197998 -0.0008976873023303525 -0.0015711627363525034 0.0 0.0008556352911507351 -0.0004434169519558372 
2475 13.214262962341309 -0.001752698649656663 7.870175322071413e-05 0.0 0.0005133811746904411 -0.00026605017117350234 
2476 13.220538139343262 -0.002265705458052449 0.0010686204469646456 0.0 0.00030802870481426464 -0.0001596301027041014 
2477 13.226086854934692 -0.0025735095430899206 0.0016625716632110044 0.0 0.00018481722288855878 -9.577806162246084e-05 
2478 13.231507539749146 -0.002758191994112404 0.00201894239295882 0.0 0.00011089033373313526 -5.74668369734765e-05 
2479 13.236932039260864 -0.002869001464725894 0.002232764830807509 0.0 6.653420023988115e-05 -3.44801021840859e-05 
2480 13.242310762405396 -0.0029354871470939877 0.002361058293516722 0.0 3.992052014392869e-05 -2.068806131045154e-05 
2481 13.247913122177124 -0.002975378556514844 0.00243803437114225 0.0 2.3952312086357215e-05 -1.2412836786270925e-05 
2482 13.253360271453857 -0.0029993134021673584 0.002484220017717567 0.0 1.4371387251814329e-05 -7.447702071762554e-06 
2483 13.258935928344727 -0.0030136743095588664 0.002511931405662757 0.0 8.622832351088596e-06 -4.468621243057532e-06 
2484 13.26440954208374 -0.0030222908539937715 0.0025285582384298715 0.0 5.173699410653158e-06 -2.6811727458345193e-06 
2485 13.270073652267456 -0.003027460780654714 -0.07664616772526173 0.0 0.0036846581198882442 -1.6087036475007116e-06 
2486 13.27580714225769 -0.0030305627366512796 -0.09066609739298474 0.0 0.006045745795852624 -9.65222188500427e-07 
2487 13.281357526779175 -0.00303242391024922 -0.1008760539736307 0.0 0.007615796915225198 -5.791333131002561e-07 
2488 13.286774635314941 -0.0030335406144079836 -0.11540002750594802 0.0 0.009018021638114458 -3.4747998786015364e-07 
2489 13.292255640029907 -0.0030342106369032414 -0.12614902760021174 0.0 0.010166153499435905 -2.0848799271609217e-07 
2490 13.297783613204956 -0.0030346126504003966 -0.13451990362602495 0.0 0.011085128896803572 -1.250927956296553e-07 
2491 13.303699016571045 -0.0030348538584986894 -0.14388258651641475 0.0 0.011943311162812064 -7.505567737779317e-08 
2492 13.309263467788696 -0.0030349985833576657 -0.15142623581302292 0.0 0.012688316802991956 -4.50334064266759e-08 
2493 13.31483268737793 -0.0030350854182730506 -0.1586474602920406 0.0 0.01336541795779081 -2.7020043856005538e-08 
2494 13.32023811340332 -0.003035137519222282 -0.16567713876023102 0.0 0.01400177493124492 -1.6212026313603323e-08 
2495 13.325676202774048 -0.003035168779791821 -0.1742435783586023 0.0 0.014690386142905278 -9.727215788161993e-09 
2496 13.331089973449707 -0.0030351875361335446 -0.17636893107181145 0.0 0.01510355286990149 -5.836329472897196e-09 
2497 13.336591482162476 0.08109852912415635 -0.18924537164841954 0.0 0.015888346214261908 -0.003911653682614334 
2498 13.342097520828247 0.09579487827263779 -0.19495969766987933 0.0 0.016512620734672107 -0.006412040904179196 
2499 13.347657918930054 0.10476294150465994 -0.19856328877217366 0.0 0.01696388321369908 -0.007988972494015086 
2500 13.353079080581665 0.11436104963339694 -0.20166813037427989 0.0 0.017311339958012234 -0.009165229218607539 
2501 13.358688592910767 0.12115546942630569 -0.2028246733518272 0.0 0.017519814004600127 -0.010024381767156955 
2502 13.364131450653076 0.1270359726740545 -0.2035792297236087 0.0 0.01764489843255286 -0.01069327181008055 
2503 13.369727849960327 0.13401905174871803 -0.20574228009889944 0.0 0.017796648346221473 -0.011324700626293387 
2504 13.375426054000854 0.13924904749195846 -0.20633440028404104 0.0 0.017887698294422643 -0.011856956429815033 
2505 13.381297826766968 0.14419545989035976 -0.2051012689570943 0.0 0.017865629006446372 -0.012329708425721966 
2506 13.386882305145264 0.14732334020225613 -0.20188967343137465 0.0 0.01769899040998278 -0.0126900588801631 
2507 13.392274618148804 0.14682837384096598 -0.19990632709630465 0.0 0.017522307995207657 -0.012829569895930808 
2508 13.397708415985107 0.14404334670305105 -0.1962426146971636 0.0 0.017262900032548635 -0.012759877991597486 
2509 13.403253555297852 0.14394934371470086 -0.19563574327511957 0.0 0.017107255254953223 -0.012718062848997493 
2510 13.408774375915527 0.1406365981442131 -0.1903799334004886 0.0 0.016783770617705057 -0.012539575249643553 
2511 13.414718627929688 0.13527566640837138 -0.18628350034729496 0.0 0.016436282811678332 -0.012202387899572509 
2512 13.420335054397583 0.12285202196604661 -0.17551563817425733 0.0 0.01576759607679658 -0.011463180691251074 
2513 13.425981760025024 0.11585293024012203 -0.17040768897346803 0.0 0.015212985522073584 -0.010789558595567295 
2514 13.431544065475464 0.10573933620349582 -0.16067740244319978 0.0 0.014496724394871043 -0.010001892033904402 
2515 13.436954498291016 0.027650739977919794 -0.15542044246598302 0.0 0.013913569204755574 -0.006001135220342641 
2516 13.44244909286499 0.016079151008214436 -0.15054521172748186 0.0 0.013410277576892345 -0.0036006811322055847 
2517 13.447943687438965 0.009136197626391215 -0.14424806072803698 0.0 0.01287820631959961 -0.0021604086793233506 
2518 13.453417778015137 0.004970425597297292 -0.13786274737128681 0.0 0.012328865794533052 -0.0012962452075940102 
2519 13.458980321884155 0.0024709623798409384 -0.12977294175345788 0.0 0.011692465942021345 -0.0007777471245564062 
2520 13.464616060256958 0.0009712844493671231 -0.12142477863455917 0.0 0.01100382900292643 -0.0004666482747338437 
2521 13.470418930053711 7.147769108283518e-05 -0.11126935422463927 0.0 0.010207152045100736 -0.00027998896484030623 
2522 13.476131439208984 -0.0004684063638877385 -0.03150667269045986 0.0 0.006124291227060441 -0.00016799337890418373 
2523 13.4819016456604 -0.000792336796870082 -0.01969761020340103 0.0 0.0036745747362362646 -0.00010079602734251024 
2524 13.487385034561157 -0.0009866950566594886 -0.012612172711165723 0.0 0.0022047448417417586 -6.047761640550614e-05 
2525 13.492825031280518 -0.0011033100125331322 -0.00836091021582454 0.0 0.001322846905045055 -3.6286569843303686e-05 
2526 13.498210430145264 -0.0011732789860573185 -0.005810152718619831 0.0 0.000793708143027033 -2.177194190598221e-05 
2527 13.503628253936768 -0.0012152603701718304 -0.004279698220297005 0.0 0.00047622488581621977 -1.3063165143589327e-05 
2528 13.509178161621094 -0.0012404492006405374 -0.0033614255213033108 0.0 0.00028573493148973186 -7.837899086153595e-06 
2529 13.51457929611206 -0.0012555624989217615 -0.0028104619019070935 0.0 0.0001714409588938391 -4.702739451692157e-06 
2530 13.519956350326538 -0.001264630477890496 -0.002479883730269363 0.0 0.00010286457533630347 -2.8216436710152944e-06 
2531 13.525598287582397 -0.0012700712652717367 -0.002281536827286725 0.0 6.171874520178208e-05 -1.6929862026091766e-06 
2532 13.531165838241577 -0.0012733357377004812 -0.002162528685497142 0.0 3.703124712106925e-05 -1.0157917215655059e-06 
2533 13.536760568618774 -0.0012752944211577278 -0.07962613989680672 0.0 0.0036270733916175207 -6.094750329393035e-07 
2534 13.542184591293335 -0.0012764696312320756 -0.09668511327232371 0.0 0.006087894215787163 -3.656850197635821e-07 
2535 13.547550916671753 -0.0012771747572766846 -0.11048453481732728 0.0 0.00787118373787684 -2.1941101185814927e-07 
2536 13.552998304367065 -0.0012775978329034499 -0.120681100120465 0.0 0.009171253731705444 -1.3164660711488956e-07 
2537 13.558382987976074 0.07460751050129785 -0.1294849470171616 0.0 0.010181393498693524 -0.003528235864528295 
2538 13.56376051902771 0.08983598987020966 -0.13910475771668915 0.0 0.011094272896358143 -0.005875193185739682 
2539 13.569173812866211 0.09670407472613965 -0.14185106497446368 0.0 0.011642000534956915 -0.007283367578466514 
2540 13.574608087539673 0.10910530061370999 -0.1583883671944584 0.0 0.012660928940072813 -0.008511768498587476 
2541 13.581132888793945 0.11769533605989702 -0.16970447178483133 0.0 0.013655780777511096 -0.009478906821350972 
2542 13.58700704574585 0.13048359201082485 -0.18755783164693637 0.0 0.0149429837019307 -0.010519382376158667 
2543 13.59250545501709 0.13689506422923112 -0.19802301204184578 0.0 0.016022100994054232 -0.01129706622283723 
2544 13.597933292388916 0.1425497105690482 -0.20624320144654892 0.0 0.01689966914001927 -0.011917075044638313 
2545 13.603378295898438 0.1461018793021105 -0.21388532975598776 0.0 0.017656307798289212 -0.012365779594615935 
2546 13.608794689178467 0.14916020598377325 -0.22118254518915628 0.0 0.018340387273825975 -0.012711701581499481 
2547 13.614183902740479 0.15192287937827986 -0.22827481566627122 0.0 0.018980932729838952 -0.01299595403052658 
2548 13.619617700576782 0.15285912677720795 -0.23359634208251262 0.0 0.01951865702712456 -0.013166505499942839 
2549 13.62502646446228 0.15181682518079015 -0.23697407949025628 0.0 0.019917990862392904 -0.013192137124695623 
2550 13.630448579788208 0.15035373481245085 -0.23995317310439312 0.0 0.020234290420450878 -0.013130816842650321 
2551 13.636090993881226 0.14863751923727506 -0.23939436045211274 0.0 0.020347370898388693 -0.013017325416526167 
2552 13.641561269760132 0.14511909062734513 -0.23824613723423757 0.0 0.020338519928254407 -0.01279583204705773 
2553 13.647217035293579 0.14128502287816533 -0.23509396181651607 0.0 0.020179812322496007 -0.012509537511582722 
2554 13.652884006500244 0.13396095992445628 -0.22490634500411988 0.0 0.019624393707775252 -0.012030966742942064 
2555 13.658359289169312 0.12772386930088775 -0.21521117589816807 0.0 0.018907646254457938 -0.011513726511066753 
2556 13.663814306259155 0.12137004347770518 -0.20669095604698723 0.0 0.018170802244995777 -0.010973284601250646 
2557 13.669214725494385 0.11494422070370344 -0.19645640454950103 0.0 0.017345201044949736 -0.010418921684670065 
2558 13.674597263336182 0.10682362206151585 -0.18595695487728667 0.0 0.016466344040437248 -0.009779509887366065 
2559 13.67998480796814 0.029163830503633262 -0.17529535353314105 0.0 0.015555535043361012 -0.005867705932419639 
2560 13.685441970825195 0.017849524334543967 -0.1645331865789233 0.0 0.014625554850746526 -0.003520623559451783 
2561 13.691374063491821 0.011060940633090391 -0.15205773458594163 0.0 0.013607372683912117 -0.0021123741356710696 
2562 13.697152853012085 0.006987790412218248 -0.13271864862136146 0.0 0.012229472304957866 -0.0012674244814026418 
2563 13.70263671875 0.004543900279694959 -0.11892157699340491 0.0 0.010942538026319597 -0.000760454688841585 
2564 13.708019495010376 0.0030775662001809884 -0.03774089969737329 0.0 0.006565522815791759 -0.000456272813304951 
2565 13.713440418243408 0.0021977657524726055 -0.025081039753203083 0.0 0.003939313689475055 -0.0002737636879829706 
2566 13.71882176399231 0.0016698854838475751 -0.017485123786700973 0.0 0.002363588213685033 -0.00016425821278978237 
2567 13.724205732345581 0.0013531573226725573 -0.0129275742067997 0.0 0.0014181529282110198 -9.855492767386942e-05 
2568 13.729610919952393 0.0011631204259675465 -0.010193044458858939 0.0 0.0008508917569266119 -5.913295660432165e-05 
2569 13.735004901885986 0.0010490982879445398 -0.00855232661009448 0.0 0.0005105350541559671 -3.5479773962592986e-05 
2570 13.740437746047974 0.0009806850051307361 -0.007567895900835807 0.0 0.0003063210324935803 -2.128786437755579e-05 
2571 13.746038675308228 0.000939637035442454 -0.006977237475280602 0.0 0.00018379261949614815 -1.2772718626533474e-05 
2572 13.751476526260376 0.0009150082536294845 -0.00662284241994748 0.0 0.00011027557169768889 -7.663631175920083e-06 
2573 13.757172346115112 0.000900230984541703 -0.006410205386747606 0.0 6.616534301861332e-05 -4.59817870555205e-06 
2574 13.762612342834473 0.0008913646230890339 -0.006282623166827682 0.0 3.9699205811167995e-05 -2.7589072233312297e-06 
2575 13.76801347732544 0.0008860448062174324 -0.006206073834875727 0.0 2.3819523486700795e-05 -1.6553443339987379e-06 
2576 13.77355432510376 0.0008828529160944718 -0.006160144235704555 0.0 1.4291714092020476e-05 -9.932066003992427e-07 
2577 13.77898621559143 0.0008809377820206953 -0.006132586476201851 0.0 8.575028455212286e-06 -5.959239602395457e-07 
2578 13.784382343292236 0.0008797887015764294 -0.006116051820500229 0.0 5.145017073127371e-06 -3.5755437614372737e-07 
2579 13.789762020111084 0.00087909925330987 -0.006106131027079255 0.0 3.0870102438764227e-06 -2.1453262568623642e-07 
2580 13.795191287994385 0.0008786855843499341 -0.006100178551026673 0.0 1.8522061463258535e-06 -1.2871957541174184e-07 
2581 13.80102801322937 0.0008784373829739727 -0.006096607065395121 0.0 1.111323687795512e-06 -7.72317452470451e-08 
2582 13.80657696723938 0.0008782884621483958 -0.0869288522043366 0.0 0.003758919951351502 -4.633904714822706e-08 
2583 13.812097787857056 0.0008781991096530495 -0.11437440843750919 0.0 0.006780594716687214 -2.7803428288936234e-08 
2584 13.81764268875122 0.000878145498155842 -0.13145870863805792 0.0 0.008977094370257385 -1.668205697336174e-08 
2585 13.823118448257446 0.07676347551083487 -0.1461644949186345 0.0 0.010678490446884351 -0.00352816688579821 
2586 13.828609228134155 0.09199208788683334 -0.15944638561432214 0.0 0.012082822887229274 -0.0058751517985016315 
2587 13.834187507629395 0.10380931044792091 -0.17187721356598976 0.0 0.013308917145804972 -0.007513440516814602 
2588 13.839681625366211 0.11193193918182191 -0.18380069562716 0.0 0.014428069985435252 -0.00864981226159633 
2589 13.845176219940186 0.12025579404271651 -0.1970726688880948 0.0 0.015559755740479138 -0.009561733079156285 
2590 13.850650787353516 0.1262856618749198 -0.20874098488354698 0.0 0.016622261987874212 -0.010262284083486202 
2591 13.85629677772522 0.1333571199132139 -0.22186704476140007 0.0 0.017719959787576976 -0.01091271245677507 
2592 13.861788511276245 0.13863874526994993 -0.23345498408219106 0.0 0.018762073261767376 -0.011456365014310098 
2593 13.867398023605347 0.14856391925230927 -0.25148904721134097 0.0 0.020077633168238254 -0.012166052833315979 
2594 13.872822999954224 0.1540284167183235 -0.2604305980784651 0.0 0.021097066882811696 -0.012745264038513452 
2595 13.878270149230957 0.15581941793487003 -0.2668708199149508 0.0 0.02186212413523359 -0.013092790761631935 
2596 13.88368010520935 0.1552906205727069 -0.2692792157941111 0.0 0.022321158486686723 -0.013224607538606053 
2597 13.88916540145874 0.15578597065557254 -0.2708024863356545 0.0 0.022596579097558606 -0.013303697604790523 
2598 13.8945791721344 0.14953007276861166 -0.2668456558238846 0.0 0.022531735183506936 -0.013044354616913317 
2599 13.900017499923706 0.14393847456786768 -0.2618997396173272 0.0 0.022262731064385012 -0.012658651053496072 
2600 13.90561580657959 0.1379765718791585 -0.2563584631141704 0.0 0.021871232312337063 -0.012197134124987047 
2601 13.911243915557861 0.13014075082233514 -0.24880828169637667 0.0 0.021329536033520405 -0.011613426940293742 
2602 13.916752099990845 0.12194499334120101 -0.24081718907535968 0.0 0.020697722728758635 -0.010956405601889868 
2603 13.922513484954834 0.034345996217556504 -0.22596018320130498 0.0 0.019705042180841913 -0.006573843361133921 
2604 13.927921056747437 0.021670092320506037 -0.21499544201540916 0.0 0.018725939057723136 -0.003944306016680352 
2605 13.933390140533447 0.014064549982275763 -0.20571147614655322 0.0 0.017831680156263977 -0.0023665836100082113 
2606 13.93885588645935 0.0095012245793376 -0.19666642207554091 0.0 0.01698832927791671 -0.0014199501660049267 
2607 13.9443838596344 0.006763229337574699 -0.18941174633681093 0.0 0.016252220980217433 -0.000851970099602956 
2608 13.949836015701294 0.005120432192516959 -0.18246239614875356 0.0 0.015580459721023069 -0.0005111820597617737 
2609 13.955223798751831 0.004134753905482315 -0.17569423852139107 0.0 0.014947305194815531 -0.0003067092358570642 
2610 13.960612058639526 0.003543346933261529 -0.16738320158374992 0.0 0.014260616941619238 -0.00018402554151423852 
2611 13.96621561050415 0.003188502749929057 -0.158910774915519 0.0 0.013541806962113571 -0.00011041532490854311 
2612 13.971744060516357 0.002975596239929574 -0.15693766540323503 0.0 0.013110520974410171 -6.624919494512586e-05 
2613 13.977375030517578 0.0028478523339298843 -0.12610192465369438 0.0 0.011471167227990981 -3.9749516967075514e-05 
2614 13.982779741287231 0.0027712059903300707 -0.0439019269100266 0.0 0.006882700336794588 -2.3849710180245308e-05 
2615 13.98825979232788 0.0027252181841701823 -0.030630474697274698 0.0 0.0041296202020767525 -1.4309826108147184e-05 
2616 13.993797063827515 0.0026976255004742492 -0.022667603369623573 0.0 0.0024777721212460514 -8.58589566488831e-06 
2617 13.99922800064087 0.002681069890256689 -0.0178898805730329 0.0 0.0014866632727476307 -5.151537398932986e-06 
2618 14.004945039749146 0.0026711365241261532 -0.015023246895078494 0.0 0.0008919979636485784 -3.0909224393597913e-06 
2619 14.010658740997314 0.002665176504447832 -0.013303266688305847 0.0 0.000535198778189147 -1.8545534636158748e-06 
2620 14.016152620315552 0.002661600492640839 -0.012271278564242262 0.0 0.0003211192669134882 -1.1127320781695248e-06 
2621 14.022109746932983 0.002659454885556643 -0.011652085689804111 0.0 0.00019267156014809292 -6.676392469017149e-07 
2622 14.027573108673096 0.0026581675213061258 -0.01128056996514122 0.0 0.00011560293608885574 -4.0058354814102893e-07 
2623 14.033133745193481 0.002657395102755815 -0.011057660530343487 0.0 6.936176165331345e-05 -2.4035012888461733e-07 
2624 14.038548707962036 0.002656931651625629 -0.010923914869464847 0.0 4.1617056991988065e-05 -1.442100773307704e-07 
2625 14.044108390808105 0.0026566535809475172 -0.010843667472937663 0.0 2.4970234195192837e-05 -8.652604639846223e-08 
2626 14.049888610839844 0.00265648673854065 -0.010795519035021352 0.0 1.4982140517115701e-05 -5.191562783907734e-08 
2627 14.055407524108887 0.00265638663309653 -0.010766629972271567 0.0 8.98928431026942e-06 -3.11493767034464e-08 
2628 14.060849905014038 0.002656326569830058 -0.010749296534621694 0.0 5.393570586161652e-06 -1.868962602206784e-08 
2629 14.06624960899353 0.0026562905318701746 -0.01073889647203177 0.0 3.236142351696991e-06 -1.1213775613240703e-08 
2630 14.071617126464844 0.002656268909094244 -0.010732656434477817 0.0 1.9416854110181944e-06 -6.728265367944421e-09 
2631 14.077277183532715 0.0026562559354286865 -0.08826392850832879 0.0 0.00360601965459149 -4.0369592207666524e-09 
2632 14.0827476978302 0.0026562481512293515 -0.10536349840137058 0.0 0.006075261973571545 -2.4221755324599915e-09 
2633 14.08824110031128 0.0026562434807097506 -0.11918727785688904 0.0 0.007863604392547468 -1.4533053194759948e-09 
2634 14.093689680099487 0.00265624067839799 -0.13104814387330424 0.0 0.009243405381404793 -8.719831916855969e-10 
2635 14.099096298217773 0.0026562389970109334 -0.14338357045645575 0.0 0.010454780769087933 -5.231899150113581e-10 
2636 14.104502201080322 0.0026562379881787 -0.15524003256659397 0.0 0.011565102286182679 -3.1391394900681486e-10 
2637 14.109894275665283 0.00265623738287936 -0.16681232876001856 0.0 0.01261478999080827 -1.883483694040889e-10 
2638 14.115492820739746 0.002656237019699756 -0.17986708597729692 0.0 0.013704796664849342 -1.1300902164245334e-10 
2639 14.120927572250366 0.0026562368017919932 -0.19139855292238495 0.0 0.014742295463642727 -6.7805412985472e-11 
2640 14.126325368881226 0.002656236671047336 -0.20278633002904325 0.0 0.015748291027403622 -4.06832477912832e-11 
2641 14.131985902786255 0.0026562365926005413 -0.205842708215058 0.0 0.01635188836566016 -2.4409948674769918e-11 
2642 14.137704372406006 0.002656236545532465 -0.22918106336380106 0.0 0.01771113412804249 -1.464596920486195e-11 
2643 14.143195629119873 0.002656236517291618 -0.23987906468589787 0.0 0.018833477122943657 -8.787581522917169e-12 
2644 14.148622274398804 0.002656236500347111 -0.2482487257768359 0.0 0.019736980690575275 -5.272548913750301e-12 
2645 14.154017925262451 0.0026562364901804064 -0.25434059821080696 0.0 0.020432479854832073 -3.1635293482501806e-12 
2646 14.15940546989441 0.002656236484080384 -0.25983414084559253 0.0 0.021003177867180096 -1.898117608950108e-12 
2647 14.164889812469482 0.0026562364804203703 -0.26167060265313574 0.0 0.02134559667458891 -1.1388705653700648e-12 
2648 14.170289278030396 0.0026562364782243618 -0.26284680110227315 0.0 0.0215510479590342 -6.833223392220389e-13 
2649 14.1756591796875 0.0026562364769067573 -0.2619771555693983 0.0 0.021597619472804398 -4.099934035332233e-13 
2650 14.181054592132568 0.002656236476116194 -0.25734700438882796 0.0 0.02139546610049172 -2.4599604211993397e-13 
2651 14.186652660369873 0.0026562364756418564 -0.25199253218787093 0.0 0.021044076306413195 -1.4759762527196038e-13 
2652 14.19216012954712 0.0026562364753572537 -0.24620155849495495 0.0 0.020603146149391283 -8.855857516317622e-14 
2653 14.197981357574463 0.002656236475186492 -0.2285989114185376 0.0 0.01957159697632453 -5.313514509790573e-14 
2654 14.203461170196533 0.0026562364750840352 -0.22576851649016008 0.0 0.018952667472484475 -3.1881087058743435e-14 
2655 14.209010601043701 0.0026562364750225605 -0.21423347831042183 0.0 0.018121115718914727 -1.9128652235246062e-14 
2656 14.214481353759766 0.0026562364749856764 -0.18887622735750273 0.0 0.0165483980504475 -1.1477191341147636e-14 
2657 14.220100402832031 -0.0732291257046138 -0.17125053095668166 0.0 0.014991174884307502 0.0035281568765571395 
2658 14.225569486618042 -0.09010744334773309 -0.15530629720462777 0.0 0.013519947676460814 0.005951845049853962 
2659 14.230957746505737 -0.10214814844380703 -0.13794969891277653 0.0 0.01202361878669314 0.007636155724522972 
2660 14.236349105834961 -0.11205520460935205 -0.0495711867007044 0.0 0.007214171272015883 0.008876839900015298 
2661 14.242042303085327 -0.12068402724763053 -0.03566058118162765 0.0 0.00432850276320953 0.00985134817600161 
2662 14.247578144073486 -0.12524849366666288 -0.02731421787018159 0.0 0.002597101657925718 0.01051275239849037 
2663 14.253481388092041 -0.13055860530241417 -0.02230639988331396 0.0 0.0015582609947554307 0.011062990465545333 
2664 14.258921146392822 -0.13060151546332927 -0.01930170909119338 0.0 0.0009349565968532584 0.011316437029113578 
2665 14.264347314834595 -0.12978430682293027 -0.01749889461592103 0.0 0.000560973958111955 0.011391805710357552 
2666 14.270031690597534 -0.1284504047603816 -0.01641720593075762 0.0 0.00033658437486717296 0.011360327662206963 
2667 14.275468349456787 -0.12515614873389103 -0.01576819271965958 0.0 0.00020195062492030377 0.011188042319522664 
2668 14.280881881713867 -0.1198016830436692 -0.015378784793000753 0.0 0.00012117037495218225 0.010854573343221166 
2669 14.28627872467041 -0.11562581426009606 -0.015145140037005452 0.0 7.270222497130935e-05 0.010501093443646324 
2670 14.291666507720947 -0.11468817909811216 -0.015004953183408276 0.0 4.3621334982785605e-05 0.010289005503901417 
2671 14.297542095184326 -0.10756081920359337 -0.014920841071249968 0.0 2.6172800989671362e-05 0.009854958692698822 
2672 14.303014039993286 -0.10638363696125666 -0.014870373803954985 0.0 1.5703680593802817e-05 0.009594530605977265 
2673 14.30849814414978 -0.10405893486970412 -0.014840093443577994 0.0 9.42220835628169e-06 0.009361574497047357 
2674 14.313949584960938 -0.1018120614939082 -0.014821925227351799 0.0 5.653325013769013e-06 0.00914510157479244 
2675 14.319360494613647 -0.025375557191273823 -0.014811024297616082 0.0 3.391995008261408e-06 0.005487060944875464 
2676 14.325017213821411 -0.014795223375333455 -0.014804483739774653 0.0 2.0351970049568446e-06 0.003292236566925278 
2677 14.330527782440186 -0.008447023085769237 -0.014800559405069795 0.0 1.2211182029741067e-06 0.0019753419401551666 
2678 14.3359694480896 -0.004638102912030708 -0.014798204804246881 0.0 7.326709217844641e-07 0.0011852051640931 
2679 14.341453790664673 -0.002352750807787591 -0.014796792043753131 0.0 4.3960255307067843e-07 0.0007111230984558599 
2680 14.347013235092163 -0.0009815395452417216 -0.09233096048384022 0.0 0.0036051184048767216 0.00042667385907351596 
2681 14.35294222831726 -0.0001588127877141987 -0.1176806980314664 0.0 0.006458217508227547 0.0002560043154441096 
2682 14.358406066894531 0.000334823266802315 -0.13427252887011093 0.0 0.008553571764606785 0.00015360258926646575 
2683 14.3638916015625 0.0006310048995122232 -0.14868084566499754 0.0 0.010194279112803073 9.216155355987945e-05 
2684 14.369344711303711 0.000808713879138168 -0.1617823137393815 0.0 0.01156219831608959 5.529693213592767e-05 
2685 14.37481427192688 0.0009153392669137351 -0.17410296433737865 0.0 0.012766446122546363 3.31781592815566e-05 
2686 14.380456447601318 0.0009793144995790754 -0.18595833721663796 0.0 0.01387248960078917 1.990689556893396e-05 
2687 14.386003494262695 0.0010176996391782795 -0.19753781807156798 0.0 0.014919610482103598 1.1944137341360376e-05 
2688 14.391432046890259 0.0010407307229378018 -0.20895505546781515 0.0 0.01593137929537712 7.166482404816225e-06 
2689 14.396884202957153 0.0010545493731935153 -0.22027815955594685 0.0 0.016921935377709977 4.299889442889735e-06 
2690 14.402336359024048 0.0010628405633469433 -0.23154805826612265 0.0 0.017899763821478433 2.579933665733841e-06 
2691 14.407888889312744 0.0010678152774390003 -0.24113960748830854 0.0 0.018793256425211277 1.5479601994403046e-06 
2692 14.413329124450684 0.0010708001058942346 -0.25544280524964447 0.0 0.019866245295613677 9.287761196641828e-07 
2693 14.418910503387451 0.001072591002967375 -0.26367786620296874 0.0 0.020740136388546035 5.572656717985096e-07 
2694 14.424462795257568 0.001073665541211259 -0.2713419562772547 0.0 0.021494568814996364 3.3435940307910577e-07 
2695 14.430076122283936 0.0010743102641575897 -0.27701570163803757 0.0 0.022100625294544388 2.0061564184746345e-07 
2696 14.435705423355103 0.001074697097925388 -0.2839132695326819 0.0 0.022694356952964123 1.2036938510847806e-07 
2697 14.441314697265625 0.001074929198186067 -0.28913039334159424 0.0 0.02320399446180991 7.222163106508683e-08 
2698 14.44677209854126 0.0010750684583424746 -0.29080817522146757 0.0 0.02350977696711738 4.3332978639052095e-08 
2699 14.452270030975342 0.001075152014436319 -0.2968453629325998 0.0 0.02392334275087666 2.5999787183431258e-08 
2700 14.457696914672852 0.0010752021480926258 -0.29330113545363834 0.0 0.02394138594055743 1.5599872310058753e-08 
2701 14.46338963508606 0.0010752322282864095 -0.2902576825705376 0.0 0.023798813340571948 9.359923386035252e-09 
2702 14.468966960906982 0.08190960625656052 -0.2834470409558404 0.0 0.023406472752992763 -0.0037582460510686734 
2703 14.474402904510498 0.09945840301034178 -0.2742578095485844 0.0 0.02278757360607651 -0.006319996325251799 
2704 14.47976016998291 0.11355300756851 -0.26440514222784955 0.0 0.022032739323558016 -0.008163843517349566 
2705 14.485187292098999 0.11897896071617067 -0.26239955143795535 0.0 0.02157983875404692 -0.009270151832608226 
2706 14.490644693374634 0.13052012312824846 -0.23982140515261222 0.0 0.020311011052911856 -0.010317433106248285 
2707 14.496237754821777 0.1369495859713153 -0.22311052170640872 0.0 0.018936121867171155 -0.011099197403994027 
2708 14.501939535140991 0.14261440454456747 -0.20772951845016718 0.0 0.017574295047564047 -0.011721654496435419 
2709 14.507349252700806 0.14947139660794423 -0.17752774549325936 0.0 0.015530013825680457 -0.01232522652259117 
2710 14.512754678726196 0.15132959812657132 -0.1585234535474979 0.0 0.01368985252749064 -0.012687369738284621 
2711 14.51836347579956 0.15083981705828925 -0.1400965410711872 0.0 0.011972164673633209 -0.012827956410803719 
2712 14.523882150650024 0.15135727303011634 -0.13520824948667182 0.0 0.01094155196131875 -0.012912308414315178 
2713 14.52946400642395 0.14016434098858446 -0.05147283165747788 0.0 0.00656493117679125 -0.012426027798375483 
2714 14.535110235214233 0.12895915260569307 -0.038814112531349754 0.0 0.003938958706074749 -0.01167406388742983 
2715 14.54063367843628 0.11532611412259332 -0.031218881055672897 0.0 0.0023633752236448496 -0.010685993722815867 
2716 14.546071767807007 0.033361768320502846 -0.026661742170266775 0.0 0.0014180251341869097 -0.00641159623368952 
2717 14.551477670669556 0.020998714742828252 -0.023927458839023107 0.0 0.0008508150805121458 -0.003846957740213712 
2718 14.55691146850586 0.0135808825962235 -0.0222868888402769 0.0 0.0005104890483072875 -0.0023081746441282274 
2719 14.562414646148682 0.009130183308260651 -0.021302546841029182 0.0 0.00030629342898437246 -0.0013849047864769365 
2720 14.567813873291016 0.006459763735482937 -0.02071194164148055 0.0 0.00018377605739062347 -0.0008309428718861619 
2721 14.573525667190552 0.00485751199181631 -0.02035757852175137 0.0 0.00011026563443437408 -0.0004985657231316971 
2722 14.578980922698975 0.0038961609456163357 -0.020144960649913862 0.0 6.615938066062444e-05 -0.00029913943387901824 
2723 14.58446455001831 0.00331935031789635 -0.02001738992681136 0.0 3.969562839637466e-05 -0.00017948366032741094 
2724 14.589864730834961 0.002973263941264359 -0.019940847492949856 0.0 2.3817377037824795e-05 -0.00010769019619644656 
2725 14.59528136253357 0.002765612115285164 -0.01989492203263295 0.0 1.4290426222694876e-05 -6.461411771786794e-05 
2726 14.60066270828247 0.0026410210196976475 -0.019867366756442812 0.0 8.574255733616925e-06 -3.876847063072076e-05 
2727 14.60612177848816 0.002566266362345137 -0.019850833590728728 0.0 5.144553440170155e-06 -2.3261082378432455e-05 
2728 14.611531734466553 0.0025214135679336312 -0.01984091369130028 0.0 3.0867320641020928e-06 -1.3956649427059472e-05 
2729 14.617032051086426 0.0024945018912867277 -0.0198349617516432 0.0 1.8520392384612557e-06 -8.373989656235682e-06 
2730 14.622623443603516 0.0024783548852985856 -0.01983139058784896 0.0 1.1112235430767533e-06 -5.024393793741409e-06 
2731 14.628488779067993 0.0024686666817057 -0.019829247889572417 0.0 6.667341258460519e-07 -3.0146362762448452e-06 
2732 14.634011030197144 0.0024628537595499686 -0.01982796227060649 0.0 4.0004047550763114e-07 -1.808781765746907e-06 
2733 14.639750480651855 0.0024593660062565297 -0.01982719089922693 0.0 2.400242853045787e-07 -1.0852690594481443e-06 
2734 14.645319938659668 0.0024572733542804668 -0.019826728076399194 0.0 1.4401457118274721e-07 -6.511614356688865e-07 
2735 14.650783777236938 0.0024560177630948287 -0.019826450382702556 0.0 8.640874270964833e-08 -3.906968614013319e-07 
2736 14.656258821487427 0.0024552644083834464 -0.01982628376648457 0.0 5.1845245625788994e-08 -2.3441811684079913e-07 
2737 14.661818504333496 0.0024548123955566163 -0.019826183796753778 0.0 3.110714737547339e-08 -1.4065087010447946e-07 
2738 14.667348861694336 0.0024545411878605186 -0.019826123814915306 0.0 1.8664288425284036e-08 -8.439052206268767e-08 
2739 14.673158884048462 0.0024543784632428596 -0.01982608782581222 0.0 1.1198573055170422e-08 -5.06343132376126e-08 
2740 14.678646326065063 0.0024542808284722644 -0.01982606623235037 0.0 6.719143833102253e-09 -3.038058794256756e-08 
2741 14.684223413467407 0.0024542222476099072 -0.01982605327627326 0.0 4.0314862998613515e-09 -1.8228352765540535e-08 
2742 14.689677953720093 0.002454187099092493 -0.019826045502626993 0.0 2.4188917799168106e-09 -1.0937011659324321e-08 
2743 14.695175886154175 0.002454166009982045 -0.019826040838439238 0.0 1.4513350679500864e-09 -6.5622069955945925e-09 
2744 14.700578927993774 0.002454153356515776 -0.019826038039926584 0.0 8.708010407700518e-10 -3.937324197356755e-09 
2745 14.706019639968872 0.002454145764436014 -0.019826036360818988 0.0 5.22480624462031e-10 -2.362394518414053e-09 
2746 14.711413860321045 0.0024541412091881568 -0.01982603535335443 0.0 3.134883746772186e-10 -1.4174367110484316e-09 
2747 14.716816186904907 0.002454138476039443 -0.019826034748875697 0.0 1.8809302480633114e-10 -8.504620266290589e-10 
2748 14.72237753868103 0.07998918498269611 -0.01982603438618846 0.0 1.1285581488379868e-10 -0.0036048566437382147 
2749 14.727869510650635 0.09709097259676355 -0.10066042219889651 0.0 0.0037582532248523134 -0.006074564167059579 
2750 14.733418226242065 0.10761672565212155 -0.11655949431771188 0.0 0.006243301372625012 -0.007709787194846343 
2751 14.73915147781372 0.11573211719523814 -0.12878093365437923 0.0 0.007964428031979548 -0.008844319525312347 
2752 14.744828462600708 0.12240259571837714 -0.138797702201485 0.0 0.00922720030816707 -0.009678437437385895 
2753 14.75036907196045 0.12820743031689685 -0.14584398507759389 0.0 0.010138262187673528 -0.010332306698423967 
2754 14.755800485610962 0.13514386841498077 -0.1535259440732489 0.0 0.01091499708606832 -0.01095472602573773 
2755 14.761214971542358 0.14034448180759074 -0.16082423995255024 0.0 0.011611134305679994 -0.011481573155687694 
2756 14.766598463058472 0.14197261877663173 -0.16294528283084236 0.0 0.012028816637446997 -0.011797681433657673 
2757 14.772018432617188 0.14958996909502256 -0.17250933449895714 0.0 0.012662920830875944 -0.012294143428027551 
2758 14.777524948120117 0.15443611298794177 -0.17775847735228706 0.0 0.013196781860727256 -0.012745419138443423 
2759 14.783217668533325 0.16080450801785334 -0.18437062757682995 0.0 0.013747196249328963 -0.013246282335383865 
2760 14.78891658782959 0.1640218450581043 -0.18608648758527602 0.0 0.014077444882489985 -0.013623499510445102 
2761 14.794591665267944 0.16688318438618202 -0.18716555117097328 0.0 0.014275594062386598 -0.013926529072378816 
2762 14.800124883651733 0.16953157703063937 -0.18456316496908415 0.0 0.014241085056530621 -0.014185046066436016 
2763 14.805641651153564 0.17040316764163965 -0.18458396207915245 0.0 0.014220379653017035 -0.014340156262870336 
2764 14.81103229522705 0.17592466340211593 -0.1780459722207442 0.0 0.013901160873437112 -0.01466331717118961 
2765 14.816399574279785 0.1786378023197979 -0.17558708364464226 0.0 0.013632930348792188 -0.014933912973078146 
2766 14.82181429862976 0.18120053441110398 -0.17327404108849248 0.0 0.01339529277710826 -0.01517296971110824 
2767 14.827169179916382 0.18367367435026813 -0.1726975401675989 0.0 0.013252710234097902 -0.015393103010823268 
2768 14.83253526687622 0.1860937109418308 -0.1723959716588893 0.0 0.013167160708291686 -0.015601882247549258 
2769 14.837990760803223 0.18848253746851623 -0.1689599906635531 0.0 0.012962432479014012 -0.015803849046481827 
2770 14.843402624130249 0.18920360393299024 -0.16847541536075017 0.0 0.012839595541447408 -0.015925029125841365 
2771 14.849522829055786 0.1946400648300129 -0.16327867248478473 0.0 0.012535797098332649 -0.016227834944148006 
2772 14.855143070220947 0.20060674051070645 -0.1608529759360593 0.0 0.01227681877556682 -0.01663961620582291 
2773 14.860700607299805 0.2035940648583911 -0.1569055990362475 0.0 0.011968033268113376 -0.016963381239492585 
2774 14.866139650344849 0.20632850936520905 -0.14951156272361188 0.0 0.01147596642616954 -0.01723433951659136 
2775 14.871558904647827 0.20561247617493128 -0.1399311752208606 0.0 0.010797230036518373 -0.01732021522595366 
2776 14.876983165740967 0.20106018172703977 -0.13310212873985233 0.0 0.010159891922152876 -0.017141645861112356 
2777 14.882399320602417 0.19573806595415316 -0.052152254801795576 0.0 0.006095935153291725 -0.016804406471516656 
2778 14.88780403137207 0.18170370152269827 -0.04039786944138003 0.0 0.003657561091975035 -0.015988468782583455 
2779 14.893252849578857 0.17287054315968142 -0.033345238225130705 0.0 0.002194536655185021 -0.015192112121867885 
2780 14.898695468902588 0.16408743650979832 -0.029113659495381104 0.0 0.0013167219931110123 -0.01440750109785065 
2781 14.904509782791138 0.1553317829153834 -0.026574712257531347 0.0 0.0007900331958666074 -0.013629937455852418 
2782 14.910071849822998 0.14659005747984005 -0.025051343914821493 0.0 0.0004740199175199644 -0.012856605223297828 
2783 14.915556907653809 0.13785398728756965 -0.024137322909195583 0.0 0.0002844119505119786 -0.012085808856177185 
2784 14.920978784561157 0.1291187322688508 -0.023588910305820034 0.0 0.00017064717030718717 -0.011316534008316906 
2785 14.92637014389038 0.1269801024474026 -0.02325986274379471 0.0 0.0001023883021843123 -0.01085496909960074 
2786 14.931832790374756 0.03829837762040585 -0.02306243420657951 0.0 6.143298131058739e-05 -0.006512981459760443 
2787 14.937254905700684 0.025739829670313772 -0.022943977084250392 0.0 3.685978878635243e-05 -0.003907788875856266 
2788 14.942789316177368 0.018204700900258535 -0.022872902810852924 0.0 2.211587327181146e-05 -0.0023446733255137594 
2789 14.948390483856201 0.013683623638225386 -0.022830258246814443 0.0 1.3269523963086875e-05 -0.0014068039953082556 
2790 14.95397162437439 0.010970977281005496 -0.02280467150839135 0.0 7.961714377852125e-06 -0.0008440823971849533 
2791 14.959888696670532 0.009343389466673565 -0.0227893194653375 0.0 4.777028626711274e-06 -0.000506449438310972 
2792 14.965360164642334 0.008366836778074403 -0.022780108239505183 0.0 2.8662171760267644e-06 -0.0003038696629865832 
2793 14.970862627029419 0.007780905164914909 -0.022774581504005798 0.0 1.7197303056160584e-06 -0.0001823217977919499 
2794 14.976311445236206 0.007429346197019211 -0.022771265462706167 0.0 1.031838183369635e-06 -0.00010939307867516994 
2795 14.98173475265503 0.007218410816281792 -0.022769275837926387 0.0 6.191029100217809e-07 -6.563584720510196e-05 
2796 14.987120866775513 0.007091849587839342 -0.022768082063058515 0.0 3.7146174601306855e-07 -3.9381508323061176e-05 
2797 14.99256181716919 0.0070159128507738715 -0.0227673657981378 0.0 2.2287704760784112e-07 -2.3628904993836704e-05 
2798 14.99802017211914 0.006970350808534589 -0.022766936039185368 0.0 1.3372622856470466e-07 -1.4177342996302022e-05 
2799 15.003563642501831 0.006943013583191021 -0.02276667818381391 0.0 8.023573713882279e-08 -8.506405797781213e-06 
2800 15.009022951126099 0.006926611247984879 -0.022766523470591035 0.0 4.814144228329367e-08 -5.103843478668727e-06 
2801 15.014808654785156 0.006916769846861195 -0.022766430642657307 0.0 2.8884865369976203e-08 -3.062306087201236e-06 
2802 15.02023458480835 0.006910865006186984 -0.02276637494589707 0.0 1.7330919221985722e-08 -1.8373836523207415e-06 
2803 15.025697469711304 0.006907322101782456 -0.02276634152784093 0.0 1.0398551533191433e-08 -1.102430191392445e-06 
2804 15.031118631362915 0.006905196359139741 -0.02276632147700725 0.0 6.23913091991486e-09 -6.61458114835467e-07 
2805 15.036466836929321 0.006903920913554112 -0.022766309446507035 0.0 3.743478551948916e-09 -3.968748689012802e-07 
2806 15.04182744026184 0.006903155646202734 -0.022766302228206907 0.0 2.246087131169349e-09 -2.381249213407681e-07 
2807 15.04716968536377 0.006902696485791907 -0.02276629789722683 0.0 1.3476522787016094e-09 -1.4287495280446086e-07 
2808 15.052522897720337 0.006902420989545412 -0.022766295298638786 0.0 8.085913672209655e-10 -8.572497168267651e-08 
2809 15.058131694793701 0.006902255691797515 -0.02276629373948596 0.0 4.851548203325793e-10 -5.1434983009605904e-08 
2810 15.063715934753418 0.006902156513148776 -0.022766292803994264 0.0 2.9109289219954757e-10 -3.0860989805763544e-08 
2811 15.06927227973938 0.006902097005959533 -0.022766292242699247 0.0 1.7465573531972854e-10 -1.8516593883458126e-08 
2812 15.074727296829224 0.006902061301645986 -0.022766291905922238 0.0 1.0479344119183711e-10 -1.1109956330074875e-08 
2813 15.080178260803223 0.006902039879057858 -0.02276629170385603 0.0 6.287606471510226e-11 -6.6659737980449246e-09 
2814 15.085555076599121 0.0069020270255049825 -0.022766291582616307 0.0 3.7725638829061354e-11 -3.999584278826955e-09 
2815 15.090924263000488 0.006902019313373257 -0.02276629150987247 0.0 2.2635383297436812e-11 -2.3997505672961728e-09 
2816 15.09634017944336 0.006902014686094222 -0.022766291466226173 0.0 1.3581229978462087e-11 -1.4398503403777037e-09 
2817 15.101746797561646 0.0069020119097268 -0.022766291440038392 0.0 8.148737987077252e-12 -8.639102042266222e-10 
2818 15.10731029510498 0.006902010243906347 -0.02276629142432572 0.0 4.889242792246351e-12 -5.183461225359733e-10 
2819 15.11283016204834 0.006902009244414075 -0.02276629141489812 0.0 2.9335456753478105e-12 -3.1100767352158395e-10 
2820 15.118278503417969 0.006902008644718711 -0.02276629140924156 0.0 1.7601274052086862e-12 -1.8660460411295035e-10 
2821 15.123879671096802 0.006902008284901492 -0.02276629140584762 0.0 1.0560764431252117e-12 -1.1196276246777021e-10 
2822 15.129441976547241 0.0069020080690111625 -0.02276629140381126 0.0 6.33645865875127e-13 -6.717765748066212e-11 
2823 15.134917497634888 0.006902007939476965 0.054768756743956454 0.0 -0.003604856133080811 -4.030659448839727e-11 
2824 15.140368223190308 0.006902007861756446 0.06692155154211005 0.0 -0.005844469070206458 -2.418395669303836e-11 
2825 15.145741939544678 0.006902007815124135 0.07512721503981906 0.0 -0.007264936089378819 -1.4510374015823016e-11 
2826 15.151092529296875 0.006902007787144748 0.08261487356758836 0.0 -0.008270611834443942 -8.70622440949381e-12 
2827 15.156825304031372 0.006902007770357117 0.08725644834213836 0.0 -0.008950716538379987 -5.223734645696286e-12 
2828 15.162472248077393 0.006902007760284537 0.09260767354205626 0.0 -0.00951217787453556 -3.1342407874177713e-12 
2829 15.168119668960571 -0.06898335442533637 0.10091837224952951 0.0 -0.010155851703816795 0.0035281568746834816 
2830 15.173548460006714 -0.08256236423845649 0.10452431979742541 0.0 -0.010618755258282509 0.00579844951516806 
2831 15.179218053817749 -0.09415607200978769 0.11090841823410477 0.0 -0.011126595161652856 0.0073907198899174865 
2832 15.18467092514038 -0.10214396972847362 0.11412800596322856 0.0 -0.011507998360572036 0.008499480628561087 
2833 15.190195560455322 -0.11203602000352407 0.120282832183054 0.0 -0.011966935070382222 0.00947153409933514 
2834 15.195677995681763 -0.1198894984822197 0.1250171801007589 0.0 -0.01239569561006228 0.010284863952490488 
2835 15.201228857040405 -0.1289384041497665 0.12966750769120608 0.0 -0.012806350447664261 0.011079655911739348 
2836 15.206668853759766 -0.13134153134583015 0.1309693550387287 0.0 -0.013052743350225448 0.011556531087288664 
2837 15.2121102809906 -0.13777418983346607 0.13509547131237323 0.0 -0.013353977605556107 0.012072753963309174 
2838 15.2175452709198 -0.14927460312109259 0.14268283962505565 0.0 -0.013841515186342392 0.012842683230303315 
2839 15.222970247268677 -0.15821916720964388 0.14916583173066228 0.0 -0.01436413252527284 0.01361143483785545 
2840 15.2285635471344 -0.1671669085687395 0.15905461232329665 0.0 -0.015061199213115974 0.014379482829974623 
2841 15.234166622161865 -0.17281976232863677 0.1628573669184298 0.0 -0.015556138482718827 0.014993710139040071 
2842 15.239584922790527 -0.18298003045522734 0.1677268141015932 0.0 -0.016006500558274486 0.015745742808964205 
2843 15.245101928710938 -0.1852985993785001 0.16917121622203532 0.0 -0.01627671780360788 0.016196962410918683 
2844 15.250590801239014 -0.20324390719399113 0.17174426240975252 0.0 -0.01651554740770489 0.01723468376082886 
2845 15.256011724472046 -0.20970445823351935 0.1692790965116431 0.0 -0.016505446656369147 0.01801071508456891 
2846 15.261555671691895 -0.21211199791033536 0.16444099121461125 0.0 -0.016269288434876787 0.01847633387881294 
2847 15.267080068588257 -0.2136217159074636 0.1572944730491761 0.0 -0.01582079647439348 0.01875570515535936 
2848 15.272877216339111 -0.21294305492981058 0.14622798412332222 0.0 -0.015091508736953897 0.018846628664390234 
2849 15.278342008590698 -0.20676864929166944 0.12279175467128478 0.0 -0.013656848735061743 0.018594385742220873 
2850 15.283736944198608 -0.20619391065728404 0.11874000711403587 0.0 -0.01279605273392645 0.018443039988919253 
2851 15.289354801177979 -0.1976625721144306 0.09655190759607883 0.0 -0.011359187030713841 0.01796873625245342 
2852 15.294901371002197 -0.19148841278718912 0.013289488017922513 0.0 -0.006815512218428304 0.01745405922011524 
2853 15.300379753112793 -0.18684221210997742 0.00014759017460843835 0.0 -0.0040893073310569825 0.016991854486918388 
2854 15.305851697921753 -0.18234451996876894 -0.007737548531380003 0.0 -0.0024535843986341894 0.01656113313320633 
2855 15.311315298080444 -0.1779346290617952 -0.012468631754973064 0.0 -0.0014721506391805136 0.01614930180718515 
2856 15.316907167434692 -0.1735761150079951 -0.015307281689128904 0.0 -0.0008832903835083081 0.015748804497778497 
2857 15.322303295135498 -0.1708968091457004 -0.017010471649622404 0.0 -0.0005299742301049849 0.015431806855237533 
2858 15.327732563018799 -0.17010706965262415 -0.01803238562591851 0.0 -0.0003179845380629909 0.015241608269712954 
2859 15.333195924758911 -0.16143571167759174 -0.01864553401169617 0.0 -0.00019079072283779454 0.014743995814145584 
2860 15.33878493309021 -0.16506441549792367 -0.019013423043162767 0.0 -0.00011447443370267672 0.01467552313126384 
2861 15.344449996948242 -0.17488835325531088 -0.019234156462042726 0.0 -6.868466022160603e-05 0.015094635062916629 
2862 15.350017309188843 -0.18778202149476994 -0.019366596513370696 0.0 -4.121079613296362e-05 0.015882997020187112 
2863 15.355483055114746 -0.19680597705905706 -0.019446060544167483 0.0 -2.472647767977817e-05 0.016662808241905053 
2864 15.360965251922607 -0.19921304050932603 -0.019493738962645554 0.0 -1.4835886607866901e-05 0.017130694974935818 
2865 15.366400480270386 -0.2007179091647407 -0.0195223460137324 0.0 -8.90153196472014e-06 0.017411427014754278 
2866 15.372078895568848 -0.2000317749762741 -0.019539510244384505 0.0 -5.3409191788320835e-06 0.017503166981748378 
2867 15.37766432762146 -0.20209675164070212 -0.01954980878277577 0.0 -3.20455150729925e-06 0.017634910218841813 
2868 15.38316798210144 -0.20592874758957946 0.06292811814164098 0.0 -0.0038368766350562965 0.017867354674891818 
2869 15.388731241226196 -0.21500432432842959 0.0905947279323174 0.0 -0.0069040694739231825 0.018390317633006685 
2870 15.394116401672363 -0.22162895961883528 0.1061626583069121 0.0 -0.009051182204831205 0.018934193178566525 
2871 15.399818897247314 -0.2299685928758081 0.11907585031776308 0.0 -0.01064624389073167 0.01956731255325808 
2872 15.4053955078125 -0.2319741901279272 0.12380015709454373 0.0 -0.011603280902271949 0.019947184178073014 
2873 15.410972833633423 -0.2464447939864389 0.13987656094018702 0.0 -0.012791097164371898 0.020788701208137753 
2874 15.416559934616089 -0.2540151828713296 0.15003469005665976 0.0 -0.013810580968987518 0.021523706216635276 
2875 15.422055006027222 -0.2612824553252629 0.15971252626355914 0.0 -0.014729068279344781 0.02219480699242471 
2876 15.427693605422974 -0.2700194699163185 0.16745507873015802 0.0 -0.015510258436250056 0.02290426448548626 
2877 15.433391094207764 -0.27722425902844383 0.17480540935259736 0.0 -0.016209070301084143 0.023560036752014107 
2878 15.439076900482178 -0.2842786612532316 0.18687135650017214 0.0 -0.01708854998113419 0.024183597882621734 
2879 15.44452166557312 -0.28629572927576213 0.18957158559352524 0.0 -0.01761623778916422 0.02455773456098631 
2880 15.449945211410522 -0.2875913744838474 0.2011524252676523 0.0 -0.01839304601536407 0.024782216568005055 
2881 15.455565690994263 -0.2868044800362971 0.21016421560459023 0.0 -0.019165927978671872 0.024840206515319332 
2882 15.461093425750732 -0.28388471645368296 0.217521419184595 0.0 -0.019859751947115235 0.02472160196991395 
2883 15.466575622558594 -0.27880123410466445 0.2246549129877759 0.0 -0.02050614409887217 0.024420341471979804 
2884 15.471967935562134 -0.2698851852997851 0.23000642098662247 0.0 -0.021047377903720278 0.02385608888873445 
2885 15.477509021759033 -0.25690101420729855 0.2350570339592053 0.0 -0.021525516700423082 0.02298064552074067 
2886 15.483067035675049 -0.24135561143011783 0.23827872783642884 0.0 -0.02188909923534174 0.02184178544476862 
2887 15.488499879837036 -0.23823276419969203 0.2395210288021214 0.0 -0.022107248756292934 0.021158469399185392 
2888 15.494074821472168 -0.18033837916960632 0.23539362868895963 0.0 -0.022008040698172734 0.0181407139780351 
2889 15.499552249908447 -0.15027984049417 0.22869374383737492 0.0 -0.021641718835712722 0.015332973365916519 
2890 15.505022525787354 -0.12575660794615437 0.21791544510335978 0.0 -0.020961733157087117 0.012881339409907882 
2891 15.510671138763428 -0.03955912341202347 0.20457039167143995 0.0 -0.020016846951632944 0.007728803645944729 
2892 15.516127824783325 -0.024656186595124654 0.19209749425357783 0.0 -0.018989722667210843 0.0046372821875668374 
2893 15.5217125415802 -0.01571442450498536 0.17937689233576337 0.0 -0.01791325255517575 0.0027823693125401026 
2894 15.52712082862854 -0.010349367250901784 0.17640190166000919 0.0 -0.017267370487954695 0.0016694215875240614 
2895 15.532492637634277 -0.007130332898451639 0.15982521271328115 0.0 -0.016189550915781545 0.001001652952514437 
2896 15.53792953491211 -0.0051989122869815505 0.15023290638907094 0.0 -0.015236062144889765 0.0006009917715086621 
2897 15.543412685394287 -0.004040059920099499 0.14264337478807917 0.0 -0.014433871111663778 0.0003605950629051973 
2898 15.548959970474243 -0.0033447484999702664 0.12723819388648036 0.0 -0.013338965416784644 0.00021635703774311837 
2899 15.554461240768433 -0.002927561647892728 0.11757202069045548 0.0 -0.012375224972269273 0.00012981422264587102 
2900 15.559908866882324 -0.002677249536646204 0.11322776177038962 0.0 -0.011720281448663078 7.78885335875226e-05 
2901 15.565486669540405 -0.0025270622698982904 0.11142470773227489 0.0 -0.01132731533449936 4.6733120152513564e-05 
2902 15.570935487747192 -0.002436949909849542 0.1136787559882982 0.0 -0.011244934179795074 2.8039872091508136e-05 
2903 15.57650089263916 -0.002382882493820293 0.11683438437023214 0.0 -0.01134890400076645 1.6823923254904882e-05 
2904 15.581932067871094 -0.002350442044202744 0.12053226471507969 0.0 -0.01156468440714322 1.0094353952942929e-05 
2905 15.587686538696289 -0.0023309777744322142 0.1245568001250426 0.0 -0.011847551164763227 6.0566123717657574e-06 
2906 15.59321117401123 -0.002319299212569896 0.1304282543280855 0.0 -0.012247366009793911 3.6339674230594545e-06 
2907 15.59863543510437 -0.0023122920754525054 0.1415919748472786 0.0 -0.012947450458194157 2.1803804538356726e-06 
2908 15.604159832000732 -0.002308087793182071 0.14373584350722077 0.0 -0.013367501127234303 1.3082282723014034e-06 
2909 15.609611749649048 -0.00230556522381981 0.15166850033330495 0.0 -0.013926328556246283 7.84936963380842e-07 
2910 15.61510181427002 -0.002304051682202454 0.15835931749063628 0.0 -0.01449171980411215 4.709621780285052e-07 
2911 15.62090253829956 -0.00230314355723204 0.16342438715708338 0.0 -0.014984353066625614 2.825773068171031e-07 
2912 15.626446962356567 -0.002302598682249792 0.16828227498301468 0.0 -0.015433331537927638 1.6954638409026186e-07 
2913 15.63193964958191 -0.0023022717572604434 0.17301715759200367 0.0 -0.0158561171345028 1.0172783045415711e-07 
2914 15.637350082397461 -0.002302075602266834 0.179329226925163 0.0 -0.016339886263138814 6.103669827249427e-08 
2915 15.642725467681885 -0.08478599985639707 0.18747219342154922 0.0 -0.016936941787676074 0.0038349875459386413 
2916 15.648188829421997 -0.09595944225253175 0.18935066343107765 0.0 -0.01729517510239843 0.006135943451482863 
2917 15.65379548072815 -0.1274413301772688 0.2103346076256704 0.0 -0.018430506173995515 0.008667002868031747 
2918 15.65915560722351 -0.1414667242805374 0.22203788295876362 0.0 -0.01949519812120639 0.010492435545548968 
2919 15.664610624313354 -0.15510740428897252 0.2335450585534789 0.0 -0.02051750957401778 0.011971191436544164 
2920 15.670048236846924 -0.16610377292266232 0.24493774012093794 0.0 -0.021514389749957237 0.013165239018496934 
2921 15.675764322280884 -0.17628324895252465 0.256265078867777 0.0 -0.022496014140005776 0.014188464595256484 
2922 15.6812903881073 -0.18597516739250264 0.2675564418383397 0.0 -0.023468485058519763 0.015109196968900106 
2923 15.686803579330444 -0.18877841518541036 0.2705810492267121 0.0 -0.024051967609628154 0.01566163639308628 
2924 15.692391157150269 -0.20206416853440953 0.28732767571301077 0.0 -0.025092347472133705 0.016529991865644553 
2925 15.697819232940674 -0.20802670488253366 0.2955124261059943 0.0 -0.025946673160327952 0.017204403662973464 
2926 15.703201055526733 -0.21013217602608913 0.30316393228553573 0.0 -0.026689366343935417 0.01760905074137081 
2927 15.708639860153198 -0.2098077072178743 0.31049738366773777 0.0 -0.027365077044558574 0.017775139731512242 
2928 15.714057683944702 -0.2054922431299465 0.31269299397899686 0.0 -0.02777050346493247 0.017644695354906186 
2929 15.71948504447937 -0.20196396124837293 0.31245722568563356 0.0 -0.027937063040492073 0.017413033195380845 
2930 15.724907636642456 -0.20143897029089664 0.3131785629444359 0.0 -0.028036998785827834 0.01727403589966564 
2931 15.73056960105896 -0.19623294065135594 0.3087581428669849 0.0 -0.027866862462338375 0.0169605397515456 
2932 15.736008405685425 -0.19216699564540346 0.3019020042966713 0.0 -0.027457983640656807 0.01661904354887963 
2933 15.741518020629883 -0.18966649093023552 0.2926991334579071 0.0 -0.026829160063163004 0.016337446570383076 
2934 15.746930360794067 -0.18898729184385338 0.28120233424198066 0.0 -0.025991673355517126 0.01616848838328514 
2935 15.752333879470825 -0.19028356953274161 0.26744247906234064 0.0 -0.02495228653265079 0.016143812727923354 
2936 15.7577064037323 -0.1886994207275689 0.25308731317030464 0.0 -0.023791762620884418 0.01605230807780931 
2937 15.763086557388306 -0.1869203492202155 0.2383703033677299 0.0 -0.022558553475545785 0.01592070603084391 
2938 15.768626928329468 -0.18667335811483848 0.22013234558175707 0.0 -0.021128337656502093 0.015841744802664672 
2939 15.774025201797485 -0.17997987881380348 0.18811241913779353 0.0 -0.018966323778059582 0.015487571038169237 
2940 15.77940320968628 -0.17248393319684321 0.16714565676925192 0.0 -0.016978825119153558 0.014968272732116325 
2941 15.785154819488525 -0.16120443420434066 0.14501929885941658 0.0 -0.015019336335072457 0.014196498207102743 
2942 15.790738105773926 -0.15083459243164143 0.1213079067149768 0.0 -0.012999951238757097 0.01334993720760973 
2943 15.796361684799194 -0.13859067083679283 0.029768476776137004 0.0 -0.0077999707432542574 0.012381808046764326 
2944 15.801857709884644 -0.12598528837820708 0.014728313189969384 0.0 -0.0046799824459525545 0.011340735008875245 
2945 15.807373762130737 -0.038923535429316036 0.005704215038268807 0.0 -0.0028079894675715326 0.006804441005325147 
2946 15.812899112701416 -0.025802985468147917 0.00028975614724845687 0.0 -0.0016847936805429195 0.004082664603195088 
2947 15.818369388580322 -0.01793065549144704 -0.002958919187363754 0.0 -0.0010108762083257516 0.0024495987619170528 
2948 15.823884725570679 -0.013207257505426517 -0.004908124388131075 0.0 -0.000606525724995451 0.0014697592571502316 
2949 15.829689502716064 -0.010373218713814202 -0.0060776475085914695 0.0 -0.00036391543499727055 0.0008818555542901389 
2950 15.835201025009155 -0.08455815761842417 -0.0067793613808677065 0.0 -0.00021834926099836233 0.00405727020913811 
2951 15.840941190719604 -0.1086646511313924 -0.007200389704233449 0.0 -0.00013100955659901738 0.006652809333887406 
2952 15.846455812454224 -0.11626150072203964 -0.007453006698252895 0.0 -7.860573395941043e-05 0.008210132808736986 
2953 15.85197639465332 -0.15879811631732554 -0.007604576894664561 0.0 -4.716344037564626e-05 0.010908603841812626 
2954 15.857492208480835 -0.18322702731785434 -0.007695519012511562 0.0 -2.8298064225387753e-05 0.013294679030627737 
2955 15.862955331802368 -0.20511892872303314 -0.007750084283219761 0.0 -1.697883853523265e-05 0.015416614475757318 
2956 15.868422508239746 -0.22296214227617772 -0.007782823445644681 0.0 -1.0187303121139589e-05 0.017226667560881637 
2957 15.874038219451904 -0.24981287173863084 -0.007802466943099632 0.0 -6.112381872683753e-06 0.019309789751616874 
2958 15.87940263748169 -0.2642770489623421 0.06807110913800475 0.0 -0.003531824305687636 0.02094315637031064 
2959 15.885254144668579 -0.26920015915545703 0.07834367535447792 0.0 -0.005647251459976608 0.0219231763415269 
2960 15.890769004821777 -0.29202972967603763 0.12083016749047021 0.0 -0.008603885443818913 0.023431576426788087 
2961 15.896663427352905 -0.3081587529321374 0.1459894775728883 0.0 -0.01114485840309402 0.024873511276223607 
2962 15.902282953262329 -0.324106880377535 0.1683130990156964 0.0 -0.0133597325104996 0.02627556400393149 
2963 15.907846689224243 -0.33830144185264394 0.18970819711385134 0.0 -0.015378947306783464 0.027576991181938057 
2964 15.913268089294434 -0.3538643600409718 0.21055211277336003 0.0 -0.017280769496626533 0.028894739306788566 
2965 15.918676614761353 -0.367836271204394 0.23272077852715478 0.0 -0.019188852399269866 0.030145583723080707 
2966 15.92417573928833 -0.3799747666146531 0.25327416501540945 0.0 -0.02102399247269638 0.031279586657340853 
2967 15.92957592010498 -0.39673245866098295 0.2868287317168788 0.0 -0.023428960903768586 0.03257357949284049 
2968 15.934962749481201 -0.4073672565409562 0.30556228934212326 0.0 -0.025408833780458478 0.03365677222172816 
2969 15.940403938293457 -0.41574911610211296 0.3214281089251402 0.0 -0.02705695304785425 0.03453678264951944 
2970 15.945860147476196 -0.42189856898234734 0.33634416011156953 0.0 -0.028506020149673548 0.03521818741998815 
2971 15.951435804367065 -0.427476844508043 0.3506941978218232 0.0 -0.029835652971914723 0.03578042879606333 
2972 15.957038640975952 -0.4294143455744455 0.36305894701882 0.0 -0.031016928949744293 0.036117773621708434 
2973 15.962515354156494 -0.4307013671032116 0.3766523674595716 0.0 -0.03218588709759163 0.03632018051709549 
2974 15.967917680740356 -0.4315981009093959 0.3803218878152125 0.0 -0.032887261986300036 0.03644162465432773 
2975 15.973423719406128 -0.4273116041811254 0.4007855393679367 0.0 -0.03415177874539178 0.03628439336597615 
2976 15.978797912597656 -0.4123161393065544 0.41794680075953317 0.0 -0.035524079875790364 0.035499764261124694 
2977 15.984182357788086 -0.40209003145542727 0.42553479938633537 0.0 -0.036500859067823466 0.034645490513728956 
2978 15.989574909210205 -0.3900047157597485 0.4286826979191872 0.0 -0.03708692658304332 0.033672733704141915 
2979 15.994996309280396 -0.37426749045295404 0.4274011495996711 0.0 -0.03728516857838129 0.032475485563213904 
2980 16.00036644935608 -0.3578679828706083 0.42499461441930664 0.0 -0.03725071526179012 0.03114354560371356 
2981 16.00615668296814 -0.3542632842318954 0.42521115516900276 0.0 -0.03723004327183542 0.030344381628013353 
2982 16.01171064376831 -0.3225052769048183 0.41721919060427853 0.0 -0.03683414677360998 0.02848429959867996 
2983 16.017237424850464 -0.29754750164469335 0.40978341806698526 0.0 -0.03628981184708682 0.026447862278548492 
2984 16.02266812324524 -0.2687607149781126 0.401911790204769 0.0 -0.03565641386358504 0.024152213270144232 
2985 16.028351545333862 -0.2375516934523907 0.39047673353925233 0.0 -0.03481618251233437 0.021624337991879326 
2986 16.033800840377808 -0.20564654445023137 0.3767839132233091 0.0 -0.033775148903305165 0.01895712695169803 
2987 16.039300680160522 -0.15351777232898983 0.347651783880225 0.0 -0.031923343607768315 0.015285926351835469 
2988 16.044667959213257 -0.14298249784031972 0.34254345273682696 0.0 -0.030812260430446207 0.013083205991917932 
2989 16.05007314682007 -0.05256085425955962 0.30988326590693865 0.0 -0.028765026880139672 0.007849923595150759 
2990 16.055444955825806 -0.03742436991927011 0.29098292681300114 0.0 -0.026923095675012207 0.004709954157090455 
2991 16.061073303222656 -0.028342479315096394 0.2726633551467998 0.0 -0.025204345876992187 0.002825972494254273 
2992 16.066595554351807 -0.02289334495259216 0.25303727834580947 0.0 -0.02348280268610742 0.0016955834965525637 
2993 16.072094202041626 -0.01962386433508962 0.23338851744241035 0.0 -0.021759586439736047 0.001017350097931538 
2994 16.077484846115112 -0.0176621759645881 0.21372024880742288 0.0 -0.020035366360072707 0.0006104100587589228 
2995 16.082886457443237 0.05940019923729017 0.19568402993230524 0.0 -0.01838724025709892 -0.0031619108413086724 
2996 16.08827018737793 0.07038604492622766 0.19105235033274148 0.0 -0.01739836459531465 -0.005425303381349229 
2997 16.093658208847046 0.11659987667963559 0.16193254237558066 0.0 -0.015577854068124765 -0.008624115110436429 
2998 16.099337100982666 0.15401064695038555 0.13533033553235452 0.0 -0.013488460392382428 -0.011847286534905046 
2999 16.106905937194824 0.17007366395870507 0.11782735220983606 0.0 -0.011697932368890456 -0.014087983436941868 
3000 16.112600803375244 0.1800022323219633 0.035190073527379205 0.0 -0.007018759421334273 -0.015585800091957907 
3001 16.1183979511261 0.1861357047542006 0.02165626765251509 0.0 -0.004211255652800564 -0.016561189341864502 
3002 16.124215841293335 0.1874603922065415 0.013535984127596611 0.0 -0.0025267533916803384 -0.017069723634911486 
3003 16.12984871864319 0.17918477613068295 0.008663814012645528 0.0 -0.001516052035008203 -0.01691465164959008 
3004 16.135425090789795 0.16897993524333604 0.005740511943674875 0.0 -0.0009096312210049218 -0.0163614129170154 
3005 16.14138960838318 0.15596405574267336 0.003986530702292485 0.0 -0.000545778732602953 -0.015492577859424024 
3006 16.148943662643433 0.13872451622595292 0.002934141957463051 0.0 -0.0003274672395617718 -0.014280983512796443 
3007 16.15472173690796 0.028096834498094553 0.002302708710565391 0.0 -0.00019648034373706308 -0.008568590107677866 
3008 16.16027283668518 0.011574593432799846 0.0019238487624267946 0.0 -0.00011788820624223784 -0.0051411540646067195 
3009 16.165801286697388 0.0016612487936230151 0.0016965327935436372 0.0 -7.07329237453427e-05 -0.0030846924387640316 
3010 16.171355962753296 -0.004286757989883084 0.0015601432122137424 0.0 -4.243975424720562e-05 -0.0018508154632584188 
3011 16.177253007888794 -0.007855562059986741 0.0014783094634158054 0.0 -2.546385254832337e-05 -0.0011104892779550512 
3012 16.18293595314026 -0.009996844502048935 0.08886230906216905 0.0 -0.00408032700613959 -0.0006662935667730307 
3013 16.188565969467163 -0.09541534188138118 0.11717363445890458 0.0 -0.0072802374672640766 0.0035118740407528324 
3014 16.19423508644104 -0.13562778486549096 0.14302837192734935 0.0 -0.009967173332676257 0.007322658992284646 
3015 16.199991941452026 -0.19625118963802632 0.18721187335594358 0.0 -0.013266712543192486 0.011910101709648437 
3016 16.205389738082886 -0.2096794053407719 0.1969101317730314 0.0 -0.015246436069502222 0.01466256734006671 
3017 16.211256980895996 -0.25409318813874815 0.24403304226946781 0.0 -0.018351745647247904 0.018001424409586596 
3018 16.21677803993225 -0.2771434016546402 0.27465618453236934 0.0 -0.021212021733555957 0.02061833270647431 
3019 16.2223219871521 -0.2997681473783254 0.30789103607931595 0.0 -0.0240786702783309 0.022878768016447452 
3020 16.227728128433228 -0.318077209294248 0.3411688308683104 0.0 -0.02694914527841822 0.024771924000710148 
3021 16.23355531692505 -0.3353353157665902 0.3761318268971022 0.0 -0.029898615408589936 0.026444709409314333 
3022 16.239189624786377 -0.35526681428949713 0.41134938217440836 0.0 -0.032895482616812285 0.02813867098631736 
3023 16.2447030544281 -0.3785736664068862 0.445080418107461 0.0 -0.03584408881496805 0.029998739758385875 
3024 16.25010585784912 -0.40237882302089756 0.48694474396769627 0.0 -0.03914723469156872 0.031958469867261446 
3025 16.25550651550293 -0.40999336792103225 0.5051218302832047 0.0 -0.041512615521781746 0.03321100718948376 
3026 16.261600494384766 -0.4155640936238994 0.5139960413319601 0.0 -0.04300854327680653 0.03403922883971412 
3027 16.267066955566406 -0.4149601218511841 0.5154080617369987 0.0 -0.04375270141602747 0.03438276331605839 
3028 16.272592306137085 -0.4113013194456927 0.5113431337417365 0.0 -0.04389240225220437 0.034358786231174034 
3029 16.278098821640015 -0.4032752834645174 0.5022239482582465 0.0 -0.043516027212528674 0.033960903695758556 
3030 16.283578872680664 -0.39745906879171533 0.4883030037263678 0.0 -0.04267661111377971 0.03349207938405059 
3031 16.289639711380005 -0.3930823980246 0.47137999350964266 0.0 -0.04148266814245759 0.03305738628323187 
3032 16.295796155929565 -0.3723043913775216 0.4385698532580822 0.0 -0.03938572169598328 0.0318761823202092 
3033 16.301251649856567 -0.3542966495915495 0.41961530503509725 0.0 -0.03751395977292292 0.03047716663032285 
3034 16.30674409866333 -0.33399462945785807 0.40294878046202975 0.0 -0.03585401080104013 0.02887076762765355 
3035 16.312386512756348 -0.3114267997037098 0.3852337340598736 0.0 -0.03424444736273467 0.02706323938041751 
3036 16.31775140762329 -0.2866096194241005 0.3709508174163496 0.0 -0.032818516738601804 0.02505833432954445 
3037 16.323131561279297 -0.2595523121323444 0.357189187950648 0.0 -0.03150276282274024 0.022858303939592206 
3038 16.32840061187744 -0.25335529942998075 0.353634564733672 0.0 -0.03071331047322331 0.021538285705620865 
3039 16.333637475967407 -0.2068118188461115 0.3268569644479098 0.0 -0.029089153190290797 0.018752097066149005 
3040 16.338874578475952 -0.17248220778379778 0.3058890873580197 0.0 -0.0273476692317938 0.015853201732578807 
3041 16.3444185256958 -0.06521447754815814 0.2796165040283945 0.0 -0.025305691497267198 0.009511921039547283 
3042 16.34976077079773 -0.04687327433566842 0.21451088627933096 0.0 -0.0213193375687247 0.00570715262372837 
3043 16.35506582260132 -0.03586855240817459 0.1651686948112302 0.0 -0.017163448263433308 0.003424291574237022 
3044 16.36033010482788 -0.029265719251678292 0.05920946638476117 0.0 -0.010298068958059984 0.002054574944542213 
3045 16.36557388305664 -0.02530401935778051 0.03935238655086465 0.0 -0.00617884137483599 0.0012327449667253279 
3046 16.370898723602295 0.06450610042659015 0.02743813865052673 0.0 -0.003707304824901594 -0.003325401714575399 
3047 16.37612748146057 0.07282718036410518 0.02028958991032399 0.0 -0.0022243828949409564 -0.005830191952664918 
3048 16.381346702575684 0.0801534031163767 0.016000460666202334 0.0 -0.0013346297369645737 -0.007333066095518629 
3049 16.386596202850342 0.09118047771846706 0.013426983119729344 0.0 -0.0008007778421787442 -0.008541587608818745 
3050 16.3918194770813 0.10961106666382192 0.011882896591845554 0.0 -0.0004804667053072465 -0.009956990848639331 
3051 16.397161722183228 0.13030444870772345 0.010956444675115279 0.0 -0.0002882800231843479 -0.011573225361501408 
3052 16.402440071105957 0.14169682377416093 0.010400573525077112 0.0 -0.00017296801391060874 -0.012849760116574308 
3053 16.407775402069092 0.1455145078521141 0.010067050835054213 0.0 -0.00010378080834636524 -0.013615680969618047 
3054 16.413076162338257 0.14455600997692122 0.009866937221040473 0.0 -6.226848500781914e-05 -0.013921837947882583 
3055 16.418351411819458 0.14556376223703452 0.009746869052632228 0.0 -3.7361091004691484e-05 -0.014105532134841305 
3056 16.42380142211914 0.14621730924271445 0.00967482815158728 0.0 -2.241665460281489e-05 -0.014215748647016538 
3057 16.42916774749756 0.13181115939301757 0.009631603610960313 0.0 -1.3449992761688933e-05 -0.013591585242248926 
3058 16.434478044509888 0.12351475099283724 0.009605668886584134 0.0 -8.069995657013359e-06 -0.012910293152032706 
3059 16.43970775604248 0.11504652296546825 0.009590108051958424 0.0 -4.841997394208015e-06 -0.012194720870315083 
3060 16.444938898086548 0.11307136905724803 0.009580771551183 0.0 -2.905198436524809e-06 -0.011765377501284507 
3061 16.450303316116333 0.09542729377527798 0.009575169650717745 0.0 -1.7431190619148853e-06 -0.010740781891128676 
3062 16.4555721282959 0.013357303600774445 0.009571808510438592 0.0 -1.0458714371489311e-06 -0.0064444691346772056 
3063 16.460948705673218 0.0009308633996520203 0.0920538978737226 0.0 -0.0038355814270142063 -0.003866681480806323 
3064 16.466221809387207 -0.006525000721021416 0.11807331916075087 0.0 -0.006826593092200956 -0.0023200088884837936 
3065 16.471445560455322 -0.010998519193425484 0.1383682708590232 0.0 -0.009158091909359574 -0.001392005333090276 
3066 16.476707935333252 -0.013682630276867922 0.15511746765579149 0.0 -0.011017186741036581 -0.0008352031998541656 
3067 16.48197317123413 -0.015293096926933387 0.17215970780704984 0.0 -0.012669535458089357 -0.0005011219199124994 
3068 16.487271785736084 -0.016259376916972667 0.17706763711635362 0.0 -0.013660944688321023 -0.0003006731519474996 
3069 16.49249243736267 -0.016839144910996234 0.2048091235051533 0.0 -0.015406276099682372 -0.00018040389116849977 
3070 16.497737646102905 -0.017187005707410375 0.22485761283786335 0.0 -0.01714376825857194 -0.00010824233470109985 
3071 16.503062963485718 -0.017395722185258856 0.24819740487518002 0.0 -0.019029952399540136 -6.494540082065992e-05 
3072 16.508347749710083 -0.01752095207196795 0.2703355085878631 0.0 -0.020928652472858543 -3.896724049239595e-05 
3073 16.513707160949707 -0.0175960900039934 0.2941757972532085 0.0 -0.022911561362484047 -2.338034429543757e-05 
3074 16.518932580947876 -0.017641172763208677 0.3166279538097259 0.0 -0.024868299265229075 -1.4028206577262542e-05 
3075 16.524184942245483 -0.01766822241873784 0.3357212772701682 0.0 -0.026655933081819634 -8.416923946357525e-06 
3076 16.529557466506958 -0.017684452212055335 0.3543385954376892 0.0 -0.02834210742694975 -5.050154367814515e-06 
3077 16.53482723236084 -0.017694190088045837 0.3693760601423419 0.0 -0.02981400459517742 -3.030092620688709e-06 
3078 16.54020357131958 -0.017700032813640135 0.3937016551481165 0.0 -0.031617530998645456 -1.8180555724132252e-06 
3079 16.545486450195312 -0.017703538448996716 0.4074582585511625 0.0 -0.033083143125211135 -1.090833343447935e-06 
3080 16.550838232040405 -0.09689037594372508 0.4169462729575184 0.0 -0.034192608171841464 0.0036809008903519024 
3081 16.556252241134644 -0.10926783962444385 0.42210970300091344 0.0 -0.03493498645671664 0.005966792201233846 
3082 16.5615451335907 -0.1159593002053975 0.4212639616072492 0.0 -0.03522701491384779 0.007338326987763013 
3083 16.566856145858765 -0.12000612169313936 0.4224117631048288 0.0 -0.03540223198812649 0.008161247859680512 
3084 16.572078466415405 -0.1191668518913422 0.4182726472983092 0.0 -0.035277264462002786 0.008501604849269305 
3085 16.57732605934143 -0.0426928384764695 0.4033623512837025 0.0 -0.03451199361448805 0.005100962909561583 
3086 16.582554817199707 -0.03285699176215588 0.38988471312153083 0.0 -0.033515936307700396 0.0030605777457369497 
3087 16.587788581848145 -0.026955483733567702 0.3757282148297429 0.0 -0.03238141010558124 0.0018363466474421697 
3088 16.59308910369873 -0.023414578916414797 0.35951005701011574 0.0 -0.031087100329133963 0.0011018079884653018 
3089 16.598352193832397 -0.021290036026123046 0.3411670884289646 0.0 -0.02962022413142508 0.000661084793079181 
3090 16.603593587875366 -0.020015310291948002 0.32231026458940076 0.0 -0.028049805100726997 0.00039665087584750863 
3091 16.609309434890747 -0.01925047485144298 0.2816935005340184 0.0 -0.025420175991039226 0.00023799052550850516 
3092 16.61460852622986 -0.01879157358713996 0.2742702365033883 0.0 -0.023842398525226564 0.0001427943153051031 
3093 16.62003231048584 -0.01851623282855815 0.23029696056832566 0.0 -0.0210549558406761 8.567658918306185e-05 
3094 16.625306606292725 -0.018351028373409066 0.19928258851284947 0.0 -0.018308703613620442 5.140595350983711e-05 
3095 16.630622148513794 -0.01825190570031961 0.16506516377757438 0.0 -0.015433767147267723 3.084357210590226e-05 
3096 16.635860204696655 -0.01819243209646594 0.06116284318705018 0.0 -0.009260260288360633 1.8506143263541355e-05 
3097 16.64110231399536 -0.018156747934153738 0.04330690062369027 0.0 -0.0055561561730163795 1.1103685958124812e-05 
3098 16.646337270736694 -0.018135337436766416 0.03259333508567433 0.0 -0.0033336937038098277 6.662211574874887e-06 
3099 16.65155291557312 -0.018122491138334022 0.026165195762864767 0.0 -0.0020002162222858967 3.997326944924932e-06 
3100 16.656843185424805 -0.018114783359274588 0.022308312169179015 0.0 -0.001200129733371538 2.3983961669549594e-06 
3101 16.66224193572998 -0.018110158691838928 0.01999418201296757 0.0 -0.0007200778400229228 1.4390377001729756e-06 
3102 16.66760563850403 -0.018107383891377532 0.0186057039192407 0.0 -0.00043204670401375366 8.634226201037853e-07 
3103 16.67293429374695 -0.01810571901110069 -0.076259194602739 0.0 0.004112616209674114 5.180535720622712e-07 
3104 16.678171634674072 -0.018104720082934588 -0.11094273759150428 0.0 0.00783650280743136 3.108321432373627e-07 
3105 16.68338680267334 -0.018104120726034928 -0.1432734642907779 0.0 0.011067922125514114 1.864992859424176e-07 
3106 16.688594579696655 -0.01810376111189513 -0.1725513053931043 0.0 0.013927161818895199 1.1189957156545055e-07 
3107 16.693820476531982 -0.01810354534341125 -0.19912254503813506 0.0 0.01648639448055831 6.713974293927033e-08 
3108 16.699028730392456 -0.018103415882320926 -0.22484401978310867 0.0 0.018865624413306758 4.02838457635622e-08 
3109 16.70426106452942 -0.018103338205666727 -0.25171244597154663 0.0 0.02121355047548726 2.4170307458137317e-08 
3110 16.70956301689148 -0.01810329159967421 -0.2900576583757434 0.0 0.02407958752348968 1.450218447488239e-08 
3111 16.714930295944214 -0.0181032636360787 -0.3134356007503992 0.0 0.026489501574247773 8.701310684929434e-09 
3112 16.7201931476593 -0.018103246857921394 -0.33055988657428625 0.0 0.02839564405596834 5.22078641095766e-09 
3113 16.726386785507202 -0.01810323679102701 -0.3363387840724084 0.0 0.02953932954500068 3.1324718465745957e-09 
3114 16.731816053390503 -0.01810323075089038 -0.33166399130304863 0.0 0.029842046044051343 1.8794831079447575e-09 
3115 16.737131357192993 -0.0181032271268084 -0.3195996147102294 0.0 0.02941008337842208 1.1276898647668544e-09 
3116 16.742432832717896 -0.018103224952359213 -0.3086966219273778 0.0 0.028690711727778803 6.766139188601126e-10 
3117 16.747734785079956 -0.018103223647689702 -0.2969525626431314 0.0 0.02779889468612712 4.0596835131606755e-10 
3118 16.753024101257324 -0.018103222864887993 -0.2814005798746755 0.0 0.02665021189607645 2.435810107896405e-10 
3119 16.758281469345093 -0.018103222395206973 -0.2667422985837988 0.0 0.02542410891388336 1.461486064737843e-10 
3120 16.763546466827393 -0.018103222113398355 -0.2518486820173803 0.0 0.02415155381640481 8.768916388427059e-11 
3121 16.768956661224365 -0.018103221944313186 -0.23680930069251765 0.0 0.022851127449754996 5.261349833056235e-11 
3122 16.774234771728516 -0.018103221842862085 -0.21672883901856344 0.0 0.0213038805509115 3.156809899833741e-11 
3123 16.779576778411865 -0.018103221781991426 -0.19591821946805563 0.0 0.019608542822867912 1.8940859399002443e-11 
3124 16.78484535217285 -0.01810322174546903 -0.1631151691101706 0.0 0.017287455799025464 1.1364515639401465e-11 
3125 16.79008674621582 -0.01810322172355559 -0.1433216668859119 0.0 0.015281211019660335 6.818709383640878e-12 
3126 16.795387744903564 -0.018103221710407527 -0.1244257918356222 0.0 0.013463873077097715 4.091225630184527e-12 
3127 16.80060577392578 -0.018103221702518688 -0.10606323061425313 0.0 0.011759877746500481 2.454735378110716e-12 
3128 16.80584406852722 -0.018103221697785388 -0.10121291274018032 0.0 0.01073748054814214 1.4728412268664296e-12 
3129 16.811081409454346 -0.018103221694945406 -0.019149313160536863 0.0 0.006442488328885284 8.837047361198577e-13 
3130 16.816293001174927 -0.018103221693241415 -0.006726692415169294 0.0 0.0038654929973311702 5.302228416719146e-13 
3131 16.8216655254364 -0.018103221692219024 0.0007268800320512463 0.0 0.002319295798398702 3.181337050031487e-13 
3132 16.826942920684814 -0.018103221691605585 0.0051990235003835684 0.0 0.0013915774790392212 1.9088022300188923e-13 
3133 16.832247018814087 -0.018103221691237525 0.007882309581382963 0.0 0.0008349464874235327 1.1452813380113353e-13 
3134 16.837607622146606 -0.018103221691016684 0.009492281229982599 0.0 0.0005009678924541196 6.871688028068012e-14 
3135 16.842857122421265 -0.018103221690884182 0.01045826421914238 0.0 0.0003005807354724717 4.123012816840807e-14 
3136 16.848204612731934 -0.018103221690804683 0.011037854012638248 0.0 0.00018034844128348302 2.4738076901044843e-14 
3137 16.85349202156067 -0.018103221690756982 0.011385607888735771 0.0 0.00010820906477008981 1.4842846140626906e-14 
3138 16.858714818954468 -0.01810322169072836 0.011594260214394284 0.0 6.492543886205388e-05 8.905707684376144e-15 
3139 16.86394453048706 -0.01810322169071119 0.011719451609789391 0.0 3.8955263317232326e-05 5.343424610625686e-15 
3140 16.86921453475952 -0.018103221690700885 0.011794566447026457 0.0 2.3373157990339396e-05 3.2060547663754114e-15 
3141 16.874622583389282 -0.018103221690694705 0.011839635349368695 0.0 1.4023894794203638e-05 1.9236328598252467e-15 
3142 16.879948377609253 -0.09728795580420542 0.011866676690774038 0.0 8.414336876522183e-06 0.003681555390359125 
3143 16.885249137878418 -0.10801453558955018 0.011882901495617246 0.0 5.048602125913309e-06 0.005890488624573446 
3144 16.89046549797058 -0.1161313985482185 0.011892636378523168 0.0 3.0291612755479854e-06 0.007292544841766772 
3145 16.895719051361084 -0.12026649869594183 0.01189847730826672 0.0 1.817496765328791e-06 0.008133778572082768 
3146 16.901021480560303 -0.1244291898907141 0.011901981866112854 0.0 1.0904980591972746e-06 0.008715218067169338 
3147 16.906262636184692 -0.12619240912146107 0.011904084600820531 0.0 6.542988355183647e-07 0.009064081764221282 
3148 16.911505699157715 -0.12893262370973102 0.011905346241645139 0.0 3.9257930131101884e-07 0.00935009923934942 
3149 16.916751623153687 -0.13149269488722884 0.011906103226139905 0.0 2.355475807866113e-07 0.009598408981323275 
3150 16.921962022781372 -0.1339453319619468 0.011906557416836763 0.0 1.4132854847196677e-07 0.00982409408340456 
3151 16.927292823791504 -0.13468447455171212 0.011906829931254878 0.0 8.479712908318006e-08 0.009959505144653331 
3152 16.93258547782898 -0.13681219898644403 0.011906993439905747 0.0 5.0878277449908035e-08 0.010117451038299568 
3153 16.938010454177856 -0.1390067319028698 0.011907091545096268 0.0 3.052696646994482e-08 0.010288917831384282 
3154 16.94332718849182 -0.14289168781896402 0.011907150408210582 0.0 1.831617988196689e-08 0.010545196421029055 
3155 16.948588848114014 -0.14537552288628833 -0.06562783037030417 0.0 0.0036048656330528086 0.010775662831712891 
3156 16.953826427459717 -0.1494360159239726 -0.07943028560236973 0.0 0.0059211725369705094 0.01106734119191714 
3157 16.959199905395508 -0.15202712909530175 -0.09115874460624837 0.0 0.00754105295989593 0.01131904746493666 
3158 16.964465141296387 -0.1512048869255342 -0.10417715595772822 0.0 0.008896476008019925 0.0113933719718514 
3159 16.96969223022461 -0.1416195349105217 -0.12468724312042426 0.0 0.01047672091574793 0.010977771134618407 
3160 16.974901914596558 -0.13225705413807773 -0.13926514848129737 0.0 0.011885061911650448 0.010344914347793749 
3161 16.9802725315094 -0.04967211767847182 -0.15335562668639144 0.0 0.013190260560457676 0.0062069486086762495 
3162 16.985583066940308 -0.037703672472935316 -0.16880724621442245 0.0 0.014510273057904702 0.0037241691652057495 
3163 16.991268157958984 -0.030522605349613423 -0.18266343559339662 0.0 0.015762474607638632 0.0022345014991234495 
3164 16.996938705444336 -0.026213965075620287 -0.19468361718453622 0.0 0.016897291821963853 0.0013407008994740697 
3165 17.002401113510132 -0.02362878091122439 -0.20637239943903932 0.0 0.017961676944927733 0.0008044205396844418 
3166 17.00799560546875 -0.02207767041258686 -0.2096172189137936 0.0 0.01860030801870606 0.00048265232381066505 
3167 17.01352024078369 -0.02114700411340435 -0.22152869241603462 0.0 0.01944368071423877 0.000289591394286399 
3168 17.01900029182434 -0.020588604333894835 -0.22744341765383483 0.0 0.020103102845352345 0.0001737548365718394 
3169 17.024455785751343 -0.02025356446618913 -0.2328293211448929 0.0 0.020652153147698315 0.00010425290194310364 
3170 17.03004002571106 -0.020052540545565708 -0.23954896838089917 0.0 0.021211681099796813 6.255174116586218e-05 
3171 17.035807609558105 -0.019931926193191653 -0.24960315010856904 0.0 0.02193089266542466 3.7531044699517305e-05 
3172 17.041338443756104 -0.01985955758176722 -0.2568280021164361 0.0 0.022592517375492283 2.251862681971038e-05 
3173 17.047484397888184 -0.01981613641491256 -0.2589421244593453 0.0 0.02298949220153286 1.3511176091826228e-05 
3174 17.053334951400757 -0.019790083714799768 -0.2668894985279004 0.0 0.023534472634628975 8.106705655095737e-06 
3175 17.05891752243042 -0.019774452094732088 -0.2653734243177078 0.0 0.02370806387080882 4.864023393057442e-06 
3176 17.064284801483154 -0.019765073122691483 -0.26442955679386715 0.0 0.023735519355619752 2.918414035834465e-06 
3177 17.069603443145752 -0.01975944573946712 -0.25976201173640856 0.0 0.023521894875815394 1.751048421500679e-06 
3178 17.074900150299072 -0.019756069309532498 -0.2510929495818932 0.0 0.023010225393564034 1.0506290529004073e-06 
3179 17.080139875411987 -0.019754043451571727 -0.22670654604761564 0.0 0.02162943708788784 6.303774317402443e-07 
3180 17.08541202545166 -0.019752827936795267 -0.22287906815604278 0.0 0.020800964104482123 3.782264590441466e-07 
3181 17.090951919555664 -0.01975209862792939 -0.19095482823189294 0.0 0.018923298160641543 2.2693587542648796e-07 
3182 17.096333026885986 -0.01975166104260986 -0.16751435534631579 0.0 0.016953008258586616 1.3616152525589278e-07 
3183 17.1016788482666 -0.019751398491418146 -0.14543777115269377 0.0 0.015003844728616173 8.169691515353567e-08 
3184 17.106996059417725 -0.019751240960703114 -0.12340596124244703 0.0 0.0130673555317803 4.90181490921214e-08 
3185 17.112263679504395 -0.0197511464422741 -0.03045823915070727 0.0 0.007840413319068179 2.9410889455272836e-08 
3186 17.11748766899109 -0.019751089731216684 -0.01534009284176939 0.0 0.004704247991440908 1.76465336731637e-08 
3187 17.122716903686523 -0.01975105570458224 -0.006269205056406647 0.0 0.0028225487948645447 1.058792020389822e-08 
3188 17.127922773361206 -0.019751035288601573 -0.0008266723851890027 0.0 0.0016935292769187267 6.3527521223389325e-09 
3189 17.13313627243042 -0.01975102303901317 0.0024388472175415864 0.0 0.001016117566151236 3.811651273403359e-09 
3190 17.138370275497437 -0.019751015689260132 0.004398158979179935 0.0 0.0006096705396907415 2.2869907640420154e-09 
3191 17.14401412010193 -0.019751011279408304 0.005573746036162945 0.0 0.0003658023238144449 1.3721944584252092e-09 
3192 17.149513721466064 -0.01975100863349721 0.006279098270352753 0.0 0.00021948139428866695 8.233166750551255e-10 
3193 17.155118703842163 -0.019751007045950553 0.006702309610866638 0.0 0.00013168883657320018 4.939900050330752e-10 
3194 17.16038155555725 -0.01975100609342256 0.006956236415174967 0.0 7.90133019439201e-05 2.963940030198451e-10 
3195 17.165693044662476 -0.019751005521905764 0.0071085924977599664 0.0 4.740798116635206e-05 1.7783640181190707e-10 
3196 17.170936822891235 -0.01975100517899569 0.007200006147310966 0.0 2.8444788699811235e-05 1.0670184108714424e-10 
3197 17.17615532875061 -0.01975100497324964 0.0072548543370415655 0.0 1.706687321988674e-05 6.402110465228654e-11 
3198 17.181379795074463 -0.019751004849802016 0.0072877632508799245 0.0 1.0240123931932044e-05 3.8412662791371923e-11 
3199 17.18662714958191 -0.019751004775733435 0.00730750859918294 0.0 6.144074359159226e-06 2.3047597674823152e-11 
3200 17.191855907440186 -0.019751004731292286 0.007319355808164748 0.0 3.6864446154955356e-06 1.382855860489389e-11 
3201 17.1972758769989 -0.0197510047046276 0.007326464133553835 0.0 2.2118667692973213e-06 8.297135162936335e-12 
3202 17.202603816986084 -0.01975100468862879 0.007330729128787287 0.0 1.3271200615783926e-06 4.9782810977618e-12 
3203 17.20793128013611 -0.019751004679029502 0.0073332881259273565 0.0 7.962720369470356e-07 2.9869686586570802e-12 
3204 17.21322250366211 -0.019751004673269932 0.007334823524211398 0.0 4.777632221682213e-07 1.792181195194248e-12 
3205 17.218572854995728 -0.019751004669814186 0.007335744763181824 0.0 2.866579333009328e-07 1.0753087171165488e-12 
3206 17.223806858062744 -0.01975100466774074 0.007336297506564079 0.0 1.7199475998055967e-07 6.451852302699293e-13 
3207 17.2290256023407 -0.019751004666496673 0.007336629152593433 0.0 1.031968559883358e-07 3.8711113816195755e-13 
3208 17.234258890151978 -0.019751004665750232 0.007336828140211045 0.0 6.191811359300148e-08 2.322666828971745e-13 
3209 17.239471435546875 -0.01975100466530237 0.007336947532781612 0.0 3.715086815580089e-08 1.393600097383047e-13 
3210 17.244757175445557 -0.01975100466503365 0.007337019168323955 0.0 2.2290520893480532e-08 8.361600584298282e-14 
3211 17.250354528427124 -0.01975100466487242 0.007337062149649358 0.0 1.3374312536088318e-08 5.016960350578969e-14 
3212 17.255623817443848 -0.01975100466477568 0.0073370879384446 0.0 8.024587521652991e-09 3.0101762103473816e-14 
3213 17.26123070716858 -0.019751004664717638 0.007337103411721745 0.0 4.814752512991795e-09 1.806105726208429e-14 
3214 17.266496419906616 -0.01975100466468281 0.007337112695688031 0.0 2.8888515077950768e-09 1.0836634357250573e-14 
3215 17.271793127059937 -0.019751004664661915 0.007337118266067804 0.0 1.733310904677046e-09 6.501980614350344e-15 
3216 17.277052402496338 -0.01975100466464938 0.007337121608295668 0.0 1.0399865428062275e-09 3.901188368610206e-15 
3217 17.282310724258423 -0.019751004664641858 0.0073371236136323854 0.0 6.239919256837365e-10 2.3407130211661237e-15 
3218 17.287538290023804 -0.01975100466463734 0.007337124816834416 0.0 3.743951554102419e-10 1.4044278126996741e-15 
3219 17.292787075042725 -0.019751004664634635 0.007337125538755635 0.0 2.2463709324614512e-10 8.426566876198045e-16 
3220 17.298007011413574 -0.019751004664633007 0.007337125971908365 0.0 1.3478225594768706e-10 5.055940125718826e-16 
3221 17.303430795669556 -0.019751004664632033 0.007337126231800004 0.0 8.086935356861223e-11 3.0335640754312956e-16 
3222 17.308993577957153 -0.019751004664631446 0.007337126387734987 0.0 4.852161214116734e-11 1.8201384452587773e-16 
3223 17.314540147781372 -0.019751004664631096 -0.06854820364811882 0.0 0.0035281554155608737 1.0920830671552663e-16 
3224 17.32011651992798 -0.019751004664630884 -0.0821272090598739 0.0 0.005798447149578376 6.552498402931598e-17 
3225 17.32599639892578 -0.019751004664630756 -0.08877192037713959 0.0 0.007160622189988877 3.9314990417589584e-17 
3226 17.331414699554443 -0.019751004664630683 -0.09938875219336263 0.0 0.00828472275170695 2.358899425055375e-17 
3227 17.336750745773315 -0.019751004664630638 -0.10602416881253637 0.0 0.009112581602531738 1.415339655033225e-17 
3228 17.342060327529907 -0.01975100466463061 -0.11180601043762606 0.0 0.009762695426820556 8.492037930199349e-18 
3229 17.347442150115967 0.0577840434819153 -0.11542729293650147 0.0 0.0102294614881747 -0.0036048561334609936 
3230 17.352834701538086 0.07158646014597923 -0.12016961737792795 0.0 0.010662919638781132 -0.0059211653470993015 
3231 17.358218908309937 0.08001558591493876 -0.12316917743515289 0.0 0.010999693786041966 -0.007387650132179259 
3232 17.363526582717896 0.08763803782413514 -0.12589072337451024 0.0 0.011278457531295437 -0.008420939517021178 
3233 17.368875980377197 0.09401079673587118 -0.1284461127868306 0.0 0.011522415035344492 -0.009194311661720276 
3234 17.374151468276978 0.0996350437364982 -0.1309024602266125 0.0 0.011745488794670899 -0.00981173346233368 
3235 17.379398107528687 0.10481148747782712 -0.13330000237639233 0.0 0.011956030817047596 -0.010335585056495667 
3236 17.38464331626892 0.10972055315094438 -0.13401327426754375 0.0 0.012082356030473614 -0.010803294526786805 
3237 17.39001488685608 0.11941948967108244 -0.13778233360526382 0.0 0.01231154967232317 -0.011467413513214113 
3238 17.395255088806152 0.12144629475341473 -0.13855281222641572 0.0 0.012449065857432905 -0.011865884905070496 
3239 17.40046715736389 0.12600412594952687 -0.13905812755556615 0.0 0.012531575568498744 -0.012258366253978272 
3240 17.405694246292114 0.12724851962939765 -0.13940434490951575 0.0 0.012581081395138248 -0.012493855063322937 
3241 17.411463022232056 0.14453563150682333 -0.146253847346219 0.0 0.01291758191870984 -0.013402137937667223 
3242 17.4167799949646 0.15223726015845673 -0.14734121446355586 0.0 0.013119482232852796 -0.014177205432964714 
3243 17.422155618667603 0.15790878691916277 -0.14638958469818328 0.0 0.013163923164441597 -0.014795644443937155 
3244 17.42745351791382 0.15983117706771224 -0.14168152549453406 0.0 0.01296048995270396 -0.015166707850520617 
3245 17.432676315307617 0.15773869845297023 -0.13460198401800147 0.0 0.012531634488189607 -0.01523594738067675 
3246 17.437939643859863 0.15312029386385692 -0.12521420506634767 0.0 0.01189082492499613 -0.01504739332807951 
3247 17.443284273147583 0.14775143452836487 -0.11355557746452816 0.0 0.011046145135814329 -0.01470416610606249 
3248 17.448563814163208 0.1402805666697106 -0.02706186252853561 0.0 0.006627687081488597 -0.014191432745264385 
3249 17.453994750976562 0.1306632223267481 -0.014282135375106562 0.0 0.003976612248893158 -0.013500296444300659 
3250 17.45932912826538 0.12217147501104589 -0.006614299083049148 0.0 0.0023859673493358945 -0.012778820616366772 
3251 17.464750289916992 0.11193570572371159 -0.002013597307814703 0.0 0.0014315804096015367 -0.011962438835121577 
3252 17.470033884048462 0.09976759993930347 0.0007468237573259691 0.0 0.000858948245760922 -0.011012414224992623 
3253 17.475454330444336 0.014617247018203924 0.0024030763964103703 0.0 0.0005153689474565532 -0.006607448534995574 
3254 17.480673789978027 0.0018765445047409443 0.0033968279798610103 0.0 0.0003092213684739319 -0.003964469120997344 
3255 17.4859037399292 -0.005767877003336832 0.0039930789299313955 0.0 0.00018553282108435914 -0.0023786814725984063 
3256 17.49117422103882 -0.010354529908183495 0.004350829499973626 0.0 0.00011131969265061548 -0.0014272088835590438 
3257 17.49648141860962 -0.013106521651091494 0.004565479841998964 0.0 6.679181559036928e-05 -0.0008563253301354263 
3258 17.501903772354126 -0.014757716696836296 0.004694270047214169 0.0 4.0075089354221564e-05 -0.0005137951980812558 
3259 17.507209300994873 -0.015748433724283174 0.004771544170343291 0.0 2.404505361253294e-05 -0.00030827711884875346 
3260 17.512502670288086 -0.016342863940751306 0.004817908644220763 0.0 1.4427032167519763e-05 -0.00018496627130925206 
3261 17.517879009246826 -0.016699522070632185 0.004845727328547246 0.0 8.656219300511857e-06 -0.00011097976278555123 
3262 17.523229360580444 -0.016913516948560713 0.004862418539143137 0.0 5.193731580307114e-06 -6.658785767133073e-05 
3263 17.52857232093811 -0.017041913875317824 0.004872433265500671 0.0 3.1162389481842684e-06 -3.995271460279844e-05 
3264 17.53386402130127 -0.0171189520313721 0.004878442101315191 0.0 1.869743368910561e-06 -2.3971628761679063e-05 
3265 17.539150714874268 -0.017165174925004658 0.004882047402803903 0.0 1.1218460213463365e-06 -1.4382977257007436e-05 
3266 17.544461250305176 -0.017192908661184194 0.0048842105836971305 0.0 6.731076128078019e-07 -8.629786354204462e-06 
3267 17.54976511001587 -0.017209548902891916 0.004885508492233067 0.0 4.0386456768468115e-07 -5.177871812522677e-06 
3268 17.555295944213867 -0.01721953304791655 0.0048862872373546294 0.0 2.423187406108087e-07 -3.106723087513606e-06 
3269 17.56065320968628 -0.01722552353493133 0.004886754484427567 0.0 1.453912443664852e-07 -1.8640338525081635e-06 
3270 17.566014289855957 -0.0172291178271402 0.004887034832671329 0.0 8.723474661989113e-08 -1.118420311504898e-06 
3271 17.571370363235474 -0.01723127440246552 0.004887203041617587 0.0 5.234084797193468e-08 -6.710521869029387e-07 
3272 17.576631546020508 -0.017232568347660716 0.004887303966985341 0.0 3.1404508783160804e-08 -4.0263131214176324e-07 
3273 17.58194351196289 -0.01723334471477783 0.004887364522205994 0.0 1.884270526989648e-08 -2.4157878728505794e-07 
3274 17.587180614471436 -0.017233810535048102 0.004887400855338385 0.0 1.1305623161937889e-08 -1.4494727237103475e-07 
3275 17.592391967773438 -0.017234090027210262 0.004887422655217821 0.0 6.783373897162733e-09 -8.696836342262085e-08 
3276 17.597627639770508 -0.017234257722507557 0.004887435735145481 0.0 4.07002433829764e-09 -5.2181018053572506e-08 
3277 17.602925062179565 -0.017234358339685934 0.004887443583102078 0.0 2.4420146029785837e-09 -3.1308610832143505e-08 
3278 17.608210563659668 0.06195031540352146 0.0048874482918760355 0.0 1.4652087617871502e-09 -0.0036815741755244703 
3279 17.61349654197693 0.07927553873423329 0.00488745111714041 0.0 8.791252570722901e-10 -0.006197293943028306 
3280 17.61884617805481 0.09323537709719854 0.004887452812299035 0.0 5.27475154243374e-10 -0.008013522831118497 
3281 17.624236345291138 0.10682824841889653 0.00488745382939421 0.0 3.164850925460244e-10 -0.009486756448457475 
3282 17.629497528076172 0.11778745659798893 0.004887454439651314 0.0 1.8989105552761464e-10 -0.010677490666216514 
3283 17.63483738899231 0.12958584707950624 0.004887454805805578 0.0 1.1393463331656879e-10 -0.0117754274813568 
3284 17.640071153640747 0.13947429832263594 0.0048874550254981355 0.0 6.836077998994127e-11 -0.012740986598028862 
3285 17.645338535308838 0.14238764249856323 0.00488745515731367 0.0 4.101646799396476e-11 -0.0133203220680321 
3286 17.65058135986328 0.15903100231243963 0.004887455236402991 0.0 2.4609880796378857e-11 -0.014358213681874558 
3287 17.655912160873413 0.17701533565850094 0.08242250343040247 0.0 -0.0036048561186950703 -0.015671238982020545 
3288 17.66129469871521 0.18921144082414496 0.09457529825629514 0.0 -0.005844469061575014 -0.016842550446593003 
3289 17.66761016845703 0.2010058092735131 0.10278096177064758 0.0 -0.007264936084199952 -0.01792883360982134 
3290 17.673079013824463 0.21421201727817735 0.10861899844175953 0.0 -0.008193915554671888 -0.01904079606890794 
3291 17.678918600082397 0.22750234198646685 0.11303704685028569 0.0 -0.008827999513619783 -0.02016816908574174 
3292 17.684518814086914 0.23754758254244845 0.11660384812225953 0.0 -0.009285149145885494 -0.021151386943197667 
3293 17.690065145492554 0.24718245939703504 0.12131020922063172 0.0 -0.009712837439038864 -0.022048114685259114 
3294 17.69564914703369 0.2565736960031966 0.12923398946717757 0.0 -0.010276247442518777 -0.022892948358083875 
3295 17.701185703277588 0.2691206961188122 0.14415552360697165 0.0 -0.011227884519550268 -0.023860042613044447 
3296 17.706658363342285 0.2688336721173345 0.14866524746484058 0.0 -0.011875566022666135 -0.024286902142342963 
3297 17.71212363243103 0.26533112250320395 0.15559682721164073 0.0 -0.012494272695226573 -0.02431292008923116 
3298 17.71765923500061 0.2623139951275303 0.16409917715187963 0.0 -0.013172293726350728 -0.02417513234357013 
3299 17.72322654724121 0.2621191965725307 0.16618086054607237 0.0 -0.013579106345025219 -0.02409245969617351 
3300 17.728779554367065 0.25548506630412215 0.17242717218942197 0.0 -0.014053291686920832 -0.02373605908014765 
3301 17.734679460525513 0.2546514433766866 0.1706248090715647 0.0 -0.014184404378264254 -0.02352221871053213 
3302 17.7403621673584 0.25587984054492463 0.1678269000544646 0.0 -0.014109673479276361 -0.023470613745659792 
3303 17.745994806289673 0.26252816704618626 0.15123293597502852 0.0 -0.013297845351146139 -0.02374644779432428 
3304 17.751456260681152 0.26683070928115027 0.13743972399670235 0.0 -0.012273853675989196 -0.024065346737316917 
3305 17.757025003433228 0.2679616980477054 0.13456925353744986 0.0 -0.011659458670895032 -0.0242566861031125 
3306 17.76263666152954 0.26707405390418615 0.04050132225791579 0.0 -0.006995675202537019 -0.02429479046569288 
3307 17.768540859222412 0.2640918846729396 0.027012028143210475 0.0 -0.004197405121522211 -0.02416425456944716 
3308 17.774404525756836 0.25731931713672235 0.018918451674387306 0.0 -0.0025184430729133264 -0.023779136004111835 
3309 17.78097105026245 0.2465045801471156 0.0140623057930934 0.0 -0.0015110658437479958 -0.023087872303761046 
3310 17.786400079727173 0.24469263688580847 0.011148618264317057 0.0 -0.0009066395062487974 -0.022673114083550574 
3311 17.793190717697144 0.23873138634907964 0.00940040574705125 0.0 -0.0005439837037492784 -0.022194161380733372 
3312 17.798956155776978 0.23587894525689304 0.008351478236691768 0.0 -0.00032639022224956703 -0.021830090502146078 
3313 17.804933071136475 0.23500683871677733 0.007722121730476077 0.0 -0.00019583413334974022 -0.0216116479749937 
3314 17.810340404510498 0.2246578245371232 0.007344507826746664 0.0 -0.00011750048000984413 -0.02102038691732044 
3315 17.81572985649109 0.21981951749366188 0.007117939484509016 0.0 -7.050028800590647e-05 -0.020512234749154777 
3316 17.82098150253296 0.21851763862529167 0.006981998479166426 0.0 -4.230017280354388e-05 -0.02020734344825538 
3317 17.826220512390137 0.21780366132635895 0.0069004338759608725 0.0 -2.5380103682126328e-05 -0.02002440866771574 
3318 17.83142900466919 0.21414305303515174 0.0068514951140375415 0.0 -1.5228062209275797e-05 -0.019761249285598012 
3319 17.83678364753723 0.210247147399152 0.006822131856883542 0.0 -9.136837325565478e-06 -0.019449955142533427 
3320 17.842247486114502 0.20455907350194102 0.006804513902591142 0.0 -5.4821023953392866e-06 -0.01903308088600376 
3321 17.847716331481934 0.19856073538592217 0.006793943130015702 0.0 -3.289261437203572e-06 -0.018552858561395043 
3322 17.853132009506226 0.19072466104092417 0.006787600666470439 0.0 -1.973556862322143e-06 -0.01795793111927416 
3323 17.858664512634277 0.18090054990848992 0.006783795188343281 0.0 -1.1841341173932859e-06 -0.017217478369516766 
3324 17.864190340042114 0.17394675129040493 0.006781511901466986 0.0 -7.104804704359715e-07 -0.01654310894897141 
3325 17.86971092224121 0.16882888517890782 0.006780141929341209 0.0 -4.262882822615829e-07 -0.01598508878285025 
3326 17.875139713287354 0.16404428211502645 0.006779319946065742 0.0 -2.5577296935694973e-07 -0.015496878169383613 
3327 17.880402088165283 0.1627577049262843 0.006778826756100463 0.0 -1.5346378161416983e-07 -0.015203951801303631 
3328 17.885727167129517 0.16203595812468624 0.006778530842121294 0.0 -9.20782689685019e-08 -0.015028195980455641 
3329 17.89110803604126 0.16165310955537454 0.006778353293733793 0.0 -5.5246961381101136e-08 -0.014922742487946845 
3330 17.896345138549805 0.1598239780587914 0.0067782467647012935 0.0 -3.314817682866068e-08 -0.014782774115776835 
3331 17.901811361312866 0.15954300952078437 0.006778182847281793 0.0 -1.988890609719641e-08 -0.014698793092474828 
3332 17.907095909118652 0.15777429002430723 0.006778144496830094 0.0 -1.1933343658317845e-08 -0.014571705221596652 
3333 17.912448167800903 0.15752894654500266 0.006778121486559075 0.0 -7.160006194990706e-09 -0.014495452499069746 
3334 17.91775107383728 0.15743063610703179 0.0067781076803964625 0.0 -4.296003716994424e-09 -0.014449700865553602 
3335 17.92305064201355 0.15742054549386125 0.006778099396698894 0.0 -2.577602230196654e-09 -0.014422249885443916 
3336 17.928319454193115 0.1574633867755709 0.08761251450696332 0.0 -0.0037582561938162822 -0.014405779297378105 
3337 17.933593273162842 0.1575379871942086 0.10351155606565471 0.0 -0.006243303154003393 -0.014395896944538617 
3338 17.93899893760681 0.16093095092861515 0.11738267793437743 0.0 -0.008041128357703549 -0.014543363066396631 
3339 17.94432759284973 0.16478234527922628 0.12927263339256137 0.0 -0.009426620507511533 -0.014785241253305385 
3340 17.949597597122192 0.1689100720846051 0.13997649677915652 0.0 -0.010564712824984213 -0.015083766679244583 
3341 17.95507311820984 0.1732049022502117 0.1483215626302393 0.0 -0.011477663005926501 -0.015416280448602047 
3342 17.960421562194824 0.17760129831932234 0.15931976417128785 0.0 -0.01240892939897674 -0.015769187224010474 
3343 17.966474056243896 0.17876056588396538 0.16213066206962937 0.0 -0.012967689234806882 -0.015980931289255526 
3344 17.972018480300903 0.18940959318535358 0.18036093619655563 0.0 -0.014069934725042454 -0.016568170289552157 
3345 17.977368116378784 0.19455578258651357 0.1869820359493389 0.0 -0.014884680532977743 -0.01707391220352408 
3346 17.982627868652344 0.19946951360846046 0.1927748457144391 0.0 -0.015526926531532861 -0.01753075586570118 
3347 17.987900495529175 0.20259538752327816 0.19642229940732814 0.0 -0.015988973387562905 -0.017881561319904413 
3348 17.993168354034424 0.20541619168647163 0.19955018396954388 0.0 -0.016342900758077906 -0.01816874384932332 
3349 17.998424291610718 0.2064049199754058 0.20071729303007063 0.0 -0.016555257180386904 -0.01834105336697467 
3350 18.003702402114868 0.20871108127572255 0.1998252433915853 0.0 -0.016605971776875332 -0.01852113833446245 
3351 18.009110927581787 0.2093916757906142 0.1984640391589787 0.0 -0.016559701277871416 -0.01862918931495512 
3352 18.01452660560608 0.2082142368362521 0.1968206902262158 0.0 -0.016455239721572094 -0.018617320646353748 
3353 18.02007484436035 0.2066883184256237 0.19500740252967544 0.0 -0.016315863530895525 -0.018533500188295953 
3354 18.025481700897217 0.20330297443058343 0.19144181366421653 0.0 -0.01607883930269564 -0.01832980939966733 
3355 18.030853509902954 0.19956766376649854 0.18429122494539688 0.0 -0.015629830718420057 -0.018054196412696212 
3356 18.036162614822388 0.19727075518058818 0.17982029173438735 0.0 -0.01520702705406076 -0.01781212936361657 
3357 18.041420698165894 0.19671892929589763 0.1787212645390167 0.0 -0.014953344855445184 -0.017666889134168785 
3358 18.046698570251465 0.19644716046296928 0.16821328001327868 0.0 -0.014340939994894003 -0.017579744996500113 
3359 18.051974534988403 0.19634342586109826 0.16325670870891093 0.0 -0.013820098564769349 -0.01752745851389891 
3360 18.057559728622437 0.19799019776483018 0.15691202520715075 0.0 -0.013277495936003638 -0.017572785881235158 
3361 18.06329035758972 0.19827124697966925 0.15049957522519902 0.0 -0.012721839568285532 -0.01759998230163691 
3362 18.068798303604126 0.1984998551501423 0.14569410161373447 0.0 -0.012235047233860723 -0.01761630015387796 
3363 18.074183464050293 0.19869699869399568 0.13778517523661063 0.0 -0.011636174805617946 -0.01762609086522259 
3364 18.079436540603638 0.19722557749490882 0.12954555456329617 0.0 -0.010970054321084392 -0.017555266035132393 
3365 18.08472967147827 0.19386973620870046 0.12275465960482645 0.0 -0.010340287239905578 -0.01735937560351657 
3366 18.0900719165802 0.18849915170753764 0.04017859561835013 0.0 -0.006204172343943347 -0.01701174357385616 
3367 18.09532618522644 0.18268478781764333 0.028215503699013773 0.0 -0.003722503406366008 -0.016573066585368994 
3368 18.10062050819397 0.1766022004634593 0.021037648547411955 0.0 -0.0022335020438196047 -0.016079762621585777 
3369 18.105870008468628 0.17200640916661902 0.016730935456450862 0.0 -0.0013401012262917627 -0.0156303817295219 
3370 18.1111319065094 0.16423509121423618 0.01414690760187421 0.0 -0.0008040607357750576 -0.015053959146927923 
3371 18.11654305458069 0.1610387986553228 0.012596490889128217 0.0 -0.00048243644146503455 -0.014631406340474565 
3372 18.12188410758972 0.15993560745118915 0.011666240861480623 0.0 -0.0002894618648790207 -0.014377874656602549 
3373 18.1271755695343 0.1560219125570166 0.011108090844892067 0.0 -0.00017367711892741242 -0.014072357132485395 
3374 18.132445335388184 0.15360428266636147 0.010773200834938934 0.0 -0.00010420627135644744 -0.01381234736111813 
3375 18.137705087661743 0.1496669612981949 0.010572266828967052 0.0 -6.252376281386847e-05 -0.013502942984503826 
3376 18.14307975769043 0.14558351372512382 0.010451706425383926 0.0 -3.751425768832108e-05 -0.013163901844741296 
3377 18.148374319076538 0.14141108654174295 0.010379370183234048 0.0 -2.250855461299265e-05 -0.012807078647089834 
3378 18.153600692749023 0.13883365367177744 0.010335968437944121 0.0 -1.350513276779559e-05 -0.012516285471601985 
3379 18.15882635116577 0.13644563697753287 0.010309927390770168 0.0 -8.103079660677353e-06 -0.012265113289644542 
3380 18.164074182510376 0.13417052416772177 0.010294302762465794 0.0 -4.861847796406412e-06 -0.012037710723573103 
3381 18.169435739517212 0.13196253154720944 0.01028492798548317 0.0 -2.9171086778438473e-06 -0.011824569927033266 
3382 18.174856662750244 0.12979415909659278 0.010279303119293596 0.0 -1.7502652067063084e-06 -0.01161998619221239 
3383 18.18023657798767 0.12929859277119843 0.010275928199579851 0.0 -1.050159124023785e-06 -0.011497235951319865 
3384 18.185516119003296 0.12903971755196783 0.010273903247751605 0.0 -6.30095474414271e-07 -0.011423585806784351 
3385 18.190792083740234 0.13057254296340387 0.09770578812468665 0.0 -0.0040654267518952444 -0.011456094976960015 
3386 18.196094036102295 0.13076436216098541 0.1095489850186459 0.0 -0.006504304745747742 -0.011475600479065413 
3387 18.201468229293823 0.13256825616619236 0.12328819993679982 0.0 -0.008274428569647132 -0.011564003037225625 
3388 18.206697463989258 0.14282142016520616 0.14169834293587513 0.0 -0.009950093938930309 -0.01207723713327135 
3389 18.21195673942566 0.14936413095416695 0.15324963806653474 0.0 -0.011262290188088105 -0.012615275361589701 
3390 18.217204093933105 0.15598347355273373 0.16540585869140445 0.0 -0.012433104222067646 -0.01316819606927163 
3391 18.222554445266724 0.1643003729347584 0.1771612376619236 0.0 -0.013519085946707995 -0.013806742541236441 
3392 18.227829456329346 0.17287151546993798 0.18867946523556597 0.0 -0.014554171265977068 -0.014496667452003217 
3393 18.23313617706299 0.18159778186942274 0.20005863188717804 0.0 -0.015558718742023376 -0.015217419426051175 
3394 18.238415002822876 0.1887700443952565 0.20970787163669638 0.0 -0.01646824127500681 -0.015879968381170867 
3395 18.243704557418823 0.19577878889659517 0.21743916349900977 0.0 -0.01724405256548779 -0.016507592544701362 
3396 18.248955965042114 0.20104178632463465 0.22478860522669827 0.0 -0.017939637110467296 -0.017037565556613603 
3397 18.25432777404785 0.20602560216270918 0.23356057867163135 0.0 -0.01866378486504289 -0.017508947877554894 
3398 18.259603261947632 0.210843212934172 0.24572099418628793 0.0 -0.019558466078937846 -0.017945175783913612 
3399 18.264852046966553 0.21721209052000362 0.2567348093772879 0.0 -0.020478771091759683 -0.01843701029841976 
3400 18.270073890686035 0.222097005489569 0.26618120089219055 0.0 -0.02133775112704067 -0.018885509520917394 
3401 18.27544903755188 0.22521015337874328 0.2738069884778458 0.0 -0.022083233938667946 -0.01923130831131295 
3402 18.280860900878906 0.2280278855323361 0.27945977001631994 0.0 -0.022683922139438255 -0.019515486842447256 
3403 18.286200284957886 0.2306689560879386 0.28304732861353155 0.0 -0.023121034316797413 -0.019762690237792573 
3404 18.291462898254395 0.23155508953877754 0.2828640260247019 0.0 -0.02330660236631594 -0.019911012274999765 
3405 18.296723127365112 0.2305056016267622 0.2803018539515347 0.0 -0.023264544682233105 -0.019923309220659345 
3406 18.30200481414795 0.22741130167803636 0.2770781129696927 0.0 -0.0230859145382217 -0.019777288874261147 
3407 18.307313203811646 0.22220614702424057 0.27180634691099437 0.0 -0.022748638681123937 -0.01945957889573131 
3408 18.3125638961792 0.21649951628532166 0.26442114637945513 0.0 -0.02223947613927739 -0.01903885513792249 
3409 18.317816972732544 0.20884035809730947 0.2565322699584464 0.0 -0.02162718158658157 -0.01847962385564931 
3410 18.32306718826294 0.19912444636743307 0.24668895836237822 0.0 -0.020876311550711457 -0.017760591782032775 
3411 18.32849955558777 0.19058780745264275 0.23643662463451026 0.0 -0.020042293244704523 -0.01702237551027496 
3412 18.333853244781494 0.18198916168552232 0.22428602584482343 0.0 -0.019081689699950766 -0.016272648719632382 
3413 18.33922266960144 0.17335076813259445 0.21175945504759766 0.0 -0.018045132031716676 -0.015516018597891184 
3414 18.344582319259644 0.16303613828916347 0.19900341918606915 0.0 -0.016963001889394386 -0.014678544240361602 
3415 18.34998846054077 0.15247952932430472 0.18610585672418242 0.0 -0.015853531242851417 -0.01379256334135899 
3416 18.355290412902832 0.14177453726849615 0.17311937276266343 0.0 -0.014727653313543795 -0.012877481497704797 
3417 18.360572338104248 0.13262684772935274 0.15842603217494233 0.0 -0.013515234737912654 -0.012021635363924392 
3418 18.365967988967896 0.13024271302670062 0.15501871446614857 0.0 -0.012787783592533969 -0.011508127683656149 
3419 18.371354579925537 0.11565131731464123 0.13156823883397964 0.0 -0.011354225545878352 -0.01058643200055166 
3420 18.376607418060303 0.03387894974414466 0.048315386156265946 0.0 -0.006812535327527011 -0.006351859200330995 
3421 18.382192611694336 0.02163108310542643 0.03517922845321743 0.0 -0.004087521196516206 -0.003811115520198597 
3422 18.387505531311035 0.014282363122195482 0.02729753383138834 0.0 -0.002452512717909724 -0.002286669312119158 
3423 18.392838716506958 0.009873131132256926 0.022568517058290872 0.0 -0.0014715076307458342 -0.0013720015872714948 
3424 18.39814329147339 0.007227591938293785 0.019731106994432403 0.0 -0.0008829045784475005 -0.0008232009523628968 
3425 18.403391122817993 0.005640268421915903 0.01802866095611732 0.0 -0.0005297427470685003 -0.0004939205714177381 
3426 18.408619165420532 0.004687874312089172 0.017007193333128265 0.0 -0.00031784564824110015 -0.00029635234285064284 
3427 18.413885593414307 0.004116437846193135 0.016394312759334836 0.0 -0.0001907073889446601 -0.0001778114057103857 
3428 18.419215202331543 0.0037735759666555125 0.01602658441505878 0.0 -0.00011442443336679605 -0.00010668684342623142 
3429 18.424471616744995 0.0035678588389329384 0.015805947408493146 0.0 -6.865466002007762e-05 -6.401210605573885e-05 
3430 18.4298312664032 0.08262916267581383 0.015673565204553767 0.0 -4.1192796012046576e-05 -0.0037199626539914147 
3431 18.43531036376953 0.10153005002969825 0.015594135882190137 0.0 -2.4715677607227943e-05 -0.006297026287005444 
3432 18.440589904785156 0.11896831811521807 0.015546478288771957 0.0 -1.4829406564336765e-05 -0.008303460008195698 
3433 18.445979595184326 0.12486778812871754 0.01551788373272105 0.0 -8.89764393860206e-06 -0.00950732024090985 
3434 18.451257944107056 0.14659241624915192 0.015500726999090508 0.0 -5.338586363161235e-06 -0.011073325226172801 
3435 18.456497192382812 0.17103210809955913 0.01549043295891218 0.0 -3.2031518178967408e-06 -0.012933316319862005 
3436 18.461735010147095 0.18644361721636568 0.015484256534805185 0.0 -1.921891090738044e-06 -0.014509506517457364 
3437 18.46696138381958 0.20269367583325298 0.015480550680340988 0.0 -1.1531346544428264e-06 -0.01599211245406115 
3438 18.47217297554016 0.21868452906431998 0.015478327167662469 0.0 -6.918807926656959e-07 -0.01741857081430223 
3439 18.477488040924072 0.23287464280006398 0.015476993060055358 0.0 -4.1512847559941754e-07 -0.018734638391596475 
3440 18.48274326324463 0.24675531094700126 0.015476192595491092 0.0 -2.490770853596505e-07 -0.019984474479354856 
3441 18.488781929016113 0.26210381546707734 0.015475712316752531 0.0 -1.494462512157903e-07 -0.021271267950056457 
3442 18.494178771972656 0.2775706867251677 0.015475424149509394 0.0 -8.966775072947418e-08 -0.022580238830756223 
3443 18.4995014667511 0.28981370784543026 0.015475251249163513 0.0 -5.380065043768451e-08 -0.02374911615354483 
3444 18.50477695465088 0.30000999266088013 0.015475147508955981 0.0 -3.228039026261071e-08 -0.024757238084689763 
3445 18.510008573532104 0.3080981821076747 0.015475085264831464 0.0 -1.9368234157566422e-08 -0.02559220901406764 
3446 18.51528239250183 0.31569041578197304 0.015475047918356752 0.0 -1.1620940494539853e-08 -0.026323287852269166 
3447 18.5205180644989 0.3196877068285451 0.015475025510471927 0.0 -6.972564296723911e-09 -0.026838634412087052 
3448 18.525737762451172 0.32141296851197476 0.01547501206574103 0.0 -4.183538578034347e-09 -0.027147842347977784 
3449 18.531028032302856 0.32254200514648873 0.015475003998902491 0.0 -2.510123146820608e-09 -0.027333367109512223 
3450 18.53639817237854 0.31506490896697315 0.015474999158799367 0.0 -1.5060738880923647e-09 -0.027061187172064145 
3451 18.5418221950531 0.3095551612207497 0.015474996254737493 0.0 -9.036443328554187e-10 -0.02666778143890438 
3452 18.547118425369263 0.30039058863306045 0.015474994512300366 0.0 -5.421865997132512e-10 -0.026048244694755897 
3453 18.55241322517395 0.292213438649666 0.015474993466838094 0.0 -3.2531195982795076e-10 -0.025369725620678917 
3454 18.55764150619507 0.2805597997535294 0.01547499283956073 0.0 -1.9518717589677044e-10 -0.024502418634850892 
3455 18.562875032424927 0.26835040508591046 0.01547499246319431 0.0 -1.1711230553806225e-10 -0.023521841882204478 
3456 18.56808590888977 0.255803551415985 0.01547499223737446 0.0 -7.026738332283735e-11 -0.022473300289234797 
3457 18.57332444190979 0.23975103265128417 0.015474992101882547 0.0 -4.216042999370241e-11 -0.021230584258509447 
3458 18.57861328125 0.22147410457390435 0.0154749920205874 0.0 -2.5296257996221446e-11 -0.019794661328001478 
3459 18.583874940872192 0.20262374988738197 0.015474991971810311 0.0 -1.5177754797732868e-11 -0.018242817237856184 
3460 18.589258432388306 0.1817737559982624 0.015474991942544059 0.0 -9.106652878639721e-12 -0.01654472119503152 
3461 18.59463596343994 0.16048438764472484 0.015474991924984308 0.0 -5.463991727183833e-12 -0.014758871000366994 
3462 18.59992027282715 0.14057465504531635 0.015474991914448457 0.0 -3.2783950363102996e-12 -0.012997070551727765 
3463 18.60526728630066 0.1355669236616642 0.015474991908126947 0.0 -1.9670370217861795e-12 -0.011939990282544227 
3464 18.61053228378296 0.0435147038740602 0.01547499190433404 0.0 -1.1802222130717077e-12 -0.007163994169526536 
3465 18.61586880683899 0.02970085151657349 0.015474991902058297 0.0 -7.081333278430245e-13 -0.004298396501715922 
3466 18.621138334274292 0.02141254010208146 0.01547499190069285 0.0 -4.248799967058147e-13 -0.002579037901029553 
3467 18.626421213150024 0.01643955325338624 0.015474991899873584 0.0 -2.549279980234888e-13 -0.0015474227406177315 
3468 18.631699562072754 0.01345576114416911 0.015474991899382024 0.0 -1.5295679881409327e-13 -0.0009284536443706389 
3469 18.636959314346313 0.011665485878638835 0.01547499189908709 0.0 -9.177407928845595e-14 -0.0005570721866223833 
3470 18.642566919326782 0.010591320719320669 -0.06535939613141029 0.0 0.00375825315708376 -0.00033424331197342996 
3471 18.6480610370636 0.00994682162372977 -0.08950686616557932 0.0 0.006626796126332623 -0.00020054598718405797 
3472 18.65338110923767 0.00956012216637523 -0.11109405379820377 0.0 0.008961514472941603 -0.00012032759231043478 
3473 18.6586971282959 0.009328102491962507 -0.1295005866585747 0.0 0.01089923878906968 -7.219655538626086e-05 
3474 18.663960456848145 0.009188890687314872 -0.14512059685071416 0.0 0.012522067430012242 -4.331793323175652e-05 
3475 18.66919469833374 0.00910536360452629 -0.15489057180957708 0.0 0.013725862385268697 -2.5990759939053912e-05 
3476 18.67443037033081 0.00905524735485314 -0.16015407233133594 0.0 0.014524838615319544 -1.5594455963432345e-05 
3477 18.679649114608765 0.009025177605049253 -0.165898011239424 0.0 0.015157622867143998 -9.356673578059406e-06 
3478 18.684880018234253 0.009007135755166918 -0.1678651525637699 0.0 0.01553729341823867 -5.614004146835643e-06 
3479 18.69029974937439 0.00899631064523752 -0.17404922632655315 0.0 0.015995192029470272 -3.368402488101386e-06 
3480 18.69565987586975 0.008989815579279877 -0.17881479864822955 0.0 0.016423329710003175 -2.0210414928608315e-06 
3481 18.701038122177124 0.008985918539705295 -0.18349755166041784 0.0 0.016833610832116864 -1.2126248957164989e-06 
3482 18.706366777420044 0.008983580315960544 -0.1864821989571493 0.0 0.017156477272165932 -7.275749374298992e-07 
3483 18.711934328079224 0.008982177381713695 -0.19251504620985488 0.0 0.01758029490688629 -4.3654496245793954e-07 
3484 18.717204093933105 0.008981335621165584 -0.1971950832611265 0.0 0.01798798400151245 -2.619269774747637e-07 
3485 18.7225501537323 0.008980830564836718 -0.20018204468090642 0.0 0.01830929671518512 -1.5715618648485822e-07 
3486 18.727813482284546 0.008980527531039399 -0.20292077318428192 0.0 0.018578782110169573 -9.429371189091493e-08 
3487 18.733058214187622 0.008980345710761008 -0.20716094678712485 0.0 0.018893871860954193 -5.657622713454895e-08 
3488 18.73834538459778 0.008980236618593974 -0.2098865978999159 0.0 0.019159624968321937 -3.394573628072937e-08 
3489 18.743678331375122 0.008980171163293752 -0.21577051991510365 0.0 0.01954917311331738 -2.036744176843762e-08 
3490 18.748963832855225 0.00898013189011362 -0.2203677361365302 0.0 0.019936300514108593 -1.2220465061062573e-08 
3491 18.754374504089355 0.008980108326205542 -0.22496121043687578 0.0 0.020321975468377267 -7.332279036637544e-09 
3492 18.759690284729004 0.008980094187860695 -0.22955374347193996 0.0 0.020706778954732413 -4.399367421982526e-09 
3493 18.7650043964386 0.008980085704853785 -0.23084764370126548 0.0 0.0209376610465455 -2.639620453189515e-09 
3494 18.770334243774414 0.00898008061504964 -0.23664537523583037 0.0 0.02130628658220815 -1.583772271913709e-09 
3495 18.775878190994263 0.008980077561167154 -0.23954705868240134 0.0 0.02160416116050272 -9.502633631482253e-10 
3496 18.781232357025146 0.00898007572883766 -0.24059604948966914 0.0 0.021782885907479458 -5.701580178889352e-10 
3497 18.78654646873474 0.008980074629439963 -0.23965073131535625 0.0 0.021813421498768526 -3.420948107333611e-10 
3498 18.791784286499023 0.008980073969801345 -0.23167645655966956 0.0 0.021448248059173225 -2.0525688644001666e-10 
3499 18.797098398208618 0.008980073574018175 -0.22584884340789863 0.0 0.020999046224725128 -1.2315413186401e-10 
3500 18.80233597755432 0.008980073336548273 -0.218123647233842 0.0 0.020422729586584497 -7.3892479118406e-11 
3501 18.81131076812744 0.008980073194066332 -0.210024271152154 0.0 0.019770144066228346 -4.43354874710436e-11 
3502 18.816778659820557 0.008980073108577168 -0.19179966356200756 0.0 0.01861160167516105 -2.660129248262616e-11 
3503 18.822059631347656 0.008980073057283669 -0.18199346885824513 0.0 0.0176096807030489 -1.5960775489575696e-11 
3504 18.827306270599365 0.00898007302650757 -0.172633726660264 0.0 0.016701731092193722 -9.576465293745417e-12 
3505 18.832793712615967 0.00898007300804191 -0.16353929514234064 0.0 0.01585016578820884 -5.74587917624725e-12 
3506 18.838122129440308 0.008980072996962516 -0.15295170935209126 0.0 0.01495573032133305 -3.4475275057483496e-12 
3507 18.843387603759766 0.008980072990314879 -0.15048040858500172 0.0 0.014419069041207575 -2.0685165034490097e-12 
3508 18.848641872406006 0.008980072986326297 -0.13749614626834228 0.0 0.013560178964969602 -1.2411099020694059e-12 
3509 18.853931188583374 0.008980072983933147 -0.12686784844438545 0.0 0.012661350124858074 -7.446659412416435e-13 
3510 18.859190225601196 0.00898007298249726 -0.11776557043932712 0.0 0.011815257283319384 -4.467995647449861e-13 
3511 18.864582538604736 0.008980072981635724 -0.10715958597743863 0.0 0.010924105293911308 -2.6807973884699164e-13 
3512 18.869897842407227 0.008980072981118803 -0.022179513280881094 0.0 0.006554463176346785 -1.60847843308195e-13 
3513 18.87524127960205 0.008980072980808652 -0.009540978902143327 0.0 0.003932677905808071 -9.6508705984917e-14 
3514 18.88056445121765 0.008980072980622561 -0.001957858274900689 0.0 0.0023596067434848425 -5.790522359095019e-14 
3515 18.88587498664856 0.008980072980510907 0.002592014101444903 0.0 0.0014157640460909055 -3.4743134154570115e-14 
3516 18.891297578811646 0.008980072980443914 0.005321937527252258 0.0 0.0008494584276545433 -2.0845880492742067e-14 
3517 18.89681601524353 0.008980072980403717 0.00695989158273667 0.0 0.000509675056592726 -1.250752829564524e-14 
3518 18.902109622955322 0.008980072980379599 0.007942664016027317 0.0 0.0003058050339556356 -7.504516977387143e-15 
3519 18.90732765197754 0.008980072980365128 0.008532327476001706 0.0 0.00018348302037338136 -4.502710186432286e-15 
3520 18.912534952163696 0.008980072980356446 0.008886125551986339 0.0 0.00011008981222402881 -2.7016261118593716e-15 
3521 18.917925357818604 0.008980072980351236 0.00909840439757712 0.0 6.605388733441729e-05 -1.620975667115623e-15 
3522 18.923195362091064 0.008980072980348112 0.009225771704931586 0.0 3.963233240065037e-05 -9.725854002693736e-16 
3523 18.928492546081543 0.008980072980346235 0.009302192089344267 0.0 2.3779399440390222e-05 -5.835512401616241e-16 
3524 18.933809518814087 0.00898007298034511 0.009348044319991877 0.0 1.4267639664234132e-05 -3.501307440969745e-16 
3525 18.93905258178711 0.008980072980344436 0.009375555658380441 0.0 8.56058379854048e-06 -2.100784464581847e-16 
3526 18.94434118270874 0.008980072980344032 -0.06649326766800122 0.0 0.003533291736727031 -1.260470678749108e-16 
3527 18.949679851531982 0.008980072980343786 -0.08171205502104156 0.0 0.005878228199175043 -7.562824072494649e-17 
3528 18.95491862297058 0.008980072980343642 -0.09187363476156679 0.0 0.007438587100321676 -4.537694443496789e-17 
3529 18.96013069152832 0.008980072980343552 -0.1014189192965462 0.0 0.008604900211700574 -2.7226166660980734e-17 
3530 18.96537947654724 0.0089800729803435 -0.1114790289859241 0.0 0.009611483615999684 -1.633569999658844e-17 
3531 18.97072982788086 0.008980072980343468 -0.12108369591236358 0.0 0.01052223068616704 -9.801419997953063e-18 
3532 18.976017236709595 0.00898007298034345 -0.12876797203748225 0.0 0.011298775208842253 -5.880851998771838e-18 
3533 18.981377124786377 0.008980072980343437 -0.13771869498745531 0.0 0.012071498950035273 -3.5285111992631024e-18 
3534 18.986742973327637 0.008980072980343432 -0.1450151683198135 0.0 0.012765229475325882 -2.1171067195578614e-18 
3535 18.99208903312683 0.008980072980343427 -0.15868679903799277 0.0 0.013718361098662937 -1.2702640317347169e-18 
3536 18.99745011329651 0.008980072980343425 -0.16652140568719345 0.0 0.014520337843356088 -7.621584190408301e-19 
3537 19.00275421142578 0.008980072980343423 -0.16897465119987004 0.0 0.015001523890171977 -4.57295051424498e-19 
3538 19.008002519607544 0.008980072980343423 -0.18204782745615858 0.0 0.015827128826424203 -2.743770308546988e-19 
3539 19.013253211975098 0.008980072980343421 -0.1911795347692011 0.0 0.016629287325647307 -1.6462621851281928e-19 
3540 19.018526554107666 0.008980072980343423 -0.19695060630149921 0.0 0.017263980938975115 -9.877573110769156e-20 
3541 19.023911714553833 0.008980072980343421 -0.20389025645646475 0.0 0.01787489487766272 -5.926543866461493e-20 
3542 19.02920150756836 0.008980072980343421 -0.2107659849969493 0.0 0.01847153952145008 -3.5559263198768956e-20 
3543 19.034504413604736 0.008980072980343421 -0.21925501725525984 0.0 0.019136321845194267 -2.1335557919261372e-20 
3544 19.03972625732422 0.008980072980343421 -0.22629799302055884 0.0 0.019765289010131696 -1.2801334751556823e-20 
3545 19.045002222061157 0.008980072980343421 -0.23489192230571626 0.0 0.020449464846565926 -7.680800850934094e-21 
3546 19.050321578979492 -0.06855497516620247 -0.24365208584721135 0.0 0.021166767376014355 0.003604856133460999 
3547 19.055601119995117 -0.0823573918302664 -0.24921521088214513 0.0 0.021750547407477356 0.005921165347099304 
3548 19.06098508834839 -0.0907865175992259 -0.2543953697882865 0.0 0.022254212450032985 0.00738765013217926 
3549 19.06622815132141 -0.09840896950842229 -0.2560477279092401 0.0 0.022556411475566363 0.008420939517021178 
3550 19.071441411972046 -0.10478172842015832 -0.25711737579585947 0.0 0.02273773089088639 0.009194311661720276 
3551 19.07698678970337 -0.11040597542078535 -0.2578373975418782 0.0 0.022846522540078407 0.00981173346233368 
3552 19.082321882247925 -0.11558241916211426 -0.25834764360353657 0.0 0.022911797529593617 0.010335585056495667 
3553 19.087655067443848 -0.12379079266884352 -0.25873202425457864 0.0 0.02295096252330274 0.010956690060348512 
3554 19.092915058135986 -0.1273379826480179 -0.25904088565925115 0.0 0.022974461519528214 0.011406052319557191 
3555 19.098198175430298 -0.12874037639196131 -0.25765474954913314 0.0 0.022911861660366524 0.0116756696750824 
3556 19.103585243225098 -0.12962288496373572 -0.2543683016386212 0.0 0.022720904721191686 0.011837440088397523 
3557 19.109044551849365 -0.12854377646524034 -0.24905762242384882 0.0 0.022376232786995864 0.011857803079489625 
3558 19.114278316497803 -0.12705410245019427 -0.24494714203256895 0.0 0.022016031112684426 0.011793324597480153 
3559 19.11953616142273 -0.1220179713702815 -0.23583945862830455 0.0 0.021416415313728822 0.01152453973758355 
3560 19.124794483184814 -0.11638602516065977 -0.22768084248321363 0.0 0.020749850296883685 0.011133171050954672 
3561 19.13016414642334 -0.11204432000913021 -0.2176723803956202 0.0 0.019966416492407858 0.010744951325183398 
3562 19.13545513153076 -0.10770846303611907 -0.20731771155558035 0.0 0.0191128599252375 0.010358620975926689 
3563 19.140796422958374 -0.10172518921620828 -0.19675210589697809 0.0 0.018217231190566542 0.009896727975913984 
3564 19.14609694480896 -0.021282731936152217 -0.18440697757335664 0.0 0.01721965989849825 0.00593803678554839 
3565 19.151359796524048 -0.009832811471698295 -0.17175721657025764 0.0 0.01616092307199156 0.003562822071329034 
3566 19.156612157821655 -0.0029628591930259407 -0.1605704182268423 0.0 0.015142184691602681 0.00213769324279742 
3567 19.16189694404602 0.0011591121741774688 -0.14949119214317302 0.0 0.014147446869000609 0.001282615945678452 
3568 19.16711974143982 0.0036322949944995134 -0.14672163259311827 0.0 0.013550604175439365 0.0007695695674070712 
3569 19.172353506088257 0.005116204686692742 -0.12365707154927888 0.0 0.012195411199874214 0.0004617417404442427 
3570 19.17758321762085 0.006006550502008679 -0.11157536364648335 0.0 0.01099880062016638 0.00027704504426654563 
3571 19.1829354763031 0.00654075799119824 -0.029007877993293685 0.0 0.006599280372099827 0.00016622702655992737 
3572 19.18820548057556 0.006861282484711979 -0.016282925603798376 0.0 0.003959568223259896 9.973621593595642e-05 
3573 19.193520307540894 0.007053597180820222 -0.008647954170101214 0.0 0.0023757409339559376 5.984172956157385e-05 
3574 19.19879984855652 0.007168985998485166 -0.004066971309882905 0.0 0.0014254445603735625 3.590503773694431e-05 
3575 19.20418953895569 0.007238219289084134 -0.001318381593751923 0.0 0.0008552667362241375 2.1543022642166584e-05 
3576 19.209498167037964 0.007279759263443515 0.00033077223592666493 0.0 0.0005131600417344824 1.2925813585299951e-05 
3577 19.214743614196777 0.007304683248059144 0.0013202645337338178 0.0 0.00030789602504068946 7.75548815117997e-06 
3578 19.22001075744629 0.007319637638828519 0.0019139599124181098 0.0 0.00018473761502441367 4.653292890707982e-06 
3579 19.225260972976685 0.007328610273290145 0.0022701771396286853 0.0 0.00011084256901464819 2.791975734424789e-06 
3580 19.230490684509277 0.00733399385396712 0.0024839074759550306 0.0 6.650554140878891e-05 1.6751854406548733e-06 
3581 19.235930919647217 0.007337224002373305 0.0026121456777508374 0.0 3.990332484527334e-05 1.0051112643929239e-06 
3582 19.241222143173218 0.007339162091417017 0.0026890885988283216 0.0 2.3941994907164005e-05 6.030667586357543e-07 
3583 19.24657106399536 0.007340324944843245 0.0027352543514748123 0.0 1.4365196944298403e-05 3.618400551814526e-07 
3584 19.25186586380005 -0.06854433952267837 -0.07972108814406369 0.0 0.003843570042086257 0.0035283739805971348 
3585 19.2571918964386 -0.08212293070493894 -0.09747672535291747 0.0 0.006447889976759323 0.005798579778716252 
3586 19.262530088424683 -0.09041701536381733 -0.10674702822690717 0.0 0.008087181194460134 0.007237399534252457 
3587 19.267811059951782 -0.0963081344986352 -0.11487741406737721 0.0 0.009224152948758446 0.008177390644471151 
3588 19.273070573806763 -0.10075809646037809 -0.12155820794479077 0.0 0.01005973451513138 0.008818084567499341 
3589 19.278326749801636 -0.1059937020289281 -0.13066990756451355 0.0 0.01086788048254303 0.0093558994351102 
3590 19.28358483314514 -0.10928531911299137 -0.1380590552492858 0.0 0.011582864343564819 0.009755287612573688 
3591 19.289042949676514 -0.11217818761901598 -0.1451836671117661 0.0 0.012241952430868812 0.010071619775948754 
3592 19.2943434715271 -0.11483245892190097 -0.15050178039362982 0.0 0.012790802306929031 0.010338118330870765 
3593 19.299652814865112 -0.11734422384658588 -0.15550433792211835 0.0 0.013273510746359109 0.010574716720720946 
3594 19.30497980117798 -0.11977113688803426 -0.16031885098478782 0.0 0.013716534323811102 0.010793375011528026 
3595 19.310428619384766 -0.12049810477625592 -0.1650218412553331 0.0 0.014135746984076243 0.010924569986012274 
3596 19.315845489501953 -0.1209720981415112 -0.16800950372083995 0.0 0.01446397234701618 0.011003286970702823 
3597 19.321186780929565 -0.11964462082601819 -0.17073566095463494 0.0 0.014737606821677116 0.010973817904620181 
3598 19.32647132873535 -0.11965228769433073 -0.17495523805889374 0.0 0.01505518602026762 0.010956136464970595 
3599 19.3317608833313 -0.11804436253698845 -0.1776554924368598 0.0 0.015322432796318897 0.010868828344283871 
3600 19.337023735046387 -0.11788310875650784 -0.1785621117247351 0.0 0.015482780861949662 0.010816443471871835 
3601 19.34249711036682 -0.11782286523317456 -0.17586017059358858 0.0 0.015425591187534178 0.010785012548424615 
3602 19.347851514816284 -0.11617354189716111 -0.17252577446160108 0.0 0.015237878869090941 0.01068945473745931 
3603 19.35315442085266 -0.11598679726579422 -0.16881063349190442 0.0 0.014971854454347174 0.010632120050880127 
3604 19.358399391174316 -0.11426092132127695 -0.1632160088265886 0.0 0.014582142034809994 0.010521019982035643 
3605 19.363663911819458 -0.11237790721415561 -0.15725877763314397 0.0 0.014118218302512888 0.010377660683831981 
3606 19.36899161338806 -0.11039995826578822 -0.15108197975311338 0.0 0.013609766292443707 0.010214945848012812 
3607 19.374237537384033 -0.10836439646898954 -0.14477150093124158 0.0 0.01307459731571128 0.010040617689624338 
3608 19.37947154045105 -0.107943300986417 -0.13837888976337667 0.0 0.012523399649097024 0.009936020794591254 
3609 19.38471531867981 -0.10607420675644184 -0.1335846823851759 0.0 0.012039282535334527 0.00979656340067443 
3610 19.38994836807251 -0.10245303203666783 -0.12733158180879176 0.0 0.01151871598650223 0.00955949343076263 
3611 19.395294427871704 -0.10019588979427005 -0.12261782107972727 0.0 0.011052977543408907 0.009340552191918577 
3612 19.40055251121521 -0.09798955232796694 -0.11805938270387875 0.0 0.010620135963758968 0.009132488191715173 
3613 19.4058678150177 -0.0974627317506056 -0.11689220578652965 0.0 0.010360431015969004 0.009007649791593129 
3614 19.411309242248535 -0.02129126655806224 -0.1096270887886292 0.0 0.009897812509823255 0.005404589874955877 
3615 19.41676950454712 -0.010869956208176487 -0.10506789523882157 0.0 0.00946684289234186 0.0032427539249735263 
3616 19.42213463783264 -0.004617169998245033 -0.02801102343824647 0.0 0.005680105735405116 0.0019456523549841156 
3617 19.42753005027771 -0.0008654982722861616 -0.01705845422238049 0.0 0.0034080634412430692 0.0011673914129904693 
3618 19.4328453540802 0.0013855047632891611 -0.010486912692860891 0.0 0.0020448380647458413 0.0007004348477942816 
3619 19.438220739364624 0.0027361065846343556 -0.006543987775149139 0.0 0.0012269028388475047 0.00042026090867656893 
3620 19.44351625442505 0.003546467677441471 -0.004178232824522086 0.0 0.0007361417033085027 0.00025215654520594134 
3621 19.44896912574768 0.0040326843331257405 -0.002758779854145855 0.0 0.0004416850219851016 0.00015129392712356479 
3622 19.454232931137085 0.004324414326536302 -0.0019071080719201155 0.0 0.00026501101319106093 9.077635627413887e-05 
3623 19.45953679084778 0.004499452322582639 -0.0013961050025846722 0.0 0.00015900660791463655 5.446581376448332e-05 
3624 19.464799642562866 0.004604475120210442 -0.0010895031609834066 0.0 9.540396474878193e-05 3.2679488258689986e-05 
3625 19.470042943954468 0.004667488798787123 -0.0009055420560226469 0.0 5.7242378849269154e-05 1.960769295521399e-05 
3626 19.47534704208374 0.004705297005933131 -0.0007951653930461911 0.0 3.434542730956149e-05 1.1764615773128393e-05 
3627 19.480713367462158 0.004727981930220736 -0.0007289393952603177 0.0 2.0607256385736895e-05 7.058769463877036e-06 
3628 19.485970973968506 0.0047415928847933 -0.0006892037965887935 0.0 1.2364353831442136e-05 4.235261678326221e-06 
3629 19.491236686706543 0.0047497594575368375 -0.0006653624373858791 0.0 7.418612298865281e-06 2.5411570069957326e-06 
3630 19.496577501296997 0.004754659401182961 -0.0006510576218641305 0.0 4.451167379319169e-06 1.5246942041974395e-06 
3631 19.502034902572632 0.004757599367370633 -0.0006424747325510814 0.0 2.6707004275915014e-06 9.148165225184637e-07 
3632 19.50740098953247 0.004759363347083238 -0.0006373249989632517 0.0 1.6024202565549007e-06 5.488899135110782e-07 
3633 19.513834476470947 0.0047604217349108005 -0.000634235158810554 0.0 9.614521539329403e-07 3.293339481066469e-07 
3634 19.51914954185486 0.0047610567676073376 -0.0006323812547189354 0.0 5.768712923597642e-07 1.9760036886398812e-07 
3635 19.524391412734985 0.00476143778722526 -0.0006312689122639644 0.0 3.461227754158585e-07 1.1856022131839286e-07 
3636 19.5296413898468 0.0047616663989960145 -0.0006306015067909816 0.0 2.076736652495151e-07 7.113613279103572e-08 
3637 19.534858226776123 0.004761803566058466 -0.0006302010635071921 0.0 1.2460419914970905e-07 4.268167967462143e-08 
3638 19.54013752937317 0.004761885866295938 -0.0006299607975369184 0.0 7.476251948982542e-08 2.5609007804772856e-08 
3639 19.545428037643433 0.004761935246438421 -0.000629816637954754 0.0 4.485751169389525e-08 1.5365404682863713e-08 
3640 19.550668239593506 0.00476196487452391 -0.0006297301422054554 0.0 2.691450701633715e-08 9.219242809718228e-09 
3641 19.55607008934021 0.004761982651375204 -0.0006296782447558762 0.0 1.6148704209802288e-08 5.5315456858309365e-09 
3642 19.56135320663452 0.00476199331748598 -0.0006296471062861288 0.0 9.689222525881373e-09 3.318927411498562e-09 
3643 19.566694974899292 0.004761999717152446 -0.0006296284232042803 0.0 5.813533515528823e-09 1.991356446899137e-09 
3644 19.57196021080017 0.004762003556952325 -0.0006296172133551713 0.0 3.4881201093172935e-09 1.1948138681394822e-09 
3645 19.577300548553467 0.004762005860832252 -0.0006296104874457058 0.0 2.092872065590376e-09 7.168883208836893e-10 
3646 19.582547664642334 0.0047620072431602085 -0.0006296064519000266 0.0 1.2557232393542257e-09 4.301329925302136e-10 
3647 19.587778091430664 0.004762008072556984 -0.000629604030572619 0.0 7.534339436125354e-10 2.580797955181281e-10 
3648 19.593000411987305 0.004762008570195049 -0.0006296025777761744 0.0 4.520603661675212e-10 1.5484787731087686e-10 
3649 19.59822940826416 0.004762008868777886 -0.0006296017060983078 0.0 2.712362197005127e-10 9.290872638652611e-11 
3650 19.603443384170532 0.004762009047927589 -0.0006296011830915877 0.0 1.6274173182030762e-10 5.574523583191566e-11 
3651 19.608785152435303 0.004762009155417412 -0.0006296008692875557 0.0 9.764503909218457e-11 3.34471414991494e-11 
3652 19.61404013633728 0.004762009219911305 -0.0006296006810051364 0.0 5.858702345531073e-11 2.006828489948964e-11 
3653 19.619370222091675 0.00476200925860764 -0.0006296005680356849 0.0 3.515221407318644e-11 1.2040970939693783e-11 
3654 19.624627828598022 0.004762009281825441 -0.0006296005002540139 0.0 2.1091328443911865e-11 7.2245825638162695e-12 
3655 19.629961252212524 0.004762009295756122 -0.0006296004595850114 0.0 1.2654797066347118e-11 4.334749538289761e-12 
3656 19.63520073890686 0.0047620093041145315 -0.0006296004351836099 0.0 7.592878239808271e-12 2.6008497229738566e-12 
3657 19.640430450439453 0.004762009309129576 -0.000629600420542769 0.0 4.5557269438849626e-12 1.5605098337843139e-12 
3658 19.645650148391724 0.004762009312138603 -0.0006296004117582644 0.0 2.7334361663309775e-12 9.363059002705884e-13 
3659 19.65087604522705 0.004762009313944019 -0.0006296004064875616 0.0 1.6400616997985863e-12 5.61783540162353e-13 
3660 19.656081914901733 0.004762009315027269 -0.00062960040332514 0.0 9.840370198791518e-13 3.370701240974118e-13 
3661 19.661500453948975 0.00476200931567722 -0.0006296004014276871 0.0 5.90422211927491e-13 2.0224207445844706e-13 
3662 19.666847229003906 0.004762009316067189 -0.0006296004002892153 0.0 3.542533271564946e-13 1.2134524467506822e-13 
3663 19.672183513641357 0.004762009316301171 -0.0006296003996061322 0.0 2.1255199629389676e-13 7.280714680504093e-14 
3664 19.677470922470093 0.004762009316441561 -0.0006296003991962822 0.0 1.2753119777633805e-13 4.3684288083024557e-14 
3665 19.68271780014038 0.0047620093165257945 -0.0006296003989503724 0.0 7.651871866580283e-14 2.6210572849814733e-14 
3666 19.68810796737671 0.004762009316576335 -0.0006296003988028266 0.0 4.59112311994817e-14 1.572634370988884e-14 
3667 19.69333243370056 0.004762009316606658 -0.000629600398714299 0.0 2.754673871968902e-14 9.435806225933303e-15 
3668 19.698563814163208 0.004762009316624853 -0.0006296003986611824 0.0 1.6528043231813412e-14 5.6614837355599816e-15 
3669 19.703794717788696 0.00476200931663577 -0.0006296003986293126 0.0 9.916825939088047e-15 3.3968902413359886e-15 
3670 19.709014654159546 0.004762009316642319 -0.0006296003986101906 0.0 5.9500955634528286e-15 2.038134144801593e-15 
3671 19.714385271072388 0.004762009316646249 -0.0006296003985987174 0.0 3.570057338071697e-15 1.2228804868809558e-15 
3672 19.71981191635132 0.004762009316648609 -0.0006296003985918335 0.0 2.1420344028430182e-15 7.337282921285734e-16 
3673 19.72512149810791 0.004762009316650023 -0.0006296003985877032 0.0 1.2852206417058108e-15 4.4023697527714403e-16 
3674 19.730403423309326 0.004762009316650872 -0.0006296003985852251 0.0 7.711323850234865e-16 2.641421851662864e-16 
3675 19.73565149307251 0.0047620093166513815 -0.0006296003985837381 0.0 4.626794310140919e-16 1.5848531109977184e-16 
3676 19.740948915481567 0.004762009316651687 -0.000629600398582846 0.0 2.7760765860845515e-16 9.50911866598631e-17 
3677 19.74625039100647 0.004762009316651871 -0.0006296003985823106 0.0 1.665645951650731e-16 5.705471199591786e-17 
3678 19.751487493515015 0.00476200931665198 -0.0006296003985819895 0.0 9.993875709904385e-17 3.423282719755071e-17 
3679 19.756718397140503 0.004762009316652047 -0.0006296003985817968 0.0 5.99632542594263e-17 2.0539696318530426e-17 
3680 19.76194405555725 0.004762009316652087 -0.0006296003985816811 0.0 3.597795255565578e-17 1.2323817791118255e-17 
3681 19.767258405685425 0.00476200931665211 -0.0006296003985816119 0.0 2.158677153339347e-17 7.394290674670953e-18 
3682 19.77251672744751 0.004762009316652124 -0.0006296003985815702 0.0 1.295206292003608e-17 4.436574404802572e-18 
3683 19.777852535247803 0.004762009316652133 -0.0006296003985815452 0.0 7.771237752021647e-18 2.661944642881543e-18 
3684 19.783116579055786 0.004762009316652138 -0.0006296003985815302 0.0 4.662742651212988e-18 1.5971667857289259e-18 
3685 19.788356065750122 0.0047620093166521405 -0.0006296003985815212 0.0 2.7976455907277927e-18 9.583000714373555e-19 
3686 19.79359221458435 0.004762009316652142 -0.0006296003985815158 0.0 1.6785873544366756e-18 5.749800428624133e-19 
3687 19.79879903793335 0.004762009316652144 -0.0006296003985815125 0.0 1.0071524126620054e-18 3.4498802571744794e-19 
3688 19.803999423980713 0.004762009316652145 -0.0006296003985815106 0.0 6.042914475972032e-19 2.0699281543046874e-19 
3689 19.80921459197998 0.004762009316652145 -0.0006296003985815094 0.0 3.625748685583219e-19 1.2419568925828125e-19 
3690 19.81441903114319 0.004762009316652146 -0.0006296003985815087 0.0 2.175449211349931e-19 7.451741355496875e-20 
3691 19.819812536239624 0.004762009316652145 -0.0006296003985815083 0.0 1.3052695268099586e-19 4.4710448132981246e-20 
3692 19.825182914733887 0.004762009316652146 -0.000629600398581508 0.0 7.831617160859751e-20 2.6826268879788747e-20 
3693 19.830485582351685 0.004762009316652146 -0.0006296003985815079 0.0 4.6989702965158506e-20 1.6095761327873247e-20 
3694 19.83572006225586 0.004762009316652146 -0.0006296003985815078 0.0 2.8193821779095104e-20 9.657456796723947e-21 
3695 19.840964555740356 0.004762009316652146 -0.0006296003985815078 0.0 1.691629306745706e-20 5.794474078034368e-21 
3696 19.84617590904236 0.004762009316652146 -0.0006296003985815077 0.0 1.0149775840474237e-20 3.47668444682062e-21 
3697 19.851386547088623 0.004762009316652146 -0.0006296003985815078 0.0 6.089865504284542e-21 2.086010668092372e-21 
3698 19.856603622436523 0.004762009316652146 -0.0006296003985815077 0.0 3.6539193025707255e-21 1.2516064008554232e-21 
3699 19.86182141304016 0.004762009316652146 -0.0006296003985815077 0.0 2.192351581542435e-21 7.509638405132539e-22 
3700 19.867039442062378 0.004762009316652146 -0.0006296003985815077 0.0 1.315410948925461e-21 4.505783043079523e-22 
3701 19.87236976623535 0.004762009316652146 -0.0006296003985815077 0.0 7.892465693552765e-22 2.7034698258477136e-22 
3702 19.877691745758057 0.004762009316652146 -0.0006296003985815077 0.0 4.735479416131659e-22 1.622081895508628e-22 
3703 19.883050441741943 0.004762009316652146 -0.0006296003985815077 0.0 2.841287649678995e-22 9.732491373051767e-23 
3704 19.888426065444946 0.004762009316652146 -0.0006296003985815077 0.0 1.704772589807397e-22 5.83949482383106e-23 
3705 19.893726348876953 0.004762009316652146 -0.0006296003985815077 0.0 1.0228635538844382e-22 3.503696894298636e-23 
3706 19.898933172225952 0.004762009316652146 -0.0006296003985815077 0.0 6.13718132330663e-23 2.1022181365791816e-23 
3707 19.904151678085327 0.004762009316652146 -0.0006296003985815077 0.0 3.6823087939839774e-23 1.261330881947509e-23 
3708 19.909380674362183 0.004762009316652146 -0.0006296003985815077 0.0 2.2093852763903864e-23 7.567985291685054e-24 
3709 19.914605617523193 0.004762009316652146 -0.0006296003985815077 0.0 1.3256311658342318e-23 4.540791175011032e-24 
3710 19.919867277145386 0.004762009316652146 -0.0006296003985815077 0.0 7.953786995005391e-24 2.724474705006619e-24 
3711 19.925440073013306 0.004762009316652146 -0.0006296003985815077 0.0 4.7722721970032344e-24 1.6346848230039712e-24 
3712 19.93080711364746 0.004762009316652146 -0.0006296003985815077 0.0 2.8633633182019406e-24 9.808108938023827e-25 
3713 19.936153411865234 0.004762009316652146 -0.0006296003985815077 0.0 1.7180179909211642e-24 5.884865362814296e-25 
3714 19.94148087501526 0.004762009316652146 -0.0006296003985815077 0.0 1.0308107945526984e-24 3.5309192176885774e-25 
3715 19.946844816207886 0.004762009316652146 -0.0006296003985815077 0.0 6.18486476731619e-25 2.1185515306131463e-25 
3716 19.952252626419067 0.004762009316652146 -0.0006296003985815077 0.0 3.710918860389714e-25 1.2711309183678876e-25 
3717 19.957537412643433 0.004762009316652146 -0.0006296003985815077 0.0 2.226551316233828e-25 7.626785510207326e-26 
3718 19.96279740333557 0.004762009316652146 -0.0006296003985815077 0.0 1.3359307897402969e-25 4.5760713061243953e-26 
3719 19.96801471710205 0.004762009316652146 -0.0006296003985815077 0.0 8.015584738441781e-26 2.7456427836746373e-26 
3720 19.973252058029175 0.004762009316652146 -0.0006296003985815077 0.0 4.8093508430650685e-26 1.6473856702047822e-26 
3721 19.9791362285614 0.004762009316652146 -0.0006296003985815077 0.0 2.885610505839041e-26 9.884314021228694e-27 
3722 19.98454976081848 0.004762009316652146 -0.0006296003985815077 0.0 1.7313663035034244e-26 5.930588412737216e-27 
3723 19.98985195159912 0.004762009316652146 -0.0006296003985815077 0.0 1.0388197821020547e-26 3.558353047642329e-27 
3724 19.99510955810547 0.004762009316652146 -0.0006296003985815077 0.0 6.232918692612328e-27 2.1350118285853975e-27 
3725 20.000335693359375 0.004762009316652146 -0.0006296003985815077 0.0 3.7397512155673966e-27 1.2810070971512384e-27 
3726 20.005695581436157 0.004762009316652146 0.07525576178099584 0.0 -0.003528156876564026 7.68604258290743e-28 
3727 20.010934114456177 0.004762009316652146 0.0904844575574584 0.0 -0.005875148773193359 4.611625549744458e-28 
3728 20.016154766082764 0.004762009316652146 0.10230163628150893 0.0 -0.007513438701629639 2.7669753298466743e-28 
3729 20.021401166915894 0.004762009316652146 0.11207395448247863 0.0 -0.008726510429382325 1.6601851979080046e-28 
3730 20.02667212486267 0.004762009316652146 0.1206212823983283 0.0 -0.009684451236724853 9.961111187448026e-29 
3731 20.032211542129517 0.004762009316652146 0.12843557197415686 0.0 -0.010489313491821289 5.976666712468816e-29 
3732 20.037631034851074 0.004762009316652146 0.13581199437702363 0.0 -0.011202328615570068 3.5860000274812895e-29 
3733 20.04300332069397 0.004762009316652146 0.14292758820683904 0.0 -0.011860232480278015 2.1516000164887738e-29 
3734 20.04824209213257 0.004762009316652146 0.14493967670028443 0.0 -0.012254974799102782 1.2909600098932642e-29 
3735 20.05353593826294 0.004762009316652146 0.16103778359921145 0.0 -0.013182113502470397 7.745760059359585e-30 
3736 20.058769464492798 0.004762009316652146 0.1687922560117162 0.0 -0.013968491514949645 4.6474560356157504e-30 
3737 20.06406807899475 0.004762009316652146 0.17614455285455238 0.0 -0.014670416093128111 2.78847362136945e-30 
3738 20.06932258605957 0.004762009316652146 0.18325747038431586 0.0 -0.01532166861072611 1.67308417282167e-30 
3739 20.074556589126587 0.004762009316652146 0.19187840212425514 0.0 -0.016019217148872802 1.003850503693002e-30 
3740 20.07976746559143 0.004762009316652146 0.20063969349573954 0.0 -0.016744540319116468 6.023103022158012e-31 
3741 20.085124731063843 0.004762009316652146 0.2111375882651696 0.0 -0.01756323050574753 3.613861813294807e-31 
3742 20.09039282798767 0.004762009316652146 0.21861431048655589 0.0 -0.018284542388417084 2.168317087976884e-31 
3743 20.095651388168335 0.004762009316652146 0.2225148982141693 0.0 -0.01879402877491579 1.3009902527861304e-31 
3744 20.100893259048462 0.004762009316652146 0.22580444232714197 0.0 -0.019176419863711984 7.805941516716783e-32 
3745 20.10617184638977 0.004762009316652146 0.228728012215014 0.0 -0.019482553773886677 4.6835649100300695e-32 
3746 20.11142110824585 0.004762009316652146 0.23473195734512103 0.0 -0.01989632891045017 2.8101389460180416e-32 
3747 20.116658926010132 0.004762009316652146 0.23775282025705896 0.0 -0.02022129324928524 1.6860833676108248e-32 
3748 20.122066259384155 0.004762009316652146 0.2388687551504276 0.0 -0.02041627185258628 1.0116500205664948e-32 
3749 20.12735915184021 0.004762009316652146 0.2396087258016244 0.0 -0.0205332590145669 6.0699001233989684e-33 
3750 20.1327702999115 0.004762009316652146 0.23187475217300063 0.0 -0.020219958007502654 3.641940074039381e-33 
3751 20.138173818588257 0.004762009316652146 0.21134028355714474 0.0 -0.019111589300732673 2.1851640444236285e-33 
3752 20.143452405929565 0.004762009316652146 0.19673500836738367 0.0 -0.017909673278391873 1.311098426654177e-33 
3753 20.14878749847412 0.004762009316652146 0.1801981307183246 0.0 -0.01657493259004385 7.866590559925062e-34 
3754 20.15402865409851 0.004762009316652146 0.16161428876890335 0.0 -0.015083794864962285 4.719954335955037e-34 
3755 20.15925908088684 0.004762009316652146 0.14256348721772932 0.0 -0.013498821898072829 2.8319726015730222e-34 
3756 20.16451120376587 0.004762009316652146 0.12322661263536064 0.0 -0.01185754778609864 1.6991835609438133e-34 
3757 20.16987371444702 0.004762009316652146 0.03772491628836332 0.0 -0.007114528671659184 1.0195101365662879e-34 
3758 20.17515754699707 0.08394674343016657 0.024006444952714354 0.0 -0.00426871720299551 -0.003681555390357971 
3759 20.18039846420288 0.10292168895003113 0.015775362151324985 0.0 -0.002561230321797306 -0.006273981928825378 
3760 20.185632944107056 0.12040439193513902 0.010836712470491354 0.0 -0.0015367381930783835 -0.008289633393287659 
3761 20.191062450408936 0.13622857458987747 0.00787352266199118 0.0 -0.00092204291584703 -0.009959216833114624 
3762 20.196330547332764 0.1510616505858115 0.006095608776891077 0.0 -0.000553225749508218 -0.01142116243839264 
3763 20.20169949531555 0.1669535663128856 0.005028860445831013 0.0 -0.0003319354497049308 -0.01283522161960602 
3764 20.206965923309326 0.17117064902399526 0.004388811447194976 0.0 -0.00019916126982295846 -0.013683657128334047 
3765 20.21220898628235 0.19519760357625776 0.004004782048013354 0.0 -0.00011949676189377508 -0.01518980579299927 
3766 20.21750020980835 0.20795065924605982 0.00377436440850438 0.0 -7.169805713626504e-05 -0.016476991276283263 
3767 20.222785234451294 0.21018043025242805 0.003636113824798996 0.0 -4.301883428175903e-05 -0.017172603309356688 
3768 20.228150129318237 0.21234721989783917 0.0035531634745757656 0.0 -2.5811300569055414e-05 -0.017589970529200742 
3769 20.233534336090088 0.20381117645622027 0.0035033932644418274 0.0 -1.548678034143325e-05 -0.01738019829995758 
3770 20.238884449005127 0.20334949883859557 0.0034735311383614644 0.0 -9.292068204859949e-06 -0.01725433496241168 
3771 20.244298458099365 0.20313051510387153 0.003455613862713247 0.0 -5.575240922915969e-06 -0.017178816959884144 
3772 20.24961280822754 0.20140746173191926 0.0034448634973243157 0.0 -3.3451445537495815e-06 -0.01705680690147065 
3773 20.254956483840942 0.19789862123594754 0.0034384132780909574 0.0 -2.007086732249749e-06 -0.016830202352628602 
3774 20.260250091552734 0.19573368311413536 0.003434543146550942 0.0 -1.2042520393498492e-06 -0.016617540366426403 
3775 20.2655291557312 0.1903080699702284 0.003432221067626933 0.0 -7.225512236099095e-07 -0.016259845404014168 
3776 20.270763397216797 0.18115870918601604 0.0034308278202725274 0.0 -4.3353073416594567e-07 -0.015661732142081962 
3777 20.276014804840088 0.17130588933746693 0.0034299918718598845 0.0 -2.601184404995674e-07 -0.014919370880670014 
3778 20.281230926513672 0.16927607028942473 0.0034294903028122986 0.0 -1.5607106429974044e-07 -0.014473954123822845 
3779 20.286463975906372 0.14665926520889466 0.0034291893613837476 0.0 -9.364263857984426e-08 -0.013209616710286138 
3780 20.29169988632202 0.12990103259511832 0.0034290087965266162 0.0 -5.618558314790656e-08 -0.011837420206988332 
3781 20.29705047607422 0.04188155469105236 0.0034289004576123377 0.0 -3.371134988874393e-08 -0.007102452124192999 
3782 20.302366971969604 0.028186369756779267 0.0034288354542637706 0.0 -2.0226809933246358e-08 -0.004261471274515799 
3783 20.307714700698853 0.019969258796215417 0.0034287964522546305 0.0 -1.2136085959947815e-08 -0.0025568827647094792 
3784 20.313059329986572 0.015038992219877114 0.0034287730510491462 0.0 -7.2816515759686885e-09 -0.0015341296588256875 
3785 20.318448305130005 0.012080832274074128 0.0034287590103258556 0.0 -4.368990945581213e-09 -0.0009204777952954125 
3786 20.323740482330322 0.01030593630659234 0.003428750585891881 0.0 -2.621394567348728e-09 -0.0005522866771772475 
3787 20.328980922698975 0.009240998726103268 0.08921215941229496 0.0 -0.003988351010550364 -0.0003313720063063485 
3788 20.334221601486206 0.008602036177809821 0.10908104113606384 0.0 -0.006764856328528706 -0.00019882320378380907 
3789 20.339536428451538 0.008218658648833754 0.1254529978489579 0.0 -0.008814255803800573 -0.00011929392227028544 
3790 20.344887018203735 0.007988632131448117 0.13972999517342008 0.0 -0.010427388793216318 -7.157635336217126e-05 
3791 20.350457191467285 0.007850616221016732 0.15275337046055673 0.0 -0.011778764871350628 -4.294581201730276e-05 
3792 20.355908393859863 0.007767806674757903 0.16502780244139392 0.0 -0.012973086802716078 -2.5767487210381654e-05 
3793 20.361241817474365 0.007718120947002605 0.16860769832202677 0.0 -0.013689679961535348 -1.546049232622899e-05 
3794 20.36650252342224 0.007688309510349426 0.18730263095674593 0.0 -0.014886625445564398 -9.276295395737394e-06 
3795 20.37180209159851 0.007670422648357518 0.19915484343352868 0.0 -0.01598828902046669 -5.565777237442436e-06 
3796 20.377120971679688 0.007659690531162373 0.2123892384431374 0.0 -0.01710947972655766 -3.3394663424654616e-06 
3797 20.382387399673462 0.007653251260845286 0.22568995594288926 0.0 -0.018242389691594082 -2.003679805479277e-06 
3798 20.387715816497803 0.007649387698655034 0.23738459872921272 0.0 -0.01930562897486856 -1.2022078832875662e-06 
3799 20.39300799369812 0.007647069561340883 0.25218531478611955 0.0 -0.020480467343112055 -7.213247299725397e-07 
3800 20.398229360580444 0.007645678678952392 0.25577242170212017 0.0 -0.02118537036405815 -4.327948379835238e-07 
3801 20.403573036193848 0.007644844149519298 0.2678983628178513 0.0 -0.022068504737775406 -2.596769027901143e-07 
3802 20.408856868743896 0.007644343431859439 0.2723012247441769 0.0 -0.022675084618902733 -1.5580614167406858e-07 
3803 20.414148330688477 0.007644043001263526 0.27425613817610056 0.0 -0.02303903254757913 -9.348368500444114e-08 
3804 20.419444799423218 0.007643862742905977 0.2755092750803527 0.0 -0.023257401304784965 -5.609021100266468e-08 
3805 20.424833059310913 0.007643754587891447 0.2779910320349706 0.0 -0.02346512181600544 -3.36541266015988e-08 
3806 20.430144548416138 0.00764368969488273 0.2771442484605848 0.0 -0.023513054865840752 -2.019247596095928e-08 
3807 20.43546414375305 0.007643650759077499 0.27418398779608394 0.0 -0.023388416181947994 -1.2115485576575569e-08 
3808 20.441004991531372 0.007643627397594362 0.27402070149305363 0.0 -0.02331363297161234 -7.269291345945341e-09 
3809 20.446298837661743 0.08352897556028183 0.2624538770005116 0.0 -0.022731871227364378 -0.0035281612381388334 
3810 20.45160150527954 0.09875759882628535 0.2543582779948552 0.0 -0.022076017153227708 -0.005875148409906005 
3811 20.457069635391235 0.11057482792137596 0.24439223673536564 0.0 -0.02129901140449308 -0.007513438483657226 
3812 20.462372064590454 0.11869746057567877 0.2324178831298437 0.0 -0.02037261241387047 -0.008649811041701903 
3813 20.467713832855225 0.12702131778881448 0.22000165282589262 0.0 -0.019356577478115068 -0.009561732347219628 
3814 20.47297501564026 0.13305118703236246 0.20731644894110748 0.0 -0.01828676395551223 -0.010262283644324209 
3815 20.478243112564087 0.14012264591746335 0.19611554133537318 0.0 -0.017261379557465664 -0.010912712193277874 
3816 20.48350477218628 0.14870364371622052 0.17678662327748626 0.0 -0.015879159329900236 -0.011609763370005726 
3817 20.488820791244507 0.15247701604534622 0.16795705024778446 0.0 -0.01481972942267006 -0.01210469333293941 
3818 20.494035243988037 0.15236804100702625 0.15840652425650864 0.0 -0.013877274450744066 -0.012324952053802646 
3819 20.499281644821167 0.14981330477552632 0.14918787538284872 0.0 -0.013005007420232816 -0.012303708772526643 
3820 20.504504919052124 0.14655686461004597 0.14016565112770835 0.0 -0.012174850174338177 -0.012137567270199337 
3821 20.509895086288452 0.1428780043194945 0.12960901770429897 0.0 -0.011293259542316528 -0.011884483855009006 
3822 20.51517605781555 0.13894441786885553 0.11889553573080504 0.0 -0.010380811858850916 -0.011579235292100861 
3823 20.520491123199463 0.1348566918347969 0.03879797271982343 0.0 -0.00622848711531055 -0.011242687640562032 
3824 20.525722980499268 0.13067517816331914 0.02678799624784444 0.0 -0.0037370922691863295 -0.010887360535844787 
3825 20.53100037574768 0.1264360880220227 0.019582010364657072 0.0 -0.002242255361511798 -0.010520765759220497 
3826 20.53622531890869 0.12381083407843627 0.01525841883474463 0.0 -0.0013453532169070785 -0.010224109636348948 
3827 20.541550874710083 0.11973655137385406 0.012664263916797171 0.0 -0.0008072119301442471 -0.009892717448832074 
3828 20.5469229221344 0.11720829016157042 0.011107770966028696 0.0 -0.0004843271580865482 -0.009617185859657216 
3829 20.552222967147827 0.1148399034546971 0.010173875195567611 0.0 -0.0002905962948519289 -0.009375167649255329 
3830 20.557469606399536 0.11751581311028919 0.009613537733290961 0.0 -0.00017435777691115733 -0.009383352256575902 
3831 20.563452005386353 0.12256840660810271 0.00927733525592497 0.0 -0.00010461466614669439 -0.009618360791659165 
3832 20.568852186203003 0.13323100177191344 0.009075613769505374 0.0 -6.276879968801663e-05 -0.010219561454090958 
3833 20.574147939682007 0.13341473012173521 0.008954580877653618 0.0 -3.766127981280998e-05 -0.01050358259465306 
3834 20.579397439956665 0.12938006248833112 0.008881961142542565 0.0 -2.2596767887685985e-05 -0.010443897508299403 
3835 20.58463144302368 0.12269670060491153 0.008838389301475933 0.0 -1.355806073261159e-05 -0.01010128942889932 
3836 20.5899760723114 0.03930320888646562 0.008812246196835953 0.0 -8.134836439566954e-06 -0.006060773657339592 
3837 20.59523367881775 0.027616623094594835 0.008796560334051967 0.0 -4.880901863740172e-06 -0.003636464194403755 
3838 20.600470781326294 0.020604671619472367 0.008787148816381575 0.0 -2.928541118244103e-06 -0.002181878516642253 
3839 20.60576844215393 0.016397500734398888 0.008781501905779338 0.0 -1.7571246709464617e-06 -0.0013091271099853515 
3840 20.61101770401001 0.013873198203354805 0.008778113759417994 0.0 -1.054274802567877e-06 -0.000785476265991211 
3841 20.616365671157837 0.01235861668472835 0.00877608087160119 0.0 -6.325648815407262e-07 -0.0004712857595947265 
3842 20.621666193008423 0.011449867773552478 0.008774861138911107 0.0 -3.795389289244357e-07 -0.0002827714557568359 
3843 20.62698721885681 0.010904618426846957 0.00877412929929706 0.0 -2.277233573546614e-07 -0.00016966287345410153 
3844 20.632246017456055 0.010577468818823642 0.008773690195528627 0.0 -1.3663401441279685e-07 -0.00010179772407246091 
3845 20.6374728679657 0.010381179054009653 0.008773426733267569 0.0 -8.198040864767811e-08 -6.107863444347654e-05 
3846 20.642717599868774 0.010263405195121263 0.008773268655910934 0.0 -4.9188245188606866e-08 -3.664718066608592e-05 
3847 20.648095846176147 0.010192740879788225 0.008773173809496954 0.0 -2.951294711316412e-08 -2.1988308399651554e-05 
3848 20.653528928756714 0.010150342290588405 0.008773116901648566 0.0 -1.770776826789847e-08 -1.3192985039790932e-05 
3849 20.659446001052856 0.010124903137068512 0.008773082756939533 0.0 -1.0624660960739082e-08 -7.915791023874559e-06 
3850 20.66482162475586 0.010109639644956576 0.008773062270114112 0.0 -6.374796576443449e-09 -4.749474614324735e-06 
3851 20.670276641845703 0.010100481549689415 0.00877304997801886 0.0 -3.824877945866069e-09 -2.849684768594841e-06 
3852 20.6755793094635 0.010094986692529118 0.008773042602761709 0.0 -2.2949267675196414e-09 -1.7098108611569046e-06 
3853 20.680944681167603 0.01009168977823294 0.008773038177607417 0.0 -1.3769560605117847e-09 -1.0258865166941427e-06 
3854 20.686210870742798 0.010089711629655232 0.0846583977020922 0.0 -0.0035281577027376624 -6.155319100164856e-07 
3855 20.691487073898315 0.010088524740508609 0.10153677785246777 0.0 -0.005951848525794515 -3.6931914600989133e-07 
3856 20.6967556476593 0.010087812607020631 0.11357742657557995 0.0 -0.007636157810087304 -2.215914876059348e-07 
3857 20.70199751853943 0.010087385326927848 0.1234844787196703 0.0 -0.008876841151353896 -1.3295489256356087e-07 
3858 20.707278966903687 0.010087128958872177 0.13211329894507598 0.0 -0.00985134892680477 -7.977293553813652e-08 
3859 20.712512254714966 0.010086975138038775 0.1399771358503218 0.0 -0.010666151362766212 -4.786376132288191e-08 
3860 20.71785044670105 0.010086882845538733 0.14903356046116592 0.0 -0.011461826871698728 -2.8718256793729146e-08 
3861 20.723327159881592 0.010086827470038705 0.16299030467935496 0.0 -0.012476126975337048 -1.7230954076237487e-08 
3862 20.72858500480652 0.01008679424473869 0.16604299498972502 0.0 -0.01308470703752004 -1.0338572445742492e-08 
3863 20.733922481536865 0.010086774309558682 0.17782025263967782 0.0 -0.01391004763597943 -6.203143467445495e-09 
3864 20.73916745185852 0.010086762348450674 0.18528524291807366 0.0 -0.014635349765745983 -3.721886080467297e-09 
3865 20.744393587112427 0.010086755171785871 0.19246577650917293 0.0 -0.015300628814296833 -2.233131648280378e-09 
3866 20.749765157699585 0.01008675086578699 0.19947759191894515 0.0 -0.015929894014118262 -1.3398789889682268e-09 
3867 20.755001544952393 0.01008674828218766 0.20639013225097189 0.0 -0.016537550904702034 -8.03927393380936e-10 
3868 20.760244369506836 0.010086746732028064 0.2082960054664968 0.0 -0.016902145039052296 -4.823564360285616e-10 
3869 20.7654972076416 0.010086745801932305 0.2160975358865788 0.0 -0.01742769556701811 -2.894138616171369e-10 
3870 20.770829439163208 0.010086745243874849 0.21942213410466044 0.0 -0.01781972514069457 -1.7364831697028216e-10 
3871 20.776210069656372 0.010086744909040376 0.22071248688284387 0.0 -0.018054942884900445 -1.0418899018216929e-10 
3872 20.781466484069824 0.010086744708139691 0.22319897093302649 0.0 -0.018272772788320943 -6.251339410930157e-11 
3873 20.786776304244995 0.010086744587599282 0.22563679312112267 0.0 -0.018480169987270215 -3.750803646558094e-11 
3874 20.792001247406006 0.010086744515275033 0.22804607013565054 0.0 -0.01868130756353675 -2.2504821879348562e-11 
3875 20.797226428985596 0.010086744471880488 0.23043887198972107 0.0 -0.018878689366193645 -1.3502893127609137e-11 
3876 20.80245804786682 0.010086744445843758 0.2311727547242323 0.0 -0.018997118447787783 -8.101735876565482e-12 
3877 20.807642221450806 0.010086744430221721 0.23662733645688314 0.0 -0.01929827366743518 -4.8610415259392896e-12 
3878 20.81286382675171 0.010086744420848498 0.2393159437786226 0.0 -0.019555666056120594 -2.916624915563574e-12 
3879 20.81814169883728 0.010086744415224566 0.24022991756846956 0.0 -0.01971010148933184 -1.7499749493381441e-12 
3880 20.82348370552063 0.010086744411850205 0.23919641784118242 0.0 -0.01972606349236162 -1.0499849696028864e-12 
3881 20.82885766029358 0.010086744409825588 0.23941046059586923 0.0 -0.019735640694179483 -6.299909817617319e-13 
3882 20.834123849868774 0.01008674440861082 0.24290540820470785 0.0 -0.019894785529064145 -3.779945890570391e-13 
3883 20.83940076828003 0.010086744407881957 0.24353684554152843 0.0 -0.019990272429994946 -2.2679675343422348e-13 
3884 20.844606399536133 0.010086744407444639 0.24728346968668935 0.0 -0.02020096010411513 -1.360780520605341e-13 
3885 20.84988808631897 0.01008674440718225 0.251366618543598 0.0 -0.020480771222381188 -8.164683123632046e-14 
3886 20.855198860168457 0.010086744407024815 0.25400327034563147 0.0 -0.020725357150237794 -4.898809874179227e-14 
3887 20.860498905181885 0.010086744406930354 0.25653966842739323 0.0 -0.02094880796384873 -2.9392859245075365e-14 
3888 20.865830183029175 0.010086744406873679 0.2590165662206757 0.0 -0.021159577708912268 -1.7635715547045218e-14 
3889 20.871090173721313 0.010086744406839673 0.25980872981758557 0.0 -0.02128603955595039 -1.058142932822713e-14 
3890 20.876357316970825 0.01008674440681927 0.25870735949867296 0.0 -0.021285217407276288 -6.348857596936278e-15 
3891 20.8817617893219 0.010086744406807029 0.2588858954225217 0.0 -0.021284724118071828 -3.809314558161767e-15 
3892 20.887077808380127 0.010086744406799682 0.260715068490026 0.0 -0.021361127401446127 -2.28558873489706e-15 
3893 20.89241313934326 0.010086744406795276 0.261118597251469 0.0 -0.021406969371470706 -1.371353240938236e-15 
3894 20.8976571559906 0.010086744406792632 0.25978404603127625 0.0 -0.02135777529658848 -8.228119445629416e-16 
3895 20.902870416641235 0.010086744406791045 0.2565233014804199 0.0 -0.021174860337865198 -4.936871667377649e-16 
3896 20.908106088638306 0.010086744406790095 0.2528725296127677 0.0 -0.020911712848837284 -2.962123000426589e-16 
3897 20.91333842277527 0.010086744406789522 0.2506361875349644 0.0 -0.020677128078755803 -1.7772738002559534e-16 
3898 20.918545246124268 0.01008674440678918 0.24518139300716446 0.0 -0.020306279446015995 -1.066364280153572e-16 
3899 20.923784017562866 0.010086744406788974 0.24427664401948318 0.0 -0.02008377026637211 -6.398185680921432e-17 
3900 20.929010152816772 0.010086744406788849 0.2388518867480583 0.0 -0.01972016698789486 -3.838911408552859e-17 
3901 20.934325456619263 0.010086744406788776 0.22971477444830846 0.0 -0.019118508736323647 -2.303346845131715e-17 
3902 20.93957209587097 0.010086744406788733 0.22318041058534716 0.0 -0.01852741899492224 -1.382008107079029e-17 
3903 20.94490361213684 0.010086744406788705 0.2133722890042161 0.0 -0.017789268865596532 -8.292048642474173e-18 
3904 20.95018720626831 0.01008674440678869 0.2064300399479639 0.0 -0.01711628101731019 -4.975229185484504e-18 
3905 20.955556392669678 0.01008674440678868 0.1947223796370683 0.0 -0.016252295747188786 -2.9851375112907025e-18 
3906 20.960912466049194 0.010086744406788674 0.19235056054268973 0.0 -0.015733904585115945 -1.7910825067744213e-18 
3907 20.966139554977417 0.01008674440678867 0.18437957669885127 0.0 -0.01511607286028435 -1.0746495040646528e-18 
3908 20.97134232521057 0.010086744406788669 0.1744647705395127 0.0 -0.01436187754090053 -6.447897024387916e-19 
3909 20.976555824279785 0.010086744406788669 0.15424935213993965 0.0 -0.013065671503635776 -3.8687382146327494e-19 
3910 20.981777667999268 0.010086744406788667 0.14234637235402 0.0 -0.01190445159679206 -2.3212429287796496e-19 
3911 20.987120389938354 0.010086744406788665 0.129176048539735 0.0 -0.010747527091536235 -1.3927457572677896e-19 
3912 20.99239492416382 0.010086744406788667 0.04837137299324844 0.0 -0.0064485162549217405 -8.356474543606737e-20 
3913 20.997705936431885 0.010086744406788665 0.03593712899996651 0.0 -0.003869109752953044 -5.013884726164042e-20 
3914 21.002974033355713 0.010086744406788665 0.028476582603997352 0.0 -0.0023214658517718262 -3.008330835698425e-20 
3915 21.008207321166992 0.010086744406788665 0.02400025476641586 0.0 -0.0013928795110630958 -1.8049985014190548e-20 
3916 21.013541221618652 0.010086744406788665 0.02131445806386696 0.0 -0.0008357277066378575 -1.0829991008514328e-20 
3917 21.018784999847412 0.010086744406788665 0.01970298004233763 0.0 -0.0005014366239827144 -6.497994605108597e-21 
3918 21.024051666259766 0.010086744406788665 0.018736093229420023 0.0 -0.00030086197438962864 -3.898796763065158e-21 
3919 21.029299020767212 0.010086744406788665 0.01815596114166946 0.0 -0.00018051718463377717 -2.3392780578390944e-21 
3920 21.034515619277954 0.010086744406788665 0.017807881889019123 0.0 -0.0001083103107802663 -1.4035668347034567e-21 
3921 21.039830923080444 0.010086744406788665 0.01759903433742892 0.0 -6.498618646815978e-05 -8.42140100822074e-22 
3922 21.045094966888428 0.010086744406788665 0.0174737258064748 0.0 -3.8991711880895866e-05 -5.0528406049324435e-22 
3923 21.050384521484375 0.010086744406788665 0.017398540687902326 0.0 -2.339502712853752e-05 -3.031704362959466e-22 
3924 21.05565333366394 0.010086744406788665 0.017353429616758842 0.0 -1.403701627712251e-05 -1.8190226177756797e-22 
3925 21.06096076965332 0.010086744406788665 0.017326362974072754 0.0 -8.422209766273506e-06 -1.0914135706654079e-22 
3926 21.066203832626343 0.010086744406788665 0.0173101229884611 0.0 -5.053325859764104e-06 -6.548481423992447e-23 
3927 21.07151222229004 0.010086744406788665 0.017300378997094107 0.0 -3.0319955158584623e-06 -3.9290888543954686e-23 
3928 21.076757192611694 0.010086744406788665 0.01729453260227391 0.0 -1.8191973095150773e-06 -2.357453312637281e-23 
3929 21.081968307495117 0.010086744406788665 0.01729102476538179 0.0 -1.0915183857090463e-06 -1.4144719875823684e-23 
3930 21.087180137634277 0.010086744406788665 0.017288920063246522 0.0 -6.549110314254278e-07 -8.48683192549421e-24 
3931 21.092514753341675 0.010086744406788665 0.01728765724196536 0.0 -3.9294661885525663e-07 -5.092099155296526e-24 
3932 21.09784173965454 0.010086744406788665 0.017286899549196662 0.0 -2.3576797131315395e-07 -3.0552594931779153e-24 
3933 21.103119611740112 0.010086744406788665 0.017286444933535445 0.0 -1.4146078278789237e-07 -1.8331556959067493e-24 
3934 21.108359813690186 0.010086744406788665 0.017286172164138712 0.0 -8.487646967273542e-08 -1.0998934175440496e-24 
3935 21.11361002922058 0.010086744406788665 0.017286008502500675 0.0 -5.092588180364125e-08 -6.599360505264297e-25 
3936 21.1188645362854 0.010086744406788665 0.017285910305517856 0.0 -3.0555529082184746e-08 -3.959616303158578e-25 
3937 21.12410593032837 0.010086744406788665 0.01728585138732816 0.0 -1.8333317449310848e-08 -2.375769781895147e-25 
3938 21.12939143180847 0.08597210658636602 0.017285816036414343 0.0 -1.0999990469586509e-08 -0.003528156876564026 
3939 21.134593963623047 0.09790143042889152 0.017285794825866053 0.0 -6.599994281751905e-09 -0.0057217502593994145 
3940 21.13979744911194 0.10597235940954003 0.01728578209953708 0.0 -3.959996569051143e-09 -0.00711460554599762 
3941 21.145106315612793 0.11007921744977743 0.017285774463739696 0.0 -2.3759979414306858e-09 -0.007950318717956543 
3942 21.150371074676514 0.11422424736138133 0.017285769882261263 0.0 -1.4255987648584114e-09 -0.00852844289779663 
3943 21.155681133270264 0.11762593364783461 0.017285767133374208 0.0 -8.553592589150468e-10 -0.008952016662597656 
3944 21.16107416152954 0.12058223590055869 0.017285765484041968 0.0 -5.132155553490281e-10 -0.009282860178375244 
3945 21.166306495666504 0.12162227370976036 0.01728576449444263 0.0 -3.0792933320941684e-10 -0.009481366287841797 
3946 21.17155361175537 0.12392923138878686 0.017285763900683027 0.0 -1.8475759992565009e-10 -0.009677169210418703 
3947 21.176904678344727 0.12623000036442206 0.017285763544427266 0.0 -1.1085455995539005e-10 -0.009871350220861816 
3948 21.182183265686035 0.1268780220947377 -0.06024925276570953 0.0 0.0036048545768321435 -0.009987858827127685 
3949 21.187456369400024 0.1289510740137998 -0.07405172931674829 0.0 0.00592116590323811 -0.010134463247784178 
3950 21.192673683166504 0.13111280342082368 -0.08413051514504234 0.0 0.007464349722759517 -0.010299125157075048 
3951 21.198061227798462 0.13332839126430826 -0.09362612333268303 0.0 0.008620357785163279 -0.010474621559546543 
3952 21.20354461669922 0.13392726014638434 -0.09705771539594608 0.0 0.009313962622605535 -0.010579919401029439 
3953 21.209335327148438 0.13762246215452212 -0.10904995924314043 0.0 0.010190319576336607 -0.010796496619713122 
3954 21.21482515335083 0.14164278278772477 -0.12323025126444064 0.0 0.01125302705673794 -0.011079841464717279 
3955 21.220202922821045 0.1425601065493964 -0.13136223139664238 0.0 0.012120749315669655 -0.011249848371719771 
3956 21.225650548934937 0.14314961732608897 -0.13728541758402263 0.0 0.012794779694706512 -0.011351852515921267 
3957 21.231030464172363 0.14024306837785697 -0.14100198483253615 0.0 0.013275897179025598 -0.011259656488648219 
3958 21.236417055130005 0.13512187887827398 -0.14416221032922175 0.0 0.013641266926514021 -0.010974241101593472 
3959 21.241941452026367 0.12778725581883066 -0.14698928271849432 0.0 0.013937188031904049 -0.010496194841772735 
3960 21.247370719909668 0.11988902151803141 -0.14961711518700255 0.0 0.014191439952035038 -0.00990257303852464 
3961 21.253087520599365 0.040713614541696946 -0.15212605564673598 0.0 0.014420690361010605 -0.0059415438231147834 
3962 21.258554220199585 0.029256931690506242 -0.15456428079472545 0.0 0.014634938373176797 -0.0035649262938688697 
3963 21.26417827606201 0.022382921979791828 -0.16026014757194706 0.0 0.01499358495116743 -0.0021389557763213216 
3964 21.269667387008667 0.018258516153363186 -0.16142949721775254 0.0 0.01520877289796181 -0.001283373465792793 
3965 21.27506446838379 0.01578387265750599 -0.1605342283246491 0.0 0.015261186409141467 -0.0007700240794756757 
3966 21.28044056892395 0.014299086559991679 -0.1608162149004548 0.0 0.01529263451584926 -0.0004620144476854054 
3967 21.285908222198486 0.013408214901483091 -0.14948979247001914 0.0 0.014774610071711247 -0.00027720866861124323 
3968 21.291319847106934 0.012873691906377938 -0.13986206605828322 0.0 0.014080300610859697 -0.00016632520116674593 
3969 21.296875715255737 0.012552978109314848 -0.1313659663308815 0.0 0.013356917906760874 -9.979512070004756e-05 
3970 21.302292346954346 0.01236054983107699 -0.12112960325473136 0.0 0.012539393489932837 -5.9877072420028534e-05 
3971 21.307958602905273 0.012245092864134279 -0.11061280013138855 0.0 0.01166538404546727 -3.592624345201712e-05 
3972 21.31341242790222 0.012175818683968652 -0.10322381315775248 0.0 0.010910880608097012 -2.155574607121027e-05 
3973 21.31895422935486 0.012134254175869275 -0.09617562185627393 0.0 0.01022808226510006 -1.2933447642726162e-05 
3974 21.324399948120117 0.01210931547100965 -0.09097959115534973 0.0 0.009665004745507941 -7.760068585635696e-06 
3975 21.329904794692993 0.012094352248093874 -0.013540617064104699 0.0 0.005799002847304765 -4.656041151381417e-06 
3976 21.33526849746704 0.012085374314344408 -0.0023587864738367458 0.0 0.003479401708382859 -2.7936246908288503e-06 
3977 21.340686559677124 0.01207998755409473 0.004350311880324028 0.0 0.002087641025029715 -1.6761748144973102e-06 
3978 21.346155405044556 0.01207675549794492 0.00837577089282049 0.0 0.0012525846150178291 -1.0057048886983862e-06 
3979 21.351711750030518 0.012074816264255037 0.01079104630031837 0.0 0.0007515507690106975 -6.034229332190317e-07 
3980 21.357170581817627 0.012073652724041106 0.012240211544817095 0.0 0.0004509304614064185 -3.62053759931419e-07 
3981 21.36368227005005 0.012072954599912748 0.013109710691516334 0.0 0.0002705582768438511 -2.1723225595885138e-07 
3982 21.369321823120117 0.012072535725435733 0.013631410179535874 0.0 0.00016233496610631063 -1.303393535753108e-07 
3983 21.374866724014282 0.012072284400749523 0.013944429872347602 0.0 9.740097966378637e-05 -7.820361214518649e-08 
3984 21.380260944366455 0.012072133605937799 0.014132241688034635 0.0 5.844058779827182e-05 -4.6922167287111894e-08 
3985 21.385705709457397 0.012072043129050762 0.014244928777446856 0.0 3.506435267896309e-05 -2.8153300372267136e-08 
3986 21.391091108322144 0.012071988842918541 0.014312541031094188 0.0 2.1038611607377852e-05 -1.6891980223360282e-08 
3987 21.396503686904907 0.012071956271239208 -0.06153222174613222 0.0 0.0035407785534123334 -1.013518813401617e-08 
3988 21.401943683624268 0.012071936728231609 -0.07838622668648539 0.0 0.0059594180559670775 -6.081112880409702e-09 
3989 21.407374382019043 0.012071925002427049 -0.0953613871606441 0.0 0.00787079729888176 -3.648667728245821e-09 
3990 21.412927627563477 0.012071917966944313 -0.11087912052792473 0.0 0.009477818895896287 -2.1892006369474924e-09 
3991 21.418511152267456 0.01207191374565467 -0.12552632418167542 0.0 0.010902225905370719 -1.3135203821684954e-09 
3992 21.423976182937622 0.012071911212880886 -0.13965512165674385 0.0 0.012217064162321094 -7.881122293010972e-10 
3993 21.429521322250366 0.012071909693216615 -0.1584258449749444 0.0 0.013696258938447954 -4.728673375806583e-10 
3994 21.43493151664734 0.012071908781418053 -0.16943818373775893 0.0 0.01489057134159584 -2.83720402548395e-10 
3995 21.440439701080322 0.012071908234338914 -0.17303435055654742 0.0 0.015607158783484572 -1.70232241529037e-10 
3996 21.447739601135254 0.012071907906091433 -0.19504493708693538 0.0 0.016957499351149246 -1.021393449174222e-10 
3997 21.453389644622803 0.012071907709142944 -0.20901003396619147 0.0 0.01822789774301377 -6.128360695045332e-11 
3998 21.45883870124817 0.01207190759097385 -0.2227537212670239 0.0 0.019450332319514315 -3.677016417027199e-11 
3999 21.464226961135864 0.012071907520072393 -0.24131745338232327 0.0 0.02087408339725516 -2.2062098502163196e-11 
4000 21.46962070465088 0.01207190747753152 -0.24563102234714485 0.0 0.021728334043899667 -1.3237259101297916e-11 
4001 21.47588038444519 0.012071907452006996 -0.26149485242567067 0.0 0.02285447699694603 -7.94235546077875e-12 
4002 21.48144555091858 0.012071907436692283 -0.26990973127394535 0.0 0.02376026053946477 -4.76541327646725e-12 
4003 21.486918449401855 0.012071907427503453 -0.2760424251416765 0.0 0.024457127688653837 -2.85924796588035e-12 
4004 21.49232244491577 0.012071907421990154 -0.2832238373830449 0.0 0.0251053457488582 -1.7155487795282098e-12 
4005 21.49776339530945 0.012071907418682177 -0.2886197430425469 0.0 0.02564767509877476 -1.029329267716926e-12 
4006 21.503191232681274 0.01207190741669739 -0.2937126091591035 0.0 0.02612646973240252 -6.175975606301555e-13 
4007 21.50883936882019 0.012071907415506518 -0.3002746883428866 0.0 0.026643844283270095 -3.705585363780933e-13 
4008 21.514254808425903 0.012071907414791994 -0.3152016415126055 0.0 0.0275678615788503 -2.2233512182685596e-13 
4009 21.519665718078613 0.012071907414363281 -0.3181203309814158 0.0 0.028122271956198423 -1.3340107309611357e-13 
4010 21.525113344192505 0.012071907414106051 -0.33481711350775056 0.0 0.029145209259505873 -8.004064385766814e-14 
4011 21.530826091766357 0.012071907413951715 -0.3429856248221192 0.0 0.029989068667123205 -4.8024386314600884e-14 
4012 21.536254167556763 0.012071907413859112 -0.3489913998047959 0.0 0.030648782825487546 -2.881463178876053e-14 
4013 21.541744709014893 0.01207190741380355 -0.3511684500602768 0.0 0.031044611320506153 -1.7288779073256316e-14 
4014 21.54718589782715 0.012071907413770214 -0.35423192055926683 0.0 0.03135880692935623 -1.037326744395379e-14 
4015 21.55260157585144 0.012071907413750213 -0.35541124008143676 0.0 0.03154732429466627 -6.2239604663722734e-15 
4016 21.55802083015442 0.012071907413738214 -0.35952642606984064 0.0 0.03181383322764624 -3.734376279823364e-15 
4017 21.563555479049683 0.012071907413731013 -0.3655201206293001 0.0 0.03220383561306708 -2.2406257678940185e-15 
4018 21.569020748138428 0.01207190741372669 -0.37187589103772145 0.0 0.03266793406995244 -1.3443754607364111e-15 
4019 21.574438095092773 0.0120719074137241 -0.3801005487472068 0.0 0.0332531894266135 -8.0662527644184665e-16 
4020 21.58000135421753 0.012071907413722544 -0.39033182397864913 0.0 0.03398783743497887 -4.83975165865108e-16 
4021 21.585679292678833 0.012071907413721612 -0.3927549465259486 0.0 0.034428626239998095 -2.9038509951906475e-16 
4022 21.591105937957764 0.012071907413721052 -0.3926784554645627 0.0 0.034616401011170715 -1.7423105971143885e-16 
4023 21.5965895652771 0.012071907413720717 -0.38856915748506704 0.0 0.03449896884824143 -1.0453863582686331e-16 
4024 21.60202169418335 0.012071907413720516 -0.3885212465437512 0.0 0.03442850955048386 -6.272318149611799e-17 
4025 21.60746669769287 0.012071907413720393 -0.375411741883429 0.0 0.03377264140676966 -3.763390889767079e-17 
4026 21.61292290687561 0.08795726959329768 -0.3671947189482896 0.0 0.033072324238011305 -0.0035281568765640485 
4027 21.618456602096558 0.10483558723640361 -0.36049230042152847 0.0 0.032422036911123435 -0.005951845049858107 
4028 21.623942613601685 0.11357692039853252 -0.3572290520549625 0.0 0.03195516525809374 -0.007482757210731515 
4029 21.629430532455444 0.11643829078640854 -0.35779404808740817 0.0 0.031751741523172894 -0.008324605250358587 
4030 21.63494300842285 0.1140057088703767 -0.362422013473861 0.0 0.031859784307853245 -0.008599619283676151 
4031 21.640483617782593 0.11487774890247879 -0.3630066967342526 0.0 0.03192460997866146 -0.00876462770366669 
4032 21.645918130874634 0.11543161419887447 -0.36016702506648046 0.0 0.0318101076124105 -0.008863632755661013 
4033 21.651386976242065 0.11744426062081481 -0.3584550841900217 0.0 0.031664706935762954 -0.008999735043754578 
4034 21.656806230545044 0.03873141501231293 -0.3583018306932469 0.0 0.031577466529774424 -0.005399841026252746 
4035 21.66225528717041 0.028319261550791508 -0.3599664830222813 0.0 0.03160182154307828 -0.0032399046157516476 
4036 21.6676824092865 0.022071969473878662 -0.3619555221964337 0.0 0.0316931330628995 -0.0019439427694509885 
4037 21.67319416999817 0.018323594227730947 -0.36249018292370083 0.0 0.03174791997479223 -0.001166365661670593 
4038 21.678669691085815 0.01607456908004232 -0.3612695317593391 0.0 0.03170409361008897 -0.0006998193970023558 
4039 21.684228658676147 0.014725153991429143 -0.3614116965829253 0.0 0.031677797791267004 -0.00041989163820141346 
4040 21.68989872932434 0.01391550493826124 -0.338509026443657 0.0 0.030588233683648446 -0.00025193498292084806 
4041 21.69558835029602 0.013429715506360495 -0.3042597965190108 0.0 0.028477213808383188 -0.00015116098975250883 
4042 21.701066970825195 0.01313824184722005 -0.28517167331116317 0.0 0.02659700931816437 -9.06965938515053e-05 
4043 21.706551551818848 0.012963357651735783 -0.26508842417327866 0.0 0.024778594802076448 -5.441795631090318e-05 
4044 21.71192765235901 0.012858427134445223 -0.24186988468208048 0.0 0.022843857246789234 -3.265077378654191e-05 
4045 21.717325448989868 0.012795468824070887 -0.2166472518433534 0.0 0.020762625120969352 -1.9590464271925145e-05 
4046 21.722776174545288 0.012757693837846284 -0.18768200727092793 0.0 0.018440099229152046 -1.1754278563155086e-05 
4047 21.728182077407837 0.012735028846111524 -0.1563463847920169 0.0 0.015896099310955432 -7.052567137893051e-06 
4048 21.733597993850708 0.012721429851070668 -0.12764504195337859 0.0 0.013372610510492936 -4.2315402827358305e-06 
4049 21.739101886749268 0.012713270454046154 -0.03794367988136778 0.0 0.00802356630629576 -2.538924169641498e-06 
4050 21.7444965839386 0.012708374815831444 -0.0224723718773581 0.0 0.004814139783777456 -1.5233545017848988e-06 
4051 21.750256776809692 0.01270543743290262 -0.01318958707495228 0.0 0.0028884838702664738 -9.140127010709392e-07 
4052 21.755678415298462 0.012703675003145325 -0.00761991619350879 0.0 0.0017330903221598841 -5.484076206425634e-07 
4053 21.761175394058228 0.012702617545290947 -0.004278113664642699 0.0 0.0010398541932959305 -3.2904457238553806e-07 
4054 21.766605854034424 0.012701983070578321 -0.002273032147323042 0.0 0.0006239125159775582 -1.9742674343132284e-07 
4055 21.771998167037964 0.012701602385750745 -0.0010699832369312494 0.0 0.00037434750958653494 -1.184560460587937e-07 
4056 21.77744197845459 0.012701373974854201 -0.000348153890696173 0.0 0.00022460850575192095 -7.107362763527622e-08 
4057 21.782837867736816 0.012701236928316272 8.494371704487289e-05 0.0 0.00013476510345115255 -4.2644176581165734e-08 
4058 21.788392782211304 0.012701154700393518 0.00034480228168950024 0.0 8.085906207069153e-05 -2.558650594869944e-08 
4059 21.794079780578613 0.012701105363639864 0.0005007174204762765 0.0 4.8515437242414915e-05 -1.5351903569219663e-08 
4060 21.79958748817444 0.012701075761587672 0.0005942665037483424 0.0 2.910926234544895e-05 -9.211142141531797e-09 
4061 21.80524706840515 0.012701058000356357 0.0006503959537115818 0.0 1.746555740726937e-05 -5.526685284919078e-09 
4062 21.810688257217407 0.012701047343617568 0.0006840736236895255 0.0 1.047933444436162e-05 -3.3160111709514468e-09 
4063 21.816133975982666 0.012701040949574293 0.0007042802256762917 0.0 6.287600666616972e-06 -1.989606702570868e-09 
4064 21.821502923965454 0.01270103711314833 0.0007164041868683514 0.0 3.772560399970183e-06 -1.1937640215425208e-09 
4065 21.826932668685913 0.012701034811292752 0.0007236785635835873 0.0 2.26353623998211e-06 -7.162584129255124e-10 
4066 21.832347631454468 0.012701033430179406 0.0007280431896127288 0.0 1.358121743989266e-06 -4.297550477553074e-10 
4067 21.837773084640503 0.012701032601511396 -0.08340306594886474 0.0 0.003912465053863045 -2.578530286531844e-10 
4068 21.84326672554016 0.01270103210431059 -0.09479847865032162 0.0 0.0062591292131344775 -1.5471181719191064e-10 
4069 21.848915815353394 0.01270103180599011 -0.12311482876799859 0.0 0.008664215068125744 -9.282709031514638e-11 
4070 21.854434728622437 0.01270103162699782 -0.13842391934825543 0.0 0.010490762865605366 -5.569625418908783e-11 
4071 21.860312700271606 0.012701031519602446 -0.16691493427630555 0.0 0.012660478160418518 -3.3417752513452694e-11 
4072 21.86575722694397 0.012701031455165221 -0.18652324392921654 0.0 0.01457589990236607 -2.0050651508071615e-11 
4073 21.871320009231567 0.012701031416502884 -0.2054090544163417 0.0 0.016338744022478147 -1.2030390904842969e-11 
4074 21.876761198043823 0.012701031393305485 -0.22386662787945605 0.0 0.018010043059605053 -7.218234542905781e-12 
4075 21.88216733932495 0.012701031379387044 -0.24207245976380581 0.0 0.01962641504694086 -4.330940725743468e-12 
4076 21.88755965232849 0.012701031371035981 -0.25848277627073124 0.0 0.02113313154750503 -2.5985644354460806e-12 
4077 21.893056869506836 0.012701031366025342 -0.27293765374632273 0.0 0.02249735549910925 -1.5591386612676483e-12 
4078 21.898643970489502 0.012701031363018958 -0.28699017202151916 0.0 0.0237760839213375 -9.354831967605889e-13 
4079 21.904072046279907 -0.06318433081836222 -0.30080518642591453 0.0 0.025003515025940164 0.0035281568760027362 
4080 21.909586429595947 -0.07511365466197001 -0.31283195624045884 0.0 0.026123469973186625 0.0057217502590626405 
4081 21.915282249450684 -0.08483420550991133 -0.32950504253806245 0.0 0.027409035506594168 0.00719130182246029 
4082 21.920724868774414 -0.08916452582222878 -0.3334727157709707 0.0 0.02818037482663869 0.00807303276049888 
4083 21.926185369491577 -0.0967437210496945 -0.3442014646003386 0.0 0.02902667321303415 0.008832169094012951 
4084 21.931532382965088 -0.10397321935039097 -0.34855644270685415 0.0 0.029611150756710336 0.009517748664812312 
4085 21.936941146850586 -0.11264454129304523 -0.35050610320041986 0.0 0.02996183728291605 0.010235893434879819 
4086 21.942373991012573 -0.12306619449328239 -0.3501298883027175 0.0 0.030095550686800563 0.011050273601172948 
4087 21.947834253311157 -0.1321247215078647 -0.3474747793592432 0.0 0.030022380215337326 0.011845698728536715 
4088 21.953280687332153 -0.14113494335243587 -0.34256837620368263 0.0 0.029748381651884585 0.012629750832542867 
4089 21.958674430847168 -0.14681941793579786 -0.3370761863201315 0.0 0.029353884743122022 0.013253580608740503 
4090 21.964231729507446 -0.1503940472207724 -0.3262815576191533 0.0 0.028656992546598772 0.013704577731356056 
4091 21.969867706298828 -0.1534703497390428 -0.314602516784031 0.0 0.027778663177419102 0.014051872281590123 
4092 21.975338459014893 -0.15459871605132128 -0.2990895450850495 0.0 0.02663807299085164 0.014260249011730562 
4093 21.981011390686035 -0.15202597557304004 -0.26465850293256005 0.0 0.024496437468217037 0.01423187951625312 
4094 21.986435174942017 -0.14876515839367963 -0.23884885774077422 0.0 0.022291066561988725 0.014061459305172708 
4095 21.991828203201294 -0.14344053514165828 -0.2111856553166014 0.0 0.019970756658823332 0.013729109407833544 
4096 21.99860119819641 -0.1376426649839592 -0.18316882097824969 0.0 0.017581483357495688 0.013299601698739127 
4097 22.004272937774658 -0.13650794875270833 -0.17637718571910152 0.0 0.016147919376699103 0.013041897073282478 
4098 22.010358810424805 -0.12267272353499391 -0.051923073276276224 0.0 0.009688751626019461 0.012273683223064945 
4099 22.01633620262146 -0.11559625388521742 -0.033240899432597976 0.0 0.005813250975611676 0.011582657142243508 
4100 22.021957874298096 -0.11203752063656358 -0.022031595126391017 0.0 0.003487950585367006 0.011091342236853673 
4101 22.027754068374634 -0.10905479214696032 -0.015306012542666846 0.0 0.0020927703512202034 0.0107198540367228 
4102 22.033315658569336 -0.10146795666819813 -0.011270662992432338 0.0 0.001255662210732122 0.010190164089056385 
4103 22.03892707824707 -0.019181414815831535 -0.008849453262291638 0.0 0.0007533973264392731 0.006114098453433831 
4104 22.04448366165161 -0.007392006374638632 -0.0073967274242072185 0.0 0.00045203839586356386 0.0036684590720602985 
4105 22.050049781799316 -0.0003183613099228943 -0.006525091921356566 0.0 0.0002712230375181383 0.002201075443236179 
4106 22.05591917037964 0.003925825728906542 -0.006002110619646175 0.0 0.00016273382251088297 0.0013206452659417073 
4107 22.061793327331543 0.0064723379522042095 -0.00568832183861994 0.0 9.764029350652978e-05 0.0007923871595650244 
4108 22.06766963005066 0.008000245286182806 -0.005500048570004199 0.0 5.8584176103917866e-05 0.0004754322957390146 
4109 22.073538780212402 0.008916989686569964 -0.005387084608834754 0.0 3.515050566235072e-05 0.0002852593774434087 
4110 22.07943606376648 0.00946703632680226 -0.005319306232133087 0.0 2.109030339741043e-05 0.00017115562646604523 
4111 22.086448669433594 0.00979706431094164 -0.005278639206112088 0.0 1.2654182038446257e-05 0.00010269337587962713 
4112 22.092170238494873 0.009995081101425263 -0.005254238990499487 0.0 7.592509223067754e-06 6.161602552777628e-05 
4113 22.09779167175293 0.01011389117571544 -0.005239598861131927 0.0 4.5555055338406526e-06 3.696961531666577e-05 
4114 22.103696584701538 0.010185177220289545 -0.0052308147835113915 0.0 2.7333033203043914e-06 2.218176918999946e-05 
4115 22.109071493148804 0.01022794884703401 -0.00522554433693907 0.0 1.6399819921826348e-06 1.3309061513999677e-05 
4116 22.11434030532837 0.010253611823080688 -0.0052223820689956775 0.0 9.83989195309581e-07 7.985436908399805e-06 
4117 22.119549036026 0.010269009608708695 -0.005220484708229641 0.0 5.903935171857485e-07 4.791262145039883e-06 
4118 22.12485122680664 0.010278248280085497 -0.005219346291770019 0.0 3.542361103114491e-07 2.8747572870239297e-06 
4119 22.130090951919556 0.010283791482911581 -0.005218663241894248 0.0 2.1254166618686945e-07 1.7248543722143576e-06 
4120 22.135337591171265 0.01028711740460723 -0.08110358354138358 0.0 0.0035282829114476185 1.0349126233286145e-06 
4121 22.14077138900757 0.01028911295762462 -0.09798168299509452 0.0 0.005951920670788249 6.209475739971686e-07 
4122 22.146047592163086 0.010290310289435054 -0.11332161421029938 0.0 0.0077895996108774904 3.7256854439830117e-07 
4123 22.151355266571045 0.010291028688521315 -0.1269748646805252 0.0 0.00927570176929978 2.235411266389807e-07 
4124 22.156575441360474 0.010291459727973072 -0.1412690672776455 0.0 0.010627557115618868 1.3412467598338842e-07 
4125 22.161855936050415 0.010291718351644124 -0.14528667647971988 0.0 0.011438670323410323 8.047480559003304e-08 
4126 22.167067050933838 -0.06724317462069913 -0.1675364376607211 0.0 0.012845726350616628 0.003604904418344353 
4127 22.17229986190796 -0.08104549818024148 -0.1816313806011496 0.0 0.014150155508322246 0.005921194318029317 
4128 22.17754077911377 -0.0911242540534566 -0.19378955185370106 0.0 0.015316307797314362 0.007464366771634241 
4129 22.18276333808899 -0.09732045743295169 -0.2072056132363779 0.0 0.016476193221975348 0.008466969500694168 
4130 22.187970876693726 -0.10360445979583664 -0.220613327777596 0.0 0.017632318528037656 0.009221929651924069 
4131 22.193314790725708 -0.1075257669001845 -0.2340199458633746 0.0 0.01878618776294076 0.009751604999558981 
4132 22.198583841323853 -0.11244678732903203 -0.24578013175835675 0.0 0.019862004098251364 0.010222808721933875 
4133 22.20402216911316 -0.1155522611040083 -0.2573227426637454 0.0 0.02089099018392259 0.010582230212255784 
4134 22.20939826965332 -0.11833605139931522 -0.2703877073094408 0.0 0.02196857588659104 0.010874582363345903 
4135 22.214770317077637 -0.12092748355050406 -0.2819533322139792 0.0 0.02299862210256086 0.011126692910896945 
4136 22.220105171203613 -0.12340415275890579 -0.2999883494164191 0.0 0.02430694165409938 0.011354658496324544 
4137 22.225412845611572 -0.12416293017835023 -0.3089447834003966 0.0 0.025322029665597295 0.011491437847581103 
4138 22.230635166168213 -0.12465796509339011 -0.3187076967026309 0.0 0.02623787950008393 0.011573505458335038 
4139 22.23584747314453 -0.1266443763724307 -0.32654037988329176 0.0 0.027017485681350713 0.011699442301452135 
4140 22.241109609603882 -0.1271096807549325 -0.3290348624287813 0.0 0.02748524939011078 0.011775004407322393 
4141 22.24644374847412 -0.12907896973312696 -0.3405255032007274 0.0 0.028226103156748658 0.01189704092774152 
4142 22.251709938049316 -0.12953462287648235 -0.34621703526387526 0.0 0.02882401318546727 0.011970262839992996 
4143 22.25707459449768 -0.1314987730548726 -0.3498486977422694 0.0 0.02925945771453735 0.012090895244240854 
4144 22.262392044067383 -0.13030230889506056 -0.353012099001213 0.0 0.02959742368887637 0.012086575429892596 
4145 22.267724990844727 -0.1303924952935515 -0.35424550205462074 0.0 0.029800203273479785 0.012083983541283642 
4146 22.27297806739807 -0.12883799349108602 -0.3534382127867081 0.0 0.029845171767344858 0.012005729151221296 
4147 22.278202295303345 -0.1287127053603013 -0.3521728647763707 0.0 0.02979545435182499 0.011958776517183889 
4148 22.283461093902588 -0.1253786450299433 -0.34733265019871024 0.0 0.029535526876880214 0.011777209403199738 
4149 22.288723945617676 -0.1233015947200666 -0.3435292149357645 0.0 0.0292261718781194 0.011591569877912274 
4150 22.29401183128357 -0.11791176377821064 -0.33628021837211686 0.0 0.02873376334139114 0.011250088392048878 
4151 22.29942798614502 -0.1137159797310242 -0.3284952154525953 0.0 0.028131521191766293 0.010891800986736894 
4152 22.30474281311035 -0.10781864139733405 -0.3203860478961386 0.0 0.027463380364519615 0.010446730772858787 
4153 22.31008291244507 -0.10331509319662896 -0.3104300408771601 0.0 0.026678999583686747 0.010026290130737976 
4154 22.315504789352417 -0.02134453857315724 -0.2885819402639265 0.0 0.025287983012655592 0.006015774078442786 
4155 22.32075810432434 -0.009744722469301238 -0.2847558458790314 0.0 0.024453373070036897 0.0036094644470656715 
4156 22.326066732406616 -0.0027848328069876426 -0.2594435347685907 0.0 0.0228788204881403 0.002165678668239403 
4157 22.331284046173096 0.0013911009904005135 -0.24186631635148642 0.0 0.021320496373942684 0.0012994072009436418 
4158 22.336527585983276 0.003896661268833407 -0.22432302955108624 0.0 0.01977191083048057 0.000779644320566185 
4159 22.341771602630615 0.005399997435893145 -0.2067948392452478 0.0 0.01822916693934364 0.000467786592339711 
4160 22.34709072113037 0.006301999136128987 -0.19092019216747316 0.0 0.016766627296498793 0.0002806719554038266 
4161 22.352521419525146 0.006843200156270492 -0.17361642889747908 0.0 0.015275510945732224 0.00016840317324229596 
4162 22.357857942581177 0.007167920768355396 -0.15786665891128862 0.0 0.013843947827109591 0.00010104190394537757 
4163 22.363150596618652 0.0073627531356063374 -0.14227772873329125 0.0 0.012448116647773323 6.062514236722654e-05 
4164 22.368414878845215 0.007479652555956904 -0.1251310528801218 0.0 0.0109970253751119 3.637508542033592e-05 
4165 22.373673915863037 0.007549792208167242 -0.045123632210186754 0.0 0.00659821522506714 2.182505125220155e-05 
4166 22.378934144973755 0.007591875999493446 -0.032400733672704796 0.0 0.003958929135040284 1.3095030751320931e-05 
4167 22.38428258895874 0.007617126274289168 -0.024766994550215606 0.0 0.0023753574810241704 7.857018450792558e-06 
4168 22.389527797698975 0.007632276439166602 -0.020186751076722104 0.0 0.0014252144886145021 4.714211070475535e-06 
4169 22.39474892616272 0.0076413665380930616 -0.017438604992626 0.0 0.0008551286931687013 2.828526642285321e-06 
4170 22.400010585784912 0.007646820597448937 -0.015789717342168337 0.0 0.0005130772159012208 1.6971159853711926e-06 
4171 22.40536880493164 0.007650093033062463 -0.01480038475189374 0.0 0.00030784632954073245 1.0182695912227154e-06 
4172 22.410674571990967 0.007652056494430578 -0.014206785197728982 0.0 0.00018470779772443948 6.109617547336292e-07 
4173 22.416210412979126 0.007653234571251446 -0.013850625465230127 0.0 0.00011082467863466368 3.6657705284017753e-07 
4174 22.421523094177246 0.007653941417343968 -0.013636929625730817 0.0 6.64948071807982e-05 2.199462317041065e-07 
4175 22.426835298538208 0.007654365524999481 -0.013508712122031228 0.0 3.989688430847892e-05 1.319677390224639e-07 
4176 22.432177543640137 0.007654619989592788 -0.013431781619811475 0.0 2.393813058508735e-05 7.918064341347834e-08 
4177 22.437477827072144 0.007654772668348772 -0.013385623318479622 0.0 1.436287835105241e-05 4.7508386048087e-08 
4178 22.442692756652832 0.007654864275602362 -0.01335792833768051 0.0 8.617727010631445e-06 2.85050316288522e-08 
4179 22.44790768623352 0.007654919239954518 -0.013341311349201043 0.0 5.170636206378867e-06 1.710301897731132e-08 
4180 22.453177452087402 0.00765495221856581 -0.013331341156113362 0.0 3.1023817238273204e-06 1.0261811386386791e-08 
4181 22.458523273468018 0.007654972005732585 -0.013325359040260751 0.0 1.8614290342963922e-06 6.157086831832074e-09 
4182 22.463873863220215 0.0076549838780326515 -0.013321769770749187 0.0 1.1168574205778353e-06 3.6942520990992446e-09 
4183 22.469266176223755 0.00765499100141269 -0.01331961620904225 0.0 6.701144523467011e-07 2.2165512594595466e-09 
4184 22.47452425956726 0.007654995275440714 -0.013318324072018085 0.0 4.020686714080207e-07 1.329930755675728e-09 
4185 22.47990870475769 0.007654997839857528 -0.09250225085315547 0.0 0.003681795141444697 7.979584534054367e-10 
4186 22.48519468307495 0.007654999378507618 -0.11807547072996316 0.0 0.006580921316949186 4.78775072043262e-10 
4187 22.490408420562744 0.0076550003016976715 -0.1265536600136153 0.0 0.008320397022251878 2.872650432259572e-10 
4188 22.495718240737915 0.007655000855611703 -0.1481745618793021 0.0 0.0101310735242871 1.7235902593557432e-10 
4189 22.50094962120056 0.007655001187960123 -0.1634189560619697 0.0 0.01167767347677395 1.0341541556134459e-10 
4190 22.50615930557251 0.007655001387369174 -0.17625964159317195 0.0 0.012989128242634804 6.204924933680676e-11 
4191 22.511680841445923 0.007655001507014605 -0.19007807222534795 0.0 0.014236196643533153 3.722954960208405e-11 
4192 22.517151594161987 0.007655001578801862 -0.2020703360929479 0.0 0.015367932478440906 2.233772976125043e-11 
4193 22.522536277770996 0.007655001621874218 -0.21373716707768525 0.0 0.0164304687737543 1.3402637856750257e-11 
4194 22.52794861793518 0.007655001647717631 -0.22521199803845726 0.0 0.01745148534531108 8.041582714050154e-12 
4195 22.53326940536499 0.007655001663223679 -0.23492523477379612 0.0 0.01837089231583304 4.824949628430092e-12 
4196 22.538529634475708 0.007655001672527308 -0.24270138239928712 0.0 0.019152632778721014 2.8949697770580553e-12 
4197 22.54375958442688 0.007655001678109485 -0.2500842718975477 0.0 0.019851774827144716 1.7369818662348332e-12 
4198 22.549041748046875 0.00765500168145879 -0.25723311539919724 0.0 0.02050135633677374 1.0421891197408999e-12 
4199 22.55426001548767 0.007655001683468374 -0.26259384810562014 0.0 0.021044503756345097 6.253134718445399e-13 
4200 22.559526920318604 0.007655001684674124 -0.26764999589008287 0.0 0.021523790721881854 3.751880831067239e-13 
4201 22.5649197101593 0.007655001685397574 -0.26922532467479976 0.0 0.02181136290120391 2.2511284986403432e-13 
4202 22.570194244384766 0.007655001685831644 -0.2702461471976084 0.0 0.021983906208797144 1.350677099184206e-13 
4203 22.575582027435303 0.007655001686092086 -0.26763489402933527 0.0 0.021934033679559137 8.104062595105236e-14 
4204 22.580859899520874 0.007655001686248351 -0.2643770766969852 0.0 0.02175071164822239 4.8624375570631415e-14 
4205 22.586084604263306 0.00765500168634211 -0.2607300490289841 0.0 0.021487321405742516 2.9174625342378845e-14 
4206 22.591469526290894 0.007655001686398366 -0.2535487723996305 0.0 0.0210224902326667 1.7504775205427306e-14 
4207 22.596784591674805 0.007655001686432119 -0.2523770825257057 0.0 0.02074359152882121 1.0502865123256383e-14 
4208 22.60204291343689 0.007655001686452371 -0.2368960648267674 0.0 0.019885961974673405 6.3017190739538296e-15 
4209 22.60730004310608 0.007655001686464522 -0.22467551213414866 0.0 0.018911190190919004 3.7810314443722974e-15 
4210 22.612595319747925 0.007655001686471812 -0.2104566780231693 0.0 0.017789433812503672 2.2686188666233783e-15 
4211 22.61798906326294 0.007655001686476187 -0.19415161807005546 0.0 0.01650278742039481 1.3611713199740269e-15 
4212 22.62348246574402 0.007655001686478811 -0.17735659964382763 0.0 0.015117207020069832 8.167027919844161e-16 
4213 22.62886643409729 0.007655001686480385 -0.16026239059692843 0.0 0.013672266214815185 4.900216751906497e-16 
4214 22.63414430618286 0.007655001686481331 -0.1429834516408233 0.0 0.012191709166602734 2.940130051143898e-16 
4215 22.639474153518677 0.007655001686481897 -0.05300250100691399 0.0 0.00731502549996164 1.7640780306863386e-16 
4216 22.644792318344116 0.007655001686482237 -0.03889742500370462 0.0 0.004389015299976984 1.058446818411803e-16 
4217 22.65017580986023 0.007655001686482441 -0.03043437940177901 0.0 0.00263340917998619 6.350680910470818e-17 
4218 22.655603647232056 0.007655001686482564 -0.025356552040623634 0.0 0.001580045507991714 3.8104085462824906e-17 
4219 22.660998106002808 0.007655001686482638 -0.022309855623930414 0.0 0.0009480273047950283 2.2862451277694943e-17 
4220 22.66658115386963 0.007655001686482681 -0.02048183777391448 0.0 0.000568816382877017 1.3717470766616965e-17 
4221 22.672991275787354 0.007655001686482708 -0.01938502706390492 0.0 0.00034128982972621015 8.230482459970179e-18 
4222 22.678640127182007 0.007655001686482725 -0.01872694063789918 0.0 0.0002047738978357261 4.938289475982107e-18 
4223 22.684131622314453 -0.06823036049309462 -0.01833208878229574 0.0 0.00012286433870143564 0.003528156876564029 
4224 22.6896014213562 -0.0801596843356201 -0.018095177668933673 0.0 7.371860322086138e-05 0.005721750259399416 
4225 22.695069789886475 -0.08823061331626861 -0.01795303100091643 0.0 4.4231161932516824e-05 0.007114605545997621 
4226 22.700546741485596 -0.09398709322314945 -0.017867743000106094 0.0 2.6538697159510093e-05 0.008027014994621277 
4227 22.70601487159729 -0.10165502144070593 -0.017816570199619883 0.0 1.5923218295706056e-05 0.008804558434486388 
4228 22.711485862731934 -0.1072880735684883 -0.01778586651932816 0.0 9.553930977423633e-06 0.009424483012199402 
4229 22.717008590698242 -0.11246849649874312 -0.017767444311153128 0.0 5.73235858645418e-06 0.009949836272621155 
4230 22.722450017929077 -0.11737864579784868 -0.017756390986248104 0.0 3.4394151518725075e-06 0.01041844674266815 
4231 22.72814178466797 -0.11882856287169491 -0.017749758991305098 0.0 2.0636490911235045e-06 0.01069961302469635 
4232 22.733609676361084 -0.11973632574832495 -0.01774577979433929 0.0 1.2381894546741026e-06 0.010868312793913268 
4233 22.739136695861816 -0.12031879610662527 -0.017743392276159807 0.0 7.429136728044616e-07 0.010969532655443419 
4234 22.744601011276245 -0.1207060909539278 -0.017741959765252117 0.0 4.457482036826769e-07 0.01103026457236151 
4235 22.750083684921265 -0.12097628049463162 -0.0177411002587075 0.0 2.674489222096061e-07 0.011066703722512365 
4236 22.75578784942627 -0.12282589281834475 -0.017740584554780732 0.0 1.6046935332576367e-07 0.01116526646949985 
4237 22.761602640151978 -0.12320713221960887 -0.017740275132424668 0.0 9.62816119954582e-08 0.011224404117692342 
4238 22.767054557800293 -0.1251240264033418 -0.10022413142613742 0.0 0.003835008692886875 0.01133658596350481 
4239 22.772445917129517 -0.1255462868643014 -0.11799627691389576 0.0 0.006442753167239693 0.011403895070992291 
4240 22.777788877487183 -0.12583875966056668 -0.13057582463900275 0.0 0.008237496132426183 0.01144428053548478 
4241 22.78343653678894 -0.12605335985801544 -0.14080880904519727 0.0 0.009544439682228996 0.011468511814180272 
4242 22.788987636566162 -0.12622123649617423 -0.1479861104229654 0.0 0.010482004325904628 0.011483050581397567 
4243 22.79447102546692 -0.1280107649657276 -0.1540982663898522 0.0 0.011197940135787832 0.011568473098624917 
4244 22.80033016204834 -0.1283572579418631 -0.1612223719032037 0.0 0.011857599392408675 0.011619726608961326 
4245 22.806251764297485 -0.12200617832304345 -0.1747873073230656 0.0 0.012790288254543869 0.011343681687575283 
4246 22.8126482963562 -0.11635160361536365 -0.18255463708752379 0.0 0.013579999342515903 0.010947956964052739 
4247 22.81798267364502 -0.10869629748737858 -0.18991328261434576 0.0 0.014283922275873922 0.010403725102351321 
4248 22.823242664337158 -0.10060500140177076 -0.1970287203682947 0.0 0.014936373806579651 0.00977039193797482 
4249 22.828652143478394 -0.022962791377835988 -0.20235045637127835 0.0 0.015481241748680916 0.005862235162784891 
4250 22.834179162979126 -0.011659034129115415 -0.20571462875170904 0.0 0.015884861770838647 0.0035173410976709345 
4251 22.840322971343994 -0.004876779779883059 -0.20702220660313161 0.0 0.016127033784133285 0.0021104046586025607 
4252 22.845836877822876 -0.0008074271703436484 -0.20291379445537588 0.0 0.016042240711535267 0.0012662427951615363 
4253 22.851410388946533 0.001634184395379999 -0.2028038211462195 0.0 0.01599136486797646 0.0007597456770969218 
4254 22.856974840164185 0.003099151334814187 -0.1961932044666004 0.0 0.01565404233425328 0.00045584740625815304 
4255 22.862356901168823 0.003978131498474699 -0.1887475963160108 0.0 0.015144853276547604 0.0002735084437548918 
4256 22.867743015289307 0.004505519596671007 -0.18079833856944655 0.0 0.01453254281433631 0.00016410506625293508 
4257 22.873085260391235 0.004821952455588791 -0.17419401620885533 0.0 0.013935060256434734 9.846303975176104e-05 
4258 22.878355503082275 0.005011812170939462 -0.165977973774201 0.0 0.013269773694105896 5.907782385105662e-05 
4259 22.88359498977661 0.005125728000149864 -0.15920901700763632 0.0 0.012640505476133795 3.544669431063397e-05 
4260 22.888846158981323 0.005194077497676104 -0.1525393163032471 0.0 0.012032846774659618 2.126801658638038e-05 
4261 22.89421582221985 0.0052350871961918495 -0.145927260356436 0.0 0.011438155273200312 1.2760809951828229e-05 
4262 22.899503469467163 0.005259693015301297 -0.1409974744614317 0.0 0.010927941858530781 7.656485971096937e-06 
4263 22.90486717224121 0.005274456506766965 -0.13465908307536717 0.0 0.010391716039038146 4.593891582658162e-06 
4264 22.910104513168335 0.005283314601646365 -0.12659091121577934 0.0 0.009763185009870794 2.756334949594897e-06 
4265 22.915342569351196 0.005288629458574006 -0.04896262266611439 0.0 0.005857911005922476 1.653800969756938e-06 
4266 22.920562028884888 0.0052918183727305905 -0.03766720340079447 0.0 0.003514746603553486 9.922805818541628e-07 
4267 22.925824880599976 0.0052937317212245405 -0.030889951841602516 0.0 0.0021088479621320915 5.953683491124976e-07 
4268 22.931206941604614 0.00529487973032091 -0.026823600906087347 0.0 0.0012653087772792548 3.572210094674986e-07 
4269 22.9365713596344 0.0052955685357787335 -0.02438379034477825 0.0 0.0007591852663675528 2.1433260568049914e-07 
4270 22.941905736923218 0.005295981819053427 -0.022919904007992792 0.0 0.00045551115982053167 1.2859956340829948e-07 
4271 22.947351932525635 0.005296229789018243 -0.022041572205921515 0.0 0.000273306695892319 7.715973804497969e-08 
4272 22.952661991119385 0.005296378570997132 -0.02151457312467875 0.0 0.0001639840175353914 4.629584282698781e-08 
4273 22.957964420318604 0.005296467840184466 -0.02119837367593309 0.0 9.839041052123484e-05 2.7777505696192685e-08 
4274 22.963210105895996 0.005296521401696866 -0.021008654006685695 0.0 5.9034246312740906e-05 1.666650341771561e-08 
4275 22.968462705612183 0.005296553538604306 -0.02089482220513726 0.0 3.542054778764454e-05 9.999902050629367e-09 
4276 22.973854541778564 0.00529657282074877 -0.020826523124208192 0.0 2.125232867258672e-05 5.99994123037762e-09 
4277 22.979246377944946 0.005296584390035448 -0.020785543675650754 0.0 1.2751397203552032e-05 3.599964738226572e-09 
4278 22.984566926956177 0.005296591331607455 -0.020760956006516295 0.0 7.65083832213122e-06 2.159978842935943e-09 
4279 22.989806175231934 0.005296595496550659 -0.020746203405035617 0.0 4.590502993278731e-06 1.2959873057615658e-09 
4280 22.99509286880493 0.005296597995516582 -0.02073735184414721 0.0 2.7543017959672387e-06 7.775923834569395e-10 
4281 23.000766277313232 0.005296599494896135 -0.020732040907614165 0.0 1.652581077580343e-06 4.665554300741637e-10 
4282 23.006160259246826 0.005296600394523868 -0.02072885434569434 0.0 9.915486465482059e-07 2.7993325804449817e-10 
4283 23.011491298675537 0.005296600934300507 -0.020726942408542445 0.0 5.949291879289235e-07 1.679599548266989e-10 
4284 23.01675772666931 0.0052966012581664905 -0.02072579524625131 0.0 3.569575127573541e-07 1.0077597289601933e-10 
4285 23.022024393081665 0.0052966014524860805 -0.020725106948876623 0.0 2.1417450765441245e-07 6.04655837376116e-11 
4286 23.027340412139893 0.005296601569077835 -0.09825971006683515 0.0 0.003604983148049472 3.6279350242566956e-11 
4287 23.032612562179565 0.005296601639032887 -0.11371159261937297 0.0 0.005997940812749361 2.1767610145540173e-11 
4288 23.03804612159729 0.005296601681005919 -0.1256634143289066 0.0 0.007663813182260212 1.3060566087324103e-11 
4289 23.043357133865356 0.0052966017061897375 -0.13551714046252736 0.0 0.00889343437465764 7.836339652394462e-12 
4290 23.048611640930176 0.005296601721300029 -0.14246424706452024 0.0 0.009784604113773923 4.701803791436677e-12 
4291 23.054047107696533 0.005296601730366204 -0.15008541130949965 0.0 0.01054940372793461 2.8210822748620063e-12 
4292 23.059340238571167 0.005296601735805909 -0.1573459264510284 0.0 0.011238379777005824 1.6926493649172036e-12 
4293 23.064751863479614 0.0052966017390697305 -0.16274236893322677 0.0 0.011805163920242496 1.0155896189503222e-12 
4294 23.06998372077942 0.005296601741028025 -0.1694383353419713 0.0 0.012375332176875416 6.093537713701933e-13 
4295 23.075220346450806 0.005296601742203001 -0.1728496074347876 0.0 0.012794132387752143 3.65612262822116e-13 
4296 23.080437421798706 0.005296601742907988 -0.17582466796950744 0.0 0.013122110281059031 2.1936735769326959e-13 
4297 23.08578109741211 0.005296601743330979 -0.17688901448474229 0.0 0.013318897017043165 1.3162041461596174e-13 
4298 23.091074466705322 0.005296601743584775 -0.17757391025609462 0.0 0.013436969058633643 7.897224876957705e-14 
4299 23.096353769302368 0.005296601743737052 -0.17803113558111755 0.0 0.013507812283587932 4.7383349261746225e-14 
4300 23.102856636047363 0.005296601743828418 -0.17835175863834277 0.0 0.013550318218560505 2.843000955704773e-14 
4301 23.10914707183838 0.005296601743883237 -0.17694076641808332 0.0 0.013499124012763195 1.7058005734228638e-14 
4302 23.114524364471436 0.005296601743916129 -0.17525709871796152 0.0 0.013391708232387837 1.0234803440537182e-14 
4303 23.119819164276123 0.005296601743935865 -0.1734091886873998 0.0 0.013250559507265648 6.140882064322309e-15 
4304 23.12507390975952 0.005296601743947705 -0.16981239534792206 0.0 0.01301247175839839 3.684529238593385e-15 
4305 23.13040018081665 0.005296601743954811 -0.1642823067878911 0.0 0.012639522828503237 2.210717543156031e-15 
4306 23.135787963867188 0.005296601743959073 -0.15835723089478937 0.0 0.012185655699875227 1.3264305258936187e-15 
4307 23.14117407798767 0.005296601743961631 -0.14724419582121237 0.0 0.011453141371432704 7.958583155361712e-16 
4308 23.14640760421753 0.005296601743963165 -0.13861477627943705 0.0 0.0107068357467793 4.775149893217027e-16 
4309 23.151659965515137 0.005296601743964086 -0.13158866606236105 0.0 0.01002895609141246 2.8650899359302164e-16 
4310 23.156916856765747 0.005296601743964639 -0.12970460400233183 0.0 0.009622228298192355 1.7190539615581297e-16 
4311 23.162294387817383 0.00529660174396497 -0.051069791934399394 0.0 0.005773336978915413 1.0314323769348778e-16 
4312 23.16755700111389 0.005296601743965169 -0.03993745112708873 0.0 0.0034640021873492475 6.188594261609266e-17 
4313 23.17288374900818 0.005296601743965288 -0.033258046642702335 0.0 0.0020784013124095484 3.7131565569655596e-17 
4314 23.178115129470825 0.00529660174396536 -0.029250403952070507 0.0 0.001247040787445729 2.2278939341793358e-17 
4315 23.18336057662964 0.005296601743965404 -0.0268458183376914 0.0 0.0007482244724674375 1.3367363605076014e-17 
4316 23.188593864440918 0.00529660174396543 -0.025403066969063942 0.0 0.00044893468348046245 8.020418163045608e-18 
4317 23.193867444992065 0.0052966017439654445 -0.024537416147887462 0.0 0.00026936081008827745 4.8122508978273644e-18 
4318 23.19915223121643 0.005296601743965454 -0.024018025655181578 0.0 0.00016161648605296646 2.8873505386964185e-18 
4319 23.204383611679077 0.005296601743965459 -0.023706391359558043 0.0 9.696989163177987e-05 1.732410323217851e-18 
4320 23.20959734916687 0.005296601743965463 -0.023519410782183926 0.0 5.818193497906792e-05 1.0394461939307106e-18 
4321 23.214937925338745 0.005296601743965465 -0.023407222435759455 0.0 3.490916098744075e-05 6.236677163584263e-19 
4322 23.22020721435547 0.005296601743965466 -0.023339909427904773 0.0 2.094549659246445e-05 3.742006298150558e-19 
4323 23.225544452667236 0.005296601743965467 -0.023299521623191963 0.0 1.256729795547867e-05 2.245203778890335e-19 
4324 23.230987071990967 0.005296601743965467 -0.023275288940364278 0.0 7.540378773287202e-06 1.347122267334201e-19 
4325 23.236452102661133 0.005296601743965468 -0.023260749330667668 0.0 4.524227263972321e-06 8.082733604005206e-20 
4326 23.241780996322632 0.005296601743965467 -0.023252025564849704 0.0 2.7145363583833925e-06 4.849640162403124e-20 
4327 23.24700164794922 0.005296601743965468 -0.02324679130535892 0.0 1.6287218150300354e-06 2.9097840974418745e-20 
4328 23.25223135948181 0.005296601743965468 -0.023243650749664453 0.0 9.772330890180213e-07 1.7458704584651248e-20 
4329 23.257471084594727 0.005296601743965468 -0.023241766416247773 0.0 5.863398534108127e-07 1.0475222750790749e-20 
4330 23.262701511383057 0.005296601743965468 -0.023240635816197765 0.0 3.518039120464876e-07 6.285133650474449e-21 
4331 23.268065452575684 0.005296601743965468 -0.02323995745616776 0.0 2.1108234722789257e-07 3.771080190284669e-21 
4332 23.273336172103882 0.005296601743965468 -0.02323955044014975 0.0 1.2664940833673555e-07 2.2626481141708015e-21 
4333 23.278655529022217 0.005296601743965468 -0.023239306230538954 0.0 7.598964500204133e-08 1.3575888685024808e-21 
4334 23.283907175064087 0.005296601743965468 -0.023239159704772475 0.0 4.5593787001224796e-08 8.145533211014884e-22 
4335 23.289247274398804 0.005296601743965468 -0.023239071789312584 0.0 2.7356272200734875e-08 4.887319926608931e-22 
4336 23.294480085372925 0.005296601743965468 -0.02323901904003665 0.0 1.6413763320440923e-08 2.9323919559653583e-22 
4337 23.29971718788147 0.005296601743965468 -0.02323898739047109 0.0 9.848257992264554e-09 1.7594351735792148e-22 
4338 23.30495572090149 0.005296601743965468 -0.023238968400731756 0.0 5.9089547953587324e-09 1.0556611041475288e-22 
4339 23.31017827987671 0.005296601743965468 -0.023238957006888158 0.0 3.545372877215239e-09 6.333966624885172e-23 
4340 23.315404891967773 0.005296601743965468 -0.09912428029999679 0.0 0.0035281575136716327 3.800379974931103e-23 
4341 23.320746183395386 0.005296601743965468 -0.10940390973216771 0.0 0.005645049894650886 2.2802279849586618e-23 
4342 23.326059103012085 0.005296601743965468 -0.11725136267922362 0.0 0.0069918845801354105 1.368136790975197e-23 
4343 23.33147168159485 0.005296601743965468 -0.12122348314295586 0.0 0.007799985391426126 8.208820745851182e-24 
4344 23.33675503730774 0.005296601743965468 -0.12528708265263222 0.0 0.008361545135097528 4.9252924475107086e-24 
4345 23.342264652252197 0.005296601743965468 -0.12863922896458882 0.0 0.00877518023819734 2.9551754685064252e-24 
4346 23.347599983215332 0.005296601743965468 -0.13156512325143477 0.0 0.009100059066838083 1.773105281103855e-24 
4347 23.35293412208557 0.005296601743965468 -0.1325862792385871 0.0 0.009294986364022527 1.063863168662313e-24 
4348 23.35817050933838 0.005296601743965468 -0.13488125588070035 0.0 0.009488641999230166 6.3831790119738775e-25 
4349 23.36341953277588 0.005296601743965468 -0.13552449832353552 0.0 0.00960483538035475 3.8299074071843264e-25 
4350 23.368637561798096 0.005296601743965468 -0.13759337878274208 0.0 0.009751250665926473 2.2979444443105957e-25 
4351 23.373964548110962 0.005296601743965468 -0.1364519294925484 0.0 0.009762400580372536 1.3787666665863573e-25 
4352 23.37924551963806 0.005296601743965468 -0.13821698748090733 0.0 0.009845789785937146 8.272599999518144e-26 
4353 23.384555101394653 0.005296601743965468 -0.13689324470820502 0.0 0.009819124052378938 4.963559999710886e-26 
4354 23.390137910842896 0.005296601743965468 -0.13689924064009024 0.0 0.009803124612244012 2.9781359998265315e-26 
4355 23.39556884765625 0.005296601743965468 -0.1352864012587898 0.0 0.009716825691266084 1.786881599895919e-26 
4356 23.40098524093628 0.005296601743965468 -0.13511828728183262 0.0 0.009665046338679328 1.0721289599375514e-26 
4357 23.406239986419678 0.005296601743965468 -0.052565974031385215 0.0 0.005799027803207597 6.432773759625308e-27 
4358 23.411476135253906 0.005296601743965468 -0.04138409532031355 0.0 0.003479416681924558 3.859664255775185e-27 
4359 23.416688442230225 0.005296601743965468 -0.034674968093670544 0.0 0.0020876500091547346 2.3157985534651108e-27 
4360 23.421908378601074 0.005296601743965468 -0.030649491757684756 0.0 0.0012525900054928408 1.3894791320790665e-27 
4361 23.427308797836304 0.005296601743965468 -0.02823420595609327 0.0 0.0007515540032957045 8.336874792474399e-28 
4362 23.43257761001587 0.005296601743965468 -0.026785034475138383 0.0 0.0004509324019774227 5.002124875484639e-28 
4363 23.437912225723267 0.005296601743965468 -0.02591553158656545 0.0 0.0002705594411864536 3.0012749252907833e-28 
4364 23.443315744400024 0.005296601743965468 -0.02539382985342169 0.0 0.00016233566471187216 1.80076495517447e-28 
4365 23.448687076568604 0.005296601743965468 -0.025080808813535437 0.0 9.740139882712329e-05 1.080458973104682e-28 
4366 23.453993797302246 0.005296601743965468 -0.02489299618960368 0.0 5.844083929627397e-05 6.482753838628091e-29 
4367 23.459242343902588 0.005296601743965468 -0.024780308615244634 0.0 3.506450357776438e-05 3.889652303176855e-29 
4368 23.46447443962097 0.005296601743965468 -0.0247126960706292 0.0 2.103870214665863e-05 2.3337913819061128e-29 
4369 23.46974515914917 0.005296601743965468 -0.02467212854385994 0.0 1.2623221287995177e-05 1.4002748291436678e-29 
4370 23.475097179412842 0.08283164989051137 -0.02464778802779839 0.0 7.573932772797106e-06 -0.003604856133460999 
4371 23.480493307113647 0.0933347587209633 -0.024633183718161457 0.0 4.544359663678263e-06 -0.005767769813537597 
4372 23.48583149909973 0.10626594506391795 -0.024624421132379292 0.0 2.726615798206958e-06 -0.007372312068939209 
4373 23.491166591644287 0.11428933735660822 -0.024619163580909997 0.0 1.6359694789241747e-06 -0.00848843593597412 
4374 23.49649143218994 0.12255299840909273 -0.024616009050028424 0.0 9.815816873545047e-07 -0.009388208026885985 
4375 23.50174331665039 0.13349515591347205 -0.02461411633149948 0.0 5.889490124127028e-07 -0.01031156756591797 
4376 23.50710391998291 0.14121424983520464 -0.024612980700382106 0.0 3.5336940744762167e-07 -0.011095678079795838 
4377 23.512416124343872 0.14688585448668656 -0.024612299321711682 0.0 2.1202164446857298e-07 -0.011719542901916504 
4378 23.51766586303711 0.15374691819700126 -0.024611890494509434 0.0 1.2721298668114379e-07 -0.012323959565879823 
4379 23.522900104522705 0.15890693463772815 -0.02461164519818808 0.0 7.632779200868626e-08 -0.01284000807805176 
4380 23.528141736984253 0.16546430514000787 -0.024611498020395268 0.0 4.579667520521176e-08 -0.013379734956045839 
4381 23.533475875854492 0.1704453653743319 -0.02461140971371958 0.0 2.7478005123127053e-08 -0.01385696959663623 
4382 23.538816690444946 0.17524887180389445 -0.024611356729714175 0.0 1.6486803073876232e-08 -0.014296705914552173 
4383 23.544116735458374 0.18159692968225133 -0.024611324939310928 0.0 9.892081844325738e-09 -0.014790645475992657 
4384 23.54954242706299 0.18645696592267508 -0.024611305865068978 0.0 5.935249106595443e-09 -0.015240407726650891 
4385 23.554852962493896 0.19284217160364445 -0.024611294420523813 0.0 3.5611494639572655e-09 -0.01574036284773675 
4386 23.560101747512817 0.19442838431011678 -0.02461128755379671 0.0 2.136689678374359e-09 -0.016040335920388265 
4387 23.56546378135681 0.1954361789388 -0.024611283433760445 0.0 1.2820138070246154e-09 -0.016220319763979175 
4388 23.57076382637024 0.1911478648199042 -0.024611280961738695 0.0 7.692082842147692e-10 -0.016098212299442805 
4389 23.575994968414307 0.18433122136135066 -0.024611279478525636 0.0 4.6152497052886153e-10 -0.01571815079313309 
4390 23.581220865249634 0.17676202919356288 -0.024611278588597803 0.0 2.769149823173169e-10 -0.015183319841991609 
4391 23.586655616760254 0.15884049034637335 -0.024611278054641108 0.0 1.6614898939039013e-10 -0.014095428702336994 
4392 23.591925144195557 0.15085087513995207 -0.024611277734267082 0.0 9.968939363423408e-11 -0.013212599228085545 
4393 23.597239017486572 0.14179973045986874 -0.024611277542042672 0.0 5.981363618054044e-11 -0.012376104515946784 
4394 23.60247254371643 0.1345257686591144 -0.024611277426708027 0.0 3.5888181708324266e-11 -0.01164410991797261 
4395 23.6076443195343 0.12589948221896824 -0.024611277357507236 0.0 2.153290902499456e-11 -0.010898116131600216 
4396 23.612897872924805 0.11887593585671591 -0.024611277315986765 0.0 1.2919745414996735e-11 -0.010220425069318102 
4397 23.618212938308716 0.03780931505125492 -0.02461127729107448 0.0 7.751847248998041e-12 -0.006132255041590861 
4398 23.623517751693726 0.025984896471558033 -0.02461127727612711 0.0 4.6511083493988245e-12 -0.003679353024954516 
4399 23.628816843032837 0.018890245323739903 -0.024611277267158692 0.0 2.7906650096392946e-12 -0.0022076118149727095 
4400 23.634061574935913 0.014633454635049028 -0.02461127726177764 0.0 1.6743990057835766e-12 -0.0013245670889836256 
4401 23.639420747756958 0.012079380221834506 -0.024611277258549003 0.0 1.004639403470146e-12 -0.0007947402533901753 
4402 23.64467430114746 0.010546935573905788 -0.024611277256611826 0.0 6.027836420820876e-13 -0.00047684415203410517 
4403 23.650103092193604 0.009627468785148557 0.05292377089109637 0.0 -0.0036048561330993285 -0.00028610649122046307 
4404 23.655484914779663 0.009075788711894222 0.06837593762315132 0.0 -0.005997867584011513 -0.00017166389473227784 
4405 23.660780429840088 0.00874478066794162 0.07867816489727239 0.0 -0.007587069988120532 -0.0001029983368393667 
4406 23.66617465019226 0.008546175841570058 0.09325756269815971 0.0 -0.009000786971967777 -6.179900210362001e-05 
4407 23.67145562171936 0.00842701294574712 0.09744105859719607 0.0 -0.009849017162276125 -3.7079401262172004e-05 
4408 23.676868200302124 0.008355515208253358 0.10988708457075141 0.0 -0.010818150817842969 -2.2247640757303203e-05 
4409 23.682236671447754 0.008312616565757103 0.11939314880303939 0.0 -0.011706425058538729 -1.3348584454381921e-05 
4410 23.687472820281982 0.00828687738025935 0.12702223681358782 0.0 -0.012469487373647102 -8.009150672629152e-06 
4411 23.69286036491394 0.008271433868960695 0.1326443717218222 0.0 -0.01308072327650607 -4.805490403577491e-06 
4412 23.698168516159058 0.008262167762181503 0.1378306312250052 0.0 -0.013600863332015397 -2.8832942421464944e-06 
4413 23.703486919403076 0.008256608098113988 0.14275666937252457 0.0 -0.01406634587911494 -1.7299765452878966e-06 
4414 23.70875072479248 0.00825327229967348 0.14752781449368785 0.0 -0.01449903094093637 -1.037985927172738e-06 
4415 23.7140154838562 0.08908562680076704 0.15385710753068885 0.0 -0.014988739748720146 -0.0037588744585790087 
4416 23.719287157058716 0.10003446797036579 0.15540716487604564 0.0 -0.015282565033390413 -0.00601357634217011 
4417 23.724509954452515 0.11983320554704305 0.16628877431513628 0.0 -0.01591905574557441 -0.007979991527500552 
4418 23.72976851463318 0.1305627261308359 0.1748718993248135 0.0 -0.016607747200472697 -0.009389938409389736 
4419 23.734987258911133 0.14133725706144104 0.18526214845616015 0.0 -0.017404455377664295 -0.0105427005858789 
4420 23.740192651748657 0.15137450328321378 0.19432334712030372 0.0 -0.018189277311567144 -0.011541154919360287 
4421 23.745598316192627 0.1626216426190678 0.2000573141115703 0.0 -0.0188135689857028 -0.012523723803933982 
4422 23.750946044921875 0.1721812349055253 0.2036805451574488 0.0 -0.019264843247081165 -0.013420059182033851 
4423 23.756338834762573 0.1814979931833647 0.20515529318177925 0.0 -0.019535607803908183 -0.014264657436481663 
4424 23.761642456054688 0.18902194306147674 0.20115888606124507 0.0 -0.01946796876731348 -0.01500151415984127 
4425 23.766865015029907 0.19293978436583592 0.19617880772965032 0.0 -0.019197287574665736 -0.015520327450754006 
4426 23.772075176239014 0.1962285976075664 0.18895688487339984 0.0 -0.018728081831489198 -0.015908314682198617 
4427 23.777309894561768 0.1974909599884349 0.18115430419691636 0.0 -0.018139764338227626 -0.016141107021065387 
4428 23.782525062561035 0.19665475845478725 0.17300062717624293 0.0 -0.01747997681468279 -0.016204083167488476 
4429 23.787749767303467 0.19367607323074754 0.16298402840967494 0.0 -0.016700608016071025 -0.016088470341548384 
4430 23.792991876602173 0.18852790050710652 0.152613473546447 0.0 -0.015849493432651345 -0.01578900487529341 
4431 23.79831290245056 0.1877921299225292 0.15027562126433197 0.0 -0.015338824682599533 -0.015609325595540426 
4432 23.803577661514282 0.17585508524602622 0.13077591185170467 0.0 -0.01418873160670175 -0.014964626209642066 
4433 23.809012413024902 0.16751062451496074 0.11765732897408487 0.0 -0.013038483200013481 -0.014271009550515159 
4434 23.814253091812134 0.15901815847183637 0.10617813960017221 0.0 -0.011964837871515657 -0.013548042527451124 
4435 23.819595098495483 0.1520840315340359 0.09821173577735545 0.0 -0.011090552903726045 -0.012884167523154025 
4436 23.824930667877197 0.14531586578209363 0.090817126416531 0.0 -0.010335887132593598 -0.012255744749884848 
4437 23.830196619033813 0.1386453507129377 0.08541322999150412 0.0 -0.009729689156120184 -0.011648593315232422 
4438 23.835421800613403 0.1353308421563399 0.007849504428300867 0.0 -0.00583781349367211 -0.011207603197543995 
4439 23.840630531311035 0.13084561445868528 -0.003407162143980815 0.0 -0.0035026880962032657 -0.010789610613136992 
4440 23.845850229263306 0.12477395799103057 -0.010161162087349816 0.0 -0.0021016128577219595 -0.010308717291801873 
4441 23.851221561431885 0.1168658591326512 -0.014213562053371225 0.0 -0.0012609677146331758 -0.00971338725164515 
4442 23.856635808944702 0.039333567445053515 -0.016645002032984073 0.0 -0.0007565806287799054 -0.00582803235098709 
4443 23.862057209014893 0.028095761198135186 -0.01810386602075178 0.0 -0.0004539483772679432 -0.0034968194105922537 
4444 23.867313861846924 0.021353077449984183 -0.018979184413412405 0.0 -0.0002723690263607659 -0.0020980916463553523 
4445 23.872552156448364 0.017307467201093586 -0.01950437544900878 0.0 -0.00016342141581645955 -0.0012588549878132114 
4446 23.87778925895691 0.014880101051759222 -0.019819490070366604 0.0 -9.805284948987573e-05 -0.0007553129926879268 
4447 23.88303256034851 0.013423681362158605 -0.0200085588431813 0.0 -5.883170969392543e-05 -0.0004531877956127561 
4448 23.8883376121521 0.012549829548398235 -0.020122000106870118 0.0 -3.529902581635526e-05 -0.00027191267736765363 
4449 23.89359426498413 0.012025518460142012 -0.020190064865083405 0.0 -2.1179415489813156e-05 -0.00016314760642059217 
4450 23.898814916610718 0.011710931807188279 -0.020230903720011382 0.0 -1.2707649293887894e-05 -9.78885638523553e-05 
4451 23.904245615005493 0.011522179815416039 0.05727964111357772 0.0 -0.0036124807230373313 -5.873313831141318e-05 
4452 23.909537315368652 0.011408928620352695 0.07766609965774172 0.0 -0.006232537128432994 -3.5239882986847904e-05 
4453 23.914852142333984 0.011340977903314687 0.0952287178884596 0.0 -0.008264766513052229 -2.114392979210874e-05 
4454 23.920088291168213 0.011300207473091885 0.11275053565753249 0.0 -0.010020995961870338 -1.2686357875265245e-05 
4455 23.925321102142334 0.011275745214958204 0.1278358520967811 0.0 -0.011534929172543042 -7.611814725159147e-06 
4456 23.930654525756836 0.011261067860077995 0.14058045619991566 0.0 -0.012826785383431526 -4.567088835095488e-06 
4457 23.9360032081604 0.011252261447149867 0.15269082108844453 0.0 -0.01398539241421724 -2.7402533010572926e-06 
4458 23.941279649734497 0.011246977599392992 0.16442399604394367 0.0 -0.015064052917173533 -1.6441519806343755e-06 
4459 23.94658136367798 0.09207816327089671 0.1874818246241753 0.0 -0.01663163732147874 -0.0037592381582110855 
4460 23.951817274093628 0.1030263031427416 0.19217718299435496 0.0 -0.017572187964061868 -0.006013794561949356 
4461 23.957892894744873 0.11787556203986091 0.2049570560656289 0.0 -0.01859671389099358 -0.0077500246886771824 
4462 23.963242292404175 0.14113184092720044 0.22458827397339193 0.0 -0.019978419035890094 -0.009635451610348338 
4463 23.968527793884277 0.154939525850878 0.23702044788615348 0.0 -0.02119093542708063 -0.011150204047835895 
4464 23.97377324104309 0.16768323972627236 0.2473217960732053 0.0 -0.022225242289382836 -0.012442551794813291 
4465 23.979016065597534 0.1797917665907899 0.25711421936621337 0.0 -0.02315262343435205 -0.013601453747252355 
4466 23.98426914215088 0.19152253484451492 0.2666038954975296 0.0 -0.02401584914892147 -0.014680291203200656 
4467 23.989521026611328 0.20302987784786022 0.27426478103927154 0.0 -0.024763879368121803 -0.0157110899612545 
4468 23.994747400283813 0.2144063613190707 0.2815974345046051 0.0 -0.02544279527033292 -0.016713062520339432 
4469 23.99994945526123 0.22735736863370246 0.28708538878585355 0.0 -0.026003543325453536 -0.017774441597172227 
4470 24.005176305770874 0.2388402294779029 0.2905851340460194 0.0 -0.02641669141542288 -0.018794762347524526 
4471 24.010530471801758 0.24856286263757946 0.29200991243922036 0.0 -0.026664580269404485 -0.019713751825323797 
4472 24.01588201522827 0.25634924376095497 0.29130701731424363 0.0 -0.026736614324896473 -0.020495243282694278 
4473 24.02125906944275 0.26209313609560203 0.2884441727366781 0.0 -0.026626436244397724 -0.021117536670910514 
4474 24.026612997055054 0.2673798316133488 0.2801020533685809 0.0 -0.02617683609184585 -0.021644311217634202 
4475 24.031879425048828 0.26909414099438567 0.2790184230721832 0.0 -0.025907076000314725 -0.021960375945668412 
4476 24.037102460861206 0.26854931786436753 0.27350589527537317 0.0 -0.025515122174705133 -0.022073315525591965 
4477 24.042316675186157 0.26246629795209686 0.2560872490853943 0.0 -0.02451295731036965 -0.02183428224595821 
4478 24.047518014907837 0.2570084158696178 0.24348616837366543 0.0 -0.023451465830618762 -0.021460764507487035 
4479 24.052830457687378 0.2561057259858988 0.24060176693540133 0.0 -0.02281457094276823 -0.02123665386440433 
4480 24.058072566986084 0.24573712201304054 0.21749959397945445 0.0 -0.021435346650629506 -0.02064199491740511 
4481 24.063570022583008 0.2375862913950369 0.20542658010004988 0.0 -0.020224315790861407 -0.019978402521617686 
4482 24.06889271736145 0.23087924764656304 0.19053258336510526 0.0 -0.01896080545695398 -0.019350149313454315 
4483 24.074196815490723 0.22591921358675493 0.17712501053864368 0.0 -0.017742503715227686 -0.018819798874762348 
4484 24.079426765441895 0.21464040911626023 0.16383848172884796 0.0 -0.016551330109042313 -0.01804139605039757 
4485 24.08465838432312 0.2009846211688467 0.15391994572357154 0.0 -0.015529828917743196 -0.01703745955749989 
4486 24.089906215667725 0.18336579406717674 0.14613532825762368 0.0 -0.01468683043227281 -0.01574480732992077 
4487 24.095245122909546 0.16324754537378072 0.13721242754828386 0.0 -0.013874234313402688 -0.014202226404635813 
4488 24.10049080848694 0.14074036681552085 0.13002069175443765 0.0 -0.013156581851621935 -0.012432986023598137 
4489 24.10573101043701 0.051572499051674006 0.12309861263255159 0.0 -0.012495892603862566 -0.007459791614158882 
4490 24.11097288131714 0.03718828020153238 0.11633640148511308 0.0 -0.011869381284516027 -0.004475874968495329 
4491 24.116360425949097 0.028557748891447392 0.10966815529129217 0.0 -0.011263376722217184 -0.0026855249810971977 
4492 24.121628046035767 0.023379430105396407 0.1080033901394967 0.0 -0.01089977398483788 -0.0016113149886583186 
4493 24.1269474029541 0.020272438833765814 0.01795695009100664 0.0 -0.006539864390902727 -0.0009667889931949911 
4494 24.132211923599243 0.01840824407078746 0.005346565576988316 0.0 -0.0039239186345416364 -0.0005800733959169947 
4495 24.13746690750122 0.017289727213000445 -0.0022196651314226965 0.0 -0.0023543511807249816 -0.0003480440375501968 
4496 24.14271092414856 0.01661861709832824 -0.00675940355646929 0.0 -0.001412610708434989 -0.00020882642253011805 
4497 24.14798903465271 0.016215951029524917 -0.00948324661149725 0.0 -0.0008475664250609934 -0.00012529585351807082 
4498 24.153340101242065 0.015974351388242925 -0.011117552444514026 0.0 -0.000508539855036596 -7.517751211084249e-05 
4499 24.158629417419434 0.015829391603473728 -0.012098135944324092 0.0 -0.0003051239130219576 -4.510650726650549e-05 
4500 24.163884162902832 0.01574241573261221 -0.012686486044210132 0.0 -0.00018307434781317456 -2.7063904359903294e-05 
4501 24.169386863708496 -0.061844817936450594 -0.013039496104141755 0.0 -0.00010984460868790473 0.0035886177908450567 
4502 24.17471671104431 -0.07897791784796175 0.06263406003947662 0.0 -0.0035940636417767687 0.0060648208553236846 
4503 24.18006420135498 -0.09447151618269153 0.07938535816133235 0.0 -0.005991392089217978 0.007934038978495725 
4504 24.18537449836731 -0.10656796495151 0.09134975766733264 0.0 -0.007659883948141382 0.009362366879986839 
4505 24.19065237045288 -0.11739566022416079 0.09956137431418731 0.0 -0.00881437757728937 0.010526157668237161 
4506 24.195940017700195 -0.11756668924934972 0.10958895983350618 0.0 -0.009813870782366053 0.011071033627393409 
4507 24.201235055923462 -0.1192437121841274 0.1125760054452246 0.0 -0.010413566705412063 0.011397959202887158 
4508 24.20652151107788 -0.10379355075735856 0.13255317892459031 0.0 -0.011617073104874129 0.010827124959445919 
4509 24.211960554122925 -0.09232919905740658 0.1476960322558388 0.0 -0.012876071742830179 0.010024431852231577 
4510 24.217288732528687 -0.014197140802804806 0.1630107334772336 0.0 -0.014168362743650378 0.006014659111338946 
4511 24.22322678565979 -0.0025994746156839978 0.1850318806833662 0.0 -0.01578742618977696 0.0036087954668033674 
4512 24.228604316711426 0.00435912509658848 0.19976773082513288 0.0 -0.017219059798834743 0.0021652772800820203 
4513 24.23394751548767 0.008534284923951968 0.2139711833325828 0.0 -0.01853823252541901 0.001299166368049212 
4514 24.23920726776123 0.011039380820370058 0.22620951683189156 0.0 -0.019713232445854434 0.0007794998208295272 
4515 24.244476318359375 0.012542438358220914 0.2363893154444123 0.0 -0.020725029425703576 0.00046769989249771627 
4516 24.249733448028564 0.013444272880931429 0.24610352936823965 0.0 -0.021638901660968716 0.00028061993549862975 
4517 24.255033016204834 0.013985373594557735 0.25554109413090076 0.0 -0.02249402202971569 0.00016837196129917785 
4518 24.260313272476196 0.01431003402273352 0.26316556140230585 0.0 -0.023237192021654793 0.00010102317677950671 
4519 24.26573896408081 0.01450483027963899 0.27047111857897776 0.0 -0.023913191787509173 6.061390606770402e-05 
4520 24.27120018005371 0.014621708033782273 0.27593759956289227 0.0 -0.024472190160815747 3.6368343640622415e-05 
4521 24.27693796157837 0.014691834686268241 0.28106886718716406 0.0 -0.024960984718361397 2.1821006184373448e-05 
4522 24.282249212265015 0.10876575439366598 0.2860004045603331 0.0 -0.025407659966682733 -0.004358753118487863 
4523 24.287583827972412 0.1297772395196011 0.28586431996697964 0.0 -0.02559896585877856 -0.007370593877776067 
4524 24.292883157730103 0.1451882679249194 0.2866376739239068 0.0 -0.025713749394036055 -0.009484492380704642 
4525 24.298142433166504 0.1596584024858559 0.2855400124750641 0.0 -0.02570592025829358 -0.01113632776694665 
4526 24.303405284881592 0.17115055212032076 0.2857357683750142 0.0 -0.025701222776848096 -0.012434226026279745 
4527 24.30867648124695 0.1832751330092503 0.2859405821152701 0.0 -0.025698404287980807 -0.013596458286132228 
4528 24.313974618911743 0.1950155336776225 0.28615083055970963 0.0 -0.025696713194660433 -0.01467729392652858 
4529 24.319225788116455 0.20652865612975613 0.2896637117605963 0.0 -0.025849097052462154 -0.015709291595251255 
4530 24.324488162994385 0.2228576651711452 0.29692486329871615 0.0 -0.026247324394731077 -0.016942081271428402 
4531 24.32991337776184 0.24143015975260626 0.30820297160990806 0.0 -0.026946456341474266 -0.018372045408975204 
4532 24.335228443145752 0.2622373706242551 0.32036111640878023 0.0 -0.027826128070669774 -0.019997016460473013 
4533 24.34059429168701 0.2737267284334245 0.32645254477180397 0.0 -0.028507329621981027 -0.02127879313872735 
4534 24.345911264419556 0.27928097357006887 0.3336228736012106 0.0 -0.029146148323458694 -0.022124558402576926 
4535 24.35128664970398 0.2786266930505631 0.34562449977310894 0.0 -0.029989632105494893 -0.022478619047092724 
4536 24.356598615646362 0.27489734909026575 0.36317699008391585 0.0 -0.031186015686789366 -0.022460960643343526 
4537 24.362097024917603 0.27503696782700243 0.3669176851592721 0.0 -0.03190384583556605 -0.022450365601094008 
4538 24.367456197738647 0.2751970162773726 0.4055671992867432 0.0 -0.03402192161610098 -0.022444008575744294 
4539 24.372882604599 0.28031831635650345 0.42025803740535483 0.0 -0.03567626336890681 -0.022670289150993145 
4540 24.3782000541687 0.2844677534473794 0.43526536557155276 0.0 -0.037129060981739896 -0.022959456009936402 
4541 24.383595943450928 0.2921017113332541 0.45134928670371877 0.0 -0.03853763434771856 -0.023439753152890246 
4542 24.388983011245728 0.2969956323989859 0.46896632671660216 0.0 -0.039996369442249304 -0.0238813299524565 
4543 24.3943030834198 0.30178082039793885 0.4850918689487622 0.0 -0.04140850529724655 -0.024299674545990198 
4544 24.39956521987915 0.30320270051025455 0.5027436607515647 0.0 -0.04286937788518845 -0.024550681302110418 
4545 24.404865026474 0.30579026699549583 0.520549519154567 0.0 -0.04435949549312937 -0.02477798461267952 
4546 24.41013240814209 0.30831087262904383 0.5401026251314794 0.0 -0.04594385638973443 -0.024991064365801834 
4547 24.415445804595947 0.30914231466694875 0.5599429843539114 0.0 -0.04758476325953799 -0.025118912217675222 
4548 24.420759439468384 0.311376922182245 0.5783119411248319 0.0 -0.0491829014365959 -0.02527232018569623 
4549 24.426156759262085 0.3103877164247526 0.5965701706406372 0.0 -0.050755375417774196 -0.02528766570961186 
4550 24.431516647338867 0.31229692783178015 0.6147672732301577 0.0 -0.05231245386165695 -0.02537357228085821 
4551 24.43711280822754 0.3127621703762953 0.6329328213107287 0.0 -0.053860292002930146 -0.02542511622360602 
4552 24.4423770904541 0.3098286842884981 0.6626324837811692 0.0 -0.05593948076091641 -0.025302645565576883 
4553 24.447654724121094 0.3047389093662594 0.6839953302308547 0.0 -0.057877284347548685 -0.02499906540006848 
4554 24.452906370162964 0.3040694706833415 0.6901168003473344 0.0 -0.05903996649952806 -0.02481691730076344 
4555 24.458192825317383 0.2872543963674216 0.7302893110549531 0.0 -0.061424953481984595 -0.023940635872210687 
4556 24.463407039642334 0.28161289876063483 0.7591859664128754 0.0 -0.06385303601111916 -0.023261471481517332 
4557 24.468659162521362 0.284786574597405 0.7832793994440441 0.0 -0.06607687809756962 -0.023084067637559998 
4558 24.474039554595947 0.2960152150340235 0.8067982680222558 0.0 -0.06817816995794515 -0.023514520129464405 
4559 24.47935175895691 0.3123127376419098 0.8233803612522865 0.0 -0.0698991406155523 -0.024463083446563685 
4560 24.484741687774658 0.32682411486232776 0.8388722116067444 0.0 -0.07139191855149843 -0.025569114744985938 
4561 24.490221977233887 0.33685329568041833 0.8570130716312474 0.0 -0.07290117340777741 -0.026539529061511066 
4562 24.495519399642944 0.34649674412608994 0.8669663257890952 0.0 -0.07403682409223572 -0.027428573188897912 
4563 24.500844717025757 0.3559113929605412 0.8708948175972993 0.0 -0.07471821450291072 -0.02826879669291791 
4564 24.506110668182373 0.36849069478560825 0.8669106858347517 0.0 -0.07482025172172782 -0.029233124846595626 
4565 24.511337518692017 0.37978904385073353 0.8546457267636737 0.0 -0.07426788595830677 -0.030195216533171 
4566 24.51657247543335 0.3910890735346157 0.8371754663453197 0.0 -0.07316947393128442 -0.031155966339484968 
4567 24.5217866897583 0.3941449735108239 0.8346064100940329 0.0 -0.07251042671507102 -0.031732416223273344 
4568 24.527029037475586 0.4076371133247326 0.7689705902424917 0.0 -0.06912373630705775 -0.03261517946170906 
4569 24.532280206680298 0.41047885783413673 0.7597194676967822 0.0 -0.06709172206224978 -0.03314483740477049 
4570 24.53763175010681 0.3875541048884247 0.7114948358111881 0.0 -0.0638783387965082 -0.03231214778750112 
4571 24.54305362701416 0.3672631979509979 0.6862058063962924 0.0 -0.06118331924832576 -0.030968843681388917 
4572 24.54836130142212 0.3421781468933573 0.66569907558473 0.0 -0.05895271346424051 -0.02916577385829319 
4573 24.553669691085815 0.31739179032478 0.6432232452164697 0.0 -0.056847360405051874 -0.027163543861904317 
4574 24.558987617492676 0.29036014861483095 0.6177940191043665 0.0 -0.05466376046700726 -0.02496511850464259 
4575 24.564279794692993 0.26109016717950506 0.5871698594841196 0.0 -0.052203114630958135 -0.022572276673960175 
4576 24.569499015808105 0.23288473325865236 0.5524205664020365 0.0 -0.04942284274231237 -0.02013948421612232 
4577 24.57471776008606 0.2012431881010217 0.5134197234295642 0.0 -0.04629739670831467 -0.017529322868197257 
4578 24.580078840255737 0.17071386817630985 0.4667908689885922 0.0 -0.04265805213975016 -0.01488943944311684 
4579 24.585310459136963 0.0691394593574691 0.41368909558511147 0.0 -0.03848027067975464 -0.008933663665870104 
4580 24.59054708480835 0.0519132712881495 0.3556882260919876 0.0 -0.033826028571106566 -0.005360198199522062 
4581 24.595970392227173 0.04157755844655775 0.2929642577766025 0.0 -0.02873251155947302 -0.003216118919713237 
4582 24.601236820220947 0.03537613074160269 0.2784113078543614 0.0 -0.02567640135249289 -0.0019296713518279422 
4583 24.606577396392822 0.03165527411862966 0.16582135608616744 0.0 -0.01901069694495673 -0.0011578028110967654 
4584 24.61185050010681 0.029422760144845836 0.06908336098932041 0.0 -0.011406418166974039 -0.0006946816866580592 
4585 24.61720061302185 0.028083251760575547 0.04708912526582215 0.0 -0.006843850900184423 -0.00041680901199483554 
4586 24.622447967529297 -0.06510261101892426 -0.14262330183130933 0.0 0.004100486106007511 0.004045061058104613 
4587 24.62770390510559 -0.09789534028186136 -0.22229331424133592 0.0 0.012891360799270401 0.007642571202695715 
4588 24.63295269012451 -0.1381057121632444 -0.27763552815955495 0.0 0.019546468514083343 0.011181660933363645 
4589 24.63816499710083 -0.17817638506252487 -0.3251800078772865 0.0 0.024843416784929344 0.014685695435445434 
4590 24.643383741378784 -0.21982475337780105 -0.37377296453047615 0.0 0.029555566415028038 0.018245399037504748 
4591 24.649214029312134 -0.2616651034760394 -0.4174077200154309 0.0 0.03376343909194247 0.021838504099550578 
4592 24.654571056365967 -0.29868397164780647 -0.446415811755858 0.0 0.03705515303188667 0.0252215522668974 
4593 24.659871101379395 -0.3367709813108492 -0.46124258059938533 0.0 0.03926027842148605 0.02855526257408955 
4594 24.665149688720703 -0.37639274616126145 -0.47128177466923016 0.0 0.040736752169039624 0.03193607240231811 
4595 24.67049765586853 -0.40958133284590226 -0.475917340946685 0.0 0.04162263641757177 0.035038344915580624 
4596 24.67576265335083 -0.432089058391712 -0.47224598784385213 0.0 0.04184737068416123 0.037513302478713914 
4597 24.681200742721558 -0.4395979206794396 -0.4732545660125365 0.0 0.0419822112441149 0.03899827701659389 
4598 24.686487674713135 -0.4442434055640758 -0.4410095169299499 0.0 0.04052913491249601 0.03988926173932188 
4599 24.691736221313477 -0.4405721201389829 -0.4107377711545485 0.0 0.03843010398340535 0.040117055545370775 
4600 24.69697594642639 -0.4333264490622285 -0.3719729090974232 0.0 0.03563670475835986 0.03987023554451525 
4601 24.702821254730225 -0.4016043400077944 -0.28992504078658077 0.0 0.030509207603665513 0.03826486064319169 
4602 24.708181619644165 -0.3774696491941292 -0.23569614206051478 0.0 0.02559193310578604 0.03638124759986613 
4603 24.713486671447754 -0.34921126610932846 -0.18533550422530415 0.0 0.020954189225673315 0.034177293157545405 
4604 24.718809843063354 -0.3200035256135473 -0.13574750996478677 0.0 0.01648416371622064 0.031781133875827594 
4605 24.72410821914673 -0.29021704348493904 -0.038768026334768724 0.0 0.009890498229732385 0.02926965169047153 
4606 24.729416370391846 -0.26007418919039577 -0.019696837964924406 0.0 0.005934298937839431 0.026688975762932516 
4607 24.734635829925537 -0.22640907657644077 -0.008254124943017811 0.0 0.0035605793627036587 0.023913388056522024 
4608 24.739860773086548 -0.19215406915785654 -0.0013884971298738624 0.0 0.002136347617622195 0.0210208503025564 
4609 24.74508833885193 -0.15588503761824274 0.09511303730695013 0.0 -0.0030133378947281974 0.017981443263160733 
4610 24.750353813171387 -0.12081318712465978 0.14474234326699859 0.0 -0.007713830616742619 0.014930613909404008 
4611 24.756183385849 -0.02299434717229054 0.19310658933965405 0.0 -0.012144804684323222 0.008958368345642405 
4612 24.76153826713562 -0.005720522715944663 0.2060822429431992 0.0 -0.014803389124871582 0.005375021007385443 
4613 24.76687479019165 0.004643771957862863 0.2815684577537323 0.0 -0.01954320038127976 0.0032250126044312656 
4614 24.772157430648804 0.010862348762147377 0.3251984839430731 0.0 -0.023767670779037936 0.0019350075626587593 
4615 24.777413845062256 0.014593494844718084 0.36901692326897423 0.0 -0.027759632938270846 0.0011610045375952556 
4616 24.782824754714966 0.12076207791165279 0.4319900661931116 0.0 -0.03253248123715227 -0.004135435560790931 
4617 24.7881338596344 0.15927945668097557 0.4675780473469736 0.0 -0.03639327757590953 -0.00838708623614802 
4618 24.793428897857666 0.19314813486155374 0.4988995571533898 0.0 -0.039630143481695315 -0.01193516698102292 
4619 24.798662900924683 0.22005390872218872 0.5350347438870539 0.0 -0.04279944815528611 -0.014831005016685345 
4620 24.803895711898804 0.24014040901068814 0.567701225640857 0.0 -0.045774817575765965 -0.017105399656129373 
4621 24.80987024307251 0.25349189264268823 0.5948805388300158 0.0 -0.04840372807368834 -0.01877683346738368 
4622 24.81523609161377 0.25850717809223583 0.6111776482409991 0.0 -0.05036457065692663 -0.01977969375413626 
4623 24.820514678955078 0.26488808684212795 0.6239009347480227 0.0 -0.05184787323445749 -0.020534808439981754 
4624 24.82575750350952 0.27715436808920374 0.6368991497230181 0.0 -0.053121348085228635 -0.02144806981263865 
4625 24.83105182647705 0.28823822213115935 0.6459993108716232 0.0 -0.05411553076638223 -0.02237952292071765 
4626 24.83630061149597 0.2911344125002657 0.6493474929901568 0.0 -0.05471204037507439 -0.02293839478556505 
4627 24.841548204421997 0.29955171137838543 0.6416474136960706 0.0 -0.054609753579140094 -0.023580514932061383 
4628 24.846890926361084 0.29831819705895735 0.6319163274288134 0.0 -0.05408818596019768 -0.023812388506165235 
4629 24.85218858718872 0.29424516038048315 0.6209628192181992 0.0 -0.05331505282768263 -0.023721414879936627 
4630 24.857412099838257 0.28428445322391976 0.6059724803682167 0.0 -0.05223757889299782 -0.023206638143049865 
4631 24.86277723312378 0.254941634411666 0.5719423609890775 0.0 -0.0501338116313767 -0.021593887713901513 
4632 24.868057012557983 0.23394318561615507 0.5481103625798797 0.0 -0.048027862428769566 -0.019859247867675015 
4633 24.873354196548462 0.22907268700575767 0.5424006063820304 0.0 -0.04676429290720528 -0.018818463959939115 
4634 24.87857723236084 0.18826634947910242 0.5011846580150189 0.0 -0.04424207424610081 -0.016429913686899444 
4635 24.883953094482422 0.16167085884393617 0.47278756474347033 0.0 -0.04173165569000973 -0.014076395420544209 
4636 24.889276027679443 0.06422083050745313 0.4411040414653324 0.0 -0.03907491868313273 -0.008445837252326525 
4637 24.894520044326782 0.047935285589608696 0.407323180224289 0.0 -0.0362536913488872 -0.005067502351395915 
4638 24.89976978302002 0.03816395863890205 0.37139079173389794 0.0 -0.03325707056132359 -0.0030405014108375486 
4639 24.905133724212646 0.03230116246847806 0.33327377457893476 0.0 -0.0300785174251044 -0.0018243008465025292 
4640 24.91042733192444 0.028783484766223673 0.2896520860550036 0.0 -0.026560704128768695 -0.0010945805079015174 
4641 24.9160475730896 0.026672878144871036 0.2796582526329132 0.0 -0.02445001615096727 -0.0006567483047409104 
4642 24.921314001083374 0.025406514172059455 0.2093967577150879 0.0 -0.020192341286001197 -0.00039404898284454623 
4643 24.926650285720825 0.02464669578837251 0.16585545209372896 0.0 -0.016180453466211314 -0.00023642938970672774 
4644 24.93192410469055 -0.05334424338838555 0.06690495079488816 0.0 -0.009708272079726788 0.003462998499636962 
4645 24.937169790267944 -0.08226736837329361 0.04818513696168963 0.0 -0.005824963247836073 0.006526344078877636 
4646 24.94239854812622 -0.10771896310957639 0.03695324866177052 0.0 -0.0034949779487016435 0.009131341015159528 
4647 24.947699785232544 -0.1450586394129063 0.030214115681819052 0.0 -0.002096986769220986 0.012074922820841931 
4648 24.952967166900635 -0.15371267576057146 0.02617063589384818 0.0 -0.0012581920615325915 0.013841071904251375 
4649 24.95819592475891 -0.16885921627545644 -0.06368855182696635 0.0 0.0033101334576910407 0.015360953915446637 
4650 24.963551998138428 -0.18660268135020944 -0.13802635095427634 0.0 0.008888993823832611 0.016886477177339577 
4651 24.96944260597229 -0.19117801403434198 -0.18235361993943427 0.0 0.013540192940417731 0.01780179113447534 
4652 24.974799871444702 -0.19233872186889162 -0.2207261355372222 0.0 0.017481398283591153 0.01827428025185983 
4653 24.98009443283081 -0.18891762348504043 -0.2504708046014147 0.0 0.02068981033512967 0.0183276759515996 
4654 24.98534893989563 -0.18427947067703748 -0.2731648815257735 0.0 0.023228450131112438 0.018129615600752547 
4655 24.990802764892578 -0.17890912938349246 -0.2889857556580403 0.0 0.025135130293186966 0.017780681619553394 
4656 24.996110677719116 -0.178046577068477 -0.29473850080437497 0.0 0.02627913839043168 0.017571321230833905 
4657 25.001465320587158 -0.17098904066612108 -0.29993498532080526 0.0 0.02704224101555936 0.01713891095024656 
4658 25.006762742996216 -0.16657915436912685 -0.29743270795495286 0.0 0.02727000631006117 0.016726066268100206 
4659 25.012043714523315 -0.16222259891236523 -0.29007778618096547 0.0 0.027023170692393513 0.01632496094501845 
4660 25.017388343811035 -0.15624705210540743 -0.2796922851771533 0.0 0.026414873780411085 0.015854199980478476 
4661 25.023249864578247 -0.1352180376238591 -0.26330253864289493 0.0 0.02535960530138111 0.014651355299223059 
4662 25.02860713005066 -0.11865076642496422 -0.25550337692862113 0.0 0.02449634644327221 0.013316057415526267 
4663 25.03390884399414 -0.11488477903106864 -0.2532037425646968 0.0 0.02397839112840687 0.012514878685308192 
4664 25.03914189338684 -0.015332435520894014 -0.2486034749701358 0.0 0.02351421942569372 0.007508927211184915 
4665 25.044363498687744 -0.0008534717747135552 -0.25075425255563927 0.0 0.023389114917859773 0.004505356326710949 
4666 25.049586057662964 0.007833906472994725 -0.25388899086066974 0.0 0.023467450726953352 0.0027032137960265696 
4667 25.054795265197754 0.013046333421619696 -0.2510166656169096 0.0 0.023361053698615554 0.0016219282776159416 
4668 25.060047149658203 0.016173789590794675 -0.24265774278164348 0.0 0.022913720687244128 0.0009731569665695649 
4669 25.065290451049805 0.01805026329229966 -0.23000519255753282 0.0 0.022108427572258588 0.000583894179941739 
4670 25.07051658630371 0.019176147513202655 -0.21465620147796677 0.0 0.0210116591382076 0.0003503365079650434 
4671 25.075931310653687 0.019851678045744447 -0.21164857860287997 0.0 0.020353598077777008 0.000210201904779026 
4672 25.08120036125183 0.09944173047878395 -0.18846399752961837 0.0 0.01896167408209025 -0.0035554342474905555 
4673 25.08654475212097 0.13515666255972383 -0.17798278154173489 0.0 0.01781972414720642 -0.006965298831842418 
4674 25.091954469680786 0.163268410840449 -0.16656834060631245 0.0 0.01675105790179126 -0.009854909408320234 
4675 25.097262620925903 0.18164483695763148 -0.1570074304712105 0.0 0.01580306261707039 -0.01204886831535652 
4676 25.102515935897827 0.19306998026004873 -0.1494386775009074 0.0 0.015004167675546952 -0.01359534143026921 
4677 25.107763528823853 0.19602851374137034 -0.13734725947988116 0.0 0.014064636659367174 -0.01444652604231985 
4678 25.113049030303955 0.1986240856291984 -0.13473737733638186 0.0 0.013500918049659305 -0.014957236809550235 
4679 25.118287801742554 0.1886871503235059 -0.11671768063738142 0.0 0.012395697295097097 -0.014726771451841895 
4680 25.123523473739624 0.18484343103623097 -0.10536383741546838 0.0 0.011349068557874908 -0.014435093723422946 
4681 25.129077196121216 0.1824690903970817 -0.018286015439611218 0.0 0.006809441134724945 -0.014183387829474606 
4682 25.134382009506226 0.18020873243415436 -0.005155824062263406 0.0 0.004085664680834967 -0.013955665036208629 
4683 25.139718294143677 0.17471674019933955 0.002722290764145272 0.0 0.0024513988085009797 -0.013588933589558125 
4684 25.14500331878662 0.1688177967082808 0.007449159659990474 0.0 0.0014708392851005877 -0.013138796950876904 
4685 25.150303602218628 0.16102310476578136 0.010285280997497596 0.0 0.0008825035710603526 -0.01256192092031252 
4686 25.155590057373047 0.15120556870236876 0.011986953800001868 0.0 0.0005295021426362116 -0.011832299017489025 
4687 25.16092348098755 0.14423746075321925 0.013007957481504432 0.0 0.0003177012855817269 -0.01116442810510401 
4688 25.166176795959473 0.1407424406375744 0.01362055969040597 0.0 0.00019062077134903615 -0.010687006300776028 
4689 25.17149329185486 0.13614695017344072 0.013988121015746893 0.0 0.00011437246280942168 -0.010247154704385295 
4690 25.17679214477539 0.13000724431517277 0.014208657810951444 0.0 6.8623477685653e-05 -0.009753148956092176 
4691 25.18230152130127 0.05111996183538733 0.014340979888074179 0.0 4.11740866113918e-05 -0.005851889373655305 
4692 25.18765354156494 0.039836153682126056 0.014420373134347818 0.0 2.470445196683508e-05 -0.0035111336241931833 
4693 25.19309377670288 0.03306586879016929 0.014468009082112002 0.0 1.4822671180101048e-05 -0.00210668017451591 
4694 25.198399543762207 0.029003697854995215 -0.06303842544561283 0.0 0.00361374824605294 -0.001264008104709546 
4695 25.203704357147217 0.026566395293890783 -0.08342246474491602 0.0 0.00623329764224236 -0.0007584048628257276 
4696 25.20899248123169 0.02510401375722812 -0.10098358447739364 0.0 0.008265221331221729 -0.0004550429176954365 
4697 25.214263200759888 0.024226584835230523 -0.11685486411921163 0.0 0.009944569595875065 -0.0002730257506172619 
4698 25.219526529312134 0.02370012748203196 -0.13006649743926366 0.0 0.01133567483915193 -0.00016381545037035713 
4699 25.22479510307312 0.023384253070112826 -0.14245254830232024 0.0 0.012553832779486795 -9.828927022221427e-05 
4700 25.230106353759766 0.023194728422961344 -0.1543465242980928 0.0 0.013668222338056459 -5.897356213332856e-05 
4701 25.235520839691162 0.023081013634670453 -0.16594851507924707 0.0 0.014720350867566998 -3.5384137279997136e-05 
4702 25.240960359573364 0.02301278476169592 -0.17572892052057665 0.0 0.015658425012861212 -2.1230482367998282e-05 
4703 25.246373176574707 0.0229718474379112 -0.18518592815039184 0.0 0.016528065037509514 -1.273828942079897e-05 
4704 25.251651763916016 0.02294728504364037 -0.19445155180669058 0.0 0.017356646079886386 -7.642973652479382e-06 
4705 25.25691056251526 0.02293254760707787 -0.20360490590229022 0.0 0.01816059024278428 -4.5857841914876285e-06 
4706 25.26216197013855 0.022923705145140374 -0.2143432068916687 0.0 0.01902645153489176 -2.751470514892577e-06 
4707 25.267420530319214 0.022918399667977877 -0.22361908923729087 0.0 0.01985276533774414 -1.6508823089355461e-06 
4708 25.272676706314087 0.022915216381680373 -0.23278707378903968 0.0 0.020655349156927336 -9.905293853613276e-07 
4709 25.277905464172363 0.022913306409901874 -0.24354262829466278 0.0 0.021520394242805996 -5.943176312167966e-07 
4710 25.283136129379272 0.022912160426834773 -0.24788828009168135 0.0 0.02211612055123017 -3.5659057873007794e-07 
4711 25.28858208656311 0.022911472836994514 -0.25145659758193845 0.0 0.022550255593181644 -2.1395434723804675e-07 
4712 25.293924570083618 0.022911060283090357 -0.2545591664318222 0.0 0.022887435875249502 -1.2837260834282805e-07 
4713 25.29923129081726 0.022910812750747866 -0.2557332520741971 0.0 0.023089744044490216 -7.702356500569682e-08 
4714 25.304463386535645 0.02291066423134237 -0.254867554394068 0.0 0.023134429689137672 -4.6214139003418096e-08 
4715 25.309770584106445 0.022910575119699073 -0.2535443273457224 0.0 0.023084541819029174 -2.7728483402050856e-08 
4716 25.315014123916626 0.022910521652713095 -0.2519459307327635 0.0 0.022977909840067104 -1.6637090041230514e-08 
4717 25.320238828659058 0.022910489572521505 -0.24853212652054688 0.0 0.022760533629012036 -9.982254024738308e-09 
4718 25.325499296188354 0.022910470324406552 -0.2447947194917203 0.0 0.02247670938858505 -5.989352414842985e-09 
4719 25.330777168273926 0.02291045877553758 -0.2392121758197532 0.0 0.02207631707363794 -3.5936114489057906e-09 
4720 25.335994720458984 0.022910451846216196 -0.22833856104907757 0.0 0.021375887633403957 -2.156166869343474e-09 
4721 25.34139084815979 0.02291044768862337 -0.21493766880852055 0.0 0.020418736661100875 -1.2937001216060844e-09 
4722 25.34666347503662 0.02291044519406767 -0.1991331851450791 0.0 0.019230855002775486 -7.762200729636507e-10 
4723 25.35200023651123 0.022910443697334252 -0.18264827672141581 0.0 0.01790453344272059 -4.657320437781904e-10 
4724 25.35725736618042 0.0229104427992942 -0.17894736849156345 0.0 0.01710874050668765 -2.794392262669142e-10 
4725 25.362605571746826 0.022910442260470173 -0.15038602335622958 0.0 0.015404079614948565 -1.676635357601485e-10 
4726 25.36785125732422 -0.05627429217633867 -0.12081952227216249 0.0 0.013230797206682764 0.0036815552897598498 
4727 25.373080253601074 -0.06700087215566232 -0.11461838132416631 0.0 0.011926827761723283 0.0058904885642138815 
4728 25.37830686569214 -0.08501585103252918 -0.025148183844525662 0.0 0.00715609665703397 0.00775274034693287 
4729 25.383522510528564 -0.09874020681429771 -0.011349559733877537 0.0 0.004293657994220382 0.009253587701049126 
4730 25.388752698898315 -0.10977765372574884 -0.0030703852674886616 0.0 0.002576194796532229 0.010460890160874533 
4731 25.394084215164185 -0.11997264953602921 0.0018971194123446715 0.0 0.0015457168779193374 0.011492068664357667 
4732 25.399433135986328 -0.12966475265801924 0.004877622220244667 0.0 0.0009274301267516024 0.012417572794035438 
4733 25.404759407043457 -0.1357583560078325 0.006665923904984663 0.0 0.0005564580760509614 0.013126273785636047 
4734 25.410057544708252 -0.13957846255267783 0.0077389049158286625 0.0 0.00033387484563057686 0.013628193637493383 
4735 25.415396690368652 -0.1411524295602273 0.00838269352233506 0.0 0.0002003249073783461 0.013929345548607785 
4736 25.420679092407227 -0.1421457054143689 0.0087689666862389 0.0 0.00012019494442700766 0.014110036695276426 
4737 25.426087379455566 -0.1411408806094973 0.009000730584581203 0.0 7.21169666562046e-05 0.014141752126380639 
4738 25.431451320648193 -0.14300290796844092 0.009139788923586585 0.0 4.327017999372276e-05 0.014237480641940138 
4739 25.43673276901245 -0.14340202746444927 0.009223223926989816 0.0 2.5962107996233653e-05 0.014294917751275837 
4740 25.44202184677124 -0.1486393886122468 0.009273284929031752 0.0 1.5577264797740192e-05 0.014559474807335937 
4741 25.44738507270813 -0.14788202288470081 0.009303321530256916 0.0 9.346358878644114e-06 0.014641509784075024 
4742 25.45268940925598 -0.14494548769517818 0.009321343490992012 0.0 5.6078153271864685e-06 0.01453733523655677 
4743 25.45803141593933 -0.13981735966578807 0.00933215666743307 0.0 3.364689196311881e-06 0.014244732737354899 
4744 25.463295936584473 -0.12589091263787594 0.009338644573297706 0.0 2.0188135177871285e-06 0.013455577182657996 
4745 25.468519926071167 -0.11546434350746096 0.00934253731681649 0.0 1.2112881106722771e-06 0.01259859054558723 
4746 25.47384238243103 -0.1048333698129015 0.009344872962927755 0.0 7.267728664033663e-07 0.011700902278859907 
4747 25.479071855545044 -0.09407652346375955 0.009346274350594517 0.0 4.360637198420198e-07 0.010778793034338648 
4748 25.48429846763611 -0.010654967658134874 0.009347115183194574 0.0 2.616382319052119e-07 0.0064672758206031885 
4749 25.489537477493286 0.0018154491550128812 0.00934761968275461 0.0 1.5698293914312711e-07 0.0038803654923619127 
4750 25.494759559631348 0.009297699242901521 0.00934792238249063 0.0 9.418976348587627e-08 0.0023282192954171476 
4751 25.500088453292847 0.013787049295634712 0.00934810400233224 0.0 5.651385809152576e-08 0.0013969315772502885 
4752 25.50546622276306 0.016480659327274626 0.009348212974237208 0.0 3.390831485491546e-08 0.0008381589463501731 
4753 25.51077103614807 0.018096825346258574 0.009348278357380188 0.0 2.0344988912949274e-08 0.0005028953678101038 
4754 25.51606798171997 0.019066524957648944 0.009348317587265976 0.0 1.2206993347769564e-08 0.0003017372206860623 
4755 25.521393537521362 0.019648344724483163 0.009348341125197451 0.0 7.324196008661738e-09 0.00018104233241163738 
4756 25.52686858177185 0.0199974365845837 0.009348355247956335 0.0 4.3945176051970425e-09 0.00010862539944698242 
4757 25.53226613998413 0.020206891700644023 0.009348363721611665 0.0 2.6367105631182253e-09 6.517523966818945e-05 
4758 25.53756093978882 0.020332564770280212 0.009348368805804861 0.0 1.5820263378709351e-09 3.9105143800913674e-05 
4759 25.542822122573853 0.02040796861206193 0.009348371856320781 0.0 9.49215802722561e-10 2.3463086280548202e-05 
4760 25.548088550567627 0.020453210917130957 0.00934837368663033 0.0 5.695294816335366e-10 1.4077851768328921e-05 
4761 25.553509950637817 0.02048035630017237 0.009348374784816062 0.0 3.4171768898012196e-10 8.446711060997353e-06 
4762 25.5588960647583 -0.06033771245016063 0.0093483754437275 0.0 2.0503061338807318e-10 0.0037633196936593034 
4763 25.564198970794678 -0.07622704007020868 0.009348375839074365 0.0 1.230183680328439e-10 0.006246341253909205 
4764 25.569488763809204 -0.08844261780645449 0.00934837607628248 0.0 7.381102081970633e-11 0.007966251960750063 
4765 25.574734926223755 -0.09515652950953282 -0.06983632584474453 0.0 0.0036815539445284647 0.009074897641751553 
4766 25.57996153831482 -0.1017537646413022 -0.0838622410868688 0.0 0.006043883290636757 0.00989348356414639 
4767 25.585285186767578 -0.10751530514868375 -0.09572547497912401 0.0 0.00769137866899265 0.01053803363137724 
4768 25.59051275253296 -0.11442635463544329 -0.10387636245540918 0.0 0.00883327440980013 0.011154858462174427 
4769 25.59575128555298 -0.11631310874832072 -0.10726876660451234 0.0 0.00951841185428462 0.011524953360652741 
4770 25.601004123687744 -0.12573466337629827 -0.1142890917459887 0.0 0.010159590601550111 0.012130506584224592 
4771 25.606559991836548 -0.1341957092199369 -0.12118719454568844 0.0 0.010774395620600324 0.012800635545955593 
4772 25.611884117126465 -0.14120036416970788 -0.1280138728200494 0.0 0.01137337491260525 0.013432810693685111 
4773 25.617239236831665 -0.14480069694891665 -0.13315001318194714 0.0 0.011886161001602152 0.013888812058987555 
4774 25.62248158454895 -0.1478931673847267 -0.13804011235154273 0.0 0.01234723116879424 0.014239112135065995 
4775 25.62774896621704 -0.1506815425558588 -0.14278389069312428 0.0 0.012777271782903436 0.014525991437610032 
4776 25.633092164993286 -0.15328811251186772 -0.14579146240813357 0.0 0.013111993918149809 0.014774818276033427 
4777 25.638335943222046 -0.15413656531551778 -0.1485250015985106 0.0 0.013389526456194603 0.014924114379087465 
4778 25.64364790916443 -0.15304745442975376 -0.15109475831663075 0.0 0.013632745235918453 0.014936992784022914 
4779 25.64894390106201 -0.15156214595562736 -0.1535668974950803 0.0 0.013855375760649734 0.01486802057008721 
4780 25.654181718826294 -0.14818884511815655 -0.15268174615947416 0.0 0.01391225481859153 0.014673241708164081 
4781 25.659555435180664 -0.14444834366696602 -0.14966586774272178 0.0 0.013792983739562663 0.01440297587721626 
4782 25.664937019348145 -0.1388365617955302 -0.14283790187510975 0.0 0.013414625554673572 0.014010718607956647 
4783 25.670233964920044 -0.1345167343768347 -0.13525404601169153 0.0 0.012880815106268345 0.013621965732606937 
4784 25.675467491149902 -0.1335031551073834 -0.13381276020643285 0.0 0.01256052883722521 0.01338871400739711 
4785 25.680736541748047 -0.12304122378772799 -0.11649223344182927 0.0 0.011601365996945723 0.012788567430889377 
4786 25.68603229522705 -0.1148077610239289 -0.10390629733385866 0.0 0.010565674241512312 0.012121685437629086 
4787 25.691287517547607 -0.10802437857062265 -0.023452301349818586 0.0 0.006339404544907387 0.011491458470981993 
4788 25.69655179977417 -0.10299181167288243 -0.011228450192843322 0.0 0.003803642726944432 0.01095992377719979 
4789 25.7018620967865 -0.09659175168517636 -0.003894139498658182 0.0 0.0022821856361666592 0.010410905190239551 
4790 25.707119703292847 -0.09343560451534665 0.0005064469178529124 0.0 0.0013693113816999954 0.010004794781166435 
4791 25.71263027191162 -0.08904154608797629 0.0031467987677595653 0.0 0.0008215868290199972 0.009607733002160859 
4792 25.717929363250732 -0.010434659497759687 0.004731009877703556 0.0 0.0004929520974119983 0.005764639801296515 
4793 25.72334599494934 0.0006809111217602921 0.005681536543669952 0.0 0.000295771258447199 0.0034587838807779085 
4794 25.72869324684143 0.0073502534934722814 0.00625185254324979 0.0 0.0001774627550683194 0.002075270328466745 
4795 25.733956575393677 0.011351858916499473 0.006594042142997692 0.0 0.00010647765304099163 0.001245162197080047 
4796 25.739238739013672 0.013752822170315787 0.006799355902846434 0.0 6.388659182459498e-05 0.0007470973182480281 
4797 25.744514226913452 0.015193400122605578 0.006922544158755679 0.0 3.833195509475699e-05 0.0004482583909488169 
4798 25.74979591369629 0.01605774689397945 0.006996457112301226 0.0 2.299917305685419e-05 0.0002689550345692901 
4799 25.75518274307251 0.016576354956803773 0.007040804884428553 0.0 1.3799503834112514e-05 0.00016137302074157407 
4800 25.760449409484863 0.016887519794498367 0.007067413547704951 0.0 8.279702300467508e-06 9.682381244494444e-05 
4801 25.765840530395508 -0.0621105154163993 0.0070833787456707886 0.0 4.9678213802805044e-06 0.003739649677824938 
4802 25.771151542663574 -0.07932375562772528 0.007092957864450291 0.0 2.9806928281683024e-06 0.0062321392444085865 
4803 25.77649211883545 -0.09486609008602756 0.007098705335717994 0.0 1.7884156969009814e-06 0.008111129268843638 
4804 25.78178644180298 -0.10699243247267318 0.007102153818478614 0.0 1.0730494181405889e-06 0.009545320311092561 
4805 25.787028789520264 -0.11618902989273533 0.007104222908134988 0.0 6.438296508843533e-07 0.010635929726900594 
4806 25.792248249053955 -0.126046508577152 0.00710546436192881 0.0 3.8629779053061197e-07 0.011597092403973303 
4807 25.797519207000732 -0.12893735755574973 0.007106209234205105 0.0 2.3177867431836716e-07 0.012173790010216928 
4808 25.80274772644043 -0.14061431478854614 0.007106656157570882 0.0 1.390672045910203e-07 0.01298000411534494 
4809 25.80800700187683 -0.14801577122091442 0.007106924311590347 0.0 8.344032275461218e-08 0.013693827368880425 
4810 25.813388109207153 -0.1551549545883015 0.007107085204002028 0.0 5.006419365276731e-08 0.014352219091692636 
4811 25.818779945373535 -0.16378838611239677 0.007107181739449036 0.0 3.003851619166038e-08 0.015054051152967853 
4812 25.824092388153076 -0.17585328956989374 0.007107239660717239 0.0 1.8023109714996228e-08 0.01593534295088258 
4813 25.829388856887817 -0.18184835272103533 0.007107274413478163 0.0 1.0813865828997737e-08 0.01661751654342536 
4814 25.834664344787598 -0.18397138411535052 0.007107295265134718 0.0 6.488319497398642e-09 0.017026820698951027 
4815 25.839885234832764 -0.19190392546138335 0.00710730777612865 0.0 3.892991698439185e-09 0.01757920021985432 
4816 25.84513568878174 -0.19695743834336538 0.0071073152827250095 0.0 2.335795019063511e-09 0.01806402644619024 
4817 25.850355625152588 -0.20016913720525503 0.007107319786682824 0.0 1.4014770114381066e-09 0.018431621438888768 
4818 25.85562300682068 -0.2030433921677426 0.007107322489057514 0.0 8.408862068628639e-10 0.018728877691404855 
4819 25.86089777946472 -0.2057158327342726 0.007107324110482327 0.0 5.045317241177183e-10 0.018983930699811483 
4820 25.866119623184204 -0.20496846467297453 0.007107325083337217 0.0 3.02719034470631e-10 0.019060263247958485 
4821 25.871525287628174 -0.205352230596204 0.00710732566705015 0.0 1.8163142068237858e-10 0.019106062776846684 
4822 25.876822233200073 -0.20234831240724324 0.007107326017277909 0.0 1.0897885240942714e-10 0.01898014398038566 
4823 25.882131576538086 -0.2004941509685091 0.007107326227414566 0.0 6.538731144565628e-11 0.018827893445612073 
4824 25.887362480163574 -0.19856219906725742 0.007107326353496559 0.0 3.923238686739377e-11 0.018659843867850946 
4825 25.8926043510437 -0.19823260691178035 0.007107326429145755 0.0 2.353943212043626e-11 0.018559014121194272 
4826 25.897835731506348 -0.19809743803479823 0.007107326474535273 0.0 1.4123659272261756e-11 0.018498516273200268 
4827 25.903062343597412 -0.1964292371579445 0.007107326501768985 0.0 8.474195563357053e-12 0.01838551830750689 
4828 25.908287286758423 -0.19625724367342248 0.007107326518109211 0.0 5.0845173380142316e-12 0.018317719528090866 
4829 25.913668870925903 -0.1945662960883612 0.007107326527913347 0.0 3.050710402808539e-12 0.018200341003544278 
4830 25.91897487640381 -0.19438000263523103 0.007107326533795829 0.0 1.8304262416851233e-12 0.018129913888816324 
4831 25.924474477767944 -0.19267982312532123 0.007107326537325317 0.0 1.098255745011074e-12 0.01801095836308258 
4832 25.929827213287354 -0.19248733857359837 0.007107326539443011 0.0 6.589534470066444e-13 0.017939585047642332 
4833 25.93512749671936 -0.19243247842781785 0.0071073265407136255 0.0 3.953720682039866e-13 0.017896761058378185 
4834 25.940377473831177 -0.19246019292560285 0.007107326541475997 0.0 2.3722324092239195e-13 0.017871066664819697 
4835 25.945652961730957 -0.192537452209527 0.007107326541933419 0.0 1.4233394455343516e-13 0.017855650028684604 
4836 25.95090389251709 -0.19264443836513478 0.007107326542207872 0.0 8.54003667320611e-14 0.01784640004700355 
4837 25.956134796142578 -0.18946988870981557 0.007107326542372546 0.0 5.1240220039236657e-14 0.01768745154420097 
4838 25.961341619491577 -0.18585916291883758 0.007107326542471349 0.0 3.074413202354199e-14 0.017438686908957717 
4839 25.96655297279358 -0.17868596174784446 0.00710732654253063 0.0 1.8446479214125194e-14 0.016982631100223876 
4840 25.971813201904297 -0.17090668251436952 0.007107326542566199 0.0 1.1067887528475117e-14 0.01640220058739568 
4841 25.97721791267395 -0.16441083463563955 0.0071073265425875415 0.0 6.6407325170850695e-15 0.015823844509007843 
4842 25.982507944107056 -0.1579161612700611 0.007107326542600346 0.0 3.984439510251041e-15 0.015246736071516461 
4843 25.98787522315979 -0.15142014290400718 0.007107326542608029 0.0 2.390663706150625e-15 0.014670373238330715 
4844 25.99318790435791 -0.14492139150893946 0.0071073265426126395 0.0 1.4343982236903749e-15 0.014094457767728349 
4845 25.998504400253296 -0.13346998656450698 0.007107326542615405 0.0 8.606389342142248e-16 0.013288712943985093 
4846 26.00372314453125 -0.13124217133707433 0.007107326542617064 0.0 5.163833605285348e-16 0.012805266049739139 
4847 26.009028673171997 -0.12169818879150561 0.00710732654261806 0.0 3.098300163171209e-16 0.012131704608938941 
4848 26.014259338378906 -0.1198445449390129 0.007107326542618657 0.0 1.8589800979027254e-16 0.011727567744458822 
4849 26.019640922546387 -0.11052174142499697 0.007107326542619015 0.0 1.1153880587416352e-16 0.011101589341285889 
4850 26.0248703956604 -0.10384851717443461 0.0071073265426192305 0.0 6.692328352449811e-17 0.010495904528691211 
4851 26.030218839645386 -0.0988788495802477 0.007107326542619361 0.0 4.015397011469886e-17 0.009979098107572698 
4852 26.035505056381226 -0.09746229758017068 0.007107326542619438 0.0 2.4092382068819316e-17 0.00966901425490159 
4853 26.04085421562195 -0.017458925487428084 0.007107326542619484 0.0 1.4455429241291588e-17 0.0058014085529409535 

