i t_now Tx Ty Tz theta_x_filt theta_y_filt 
1 0.0052912235260009766 0.0 0.0 0.0 0.0 0.0 
2 0.010648488998413086 0.0 0.0 0.0 0.0 0.0 
3 0.01596856117248535 0.0 0.0 0.0 0.0 0.0 
4 0.021200180053710938 0.0 0.0 0.0 0.0 0.0 
5 0.026453256607055664 0.0 0.0 0.0 0.0 0.0 
6 0.03170204162597656 0.0 0.0 0.0 0.0 0.0 
7 0.03695344924926758 0.0 0.0 0.0 0.0 0.0 
8 0.042241573333740234 0.0 0.0 0.0 0.0 0.0 
9 0.04750347137451172 0.0 0.0 0.0 0.0 0.0 
10 0.05291438102722168 0.0 0.0 0.0 0.0 0.0 
11 0.05829477310180664 0.0 0.0 0.0 0.0 0.0 
12 0.06368875503540039 0.0 0.0 0.0 0.0 0.0 
13 0.06902956962585449 0.0 0.0 0.0 0.0 0.0 
14 0.07427716255187988 0.0 0.0 0.0 0.0 0.0 
15 0.07950973510742188 0.0 0.0 0.0 0.0 0.0 
16 0.08474493026733398 0.0 0.0 0.0 0.0 0.0 
17 0.08997654914855957 0.0 0.0 0.0 0.0 0.0 
18 0.09517788887023926 0.0 0.0 0.0 0.0 0.0 
19 0.10037589073181152 0.0 0.0 0.0 0.0 0.0 
20 0.10560226440429688 0.0 0.0 0.0 0.0 0.0 
21 0.11093497276306152 0.0 0.0 0.0 0.0 0.0 
22 0.11620450019836426 0.0 0.0 0.0 0.0 0.0 
23 0.12150931358337402 0.0 0.0 0.0 0.0 0.0 
24 0.12684106826782227 0.0 0.0 0.0 0.0 0.0 
25 0.13211345672607422 0.0 0.0 0.0 0.0 0.0 
26 0.13735342025756836 0.0 0.0 0.0 0.0 0.0 
27 0.14262080192565918 0.0 0.0 0.0 0.0 0.0 
28 0.14803433418273926 0.0 0.0 0.0 0.0 0.0 
29 0.1534121036529541 0.0 0.0 0.0 0.0 0.0 
30 0.15872955322265625 0.0 0.0 0.0 0.0 0.0 
31 0.16406512260437012 0.0 0.0 0.0 0.0 0.0 
32 0.1693410873413086 0.0 0.0 0.0 0.0 0.0 
33 0.17463207244873047 0.0 0.0 0.0 0.0 0.0 
34 0.17995405197143555 0.0 0.0 0.0 0.0 0.0 
35 0.18528366088867188 0.0 0.0 0.0 0.0 0.0 
36 0.19057226181030273 0.0 0.0 0.0 0.0 0.0 
37 0.19583654403686523 0.0 0.0 0.0 0.0 0.0 
38 0.20109295845031738 0.0 0.0 0.0 0.0 0.0 
39 0.20636868476867676 0.0 0.0 0.0 0.0 0.0 
40 0.2116100788116455 0.0 0.0 0.0 0.0 0.0 
41 0.21701502799987793 0.0 0.0 0.0 0.0 0.0 
42 0.22237348556518555 0.0 0.0 0.0 0.0 0.0 
43 0.22776007652282715 0.0 0.0 0.0 0.0 0.0 
44 0.233076810836792 0.0 0.0 0.0 0.0 0.0 
45 0.23846721649169922 0.0 0.0 0.0 0.0 0.0 
46 0.2437291145324707 0.0 0.0 0.0 0.0 0.0 
47 0.24896836280822754 0.0 0.0 0.0 0.0 0.0 
48 0.2542235851287842 0.0 0.0 0.0 0.0 0.0 
49 0.25951552391052246 0.0 0.0 0.0 0.0 0.0 
50 0.26473093032836914 0.0 0.0 0.0 0.0 0.0 
51 0.2701375484466553 0.0 0.0 0.0 0.0 0.0 
52 0.27541399002075195 0.0 0.0 0.0 0.0 0.0 
53 0.28074121475219727 0.0 0.0 0.0 0.0 0.0 
54 0.2860147953033447 0.0 0.0 0.0 0.0 0.0 
55 0.29152631759643555 0.0 0.0 0.0 0.0 0.0 
56 0.296905517578125 0.0 0.0 0.0 0.0 0.0 
57 0.3021883964538574 0.0 0.0 0.0 0.0 0.0 
58 0.3074018955230713 0.0 0.0 0.0 0.0 0.0 
59 0.31264805793762207 0.0 0.0 0.0 0.0 0.0 
60 0.3178741931915283 0.0 0.0 0.0 0.0 0.0 
61 0.32320523262023926 0.0 0.0 0.0 0.0 0.0 
62 0.3284883499145508 0.0 0.0 0.0 0.0 0.0 
63 0.3337719440460205 0.0 0.0 0.0 0.0 0.0 
64 0.3391287326812744 0.0 0.0 0.0 0.0 0.0 
65 0.3443732261657715 0.0 0.0 0.0 0.0 0.0 
66 0.34974169731140137 0.0 0.0 0.0 0.0 0.0 
67 0.3550577163696289 0.0 0.0 0.0 0.0 0.0 
68 0.3604462146759033 0.0 0.0 0.0 0.0 0.0 
69 0.36574721336364746 0.0 0.0 0.0 0.0 0.0 
70 0.37097668647766113 0.0 0.0 0.0 0.0 0.0 
71 0.37637805938720703 0.0 0.0 0.0 0.0 0.0 
72 0.3816525936126709 0.0 0.0 0.0 0.0 0.0 
73 0.38694190979003906 0.0 0.0 0.0 0.0 0.0 
74 0.39218974113464355 0.0 0.0 0.0 0.0 0.0 
75 0.39745259284973145 0.0 0.0 0.0 0.0 0.0 
76 0.40278196334838867 0.0 0.0 0.0 0.0 0.0 
77 0.40809059143066406 0.0 0.0 0.0 0.0 0.0 
78 0.41336774826049805 0.0 0.0 0.0 0.0 0.0 
79 0.41858482360839844 0.0 0.0 0.0 0.0 0.0 
80 0.4238302707672119 0.0 0.0 0.0 0.0 0.0 
81 0.42919325828552246 0.0 0.0 0.0 0.0 0.0 
82 0.43444371223449707 0.0 0.0 0.0 0.0 0.0 
83 0.43972182273864746 0.0 0.0 0.0 0.0 0.0 
84 0.44501304626464844 0.0 0.0 0.0 0.0 0.0 
85 0.4502720832824707 0.0 0.0 0.0 0.0 0.0 
86 0.45560455322265625 0.0 0.0 0.0 0.0 0.0 
87 0.46089696884155273 0.0 0.0 0.0 0.0 0.0 
88 0.46621251106262207 0.0 0.0 0.0 0.0 0.0 
89 0.47142505645751953 0.0 0.0 0.0 0.0 0.0 
90 0.47663354873657227 0.0 0.0 0.0 0.0 0.0 
91 0.48198938369750977 0.0 0.0 0.0 0.0 0.0 
92 0.48727869987487793 0.0 0.0 0.0 0.0 0.0 
93 0.4926135540008545 0.0 0.0 0.0 0.0 0.0 
94 0.4978654384613037 0.0 0.0 0.0 0.0 0.0 
95 0.5031006336212158 0.0 0.0 0.0 0.0 0.0 
96 0.508453369140625 0.0 0.0 0.0 0.0 0.0 
97 0.5136995315551758 0.0 0.0 0.0 0.0 0.0 
98 0.5189149379730225 0.0 0.0 0.0 0.0 0.0 
99 0.5241503715515137 0.0 0.0 0.0 0.0 0.0 
100 0.5293738842010498 0.0 0.0 0.0 0.0 0.0 
101 0.5347378253936768 0.0 0.0 0.0 0.0 0.0 
102 0.5399911403656006 0.0 0.0 0.0 0.0 0.0 
103 0.545274019241333 0.0 0.0 0.0 0.0 0.0 
104 0.5504879951477051 0.0 0.0 0.0 0.0 0.0 
105 0.5557258129119873 0.0 0.0 0.0 0.0 0.0 
106 0.5609734058380127 0.0 0.0 0.0 0.0 0.0 
107 0.5663919448852539 0.0 0.0 0.0 0.0 0.0 
108 0.5716922283172607 0.0 0.0 0.0 0.0 0.0 
109 0.5769484043121338 0.0 0.0 0.0 0.0 0.0 
110 0.5821692943572998 0.0 0.0 0.0 0.0 0.0 
111 0.5875458717346191 0.0 0.0 0.0 0.0 0.0 
112 0.5929057598114014 0.0 0.0 0.0 0.0 0.0 
113 0.5981972217559814 0.0 0.0 0.0 0.0 0.0 
114 0.6034426689147949 0.0 0.0 0.0 0.0 0.0 
115 0.6086630821228027 0.0 0.0 0.0 0.0 0.0 
116 0.6139097213745117 0.0 0.0 0.0 0.0 0.0 
117 0.619145393371582 0.0 0.0 0.0 0.0 0.0 
118 0.6243534088134766 0.0 0.0 0.0 0.0 0.0 
119 0.6296577453613281 0.0 0.0 0.0 0.0 0.0 
120 0.6349384784698486 0.0 0.0 0.0 0.0 0.0 
121 0.640291690826416 0.0 0.0 0.0 0.0 0.0 
122 0.645554780960083 0.0 0.0 0.0 0.0 0.0 
123 0.6508452892303467 0.0 0.0 0.0 0.0 0.0 
124 0.656057596206665 0.0 0.0 0.0 0.0 0.0 
125 0.661264181137085 0.0 0.0 0.0 0.0 0.0 
126 0.6664876937866211 0.0 0.0 0.0 0.0 0.0 
127 0.6718549728393555 0.0 0.0 0.0 0.0 0.0 
128 0.6771872043609619 0.0 0.0 0.0 0.0 0.0 
129 0.6825740337371826 0.0 0.0 0.0 0.0 0.0 
130 0.6878600120544434 0.0 0.0 0.0 0.0 0.0 
131 0.6932342052459717 0.0 0.0 0.0 0.0 0.0 
132 0.698502779006958 0.0 0.0 0.0 0.0 0.0 
133 0.7038402557373047 0.0 0.0 0.0 0.0 0.0 
134 0.7090671062469482 0.0 0.0 0.0 0.0 0.0 
135 0.7143001556396484 0.0 0.0 0.0 0.0 0.0 
136 0.7195067405700684 0.0 0.0 0.0 0.0 0.0 
137 0.7247285842895508 0.0 0.0 0.0 0.0 0.0 
138 0.7299799919128418 0.0 0.0 0.0 0.0 0.0 
139 0.7351832389831543 0.0 0.0 0.0 0.0 0.0 
140 0.7403805255889893 0.0 0.0 0.0 0.0 0.0 
141 0.7457151412963867 0.0 0.0 0.0 0.0 0.0 
142 0.7509994506835938 0.0 0.0 0.0 0.0 0.0 
143 0.7562885284423828 0.0 0.0 0.0 0.0 0.0 
144 0.7615571022033691 0.0 0.0 0.0 0.0 0.0 
145 0.7668395042419434 0.0 0.0 0.0 0.0 0.0 
146 0.7722201347351074 0.0 0.0 0.0 0.0 0.0 
147 0.7774753570556641 0.0 0.0 0.0 0.0 0.0 
148 0.7826907634735107 0.0 0.0 0.0 0.0 0.0 
149 0.7879443168640137 0.0 0.0 0.0 0.0 0.0 
150 0.793215274810791 0.0 0.0 0.0 0.0 0.0 
151 0.7985579967498779 0.0 0.0 0.0 0.0 0.0 
152 0.803964376449585 0.0 0.0 0.0 0.0 0.0 
153 0.8093388080596924 0.0 0.0 0.0 0.0 0.0 
154 0.8145759105682373 0.0 0.0 0.0 0.0 0.0 
155 0.8198502063751221 0.0 0.0 0.0 0.0 0.0 
156 0.8250768184661865 0.0 0.0 0.0 0.0 0.0 
157 0.8302779197692871 0.0 0.0 0.0 0.0 0.0 
158 0.8354671001434326 0.0 0.0 0.0 0.0 0.0 
159 0.8406496047973633 0.0 0.0 0.0 0.0 0.0 
160 0.8458728790283203 0.0 0.0 0.0 0.0 0.0 
161 0.8512251377105713 0.0 0.0 0.0 0.0 0.0 
162 0.8564682006835938 0.0 0.0 0.0 0.0 0.0 
163 0.861748218536377 0.0 0.0 0.0 0.0 0.0 
164 0.8669688701629639 0.0 0.0 0.0 0.0 0.0 
165 0.8721652030944824 0.0 0.0 0.0 0.0 0.0 
166 0.8775122165679932 0.0 0.0 0.0 0.0 0.0 
167 0.8828375339508057 0.0 0.0 0.0 0.0 0.0 
168 0.8880996704101562 0.0 0.0 0.0 0.0 0.0 
169 0.8933322429656982 0.0 0.0 0.0 0.0 0.0 
170 0.8985476493835449 0.0 0.0 0.0 0.0 0.0 
171 0.9038705825805664 0.0 0.0 0.0 0.0 0.0 
172 0.9091694355010986 0.0 0.0 0.0 0.0 0.0 
173 0.9145472049713135 0.0 0.0 0.0 0.0 0.0 
174 0.9197664260864258 0.0 0.0 0.0 0.0 0.0 
175 0.9251325130462646 0.0 0.0 0.0 0.0 0.0 
176 0.9304177761077881 0.0 0.0 0.0 0.0 0.0 
177 0.935640811920166 0.0 0.0 0.0 0.0 0.0 
178 0.9408807754516602 0.0 0.0 0.0 0.0 0.0 
179 0.9461126327514648 0.0 0.0 0.0 0.0 0.0 
180 0.9513139724731445 0.0 0.0 0.0 0.0 0.0 
181 0.956676721572876 0.0 0.0 0.0 0.0 0.0 
182 0.9619462490081787 0.0 0.0 0.0 0.0 0.0 
183 0.9672441482543945 0.0 0.0 0.0 0.0 0.0 
184 0.9724936485290527 0.0 0.0 0.0 0.0 0.0 
185 0.9778721332550049 0.0 0.0 0.0 0.0 0.0 
186 0.9831054210662842 0.0 0.0 0.0 0.0 0.0 
187 0.9883666038513184 0.0 0.0 0.0 0.0 0.0 
188 0.9936165809631348 0.0 0.0 0.0 0.0 0.0 
189 0.9988265037536621 0.0 0.0 0.0 0.0 0.0 
190 1.0042409896850586 0.0 0.0 0.0 0.0 0.0 
191 1.0096068382263184 0.0 0.0 0.0 0.0 0.0 
192 1.015000343322754 0.0 0.0 0.0 0.0 0.0 
193 1.0202789306640625 0.0 0.0 0.0 0.0 0.0 
194 1.0255086421966553 0.0 0.0 0.0 0.0 0.0 
195 1.030710220336914 0.0 0.0 0.0 0.0 0.0 
196 1.0359225273132324 0.0 0.0 0.0 0.0 0.0 
197 1.0411262512207031 0.0 0.0 0.0 0.0 0.0 
198 1.0463721752166748 0.0 0.0 0.0 0.0 0.0 
199 1.0516223907470703 0.0 0.0 0.0 0.0 0.0 
200 1.0568828582763672 0.0 0.0 0.0 0.0 0.0 
201 1.062258005142212 0.0 0.0 0.0 0.0 0.0 
202 1.067779779434204 0.0 0.0 0.0 0.0 0.0 
203 1.073298454284668 0.0 0.0 0.0 0.0 0.0 
204 1.0789904594421387 0.0 0.0 0.0 0.0 0.0 
205 1.084517240524292 0.0 0.0 0.0 0.0 0.0 
206 1.0898089408874512 0.0 0.0 0.0 0.0 0.0 
207 1.095045566558838 0.0 0.0 0.0 0.0 0.0 
208 1.1002607345581055 0.0 0.0 0.0 0.0 0.0 
209 1.1054787635803223 0.0 0.0 0.0 0.0 0.0 
210 1.11069917678833 0.0 0.0 0.0 0.0 0.0 
211 1.1161091327667236 0.0 0.0 0.0 0.0 0.0 
212 1.1213891506195068 0.0 0.0 0.0 0.0 0.0 
213 1.126692295074463 0.0 0.0 0.0 0.0 0.0 
214 1.1319968700408936 0.0 0.0 0.0 0.0 0.0 
215 1.1372387409210205 0.0 0.0 0.0 0.0 0.0 
216 1.1425666809082031 0.0 0.0 0.0 0.0 0.0 
217 1.1477599143981934 0.0 0.0 0.0 0.0 0.0 
218 1.1529688835144043 0.0 0.0 0.0 0.0 0.0 
219 1.158172845840454 0.0 0.0 0.0 0.0 0.0 
220 1.1633973121643066 0.0 0.0 0.0 0.0 0.0 
221 1.1687424182891846 0.0 0.0 0.0 0.0 0.0 
222 1.1741063594818115 0.0 0.0 0.0 0.0 0.0 
223 1.179471731185913 0.0 0.0 0.0 0.0 0.0 
224 1.1849908828735352 0.0 0.0 0.0 0.0 0.0 
225 1.1902670860290527 0.0 0.0 0.0 0.0 0.0 
226 1.1955482959747314 0.0 0.0 0.0 0.0 0.0 
227 1.2007689476013184 0.0 0.0 0.0 0.0 0.0 
228 1.2060072422027588 0.0 0.0 0.0 0.0 0.0 
229 1.2112231254577637 0.0 0.0 0.0 0.0 0.0 
230 1.216437578201294 0.0 0.0 0.0 0.0 0.0 
231 1.221923589706421 0.0 0.0 0.0 0.0 0.0 
232 1.2271955013275146 0.0 0.0 0.0 0.0 0.0 
233 1.2324707508087158 0.0 0.0 0.0 0.0 0.0 
234 1.237724781036377 0.0 0.0 0.0 0.0 0.0 
235 1.2429656982421875 0.0 0.0 0.0 0.0 0.0 
236 1.248183012008667 0.0 0.0 0.0 0.0 0.0 
237 1.2533893585205078 0.0 0.0 0.0 0.0 0.0 
238 1.258622646331787 0.0 0.0 0.0 0.0 0.0 
239 1.263814926147461 0.0 0.0 0.0 0.0 0.0 
240 1.2690222263336182 0.0 0.0 0.0 0.0 0.0 
241 1.2743456363677979 0.0 0.0 0.0 0.0 0.0 
242 1.2796344757080078 0.0 0.0 0.0 0.0 0.0 
243 1.285095453262329 0.0 0.0 0.0 0.0 0.0 
244 1.2903807163238525 0.0 0.0 0.0 0.0 0.0 
245 1.295595645904541 0.0 0.0 0.0 0.0 0.0 
246 1.3009088039398193 0.0 0.0 0.0 0.0 0.0 
247 1.3062694072723389 0.0 0.0 0.0 0.0 0.0 
248 1.3115506172180176 0.0 0.0 0.0 0.0 0.0 
249 1.316845178604126 0.0 0.0 0.0 0.0 0.0 
250 1.3221404552459717 0.0 0.0 0.0 0.0 0.0 
251 1.3275432586669922 0.0 0.0 0.0 0.0 0.0 
252 1.3329675197601318 0.0 0.0 0.0 0.0 0.0 
253 1.3383030891418457 0.0 0.0 0.0 0.0 0.0 
254 1.3435516357421875 0.0 0.0 0.0 0.0 0.0 
255 1.3487999439239502 0.0 0.0 0.0 0.0 0.0 
256 1.3540799617767334 0.0 0.0 0.0 0.0 0.0 
257 1.3595194816589355 0.0 0.0 0.0 0.0 0.0 
258 1.3649380207061768 0.0 0.0 0.0 0.0 0.0 
259 1.3703992366790771 0.0 0.0 0.0 0.0 0.0 
260 1.3758580684661865 0.0 0.0 0.0 0.0 0.0 
261 1.3815934658050537 0.0 0.0 0.0 0.0 0.0 
262 1.3870174884796143 0.0 0.0 0.0 0.0 0.0 
263 1.3924529552459717 0.0 0.0 0.0 0.0 0.0 
264 1.397902250289917 0.0 0.0 0.0 0.0 0.0 
265 1.4033482074737549 0.0 0.0 0.0 0.0 0.0 
266 1.409247875213623 0.0 0.0 0.0 0.0 0.0 
267 1.41465425491333 0.0 0.0 0.0 0.0 0.0 
268 1.4200570583343506 0.0 0.0 0.0 0.0 0.0 
269 1.4253196716308594 0.0 0.0 0.0 0.0 0.0 
270 1.430532693862915 0.0 0.0 0.0 0.0 0.0 
271 1.4359545707702637 0.0 0.0 0.0 0.0 0.0 
272 1.441213846206665 0.0 0.0 0.0 0.0 0.0 
273 1.446509838104248 0.0 0.0 0.0 0.0 0.0 
274 1.451765775680542 0.0 0.0 0.0 0.0 0.0 
275 1.456998586654663 0.0 0.0 0.0 0.0 0.0 
276 1.46225905418396 0.0 0.0 0.0 0.0 0.0 
277 1.467501163482666 0.0 0.0 0.0 0.0 0.0 
278 1.4728987216949463 0.0 0.0 0.0 0.0 0.0 
279 1.4781439304351807 0.0 0.0 0.0 0.0 0.0 
280 1.4834094047546387 0.0 0.0 0.0 0.0 0.0 
281 1.4893219470977783 0.0 0.0 0.0 0.0 0.0 
282 1.4949870109558105 0.0 0.0 0.0 0.0 0.0 
283 1.5008177757263184 0.0 0.0 0.0 0.0 0.0 
284 1.5062541961669922 0.0 0.0 0.0 0.0 0.0 
285 1.5116512775421143 0.0 0.0 0.0 0.0 0.0 
286 1.517139196395874 0.0 0.0 0.0 0.0 0.0 
287 1.5225584506988525 0.0 0.0 0.0 0.0 0.0 
288 1.5279617309570312 0.0 0.0 0.0 0.0 0.0 
289 1.5334103107452393 0.0 0.0 0.0 0.0 0.0 
290 1.538806676864624 0.0 0.0 0.0 0.0 0.0 
291 1.5444142818450928 0.0 0.0 0.0 0.0 0.0 
292 1.5504660606384277 0.0 0.0 0.0 0.0 0.0 
293 1.5559582710266113 0.0 0.0 0.0 0.0 0.0 
294 1.5614819526672363 0.0 0.0 0.0 0.0 0.0 
295 1.5669150352478027 0.0 0.0 0.0 0.0 0.0 
296 1.5723247528076172 0.0 0.0 0.0 0.0 0.0 
297 1.5777549743652344 0.0 0.0 0.0 0.0 0.0 
298 1.5831539630889893 0.0 0.0 0.0 0.0 0.0 
299 1.5885930061340332 0.0 0.0 0.0 0.0 0.0 
300 1.5940275192260742 0.0 0.0 0.0 0.0 0.0 
301 1.5999586582183838 0.0 0.0 0.0 0.0 0.0 
302 1.6054868698120117 0.0 0.0 0.0 0.0 0.0 
303 1.6109354496002197 0.0 0.0 0.0 0.0 0.0 
304 1.6163177490234375 0.0 0.0 0.0 0.0 0.0 
305 1.621762752532959 0.0 0.0 0.0 0.0 0.0 
306 1.6271371841430664 0.0 0.0 0.0 0.0 0.0 
307 1.6324892044067383 0.0 0.0 0.0 0.0 0.0 
308 1.6378366947174072 0.0 0.0 0.0 0.0 0.0 
309 1.6431939601898193 0.0 0.0 0.0 0.0 0.0 
310 1.6485297679901123 0.0 0.0 0.0 0.0 0.0 
311 1.6540822982788086 0.0 0.0 0.0 0.0 0.0 
312 1.6595160961151123 0.0 0.0 0.0 0.0 0.0 
313 1.665027379989624 0.0 0.0 0.0 0.0 0.0 
314 1.6704273223876953 0.0 0.0 0.0 0.0 0.0 
315 1.6760082244873047 0.0 0.0 0.0 0.0 0.0 
316 1.6815941333770752 0.0 0.0 0.0 0.0 0.0 
317 1.6869897842407227 0.0 0.0 0.0 0.0 0.0 
318 1.6923911571502686 0.0 0.0 0.0 0.0 0.0 
319 1.697779893875122 0.0 0.0 0.0 0.0 0.0 
320 1.703338623046875 0.0 0.0 0.0 0.0 0.0 
321 1.7091655731201172 0.0 0.0 0.0 0.0 0.0 
322 1.7146036624908447 0.0 0.0 0.0 0.0 0.0 
323 1.7202339172363281 0.0 0.0 0.0 0.0 0.0 
324 1.7256743907928467 0.0 0.0 0.0 0.0 0.0 
325 1.731135606765747 0.0 0.0 0.0 0.0 0.0 
326 1.7365257740020752 0.0 0.0 0.0 0.0 0.0 
327 1.741915225982666 0.0 0.0 0.0 0.0 0.0 
328 1.7472691535949707 0.0 0.0 0.0 0.0 0.0 
329 1.7526347637176514 0.0 0.0 0.0 0.0 0.0 
330 1.7580013275146484 0.0 0.0 0.0 0.0 0.0 
331 1.7635455131530762 0.0 0.0 0.0 0.0 0.0 
332 1.768996000289917 0.0 0.0 0.0 0.0 0.0 
333 1.774505853652954 0.0 0.0 0.0 0.0 0.0 
334 1.7798981666564941 0.0 0.0 0.0 0.0 0.0 
335 1.7853386402130127 0.0 0.0 0.0 0.0 0.0 
336 1.7909247875213623 0.0 0.0 0.0 0.0 0.0 
337 1.7962791919708252 0.0 0.0 0.0 0.0 0.0 
338 1.8016679286956787 0.0 0.0 0.0 0.0 0.0 
339 1.8071675300598145 0.0 0.0 0.0 0.0 0.0 
340 1.812682867050171 0.0 0.0 0.0 0.0 0.0 
341 1.8187215328216553 0.0 0.0 0.0 0.0 0.0 
342 1.8243603706359863 0.0 0.0 0.0 0.0 0.0 
343 1.8299241065979004 0.0 0.0 0.0 0.0 0.0 
344 1.8355133533477783 0.0 0.0 0.0 0.0 0.0 
345 1.84116530418396 0.0 0.0 0.0 0.0 0.0 
346 1.8466074466705322 0.0 0.0 0.0 0.0 0.0 
347 1.852001667022705 0.0 0.0 0.0 0.0 0.0 
348 1.8573648929595947 0.0 0.0 0.0 0.0 0.0 
349 1.8627219200134277 0.0 0.0 0.0 0.0 0.0 
350 1.8680791854858398 0.0 0.0 0.0 0.0 0.0 
351 1.8736615180969238 0.0 0.0 0.0 0.0 0.0 
352 1.8790762424468994 0.0 0.0 0.0 0.0 0.0 
353 1.8846094608306885 0.0 0.0 0.0 0.0 0.0 
354 1.890235424041748 0.0 0.0 0.0 0.0 0.0 
355 1.896054744720459 0.0 0.0 0.0 0.0 0.0 
356 1.9014921188354492 0.0 0.0 0.0 0.0 0.0 
357 1.906851053237915 0.0 0.0 0.0 0.0 0.0 
358 1.9123444557189941 0.0 0.0 0.0 0.0 0.0 
359 1.9178142547607422 0.0 0.0 0.0 0.0 0.0 
360 1.92317533493042 0.0 0.0 0.0 0.0 0.0 
361 1.9289023876190186 0.0 0.0 0.0 0.0 0.0 
362 1.9343831539154053 0.0 0.0 0.0 0.0 0.0 
363 1.9402103424072266 0.0 0.0 0.0 0.0 0.0 
364 1.9458651542663574 0.0 0.0 0.0 0.0 0.0 
365 1.9512536525726318 0.0 0.0 0.0 0.0 0.0 
366 1.9567961692810059 0.0 0.0 0.0 0.0 0.0 
367 1.9621949195861816 0.0 0.0 0.0 0.0 0.0 
368 1.967552661895752 0.0 0.0 0.0 0.0 0.0 
369 1.9729690551757812 0.0 0.0 0.0 0.0 0.0 
370 1.9783577919006348 0.0 0.0 0.0 0.0 0.0 
371 1.9840154647827148 0.0 0.0 0.0 0.0 0.0 
372 1.9894790649414062 0.0 0.0 0.0 0.0 0.0 
373 1.994988203048706 0.0 0.0 0.0 0.0 0.0 
374 2.0006048679351807 0.0 0.0 0.0 0.0 0.0 
375 2.006016254425049 0.0 0.0 0.0 0.0 0.0 
376 2.0115621089935303 0.0 0.0 0.0 0.0 0.0 
377 2.0171377658843994 0.0 0.0 0.0 0.0 0.0 
378 2.0227041244506836 0.0 0.0 0.0 0.0 0.0 
379 2.028167963027954 0.0 0.0 0.0 0.0 0.0 
380 2.0336105823516846 0.0 0.0 0.0 0.0 0.0 
381 2.0392966270446777 0.0 0.0 0.0 0.0 0.0 
382 2.0449166297912598 0.0 0.0 0.0 0.0 0.0 
383 2.050530195236206 0.0 0.0 0.0 0.0 0.0 
384 2.0560219287872314 0.0 0.0 0.0 0.0 0.0 
385 2.061427593231201 0.0 0.0 0.0 0.0 0.0 
386 2.0669243335723877 0.0 0.0 0.0 0.0 0.0 
387 2.072383403778076 0.0 0.0 0.0 0.0 0.0 
388 2.077772378921509 0.0 0.0 0.0 0.0 0.0 
389 2.0831210613250732 0.0 0.0 0.0 0.0 0.0 
390 2.0885391235351562 0.0 0.0 0.0 0.0 0.0 
391 2.09421706199646 0.0 0.0 0.0 0.0 0.0 
392 2.0996716022491455 0.0 0.0 0.0 0.0 0.0 
393 2.1052420139312744 0.0 0.0 0.0 0.0 0.0 
394 2.1107676029205322 0.0 0.0 0.0 0.0 0.0 
395 2.116163969039917 0.0 0.0 0.0 0.0 0.0 
396 2.1216368675231934 0.0 0.0 0.0 0.0 0.0 
397 2.1271512508392334 0.0 0.0 0.0 0.0 0.0 
398 2.1325395107269287 0.0 0.0 0.0 0.0 0.0 
399 2.137953519821167 0.0 0.0 0.0 0.0 0.0 
400 2.1433212757110596 0.0 0.0 0.0 0.0 0.0 
401 2.149047374725342 0.0 0.0 0.0 0.0 0.0 
402 2.1544907093048096 0.0 0.0 0.0 0.0 0.0 
403 2.159999132156372 0.0 0.0 0.0 0.0 0.0 
404 2.1654601097106934 0.0 0.0 0.0 0.0 0.0 
405 2.1710026264190674 0.0 0.0 0.0 0.0 0.0 
406 2.176396369934082 0.0 0.0 0.0 0.0 0.0 
407 2.1818456649780273 0.0 0.0 0.0 0.0 0.0 
408 2.18725323677063 0.0 0.0 0.0 0.0 0.0 
409 2.1926348209381104 0.0 0.0 0.0 0.0 0.0 
410 2.1979799270629883 0.0 0.0 0.0 0.0 0.0 
411 2.2035279273986816 0.0 0.0 0.0 0.0 0.0 
412 2.2090656757354736 0.0 0.0 0.0 0.0 0.0 
413 2.2145204544067383 0.0 0.0 0.0 0.0 0.0 
414 2.219940185546875 0.0 0.0 0.0 0.0 0.0 
415 2.225487232208252 0.0 0.0 0.0 0.0 0.0 
416 2.2311651706695557 0.0 0.0 0.0 0.0 0.0 
417 2.23659610748291 0.0 0.0 0.0 0.0 0.0 
418 2.242034673690796 0.0 0.0 0.0 0.0 0.0 
419 2.247408390045166 0.0 0.0 0.0 0.0 0.0 
420 2.252810001373291 0.0 0.0 0.0 0.0 0.0 
421 2.258392810821533 0.0 0.0 0.0 0.0 0.0 
422 2.2639479637145996 0.0 0.0 0.0 0.0 0.0 
423 2.269515037536621 0.0 0.0 0.0 0.0 0.0 
424 2.274899959564209 0.0 0.0 0.0 0.0 0.0 
425 2.280278444290161 0.0 0.0 0.0 0.0 0.0 
426 2.2859413623809814 0.0 0.0 0.0 0.0 0.0 
427 2.292126178741455 0.0 0.0 0.0 0.0 0.0 
428 2.2975668907165527 0.0 0.0 0.0 0.0 0.0 
429 2.303110122680664 0.0 0.0 0.0 0.0 0.0 
430 2.308595895767212 0.0 0.0 0.0 0.0 0.0 
431 2.3143320083618164 0.0 0.0 0.0 0.0 0.0 
432 2.3198649883270264 0.0 0.0 0.0 0.0 0.0 
433 2.325605869293213 0.0 0.0 0.0 0.0 0.0 
434 2.3313956260681152 0.0 0.0 0.0 0.0 0.0 
435 2.3371622562408447 0.0 0.0 0.0 0.0 0.0 
436 2.342815399169922 0.0 0.0 0.0 0.0 0.0 
437 2.3483293056488037 0.0 0.0 0.0 0.0 0.0 
438 2.3537328243255615 0.0 0.0 0.0 0.0 0.0 
439 2.3591067790985107 0.0 0.0 0.0 0.0 0.0 
440 2.3644747734069824 0.0 0.0 0.0 0.0 0.0 
441 2.3703653812408447 0.0 0.0 0.0 0.0 0.0 
442 2.3760368824005127 0.0 0.0 0.0 0.0 0.0 
443 2.3816447257995605 0.0 0.0 0.0 0.0 0.0 
444 2.3871264457702637 0.0 0.0 0.0 0.0 0.0 
445 2.392551898956299 0.0 0.0 0.0 0.0 0.0 
446 2.397940158843994 0.0 0.0 0.0 0.0 0.0 
447 2.4032647609710693 0.0 0.0 0.0 0.0 0.0 
448 2.4085798263549805 0.0 0.0 0.0 0.0 0.0 
449 2.4140288829803467 0.0 0.0 0.0 0.0 0.0 
450 2.4194092750549316 0.0 0.0 0.0 0.0 0.0 
451 2.425504684448242 0.0 0.0 0.0 0.0 0.0 
452 2.4310948848724365 0.0 0.0 0.0 0.0 0.0 
453 2.437406301498413 0.0 0.0 0.0 0.0 0.0 
454 2.4429402351379395 0.0 0.0 0.0 0.0 0.0 
455 2.44836163520813 0.0 0.0 0.0 0.0 0.0 
456 2.4537415504455566 0.0 0.0 0.0 0.0 0.0 
457 2.4591245651245117 0.0 0.0 0.0 0.0 0.0 
458 2.464472770690918 0.0 0.0 0.0 0.0 0.0 
459 2.4698305130004883 0.0 0.0 0.0 0.0 0.0 
460 2.4751696586608887 0.0 0.0 0.0 0.0 0.0 
461 2.481187582015991 0.0 0.0 0.0 0.0 0.0 
462 2.4865782260894775 0.0 0.0 0.0 0.0 0.0 
463 2.4920191764831543 0.0 0.0 0.0 0.0 0.0 
464 2.4974944591522217 0.0 0.0 0.0 0.0 0.0 
465 2.5028860569000244 0.0 0.0 0.0 0.0 0.0 
466 2.5082273483276367 0.0 0.0 0.0 0.0 0.0 
467 2.513550043106079 0.0 0.0 0.0 0.0 0.0 
468 2.51886248588562 0.0 0.0 0.0 0.0 0.0 
469 2.5241739749908447 0.0 0.0 0.0 0.0 0.0 
470 2.529507875442505 0.0 0.0 0.0 0.0 0.0 
471 2.5351860523223877 0.0 0.0 0.0 0.0 0.0 
472 2.5407283306121826 0.0 0.0 0.0 0.0 0.0 
473 2.5462753772735596 0.0 0.0 0.0 0.0 0.0 
474 2.551690101623535 0.0 0.0 0.0 0.0 0.0 
475 2.5571017265319824 0.0 0.0 0.0 0.0 0.0 
476 2.5625102519989014 0.0 0.0 0.0 0.0 0.0 
477 2.567845344543457 0.0 0.0 0.0 0.0 0.0 
478 2.5732033252716064 0.0 0.0 0.0 0.0 0.0 
479 2.5785317420959473 0.0 0.0 0.0 0.0 0.0 
480 2.5838489532470703 0.0 0.0 0.0 0.0 0.0 
481 2.5894343852996826 0.0 0.0 0.0 0.0 0.0 
482 2.594985008239746 0.0 0.0 0.0 0.0 0.0 
483 2.6004719734191895 0.0 0.0 0.0 0.0 0.0 
484 2.6060500144958496 0.0 0.0 0.0 0.0 0.0 
485 2.6114208698272705 0.0 0.0 0.0 0.0 0.0 
486 2.6170060634613037 0.0 0.0 0.0 0.0 0.0 
487 2.622445583343506 0.0 0.0 0.0 0.0 0.0 
488 2.6277685165405273 0.0 0.0 0.0 0.0 0.0 
489 2.6331284046173096 0.0 0.0 0.0 0.0 0.0 
490 2.638491630554199 0.0 0.0 0.0 0.0 0.0 
491 2.6440651416778564 0.0 0.0 0.0 0.0 0.0 
492 2.6496877670288086 0.0 0.0 0.0 0.0 0.0 
493 2.6552317142486572 0.0 0.0 0.0 0.0 0.0 
494 2.6607890129089355 0.0 0.0 0.0 0.0 0.0 
495 2.666625499725342 0.0 0.0 0.0 0.0 0.0 
496 2.672252655029297 0.0 0.0 0.0 0.0 0.0 
497 2.6778934001922607 0.0 0.0 0.0 0.0 0.0 
498 2.683861017227173 0.0 0.0 0.0 0.0 0.0 
499 2.689777374267578 0.0 0.0 0.0 0.0 0.0 
500 2.695408821105957 0.0 0.0 0.0 0.0 0.0 
501 2.7013869285583496 0.0 0.0 0.0 0.0 0.0 
502 2.706967830657959 0.0 0.0 0.0 0.0 0.0 
503 2.7124762535095215 0.0 0.0 0.0 0.0 0.0 
504 2.717975378036499 0.0 0.0 0.0 0.0 0.0 
505 2.7234718799591064 0.0 0.0 0.0 0.0 0.0 
506 2.72904896736145 0.0 0.0 0.0 0.0 0.0 
507 2.7345693111419678 0.0 0.0 0.0 0.0 0.0 
508 2.7400567531585693 0.0 0.0 0.0 0.0 0.0 
509 2.745551586151123 0.0 0.0 0.0 0.0 0.0 
510 2.751133918762207 0.0 0.0 0.0 0.0 0.0 
511 2.7573492527008057 0.0 0.0 0.0 0.0 0.0 
512 2.76293683052063 0.0 0.0 0.0 0.0 0.0 
513 2.7684733867645264 0.0 0.0 0.0 0.0 0.0 
514 2.7741169929504395 0.0 0.0 0.0 0.0 0.0 
515 2.7796945571899414 0.0 0.0 0.0 0.0 0.0 
516 2.7852377891540527 0.0 0.0 0.0 0.0 0.0 
517 2.790743350982666 0.0 0.0 0.0 0.0 0.0 
518 2.7970738410949707 0.0 0.0 0.0 0.0 0.0 
519 2.802748918533325 0.0 0.0 0.0 0.0 0.0 
520 2.8082387447357178 0.0 0.0 0.0 0.0 0.0 
521 2.8140134811401367 0.0 0.0 0.0 0.0 0.0 
522 2.819347620010376 0.0 0.0 0.0 0.0 0.0 
523 2.824758768081665 0.0 0.0 0.0 0.0 0.0 
524 2.8328230381011963 0.0 0.0 0.0 0.0 0.0 
525 2.8382601737976074 0.0 0.0 0.0 0.0 0.0 
526 2.8436787128448486 0.0 0.0 0.0 0.0 0.0 
527 2.849299907684326 0.0 0.0 0.0 0.0 0.0 
528 2.8552045822143555 0.0 0.0 0.0 0.0 0.0 
529 2.860612630844116 0.0 0.0 0.0 0.0 0.0 
530 2.865985631942749 0.0 0.0 0.0 0.0 0.0 
531 2.8714523315429688 0.0 0.0 0.0 0.0 0.0 
532 2.8768434524536133 0.0 0.0 0.0 0.0 0.0 
533 2.8821628093719482 0.0 0.0 0.0 0.0 0.0 
534 2.887793779373169 0.0 0.0 0.0 0.0 0.0 
535 2.8931918144226074 0.0 0.0 0.0 0.0 0.0 
536 2.89860463142395 0.0 0.0 0.0 0.0 0.0 
537 2.9039578437805176 0.0 0.0 0.0 0.0 0.0 
538 2.9094202518463135 0.0 0.0 0.0 0.0 0.0 
539 2.9148902893066406 0.0 0.0 0.0 0.0 0.0 
540 2.9203407764434814 0.0 0.0 0.0 0.0 0.0 
541 2.9260735511779785 0.0 0.0 0.0 0.0 0.0 
542 2.931363821029663 0.0 0.0 0.0 0.0 0.0 
543 2.9366567134857178 0.0 0.0 0.0 0.0 0.0 
544 2.942288875579834 0.0 0.0 0.0 0.0 0.0 
545 2.9475960731506348 0.0 0.0 0.0 0.0 0.0 
546 2.9529495239257812 0.0 0.0 0.0 0.0 0.0 
547 2.95818829536438 0.0 0.0 0.0 0.0 0.0 
548 2.9634275436401367 0.0 0.0 0.0 0.0 0.0 
549 2.96879506111145 0.0 0.0 0.0 0.0 0.0 
550 2.974052906036377 0.0 0.0 0.0 0.0 0.0 
551 2.9794130325317383 0.0 0.0 0.0 0.0 0.0 
552 2.9846763610839844 0.0 0.0 0.0 0.0 0.0 
553 2.9899978637695312 0.0 0.0 0.0 0.0 0.0 
554 2.995281457901001 0.0 0.0 0.0 0.0 0.0 
555 3.000548839569092 0.0 0.0 0.0 0.0 0.0 
556 3.0059821605682373 0.0 0.0 0.0 0.0 0.0 
557 3.0113015174865723 0.0 0.0 0.0 0.0 0.0 
558 3.016533613204956 0.0 0.0 0.0 0.0 0.0 
559 3.021759510040283 0.0 0.0 0.0 0.0 0.0 
560 3.0269553661346436 0.0 0.0 0.0 0.0 0.0 
561 3.03226637840271 0.0 0.0 0.0 0.0 0.0 
562 3.037524938583374 0.0 0.0 0.0 0.0 0.0 
563 3.0427918434143066 0.0 0.0 0.0 0.0 0.0 
564 3.048004150390625 0.0 0.0 0.0 0.0 0.0 
565 3.053266763687134 0.0 0.0 0.0 0.0 0.0 
566 3.058483123779297 0.0 0.0 0.0 0.0 0.0 
567 3.0637195110321045 0.0 0.0 0.0 0.0 0.0 
568 3.069131851196289 0.0 0.0 0.0 0.0 0.0 
569 3.0744247436523438 0.0 0.0 0.0 0.0 0.0 
570 3.079641819000244 0.0 0.0 0.0 0.0 0.0 
571 3.0849924087524414 0.0 0.0 0.0 0.0 0.0 
572 3.0902528762817383 0.0 0.0 0.0 0.0 0.0 
573 3.0956029891967773 0.0 0.0 0.0 0.0 0.0 
574 3.1008806228637695 0.0 0.0 0.0 0.0 0.0 
575 3.106109380722046 0.0 0.0 0.0 0.0 0.0 
576 3.1113178730010986 0.0 0.0 0.0 0.0 0.0 
577 3.1165857315063477 0.0 0.0 0.0 0.0 0.0 
578 3.1218185424804688 0.0 0.0 0.0 0.0 0.0 
579 3.127110242843628 0.0 0.0 0.0 0.0 0.0 
580 3.132382869720459 0.0 0.0 0.0 0.0 0.0 
581 3.137728691101074 0.0 0.0 0.0 0.0 0.0 
582 3.1429789066314697 0.0 0.0 0.0 0.0 0.0 
583 3.1482651233673096 0.0 0.0 0.0 0.0 0.0 
584 3.1534814834594727 0.0 0.0 0.0 0.0 0.0 
585 3.1587014198303223 0.0 0.0 0.0 0.0 0.0 
586 3.163914442062378 0.0 0.0 0.0 0.0 0.0 
587 3.1691970825195312 0.0 0.0 0.0 0.0 0.0 
588 3.1745645999908447 0.0 0.0 0.0 0.0 0.0 
589 3.1798720359802246 0.0 0.0 0.0 0.0 0.0 
590 3.185187339782715 0.0 0.0 0.0 0.0 0.0 
591 3.190530300140381 0.0 0.0 0.0 0.0 0.0 
592 3.1958863735198975 0.0 0.0 0.0 0.0 0.0 
593 3.2012128829956055 0.0 0.0 0.0 0.0 0.0 
594 3.206470489501953 0.0 0.0 0.0 0.0 0.0 
595 3.211738348007202 0.0 0.0 0.0 0.0 0.0 
596 3.2170944213867188 0.0 0.0 0.0 0.0 0.0 
597 3.22243332862854 0.0 0.0 0.0 0.0 0.0 
598 3.2277228832244873 0.0 0.0 0.0 0.0 0.0 
599 3.232980966567993 0.0 0.0 0.0 0.0 0.0 
600 3.2383577823638916 0.0 0.0 0.0 0.0 0.0 
601 3.2437374591827393 0.0 0.0 0.0 0.0 0.0 
602 3.249018907546997 0.0 0.0 0.0 0.0 0.0 
603 3.254354953765869 0.0 0.0 0.0 0.0 0.0 
604 3.2596466541290283 0.0 0.0 0.0 0.0 0.0 
605 3.264909267425537 0.0 0.0 0.0 0.0 0.0 
606 3.270174980163574 0.0 0.0 0.0 0.0 0.0 
607 3.2756776809692383 0.0 0.0 0.0 0.0 0.0 
608 3.2810022830963135 0.0 0.0 0.0 0.0 0.0 
609 3.2863199710845947 0.0 0.0 0.0 0.0 0.0 
610 3.2915711402893066 0.0 0.0 0.0 0.0 0.0 
611 3.2970643043518066 0.0 0.0 0.0 0.0 0.0 
612 3.3023478984832764 0.0 0.0 0.0 0.0 0.0 
613 3.307637929916382 0.0 0.0 0.0 0.0 0.0 
614 3.312899589538574 0.0 0.0 0.0 0.0 0.0 
615 3.3181142807006836 0.0 0.0 0.0 0.0 0.0 
616 3.323324203491211 0.0 0.0 0.0 0.0 0.0 
617 3.328522205352783 0.0 0.0 0.0 0.0 0.0 
618 3.3337459564208984 0.0 0.0 0.0 0.0 0.0 
619 3.3389809131622314 0.0 0.0 0.0 0.0 0.0 
620 3.3442280292510986 0.0 0.0 0.0 0.0 0.0 
621 3.3496859073638916 0.0 0.0 0.0 0.0 0.0 
622 3.3550221920013428 0.0 0.0 0.0 0.0 0.0 
623 3.3604471683502197 0.0 0.0 0.0 0.0 0.0 
624 3.3657548427581787 0.0 0.0 0.0 0.0 0.0 
625 3.3710315227508545 0.0 0.0 0.0 0.0 0.0 
626 3.376289129257202 0.0 0.0 0.0 0.0 0.0 
627 3.381650447845459 0.0 0.0 0.0 0.0 0.0 
628 3.3868820667266846 0.0 0.0 0.0 0.0 0.0 
629 3.392087936401367 0.0 0.0 0.0 0.0 0.0 
630 3.397353172302246 0.0 0.0 0.0 0.0 0.0 
631 3.402712345123291 0.0 0.0 0.0 0.0 0.0 
632 3.407973289489746 0.0 0.0 0.0 0.0 0.0 
633 3.413273334503174 0.0 0.0 0.0 0.0 0.0 
634 3.4186041355133057 0.0 0.0 0.0 0.0 0.0 
635 3.4238650798797607 0.0 0.0 0.0 0.0 0.0 
636 3.429086446762085 0.0 0.0 0.0 0.0 0.0 
637 3.4343314170837402 0.0 0.0 0.0 0.0 0.0 
638 3.439547061920166 0.0 0.0 0.0 0.0 0.0 
639 3.444746255874634 0.0 0.0 0.0 0.0 0.0 
640 3.4499762058258057 0.0 0.0 0.0 0.0 0.0 
641 3.4557948112487793 0.0 0.0 0.0 0.0 0.0 
642 3.4611685276031494 0.0 0.0 0.0 0.0 0.0 
643 3.466498613357544 0.0 0.0 0.0 0.0 0.0 
644 3.471815824508667 0.0 0.0 0.0 0.0 0.0 
645 3.4771385192871094 0.0 0.0 0.0 0.0 0.0 
646 3.4824328422546387 0.0 0.0 0.0 0.0 0.0 
647 3.487638235092163 0.0 0.0 0.0 0.0 0.0 
648 3.492889881134033 0.0 0.0 0.0 0.0 0.0 
649 3.4981296062469482 0.0 0.0 0.0 0.0 0.0 
650 3.503361940383911 0.0 0.0 0.0 0.0 0.0 
651 3.5086991786956787 0.0 0.0 0.0 0.0 0.0 
652 3.513963460922241 0.0 0.0 0.0 0.0 0.0 
653 3.5193004608154297 0.0 0.0 0.0 0.0 0.0 
654 3.5246012210845947 0.0 0.0 0.0 0.0 0.0 
655 3.529984712600708 0.0 0.0 0.0 0.0 0.0 
656 3.535261869430542 0.0 0.0 0.0 0.0 0.0 
657 3.54050612449646 0.0 0.0 0.0 0.0 0.0 
658 3.5457653999328613 0.0 0.0 0.0 0.0 0.0 
659 3.55100679397583 0.0 0.0 0.0 0.0 0.0 
660 3.5562591552734375 0.0 0.0 0.0 0.0 0.0 
661 3.5616567134857178 0.0 0.0 0.0 0.0 0.0 
662 3.566951274871826 0.0 0.0 0.0 0.0 0.0 
663 3.572230577468872 0.0 0.0 0.0 0.0 0.0 
664 3.5775012969970703 0.0 0.0 0.0 0.0 0.0 
665 3.582935333251953 0.0 0.0 0.0 0.0 0.0 
666 3.588273048400879 0.0 0.0 0.0 0.0 0.0 
667 3.5935769081115723 0.0 0.0 0.0 0.0 0.0 
668 3.5987980365753174 0.0 0.0 0.0 0.0 0.0 
669 3.604011297225952 0.0 0.0 0.0 0.0 0.0 
670 3.6092422008514404 0.0 0.0 0.0 0.0 0.0 
671 3.6146249771118164 0.0 0.0 0.0 0.0 0.0 
672 3.6198785305023193 0.0 0.0 0.0 0.0 0.0 
673 3.625187873840332 0.0 0.0 0.0 0.0 0.0 
674 3.6304001808166504 0.0 0.0 0.0 0.0 0.0 
675 3.6356475353240967 0.0 0.0 0.0 0.0 0.0 
676 3.640882730484009 0.0 0.0 0.0 0.0 0.0 
677 3.646095037460327 0.0 0.0 0.0 0.0 0.0 
678 3.651390314102173 0.0 0.0 0.0 0.0 0.0 
679 3.6566414833068848 0.0 0.0 0.0 0.0 0.0 
680 3.6618597507476807 0.0 0.0 0.0 0.0 0.0 
681 3.6671714782714844 0.0 0.0 0.0 0.0 0.0 
682 3.6725478172302246 0.0 0.0 0.0 0.0 0.0 
683 3.6778385639190674 0.0 0.0 0.0 0.0 0.0 
684 3.6830577850341797 0.0 0.0 0.0 0.0 0.0 
685 3.6883487701416016 0.0 0.0 0.0 0.0 0.0 
686 3.6936299800872803 0.0 0.0 0.0 0.0 0.0 
687 3.6989526748657227 0.0 0.0 0.0 0.0 0.0 
688 3.7041614055633545 0.0 0.0 0.0 0.0 0.0 
689 3.709386110305786 0.0 0.0 0.0 0.0 0.0 
690 3.714597463607788 0.0 0.0 0.0 0.0 0.0 
691 3.719912052154541 0.0 0.0 0.0 0.0 0.0 
692 3.7251758575439453 0.0 0.0 0.0 0.0 0.0 
693 3.7304928302764893 0.0 0.0 0.0 0.0 0.0 
694 3.735705614089966 0.0 0.0 0.0 0.0 0.0 
695 3.7409634590148926 0.0 0.0 0.0 0.0 0.0 
696 3.7461884021759033 0.0 0.0 0.0 0.0 0.0 
697 3.7514281272888184 0.0 0.0 0.0 0.0 0.0 
698 3.756739854812622 0.0 0.0 0.0 0.0 0.0 
699 3.761972665786743 0.0 0.0 0.0 0.0 0.0 
700 3.7672119140625 0.0 0.0 0.0 0.0 0.0 
701 3.7725915908813477 0.0 0.0 0.0 0.0 0.0 
702 3.7779200077056885 0.0 0.0 0.0 0.0 0.0 
703 3.7831978797912598 0.0 0.0 0.0 0.0 0.0 
704 3.788576602935791 0.0 0.0 0.0 0.0 0.0 
705 3.793919324874878 0.0 0.0 0.0 0.0 0.0 
706 3.799152135848999 0.0 0.0 0.0 0.0 0.0 
707 3.8044137954711914 0.0 0.0 0.0 0.0 0.0 
708 3.8097240924835205 0.0 0.0 0.0 0.0 0.0 
709 3.814973831176758 0.0 0.0 0.0 0.0 0.0 
710 3.8202359676361084 0.0 0.0 0.0 0.0 0.0 
711 3.825554370880127 0.0 0.0 0.0 0.0 0.0 
712 3.8308777809143066 0.0 0.0 0.0 0.0 0.0 
713 3.836169481277466 0.0 0.0 0.0 0.0 0.0 
714 3.8414077758789062 0.0 0.0 0.0 0.0 0.0 
715 3.846606492996216 0.0 0.0 0.0 0.0 0.0 
716 3.8518548011779785 0.0 0.0 0.0 0.0 0.0 
717 3.8570637702941895 0.0 0.0 0.0 0.0 0.0 
718 3.862257719039917 0.0 0.0 0.0 0.0 0.0 
719 3.86746883392334 0.0 0.0 0.0 0.0 0.0 
720 3.8726634979248047 0.0 0.0 0.0 0.0 0.0 
721 3.878011703491211 0.0 0.0 0.0 0.0 0.0 
722 3.883280038833618 0.0 0.0 0.0 0.0 0.0 
723 3.888577938079834 0.0 0.0 0.0 0.0 0.0 
724 3.8939151763916016 0.0 0.0 0.0 0.0 0.0 
725 3.8991518020629883 0.0 0.0 0.0 0.0 0.0 
726 3.904391288757324 0.0 0.0 0.0 0.0 0.0 
727 3.9096033573150635 0.0 0.0 0.0 0.0 0.0 
728 3.914841651916504 0.0 0.0 0.0 0.0 0.0 
729 3.920051336288452 0.0 0.0 0.0 0.0 0.0 
730 3.9252638816833496 0.0 0.0 0.0 0.0 0.0 
731 3.930593729019165 0.0 0.0 0.0 0.0 0.0 
732 3.9359169006347656 0.0 0.0 0.0 0.0 0.0 
733 3.941244602203369 0.0 0.0 0.0 0.0 0.0 
734 3.9464898109436035 0.0 0.0 0.0 0.0 0.0 
735 3.9518144130706787 0.0 0.0 0.0 0.0 0.0 
736 3.9570441246032715 0.0 0.0 0.0 0.0 0.0 
737 3.9622766971588135 0.0 0.0 0.0 0.0 0.0 
738 3.967481851577759 0.0 0.0 0.0 0.0 0.0 
739 3.9726717472076416 0.0 0.0 0.0 0.0 0.0 
740 3.9778828620910645 0.0 0.0 0.0 0.0 0.0 
741 3.9832351207733154 0.0 0.0 0.0 0.0 0.0 
742 3.9885010719299316 0.0 0.0 0.0 0.0 0.0 
743 3.993891716003418 0.0 0.0 0.0 0.0 0.0 
744 3.999178409576416 0.0 0.0 0.0 0.0 0.0 
745 4.004401683807373 0.0 0.0 0.0 0.0 0.0 
746 4.009716272354126 0.0 0.0 0.0 0.0 0.0 
747 4.014931917190552 0.0 0.0 0.0 0.0 0.0 
748 4.02013373374939 0.0 0.0 0.0 0.0 0.0 
749 4.025350570678711 0.0 0.0 0.0 0.0 0.0 
750 4.0305492877960205 0.0 0.0 0.0 0.0 0.0 
751 4.035863637924194 0.0 0.0 0.0 0.0 0.0 
752 4.041169166564941 0.0 0.0 0.0 0.0 0.0 
753 4.046499490737915 0.0 0.0 0.0 0.0 0.0 
754 4.051734924316406 0.0 0.0 0.0 0.0 0.0 
755 4.057084321975708 0.0 0.0 0.0 0.0 0.0 
756 4.062317609786987 0.0 0.0 0.0 0.0 0.0 
757 4.0675437450408936 0.0 0.0 0.0 0.0 0.0 
758 4.072948694229126 0.0 0.0 0.0 0.0 0.0 
759 4.078189134597778 0.0 0.0 0.0 0.0 0.0 
760 4.08340048789978 0.0 0.0 0.0 0.0 0.0 
761 4.08871054649353 0.0 0.0 0.0 0.0 0.0 
762 4.0940093994140625 0.0 0.0 0.0 0.0 0.0 
763 4.0993568897247314 0.0 0.0 0.0 0.0 0.0 
764 4.104584693908691 0.0 0.0 0.0 0.0 0.0 
765 4.10983419418335 0.0 0.0 0.0 0.0 0.0 
766 4.115123987197876 0.0 0.0 0.0 0.0 0.0 
767 4.120412588119507 0.0 0.0 0.0 0.0 0.0 
768 4.125805139541626 0.0 0.0 0.0 0.0 0.0 
769 4.131060600280762 0.0 0.0 0.0 0.0 0.0 
770 4.136303186416626 0.0 0.0 0.0 0.0 0.0 
771 4.141710996627808 0.0 0.0 0.0 0.0 0.0 
772 4.147013425827026 0.0 0.0 0.0 0.0 0.0 
773 4.152354717254639 0.0 0.0 0.0 0.0 0.0 
774 4.157643795013428 0.0 0.0 0.0 0.0 0.0 
775 4.162857294082642 0.0 0.0 0.0 0.0 0.0 
776 4.168058633804321 0.0 0.0 0.0 0.0 0.0 
777 4.173353910446167 0.0 0.0 0.0 0.0 0.0 
778 4.178736209869385 0.0 0.0 0.0 0.0 0.0 
779 4.183993101119995 0.0 0.0 0.0 0.0 0.0 
780 4.189215183258057 0.0 0.0 0.0 0.0 0.0 
781 4.194660663604736 0.0 0.0 0.0 0.0 0.0 
782 4.200051546096802 0.0 0.0 0.0 0.0 0.0 
783 4.2053468227386475 0.0 0.0 0.0 0.0 0.0 
784 4.210578203201294 0.0 0.0 0.0 0.0 0.0 
785 4.215792894363403 0.0 0.0 0.0 0.0 0.0 
786 4.221023797988892 0.0 0.0 0.0 0.0 0.0 
787 4.2263171672821045 0.0 0.0 0.0 0.0 0.0 
788 4.231543302536011 0.0 0.0 0.0 0.0 0.0 
789 4.236895322799683 0.0 0.0 0.0 0.0 0.0 
790 4.242170572280884 0.0 0.0 0.0 0.0 0.0 
791 4.247541904449463 0.0 0.0 0.0 0.0 0.0 
792 4.252888202667236 0.0 0.0 0.0 0.0 0.0 
793 4.258223056793213 0.0 0.0 0.0 0.0 0.0 
794 4.263552665710449 0.0 0.0 0.0 0.0 0.0 
795 4.268967151641846 0.0 0.0 0.0 0.0 0.0 
796 4.2743096351623535 0.0 0.0 0.0 0.0 0.0 
797 4.279836416244507 0.0 0.0 0.0 0.0 0.0 
798 4.285266399383545 0.0 0.0 0.0 0.0 0.0 
799 4.290727615356445 0.0 0.0 0.0 0.0 0.0 
800 4.296212196350098 0.0 0.0 0.0 0.0 0.0 
801 4.30186128616333 0.0 0.0 0.0 0.0 0.0 
802 4.307283401489258 0.0 0.0 0.0 0.0 0.0 
803 4.313480615615845 0.0 0.0 0.0 0.0 0.0 
804 4.318897485733032 0.0 0.0 0.0 0.0 0.0 
805 4.324246406555176 0.0 0.0 0.0 0.0 0.0 
806 4.3296544551849365 0.0 0.0 0.0 0.0 0.0 
807 4.335191488265991 0.0 0.0 0.0 0.0 0.0 
808 4.340596914291382 0.0 0.0 0.0 0.0 0.0 
809 4.346019983291626 0.0 0.0 0.0 0.0 0.0 
810 4.351674318313599 0.0 0.0 0.0 0.0 0.0 
811 4.357259035110474 0.0 0.0 0.0 0.0 0.0 
812 4.362727642059326 0.0 0.0 0.0 0.0 0.0 
813 4.368115186691284 0.0 0.0 0.0 0.0 0.0 
814 4.373584032058716 0.0 0.0 0.0 0.0 0.0 
815 4.379100799560547 0.0 0.0 0.0 0.0 0.0 
816 4.3844897747039795 0.0 0.0 0.0 0.0 0.0 
817 4.389939069747925 0.0 0.0 0.0 0.0 0.0 
818 4.395354509353638 0.0 0.0 0.0 0.0 0.0 
819 4.400866985321045 0.0 0.0 0.0 0.0 0.0 
820 4.406391859054565 0.0 0.0 0.0 0.0 0.0 
821 4.41206169128418 0.0 0.0 0.0 0.0 0.0 
822 4.417620897293091 0.0 0.0 0.0 0.0 0.0 
823 4.42303991317749 0.0 0.0 0.0 0.0 0.0 
824 4.42845892906189 0.0 0.0 0.0 0.0 0.0 
825 4.433818817138672 0.0 0.0 0.0 0.0 0.0 
826 4.439213275909424 0.0 0.0 0.0 0.0 0.0 
827 4.44468879699707 0.0 0.0 0.0 0.0 0.0 
828 4.4501261711120605 0.0 0.0 0.0 0.0 0.0 
829 4.4555439949035645 0.0 0.0 0.0 0.0 0.0 
830 4.460997581481934 0.0 0.0 0.0 0.0 0.0 
831 4.466511249542236 0.0 0.0 0.0 0.0 0.0 
832 4.471821069717407 0.0 0.0 0.0 0.0 0.0 
833 4.477198600769043 0.0 0.0 0.0 0.0 0.0 
834 4.482646465301514 0.0 0.0 0.0 0.0 0.0 
835 4.487961053848267 0.0 0.0 0.0 0.0 0.0 
836 4.493247747421265 0.0 0.0 0.0 0.0 0.0 
837 4.498509645462036 0.0 0.0 0.0 0.0 0.0 
838 4.503724575042725 0.0 0.0 0.0 0.0 0.0 
839 4.509097337722778 0.0 0.0 0.0 0.0 0.0 
840 4.514382600784302 0.0 0.0 0.0 0.0 0.0 
841 4.519730806350708 0.0 0.0 0.0 0.0 0.0 
842 4.525038719177246 0.0 0.0 0.0 0.0 0.0 
843 4.5303425788879395 0.0 0.0 0.0 0.0 0.0 
844 4.535586595535278 0.0 0.0 0.0 0.0 0.0 
845 4.5409016609191895 0.0 0.0 0.0 0.0 0.0 
846 4.546264886856079 0.0 0.0 0.0 0.0 0.0 
847 4.55163049697876 0.0 0.0 0.0 0.0 0.0 
848 4.5570068359375 0.0 0.0 0.0 0.0 0.0 
849 4.562398910522461 0.0 0.0 0.0 0.0 0.0 
850 4.567843675613403 0.0 0.0 0.0 0.0 0.0 
851 4.573275566101074 0.0 0.0 0.0 0.0 0.0 
852 4.578548192977905 0.0 0.0 0.0 0.0 0.0 
853 4.583829641342163 0.0 0.0 0.0 0.0 0.0 
854 4.589128017425537 0.0 0.0 0.0 0.0 0.0 
855 4.594411373138428 0.0 0.0 0.0 0.0 0.0 
856 4.599649667739868 0.0 0.0 0.0 0.0 0.0 
857 4.604956865310669 0.0 0.0 0.0 0.0 0.0 
858 4.610238075256348 0.0 0.0 0.0 0.0 0.0 
859 4.61563777923584 0.0 0.0 0.0 0.0 0.0 
860 4.620926380157471 0.0 0.0 0.0 0.0 0.0 
861 4.626285791397095 0.0 0.0 0.0 0.0 0.0 
862 4.6315484046936035 0.0 0.0 0.0 0.0 0.0 
863 4.636904239654541 0.0 0.0 0.0 0.0 0.0 
864 4.642191648483276 0.0 0.0 0.0 0.0 0.0 
865 4.6474549770355225 0.0 0.0 0.0 0.0 0.0 
866 4.652780532836914 0.0 0.0 0.0 0.0 0.0 
867 4.658011436462402 0.0 0.0 0.0 0.0 0.0 
868 4.663309097290039 0.0 0.0 0.0 0.0 0.0 
869 4.668581485748291 0.0 0.0 0.0 0.0 0.0 
870 4.673781633377075 0.0 0.0 0.0 0.0 0.0 
871 4.679138898849487 0.0 0.0 0.0 0.0 0.0 
872 4.684426546096802 0.0 0.0 0.0 0.0 0.0 
873 4.689724922180176 0.0 0.0 0.0 0.0 0.0 
874 4.694983720779419 0.0 0.0 0.0 0.0 0.0 
875 4.700244903564453 0.0 0.0 0.0 0.0 0.0 
876 4.70557975769043 0.0 0.0 0.0 0.0 0.0 
877 4.7108893394470215 0.0 0.0 0.0 0.0 0.0 
878 4.71629524230957 0.0 0.0 0.0 0.0 0.0 
879 4.7215704917907715 0.0 0.0 0.0 0.0 0.0 
880 4.726802110671997 0.0 0.0 0.0 0.0 0.0 
881 4.732201814651489 0.0 0.0 0.0 0.0 0.0 
882 4.737478017807007 0.0 0.0 0.0 0.0 0.0 
883 4.742847204208374 0.0 0.0 0.0 0.0 0.0 
884 4.748187780380249 0.0 0.0 0.0 0.0 0.0 
885 4.75344181060791 0.0 0.0 0.0 0.0 0.0 
886 4.758667945861816 0.0 0.0 0.0 0.0 0.0 
887 4.763986587524414 0.0 0.0 0.0 0.0 0.0 
888 4.769231557846069 0.0 0.0 0.0 0.0 0.0 
889 4.774440050125122 0.0 0.0 0.0 0.0 0.0 
890 4.779652118682861 0.0 0.0 0.0 0.0 0.0 
891 4.784979820251465 0.0 0.0 0.0 0.0 0.0 
892 4.790245532989502 0.0 0.0 0.0 0.0 0.0 
893 4.795659780502319 0.0 0.0 0.0 0.0 0.0 
894 4.800927400588989 0.0 0.0 0.0 0.0 0.0 
895 4.806194067001343 0.0 0.0 0.0 0.0 0.0 
896 4.811448812484741 0.0 0.0 0.0 0.0 0.0 
897 4.816685676574707 0.0 0.0 0.0 0.0 0.0 
898 4.822197198867798 0.0 0.0 0.0 0.0 0.0 
899 4.8277599811553955 0.0 0.0 0.0 0.0 0.0 
900 4.833010673522949 0.0 0.0 0.0 0.0 0.0 
901 4.838322639465332 0.0 0.0 0.0 0.0 0.0 
902 4.843601703643799 0.0 0.0 0.0 0.0 0.0 
903 4.848920822143555 0.0 0.0 0.0 0.0 0.0 
904 4.854163885116577 0.0 0.0 0.0 0.0 0.0 
905 4.859381437301636 0.0 0.0 0.0 0.0 0.0 
906 4.864592552185059 0.0 0.0 0.0 0.0 0.0 
907 4.869844675064087 0.0 0.0 0.0 0.0 0.0 
908 4.87506890296936 0.0 0.0 0.0 0.0 0.0 
909 4.880348205566406 0.0 0.0 0.0 0.0 0.0 
910 4.8855860233306885 0.0 0.0 0.0 0.0 0.0 
911 4.891016721725464 0.0 0.0 0.0 0.0 0.0 
912 4.896295547485352 0.0 0.0 0.0 0.0 0.0 
913 4.901614427566528 0.0 0.0 0.0 0.0 0.0 
914 4.906848907470703 0.0 0.0 0.0 0.0 0.0 
915 4.9120683670043945 0.0 0.0 0.0 0.0 0.0 
916 4.917293071746826 0.0 0.0 0.0 0.0 0.0 
917 4.922658681869507 0.0 0.0 0.0 0.0 0.0 
918 4.927977085113525 0.0 0.0 0.0 0.0 0.0 
919 4.9332287311553955 0.0 0.0 0.0 0.0 0.0 
920 4.938463449478149 0.0 0.0 0.0 0.0 0.0 
921 4.943854808807373 0.0 0.0 0.0 0.0 0.0 
922 4.9491286277771 0.0 0.0 0.0 0.0 0.0 
923 4.954418182373047 0.0 0.0 0.0 0.0 0.0 
924 4.959633111953735 0.0 0.0 0.0 0.0 0.0 
925 4.96488618850708 0.0 0.0 0.0 0.0 0.0 
926 4.970128536224365 0.0 0.0 0.0 0.0 0.0 
927 4.97533655166626 0.0 0.0 0.0 0.0 0.0 
928 4.980537176132202 0.0 0.0 0.0 0.0 0.0 
929 4.98576545715332 0.0 0.0 0.0 0.0 0.0 
930 4.9910194873809814 0.0 0.0 0.0 0.0 0.0 
931 4.996450424194336 0.0 0.0 0.0 0.0 0.0 
932 5.001739501953125 0.0 0.0 0.0 0.0 0.0 
933 5.007060766220093 0.0 0.0 0.0 0.0 0.0 
934 5.012305021286011 0.0 0.0 0.0 0.0 0.0 
935 5.017644643783569 0.0 0.0 0.0 0.0 0.0 
936 5.022969961166382 0.0 0.0 0.0 0.0 0.0 
937 5.028324842453003 0.0 0.0 0.0 0.0 0.0 
938 5.03357195854187 0.0 0.0 0.0 0.0 0.0 
939 5.038788557052612 0.0 0.0 0.0 0.0 0.0 
940 5.044015645980835 0.0 0.0 0.0 0.0 0.0 
941 5.049397945404053 0.0 0.0 0.0 0.0 0.0 
942 5.054655313491821 0.0 0.0 0.0 0.0 0.0 
943 5.059945821762085 0.0 0.0 0.0 0.0 0.0 
944 5.065470457077026 0.0 0.0 0.0 0.0 0.0 
945 5.0708067417144775 0.0 0.0 0.0 0.0 0.0 
946 5.07607626914978 0.0 0.0 0.0 0.0 0.0 
947 5.081316709518433 0.0 0.0 0.0 0.0 0.0 
948 5.08654522895813 0.0 0.0 0.0 0.0 0.0 
949 5.0917675495147705 0.0 0.0 0.0 0.0 0.0 
950 5.0970118045806885 0.0 0.0 0.0 0.0 0.0 
951 5.102419376373291 0.0 0.0 0.0 0.0 0.0 
952 5.1076719760894775 0.0 0.0 0.0 0.0 0.0 
953 5.113042831420898 0.0 0.0 0.0 0.0 0.0 
954 5.118495225906372 0.0 0.0 0.0 0.0 0.0 
955 5.1238884925842285 0.0 0.0 0.0 0.0 0.0 
956 5.129206895828247 0.0 0.0 0.0 0.0 0.0 
957 5.134448051452637 0.0 0.0 0.0 0.0 0.0 
958 5.1397154331207275 0.0 0.0 0.0 0.0 0.0 
959 5.144969701766968 0.0 0.0 0.0 0.0 0.0 
960 5.1502461433410645 0.0 0.0 0.0 0.0 0.0 
961 5.155627012252808 0.0 0.0 0.0 0.0 0.0 
962 5.161057949066162 0.0 0.0 0.0 0.0 0.0 
963 5.1664042472839355 0.0 0.0 0.0 0.0 0.0 
964 5.171643018722534 0.0 0.0 0.0 0.0 0.0 
965 5.17688512802124 0.0 0.0 0.0 0.0 0.0 
966 5.1821608543396 0.0 0.0 0.0 0.0 0.0 
967 5.187378168106079 0.0 0.0 0.0 0.0 0.0 
968 5.192585468292236 0.0 0.0 0.0 0.0 0.0 
969 5.197862386703491 0.0 0.0 0.0 0.0 0.0 
970 5.203112840652466 0.0 0.0 0.0 0.0 0.0 
971 5.208472728729248 0.0 0.0 0.0 0.0 0.0 
972 5.213741779327393 0.0 0.0 0.0 0.0 0.0 
973 5.219043254852295 0.0 0.0 0.0 0.0 0.0 
974 5.224338054656982 0.0 0.0 0.0 0.0 0.0 
975 5.229708671569824 0.0 0.0 0.0 0.0 0.0 
976 5.234999895095825 0.0 0.0 0.0 0.0 0.0 
977 5.240214109420776 0.0 0.0 0.0 0.0 0.0 
978 5.245457887649536 0.0 0.0 0.0 0.0 0.0 
979 5.250696420669556 0.0 0.0 0.0 0.0 0.0 
980 5.255903482437134 0.0 0.0 0.0 0.0 0.0 
981 5.261232852935791 0.0 0.0 0.0 0.0 0.0 
982 5.26650333404541 0.0 0.0 0.0 0.0 0.0 
983 5.271763324737549 0.0 0.0 0.0 0.0 0.0 
984 5.277027606964111 0.0 0.0 0.0 0.0 0.0 
985 5.282264947891235 0.0 0.0 0.0 0.0 0.0 
986 5.287611484527588 0.0 0.0 0.0 0.0 0.0 
987 5.29294228553772 0.0 0.0 0.0 0.0 0.0 
988 5.298414707183838 0.0 0.0 0.0 0.0 0.0 
989 5.303715705871582 0.0 0.0 0.0 0.0 0.0 
990 5.3089635372161865 0.0 0.0 0.0 0.0 0.0 
991 5.314430236816406 0.0 0.0 0.0 0.0 0.0 
992 5.319698333740234 0.0 0.0 0.0 0.0 0.0 
993 5.325021743774414 0.0 0.0 0.0 0.0 0.0 
994 5.33030104637146 0.0 0.0 0.0 0.0 0.0 
995 5.335614204406738 0.0 0.0 0.0 0.0 0.0 
996 5.341003179550171 0.0 0.0 0.0 0.0 0.0 
997 5.346301794052124 0.0 0.0 0.0 0.0 0.0 
998 5.351542711257935 0.0 0.0 0.0 0.0 0.0 
999 5.356764554977417 0.0 0.0 0.0 0.0 0.0 
1000 5.361990451812744 0.0 0.0 0.0 0.0 0.0 
1001 5.367361307144165 0.0 0.0 0.0 0.0 0.0 
1002 5.372647047042847 0.0 0.0 0.0 0.0 0.0 
1003 5.377973556518555 0.0 0.0 0.0 0.0 0.0 
1004 5.383198976516724 0.0 0.0 0.0 0.0 0.0 
1005 5.388458013534546 0.0 0.0 0.0 0.0 0.0 
1006 5.39368462562561 0.0 0.0 0.0 0.0 0.0 
1007 5.399090051651001 0.0 0.0 0.0 0.0 0.0 
1008 5.404372930526733 0.0 0.0 0.0 0.0 0.0 
1009 5.409594535827637 0.0 0.0 0.0 0.0 0.0 
1010 5.41480016708374 0.0 0.0 0.0 0.0 0.0 
1011 5.420150995254517 0.0 0.0 0.0 0.0 0.0 
1012 5.425400972366333 0.0 0.0 0.0 0.0 0.0 
1013 5.4306981563568115 0.0 0.0 0.0 0.0 0.0 
1014 5.436084508895874 0.0 0.0 0.0 0.0 0.0 
1015 5.441359758377075 0.0 0.0 0.0 0.0 0.0 
1016 5.44662618637085 0.0 0.0 0.0 0.0 0.0 
1017 5.451885223388672 0.0 0.0 0.0 0.0 0.0 
1018 5.457113265991211 0.0 0.0 0.0 0.0 0.0 
1019 5.462331771850586 0.0 0.0 0.0 0.0 0.0 
1020 5.467585563659668 0.0 0.0 0.0 0.0 0.0 
1021 5.4731786251068115 0.0 0.0 0.0 0.0 0.0 
1022 5.4784557819366455 0.0 0.0 0.0 0.0 0.0 
1023 5.483891248703003 0.0 0.0 0.0 0.0 0.0 
1024 5.489133596420288 0.0 0.0 0.0 0.0 0.0 
1025 5.494347095489502 0.0 0.0 0.0 0.0 0.0 
1026 5.499591112136841 0.0 0.0 0.0 0.0 0.0 
1027 5.5047993659973145 0.0 0.0 0.0 0.0 0.0 
1028 5.510035991668701 0.0 0.0 0.0 0.0 0.0 
1029 5.515280246734619 0.0 0.0 0.0 0.0 0.0 
1030 5.520569801330566 0.0 0.0 0.0 0.0 0.0 
1031 5.52595591545105 0.0 0.0 0.0 0.0 0.0 
1032 5.531254291534424 0.0 0.0 0.0 0.0 0.0 
1033 5.536565780639648 0.0 0.0 0.0 0.0 0.0 
1034 5.541915416717529 0.0 0.0 0.0 0.0 0.0 
1035 5.547151565551758 0.0 0.0 0.0 0.0 0.0 
1036 5.552356004714966 0.0 0.0 0.0 0.0 0.0 
1037 5.557570457458496 0.0 0.0 0.0 0.0 0.0 
1038 5.562793254852295 0.0 0.0 0.0 0.0 0.0 
1039 5.568039417266846 0.0 0.0 0.0 0.0 0.0 
1040 5.57326865196228 0.0 0.0 0.0 0.0 0.0 
1041 5.578741073608398 0.0 0.0 0.0 0.0 0.0 
1042 5.5840373039245605 0.0 0.0 0.0 0.0 0.0 
1043 5.5894246101379395 0.0 0.0 0.0 0.0 0.0 
1044 5.594794034957886 0.0 0.0 0.0 0.0 0.0 
1045 5.6000449657440186 0.0 0.0 0.0 0.0 0.0 
1046 5.605252981185913 0.0 0.0 0.0 0.0 0.0 
1047 5.610478639602661 0.0 0.0 0.0 0.0 0.0 
1048 5.615694522857666 0.0 0.0 0.0 0.0 0.0 
1049 5.620919942855835 0.0 0.0 0.0 0.0 0.0 
1050 5.626135587692261 0.0 0.0 0.0 0.0 0.0 
1051 5.631433725357056 0.0 0.0 0.0 0.0 0.0 
1052 5.636696815490723 0.0 0.0 0.0 0.0 0.0 
1053 5.642108917236328 0.0 0.0 0.0 0.0 0.0 
1054 5.6473774909973145 0.0 0.0 0.0 0.0 0.0 
1055 5.652626991271973 0.0 0.0 0.0 0.0 0.0 
1056 5.657946348190308 0.0 0.0 0.0 0.0 0.0 
1057 5.663179159164429 0.0 0.0 0.0 0.0 0.0 
1058 5.668402433395386 0.0 0.0 0.0 0.0 0.0 
1059 5.673642873764038 0.0 0.0 0.0 0.0 0.0 
1060 5.678842306137085 0.0 0.0 0.0 0.0 0.0 
1061 5.6841819286346436 0.0 0.0 0.0 0.0 0.0 
1062 5.68945574760437 0.0 0.0 0.0 0.0 0.0 
1063 5.694763660430908 0.0 0.0 0.0 0.0 0.0 
1064 5.7000274658203125 0.0 0.0 0.0 0.0 0.0 
1065 5.705271244049072 0.0 0.0 0.0 0.0 0.0 
1066 5.7104737758636475 0.0 0.0 0.0 0.0 0.0 
1067 5.715669393539429 0.0 0.0 0.0 0.0 0.0 
1068 5.720994234085083 0.0 0.0 0.0 0.0 0.0 
1069 5.726222276687622 0.0 0.0 0.0 0.0 0.0 
1070 5.731418609619141 0.0 0.0 0.0 0.0 0.0 
1071 5.736737966537476 0.0 0.0 0.0 0.0 0.0 
1072 5.742021083831787 0.0 0.0 0.0 0.0 0.0 
1073 5.747375011444092 0.0 0.0 0.0 0.0 0.0 
1074 5.752640008926392 0.0 0.0 0.0 0.0 0.0 
1075 5.757904291152954 0.0 0.0 0.0 0.0 0.0 
1076 5.763197422027588 0.0 0.0 0.0 0.0 0.0 
1077 5.768615245819092 0.0 0.0 0.0 0.0 0.0 
1078 5.773938179016113 0.0 0.0 0.0 0.0 0.0 
1079 5.779162645339966 0.0 0.0 0.0 0.0 0.0 
1080 5.784410715103149 0.0 0.0 0.0 0.0 0.0 
1081 5.789736032485962 0.0 0.0 0.0 0.0 0.0 
1082 5.795020580291748 0.0 0.0 0.0 0.0 0.0 
1083 5.800313949584961 0.0 0.0 0.0 0.0 0.0 
1084 5.805551290512085 0.0 0.0 0.0 0.0 0.0 
1085 5.810793161392212 0.0 0.0 0.0 0.0 0.0 
1086 5.8160388469696045 0.0 0.0 0.0 0.0 0.0 
1087 5.821267604827881 0.0 0.0 0.0 0.0 0.0 
1088 5.826466798782349 0.0 0.0 0.0 0.0 0.0 
1089 5.831653118133545 0.0 0.0 0.0 0.0 0.0 
1090 5.836876630783081 0.0 0.0 0.0 0.0 0.0 
1091 5.842298984527588 0.0 0.0 0.0 0.0 0.0 
1092 5.8477137088775635 0.0 0.0 0.0 0.0 0.0 
1093 5.8530755043029785 0.0 0.0 0.0 0.0 0.0 
1094 5.8583149909973145 0.0 0.0 0.0 0.0 0.0 
1095 5.863517999649048 0.0 0.0 0.0 0.0 0.0 
1096 5.868740558624268 0.0 0.0 0.0 0.0 0.0 
1097 5.873937129974365 0.0 0.0 0.0 0.0 0.0 
1098 5.879120111465454 0.0 0.0 0.0 0.0 0.0 
1099 5.884371757507324 0.0 0.0 0.0 0.0 0.0 
1100 5.889563798904419 0.0 0.0 0.0 0.0 0.0 
1101 5.895437240600586 0.0 0.0 0.0 0.0 0.0 
1102 5.90075159072876 0.0 0.0 0.0 0.0 0.0 
1103 5.906042575836182 0.0 0.0 0.0 -0.0009587377309799195 0.0 
1104 5.911277532577515 0.0 0.0 0.0 -0.0018983009457588197 0.0 
1105 5.916586399078369 0.0 0.0 0.0 -0.0028206070959568025 0.00090121328830719 
1106 5.92180323600769 0.0 0.0 0.0 -0.0036890322595834737 0.00182735413312912 
1107 5.927003383636475 0.0 0.0 0.0 -0.004489789721071721 0.00273758015036583 
1108 5.932244300842285 0.0 0.0 0.0 -0.0051912966221869 0.0036334820777177814 
1109 5.937460660934448 0.0 0.0 0.0 -0.005803478018966318 0.004458968626558781 
1110 5.942666292190552 0.0 0.0 0.0 -0.006277742019170821 0.005182731706291438 
1111 5.948004245758057 0.0 0.0 0.0 -0.0065895307340094154 0.005795769594660403 
1112 5.953381061553955 0.0 0.0 0.0 -0.006870140577364151 0.00634750369419247 
1113 5.958705425262451 0.0 0.0 0.0 -0.0061831265196277355 0.00659479179885617 
1114 5.963943243026733 0.0 0.0 0.0 -0.0055648138676649625 0.005935312618970553 
1115 5.9692223072052 0.0 0.0 0.0 -0.005008332480898467 0.005341781357073498 
1116 5.97448468208313 0.0 0.0 0.0 -0.00450749923280862 0.004807603221366148 
1117 5.979701042175293 0.0 0.0 0.0 -0.004056749309527759 0.004326842899229534 
1118 5.9849019050598145 0.0 0.0 0.0 -0.0024814140636574182 0.002820371992981202 
1119 5.990111351013184 0.0 0.0 0.0 -0.0006801171754763384 0.0009660044976435003 
1120 5.995361804962158 0.0 0.0 0.0 0.0013245451907844073 -0.0012398195563231202 
1121 6.001266002655029 0.0 0.0 0.0 0.003550586115765339 -0.0038003041415042545 
1122 6.00657844543457 0.0 0.0 0.0 0.005975867743594437 -0.006699158019002694 
1123 6.011870861053467 0.0 0.0 0.0 0.00859964081821113 -0.009921718701281921 
1124 6.01711368560791 0.0 0.0 0.0 0.01140205600867214 -0.0134547903220881 
1125 6.022337198257446 0.0 0.0 0.0 0.014384423917617281 -0.017248147345873325 
1126 6.027660131454468 0.0 0.0 0.0 0.017509574552106156 -0.021256586045586418 
1127 6.03289794921875 0.0 0.0 0.0 0.02032221012314614 -0.0248641808753282 
1128 6.03809380531311 0.0 0.0 0.0 0.023793145362338407 -0.02928067672327788 
1129 6.043306112289429 0.0 0.0 0.0 0.027358006564945865 -0.033830765736779254 
1130 6.048515558242798 0.0 0.0 0.0 0.03100740116373082 -0.03846273915709318 
1131 6.054058790206909 0.0 0.0 0.0 0.035154720521289526 -0.04364777751671254 
1132 6.059345960617065 0.0 0.0 0.0 0.038887307943092364 -0.04831431204036996 
1133 6.0646889209747314 0.0 0.0 0.0 0.04303280177073471 -0.05339623212998622 
1134 6.069932460784912 0.0 0.0 0.0 0.0471472413825106 -0.05839180491285485 
1135 6.0751495361328125 0.0 0.0 0.0 0.0511953827578227 -0.0632713155843344 
1136 6.080341339111328 0.0 0.0 0.0 0.055164681092357656 -0.06802719572760403 
1137 6.085636854171753 0.0 0.0 0.0 0.05906302031766417 -0.07263345876703627 
1138 6.090869426727295 0.0 0.0 0.0 0.06285914708874561 -0.07706671678456634 
1139 6.096089124679565 0.0 0.0 0.0 0.0665632826510245 -0.08132509565442475 
1140 6.101332426071167 0.0 0.0 0.0 0.07016545131115684 -0.08536855903497047 
1141 6.106656551361084 0.0 0.0 0.0 0.07365667494513305 -0.08919942366091048 
1142 6.111918926239014 0.0 0.0 0.0 0.07679877621571164 -0.0926472018242565 
1143 6.117215156555176 0.0 0.0 0.0 0.0800868614104981 -0.09601864882534926 
1144 6.122443675994873 0.0 0.0 0.0 0.0832378858555193 -0.09912965038322973 
1145 6.1276421546936035 0.0 0.0 0.0 0.08626555525322277 -0.1019679010412416 
1146 6.132931470870972 0.0 0.0 0.0 0.0891438558524208 -0.10454150144767653 
1147 6.138263940811157 0.0 0.0 0.0 0.0918685497187397 -0.10683856699924371 
1148 6.143505096435547 0.0 0.0 0.0 0.09441664826954793 -0.10886757673973473 
1149 6.148705959320068 0.0 0.0 0.0 0.09678663584964328 -0.11063616106350391 
1150 6.153935670852661 0.0 0.0 0.0 0.09895797392764855 -0.11217036251222345 
1151 6.16002082824707 0.0 0.0 0.0 0.10089300338362905 -0.11335939641888666 
1152 6.165332317352295 0.0 0.0 0.0 0.1025770058238678 -0.11433365323629135 
1153 6.170616626739502 0.0 0.0 0.0 0.1039967343214905 -0.1150762608586504 
1154 6.175828218460083 0.0 0.0 0.0 0.10515944145653447 -0.1156295592059571 
1155 6.181058168411255 0.0 0.0 0.0 0.10605247973680915 -0.11597412957726823 
1156 6.1862828731536865 0.0 0.0 0.0 0.10668364123356719 -0.11613084495644785 
1157 6.191480398178101 0.0 0.0 0.0 0.10725168658064943 -0.1162718887977095 
1158 6.196735143661499 0.0 0.0 0.0 0.10734108297020621 -0.11605368253013118 
1159 6.202068328857422 0.0 0.0 0.0 0.10721061713686968 -0.11566554930586181 
1160 6.2073376178741455 0.0 0.0 0.0 0.10686310086123393 -0.11510530700634625 
1161 6.213214874267578 0.0 0.0 0.0 0.10633941362922412 -0.11437099172488487 
1162 6.218543291091919 0.0 0.0 0.0 0.10565717290900668 -0.11349918566702874 
1163 6.223902463912964 0.0 0.0 0.0 0.10481305923517813 -0.11248446309619313 
1164 6.2291259765625 0.0 0.0 0.0 0.10382325990309957 -0.11134111566367595 
1165 6.234344244003296 0.0 0.0 0.0 0.10210792554149607 -0.11075312239771648 
1166 6.239534378051758 0.0 0.0 0.0 0.10008475575056296 -0.10976373422082272 
1167 6.244719982147217 0.0 0.0 0.0 0.09803380572682578 -0.10864318774285323 
1168 6.2499566078186035 0.0 0.0 0.0 0.09593867886560523 -0.10742377356157369 
1169 6.255175828933716 0.0 0.0 0.0 0.09378461803642538 -0.10609620367965698 
1170 6.260499477386475 0.0 0.0 0.0 0.09157751663608217 -0.10469046843482495 
1171 6.266399621963501 0.0 0.0 0.0 0.08930350400059996 -0.10323355910774416 
1172 6.2717061042785645 0.0 0.0 0.0 0.08725689262866597 -0.10192234071337145 
1173 6.277005195617676 0.0 0.0 0.0 0.08478217529403824 -0.10033957420059707 
1174 6.282229423522949 0.0 0.0 0.0 0.08222895873581759 -0.09874251147674322 
1175 6.287437915802002 0.0 0.0 0.0 0.07958591815527134 -0.09713258216291785 
1176 6.2926554679870605 0.0 0.0 0.0 0.07686203595463205 -0.09551107291811813 
1177 6.297968864440918 0.0 0.0 0.0 0.07402704676059277 -0.09389831654966571 
1178 6.303282260894775 0.0 0.0 0.0 0.07107288650483541 -0.09231261249101787 
1179 6.30853533744812 0.0 0.0 0.0 0.06801147229353176 -0.09075125551119413 
1180 6.313877105712891 0.0 0.0 0.0 0.06483435470801222 -0.08923098571653633 
1181 6.319573402404785 0.0 0.0 0.0 0.06155310427196289 -0.08776686901648761 
1182 6.3254382610321045 0.0 0.0 0.0 0.05771794003290651 -0.08627659121721913 
1183 6.330727815628052 0.0 0.0 0.0 0.05378692297973679 -0.08485864212724505 
1184 6.3359503746032715 0.0 0.0 0.0 0.049788813580618325 -0.08348661406141167 
1185 6.341165542602539 0.0 0.0 0.0 0.04571114588339271 -0.08217508991779367 
1186 6.346390247344971 0.0 0.0 0.0 0.04114003129505344 -0.08089884430368077 
1187 6.351592302322388 0.0 0.0 0.0 0.0370260281655481 -0.07975022325097916 
1188 6.356806516647339 0.0 0.0 0.0 0.03332342534899329 -0.07854389153432308 
1189 6.362222194671631 0.0 0.0 0.0 0.02895564582621707 -0.0773623191044759 
1190 6.367691993713379 0.0 0.0 0.0 0.024526100576004267 -0.07622220484698099 
1191 6.373481035232544 0.0 0.0 0.0 0.020040966171098545 -0.0751194029446031 
1192 6.378915548324585 0.0 0.0 0.0 0.015486626712744948 -0.07405018234809506 
1193 6.3842997550964355 0.0 0.0 0.0 0.010870002706288262 -0.0730303593685651 
1194 6.389667272567749 0.0 0.0 0.0 0.006178147792314557 -0.0720358198026202 
1195 6.395129203796387 0.0 0.0 0.0 0.0008816917534128438 -0.07104486030841307 
1196 6.400575876235962 0.0 0.0 0.0 -0.004422011989761387 -0.07009547250721845 
1197 6.406112194061279 0.0 0.0 0.0 -0.009195345358618197 -0.0692410234861433 
1198 6.411632776260376 0.0 0.0 0.0 -0.014565132006914703 -0.06837614548231896 
1199 6.417086362838745 0.0 0.0 0.0 -0.019934833298544247 -0.06755940583669308 
1200 6.4225218296051025 0.0 0.0 0.0 -0.025285283700007342 -0.0667859907134458 
1201 6.427955389022827 0.0 0.0 0.0 -0.030618407555262576 -0.0660515676603393 
1202 6.433295249938965 0.0 0.0 0.0 -0.03591676270470649 -0.06535223728409495 
1203 6.43862771987915 0.0 0.0 0.0 -0.04118382601892022 -0.06468449031702656 
1204 6.443871736526489 0.0 0.0 0.0 -0.04640355186720253 -0.06406434323244076 
1205 6.44909930229187 0.0 0.0 0.0 -0.05154232436769809 -0.06348703604208929 
1206 6.454361438751221 0.0 0.0 0.0 -0.05704925809222703 -0.06296745957077296 
1207 6.459606647491455 0.0 0.0 0.0 -0.06200549844430308 -0.06249984074658828 
1208 6.46502423286438 0.0 0.0 0.0 -0.06686878585988063 -0.06207898380482206 
1209 6.470320224761963 0.0 0.0 0.0 -0.07201273412263791 -0.061738562185680954 
1210 6.475577116012573 0.0 0.0 0.0 -0.07698743421515584 -0.0614513575426782 
1211 6.481039762496948 0.0 0.0 0.0 -0.081790634650118 -0.06123122299242421 
1212 6.486352205276489 0.0 0.0 0.0 -0.08642031057905572 -0.061033101897195616 
1213 6.491654634475708 0.0 0.0 0.0 -0.09089381594268756 -0.06087396772571412 
1214 6.496919631958008 0.0 0.0 0.0 -0.09518841667897948 -0.060711572157156536 
1215 6.502156019210815 0.0 0.0 0.0 -0.09930282992655738 -0.06056541614545471 
1216 6.507368803024292 0.0 0.0 0.0 -0.10323589812995229 -0.06039552610647458 
1217 6.512590646743774 0.0 0.0 0.0 -0.10700575728369863 -0.06020427544294397 
1218 6.517799377441406 0.0 0.0 0.0 -0.11060955347853701 -0.05997462577562272 
1219 6.523054122924805 0.0 0.0 0.0 -0.1140638915202421 -0.059691241818136634 
1220 6.52827000617981 0.0 0.0 0.0 -0.11734536908579488 -0.05935949737203121 
1221 6.533985376358032 0.0 0.0 0.0 -0.12047127073269445 -0.05896505367194414 
1222 6.539356708526611 0.0 0.0 0.0 -0.12343798072869801 -0.058514180270744565 
1223 6.5446813106536865 0.0 0.0 0.0 -0.1262422434246709 -0.058031695325297 
1224 6.549940824508667 0.0 0.0 0.0 -0.12876607985104652 -0.05759745887439419 
1225 6.55517840385437 0.0 0.0 0.0 -0.13119093114857852 -0.05705324792731675 
1226 6.560407638549805 0.0 0.0 0.0 -0.1334499965732543 -0.056448409562130625 
1227 6.565624237060547 0.0 0.0 0.0 -0.13546398064123824 -0.05586570540501463 
1228 6.570911407470703 0.0 0.0 0.0 -0.13723821667397532 -0.05530292203516174 
1229 6.576162099838257 0.0 0.0 0.0 -0.13877750466076594 -0.054777242560598925 
1230 6.58138108253479 0.0 0.0 0.0 -0.14006698977775628 -0.054284956219268155 
1231 6.587869644165039 0.0 0.0 0.0 -0.14111247749770214 -0.053822723697846214 
1232 6.59330415725708 0.0 0.0 0.0 -0.14190001793185947 -0.05338753961434223 
1233 6.598736047744751 0.0 0.0 0.0 -0.14245540729892323 -0.052957524310740155 
1234 6.604093551635742 0.0 0.0 0.0 -0.14276350958703818 -0.05255133609580307 
1235 6.609410285949707 0.0 0.0 0.0 -0.14281070387565073 -0.05214741707391121 
1236 6.614682674407959 0.0 0.0 0.0 -0.14235463505568782 -0.05168801625561635 
1237 6.61991286277771 0.0 0.0 0.0 -0.1419441731177212 -0.05127455551915098 
1238 6.625112295150757 0.0 0.0 0.0 -0.14130631146452796 -0.05084491641365941 
1239 6.63030743598938 0.0 0.0 0.0 -0.14015699304004287 -0.05032401789167632 
1240 6.635507583618164 0.0 0.0 0.0 -0.13879663610631027 -0.049797684779218816 
1241 6.6408374309539795 0.0 0.0 0.0 -0.1372463430241388 -0.049247286093639125 
1242 6.646101951599121 0.0 0.0 0.0 -0.13552510889848846 -0.048694402833944675 
1243 6.651386260986328 0.0 0.0 0.0 -0.13365002634359102 -0.048120109015851724 
1244 6.6566057205200195 0.0 0.0 0.0 -0.13161730687826306 -0.047545720136895335 
1245 6.661832094192505 0.0 0.0 0.0 -0.1294235393793234 -0.046952071261466645 
1246 6.667165040969849 0.0 0.0 0.0 -0.1270848286501332 -0.04636026283090809 
1247 6.672508716583252 0.0 0.0 0.0 -0.12461566752360141 -0.04577011117326169 
1248 6.677731990814209 0.0 0.0 0.0 -0.1220291025295783 -0.045181450238707205 
1249 6.682945013046265 0.0 0.0 0.0 -0.11931769924058874 -0.04459413132746447 
1250 6.688143491744995 0.0 0.0 0.0 -0.11649393999601329 -0.04400801986467327 
1251 6.693492650985718 0.0 0.0 0.0 -0.11356906188152663 -0.04344216991971271 
1252 6.698772430419922 0.0 0.0 0.0 -0.1105531767841199 -0.04289455571332876 
1253 6.7041075229644775 0.0 0.0 0.0 -0.10745538391196897 -0.04236335329913471 
1254 6.709346532821655 0.0 0.0 0.0 -0.10466737032703315 -0.04188527112636006 
1255 6.7146077156066895 0.0 0.0 0.0 -0.10106519741509933 -0.04139747272819016 
1256 6.719852447509766 0.0 0.0 0.0 -0.09747809588338058 -0.04093927972814202 
1257 6.725075721740723 0.0 0.0 0.0 -0.09390455933891345 -0.04048855639965022 
1258 6.730356454849243 0.0 0.0 0.0 -0.0903815801663632 -0.040063730589783346 
1259 6.735576868057251 0.0 0.0 0.0 -0.08690410262853815 -0.03964303773245467 
1260 6.740778684616089 0.0 0.0 0.0 -0.08346757656196577 -0.03924523934663463 
1261 6.7461183071136475 0.0 0.0 0.0 -0.08010625644796927 -0.03884887154347713 
1262 6.7513954639434814 0.0 0.0 0.0 -0.07681262169129109 -0.038434616077962655 
1263 6.756676197052002 0.0 0.0 0.0 -0.07357990375619938 -0.03802343653055114 
1264 6.761915922164917 0.0 0.0 0.0 -0.070440360588984 -0.03759585086773708 
1265 6.767134189605713 0.0 0.0 0.0 -0.06738467471285728 -0.037172674142755935 
1266 6.77250337600708 0.0 0.0 0.0 -0.06442363521293462 -0.036772640276048665 
1267 6.777808427810669 0.0 0.0 0.0 -0.061586126334986044 -0.03647013423868485 
1268 6.783051252365112 0.0 0.0 0.0 -0.05887897057609644 -0.03633210213209809 
1269 6.7883665561676025 0.0 0.0 0.0 -0.05644253039309579 -0.03620787323617 
1270 6.793613910675049 0.0 0.0 0.0 -0.053962112760089616 -0.036422037954059766 
1271 6.799258470535278 0.0 0.0 0.0 -0.05159551393587242 -0.036768184341425474 
1272 6.804655075073242 0.0 0.0 0.0 -0.04933135129450724 -0.037233114231319524 
1273 6.810028314590454 0.0 0.0 0.0 -0.047005983448972985 -0.03788164815785703 
1274 6.815295696258545 0.0 0.0 0.0 -0.04477892943348052 -0.03854202794863776 
1275 6.820521831512451 0.0 0.0 0.0 -0.042640357119967595 -0.03921306864470836 
1276 6.825745105743408 0.0 0.0 0.0 -0.04058141908329432 -0.03985535489962038 
1277 6.830974340438843 0.0 0.0 0.0 -0.038536626708045946 -0.04041423771481696 
1278 6.836191892623901 0.0 0.0 0.0 -0.03635116840440215 -0.040802183735677455 
1279 6.841487407684326 0.0 0.0 0.0 -0.033924061134798955 -0.04103628664163547 
1280 6.846702337265015 0.0 0.0 0.0 -0.03053165502131906 -0.04138120258403835 
1281 6.85205078125 0.0 0.0 0.0 -0.027478489519187153 -0.041979248400506534 
1282 6.857378959655762 0.0 0.0 0.0 -0.02473064056726844 -0.04284346035955294 
1283 6.8627095222473145 0.0 0.0 0.0 -0.022257576510541596 -0.04392804740522454 
1284 6.86796498298645 0.0 0.0 0.0 -0.020031818859487436 -0.044904175746328975 
1285 6.87324333190918 0.0 0.0 0.0 -0.015996112253704363 -0.046453807888526336 
1286 6.878697395324707 0.0 0.0 0.0 -0.011846257814561152 -0.0481169234705853 
1287 6.883966445922852 0.0 0.0 0.0 -0.007881291793699405 -0.049671251750846586 
1288 6.889275074005127 0.0 0.0 0.0 -0.0042744727464753465 -0.050993448132449284 
1289 6.8947083950042725 0.0 0.0 0.0 -0.0009516367196057509 -0.052087550991035014 
1290 6.900047779083252 0.0 0.0 0.0 0.002115614775209343 -0.05295719505094574 
1291 6.905477046966553 0.0 0.0 0.0 0.00479944204991047 -0.05358647674986499 
1292 6.9107301235198975 0.0 0.0 0.0 0.007042313827916841 -0.0539994321376274 
1293 6.916020393371582 0.0 0.0 0.0 0.008907500286857658 -0.05416016940267593 
1294 6.921248197555542 0.0 0.0 0.0 0.01049029440131221 -0.054055561101362504 
1295 6.926457643508911 0.0 0.0 0.0 0.011818935219464604 -0.05369296697609908 
1296 6.931660413742065 0.0 0.0 0.0 0.01289966344298533 -0.053098185609280646 
1297 6.936906337738037 0.0 0.0 0.0 0.013776445145561797 -0.0523327853535112 
1298 6.942156076431274 0.0 0.0 0.0 0.014450500165064188 -0.05143300291191008 
1299 6.947476625442505 0.0 0.0 0.0 0.015057149682616339 -0.050623198714469075 
1300 6.95272970199585 0.0 0.0 0.0 0.015468910921372604 -0.049453355327201666 
1301 6.958077430725098 0.0 0.0 0.0 0.01576279677935627 -0.04811287481035541 
1302 6.9633331298828125 0.0 0.0 0.0 0.015931420352949383 -0.04659964643519297 
1303 6.968636512756348 0.0 0.0 0.0 0.015987307870591 -0.044930944615016954 
1304 6.973907947540283 0.0 0.0 0.0 0.015960907379571482 -0.043179841137001435 
1305 6.979302883148193 0.0 0.0 0.0 0.015898797309205428 -0.04139292579537885 
1306 6.984598875045776 0.0 0.0 0.0 0.01582372380418077 -0.03961212865990034 
1307 6.989820241928101 0.0 0.0 0.0 0.01571780802121009 -0.037817663840785304 
1308 6.995105743408203 0.0 0.0 0.0 0.015584134188087989 -0.03578080108076454 
1309 7.000395774841309 0.0 0.0 0.0 0.015483002552502343 -0.03371752682605494 
1310 7.005735874176025 0.0 0.0 0.0 0.015372809266251017 -0.03161130815695919 
1311 7.011165142059326 0.0 0.0 0.0 0.015235286052705369 -0.029485614329140167 
1312 7.016436815261841 0.0 0.0 0.0 0.015073165532065799 -0.02653705289622615 
1313 7.021730422973633 0.0 0.0 0.0 0.0148889074350417 -0.023883347606603537 
1314 7.026940107345581 0.0 0.0 0.0 0.014723075147720012 -0.021495012845943184 
1315 7.032133340835571 0.0 0.0 0.0 0.014477952390538305 -0.019345511561348866 
1316 7.037347793579102 0.0 0.0 0.0 0.014218992280626282 -0.01741096040521398 
1317 7.042548418045044 0.0 0.0 0.0 0.013947578553256975 -0.015669864364692584 
1318 7.0477635860443115 0.0 0.0 0.0 0.013664956942705142 -0.014102877928223326 
1319 7.053018093109131 0.0 0.0 0.0 0.013372247864760007 -0.012692590135400994 
1320 7.058254241943359 0.0 0.0 0.0 0.013070460066160899 -0.010349544505535517 
1321 7.0636842250823975 0.0 0.0 0.0 0.012760501791502246 -0.008010706413023727 
1322 7.068973779678345 0.0 0.0 0.0 0.012424014901636728 -0.005656480289906017 
1323 7.074289321899414 0.0 0.0 0.0 0.012082827072309276 -0.0032884049392429755 
1324 7.079524278640747 0.0 0.0 0.0 0.010874544365078348 -0.0009078652837891366 
1325 7.084907531738281 0.0 0.0 0.0 0.009787089928570513 0.0017331640858335214 
1326 7.090146780014038 0.0 0.0 0.0 0.008808380935713461 0.004110090518493914 
1327 7.095477342605591 0.0 0.0 0.0 0.007927542842142116 0.00674786798760247 
1328 7.100867033004761 0.0 0.0 0.0 0.007134788557927904 0.009371139549657272 
1329 7.106095314025879 0.0 0.0 0.0 0.006421309702135114 0.011732083955506595 
1330 7.111328601837158 0.0 0.0 0.0 0.005779178731921603 0.01431712871709476 
1331 7.116726875305176 0.0 0.0 0.0 0.005201260858729443 0.016873765283098908 
1332 7.122029066085815 0.0 0.0 0.0 0.004681134772856498 0.01940483596319356 
1333 7.127316474914551 0.0 0.0 0.0 0.004213021295570849 0.021912897345969663 
1334 7.132559299468994 0.0 0.0 0.0 0.003791719166013764 0.024381074056818712 
1335 7.137791633605957 0.0 0.0 0.0 0.003412547249412388 0.026832530867273774 
1336 7.142995834350586 0.0 0.0 0.0 0.0030712925244711494 0.02926893827725813 
1337 7.148212194442749 0.0 0.0 0.0 0.0027641632720240344 0.03167262790271073 
1338 7.153440713882446 0.0 0.0 0.0 0.002487746944821631 0.034046870031968615 
1339 7.158644914627075 0.0 0.0 0.0 0.002238972250339468 0.036375436090543146 
1340 7.163861036300659 0.0 0.0 0.0 0.0020150750253055214 0.03866289368550266 
1341 7.169246435165405 0.0 0.0 0.0 0.0018135675227749692 0.04089417735886829 
1342 7.174524784088135 0.0 0.0 0.0 0.0016322107704974723 0.04309408080713979 
1343 7.179928541183472 0.0 0.0 0.0 0.001468989693447725 0.045265742052826574 
1344 7.185336112976074 0.0 0.0 0.0 0.0013220907241029525 0.04739280901184674 
1345 7.19067907333374 0.0 0.0 0.0 0.0011898816516926571 0.04967149074522551 
1346 7.196009397506714 0.0 0.0 0.0 0.0010708934865233915 0.05187570132894423 
1347 7.201269865036011 0.0 0.0 0.0 0.0009638041378710524 0.05403206418230927 
1348 7.206485033035278 0.0 0.0 0.0 0.0008674237240839472 0.05612618926413175 
1349 7.211711883544922 0.0 0.0 0.0 0.0007806813516755525 0.05816429886144981 
1350 7.217050790786743 0.0 0.0 0.0 0.0007026132165079972 0.06015199601283001 
1351 7.222583055496216 0.0 0.0 0.0 0.0006323518948571975 0.06209432196286613 
1352 7.2279212474823 0.0 0.0 0.0 0.0005691167053714777 0.06399581383169259 
1353 7.233204364776611 0.0 0.0 0.0 0.00051220503483433 0.06587972835153846 
1354 7.238419532775879 0.0 0.0 0.0 0.00046098453135089704 0.06770947511896945 
1355 7.243661403656006 0.0 0.0 0.0 0.00041488607821580736 0.06949047090922705 
1356 7.249003887176514 0.0 0.0 0.0 0.00037339747039422664 0.07120841600580435 
1357 7.254238128662109 0.0 0.0 0.0 0.00033605772335480396 0.07286961398795326 
1358 7.2594826221466064 0.0 0.0 0.0 0.0003024519510193236 0.07447974105723273 
1359 7.264693021774292 0.0 0.0 0.0 0.0002722067559173912 0.07602472949070548 
1360 7.269888401031494 0.0 0.0 0.0 0.0002449860803256521 0.07741521908083095 
1361 7.275231599807739 0.0 0.0 0.0 0.0002204874722930869 0.07893510562096714 
1362 7.280577659606934 0.0 0.0 0.0 0.0001984387250637782 0.08036052794976246 
1363 7.285901069641113 0.0 0.0 0.0 0.00017859485255740037 0.08170093248835099 
1364 7.2912046909332275 0.0 0.0 0.0 0.00016073536730166034 0.08296482101575338 
1365 7.296437978744507 0.0 0.0 0.0 0.00014466183057149432 0.08414067031886402 
1366 7.301808595657349 0.0 0.0 0.0 0.0001301956475143449 0.08521810950588785 
1367 7.307093620300293 0.0 0.0 0.0 0.00011717608276291041 0.08622615440265777 
1368 7.312403440475464 0.0 0.0 0.0 0.00010545847448661937 0.0871333948097507 
1369 7.317629337310791 0.0 0.0 0.0 9.491262703795743e-05 0.08796908599035858 
1370 7.322861909866333 0.0 0.0 0.0 8.54213643341617e-05 0.08897047914770471 
1371 7.3282105922698975 0.0 0.0 0.0 7.687922790074552e-05 0.08987173298931624 
1372 7.333484172821045 0.0 0.0 0.0 6.919130511067098e-05 0.0908554347747848 
1373 7.338802099227905 0.0 0.0 0.0 -0.0008197670445414026 0.09170241675325802 
1374 7.344026803970337 0.0 0.0 0.0 -0.0016581791876767553 0.09257974941922936 
1375 7.349228382110596 0.0 0.0 0.0 -0.002412750116498573 0.09336934881860358 
1376 7.354482173919678 0.0 0.0 0.0 -0.003130212835828635 0.09400328902114341 
1377 7.35972785949707 0.0 0.0 0.0 -0.003795104097449934 0.09451631076075652 
1378 7.365070819854736 0.0 0.0 0.0 -0.004412681047133347 0.09492050588373559 
1379 7.370345115661621 0.0 0.0 0.0 -0.0049876751160726615 0.09522675705174402 
1380 7.375583648681641 0.0 0.0 0.0 -0.0055626942207907745 0.09536816089349803 
1381 7.380915880203247 0.0 0.0 0.0 -0.006099386229261319 0.09541872509417967 
1382 7.386181116104126 0.0 0.0 0.0 -0.0066015838511090524 0.09538753361789618 
1383 7.391522645950317 0.0 0.0 0.0 -0.007072736524996255 0.09528276203234405 
1384 7.396777153015137 0.0 0.0 0.0 -0.007535123559943225 0.09511176834845016 
1385 7.402063608169556 0.0 0.0 0.0 -0.00797044596056168 0.09486199996182444 
1386 7.407303094863892 0.0 0.0 0.0 -0.008381410935342533 0.0945413358328562 
1387 7.412522077560425 0.0 0.0 0.0 -0.008770454226869544 0.09415686404566358 
1388 7.417790651321411 0.0 0.0 0.0 -0.009139768003468097 0.09371496536606899 
1389 7.423201560974121 0.0 0.0 0.0 -0.00951050003085528 0.09322138248331266 
1390 7.428991079330444 0.0 0.0 0.0 -0.009844158855503745 0.09277715788883195 
1391 7.434652090072632 0.0 0.0 0.0 -0.01018280142613585 0.092185609101673 
1392 7.43999981880188 0.0 0.0 0.0 -0.010525929368153233 0.09155734112210873 
1393 7.44535493850708 0.0 0.0 0.0 -0.010873094144417363 0.09078097698403421 
1394 7.450594902038574 0.0 0.0 0.0 -0.011223892071503566 0.09000555000287017 
1395 7.455835580825806 0.0 0.0 0.0 -0.011577959089271577 0.08921179164870131 
1396 7.4611594676971436 0.0 0.0 0.0 -0.011934969033711272 0.0884207113631685 
1397 7.466435194015503 0.0 0.0 0.0 -0.012294627612155483 0.08763203984929198 
1398 7.471771001815796 0.0 0.0 0.0 -0.01265666996120376 0.08682636141568191 
1399 7.477090358734131 0.0 0.0 0.0 -0.013020857703795696 0.0860437263827601 
1400 7.482374668121338 0.0 0.0 0.0 -0.013386976300576925 0.08526265559623351 
1401 7.487788200378418 0.0 0.0 0.0 -0.013754832666128517 0.08448299263146261 
1402 7.493279457092285 0.0 0.0 0.0 -0.014124252278515374 0.08370459670627182 
1403 7.4986350536346436 0.0 0.0 0.0 -0.014514254372336277 0.08294651742104352 
1404 7.5039286613464355 0.0 0.0 0.0 -0.014903605885223575 0.0822067216216653 
1405 7.509201288223267 0.0 0.0 0.0 -0.015254022246822145 0.0815409054022249 
1406 7.514534950256348 0.0 0.0 0.0 -0.01564609622915783 0.08084579673360733 
1407 7.519823789596558 0.0 0.0 0.0 -0.016056487255932676 0.08016267448917878 
1408 7.525107383728027 0.0 0.0 0.0 -0.016464188063420464 0.0795095148407446 
1409 7.530538082122803 0.0 0.0 0.0 -0.016888643232832203 0.07888332152870536 
1410 7.535944223403931 0.0 0.0 0.0 -0.017366526956423982 0.07824304829097307 
1411 7.541270971298218 0.0 0.0 0.0 -0.017834971936105073 0.07762845274856553 
1412 7.546573162078857 0.0 0.0 0.0 -0.018294922046266537 0.07703696713195025 
1413 7.551865100860596 0.0 0.0 0.0 -0.018766400843026526 0.07648545526277226 
1414 7.5570902824401855 0.0 0.0 0.0 -0.019229081388559003 0.0759507464421797 
1415 7.562340497970581 0.0 0.0 0.0 -0.019683843507986718 0.07545033368942215 
1416 7.567543029785156 0.0 0.0 0.0 -0.02013147904392015 0.07496161258349186 
1417 7.572748184204102 0.0 0.0 0.0 -0.02057270065470872 0.07450258877393036 
1418 7.578006744384766 0.0 0.0 0.0 -0.021008149732866924 0.07407029253110077 
1419 7.58322286605835 0.0 0.0 0.0 -0.02145757760082398 0.07362370146988141 
1420 7.588536262512207 0.0 0.0 0.0 -0.021862062681985324 0.07322176951478399 
1421 7.593998193740845 0.0 0.0 0.0 -0.022321973326151753 0.07280250631252358 
1422 7.5993616580963135 0.0 0.0 0.0 -0.022774242534350026 0.07240599461626497 
1423 7.604695081710815 0.0 0.0 0.0 -0.023219634450176958 0.07202995927540796 
1424 7.609941244125366 0.0 0.0 0.0 -0.02365883680286968 0.07165317784018818 
1425 7.615187168121338 0.0 0.0 0.0 -0.0241116426179078 0.07129489973426614 
1426 7.620434045791626 0.0 0.0 0.0 -0.024557517479890593 0.07093409981048782 
1427 7.625717401504517 0.0 0.0 0.0 -0.024997154484123596 0.07059020506486308 
1428 7.6310038566589355 0.0 0.0 0.0 -0.025488701859054514 0.07022317535112808 
1429 7.636261940002441 0.0 0.0 0.0 -0.025969444124940826 0.06987367379454235 
1430 7.6416099071502686 0.0 0.0 0.0 -0.026459635861853178 0.06953994757939094 
1431 7.647051572799683 0.0 0.0 0.0 -0.026919983239298537 0.0692012443573062 
1432 7.652370929718018 0.0 0.0 0.0 -0.02737264550744785 0.06887723664320568 
1433 7.657670736312866 0.0 0.0 0.0 -0.027818391177230714 0.06854728156218284 
1434 7.6638288497924805 0.0 0.0 0.0 -0.028257911908483778 0.06823114717503805 
1435 7.669430732727051 0.0 0.0 0.0 -0.028653480566611537 0.06794662622660773 
1436 7.67491888999939 0.0 0.0 0.0 -0.029086191615823494 0.06765220774457195 
1437 7.680384397506714 0.0 0.0 0.0 -0.029494805629280436 0.06732970666806702 
1438 7.685882806777954 0.0 0.0 0.0 -0.029939257498288657 0.06698193125653987 
1439 7.6912455558776855 0.0 0.0 0.0 -0.030339264180396057 0.0666114089434927 
1440 7.696642160415649 0.0 0.0 0.0 -0.030699270194292715 0.06622041441907751 
1441 7.702404737472534 0.0 0.0 0.0 -0.031004100792575463 0.06581099490443112 
1442 7.707996368408203 0.0 0.0 0.0 -0.03125927351680569 0.06538499289857663 
1443 7.71347451210022 0.0 0.0 0.0 -0.031488928968612905 0.06492489183641062 
1444 7.718928813934326 0.0 0.0 0.0 -0.03167644406101515 0.06443410311368036 
1445 7.724388360977173 0.0 0.0 0.0 -0.03182603282995293 0.06391569400632616 
1446 7.729811191558838 0.0 0.0 0.0 -0.031922313838606504 0.06337242655281039 
1447 7.735240936279297 0.0 0.0 0.0 -0.031970617117946236 0.06280678658774923 
1448 7.740683317184448 0.0 0.0 0.0 -0.031975740440903504 0.06220183654807297 
1449 7.746099948883057 0.0 0.0 0.0 -0.03194200180311656 0.06156150744124313 
1450 7.751522779464722 0.0 0.0 0.0 -0.031911637029108306 0.060850989035642684 
1451 7.757543087005615 0.0 0.0 0.0 -0.03184595910405239 0.06009647358525682 
1452 7.7632060050964355 0.0 0.0 0.0 -0.03178684897150207 0.059379060051461055 
1453 7.768641948699951 0.0 0.0 0.0 -0.03167612540953406 0.05861833898569941 
1454 7.7739951610565186 0.0 0.0 0.0 -0.03157647420376285 0.057856990769616964 
1455 7.7792863845825195 0.0 0.0 0.0 -0.03142926442095408 0.05705672997991342 
1456 7.7846996784210205 0.0 0.0 0.0 -0.03127760080220195 0.05624062119805901 
1457 7.790136098861694 0.0 0.0 0.0 -0.031064404288428063 0.05539107440904459 
1458 7.795876979827881 0.0 0.0 0.0 -0.030834177797583073 0.05451143341358614 
1459 7.803277015686035 0.0 0.0 0.0 -0.030492751001310943 0.053470485422874504 
1460 7.809313058853149 0.0 0.0 0.0 -0.03010876762776905 0.052418583345888566 
1461 7.817997932434082 0.0 0.0 0.0 -0.02962895889201165 0.05122259889168606 
1462 7.823998689651489 0.0 0.0 0.0 -0.029120432517991072 0.050011990673450225 
1463 7.829719543457031 0.0 0.0 0.0 -0.028662758781372553 0.04892244327703797 
1464 7.83517599105835 0.0 0.0 0.0 -0.028116628718846185 0.047711752849576024 
1465 7.84062647819519 0.0 0.0 0.0 -0.02756758721989972 0.04648790776529057 
1466 7.846367597579956 0.0 0.0 0.0 -0.026958401730560504 0.045156350163800804 
1467 7.852134943008423 0.0 0.0 0.0 -0.02633343553325824 0.043862074996396855 
1468 7.857742071151733 0.0 0.0 0.0 -0.025713441513013472 0.042582178460387844 
1469 7.863298654556274 0.0 0.0 0.0 -0.02509792319717851 0.04131522343769234 
1470 7.869113445281982 0.0 0.0 0.0 -0.024486432270254318 0.040059915031920926 
1471 7.875289440155029 0.0 0.0 0.0 -0.023897740807574057 0.03883426339560544 
1472 7.881133556365967 0.0 0.0 0.0 -0.023310394048489093 0.03763530359685834 
1473 7.887141227722168 0.0 0.0 0.0 -0.022724257522639894 0.036383666449967766 
1474 7.892756462097168 0.0 0.0 0.0 -0.022158385765985188 0.035180494505927334 
1475 7.898198127746582 0.0 0.0 0.0 -0.02161075155654747 0.03402094049939398 
1476 7.903491735458374 0.0 0.0 0.0 -0.021098705953829275 0.032881467822392735 
1477 7.908742904663086 0.0 0.0 0.0 -0.020637864911382902 0.03185594241309162 
1478 7.914112329483032 0.0 0.0 0.0 -0.020165583530508437 0.03076039696176049 
1479 7.919380187988281 0.0 0.0 0.0 -0.019721355473497175 0.029697706798665496 
1480 7.92462158203125 0.0 0.0 0.0 -0.019302375407962796 0.028664587140041088 
1481 7.930118799209595 0.0 0.0 0.0 -0.01890611853475761 0.027677255004606393 
1482 7.935381174087524 0.0 0.0 0.0 -0.0185303125346487 0.026711956825818194 
1483 7.9407103061676025 0.0 0.0 0.0 -0.018172912320326442 0.025785664022236084 
1484 7.945965051651001 0.0 0.0 0.0 -0.017832077313212163 0.024894476056339456 
1485 7.951391935348511 0.0 0.0 0.0 -0.017506150992585068 0.02395818393252085 
1486 7.956662893295288 0.0 0.0 0.0 -0.017212817304020685 0.023077171392635615 
1487 7.961908340454102 0.0 0.0 0.0 -0.01689129328669807 0.022150037152227266 
1488 7.967113494873047 0.0 0.0 0.0 -0.016601921671107717 0.02125809189318702 
1489 7.972318649291992 0.0 0.0 0.0 -0.016303137588627913 0.020321117460481097 
1490 7.977571725845337 0.0 0.0 0.0 -0.016034231914396086 0.01943949084259728 
1491 7.983556270599365 0.0 0.0 0.0 -0.01575386717913896 0.018530978746214444 
1492 7.989243507385254 0.0 0.0 0.0 -0.015501538917407544 0.017674968231021406 
1493 7.994591236114502 0.0 0.0 0.0 -0.015274443481849271 0.016808684696226456 
1494 7.999861478805542 0.0 0.0 0.0 -0.015070057589846825 0.01600985470068676 
1495 8.005115032196045 0.0 0.0 0.0 -0.01486693547282038 0.014408869230618083 
1496 8.010369777679443 0.0 0.0 0.0 -0.014684125567496579 0.012967982307556275 
1497 8.01573634147644 0.0 0.0 0.0 -0.014519596652705158 0.011671184076800649 
1498 8.021021127700806 0.0 0.0 0.0 -0.01437152062939288 0.010504065669120584 
1499 8.026251792907715 0.0 0.0 0.0 -0.014257427022636073 0.009453659102208526 
1500 8.031505584716797 0.0 0.0 0.0 -0.014154742776554947 0.008508293191987674 
1501 8.036944150924683 0.0 0.0 0.0 -0.014062326955081934 0.007657463872788907 
1502 8.042274236679077 0.0 0.0 0.0 -0.013998327529980464 0.006891717485510016 
1503 8.047561645507812 0.0 0.0 0.0 -0.01394072804738914 0.006202545736959015 
1504 8.052788496017456 0.0 0.0 0.0 -0.013908063327281193 0.005582291163263114 
1505 8.058014631271362 0.0 0.0 0.0 -0.013878665079184041 0.005024062046936803 
1506 8.063217163085938 0.0 0.0 0.0 -0.013852206655896605 0.004521655842243123 
1507 8.068407535552979 0.0 0.0 0.0 -0.01382839407493791 0.004069490258018811 
1508 8.073627233505249 0.0 0.0 0.0 -0.013826137566299329 0.0036625412322169298 
1509 8.078825950622559 0.0 0.0 0.0 -0.013824106708524606 0.003296287108995237 
1510 8.084045648574829 0.0 0.0 0.0 -0.013841453750751598 0.0029666583980957136 
1511 8.089427471160889 0.0 0.0 0.0 -0.013857066088755891 0.002669992558286142 
1512 8.094707489013672 0.0 0.0 0.0 -0.013871117192959755 0.0024029933024575277 
1513 8.100024461746216 0.0 0.0 0.0 -0.013883763186743232 0.002162693972211775 
1514 8.105287313461304 0.0 0.0 0.0 -0.013895144581148362 0.0019464245749905974 
1515 8.110506534576416 0.0 0.0 0.0 -0.013886213021888735 0.0017517821174915377 
1516 8.11589241027832 0.0 0.0 0.0 -0.013878174618555072 0.0015766039057423839 
1517 8.121290445327759 0.0 0.0 0.0 -0.013870940055554774 0.0014189435151681455 
1518 8.12666368484497 0.0 0.0 0.0 -0.013845254134630265 0.001277049163651331 
1519 8.131891965866089 0.0 0.0 0.0 -0.01380296199157396 0.0011493442472861979 
1520 8.137142896652222 0.0 0.0 0.0 -0.013745724248599045 0.001034409822557578 
1521 8.142483711242676 0.0 0.0 0.0 -0.013694210279921622 0.0009309688403018203 
1522 8.147770166397095 0.0 0.0 0.0 -0.013628672893887698 0.0008378719562716383 
1523 8.153083562850952 0.0 0.0 0.0 -0.013531339618008679 0.0016936476774001507 
1524 8.158452987670898 0.0 0.0 0.0 -0.013405390041269075 0.0025021954548642986 
1525 8.163688659667969 0.0 0.0 0.0 -0.013272860607979189 0.003268238083030518 
1526 8.168952941894531 0.0 0.0 0.0 -0.013134409303794047 0.003996026076828601 
1527 8.174217462539673 0.0 0.0 0.0 -0.012990629060861236 0.004689384899695363 
1528 8.179480791091919 0.0 0.0 0.0 -0.012842052027997465 0.005351757468723935 
1529 8.184716701507568 0.0 0.0 0.0 -0.012689157884195827 0.005967066850015833 
1530 8.189982175827026 0.0 0.0 0.0 -0.01253237834055011 0.006540020107402784 
1531 8.195363283157349 0.0 0.0 0.0 -0.012372101937044721 0.007094027667499527 
1532 8.200683355331421 0.0 0.0 0.0 -0.012208678359665628 0.007592634471586596 
1533 8.206048250198364 0.0 0.0 0.0 -0.012061597140024444 0.008079730223713444 
1534 8.211286544799805 0.0 0.0 0.0 -0.011929224042347378 0.008518116400627607 
1535 8.216569185256958 0.0 0.0 0.0 -0.011810088254438019 0.008931838774074597 
1536 8.222148656845093 0.0 0.0 0.0 -0.011702866045319596 0.00932336372440113 
1537 8.227528095245361 0.0 0.0 0.0 -0.011606366057113016 0.009714085808143497 
1538 8.23274040222168 0.0 0.0 0.0 -0.01150034125350285 0.01008491049773587 
1539 8.237956762313843 0.0 0.0 0.0 -0.0114049189302537 0.010418652718369007 
1540 8.243182897567749 0.0 0.0 0.0 -0.011319038839329467 0.010738195531163074 
1541 8.248568773269653 0.0 0.0 0.0 -0.011241746757497657 0.011025784062677735 
1542 8.253928184509277 0.0 0.0 0.0 -0.01119135869807327 0.011303788555265171 
1543 8.259210586547852 0.0 0.0 0.0 -0.01114600944459132 0.011553992598593863 
1544 8.264420747756958 0.0 0.0 0.0 -0.011105195116457568 0.01179835105181393 
1545 8.269677877426147 0.0 0.0 0.0 -0.01106846222113719 0.012037447728878175 
1546 8.274968147277832 0.0 0.0 0.0 -0.01103540261534885 0.012271809552460235 
1547 8.280289649963379 0.0 0.0 0.0 -0.011005648970139344 0.012501910007908335 
1548 8.285537004470825 0.0 0.0 0.0 -0.010978870689450788 0.012728175232035868 
1549 8.290750980377197 0.0 0.0 0.0 -0.010954770236831087 0.012950988747974889 
1550 8.295984983444214 0.0 0.0 0.0 -0.010933079829473356 0.013170695726544251 
1551 8.301430702209473 0.0 0.0 0.0 -0.0109135584628514 0.013406781635705165 
1552 8.30680251121521 0.0 0.0 0.0 -0.010895989232891638 0.013638433768174231 
1553 8.31222653388977 0.0 0.0 0.0 -0.010880176925927854 0.013923619944293362 
1554 8.317493915557861 0.0 0.0 0.0 -0.010865945849660446 0.014218636386191008 
1555 8.322891473770142 0.0 0.0 0.0 -0.010872312695244024 0.014484151183898888 
1556 8.328221082687378 0.0 0.0 0.0 -0.010878042856269244 0.01478063894450871 
1557 8.333615064620972 0.0 0.0 0.0 -0.010883200001191942 0.01504747792905755 
1558 8.338936567306519 0.0 0.0 0.0 -0.01088784143162237 0.015345157457824235 
1559 8.344199180603027 0.0 0.0 0.0 -0.010911193533233998 0.01561306903371425 
1560 8.349598407745361 0.0 0.0 0.0 -0.010932210424684462 0.015911713894687995 
1561 8.355044841766357 0.0 0.0 0.0 -0.010951125626989881 0.01621884389801285 
1562 8.360349655151367 0.0 0.0 0.0 -0.010968149309064756 0.01655278459861989 
1563 8.365691184997559 0.0 0.0 0.0 -0.010983470622932145 0.016891680857614715 
1564 8.370961666107178 0.0 0.0 0.0 -0.010997259805412796 0.017254211933382786 
1565 8.376177549362183 0.0 0.0 0.0 -0.010990495255421139 0.017638014344246777 
1566 8.381478548049927 0.0 0.0 0.0 -0.010984407160428648 0.018060135770921346 
1567 8.386725425720215 0.0 0.0 0.0 -0.010978927874935405 0.018497568752543124 
1568 8.392190217971802 0.0 0.0 0.0 -0.010954821703767242 0.019044656949796672 
1569 8.397543907165527 0.0 0.0 0.0 -0.010933126149715897 0.019594560769997594 
1570 8.402815341949463 0.0 0.0 0.0 -0.010913600151069685 0.020166172720017337 
1571 8.408225774765015 0.0 0.0 0.0 -0.010876851938063852 0.02075732273193208 
1572 8.413540124893188 0.0 0.0 0.0 -0.010843778546358603 0.021346882185328073 
1573 8.418879270553589 0.0 0.0 0.0 -0.010814012493823879 0.021954184205223385 
1574 8.42429780960083 0.0 0.0 0.0 -0.010787223046542628 0.022558280465801894 
1575 8.429591417312622 0.0 0.0 0.0 -0.010782287358213743 0.023159491542995278 
1576 8.43484878540039 0.0 0.0 0.0 -0.010777845238717746 0.023758105955142057 
1577 8.44007134437561 0.0 0.0 0.0 -0.01077384733117135 0.024373558182971128 
1578 8.445363759994507 0.0 0.0 0.0 -0.010770249214379593 0.024984988885631963 
1579 8.4506995677948 0.0 0.0 0.0 -0.010767010909267013 0.025592800960699442 
1580 8.455931901931763 0.0 0.0 0.0 -0.01076409643466569 0.026197356270932906 
1581 8.462063550949097 0.0 0.0 0.0 -0.010761473407524499 0.02677980567859151 
1582 8.467414140701294 0.0 0.0 0.0 -0.010759112683097427 0.027380708657323165 
1583 8.47267484664917 0.0 0.0 0.0 -0.010756988031113062 0.027959870966630142 
1584 8.477891683578491 0.0 0.0 0.0 -0.010735901030102891 0.02853864148767915 
1585 8.48313593864441 0.0 0.0 0.0 -0.01073609754341798 0.029117058654237925 
1586 8.48834776878357 0.0 0.0 0.0 -0.010736274405401562 0.029695158546813552 
1587 8.493606567382812 0.0 0.0 0.0 -0.010736433581186785 0.030253798078580103 
1588 8.498855829238892 0.0 0.0 0.0 -0.010755751653617729 0.030852447728291214 
1589 8.504141807556152 0.0 0.0 0.0 -0.010773137918805577 0.0314295820414797 
1590 8.509392738342285 0.0 0.0 0.0 -0.010807960371698884 0.031987352551797826 
1591 8.51474928855896 0.0 0.0 0.0 -0.010839300579302859 0.03254687045375687 
1592 8.52000617980957 0.0 0.0 0.0 -0.01088668158037068 0.033088786193968496 
1593 8.525341272354126 0.0 0.0 0.0 -0.010929324481331722 0.03361485998860744 
1594 8.530701398849487 0.0 0.0 0.0 -0.010986877906420901 0.03412667603223098 
1595 8.535963773727417 0.0 0.0 0.0 -0.011038675989001163 0.034625660099940656 
1596 8.541188955307007 0.0 0.0 0.0 -0.01110446907754764 0.03511309389921173 
1597 8.546425104141235 0.0 0.0 0.0 -0.011182856926405655 0.035590133947004186 
1598 8.551669836044312 0.0 0.0 0.0 -0.011253405990377868 0.03601946999001739 
1599 8.556997776031494 0.0 0.0 0.0 -0.011393599404849832 0.036501746499850496 
1600 8.562361717224121 0.0 0.0 0.0 -0.011538948292098842 0.03697414498714877 
1601 8.56773829460144 0.0 0.0 0.0 -0.011708111919071437 0.03741847843994146 
1602 8.573017358779907 0.0 0.0 0.0 -0.011879533997571017 0.037856728175903374 
1603 8.578301668167114 0.0 0.0 0.0 -0.012052988682444882 0.03827032775249333 
1604 8.583504438400269 0.0 0.0 0.0 -0.012247447527279848 0.038680916999872784 
1605 8.588716983795166 0.0 0.0 0.0 -0.012460810116079803 0.03906962213673853 
1606 8.59391736984253 0.0 0.0 0.0 -0.012672010515165946 0.03943863157414195 
1607 8.599159955978394 0.0 0.0 0.0 -0.01290044050279196 0.03978991488202927 
1608 8.604389667510986 0.0 0.0 0.0 -0.013125202305879616 0.04012524467335211 
1609 8.60965633392334 0.0 0.0 0.0 -0.013365837557106993 0.04042704148554266 
1610 8.614940404891968 0.0 0.0 0.0 -0.013620758911660117 0.04073700824496263 
1611 8.620392084121704 0.0 0.0 0.0 -0.013869362944982174 0.04101597832844061 
1612 8.625692129135132 0.0 0.0 0.0 -0.01413145620342051 0.041286226217795034 
1613 8.631085395812988 0.0 0.0 0.0 -0.014405689764463499 0.04152944931821402 
1614 8.636423349380493 0.0 0.0 0.0 -0.014690848852792617 0.041767524922815345 
1615 8.641713619232178 0.0 0.0 0.0 -0.014966666846513065 0.0419626181527323 
1616 8.646976232528687 0.0 0.0 0.0 -0.015272427483534197 0.0421573768738818 
1617 8.652211427688599 0.0 0.0 0.0 -0.015585961685301703 0.042332659722916346 
1618 8.657424211502075 0.0 0.0 0.0 -0.015887317281116704 0.04249041428704744 
1619 8.662659883499146 0.0 0.0 0.0 -0.01619688694579869 0.042632393394765426 
1620 8.667882919311523 0.0 0.0 0.0 -0.016475499644012476 0.042740999777487375 
1621 8.673270225524902 0.0 0.0 0.0 -0.016745425886629126 0.04283874552193712 
1622 8.678554058074951 0.0 0.0 0.0 -0.017007534319208355 0.04288836706349341 
1623 8.683843851089478 0.0 0.0 0.0 -0.017262606722753905 0.04293302645089407 
1624 8.689060688018799 0.0 0.0 0.0 -0.0174921718859449 0.042954045085330426 
1625 8.694265127182007 0.0 0.0 0.0 -0.017717955347041042 0.042953787042098894 
1626 8.699464321136475 0.0 0.0 0.0 -0.01794033453119375 0.04293437998896628 
1627 8.704649925231934 0.0 0.0 0.0 -0.018140475796931187 0.04291691364114692 
1628 8.709859848022461 0.0 0.0 0.0 -0.01832060293609488 0.042862844299661015 
1629 8.71507453918457 0.0 0.0 0.0 -0.01850189217556645 0.04279500707809946 
1630 8.720312356948853 0.0 0.0 0.0 -0.01866505249109086 0.04269560395024557 
1631 8.725707054138184 0.0 0.0 0.0 -0.018831071589287072 0.04256779150672858 
1632 8.731065511703491 0.0 0.0 0.0 -0.018980488777663663 0.042414410679114806 
1633 8.736440658569336 0.0 0.0 0.0 -0.019134139061426837 0.042257193120038165 
1634 8.741668939590454 0.0 0.0 0.0 -0.019272424316813693 0.04205817287419646 
1635 8.74690294265747 0.0 0.0 0.0 -0.019396881046661863 0.04184070502449044 
1636 8.75217580795288 0.0 0.0 0.0 -0.019508892103525216 0.04156828619297417 
1637 8.757431983947754 0.0 0.0 0.0 -0.01959052724047799 0.041265584801936796 
1638 8.762699127197266 0.0 0.0 0.0 -0.019663998863735488 0.04095480392155467 
1639 8.768040895462036 0.0 0.0 0.0 -0.019730123324667236 0.04061757668653803 
1640 8.773374557495117 0.0 0.0 0.0 -0.01978963533950581 0.04025654773235032 
1641 8.778733253479004 0.0 0.0 0.0 -0.019824021338636283 0.03987409723090866 
1642 8.783987998962402 0.0 0.0 0.0 -0.01983579392362947 0.03947236733693843 
1643 8.789278745651245 0.0 0.0 0.0 -0.019846389250123334 0.03911081043236522 
1644 8.794526815414429 0.0 0.0 0.0 -0.019817576160577385 0.03867036033290388 
1645 8.799761533737183 0.0 0.0 0.0 -0.01977246956576179 0.038216431545774 
1646 8.80499005317688 0.0 0.0 0.0 -0.01971269881620351 0.03775037119468438 
1647 8.810235500335693 0.0 0.0 0.0 -0.019639730327376814 0.03727339243603099 
1648 8.81546926498413 0.0 0.0 0.0 -0.019554883873208546 0.03678658785562827 
1649 8.82067060470581 0.0 0.0 0.0 -0.01945934725023286 0.0362909392905931 
1650 8.825892448425293 0.0 0.0 0.0 -0.0193541894753305 0.03576815632516447 
1651 8.831279993057251 0.0 0.0 0.0 -0.019221197849469893 0.03524012721360597 
1652 8.836679220199585 0.0 0.0 0.0 -0.0190823305719711 0.03470737731558865 
1653 8.842073678970337 0.0 0.0 0.0 -0.018938175207997943 0.034170377964700335 
1654 8.847289085388184 0.0 0.0 0.0 -0.01875091168280743 0.03357202966355539 
1655 8.852501630783081 0.0 0.0 0.0 -0.01856319969591173 0.03299516656407645 
1656 8.85773229598999 0.0 0.0 0.0 -0.01835590927925711 0.03241846607693074 
1657 8.862927436828613 0.0 0.0 0.0 -0.01815017309004371 0.03186108601005111 
1658 8.868114709854126 0.0 0.0 0.0 -0.01796501051975165 0.03135944394985944 
1659 8.87332272529602 0.0 0.0 0.0 -0.017740839763816067 0.03083126683878997 
1660 8.878519058227539 0.0 0.0 0.0 -0.017500736455025555 0.03031755781037896 
1661 8.884432077407837 0.0 0.0 0.0 -0.01726546866288985 0.029816870056360568 
1662 8.889761447906494 0.0 0.0 0.0 -0.017015378021519232 0.029347076263519768 
1663 8.895054817199707 0.0 0.0 0.0 -0.016771121630061434 0.028905087035738807 
1664 8.900267601013184 0.0 0.0 0.0 -0.016512941994358987 0.028468947847345515 
1665 8.905607223510742 0.0 0.0 0.0 -0.016261405508002542 0.028018898135118823 
1666 8.910881519317627 0.0 0.0 0.0 -0.015996673041833255 0.027594678579890557 
1667 8.916111946105957 0.0 0.0 0.0 -0.015739239008056655 0.027155356537512387 
1668 8.921330213546753 0.0 0.0 0.0 -0.015469198749209226 0.02674079188514779 
1669 8.926551342010498 0.0 0.0 0.0 -0.015206987702022296 0.026329334069571168 
1670 8.931753635406494 0.0 0.0 0.0 -0.014951822945329818 0.02593984722132796 
1671 8.937700033187866 0.0 0.0 0.0 -0.014664650221633858 0.025570134243684838 
1672 8.943025350570679 0.0 0.0 0.0 -0.014406194770307494 0.025237392563806027 
1673 8.948309183120728 0.0 0.0 0.0 -0.014135235980723339 0.024918750982748913 
1674 8.953565120697021 0.0 0.0 0.0 -0.013872198255873358 0.024612798745573268 
1675 8.958829641342163 0.0 0.0 0.0 -0.013597114675059887 0.024337441732115186 
1676 8.96419882774353 0.0 0.0 0.0 -0.013311189823879277 0.02408962042000291 
1677 8.969451904296875 0.0 0.0 0.0 -0.013034682643592485 0.023866581239101865 
1678 8.97465181350708 0.0 0.0 0.0 -0.01276665136711013 0.02366584597629092 
1679 8.979840993881226 0.0 0.0 0.0 -0.012506248404051765 0.02346600942553683 
1680 8.985048532485962 0.0 0.0 0.0 -0.012252710923074995 0.02328615652985815 
1681 8.991006135940552 0.0 0.0 0.0 -0.012005352375971659 0.02310511410952309 
1682 8.99632716178894 0.0 0.0 0.0 -0.011763554869354414 0.02294217593122154 
1683 9.001662969589233 0.0 0.0 0.0 -0.01152676229917465 0.022795531570750142 
1684 9.00698971748352 0.0 0.0 0.0 -0.011294474916846677 0.022644376832101642 
1685 9.012372732162476 0.0 0.0 0.0 -0.011047066644303017 0.02248916275309375 
1686 9.01768708229065 0.0 0.0 0.0 -0.009942359979872716 0.022349470081986646 
1687 9.022937774658203 0.0 0.0 0.0 -0.008948123981885445 0.022223746677990253 
1688 9.028135776519775 0.0 0.0 0.0 -0.0080533115836969 0.0221105956143935 
1689 9.033350229263306 0.0 0.0 0.0 -0.00724798042532721 0.02198958484293218 
1690 9.038569688796997 0.0 0.0 0.0 -0.0065231823827944894 0.021861500334392745 
1691 9.044079542160034 0.0 0.0 0.0 -0.0058708641445150405 0.021746224276707256 
1692 9.049355268478394 0.0 0.0 0.0 -0.0052837777300635365 0.02162330101056607 
1693 9.054647445678711 0.0 0.0 0.0 -0.004755399957057183 0.021512670071039002 
1694 9.059860229492188 0.0 0.0 0.0 -0.004279859961351465 0.021413102225464643 
1695 9.06511664390564 0.0 0.0 0.0 -0.0038518739652163188 0.02132349116444772 
1696 9.070346593856812 0.0 0.0 0.0 -0.003466686568694687 0.021242841209532487 
1697 9.07564401626587 0.0 0.0 0.0 -0.0031200179118252183 0.021151081435884535 
1698 9.080880165100098 0.0 0.0 0.0 -0.0028080161206426963 0.021068497639601377 
1699 9.086106061935425 0.0 0.0 0.0 -0.0025272145085784266 0.020994172222946538 
1700 9.091311693191528 0.0 0.0 0.0 -0.002274493057720584 0.02092727934795718 
1701 9.096657037734985 0.0 0.0 0.0 -0.0020470437519485257 0.020867075760466758 
1702 9.101993560791016 0.0 0.0 0.0 -0.001842339376753673 0.02081289253172538 
1703 9.107271909713745 0.0 0.0 0.0 -0.0016581054390783058 0.020744952811633896 
1704 9.112477779388428 0.0 0.0 0.0 -0.0014922948951704752 0.020683807063551562 
1705 9.11771821975708 0.0 0.0 0.0 -0.0013430654056534278 0.02062877589027746 
1706 9.122936487197876 0.0 0.0 0.0 -0.001208758865088085 0.020579247834330773 
1707 9.12822961807251 0.0 0.0 0.0 -0.0010878829785792765 0.02053467258397875 
1708 9.133493423461914 0.0 0.0 0.0 -0.0009790946807213489 0.02049455485866193 
1709 9.13869023323059 0.0 0.0 0.0 -0.000881185212649214 0.020477623720101035 
1710 9.14396357536316 0.0 0.0 0.0 -0.0007930666913842926 0.02046238569539623 
1711 9.15001916885376 0.0 0.0 0.0 -0.0007137600222458634 0.020467846287386147 
1712 9.155338764190674 0.0 0.0 0.0 -0.000642384020021277 0.020472760820177075 
1713 9.160612344741821 0.0 0.0 0.0 -0.0005781456180191494 0.02047718389968891 
1714 9.16586184501648 0.0 0.0 0.0 -0.0005203310562172345 0.020500339485473803 
1715 9.171117067337036 0.0 0.0 0.0 -0.00046829795059551106 0.020521179512680208 
1716 9.17633318901062 0.0 0.0 0.0 -0.00042146815553595996 0.020559110351390214 
1717 9.18156385421753 0.0 0.0 0.0 -0.000379321339982364 0.020612422920453465 
1718 9.186922788619995 0.0 0.0 0.0 -0.0003413892059841276 0.02066040423261039 
1719 9.192241430282593 0.0 0.0 0.0 -0.00030725028538571486 0.020722762227775863 
1720 9.197746515274048 0.0 0.0 0.0 -0.0002765252568471434 0.020798059237649033 
1721 9.20369553565979 0.0 0.0 0.0 -0.0002488727311624291 0.020865826546534887 
1722 9.209079504013062 0.0 0.0 0.0 -0.00022398545804618616 0.0209459919387564 
1723 9.214376211166382 0.0 0.0 0.0 -0.00020158691224156754 0.02101814079175576 
1724 9.219597101211548 0.0 0.0 0.0 -0.00018142822101741078 0.021102249573679427 
1725 9.224940776824951 0.0 0.0 0.0 -0.0001632853989156697 0.021197122291634972 
1726 9.230182886123657 0.0 0.0 0.0 -0.00014695685902410273 0.021282507737794963 
1727 9.23548936843872 0.0 0.0 0.0 -0.00013226117312169246 0.021378528708505137 
1728 9.240709781646729 0.0 0.0 0.0 -0.00011903505580952322 0.021464947582144296 
1729 9.245954751968384 0.0 0.0 0.0 -0.0001071315502285709 0.02154272456841954 
1730 9.251310348510742 0.0 0.0 0.0 -9.641839520571381e-05 0.0216318986702915 
1731 9.257073879241943 0.0 0.0 0.0 -8.677655568514243e-05 0.021712155361976262 
1732 9.262421369552612 0.0 0.0 0.0 -7.809890011662819e-05 0.021784386384492548 
1733 9.267756700515747 0.0 0.0 0.0 -7.028901010496537e-05 0.021849394304757207 
1734 9.273092985153198 0.0 0.0 0.0 -6.326010909446884e-05 0.021907901432995397 
1735 9.278425931930542 0.0 0.0 0.0 -5.6934098185021956e-05 0.021960557848409768 
1736 9.283795833587646 0.0 0.0 0.0 -5.124068836651976e-05 0.022007948622282704 
1737 9.289404153823853 0.0 0.0 0.0 -4.6116619529867786e-05 0.022050600318768345 
1738 9.294856071472168 0.0 0.0 0.0 -4.150495757688101e-05 0.022088986845605424 
1739 9.300264358520508 0.0 0.0 0.0 -3.735446181919291e-05 0.022123534719758794 
1740 9.305610418319702 0.0 0.0 0.0 -3.361901563727362e-05 0.022154627806496827 
1741 9.311029434204102 0.0 0.0 0.0 -3.025711407354626e-05 0.022182611584561057 
1742 9.316339492797852 0.0 0.0 0.0 -2.7231402666191634e-05 0.022207796984818864 
1743 9.321736812591553 0.0 0.0 0.0 -2.450826239957247e-05 0.02223046384505089 
1744 9.326959371566772 0.0 0.0 0.0 -2.2057436159615226e-05 0.022250864019259714 
1745 9.332221984863281 -0.25628536643004446 0.00022846320363863865 0.0 -1.9851692543653704e-05 0.022269224176047656 
1746 9.33765697479248 -0.25683006432458694 0.00018593393011774215 0.0 -1.7866523289288333e-05 0.022285748317156802 
1747 9.343008756637573 -0.2571741203143328 0.000167509276492589 0.0 -1.60798709603595e-05 0.022300620044155034 
1748 9.348520278930664 -0.25750284000085305 0.00015092708822995115 0.0 -1.447188386432355e-05 0.02231400459845344 
1749 9.353952169418335 -0.2578177570144704 0.00013600311879357707 0.0 -1.3024695477891195e-05 0.02232605069732201 
1750 9.3592369556427 -0.2589450946059594 0.00012257154630084045 0.0 -1.1722225930102076e-05 0.022375241814752207 
1751 9.364609479904175 -0.2600080189131476 0.00011048313105737744 0.0 -1.0550003337091868e-05 0.02243868863466363 
1752 9.369943857192993 -0.2612048823926285 9.960355733826076e-05 0.0 -9.495003003382682e-06 0.022514965586808152 
1753 9.37529468536377 -0.2616976111296095 8.981194099105576e-05 0.0 -8.545502703044414e-06 0.02256444002951398 
1754 9.380593061447144 -0.2619399518969044 8.099948627857123e-05 0.0 -7.690952432739973e-06 0.022589792213724983 
1755 9.385884523391724 -0.2607195320554159 7.306827703733518e-05 0.0 -6.921857189465976e-06 0.022535910667675973 
1756 9.391200542449951 -0.2591696181714792 6.59301887202227e-05 0.0 -6.2296714705193785e-06 0.02242989283355913 
1757 9.396527528762817 -0.2571309299999146 5.95059092348215e-05 0.0 -5.606704323467441e-06 0.022276952340181247 
1758 9.401818037033081 -0.25423943451998005 5.372405769796041e-05 0.0 -5.046033891120697e-06 0.02206260663924418 
1759 9.407091617584229 -0.25077152468615255 4.852039131478542e-05 0.0 -4.541430502008627e-06 0.021792996996561904 
1760 9.412376403808594 -0.24595932353732475 4.383709156992794e-05 0.0 -4.087287451807765e-06 0.021435299432802396 
1761 9.418489933013916 -0.23702043011568083 3.96221217995562e-05 0.0 -3.6785587066269883e-06 0.020844924971337494 
1762 9.42391848564148 -0.22754889550627014 3.582864900622163e-05 0.0 -3.3107028359642896e-06 0.020121840558834713 
1763 9.429298877716064 -0.22095356029836358 3.241452349222054e-05 0.0 -2.9796325523678606e-06 0.01947106458758221 
1764 9.434574127197266 -0.2076057597536899 2.934181052961954e-05 0.0 -2.6816692971310745e-06 0.018540220302476637 
1765 9.439845561981201 -0.1771945616397348 2.657636886327864e-05 0.0 -2.413502367417967e-06 0.016686198272228975 
1766 9.445101499557495 -0.15998710507370167 2.4087471363571837e-05 0.0 -2.1721521306761707e-06 0.015017578445006077 
1767 9.450388669967651 -0.14450039416427185 2.1847463613835706e-05 0.0 -1.9549369176085535e-06 0.01351582060050547 
1768 9.455826997756958 -0.1305623543457851 1.983145663907319e-05 0.0 -1.7594432258476981e-06 0.012164238540454923 
1769 9.46112585067749 -0.11801811850914695 1.8017050361786925e-05 0.0 -1.5834989032629282e-06 0.010947814686409431 
1770 9.46641492843628 -0.10672830625617262 1.638408471222929e-05 0.0 -1.4251490129366355e-06 0.009853033217768488 
1771 9.471779108047485 -0.09656747522849574 1.4914415627627424e-05 0.0 -1.282634111642972e-06 0.00886772989599164 
1772 9.47713017463684 -0.08742272730358652 1.3591713451485737e-05 0.0 -1.154370700478675e-06 0.007980956906392476 
1773 9.48252558708191 -0.07919245417116826 1.2401281492958219e-05 0.0 -1.0389336304308075e-06 0.007182861215753228 
1774 9.487770557403564 -0.07178520835199179 1.1329892730283453e-05 0.0 -9.350402673877267e-07 0.006464575094177905 
1775 9.493080139160156 -0.04408525513620926 1.0365642843876165e-05 0.0 -8.41536240648954e-07 0.0048402050395559525 
1776 9.498324871063232 -0.026039159995217432 9.497817946109604e-06 0.0 -7.573826165840586e-07 0.0032440482908264925 
1777 9.503600120544434 -0.008243523788827554 8.7167755381197e-06 0.0 -6.816443549256528e-07 0.001673284262458336 
1778 9.508906364440918 0.006440913305000826 8.013837370928788e-06 0.0 -6.134799194330876e-07 0.00025959663692699526 
1779 9.514182329177856 0.024204137151803775 7.381193020456967e-06 0.0 -5.521319274897789e-07 -0.0012236451825178864 
1780 9.519413709640503 0.040568708872955106 6.811813105032326e-06 0.0 -4.96918734740801e-07 -0.0026736109603056795 
1781 9.524750709533691 0.055809392793602176 6.299371181150151e-06 0.0 -4.472268612667209e-07 -0.0040552794172116656 
1782 9.530101537704468 0.07083513996312545 5.838173449656191e-06 0.0 -4.025041751400488e-07 -0.005394655099548269 
1783 9.535453796386719 0.085064073327176 5.423095491311629e-06 0.0 -3.6225375762604393e-07 -0.006676791725490125 
1784 9.540757894515991 0.09835587632981385 5.049525328801524e-06 0.0 -3.2602838186343957e-07 -0.007888239131510525 
1785 9.54605221748352 0.11017164867312063 4.713312182542428e-06 0.0 -2.934255436770956e-07 -0.008997716611153127 
1786 9.551473617553711 0.12063023120169303 4.410720350909241e-06 0.0 -2.6408298930938605e-07 -0.00999624634283147 
1787 9.557010173797607 0.12964666954750484 4.1383877024393735e-06 0.0 -2.3767469037844744e-07 -0.010875748287117737 
1788 9.562394380569458 0.13714434179341142 3.893288318816493e-06 0.0 -2.1390722134060271e-07 -0.011628950408526888 
1789 9.567680358886719 0.143466546719804 3.6726988735559e-06 0.0 -1.9251649920654246e-07 -0.01226848268934664 
1790 9.57293963432312 0.14914292657853423 3.4741683728213667e-06 0.0 -1.7326484928588822e-07 -0.012824886927860173 
1791 9.578974485397339 0.15404616877328636 3.295490922160287e-06 0.0 -1.559383643572994e-07 -0.013306476673356169 
1792 9.584352493286133 0.15825340061520837 3.134681216565315e-06 0.0 -1.4034452792156947e-07 -0.013720732630078322 
1793 9.589698553085327 0.16183406760424293 2.98995248152984e-06 0.0 -1.2631007512941253e-07 -0.014074388176904016 
1794 9.594972610473633 0.1652630847315001 2.859696619997912e-06 0.0 -1.1367906761647128e-07 -0.01439267816904714 
1795 9.600285291671753 0.16836386884091512 2.742466344619177e-06 0.0 -1.0231116085482415e-07 -0.014679139161975954 
1796 9.6056969165802 0.17116924323427218 2.6369590967783163e-06 0.0 -9.208004476934174e-08 -0.014936954055611885 
1797 9.61105489730835 0.17370874888317717 2.542002573721541e-06 0.0 -8.287204029240757e-08 -0.015168987459884223 
1798 9.616341590881348 0.17518412967859098 2.456541702970443e-06 0.0 -7.458483626316681e-08 -0.015339467895280842 
1799 9.621620893478394 0.1752601254350215 2.379626919294455e-06 0.0 -6.712635263685013e-08 -0.015416201030240826 
1800 9.62689995765686 0.17404709750542616 2.310403613986066e-06 0.0 -6.041371737316512e-08 -0.015389386780583596 
1801 9.632442474365234 0.17145247600438462 2.2481026392085167e-06 0.0 -5.4372345635848615e-08 -0.015250205815604689 
1802 9.637759923934937 0.1645058111375738 2.1920317619087214e-06 0.0 -4.8935111072263756e-08 -0.014856496293042329 
1803 9.643106460571289 0.1576485235083219 2.1415679723389053e-06 0.0 -4.404159996503738e-08 -0.014348759208942258 
1804 9.64836573600769 0.13198583005804515 2.096150561726071e-06 0.0 -3.9637439968533647e-08 -0.012913883288048033 
1805 9.65371322631836 0.11866853140483768 2.055274892174521e-06 0.0 -3.567369597168028e-08 -0.011622494959243229 
1806 9.65916633605957 0.10668296261695101 -0.019381735537306256 0.0 0.0009011815545098453 -0.010460245463318906 
1807 9.664471626281738 0.09589595070785298 -0.02782267097603975 0.0 0.0017122770598950805 -0.009414220916987015 
1808 9.669718027114868 0.08618763998966475 -0.03625201617050127 0.0 0.0024806126431902785 -0.008472798825288314 
1809 9.674963235855103 0.07745016034329534 -0.04387533834073283 0.0 0.0031912894823802 -0.007625518942759482 
1810 9.680180311203003 0.06958642866156288 -0.050965150917320776 0.0 0.0038500734518753725 -0.006862967048483534 
1811 9.685636281967163 0.06250907014800366 -0.05757496784555036 0.0 0.004462153838645271 -0.006176670343635181 
1812 9.690927982330322 0.05613944748580038 -0.06375294366363768 0.0 0.0050322006284333936 -0.005559003309271663 
1813 9.696259021759033 0.0504067870898174 -0.06954243720318232 0.0 0.005564417553466946 -0.005003102978344496 
1814 9.701555490493774 0.04524739273343274 -0.07457003446092701 0.0 0.006043412785997144 -0.004502792680510047 
1815 9.706903219223022 0.040603937812686536 -0.0791036732072942 0.0 0.006474508495274322 -0.004052513412459042 
1816 9.71219515800476 0.03642482838401496 -0.08360517078516373 0.0 0.006881669447848025 -0.0036472620712131383 
1817 9.717418670654297 0.03266362989821053 -0.08706131317157964 0.0 0.007228939490940115 -0.0032825358640918246 
1818 9.722738981246948 0.01030722674117349 -0.08995996918425118 0.0 0.007522307715498753 -0.0020722438035996956 
1819 9.728078842163086 -0.004712442112039292 -0.09194431099543043 0.0 0.007747989861682071 -0.0008104076211385908 
1820 9.733312606811523 -0.017338217983551042 -0.09370960195274489 0.0 0.007931928979022812 0.00036359457152489 
1821 9.738739967346191 -0.02915205313907069 -0.09467341824696593 0.0 0.008059124556180994 0.001458546173370509 
1822 9.744054794311523 -0.039410624638555006 -0.09593217249828773 0.0 0.008173600575623358 0.0024440026150315663 
1823 9.749414682388306 -0.04989020358223749 -0.07727669911067739 0.0 0.007356240518061022 0.0033884371101411876 
1824 9.754714965820312 -0.0595815357343205 -0.06969065781243272 0.0 0.00662061646625492 0.004276777784188333 
1825 9.759973764419556 -0.06875551243746764 -0.06286322064401252 0.0 0.005958554819629428 0.00511463401927925 
1826 9.765392065048218 -0.0774641952084143 -0.05671852719243434 0.0 0.005362699337666485 0.005907054259309562 
1827 9.770679712295532 -0.08534201792048023 -0.05118830308601398 0.0 0.004826429403899837 0.006639407289561086 
1828 9.775955438613892 -0.0926639777077168 -0.04621110139023564 0.0 0.004343786463509853 0.007317699831011701 
1829 9.781268835067749 -0.09989824534027 -0.04173161986403515 0.0 0.0039094078171588685 0.00796651274676574 
1830 9.786554336547852 -0.1060373248797233 -0.0377000864904547 0.0 0.003518467035442982 0.008550444370944375 
1831 9.791942119598389 -0.11322390136175878 -0.03407170645423229 0.0 0.0031666203318986836 0.00915268134454406 
1832 9.79726505279541 -0.1201744864444189 -0.03080616442163213 0.0 0.002849958298708815 0.009752219063456505 
1833 9.80262279510498 -0.12710490891706577 -0.027867176592291983 0.0 0.002564962468837934 0.010349327453150437 
1834 9.807910919189453 -0.13484251698194763 -0.02522208754588585 0.0 0.0023084662219541403 0.010982599074996192 
1835 9.813201189041138 -0.14086180326625003 -0.02284150740412033 0.0 0.0020776195997587264 0.01155254353465737 
1836 9.818546056747437 -0.14670574612590387 -0.02069898527653137 0.0 0.0018698576397828538 0.012084667617518615 
1837 9.823819875717163 -0.1517878967246393 -0.018770715361701294 0.0 0.0016828718758045685 0.012563579292093735 
1838 9.829071044921875 -0.15637617498020998 -0.017035272438354232 0.0 0.0015145846882241116 0.012994599799211342 
1839 9.834350347518921 -0.1601075626602715 -0.015473373807341876 0.0 0.0013631262194017005 0.013363344186451007 
1840 9.839600086212158 -0.1636717320011096 -0.014067665039430756 0.0 0.0012268135974615305 0.013695214134966703 
1841 9.845041275024414 -0.16689366414498472 -0.01280252714831075 0.0 0.0011041322377153776 0.013993897088630832 
1842 9.850402593612671 -0.1698075828115932 -0.01166390304630274 0.0 0.00099371901394384 0.014262711746928546 
1843 9.855731964111328 -0.1724442893486617 -0.010639141354495531 0.0 0.000894347112549456 0.01450464493939649 
1844 9.861045598983765 -0.17524391043580512 -0.009716855831869044 0.0 0.0008049124012945104 0.014741558881783823 
1845 9.866472959518433 -0.17758617143928107 -0.008886798861505205 0.0 0.0007244211611650593 0.014954781429932422 
1846 9.871865510940552 -0.17970854905911823 -0.008139747588177754 0.0 0.0006519790450485534 0.015146681723266161 
1847 9.87711763381958 -0.18080820467527747 -0.007467401442183042 0.0 0.0005867811405436981 0.0152810431038761 
1848 9.882357120513916 -0.18054571434795647 -0.006862289910787805 0.0 0.0005281030264893282 0.015325269089528071 
1849 9.887578248977661 -0.179027722971143 -0.006317689532532091 0.0 0.00047529272384039543 0.015269198405493631 
1850 9.89284873008728 -0.17657072988750538 -0.0058275491921019485 0.0 0.0004277634514563559 0.015122861463799478 
1851 9.89832067489624 -0.17038084642659776 -0.005386422885714819 0.0 0.0003849871063107203 0.014761060445583821 
1852 9.903605937957764 -0.16712070814227947 -0.004989409209966404 0.0 0.0003464883956796483 0.01443543952918973 
1853 9.908945083618164 -0.1596597424259002 -0.00463209690179283 0.0 0.00031183955611168346 0.013931458493026433 
1854 9.914216041564941 -0.13485349268499802 -0.004310515824436614 0.0 0.00028065560050051513 0.01253831264372379 
1855 9.919445753097534 -0.1219234970857428 -0.004021092854816019 0.0 0.00025259004045046364 0.011284481379351412 
1856 9.92476224899292 -0.11028650104641309 -0.0037606121821574827 0.0 0.00022733103640541728 0.01015603324141627 
1857 9.930068492889404 -0.09981320461101637 -0.0035261795767648004 0.0 0.00020459793276487556 0.009140429917274644 
1858 9.93533205986023 -0.0903872378191593 -0.0033151902319113868 0.0 0.000184138139488388 0.00822638692554718 
1859 9.940554141998291 -0.08190386770648794 -0.003125299821543314 0.0 0.0001657243255395492 0.007403748232992461 
1860 9.945787191390991 -0.07426883460508373 -0.0029543984522120486 0.0 0.00014915189298559428 0.006663373409693215 
1861 9.95112657546997 -0.06739730481381992 -0.0028005872198139108 0.0 0.00013423670368703486 0.005997036068723894 
1862 9.95640230178833 -0.06121292800168251 -0.002662157110655586 0.0 0.00012081303331833138 0.0053973324618515044 
1863 9.96173906326294 -0.05564698887075884 -0.002537570012413094 0.0 0.00010873172998649825 0.004857599215666354 
1864 9.967118501663208 -0.050637643652927534 -0.00242544162399485 0.0 9.785855698784843e-05 0.004371839294099719 
1865 9.972495079040527 -0.04612923295687936 -0.002324526074418432 0.0 8.80727012890636e-05 0.003934655364689748 
1866 9.977769374847412 -0.042071663330436 -0.002233702079799655 0.0 7.926543116015724e-05 0.003541189828220773 
1867 9.982995510101318 -0.03841985066663697 -0.0021519604846427553 0.0 7.133888804414152e-05 0.0031870708453986957 
1868 9.988219738006592 -0.03513321926921785 -0.002078393049001546 0.0 6.420499923972736e-05 0.002868363760858826 
1869 9.993525981903076 -0.03217525101154064 -0.0020121823569244574 0.0 5.778449931575463e-05 0.0025815273847729437 
1870 9.998782634735107 -0.029513079579631153 -0.0019525927340550784 0.0 5.200604938417917e-05 0.0023233746462956494 
1871 10.004169464111328 -0.027117125290912616 -0.0018989620734726367 0.0 4.680544444576125e-05 0.0020910371816660845 
1872 10.009511709213257 -0.024960766431065925 -0.001850694478948439 0.0 4.212490000118513e-05 0.0018819334634994761 
1873 10.014818906784058 -0.02302004345720391 -0.0018072536438766614 0.0 3.791241000106662e-05 0.0016937401171495286 
1874 10.020046949386597 -0.021273392780728092 -0.0017681568923120614 0.0 3.4121169000959956e-05 0.0015243661054345757 
1875 10.025297164916992 -0.01970140717189986 -0.0017329698159039215 0.0 3.070905210086396e-05 0.0013719294948911181 
1876 10.030519485473633 -0.018286620123954444 -0.0017013014471365957 0.0 2.7638146890777565e-05 0.0012347365454020063 
1877 10.035773992538452 -0.017013311780803578 -0.001672799915246002 0.0 2.487433220169981e-05 0.0011112628908618058 
1878 10.041040420532227 -0.015867334271967792 -0.0016471485365444681 0.0 2.2386898981529828e-05 0.0010001366017756252 
1879 10.04633378982544 -0.014835954514015589 -0.0016240622957130876 0.0 2.0148209083376847e-05 0.0009001229415980627 
1880 10.05166220664978 -0.013907712731858606 -0.0016032846789648448 0.0 1.8133388175039164e-05 0.0008101106474382565 
1881 10.057049036026001 -0.013072295127917318 -0.0015845848238914266 0.0 1.6320049357535247e-05 0.0007290995826944309 
1882 10.062384128570557 -0.012320419284370162 -0.0015677549543253503 0.0 1.4688044421781722e-05 0.0006561896244249878 
1883 10.067806959152222 -0.01164373102517772 -0.0015526080717158813 0.0 1.321923997960355e-05 0.000590570661982489 
1884 10.073215961456299 -0.011034711591904525 -0.0015389758773673595 0.0 1.1897315981643194e-05 0.0005315135957842401 
1885 10.078507661819458 -0.010486594101958645 -0.0015267069024536898 0.0 1.0707584383478875e-05 0.00047836223620581616 
1886 10.083714723587036 -0.009993288361007355 -0.001515664825031387 0.0 9.636825945130988e-06 0.00043052601258523454 
1887 10.088943719863892 -0.009549313194151195 -0.0015057269553513145 0.0 8.67314335061789e-06 0.0003874734113267111 
1888 10.09422779083252 -0.009149735543980648 -0.0014967828726392494 0.0 7.8058290155561e-06 0.00034872607019404 
1889 10.099480867385864 -0.008790115658827159 -0.0014887331981983905 0.0 7.025246114000491e-06 0.00031385346317463597 
1890 10.104800701141357 -0.008466457762189019 -0.001481488491201618 0.0 6.322721502600442e-06 0.0002824681168571724 
1891 10.110193490982056 -0.008175165655214691 -0.02085872227900036 0.0 0.0009069041101885603 0.00025422130517145517 
1892 10.115459680557251 -0.02729674877049299 -0.030531020871000528 0.0 0.0017749518026786535 0.0011300124629614995 
1893 10.120786666870117 -0.036326543987606444 -0.0394938374344375 0.0 0.002594544354368224 0.001956574133421026 
1894 10.126039505004883 -0.04490269266680037 -0.04801018627371117 0.0 0.003370526906808294 0.002738829265283086 
1895 10.131253004074097 -0.0534833069254507 -0.05612505186774411 0.0 0.0041072608324528425 0.0035003833266316698 
1896 10.136488676071167 -0.0614642595293899 -0.06346648329586982 0.0 0.00478949617975718 0.004224131610293881 
1897 10.141806840896606 -0.06909759075817336 -0.07071615659458447 0.0 0.005441857620779571 0.004913854694038358 
1898 10.147074222564697 -0.0755935457376742 -0.07686698242294424 0.0 0.006028982917699721 0.005534605469408387 
1899 10.15230417251587 -0.08351144981093492 -0.08406201976689744 0.0 0.0066340945692958 0.00618915449330457 
1900 10.15766716003418 -0.09051394128107439 -0.09060567560077878 0.0 0.007217044684180758 0.00681659824325962 
1901 10.163106441497803 -0.09768054584813537 -0.09694689859409117 0.0 0.007780049043496676 0.007438822060891895 
1902 10.168413162231445 -0.10439117152620385 -0.10310626973739775 0.0 0.008325102595329488 0.008037173125209428 
1903 10.173832178115845 -0.1121207387684085 -0.10992713944573491 0.0 0.008892350048875992 0.008671562409158364 
1904 10.179145574569702 -0.11936810440705753 -0.11654808401751555 0.0 0.009460396827211545 0.009300037207385137 
1905 10.184409141540527 -0.12532820191894709 -0.12194408032583855 0.0 0.009971638927713543 0.009865664525789233 
1906 10.189653873443604 -0.13152984552696464 -0.1276377068819709 0.0 0.010470106446613827 0.010413078740801406 
1907 10.194875001907349 -0.1392153962758229 -0.1340408653194323 0.0 0.010995426097992027 0.01102080041965782 
1908 10.200127124786377 -0.1458207468059437 -0.13987492686046868 0.0 0.011506563412680892 0.01160609881401902 
1909 10.205405712127686 -0.15222125914934123 -0.145580619725759 0.0 0.012004936624349358 0.012171216997392586 
1910 10.210668563842773 -0.158437735645949 -0.15117109874217902 0.0 0.012491821770770434 0.012718172990877281 
1911 10.216650485992432 -0.16448890585228773 -0.156658223001122 0.0 0.012968368030997887 0.013248783013461992 
1912 10.222036600112915 -0.17039162636922625 -0.16164022873314504 0.0 0.013416434479426838 0.013764681662236718 
1913 10.227370738983154 -0.17533622515406216 -0.16594711742736135 0.0 0.013819694283012895 0.014228990446133974 
1914 10.232643127441406 -0.18021443215623256 -0.1710754053924798 0.0 0.014240152176384045 0.014666043165865747 
1915 10.237910270690918 -0.1844288799059404 -0.17554336598362572 0.0 0.014637739094642324 0.015059390613624341 
1916 10.243213176727295 -0.1882376924706744 -0.18021310897505402 0.0 0.01503391694952326 0.015413403316607076 
1917 10.248581886291504 -0.1912690118771898 -0.18446061246459372 0.0 0.015409651833140347 0.015712839935067294 
1918 10.253852605819702 -0.19379217259763004 -0.18769516854711274 0.0 0.01572863841417148 0.015963158077457247 
1919 10.259089231491089 -0.19627024900642379 -0.19081382675361913 0.0 0.016015726337099502 0.016188444405608206 
1920 10.264381885528564 -0.1985160013924933 -0.19363642872947195 0.0 0.016274105467734723 0.01639120210094407 
1921 10.269796133041382 -0.20014024066636882 -0.19619258009773638 0.0 0.016506646685306423 0.016554509212522103 
1922 10.275119543075562 -0.20098428180384914 -0.19933376890265553 0.0 0.016754283409569436 0.016663135984493847 
1923 10.280431985855103 -0.2017299882807166 -0.20179347810443668 0.0 0.01697715646140615 0.016741725265044173 
1924 10.285680532455444 -0.201782860943127 -0.20361093045613626 0.0 0.017158567393834947 0.01677410598909098 
1925 10.29090404510498 -0.20140362136800785 -0.20545435829082623 0.0 0.017321837233020866 0.016764899757342678 
1926 10.296196460723877 -0.20063513133794147 -0.20630457293448068 0.0 0.017430430459839705 0.01671826452032072 
1927 10.30154037475586 -0.19951599737716144 -0.20623165253964493 0.0 0.01747064029383296 0.016637943178552474 
1928 10.306784629821777 -0.19890580089038148 -0.2067564225352095 0.0 0.017506829144426892 0.01656565397096105 
1929 10.31209397315979 -0.19630804438700616 -0.2047693442302446 0.0 0.01742435022461597 0.016404719613007556 
1930 10.317383050918579 -0.1937042526337867 -0.2029083858804994 0.0 0.01729259512664244 0.01620235424817668 
1931 10.322999715805054 -0.19112348143028357 -0.2001727688795554 0.0 0.017097316281569293 0.015981876536438462 
1932 10.328287124633789 -0.18795890964636977 -0.19725348852066416 0.0 0.01686404125085976 0.015725922153201337 
1933 10.333671569824219 -0.18404776248340465 -0.19232698435052314 0.0 0.016519870396180508 0.015418863951390955 
1934 10.33891749382019 -0.1804806366613362 -0.18800950837537495 0.0 0.01615259218429645 0.015104161941313123 
1935 10.344142198562622 -0.17766415077323255 -0.1847099444495046 0.0 0.015822041793600798 0.014820930132243074 
1936 10.349380254745483 -0.174314901557728 -0.17968915749508702 0.0 0.015428672743382527 0.014527671875631544 
1937 10.354599714279175 -0.16963208721006062 -0.17201509242829074 0.0 0.014882893201001711 0.01416786611861801 
1938 10.359810590744019 -0.16556073474646693 -0.16497227562702874 0.0 0.014295817541737761 0.013805691308857346 
1939 10.365106105804443 -0.16105171353880893 -0.14021638750912632 0.0 0.012866235787563985 0.013422209537400018 
1940 10.370353698730469 -0.15634004964597276 -0.1269482248113764 0.0 0.011579612208807587 0.013019551500415692 
1941 10.375794410705566 -0.1514455183787135 -0.11500687838340144 0.0 0.010421650987926828 0.01259963482445707 
1942 10.381186962127686 -0.12865185747212415 -0.10425966659822403 0.0 0.009379485889134146 0.011339671342011364 
1943 10.386488914489746 -0.11695794739702317 -0.09458717599156431 0.0 0.008441537300220733 0.010205704207810229 
1944 10.3917236328125 -0.10643342832943228 -0.08588193444557055 0.0 0.007597383570198659 0.009185133787029206 
1945 10.397068977355957 -0.09696136116860049 -0.0780472170541762 0.0 0.006837645213178793 0.008266620408326285 
1946 10.402308225631714 -0.08843650072385187 -0.07099597140192125 0.0 0.006153880691860914 0.007439958367493656 
1947 10.407532215118408 -0.08076412632357813 -0.06464985031489183 0.0 0.005538492622674822 0.00669596253074429 
1948 10.412836790084839 -0.07385898936333174 -0.058938341336565336 0.0 0.00498464336040734 0.006026366277669861 
1949 10.418091058731079 -0.06764436609911001 -0.0537979832560715 0.0 0.004486179024366606 0.005423729649902875 
1950 10.423371315002441 -0.062051205161310456 -0.04917166098362705 0.0 0.004037561121929946 0.0048813566849125875 
1951 10.428749799728394 -0.05701736031729085 -0.045007970938427025 0.0 0.003633805009736951 0.004393221016421329 
1952 10.434094190597534 -0.05248689995767321 -0.04126064989774702 0.0 0.003270424508763256 0.003953898914779196 
1953 10.43939471244812 -0.04840948563401732 -0.037888060961135006 0.0 0.0029433820578869305 0.0035585090233012763 
1954 10.444634199142456 -0.04473981274272702 -0.03485273091818421 0.0 0.0026490438520982377 0.0032026581209711486 
1955 10.449868202209473 -0.04143710714056576 -0.032120933879528475 0.0 0.002384139466888414 0.0028823923088740337 
1956 10.455101013183594 -0.03846467209862062 -0.02966231654473832 0.0 0.002145725520199573 0.0025941530779866303 
1957 10.460365056991577 -0.035789480560869995 -0.027449560943427178 0.0 0.0019311529681796157 0.002334737770187967 
1958 10.465596199035645 -0.033381808176894436 -0.025458080902247156 0.0 0.0017380376713616542 0.0021012639931691705 
1959 10.470815658569336 -0.03121490303131643 -0.023665748865185132 0.0 0.001564233904225489 0.0018911375938522536 
1960 10.476041555404663 -0.02926468840029623 -0.022052650031829307 0.0 0.00140781051380294 0.0017020238344670282 
1961 10.48147201538086 -0.027509495232378046 -0.02060086108180907 0.0 0.0012670294624226462 0.0015318214510203255 
1962 10.486801624298096 -0.025929821381251678 -0.019294251026790853 0.0 0.0011403265161803815 0.001378639305918293 
1963 10.49215579032898 -0.024508114915237952 -0.01811830197727446 0.0 0.0010262938645623433 0.0012407753753264637 
1964 10.49750566482544 -0.02322857909582559 -0.017059947832709706 0.0 0.000923664478106109 0.0011166978377938172 
1965 10.502806425094604 -0.02207699685835447 -0.016107429102601427 0.0 0.0008312980302954982 0.0010050280540144355 
1966 10.508166551589966 -0.021040572844630467 -0.015250162245503974 0.0 0.0007481682272659484 0.0009045252486129921 
1967 10.513413667678833 -0.02010779123227886 -0.014478622074116265 0.0 0.0006733514045393535 0.0008140727237516929 
1968 10.51863169670105 -0.019268287781162408 -0.01378423591986733 0.0 0.0006060162640854182 0.0007326654513765236 
1969 10.523863315582275 -0.018512734675157606 -0.013159288381043289 0.0 0.0005454146376768764 0.0006593989062388712 
1970 10.52907943725586 -0.036804061399566344 -0.012596835596101653 0.0 0.0004908731739091888 0.001475497489697931 
1971 10.53444242477417 -0.04610305400470298 -0.012090628089654179 0.0 0.0004417858565182699 0.0022866854717080573 
1972 10.539726495742798 -0.054950568526295956 -0.011635041333851452 0.0 0.00039760727086644295 0.0030742790981899007 
1973 10.54507303237915 -0.0623467253974784 -0.011225013253628997 0.0 0.0003578465437797987 0.00378311336202356 
1974 10.550314903259277 -0.0718988392271323 -0.010855987981428788 0.0 0.0003220618894018188 0.004555287153985495 
1975 10.555660009384155 -0.08040055572752018 -0.010523865236448602 0.0 0.00028985570046163693 0.005307768009423967 
1976 10.560962915420532 -0.08913681019946262 -0.010224954765966432 0.0 0.00026087013041547325 0.006061700036215563 
1977 10.566200494766235 -0.09789305264724539 -0.00995593534253248 0.0 0.00023478311737392592 0.0068169381172249735 
1978 10.571463346481323 -0.10666792019188677 -0.009713817861441924 0.0 0.00021130480563653334 0.007573350901972356 
1979 10.576687335968018 -0.11546022573671338 -0.009495912128460423 0.0 0.00019017432507288 0.008330821665141971 
1980 10.581945180892944 -0.1242688699748098 -0.009299796968777073 0.0 0.00017115689256559202 0.009089244608891598 
1981 10.587478160858154 -0.13144318501356406 -0.009123293325062056 0.0 0.00015404120330903283 0.009771825258266262 
1982 10.592771530151367 -0.1391508608171066 -0.00896444004571854 0.0 0.00013863708297812954 0.01044367228537619 
1983 10.598132371902466 -0.14882589727362328 -0.008821472094309378 0.0 0.0001247733746803166 0.011201732378511011 
1984 10.603402853012085 -0.15766445899633225 -0.008692800938041133 0.0 0.00011229603721228494 0.011960685719229324 
1985 10.60865068435669 -0.16899234344605849 -0.00857699689739971 0.0 0.00010106643349105644 0.012835491123060176 
1986 10.613953828811646 -0.17893725387473083 -0.027444105793176132 0.0 0.0009729986367539275 0.013699515243404917 
1987 10.619206666946411 -0.18878860500593098 -0.03684887713867775 0.0 0.0018152620623632409 0.014553835463554095 
1988 10.624415636062622 -0.1969067422154501 -0.04474591321086083 0.0 0.002573299145411623 0.015322723661688355 
1989 10.62963080406189 -0.20670650096429832 -0.054335752901696684 0.0 0.003370581032971596 0.016129771925354648 
1990 10.634848594665527 -0.21522052219364501 -0.06306235217082894 0.0 0.004145659174448302 0.0168944649911028 
1991 10.640166759490967 -0.22334469819625177 -0.07158775670708699 0.0 0.004900753571921036 0.01762103837872462 
1992 10.645445823669434 -0.2311183394666346 -0.07993258667618544 0.0 0.0056378629723192256 0.018313304056032747 
1993 10.650762796401978 -0.23857680942477621 -0.0885277982465142 0.0 0.00637796031704554 0.018974692049000486 
1994 10.656028747558594 -0.2453395531513295 -0.09715726879405581 0.0 0.007120747184196195 0.019589116056895697 
1995 10.661287546157837 -0.25125562545529373 -0.10581821262694173 0.0 0.007865954248999728 0.020142097664001386 
1996 10.666626453399658 -0.25660144162117027 -0.11285846012801697 0.0 0.008536640607322907 0.020639781110396507 
1997 10.671889305114746 -0.26143402726276793 -0.12044433424936854 0.0 0.009197782772486498 0.021087696212152115 
1998 10.677110195159912 -0.2649798624490303 -0.12835893033920565 0.0 0.009869509605501673 0.021452470175283674 
1999 10.682382345199585 -0.2673383870714731 -0.13555344875330114 0.0 0.010512413383663818 0.02172324304448741 
2000 10.687772512435913 -0.2688195679016292 -0.1420712942985234 0.0 0.01111020159823399 0.02190941418409804 
2001 10.693676948547363 -0.26868581482806075 -0.14775962389818098 0.0 0.011648210991347146 0.02198109413862639 
2002 10.699007749557495 -0.26500678967064917 -0.15371797226001632 0.0 0.012170768701068441 0.021834683886293293 
2003 10.70435118675232 -0.2638223285859378 -0.15871133594634895 0.0 0.01264107063981761 0.021702914659193506 
2004 10.709691047668457 -0.2574122896850042 -0.16280728449218138 0.0 0.013045167570467616 0.021335050514946597 
2005 10.714987993240356 -0.2508519377961133 -0.1666995660596274 0.0 0.013408854808052623 0.02085057501638849 
2006 10.72022294998169 -0.2431962436007333 -0.1698043857250817 0.0 0.013716998880183915 0.02026114855389225 
2007 10.72550106048584 -0.2341410394260655 -0.1723920631004005 0.0 0.013975153730877835 0.019558092154685507 
2008 10.730804681777954 -0.22401653406966418 -0.17410173166222465 0.0 0.014169143468053876 0.01875276806738125 
2009 10.736073970794678 -0.21292821425207634 -0.1748001929705621 0.0 0.014286209788839585 0.01785540380584729 
2010 10.741364479064941 -0.18364933252395899 -0.17477983494778182 0.0 0.014334045407403021 0.01606986342526256 
2011 10.746813774108887 -0.16707746442069504 -0.17534930330979487 0.0 0.014377097464110113 0.014462877082736306 
2012 10.752092838287354 -0.1521627831277575 -0.17257501079528853 0.0 0.01426244617388158 0.013016589374462676 
2013 10.757434368133545 -0.13873956996411366 -0.16956127549558947 0.0 0.014063386314083716 0.01171493043701641 
2014 10.762698411941528 -0.12665867811683426 -0.16575598233605168 0.0 0.013788358741673452 0.010543437393314769 
2015 10.767915964126587 -0.11578587545428277 -0.16123746416368032 0.0 0.013444959855383 0.009489093653983292 
2016 10.773187637329102 -0.10600035305798644 -0.15566381879624305 0.0 0.013020852344905163 0.008540184288584962 
2017 10.778451919555664 -0.09719338290131972 -0.13200967087991386 0.0 0.011718767110414648 0.007686165859726466 
2018 10.783776998519897 -0.0892671097603197 -0.1199248225058222 0.0 0.010546890399373184 0.006917549273753819 
2019 10.78908634185791 -0.08213346393341966 -0.1090484589691397 0.0 0.009492201359435865 0.006225794346378438 
2020 10.794403314590454 -0.07571318268920965 -0.09925973178612546 0.0 0.008542981223492278 0.005603214911740594 
2021 10.800369501113892 -0.06993492956942061 -0.09044987732141266 0.0 0.0076886831011430505 0.005042893420566534 
2022 10.805742979049683 -0.0647345017616105 -0.08252100830317113 0.0 0.006919814791028746 0.004538604078509881 
2023 10.811064958572388 -0.060054116734581386 -0.07538502618675375 0.0 0.006227833311925872 0.004084743670658893 
2024 10.81632947921753 -0.0558417702102552 -0.06896264228197808 0.0 0.0056050499807332845 0.003676269303593004 
2025 10.821570634841919 -0.03266689630172514 -0.06318249676768001 0.0 0.005044544982659956 0.0024074283398684538 
2026 10.826822996139526 -0.02081398979841699 -0.05798036580481173 0.0 0.00454009048439396 0.0012654714725163587 
2027 10.832090377807617 -0.008901449150929639 -0.0532984479382303 0.0 0.004086081435954564 0.00018018584922674364 
2028 10.837536096572876 0.0012527422821279974 -0.049084721858307 0.0 0.003677473292359108 -0.00079657121173391 
2029 10.843020677566528 0.00998724235718406 -0.045292368386376035 0.0 0.0033097259631231974 -0.0016564777523742549 
2030 10.849024772644043 0.017223183874618103 -0.04187925026163816 0.0 0.002978753366810878 -0.002392044010502079 
2031 10.854549407958984 0.004742925807440728 -0.03880744394937407 0.0 0.00268087803012979 -0.002152839609451871 
2032 10.85992431640625 0.002522833880633593 -0.0360428182683364 0.0 0.002412790227116811 -0.001937555648506684 
2033 10.865244150161743 0.0005247511465071748 -0.033554655155402485 0.0 0.00217151120440513 -0.0017438000836560157 
2034 10.870488166809082 -0.0012735233142066107 -0.031315308353761964 0.0 0.001954360083964617 -0.001569420075290414 
2035 10.87576413154602 -0.0028919703288490103 -0.029299896232285502 0.0 0.0017589240755681553 -0.0014124780677613727 
2036 10.881067991256714 -0.004348572642027173 -0.027486025322956676 0.0 0.0015830316680113398 -0.0012712302609852355 
2037 10.88629150390625 -0.00565951472388752 -0.02585354150456074 0.0 0.0014247285012102058 -0.001144107234886712 
2038 10.891558408737183 -0.0068393625975618315 -0.0243843060680044 0.0 0.0012822556510891853 -0.0010296965113980408 
2039 10.89695429801941 -0.007901225683868713 -0.02306199417510369 0.0 0.0011540300859802669 -0.0009267268602582367 
2040 10.902209758758545 -0.008856902461544903 -0.021871913471493053 0.0 0.0010386270773822402 -0.0008340541742324131 
2041 10.907617568969727 -0.009717011561453479 -0.020800840838243476 0.0 0.0009347643696440163 -0.0007506487568091718 
2042 10.913022756576538 -0.010491109751371193 -0.01983687546831886 0.0 0.0008412879326796147 -0.0006755838811282547 
2043 10.91832947731018 -0.01118779812229714 -0.018969306635386703 0.0 0.0007571591394116532 -0.0006080254930154293 
2044 10.923588991165161 -0.011814817656130489 -0.01818849468574776 0.0 0.0006814432254704879 -0.0005472229437138863 
2045 10.928850889205933 -0.012379135236580503 -0.017485763931072717 0.0 0.0006132989029234391 -0.0004925006493424977 
2046 10.934173822402954 -0.012887021058985515 -0.016853306251865173 0.0 0.0005519690126310952 -0.000443250584408248 
2047 10.939427852630615 -0.013344118299150028 -0.016284094340578387 0.0 0.0004967721113679857 -0.0003989255259674232 
2048 10.944689512252808 -0.013755505815298087 -0.015771803620420275 0.0 0.00044709490023118716 -0.0003590329733706809 
2049 10.949946880340576 -0.014125754579831347 -0.01531074197227798 0.0 0.00040238541020806847 -0.0003231296760336128 
2050 10.955222606658936 -0.014458978467911273 -0.014895786488949911 0.0 0.00036214686918726165 -0.00029081670843025153 
2051 10.960608959197998 -0.014758879967183208 -0.01452232655395465 0.0 0.00032593218226853547 -0.0002617350375872264 
2052 10.966021060943604 -0.015028791316527951 -0.014186212612458914 0.0 0.0002933389640416819 -0.00023556153382850374 
2053 10.97137975692749 -0.015271711530938223 -0.013883710065112752 0.0 0.00026400506763751374 -0.00021200538044565336 
2054 10.97662878036499 -0.015490339723907464 -0.013611457772501208 0.0 0.00023760456087376238 -0.00019080484240108803 
2055 10.981927633285522 -0.01568710509757978 -0.013366430709150813 0.0 0.00021384410478638615 -0.00017172435816097923 
2056 10.987209558486938 -0.015864193933884864 -0.013145906352135462 0.0 0.00019245969430774755 -0.0001545519223448813 
2057 10.992492914199829 -0.016023573886559443 -0.012947434430821648 0.0 0.0001732137248769728 -0.0001390967301103932 
2058 10.997909784317017 -0.016167015843966563 -0.012768809701639211 0.0 0.0001558923523892755 -0.00012518705709935388 
2059 11.003228425979614 -0.016296113605632972 -0.01260804744537502 0.0 0.00014030311715034795 -0.0001126683513894185 
2060 11.00850224494934 -0.016412301591132737 -0.012463361414737247 0.0 0.00012627280543531317 -0.00010140151625047665 
2061 11.015050888061523 -0.01651687077808253 -0.012333143987163252 0.0 0.00011364552489178185 -9.126136462542899e-05 
2062 11.020584344863892 -0.01661098304633734 -0.012215948302346655 0.0 0.00010228097240260367 -8.21352281628861e-05 
2063 11.025963306427002 -0.016695684087766668 -0.012110472186011719 0.0 9.20528751623433e-05 -7.39217053465975e-05 
2064 11.031296968460083 -0.01677191502505307 -0.012015543681310279 0.0 8.284758764610898e-05 -6.652953481193775e-05 
2065 11.036643505096436 -0.016840522868610826 -0.01193010802707898 0.0 7.456282888149809e-05 -5.9876581330743974e-05 
2066 11.041910171508789 -0.016902269927812807 -0.01185321593827081 0.0 6.710654599334828e-05 -5.388892319766958e-05 
2067 11.047186613082886 -0.016957842281094593 -0.011784013058343458 0.0 6.0395891394013446e-05 -4.8500030877902624e-05 
2068 11.052480220794678 -0.01700785739904819 -0.011721730466408842 0.0 5.4356302254612106e-05 -4.3650027790112365e-05 
2069 11.057759284973145 -0.01705287100520644 -0.011665676133667688 0.0 4.8920672029150894e-05 -3.928502501110113e-05 
2070 11.063024997711182 -0.01709338325074886 -0.011615227234200647 0.0 4.4028604826235806e-05 -3.5356522509991015e-05 
2071 11.068444967269897 -0.017129844271737034 -0.011569823224680312 0.0 3.9625744343612226e-05 -3.1820870258991915e-05 
2072 11.073798656463623 -0.017162659190626397 -0.01152895961611201 0.0 3.5663169909251e-05 -2.8638783233092724e-05 
2073 11.079168796539307 -0.03657593862918202 -0.01149218236840054 0.0 3.2096852918325904e-05 0.0008754383833974065 
2074 11.084445476531982 -0.04545583904550292 -0.011459082845460215 0.0 2.8887167626493313e-05 0.0017082826475890989 
2075 11.089752435684204 -0.053263824576820815 -0.011429293274813923 0.0 2.599845086384398e-05 0.002457842485361622 
2076 11.095062255859375 -0.06071125634562057 -0.011402482661232258 0.0 2.3398605777459582e-05 0.003151621153581136 
2077 11.100547790527344 -0.06764260457183248 -0.011378353109008763 0.0 2.1058745199713623e-05 0.0037951967692029416 
2078 11.105875492095947 -0.0736972191038941 -0.011356636512007617 0.0 1.895287067974226e-05 0.004374414823262567 
2079 11.111135005950928 -0.07956694294520501 -0.011337091574706583 0.0 1.7057583611768036e-05 0.0049148858861404725 
2080 11.116394281387329 -0.08507868000851879 -0.011319501131135657 0.0 1.5351825250591234e-05 0.005420484656954831 
2081 11.12178659439087 -0.09026839195755602 -0.011303669731921819 0.0 1.3816642725532111e-05 0.005894698364911998 
2082 11.127076148986816 -0.09475602279792315 -0.011289421472629367 0.0 1.24349784529789e-05 0.006321490702073447 
2083 11.132431745529175 -0.09921595027447175 -0.01127659803926616 0.0 1.1191480607681011e-05 0.006724778619742995 
2084 11.137730121612549 -0.10304693807552 -0.011265056949239273 0.0 1.007233254691291e-05 0.007087737745645587 
2085 11.1430983543396 -0.10691604980260251 -0.011254669968215074 0.0 9.06509929222162e-06 0.007433575773182164 
2086 11.148574113845825 -0.11021546641505221 -0.011245321685293299 0.0 8.158589362999458e-06 0.007744829997965083 
2087 11.154045343399048 -0.1136063270583169 -0.011236908230663697 0.0 7.342730426699512e-06 0.008044133614493952 
2088 11.159300804138184 -0.11688790217299364 -0.011229336121497057 0.0 6.608457384029561e-06 0.00833268168359418 
2089 11.164541959762573 -0.12007128329786207 -0.01122252122324708 0.0 5.9476116456266056e-06 0.008611549760008627 
2090 11.169760942459106 -0.1231664528178239 -0.0112163878148221 0.0 5.352850481063945e-06 0.008881705843005872 
2091 11.175184726715088 -0.12576997338754864 -0.01121086774723962 0.0 4.817565432957551e-06 0.009124846317703392 
2092 11.180466651916504 -0.12853516351096322 -0.01120589968641539 0.0 4.335808889661796e-06 0.009362846814097344 
2093 11.18580436706543 -0.13084187305396391 -0.01120142843167358 0.0 3.902228000695616e-06 0.0095770472608519 
2094 11.19107723236084 -0.13334011225799608 -0.01119740430240595 0.0 3.5120052006260546e-06 0.009789002477155246 
2095 11.196363925933838 -0.13581914300063502 -0.011193782586065085 0.0 3.160804680563449e-06 0.009998936986052498 
2096 11.201722621917725 -0.1378686276221988 -0.011190523041358305 0.0 2.8447242125071044e-06 0.010187878044060026 
2097 11.207221984863281 -0.14013569036877965 -0.011187589451122202 0.0 2.560251791256394e-06 0.010377099810491045 
2098 11.212539672851562 -0.14199456677981204 -0.011184949219909712 0.0 2.3042266121307546e-06 0.010547399400278962 
2099 11.217875242233276 -0.14326540213935116 -0.011182573011818471 0.0 2.0738039509176794e-06 0.010681494216863843 
2100 11.2232506275177 -0.14461100720061001 -0.011180434424536353 0.0 1.8664235558259116e-06 0.010802179551790235 
2101 11.228647708892822 -0.14583215685117418 -0.011178509695982447 0.0 1.6797812002433204e-06 0.010910796353223989 
2102 11.234052658081055 -0.14694129663211314 -0.011176777440283933 0.0 1.5118030802189883e-06 0.011008551474514367 
2103 11.239468574523926 -0.1483620490221316 -0.011175218410155268 0.0 1.3606227721970895e-06 0.011115705897899952 
2104 11.244726657867432 -0.14987166760399998 -0.011173815283039472 0.0 1.2245604949773807e-06 0.011231319693171222 
2105 11.249987125396729 -0.15187385023619637 -0.011172552468635254 0.0 1.1021044454796427e-06 0.01137372173736385 
2106 11.255331754684448 -0.15371549685154529 -0.01117141593567146 0.0 9.918940009316785e-07 0.01152105839136146 
2107 11.260592222213745 -0.15560457217989468 -0.011170393056004042 0.0 8.927046008385106e-07 0.01167283619418355 
2108 11.265894889831543 -0.1571240748441234 -0.011169472464303368 0.0 8.034341407546596e-07 0.011809436216723432 
2109 11.271122455596924 -0.15932755323637016 -0.01116864393177276 0.0 7.230907266791937e-07 0.011970725865457813 
2110 11.276354789733887 -0.16135101797944795 -0.011167898252495215 0.0 6.507816540112744e-07 0.012135061363542999 
2111 11.281744480133057 -0.16340438156643702 -0.011167227141145424 0.0 5.85703488610147e-07 0.012302138126043909 
2112 11.287015438079834 -0.16589722256552805 -0.01116662314093061 0.0 5.271331397491323e-07 0.012490856095685154 
2113 11.292324781417847 -0.16818177304269685 -0.01116607954073728 0.0 4.7441982577421907e-07 0.012679877082586517 
2114 11.29761528968811 -0.17047076572771858 -0.011165590300563282 0.0 4.269778431967972e-07 0.012869170785021988 
2115 11.303054094314575 -0.1727639193857287 -0.011165149984406682 0.0 3.842800588771175e-07 0.013058709931438156 
2116 11.308446407318115 -0.17464855941360713 -0.011164753699865743 0.0 3.4585205298940576e-07 0.013229295163212706 
2117 11.313747882843018 -0.17759454979183592 -0.0111643970437789 0.0 3.112668476904652e-07 0.01344034631448253 
2118 11.31904673576355 -0.18009615703293128 -0.01116407605330074 0.0 2.801401629214187e-07 0.013649467164849615 
2119 11.324521780014038 -0.18299390021275433 -0.011163787161870397 0.0 2.5212614662927683e-07 0.013876025558628479 
2120 11.329907655715942 -0.1864691650587739 -0.011163527159583086 0.0 2.2691353196634917e-07 0.014137452555702186 
2121 11.335330963134766 -0.18944809723640624 -0.011163293157524507 0.0 2.0422217876971424e-07 0.014391911667292765 
2122 11.340618371963501 -0.1927763947495568 -0.011163082555671786 0.0 1.8379996089274282e-07 0.014659273751114713 
2123 11.345927953720093 -0.196227722363602 -0.011162893014004336 0.0 1.6541996480346854e-07 0.014938249255002953 
2124 11.351157426834106 -0.19979009558971358 -0.011162722426503633 0.0 1.488779683231217e-07 0.015227676836950855 
2125 11.356435537338257 -0.2030403143467846 -0.011162568897753 0.0 1.3399017149080952e-07 0.01550733647492821 
2126 11.361727714538574 -0.20620150520988237 -0.01116243072187743 0.0 1.2059115434172856e-07 0.01577820496333207 
2127 11.367368698120117 -0.20845789097084097 -0.011162306363589418 0.0 1.085320389075557e-07 0.016002811788671304 
2128 11.37278938293457 -0.21069570693018036 -0.011162194441130206 0.0 9.767883501680014e-08 0.016204957931476614 
2129 11.378495216369629 -0.21272506192582002 -0.011162093710916914 0.0 8.791095151512013e-08 0.016386889460001393 
2130 11.384035110473633 -0.21456680205412998 -0.011162003053724952 0.0 7.911985636360811e-08 0.016550627835673695 
2131 11.389672756195068 -0.21623968880184308 -0.011161921462252186 0.0 7.12078707272473e-08 0.016697992373778767 
2132 11.395101070404053 -0.21776060750701912 0.007809492514967641 0.0 -0.0008819751320573519 0.01683062045807333 
2133 11.400723218917847 -0.21914475497391175 0.016070870236418122 0.0 -0.0016758168379926233 0.01694998573393844 
2134 11.406300783157349 -0.22040580832634935 0.02392602901082838 0.0 -0.0024094491875586107 0.017057414482217034 
2135 11.411789178848267 -0.22114365548403525 0.031636411043241774 0.0 -0.0031080671855584258 0.017134925541443528 
2136 11.417255878448486 -0.2216022022227662 0.038612673815044136 0.0 -0.0037559981979825028 0.01718551068052313 
2137 11.422605991363525 -0.2213967941067746 0.045120132929879285 0.0 -0.004358310923388415 0.01719268767724628 
2138 11.427852392196655 -0.2216100917754176 0.050793410247622725 0.0 -0.0049003923762537364 0.01719914697429712 
2139 11.433130264282227 -0.2209918853822626 0.05673251507371033 0.0 -0.005426615312281012 0.017166610713194388 
2140 11.438398361206055 -0.22000851167121382 0.06211527285292248 0.0 -0.005919390768929803 0.017098979194811504 
2141 11.444150447845459 -0.21869613793288983 0.06677680792636793 0.0 -0.0063628886799137144 0.01699976119981842 
2142 11.449484825134277 -0.21708734564875704 0.07221825518209223 0.0 -0.006819561242471965 0.01687211537587616 
2143 11.454791069030762 -0.21479902920981228 0.0773744464411607 0.0 -0.007268916177222876 0.016699709691655396 
2144 11.460034847259521 -0.21250282170775867 0.0820535599255811 0.0 -0.00769251043272294 0.016506194947408223 
2145 11.465320348739624 -0.21083228111830704 0.0860827930492394 0.0 -0.008073745262672996 0.016332031677585766 
2146 11.47055172920227 -0.20851650148222817 0.08971888199045427 0.0 -0.008416856609628048 0.01613693510629707 
2147 11.475768089294434 -0.20435350707494052 0.0934135626592122 0.0 -0.008744831636111838 0.015846300051849845 
2148 11.480993747711182 -0.20053127503290674 0.09696937470135603 0.0 -0.009059183229113432 0.015527204060174611 
2149 11.486230611801147 -0.19644000318569205 0.10081281292653912 0.0 -0.009380449291263353 0.015182493224994171 
2150 11.49144196510315 -0.19210610655605184 0.10472368509547635 0.0 -0.009707938375646768 0.014814729030659045 
2151 11.497337341308594 -0.1871409531978051 0.10828315229389193 0.0 -0.010021853365816085 0.014407042743918519 
2152 11.502707481384277 -0.18221116300478452 0.11171826614700142 0.0 -0.010323551671192713 0.013982600643179315 
2153 11.508028745651245 -0.17835823448626933 0.1146292034835142 0.0 -0.01059508014603168 0.013600602752514032 
2154 11.513423204421997 -0.15304096208607373 0.11684770860559013 0.0 -0.010820280959162504 0.012240542477262629 
2155 11.518778085708618 -0.1404180386624242 0.11822218839925244 0.0 -0.010984612062531762 0.011016488229536367 
2156 11.524062395095825 -0.1290574075811396 0.11944088905948513 0.0 -0.01111333524133985 0.009914839406582731 
2157 11.529374837875366 -0.11883283960798342 0.11991505587972577 0.0 -0.011190836473818641 0.008923355465924458 
2158 11.534737348556519 -0.10963072843214289 0.11991058043945543 0.0 -0.01122223869965913 0.008031019919332012 
2159 11.5399649143219 -0.10134882837388642 0.11988739901529664 0.0 -0.011231325888691326 0.007227917927398811 
2160 11.545200109481812 -0.0938951183214556 0.12006790001979761 0.0 -0.0112395043588203 0.00650512613465893 
2161 11.550880670547485 -0.08718677927426785 0.11982754557610784 0.0 -0.011227690167712134 0.005854613521193037 
2162 11.556242942810059 -0.08114927413179887 0.11898758489362582 0.0 -0.011178707767266299 0.005269152169073733 
2163 11.561559438705444 -0.0757155195035768 0.11821182225837348 0.0 -0.011115448792640805 0.00474223695216636 
2164 11.566795349121094 -0.07082514033817694 0.11688950524572238 0.0 -0.011020166087029373 0.004268013256949724 
2165 11.572025537490845 -0.06642379908931705 0.11526671146381304 0.0 -0.010896062023530597 0.0038412119312547515 
2166 11.577356815338135 -0.06246259196534315 0.11337316261772949 0.0 -0.010746018737933214 0.0034570907381292764 
2167 11.582582235336304 -0.05889750555376665 0.11082320277538647 0.0 -0.0105534560832809 0.0031113816643163488 
2168 11.587768316268921 -0.0556889277833478 0.1091109732267871 0.0 -0.010380149694093817 0.002800243497884714 
2169 11.59301471710205 -0.05280120778997083 0.08860612342151607 0.0 -0.009342134724684436 0.0025202191480962425 
2170 11.59830117225647 -0.05020225979593156 0.0789721507881822 0.0 -0.008407921252215993 0.0022681972332866183 
2171 11.604263544082642 -0.04786320660129621 0.07030157541818169 0.0 -0.007567129126994394 0.0020413775099579565 
2172 11.609668254852295 -0.04575805872612441 0.062498057585181246 0.0 -0.006810416214294955 0.001837239758962161 
2173 11.615218162536621 -0.043863425638469775 0.05547489153548085 0.0 -0.00612937459286546 0.001653515783065945 
2174 11.620568990707397 -0.04215825585958061 0.0491540420907505 0.0 -0.005516437133578914 0.0014881642047593505 
2175 11.625925779342651 -0.040623603058580364 0.04346527759049317 0.0 -0.004964793420221023 0.0013393477842834154 
2176 11.63125491142273 -0.03924241553768014 0.03834538954026158 0.0 -0.0044683140781989214 0.0012054130058550738 
2177 11.636544704437256 -0.037999346768869936 0.033737490295053144 0.0 -0.004021482670379029 0.0010848717052695665 
2178 11.641836643218994 -0.03688058487694076 0.029590380974365546 0.0 -0.003619334403341126 0.00097638453474261 
2179 11.647095203399658 -0.03587369917420449 0.025857982585746717 0.0 -0.0032574009630070137 0.000878746081268349 
2180 11.652347087860107 -0.03496750204174186 0.02249882403598976 0.0 -0.002931660866706312 0.0007908714731415141 
2181 11.658289670944214 -0.03415192462252549 0.01947558134120851 0.0 -0.002638494780035681 0.0007117843258273627 
2182 11.663723945617676 -0.033417904945230746 0.016754662915905376 0.0 -0.0023746453020321127 0.0006406058932446265 
2183 11.669131755828857 -0.03275728723566549 0.014305836333132566 0.0 -0.0021371807718289014 0.0005765453039201639 
2184 11.674432754516602 -0.03216273129705675 0.012101892408637028 0.0 -0.0019234626946460112 0.0005188907735281475 
2185 11.679687261581421 -0.031627630952308895 0.010118342876591047 0.0 -0.00173111642518141 0.00046700169617533275 
2186 11.684965372085571 -0.031146040642035806 0.008333148297749664 0.0 -0.001558004782663269 0.00042030152655779946 
2187 11.690263509750366 -0.030712609362790043 0.02611023521342889 0.0 -0.0023034183377621917 0.00037827137390201955 
2188 11.695482015609741 -0.030322521211468844 0.033929960381574295 0.0 -0.0030126394207416487 0.0003404442365118176 
2189 11.700698137283325 -0.029971441875279774 0.041417053467277594 0.0 -0.0036892880238716466 0.00030639981286063585 
2190 11.705946922302246 -0.029655470472709607 0.047780253216559904 0.0 -0.004298271766688644 0.00027575983157457226 
2191 11.711793899536133 -0.029371096210396457 0.054752709722774656 0.0 -0.004903881577896672 0.00024818384841711506 
2192 11.71724271774292 -0.029115159374314623 0.061286320349521854 0.0 -0.005487280036432384 0.00022336546357540357 
2193 11.722572803497314 -0.02888481622184097 0.06761704379883249 0.0 -0.00605068827756301 0.00020102891721786323 
2194 11.727836608886719 -0.028677507384614682 0.07376549476029204 0.0 -0.00659610532302906 0.0001809260254960769 
2195 11.733102083206177 -0.028490929431111027 0.07975021042944619 0.0 -0.0071253295473389325 0.00016283342294646922 
2196 11.738358497619629 -0.028323009272957736 0.08558791377669613 0.0 -0.007639980977666304 0.0001465500806518223 
2197 11.74361252784729 -0.028171881130619778 0.0908812030637513 0.0 -0.00812234207918518 0.00013189507258664008 
2198 11.749056339263916 -0.02803586580251561 0.09628885231653678 0.0 -0.008594816699000656 0.00011870556532797608 
2199 11.754370212554932 -0.02791345200722186 0.10160800336807883 0.0 -0.00905839348528307 0.00010683500879517847 
2200 11.759645700454712 -0.02780327959145748 0.1064354105186015 0.0 -0.009494787407161486 9.615150791566063e-05 
2201 11.765077590942383 -0.027704124417269542 0.11224942376159647 0.0 -0.009964241193749033 8.653635712409456e-05 
2202 11.770401000976562 -0.027614884760500398 0.11713952552954644 0.0 -0.010405924415902068 7.788272141168511e-05 
2203 11.775739908218384 -0.027534569069408172 0.12218591984926495 0.0 -0.010841788199230228 7.009444927051659e-05 
2204 11.781028985977173 -0.027462284947425166 0.12718157876450345 0.0 -0.011272415232674058 6.308500434346493e-05 
2205 11.786313772201538 -0.02739722923764046 0.1313070513534868 0.0 -0.011659979562773504 5.677650390911844e-05 
2206 11.79157018661499 -0.027338679098834227 0.13627011700855188 0.0 -0.012066311902535735 5.1098853518206596e-05 
2207 11.796900272369385 -0.02728598397390861 0.14099983946238373 0.0 -0.01247036063677023 4.5988968166385937e-05 
2208 11.80225419998169 -0.027238558361475554 0.14529920565744783 0.0 -0.012853179311805518 4.139007134974735e-05 
2209 11.807546377182007 -0.027195875310285812 0.14981558383952642 0.0 -0.013236065747785764 3.725106421477261e-05 
2210 11.812800168991089 -0.02715746056421504 0.15392342914777526 0.0 -0.013599838354392227 3.3525957793295354e-05 
2211 11.818236589431763 -0.027122887292751346 0.15826791146440158 0.0 -0.013965582583728472 3.017336201396582e-05 
2212 11.823631525039673 -0.027091771348434022 0.16222154689575374 0.0 -0.014313927204355335 2.7156025812569237e-05 
2213 11.828990936279297 -0.02706376699854843 0.16560290231619976 0.0 -0.014627437362919514 2.4440423231312315e-05 
2214 11.834261655807495 -0.0270385630836514 0.16948579685255685 0.0 -0.01494794613407576 2.1996380908181083e-05 
2215 11.83950161933899 -0.02701587956024407 0.17302448478884888 0.0 -0.015255578842340623 1.9796742817362973e-05 
2216 11.844718933105469 -0.026995464389177475 0.17644529791324565 0.0 -0.015551623094003245 1.7817068535626676e-05 
2217 11.849994897842407 -0.02697709073521754 0.18017260818459963 0.0 -0.01585641254894809 1.603536168206401e-05 
2218 11.855288028717041 -0.026960554446653594 0.18315950073433032 0.0 -0.01613072305839845 1.443182551385761e-05 
2219 11.860517978668213 -0.026945671786946047 0.18545109212734276 0.0 -0.01635842770267953 1.2988642962471848e-05 
2220 11.865743637084961 -0.026932277393209247 0.18772091912737238 0.0 -0.016563361882532504 1.1689778666224663e-05 
2221 11.87107801437378 -0.026920222438846134 0.1897794100314751 0.0 -0.01674780264440018 1.0520800799602197e-05 
2222 11.876343488693237 -0.026909372979919324 0.19123527695750145 0.0 -0.016894624515856847 9.468720719641976e-06 
2223 11.881647109985352 -0.0268996084668852 0.19275278895132267 0.0 -0.017026764200167844 8.521848647677778e-06 
2224 11.886858940124512 -0.026890820405154496 0.1941340333639169 0.0 -0.017145689916047743 7.669663782910001e-06 
2225 11.89208984375 -0.026882911149596855 0.19498021546166475 0.0 -0.01723354824611541 6.902697404619001e-06 
2226 11.89734411239624 -0.026875792819594978 0.19553642663237225 0.0 -0.017293445928952066 6.212427664157101e-06 
2227 11.902553081512451 -0.02686938632259329 0.1962439224745648 0.0 -0.017347353843505057 5.5911848977413915e-06 
2228 11.907760858535767 -0.02686362047529177 0.19689582637885134 0.0 -0.017395870966602747 5.032066407967253e-06 
2229 11.912968635559082 -0.026858431212720402 0.19708527604728046 0.0 -0.017420361563166425 4.5288597671705274e-06 
2230 11.918226957321167 -0.026853760876406174 0.19705010205975934 0.0 -0.017423228285849492 4.075973790453475e-06 
2231 11.923836946487427 -0.026849557573723367 0.19681260379596213 0.0 -0.01740663352204001 3.6683764114081276e-06 
2232 11.929192304611206 -0.02684577460130884 0.1959804452309347 0.0 -0.01735334935122105 3.301538770267315e-06 
2233 11.934540510177612 -0.026842369926135763 0.19480449109587178 0.0 -0.0172670439690355 2.9713848932405834e-06 
2234 11.939832925796509 -0.02683930571848 0.1924939594430314 0.0 -0.01711266986817153 2.6742464039165253e-06 
2235 11.945109128952026 -0.026836547931589808 0.1911948383319611 0.0 -0.01697373317739396 2.4068217635248727e-06 
2236 11.950337171554565 -0.026834065923388637 0.18921415115602996 0.0 -0.016810340527245657 2.1661395871723856e-06 
2237 11.955547332763672 -0.026831832116007582 0.18617838185088276 0.0 -0.016586587885215213 1.949525628455147e-06 
2238 11.960762023925781 -0.02682982168936463 0.18340074197880799 0.0 -0.01634686162399739 1.7545730656096324e-06 
2239 11.966019630432129 -0.026828012305385975 0.18047157287084267 0.0 -0.01609275836045286 1.5791157590486692e-06 
2240 11.971248865127563 -0.026826383859805184 0.17781813042105696 0.0 -0.015844890609038542 1.4212041831438023e-06 
2241 11.976580619812012 -0.026824918258782474 0.1748085093437273 0.0 -0.015583460004317169 1.2790837648294222e-06 
2242 11.981934309005737 -0.026823599217862037 0.1720821711637509 0.0 -0.01532899764584369 1.15117538834648e-06 
2243 11.987232685089111 -0.02682241208103364 0.1698312979549712 0.0 -0.015099981523217558 1.0360578495118322e-06 
2244 11.992466926574707 -0.026821343657888085 0.16575448761931547 0.0 -0.014797992941732823 9.324520645606489e-07 
2245 11.997746706008911 -0.026820382077057087 0.16222954015138658 0.0 -0.014487854335006135 8.39206858104584e-07 
2246 12.00298523902893 -0.02681951665430919 0.15821325390477176 0.0 -0.014151205146279386 7.552861722941256e-07 
2247 12.008221864700317 -0.026818737773836077 0.15435845088414196 0.0 -0.013809871247976826 6.797575550647131e-07 
2248 12.013464450836182 -0.026818036781410284 0.15004448716107238 0.0 -0.013445146296831792 6.117817995582418e-07 
2249 12.018713474273682 -0.026817405888227064 0.14592095948202888 0.0 -0.013078544212352775 5.506036196024176e-07 
2250 12.023946523666382 -0.02681683808436217 0.14177675012852456 0.0 -0.012710252707873175 4.955432576421759e-07 
2251 12.02946138381958 -0.026816327060883757 0.138438444279648 0.0 -0.012378790353841535 4.459889318779583e-07 
2252 12.034795045852661 -0.026815867139753192 0.13461712834204842 0.0 -0.01204212535182263 4.013900386901625e-07 
2253 12.04016900062561 -0.02681545321073568 0.11218533111476026 0.0 -0.010837912816640368 3.6125103482114627e-07 
2254 12.045465469360352 -0.026815080674619917 0.1010088539438534 0.0 -0.009754121534976332 3.2512593133903167e-07 
2255 12.05079460144043 -0.026814745392115737 0.09095002449003722 0.0 -0.008778709381478698 2.926133382051285e-07 
2256 12.056076049804688 -0.026814443637861972 0.08189707798160267 0.0 -0.007900838443330829 2.633520043846157e-07 
2257 12.061314582824707 -0.026814172059033584 0.07374942612401156 0.0 -0.007110754598997746 2.3701680394615413e-07 
2258 12.066557168960571 -0.026813927638088035 0.06641653945217957 0.0 -0.006399679139097971 2.1331512355153872e-07 
2259 12.071773529052734 -0.02681370765923704 0.05981694144753078 0.0 -0.005759711225188174 1.9198361119638485e-07 
2260 12.077022075653076 -0.026813509678271147 0.05387730324334688 0.0 -0.0051837401026693574 1.7278525007674638e-07 
2261 12.082369565963745 -0.026813331495401837 0.048531628859581344 0.0 -0.0046653660924024214 1.5550672506907175e-07 
2262 12.087690830230713 -0.02681317113081946 0.04372052191419239 0.0 -0.00419882948316218 1.3995605256216459e-07 
2263 12.093037605285645 -0.026813026802695324 0.039390525663342314 0.0 -0.003778946534845962 1.2596044730594812e-07 
2264 12.0982825756073 -0.026812896907383605 0.03549352903757725 0.0 -0.003401051881361366 1.1336440257535331e-07 
2265 12.103554248809814 -0.026812780001603052 0.03198623207438868 0.0 -0.003060946693225229 1.0202796231781798e-07 
2266 12.108914136886597 -0.026812674786400554 0.02882966480751898 0.0 -0.002754852023902706 9.182516608603619e-08 
2267 12.114180088043213 -0.02681258009271831 0.025988754267336243 0.0 -0.0024793668215124355 8.264264947743257e-08 
2268 12.119402647018433 -0.026812494868404292 0.02343193478117179 0.0 -0.0022314301393611922 7.437838452968932e-08 
2269 12.124679565429688 -0.02681241816652167 0.021130797243623774 0.0 -0.002008287125425073 6.694054607672039e-08 
2270 12.13010573387146 -0.007841008589932976 0.01905977345983056 0.0 -0.0018074584128825659 -0.0008819789726495375 
2271 12.135588884353638 0.00042036517094948093 0.01719585205441667 0.0 -0.0016267125715943094 -0.0016758202945255903 
2272 12.140951156616211 0.007863098889106399 0.015518322789544167 0.0 -0.0014640413144348784 -0.002390277484214038 
2273 12.146302938461304 0.014569056568810319 0.014008546451158916 0.0 -0.0013176371829913907 -0.0030332889549336407 
2274 12.151607513427734 0.021024337305648677 0.03203350978324867 0.0 -0.0020870874980575015 -0.0036311740928055263 
2275 12.15692925453186 0.027062423637586507 0.03966391825950268 0.0 -0.002798767595841244 -0.0041884455311144665 
2276 12.16222357749939 0.032312776499292636 0.047172188009496366 0.0 -0.0034776285672370394 -0.004689989825592513 
2277 12.167654514312744 0.03745833887177479 0.054379134204784005 0.0 -0.004126953069941742 -0.005160554504846998 
2278 12.172993898391724 0.04190558315589173 0.0609027862303553 0.0 -0.0047305199366002165 -0.005584062716176034 
2279 12.17825698852539 0.04632851079446452 0.06741580612308734 0.0 -0.00531207974504133 -0.00598439492059641 
2280 12.18351149559021 0.050125546803983914 0.07372783492586348 0.0 -0.005873833201086819 -0.006344693904574749 
2281 12.1888587474823 0.053551028489597696 0.07903445473603676 0.0 -0.006379411311527759 -0.006668962990155253 
2282 12.194147109985352 0.05705451675035729 0.0850569672125788 0.0 -0.006891956053597334 -0.006979979236343891 
2283 12.199568748474121 0.06002422775001333 0.09073659010306476 0.0 -0.007391595204850379 -0.007259893857913665 
2284 12.204910516738892 0.06311770139808012 0.0962997099495133 0.0 -0.007879620069426605 -0.007530991831550705 
2285 12.210189580917358 0.06613097627339506 0.10217071706933156 0.0 -0.008376366890217939 -0.007794154822048284 
2286 12.215445280075073 0.06865981374741215 0.10812756355070283 0.0 -0.008880963471602868 -0.008031001513496104 
2287 12.220688581466675 0.07135682719424573 0.11333731143175028 0.0 -0.009354275209073549 -0.008263338350023387 
2288 12.225999116897583 0.07360119236855044 0.11784590835116993 0.0 -0.009780255772797161 -0.008472441502897941 
2289 12.231302499771118 0.07604234373156377 0.12397730898099633 0.0 -0.010259511606211568 -0.008679809154709282 
2290 12.236628770828247 0.07805659601635118 0.12937406616268374 0.0 -0.01072919148473302 -0.008866440041339489 
2291 12.242083311080933 0.08029080876471983 0.13468520718903448 0.0 -0.011190253003850813 -0.009053582653530918 
2292 12.24736213684082 0.08253140077399014 0.13991961964742414 0.0 -0.011643557999505314 -0.009241185818727448 
2293 12.252671718597412 0.08436547561225063 0.1450853023664905 0.0 -0.01208988212404285 -0.009410028667404325 
2294 12.257903814315796 0.08643785463058684 0.15018945429200783 0.0 -0.01252992346457512 -0.009581162045437757 
2295 12.263132810592651 0.0881207007629276 0.15482613298343065 0.0 -0.012945135485278406 -0.009735182085667845 
2296 12.268361806869507 0.08964471544011486 0.1588215754005896 0.0 -0.013318826303911364 -0.009873800121874924 
2297 12.273639917373657 0.09020093882417973 0.16284407480489566 0.0 -0.013674322854905267 -0.00996020672601281 
2298 12.279020071029663 0.09068174184881961 0.16587449735782836 0.0 -0.013975094936575538 -0.010018797855512665 
2299 12.284375190734863 0.09090275542181363 0.16839538404308893 0.0 -0.014226614995854538 -0.01005235505783829 
2300 12.289655923843384 0.09088979550240553 0.17004510396978154 0.0 -0.014414633420757153 -0.01006338172570711 
2301 12.295023441314697 0.09107851794565669 0.17110219598416365 0.0 -0.01454550037472102 -0.010073305726789048 
2302 12.30040717124939 0.08960733643117155 0.17121317541388234 0.0 -0.014605756190615769 -0.01000553881592388 
2303 12.305713653564453 0.08905824447764948 0.1719011771771101 0.0 -0.014659986424921044 -0.00994454859614523 
2304 12.31093716621399 0.06836344299048426 0.17088358467188142 0.0 -0.014632095123956879 -0.008950093736530707 
2305 12.316203355789185 0.059133758270172934 0.16950969597274132 0.0 -0.0145494685104164 -0.008055084362877636 
2306 12.321476221084595 0.05082704202189274 0.16803533254139852 0.0 -0.014436754929781482 -0.007249575926589873 
2307 12.326725482940674 0.04335099739844056 0.16586604624524698 0.0 -0.014277788264537327 -0.006524618333930886 
2308 12.331976175308228 0.03662255723733361 0.16326258855524717 0.0 -0.01407719382314486 -0.005872156500537798 
2309 12.337369680404663 0.03056696109233735 0.16026790367810256 0.0 -0.013839135128276968 -0.005284940850484018 
2310 12.342617988586426 0.025116924561840715 0.15692060190543594 0.0 -0.013567357860223136 -0.004756446765435617 
2311 12.347959756851196 0.020211891684393735 0.1544927278948439 0.0 -0.013322758318974687 -0.004280802088892055 
2312 12.353225946426392 0.015797362094691462 0.1490177225094546 0.0 -0.01294922021805714 -0.00385272188000285 
2313 12.358541488647461 0.011824285463959413 0.1439826821293697 0.0 -0.012536337415392432 -0.003467449692002565 
2314 12.363816022872925 0.008248516496300564 0.1212542876941508 0.0 -0.011282703673853188 -0.0031207047228023086 
2315 12.369060039520264 0.005030324425407606 0.10961912489386386 0.0 -0.01015443330646787 -0.002808634250522078 
2316 12.374287128448486 0.0021339515616039502 0.0991474783736056 0.0 -0.009138989975821082 -0.0025277708254698703 
2317 12.379550457000732 -0.00047278401581935577 0.08972299650537316 0.0 -0.008225090978238973 -0.0022749937429228833 
2318 12.384785175323486 -0.002818846035500316 0.08124096282396398 0.0 -0.007402581880415076 -0.002047494368630595 
2319 12.39000916481018 -0.004930301853213193 0.07360713251069571 0.0 -0.006662323692373569 -0.0018427449317675356 
2320 12.395353078842163 -0.006830612089154777 0.06673668522875428 0.0 -0.005996091323136212 -0.0016584704385907822 
2321 12.400787591934204 -0.008540891301502202 0.060553282675006995 0.0 -0.0053964821908225906 -0.001492623394731704 
2322 12.406067371368408 -0.010080142592614885 0.05498822037663443 0.0 -0.004856833971740332 -0.0013433610552585336 
2323 12.411377906799316 -0.0114654687546163 0.04997966430809912 0.0 -0.004371150574566299 -0.0012090249497326803 
2324 12.4166898727417 -0.012712262300417575 0.04547196384641734 0.0 -0.003934035517109669 -0.0010881224547594122 
2325 12.422188520431519 -0.013834376491638722 0.04141503343090375 0.0 -0.003540631965398702 -0.000979310209283471 
2326 12.427646160125732 -0.014844279263737752 0.0377637960569415 0.0 -0.003186568768858832 -0.0008813791883551239 
2327 12.433090686798096 -0.015753191758626883 0.034477682420375494 0.0 -0.002867911891972949 -0.0007932412695196115 
2328 12.438579082489014 -0.0165712130040271 0.031520180147466076 0.0 -0.002581120702775654 -0.0007139171425676503 
2329 12.44398021697998 -0.017307432124887293 0.0288584281018476 0.0 -0.0023230086324980887 -0.0006425254283108853 
2330 12.449402332305908 -0.017970029333661465 0.026462851260790975 0.0 -0.00209070776924828 -0.0005782728854797967 
2331 12.454829692840576 -0.018566366821558225 0.024306832103840013 0.0 -0.001881636992323452 -0.000520445596931817 
2332 12.460164546966553 -0.019103070560665306 0.022366414862584148 0.0 -0.001693473293091107 -0.00046840103723863537 
2333 12.465595483779907 -0.01958610392586168 0.020620039345453867 0.0 -0.0015241259637819964 -0.00042156093351477185 
2334 12.470831155776978 -0.020020833954538415 0.019048301380036613 0.0 -0.0013717133674037967 -0.0003794048401632947 
2335 12.476109743118286 -0.020412090980347478 0.017633737211161085 0.0 -0.001234542030663417 -0.00034146435614696525 
2336 12.481369733810425 -0.020764222303575636 0.016360629459173118 0.0 -0.0011110878275970755 -0.0003073179205322687 
2337 12.486648559570312 -0.021081140494480975 0.01521483248238394 0.0 -0.000999979044837368 -0.00027658612847904186 
2338 12.491940021514893 -0.02136636686629578 0.01418361520327368 0.0 -0.0008999811403536312 -0.0002489275156311377 
2339 12.497227430343628 -0.021623070600929106 0.013255519652074445 0.0 -0.0008099830263182681 -0.00022403476406802393 
2340 12.502480745315552 -0.021854103962099098 0.012420233655995132 0.0 -0.0007289847236864413 -0.00020163128766122155 
2341 12.507845878601074 -0.022062033987152094 0.011668476259523755 0.0 -0.0006560862513177971 -0.0001814681588950994 
2342 12.513152122497559 -0.022249171009699788 0.010991894602699514 0.0 -0.0005904776261860175 -0.00016332134300558947 
2343 12.518513679504395 -0.022417594329992716 0.010382971111557697 0.0 -0.0005314298635674157 -0.00014698920870503054 
2344 12.523829698562622 -0.022569175318256342 0.009834939969530061 0.0 -0.0004782868772106742 -0.00013229028783452748 
2345 12.529235363006592 -0.022705598207693616 0.00934171194170519 0.0 -0.0004304581894896068 -0.00011906125905107473 
2346 12.534512281417847 -0.02282837880818716 0.008897806716662805 0.0 -0.0003874123705406461 -0.00010715513314596726 
2347 12.539771556854248 -0.022938881348631347 0.008498292014124659 0.0 -0.0003486711334865815 -9.643961983137053e-05 
2348 12.545225858688354 -0.02303833363503112 0.008138728781840326 0.0 -0.00031380402013792333 -8.679565784823349e-05 
2349 12.550624370574951 -0.02312784069279091 0.007815121872784428 0.0 -0.000282423618124131 -7.811609206341014e-05 
2350 12.555951833724976 -0.023208397044774724 0.007523875654634119 0.0 -0.0002541812563117179 -7.030448285706913e-05 
2351 12.561330318450928 -0.02328089776156016 0.007261754058298842 0.0 -0.00022876313068054613 -6.327403457136222e-05 
2352 12.56661605834961 -0.023346148406667044 0.025997185166491427 0.0 -0.001087926036753498 -5.6946631114226e-05 
2353 12.571917295455933 -0.023404873987263246 0.034871021289301654 0.0 -0.0018995222806676409 -5.12519680028034e-05 
2354 12.577165365219116 -0.02345772700979983 0.04330662777895351 0.0 -0.0026683077835807966 -4.612677120252306e-05 
2355 12.582499742507935 -0.023505294730082747 0.05134817703993352 0.0 -0.0033985643646511233 -4.151409408227075e-05 
2356 12.587759494781494 -0.02354810567833738 0.058622971824627904 0.0 -0.00407497010183866 -3.7362684674043676e-05 
2357 12.592976570129395 -0.023586635531766546 0.06581202020057077 0.0 -0.004722084893755929 -3.362641620663931e-05 
2358 12.59824275970459 -0.0236213123998528 0.0727324746382366 0.0 -0.005342837834929958 -3.026377458597538e-05 
2359 12.60348916053772 -0.02365252158113042 0.07941152050329493 0.0 -0.005939865110435071 -2.723739712737784e-05 
2360 12.608734846115112 -0.023680609844280283 0.08546120313310614 0.0 -0.006496364472613914 -2.4513657414640057e-05 
2361 12.614072322845459 -0.02370588928111516 0.09154877544601922 0.0 -0.0070355627819653 -2.2062291673176053e-05 
2362 12.61937689781189 -0.023728640774266545 0.0974790497726522 0.0 -0.007559190888830034 -1.9856062505858448e-05 
2363 12.62472653388977 -0.023749117118102795 0.10244323144941003 0.0 -0.008030456185008295 -1.7870456255272604e-05 
2364 12.629998683929443 -0.02376754582755542 0.10857111199273366 0.0 -0.008531294208465703 -1.6083410629745344e-05 
2365 12.635238409042358 -0.02378413166606278 0.11415513790719609 0.0 -0.009020398058025856 -1.4475069566770809e-05 
2366 12.640573740005493 -0.023799058920719412 0.11963351691201016 0.0 -0.00949894115107848 -1.3027562610093729e-05 
2367 12.64604640007019 -0.023812493449910373 0.12584196662838543 0.0 -0.010006328446664754 -1.1724806349084356e-05 
2368 12.651328086853027 -0.02382458452618224 0.13108739463846716 0.0 -0.010482151826916645 -1.055232571417592e-05 
2369 12.656550884246826 -0.02383546649482692 0.13645392456669433 0.0 -0.010948742497591833 -9.497093142758328e-06 
2370 12.661773204803467 -0.02384526026660713 0.14173802405085176 0.0 -0.011407023729647988 -8.547383828482496e-06 
2371 12.667192697525024 -0.023854074661209326 0.1469482621071883 0.0 -0.011857826466947014 -7.692645445634247e-06 
2372 12.672656059265137 -0.023862007616351294 0.15167992935858576 0.0 -0.012282723744740381 -6.923380901070822e-06 
2373 12.678160905838013 -0.02386914727597907 0.1565852155054434 0.0 -0.012703480923202897 -6.23104281096374e-06 
2374 12.683656215667725 -0.023875572969644064 0.1606304935043304 0.0 -0.013082162383819162 -5.607938529867366e-06 
2375 12.689107418060303 -0.023881356093942565 0.1646976819462708 0.0 -0.013442150512598044 -5.04714467688063e-06 
2376 12.69457459449768 -0.023886560905811212 0.1677681616471534 0.0 -0.013746965014274793 -4.542430209192567e-06 
2377 12.700053215026855 -0.023891245236492994 0.1707373582713902 0.0 -0.014021298065783868 -4.08818718827331e-06 
2378 12.705584049224854 -0.023895461134106604 0.17342365198440327 0.0 -0.014268197812142036 -3.679368469445979e-06 
2379 12.711061954498291 -0.023899255441958842 0.1750304900938307 0.0 -0.0144520579554159 -3.311431622501381e-06 
2380 12.716568231582642 -0.04328641633058106 0.1760489884726742 0.0 -0.014579182455913893 0.0008982329998469388 
2381 12.72215986251831 -0.052555231543704034 0.17695007661389234 0.0 -0.014674419692137843 0.0017479726166179212 
2382 12.727626323699951 -0.061346498219306544 0.1771411629213423 0.0 -0.014721783576290911 0.002551087900160292 
2383 12.733172178268433 -0.06929587569124031 0.17729709124054358 0.0 -0.014745236257804429 0.003293066469572669 
2384 12.738617897033691 -0.07709188549977766 0.17722946624215774 0.0 -0.014747168856942352 0.003999196810492294 
2385 12.744071006774902 -0.08455844224085765 0.17654807480536178 0.0 -0.014710559312776057 0.004673063745768443 
2386 12.74965238571167 -0.09172881719306782 0.17550569227506832 0.0 -0.014639261094577903 0.005317893615965464 
2387 12.755229234695435 -0.09863293848205565 0.17413809923936602 0.0 -0.01453674306975108 0.005936589382533209 
2388 12.761383771896362 -0.10612262389879838 0.17124022630172758 0.0 -0.014348602776285723 0.006570114829341152 
2389 12.767324447631836 -0.11334404374739654 0.1687767954246956 0.0 -0.014140926883718416 0.007197812174141031 
2390 12.772793769836426 -0.12010384019292758 0.16571638653697962 0.0 -0.013896494882793169 0.007801089412909408 
2391 12.778716325759888 -0.1266402496897825 0.1623099331547988 0.0 -0.013618981639287717 0.008382388556249433 
2392 12.784143447875977 -0.1321510939211864 0.15982882269564394 0.0 -0.01336921972013281 0.008905557785255456 
2393 12.789675951004028 -0.13794726868165355 0.15430590450654813 0.0 -0.012991035479099449 0.009414759719809363 
2394 12.79519510269165 -0.14320463308881118 0.13025640205823305 0.0 -0.011691931931189505 0.009892215530074064 
2395 12.801652193069458 -0.14734417581707943 0.11819922716454864 0.0 -0.010522738738070555 0.010302751690146111 
2396 12.807414770126343 -0.1508609814130017 0.10734776976023269 0.0 -0.009470464864263499 0.01065305941998671 
2397 12.813651084899902 -0.15422958954621446 0.09758145809634837 0.0 -0.00852341837783715 0.010968336376843248 
2398 12.819110631942749 -0.15727307182074624 0.08879177759885243 0.0 -0.007671076540053435 0.011252085638014133 
2399 12.824404954910278 -0.16002394082246507 0.08088106515110612 0.0 -0.006903968886048092 0.01150745997306793 
2400 12.829688310623169 -0.16251145787865232 0.07376142394813441 0.0 -0.006213571997443283 0.011737296874616346 
2401 12.83516788482666 -0.16476195818386105 0.06735374686545989 0.0 -0.0055922147976989545 0.01194415008600992 
2402 12.840563535690308 -0.1672115649049314 0.06158683749105282 0.0 -0.005032993317929059 0.012149492790488381 
2403 12.84604811668396 -0.1692363607522134 0.05639661905408645 0.0 -0.004529693986136153 0.012334301224518996 
2404 12.851474046707153 -0.17024573197184412 0.05172542246081673 0.0 -0.004076724587522538 0.012462279186698063 
2405 12.856797456741333 -0.16989954835574747 0.04752134552687398 0.0 -0.0036690521287702843 0.01250076009576225 
2406 12.862343311309814 -0.17036589569526595 0.043737676286325494 0.0 -0.003302146915893256 0.012535392913920019 
2407 12.867797136306763 -0.16667232943352825 0.040332373969831865 0.0 -0.0029719322243039305 0.012374815053077639 
2408 12.873188972473145 -0.16321277648325705 0.037267601884987595 0.0 -0.0026747390018735375 0.012134420907198282 
2409 12.87854290008545 -0.15941670881481168 0.034509307008627754 0.0 -0.002407265101686184 0.011841366919009886 
2410 12.883834600448608 -0.13697889627775484 0.03202684161990389 0.0 -0.0021665385915175654 0.010657230227108898 
2411 12.8893301486969 -0.125988746019718 0.009996447254214454 0.0 -0.0010294962573053458 0.009591507204398008 
2412 12.894728899002075 -0.11609761078748482 -0.001459689209823695 0.0 3.219147193413803e-05 0.008632356483958208 
2413 12.900331020355225 -0.10719558907847493 -0.01221970800033726 0.0 0.00102606005669816 0.007769120835562387 
2414 12.905815839767456 -0.09918376954036606 -0.022353538843979878 0.0 0.001958891038905236 0.006992208752006148 
2415 12.911264419555664 -0.09197313195606809 -0.03274898122542916 0.0 0.0028751381797885774 0.0062929878768055334 
2416 12.91672945022583 -0.08548355813019991 -0.042172174928787984 0.0 0.003738109862503041 0.00566368908912498 
2417 12.922197580337524 -0.07964294168691854 -0.050691757321114396 0.0 0.0045339591911703015 0.005097320180212483 
2418 12.927722454071045 -0.07438638688796531 -0.058589996936384656 0.0 0.005269398401195079 0.0045875881621912345 
2419 12.933252096176147 -0.0696554875689074 -0.06592919103822531 0.0 0.005950468504441622 0.004128829345972111 
2420 12.938863039016724 -0.06539767818175529 -0.0727654071639002 0.0 0.006582606411587753 0.0037159464113748998 
2421 12.944639682769775 -0.061565649733318385 -0.07873668460520472 0.0 0.007151530528019272 0.00334435177023741 
2422 12.950189590454102 -0.058116824129725166 -0.08370884388107613 0.0 0.007644387418583395 0.0030099165932136692 
2423 12.955894231796265 -0.05501288108649127 -0.0879733819643793 0.0 0.008068783805866862 0.002708924933892302 
2424 12.961691856384277 -0.05221933234758078 -0.09160089798845018 0.0 0.00843156574019774 0.002438032440503072 
2425 12.967151880264282 -0.04970513848256131 -0.0946549311732911 0.0 0.008738894666871288 0.002194229196452765 
2426 12.972620487213135 -0.04744236400404381 -0.09719267482944471 0.0 0.008996316259182267 0.0019748062768074883 
2427 12.978091955184937 -0.04540586697337805 -0.0996780046809366 0.0 0.009227995692262148 0.0017773256491267395 
2428 12.983664274215698 -0.043573019645778865 -0.10151199619953863 0.0 0.009417332367809797 0.0015995930842140657 
2429 12.989176273345947 -0.0419234570509396 -0.10336378986660348 0.0 0.009587735375802682 0.0014396337757926591 
2430 12.99469542503357 -0.040438850715584264 -0.10462743583330031 0.0 0.009721923268772036 0.0012956703982133933 
2431 13.000367879867554 -0.039102705013764456 -0.10596575551772956 0.0 0.009842692372444456 0.001166103358392054 
2432 13.00596809387207 -0.03790017388212663 -0.10717953340587554 0.0 0.009951384565749632 0.0010494930225528486 
2433 13.0117928981781 -0.0368178958636526 -0.10828122367736659 0.0 0.01004920753972429 0.0009445437202975637 
2434 13.017289876937866 -0.03584384564702596 -0.10886961360212605 0.0 0.01011807340207724 0.0008500893482678073 
2435 13.02298378944397 -0.03496720045206198 -0.10960003986289081 0.0 0.010180052678194895 0.0007650804134410267 
2436 13.028502464294434 -0.03417821977659441 -0.10779202974590565 0.0 0.010120785513884354 0.000688572372096924 
2437 13.034005880355835 -0.03346813716867359 -0.1064986120591789 0.0 0.010029095437556382 0.0006197151348872317 
2438 13.039472818374634 -0.03282906282154485 -0.10490101274416341 0.0 0.009908224740412721 0.0005577436213985085 
2439 13.04491901397705 -0.03225389590912899 -0.08488283444297681 0.0 0.008917402266371449 0.0005019692592586576 
2440 13.050434350967407 -0.03173624568795472 -0.07568686243802866 0.0 0.008025662039734304 0.0004517723333327919 
2441 13.05656909942627 -0.031270360488897864 -0.06741048763357534 0.0 0.007223095835760873 0.00040659509999951273 
2442 13.062500238418579 -0.030851063809746705 -0.05996175030956734 0.0 0.006500786252184786 0.0003659355899995615 
2443 13.06801152229309 -0.03047369679851066 -0.05325788671796012 0.0 0.005850707626966307 0.0003293420309996053 
2444 13.073687553405762 -0.030134066488398212 -0.04722440948551364 0.0 0.005265636864269676 0.0002964078278996448 
2445 13.079246282577515 -0.029828399209297016 -0.04179427997631181 0.0 0.004739073177842709 0.0002667670451096803 
2446 13.084785461425781 -0.029553298658105936 -0.03690716341803016 0.0 0.004265165860058438 0.00024009034059871228 
2447 13.090279579162598 -0.029305708162033966 -0.03250875851557668 0.0 0.0038386492740525944 0.00021608130653884104 
2448 13.095847606658936 -0.02908287671556919 -0.028550194103368544 0.0 0.003454784346647335 0.00019447317588495696 
2449 13.101286888122559 -0.028882328413750893 -0.024987486132381213 0.0 0.0031093059119826016 0.00017502585829646126 
2450 13.10664701461792 -0.028701834942114427 -0.021781048958492626 0.0 0.0027983753207843414 0.00015752327246681513 
2451 13.112364053726196 -0.02853939081764161 -0.01889525550199289 0.0 0.0025185377887059074 0.00014177094522013363 
2452 13.11783504486084 -0.02839319110561607 -0.016298041391143138 0.0 0.0022666840098353167 0.00012759385069812027 
2453 13.123304605484009 -0.028261611364793084 -0.013960548691378347 0.0 0.002040015608851785 0.00011483446562830825 
2454 13.128751516342163 -0.028143189598052405 -0.011856805261590046 0.0 0.0018360140479666066 0.00010335101906547743 
2455 13.134365320205688 -0.028036610007985786 -0.009963436174780571 0.0 0.001652412643169946 9.30159171589297e-05 
2456 13.139877080917358 -0.027940688376925833 -0.008259403996652046 0.0 0.0014871713788529514 8.371432544303673e-05 
2457 13.145464658737183 -0.027854358908971876 -0.006725775036336373 0.0 0.0013384542409676564 7.534289289873306e-05 
2458 13.15090560913086 -0.027776662387813313 -0.005345508972052266 0.0 0.0012046088168708908 6.780860360885975e-05 
2459 13.156361818313599 -0.027706735518770603 -0.004103269514196572 0.0 0.0010841479351838019 6.102774324797378e-05 
2460 13.161890029907227 -0.027643801336632162 -0.0029852540021264445 0.0 0.0009757331416654217 5.49249689231764e-05 
2461 13.167965650558472 -0.027587160572707572 -0.0019790400412633283 0.0 0.0008781598274988795 4.943247203085876e-05 
2462 13.173446416854858 -0.02753618388517544 -0.001073447476486526 0.0 0.0007903438447489916 4.448922482777289e-05 
2463 13.17897367477417 -0.02749030486639652 -0.000258414168187403 0.0 0.0007113094602740924 4.00403023449956e-05 
2464 13.184803247451782 -0.027449013749495495 0.00047511580928180923 0.0 0.0006401785142466831 3.603627211049604e-05 
2465 13.19035005569458 -0.02741185174428457 0.001135292789004097 0.0 0.0005761606628220149 3.243264489944644e-05 
2466 13.196067094802856 -0.027378405939594733 0.001729452070754158 0.0 0.0005185445965398134 2.9189380409501792e-05 
2467 13.201576948165894 -0.027348304715373885 0.0022641954243292116 0.0 0.0004666901368858321 2.6270442368551615e-05 
2468 13.206964254379272 -0.02732121361357512 0.002745464442546761 0.0 0.0004200211231972489 2.3643398131696455e-05 
2469 13.21239423751831 -0.027296831621956234 0.003178606558942554 0.0 0.00037801901087752403 2.127905831852681e-05 
2470 13.21784257888794 -0.027274887829499238 0.003568434463698769 0.0 0.00034021710978977165 1.915115248667413e-05 
2471 13.223655462265015 -0.027255138416287933 0.003919279577979363 0.0 0.0003061953988107945 1.7236037238006717e-05 
2472 13.229151725769043 -0.027237363944397762 0.004235040180831895 0.0 0.0002755758589297151 1.5512433514206046e-05 
2473 13.234663248062134 -0.027221366919696614 0.004519224723399175 0.0 0.0002480182730367436 1.3961190162785442e-05 
2474 13.24012804031372 -0.027206969597465578 0.004774990811709728 0.0 0.00022321644573306923 1.2565071146506898e-05 
2475 13.245687246322632 -0.027194012007457642 0.005005180291189225 0.0 0.0002008948011597623 1.1308564031856208e-05 
2476 13.251108646392822 -0.0271823501764505 0.005212350822720773 0.0 0.00018080532104378607 1.0177707628670588e-05 
2477 13.25679063796997 -0.02717185452854408 0.005398804301099165 0.0 0.00016272478893940745 9.15993686580353e-06 
2478 13.26221227645874 -0.0271624084454283 0.005566612431639718 0.0 0.00014645231004546672 8.243943179223176e-06 
2479 13.267608880996704 -0.027153906970624093 0.005717639749126218 0.0 0.00013180707904092006 7.4195488613008584e-06 
2480 13.273246049880981 -0.027146255643300306 0.005853564334864065 0.0 0.00011862637113682806 6.677593975170773e-06 
2481 13.27897310256958 -0.027139369448708903 0.005975896462028129 0.0 0.00010676373402314525 6.009834577653696e-06 
2482 13.284433364868164 -0.027133171873576636 -0.012885337155877911 0.0 0.0009781262072328073 5.408851119888327e-06 
2483 13.28998875617981 -0.027127594055957598 -0.02104755627606978 0.0 0.001762352433121503 4.867966007899495e-06 
2484 13.295515060424805 -0.027122574020100463 -0.02881347230618081 0.0 0.0024873308506455725 4.381169407109545e-06 
2485 13.300959348678589 -0.027118055987829043 -0.03603113039889754 0.0 0.0031589862406414784 3.9430524663985906e-06 
2486 13.306522130966187 -0.027113989758784766 -0.04275551933388032 0.0 0.0037826509058620367 3.5487472197587318e-06 
2487 13.312028408050537 -0.04608165467245797 -0.049036129012823435 0.0 0.004363123918784783 0.0008852323465807297 
2488 13.317490100860596 -0.054752087172706236 -0.05491750034725178 0.0 0.004904724444639497 0.0016979224002298468 
2489 13.323000192642212 -0.06237138859363786 -0.06043972015753771 0.0 0.005411339732132983 0.0024293434485140523 
2490 13.328386545181274 -0.06964884167716906 -0.06563885856947577 0.0 0.005886467932572334 0.0031067972061940806 
2491 13.334179401397705 -0.07601462460897622 -0.07054739844348604 0.0 0.006333258127191993 0.003716505588106106 
2492 13.339677095413208 -0.08216407403821632 -0.07478213740224984 0.0 0.006735369302349686 0.004284417946051172 
2493 13.345268726348877 -0.08751481666708237 -0.07901462517127632 0.0 0.007116444174215852 0.00479553906820173 
2494 13.350835084915161 -0.09275089280959643 -0.08305350171321772 0.0 0.007478586373119645 0.005274722892361477 
2495 13.356368064880371 -0.09727976246632995 -0.08691829113670346 0.0 0.007823689166357303 0.005705988334105249 
2496 13.36182451248169 -0.10218873741158771 -0.09103898663124214 0.0 0.008172631308719681 0.00613247686012313 
2497 13.367320537567139 -0.10623179382039 -0.09519856740678717 0.0 0.008525028492765277 0.0065163165335392235 
2498 13.372761011123657 -0.11029144132260932 -0.09898106115000209 0.0 0.008861360772630557 0.006880947053837951 
2499 13.378334760665894 -0.11417443565258245 -0.10261608396699293 0.0 0.009183234638733552 0.007228289336331048 
2500 13.38395071029663 -0.11789860511345493 -0.10611854593630299 0.0 0.00949209593245049 0.007560072204799078 
2501 13.38968563079834 -0.12147999517805774 -0.10950186612862128 0.0 0.00978924591101998 0.00787785160064455 
2502 13.395231008529663 -0.1245206252801966 -0.11277812170756787 0.0 0.010075855705956763 0.008163853056905474 
2503 13.400895833969116 -0.12726631955836032 -0.11554576062865864 0.0 0.010333804521399866 0.008421254367540305 
2504 13.406353235244751 -0.12974657159494646 -0.1180473926999217 0.0 0.01056595845529866 0.008652915547111653 
2505 13.411816596984863 -0.13116308263062845 -0.1203096186063398 0.0 0.010774896995807574 0.00882306098027738 
2506 13.417278289794922 -0.1324178185698819 -0.12235637896439744 0.0 0.010962941682265599 0.008957017055902291 
2507 13.422741174697876 -0.1337474672859285 -0.1242092203289306 0.0 0.01113218190007782 0.00907757752396471 
2508 13.428120613098145 -0.13495278935884653 -0.12588753459929183 0.0 0.01128449809610882 0.009186081945220888 
2509 13.43350338935852 -0.13563379596120664 -0.1274087744848982 0.0 0.011421582672536717 0.009264561110127205 
2510 13.438852310180664 -0.13644692528812835 -0.1287886474242253 0.0 0.011544958791321825 0.00933519235854289 
2511 13.444401741027832 -0.13677479543317086 -0.13004129011190096 0.0 0.011655997298228422 0.009379585667892765 
2512 13.449930429458618 -0.13644509597910154 -0.1307670040813483 0.0 0.011736757140220117 0.009381190017859165 
2513 13.455457925796509 -0.13612742754797427 -0.13121006736071167 0.0 0.0117902661837884 0.009363459118604681 
2514 13.460920810699463 -0.1356286759093316 -0.13139858203307844 0.0 0.011819249508775612 0.009328326495051404 
2515 13.46633505821228 -0.13496678639800402 -0.13135783997322747 0.0 0.011826159687039858 0.00927753231962921 
2516 13.47170639038086 -0.11559900678726834 -0.13069818237671751 0.0 0.011794029219029195 0.008349779087666289 
2517 13.477235794067383 -0.10698838987843567 -0.13008535247189773 0.0 0.011745937356124383 0.0075148011788996605 
2518 13.483035564422607 -0.09923883466048627 -0.12849790164328714 0.0 0.011645130236837322 0.006763321061009695 
2519 13.488483190536499 -0.09226423496433184 -0.12724114601876158 0.0 0.011535229015254726 0.006086988954908726 
2520 13.493880987167358 -0.08598709523779281 -0.12548593531576457 0.0 0.011397968287381901 0.005478290059417853 
2521 13.49954605102539 -0.08033766948390769 -0.12347354522508462 0.0 0.011236084376376904 0.004930461053476068 
2522 13.505046606063843 -0.0752531863054111 -0.1220541989624679 0.0 0.011090388856472407 0.004437414948128461 
2523 13.510605573654175 -0.07067715144476415 -0.0997516595948492 0.0 0.009981349970825166 0.003993673453315615 
2524 13.516048908233643 -0.0665587200701819 -0.08945850334132431 0.0 0.008983214973742649 0.0035943061079840534 
2525 13.521531343460083 -0.06285213183305788 -0.08019466271315195 0.0 0.008084893476368385 0.003234875497185648 
2526 13.526919841766357 -0.05951620241964625 -0.07185720614779678 0.0 0.0072764041287315465 0.002911387947467083 
2527 13.532342910766602 -0.056513865947575806 -0.06435349523897711 0.0 0.006548763715858392 0.002620249152720375 
2528 13.537798166275024 -0.053811763122712394 -0.05760015542103945 0.0 0.005893887344272553 0.0023582242374483374 
2529 13.543221235275269 -0.05137987058033532 -0.05152214958489555 0.0 0.005304498609845298 0.0021224018137035038 
2530 13.548636674880981 -0.04919116729219596 -0.04605194433236602 0.0 0.004774048748860768 0.0019101616323331534 
2531 13.554319381713867 -0.04722133433287053 -0.04112875960508945 0.0 0.004296643873974691 0.001719145469099838 
2532 13.559795379638672 -0.04544848466947766 -0.03669789335054056 0.0 0.0038669794865772225 0.0015472309221898543 
2533 13.565320491790771 -0.04385291997242406 -0.03271011372144652 0.0 0.0034802815379195 0.001392507829970869 
2534 13.570731163024902 -0.04241691174507582 -0.029121112055261907 0.0 0.0031322533841275503 0.001253257046973782 
2535 13.576281070709229 -0.04112450434046241 -0.025891010555695745 0.0 0.002819028045714795 0.0011279313422764038 
2536 13.581832647323608 -0.039961337676310334 -0.02298391920608621 0.0 0.0025371252411433157 0.0010151382080487634 
2537 13.587432622909546 -0.038914487678573466 -0.020367536991437625 0.0 0.0022834127170289842 0.0009136243872438871 
2538 13.593192338943481 -0.037972322680610286 -0.018012792998253896 0.0 0.002055071445326086 0.0008222619485194983 
2539 13.598633766174316 -0.03712437418244343 -0.01589352340438854 0.0 0.0018495643007934773 0.0007400357536675485 
2540 13.604020357131958 -0.03636122053409326 -0.013986180769909717 0.0 0.0016646078707141295 0.0006660321783007937 
2541 13.609636545181274 -0.035674382250578104 -0.012269572398878782 0.0 0.0014981470836427167 0.0005994289604707144 
2542 13.61510705947876 -0.035056227795414466 -0.010724624864950938 0.0 0.001348332375278445 0.000539486064423643 
2543 13.620675802230835 -0.03449988878576718 -0.009334172084415879 0.0 0.0012134991377506007 0.00048553745798127874 
2544 13.626134872436523 -0.033999183677084634 -0.008082764581934326 0.0 0.0010921492239755407 0.0004369837121831509 
2545 13.63153624534607 -0.033548549079270344 -0.0069564978297009285 0.0 0.0009829343015779867 0.0003932853409648358 
2546 13.637058734893799 -0.03314297794123748 -0.005942857752690869 0.0 0.0008846408714201881 0.00035395680686835224 
2547 13.642555475234985 -0.03277796391700789 -0.0050305816833818165 0.0 0.0007961767842781693 0.00031856112618151703 
2548 13.647925615310669 -0.03244945129520128 -0.004209533221003668 0.0 0.0007165591058503524 0.00028670501356336533 
2549 13.653311014175415 -0.03215378993557532 -0.003470589604863337 0.0 0.0006449031952653172 0.00025803451220702883 
2550 13.658735752105713 -0.03188769471191196 -0.0028055403503370363 0.0 0.0005804128757387855 0.00023223106098632594 
2551 13.665179252624512 -0.031648209010614936 -0.0022069960212633666 0.0 0.000522371588164907 0.00020900795488769334 
2552 13.67075228691101 -0.03143267187944761 -0.0016683061250970638 0.0 0.0004701344293484163 0.000188107159398924 
2553 13.676252365112305 -0.03123868846139702 -0.0011834852185473909 0.0 0.00042312098641357466 0.0001692964434590316 
2554 13.68172574043274 -0.031064103385151486 -0.0007471464026526848 0.0 0.0003808088877722172 0.00015236679911312845 
2555 13.687270641326904 -0.030906976816530506 -0.0003544414683474504 0.0 0.0003427279989949955 0.0001371301192018156 
2556 13.692808389663696 -0.03076556290477163 -0.01897233955982644 0.0 0.0011904940457074726 0.00012341710728163406 
2557 13.69830322265625 -0.03063829038418863 -0.027740399689718233 0.0 0.0019918331161971883 0.00011107539655347066 
2558 13.703698873519897 -0.03052374511566394 -0.03566840231591613 0.0 0.0027322130938621757 9.99678568981236e-05 
2559 13.7091383934021 -0.030420654373991714 -0.043444685808695004 0.0 0.003436904702209151 8.997107120831124e-05 
2560 13.714519500732422 -0.03032787270648671 -0.050892991898455475 0.0 0.0041094764056408845 8.097396408748012e-05 
2561 13.72126579284668 -0.030244369205732206 -0.05763403454026353 0.0 0.004733965752953689 7.287656767873212e-05 
2562 13.726827621459961 -0.03016921605505316 -0.06434286897352957 0.0 0.005334355793983699 6.55889109108589e-05 
2563 13.732435464859009 -0.030101578219442007 -0.07124371534044929 0.0 0.005932231273583437 5.9030019819773016e-05 
2564 13.737892627716064 -0.030040704167391977 -0.07771368375889487 0.0 0.0065086684611426575 5.3127017837795715e-05 
2565 13.743398427963257 -0.029985917520546943 -0.08316310488897814 0.0 0.007027461929945957 4.781431605401614e-05 
2566 13.748942375183105 -0.02993660953838642 -0.08931479049395624 0.0 0.0075519004945416544 4.303288444861453e-05 
2567 13.75435733795166 -0.02989223235444195 -0.09511133716563308 0.0 0.00806224483112627 3.872959600375308e-05 
2568 13.759767293930054 -0.029852292888891924 -0.10078032489888228 0.0 0.00855990398997188 3.485663640337777e-05 
2569 13.765213012695312 -0.04878767188970997 -0.10592242580231082 0.0 0.009026972047157172 0.0009134094468459869 
2570 13.770625829696655 -0.05742904706838858 -0.11119465745351587 0.0 0.009485682927072421 0.0017232817904685783 
2571 13.776707887649536 -0.06584703988339177 -0.11639258460731916 0.0 0.009936872347444631 0.0024905165281773967 
2572 13.782281637191772 -0.07346014490894434 -0.12152395567276209 0.0 0.010381292081699077 0.0032002026063395767 
2573 13.78792119026184 -0.08177802652738109 -0.12742060694867122 0.0 0.010857969099425052 0.003915619333582511 
2574 13.793336629867554 -0.08891835012114352 -0.1327983113518834 0.0 0.011325327671297885 0.004578669202325396 
2575 13.798939943313599 -0.09598670039708938 -0.1376803760689174 0.0 0.011765125200207678 0.005213763712642478 
2576 13.804569005966187 -0.10279885251659979 -0.14272069396300616 0.0 0.012199292604674979 0.005823698400376338 
2577 13.810068368911743 -0.1089683147503366 -0.1477120175460436 0.0 0.012628392897144035 0.0063918136885029965 
2578 13.815589666366577 -0.11516371217611154 -0.152659564208436 0.0 0.013052932416285641 0.006941467076265475 
2579 13.82119345664978 -0.12119102165373964 -0.15756804934875418 0.0 0.013473367611961575 0.0074745047537001915 
2580 13.826679229736328 -0.1262425349663931 -0.16161685838227274 0.0 0.013851759288069915 0.007954238663391438 
2581 13.832355499267578 -0.1320365924902806 -0.16651271967938294 0.0 0.01424983623924015 0.008443523624786288 
2582 13.838031768798828 -0.13751176284357206 -0.17118374304047826 0.0 0.014646454751212819 0.00892222971849014 
2583 13.843509674072266 -0.1424795873656692 -0.17501965512442463 0.0 0.01500341141198822 0.009372240017047848 
2584 13.848984241485596 -0.14635786878437052 -0.17766262464718785 0.0 0.015286323150766626 0.009758074471525543 
2585 13.854510068893433 -0.15046373769206384 -0.1796151044428648 0.0 0.015502594087218702 0.010124500294779713 
2586 13.860043287277222 -0.15397868054954383 -0.1813582427293548 0.0 0.01567806311580133 0.010454283535708465 
2587 13.865677833557129 -0.1567411166123322 -0.18230864103767108 0.0 0.015797635613077208 0.0107319136383201 
2588 13.871153354644775 -0.15901788171621956 -0.18232458205683008 0.0 0.015847726790481798 0.010962605916446329 
2589 13.876598358154297 -0.16044495847943296 -0.18169075896556286 0.0 0.0158352844074732 0.011131879338311447 
2590 13.882098197937012 -0.1608863164146983 -0.17882198498801166 0.0 0.015689862935724788 0.011226700975317324 
2591 13.88767385482788 -0.16104420808103231 -0.17594486763343092 0.0 0.015482284726783277 0.011273690820174128 
2592 13.89314889907837 -0.16075492201632502 -0.17248433685973846 0.0 0.015218765081838942 0.011277632797154822 
2593 13.899461507797241 -0.16006282655250997 -0.168910515294735 0.0 0.014924073331245341 0.011242830947988962 
2594 13.905110359191895 -0.15983272709172097 -0.16627974765810838 0.0 0.0146588507557111 0.011211509283739688 
2595 13.910570859909058 -0.15757282029045988 -0.16021070244244534 0.0 0.014247577482241126 0.011087445714794125 
2596 13.915985822677612 -0.15568127713960792 -0.1544211560573881 0.0 0.013781557837525963 0.010937438874294632 
2597 13.921438455581665 -0.15313326938381291 -0.12955643207131598 0.0 0.012403402053773367 0.01074490827517236 
2598 13.926986694335938 -0.13203922113172015 -0.11676556151894057 0.0 0.01116306184839603 0.009670417447655124 
2599 13.93259596824646 -0.12206671058790858 -0.10525377802180269 0.0 0.010046755663556428 0.008703375702889612 
2600 13.937982320785522 -0.11309145109847815 -0.0948931728743786 0.0 0.009042080097200785 0.007833038132600651 
2601 13.943612575531006 -0.10501371755799076 -0.08556862824169692 0.0 0.008137872087480706 0.007049734319340586 
2602 13.949122428894043 -0.09774375737155211 -0.07717653807228342 0.0 0.007324084878732635 0.006344760887406528 
2603 13.954593181610107 -0.0912007932037573 -0.06962365691981126 0.0 0.006591676390859372 0.005710284798665875 
2604 13.959970712661743 -0.08531212545274199 -0.06282606388258632 0.0 0.005932508751773435 0.005139256318799287 
2605 13.965367078781128 -0.08001232447682823 -0.05670823014908389 0.0 0.005339257876596092 0.004625330686919359 
2606 13.970791816711426 -0.07524250359850582 -0.05120217978893169 0.0 0.004805332088936483 0.004162797618227423 
2607 13.976186513900757 -0.07094966480801566 -0.046246734464794714 0.0 0.004324798880042835 0.0037465178564046802 
2608 13.98161506652832 -0.06708610989657453 -0.04178683367307143 0.0 0.0038923189920385516 0.0033718660707642125 
2609 13.987132549285889 -0.0636089104762775 -0.037772922960520476 0.0 0.0035030870928346967 0.0030346794636877915 
2610 13.992705821990967 -0.06047943099801018 -0.03416040331922461 0.0 0.003152778383551227 0.0027312115173190126 
2611 13.998380422592163 -0.05766289946756958 -0.030909135642058334 0.0 0.002837500545196104 0.0024580903655871114 
2612 14.003997802734375 -0.055128021090173035 -0.027982994732608693 0.0 0.002553750490676494 0.0022122813290284004 
2613 14.009812355041504 -0.05284663055051615 -0.025349467914104015 0.0 0.0022983754416088446 0.0019910531961255602 
2614 14.01545238494873 -0.050793379064824964 -0.022979293777449797 0.0 0.00206853789744796 0.0017919478765130042 
2615 14.02111530303955 -0.048945452727702884 -0.020846137054461006 0.0 0.0018616841077031643 0.0016127530888617038 
2616 14.026597499847412 -0.047282319024293015 -0.01892629600377109 0.0 0.0016755156969328478 0.0014514777799755334 
2617 14.032099723815918 -0.04578549869122414 -0.017198439058150168 0.0 0.0015079641272395632 0.0013063300019779801 
2618 14.037638902664185 -0.044438360391462144 -0.01564336780709134 0.0 0.0013571677145156069 0.0011756970017801822 
2619 14.043178796768188 -0.04322593592167635 -0.014243803681138392 0.0 0.0012214509430640461 0.001058127301602164 
2620 14.048699855804443 -0.042134753898869136 -0.01298419596778074 0.0 0.0010993058487576415 0.0009523145714419477 
2621 14.054653406143188 -0.04115269007834266 -0.011850549025758852 0.0 0.0009893752638818773 0.0008570831142977529 
2622 14.060190677642822 -0.04026883263986881 -0.010830266777939154 0.0 0.0008904377374936896 0.0007713748028679776 
2623 14.065868377685547 -0.03947336094524235 -0.009912012754901426 0.0 0.0008013939637443206 0.0006942373225811799 
2624 14.071396112442017 -0.057728760939891606 -0.00908558413416747 0.0 0.0007212545673698885 0.0015068520644060087 
2625 14.076896905899048 -0.06658299799650257 -0.00834179837550691 0.0 0.0006491291106328997 0.002295729774721084 
2626 14.082458972930908 -0.07645908215597036 -0.007672391192712404 0.0 0.0005842161995696097 0.0031207685993501107 
2627 14.087936878204346 -0.08544329772158106 -0.0070699247281973505 0.0 0.0005257945796126487 0.003920827984188965 
2628 14.093411922454834 -0.09378812742038695 -0.006527704910133804 0.0 0.0004732151216513838 0.00467923031393436 
2629 14.098991870880127 -0.10257445040596594 -0.006039707073876609 0.0 0.00042589360948624543 0.005438491667602188 
2630 14.104358673095703 -0.11096284406651671 -0.005600509021245136 0.0 0.0003833042485376209 0.006179351328575963 
2631 14.109927415847778 -0.11918533843454723 -0.005205230773876809 0.0 0.0003449738236838588 0.0069036494661250895 
2632 14.115544319152832 -0.1272590123970723 -0.0048494803512453164 0.0 0.00031047644131547295 0.007613042232592034 
2633 14.121882677078247 -0.13519922092732384 -0.004529304970876971 0.0 0.00027942879718392566 0.008309019420026952 
2634 14.127633094787598 -0.14466950896258937 -0.0042411471285454605 0.0 0.0002514859174655331 0.00906962258828808 
2635 14.133270740509033 -0.153101323467295 -0.003981805070447102 0.0 0.0002263373257189798 0.009811689882395827 
2636 14.13907790184021 -0.16136597729614782 -0.0037483972181585785 0.0 0.0002037035931470818 0.010537074144707467 
2637 14.14459228515625 -0.16824343446859835 -0.003538330151098908 0.0 0.00018333323383237364 0.011189919980787943 
2638 14.15013337135315 -0.17733460206862847 -0.003349269790745204 0.0 0.00016499991044913629 0.011911704932830076 
2639 14.155714273452759 -0.185427326992261 -0.003179115466426871 0.0 0.00014849991940422267 0.012618835832340724 
2640 14.162648916244507 -0.19338891900878682 -0.0030259765745403702 0.0 0.0001336499274638004 0.013312777339514976 
2641 14.168705463409424 -0.20247026831123466 -0.0028881515718425206 0.0 0.00012028493471742037 0.014052373581317263 
2642 14.174273014068604 -0.21074786073400345 -0.0027641090694144554 0.0 0.00010825644124567833 0.014775534641612052 
2643 14.180024862289429 -0.21887780534955106 -0.002652470817229197 0.0 9.74307971211105e-05 0.01548390403855009 
2644 14.185957908630371 -0.22687533987128106 -0.0025519963902624642 0.0 8.768771740899945e-05 0.016178960193408993 
2645 14.191657781600952 -0.2343417962439247 -0.002461569405992405 0.0 7.891894566809951e-05 0.01684286036123049 
2646 14.197303295135498 -0.24152234894589433 -0.0023801851201493513 0.0 7.102705110128956e-05 0.01747872014071833 
2647 14.202919244766235 -0.24803349282435694 -0.0023069392628906034 0.0 6.392434599116061e-05 0.018070168756481625 
2648 14.20857286453247 -0.25372165839808436 -0.0022410179913577295 0.0 5.753191139204455e-05 0.01860247251066859 
2649 14.214038372039795 -0.25844847014805067 -0.0021816888469781436 0.0 5.1778720252840095e-05 0.01906237107521262 
2650 14.219789743423462 -0.2620892271212111 -0.0021282926170365164 0.0 4.6600848227556086e-05 0.019437930154853757 
2651 14.225468397140503 -0.2657687999491313 -0.0020802360100890516 0.0 4.1940763404800476e-05 0.01977593332653078 
2652 14.230887174606323 -0.26703771932822085 -0.002036985063836333 0.0 3.774668706432043e-05 0.019984262854976946 
2653 14.236309289932251 -0.267919795899126 -0.001998059212208887 0.0 3.397201835788839e-05 0.020114234987905766 
2654 14.241851329803467 -0.267657314659256 -0.001963025945744185 0.0 3.057481652209955e-05 0.02015451065064473 
2655 14.247699737548828 -0.2644937361546179 -0.0019314960059259535 0.0 2.7517334869889594e-05 0.02001818616414967 
2656 14.253393650054932 -0.2609136849555098 -0.0019031190600895453 0.0 2.4765601382900636e-05 0.019780445240958656 
2657 14.259159803390503 -0.256382609464788 -0.0018775798088367778 0.0 2.2289041244610574e-05 0.019451430269799345 
2658 14.264635562896729 -0.2505821892350174 -0.0018545944827092868 0.0 2.006013712014952e-05 0.01902109309618626 
2659 14.270061492919922 -0.2434175679648188 -0.001833907689194545 0.0 1.805412340813457e-05 0.0184803918711986 
2660 14.276043176651001 -0.23480316505203902 -0.0018152895750312775 0.0 1.6248711067321114e-05 0.01782118744069152 
2661 14.281727075576782 -0.22507426340555234 -0.0017985332722843367 0.0 1.4623839960589004e-05 0.017055330870275016 
2662 14.287416696548462 -0.1961943410197837 -0.00178345259981209 0.0 1.3161455964530103e-05 0.015349797783247514 
2663 14.293178796768188 -0.1803650326091184 -0.0017698799945870681 0.0 1.1845310368077092e-05 0.013814818004922763 
2664 14.298598766326904 -0.16611865503951964 -0.0017576646498845482 0.0 1.0660779331269384e-05 0.012433336204430488 
2665 14.304110765457153 -0.15329691522688077 -0.0017466708396522803 0.0 9.594701398142446e-06 0.01119000258398744 
2666 14.309568643569946 -0.14175734939550574 -0.0017367764104432393 0.0 8.635231258328201e-06 0.010071002325588696 
2667 14.315069198608398 -0.13137174014726827 -0.0017278714241551025 0.0 7.771708132495381e-06 0.009063902093029826 
2668 14.32056736946106 -0.12202469182385449 -0.001719856936495779 0.0 6.994537319245843e-06 0.008157511883726843 
2669 14.325976371765137 -0.11361234833278212 -0.0017126438976023878 0.0 6.295083587321258e-06 0.007341760695354159 
2670 14.331331253051758 -0.10604123919081698 -0.0017061521625983361 0.0 5.6655752285891325e-06 0.006607584625818743 
2671 14.336841344833374 -0.09922724096304837 -0.0017003096010946893 0.0 5.0990177057302194e-06 0.005946826163236869 
2672 14.342143058776855 -0.0930946425580566 -0.0016950512957414074 0.0 4.589115935157198e-06 0.0053521435469131825 
2673 14.347505569458008 -0.08757530399356403 -0.0016903188209234535 0.0 4.130204341641479e-06 0.0048169291922218645 
2674 14.352752208709717 -0.0826078992855207 -0.0016860595935872952 0.0 3.717183907477331e-06 0.0043352362729996785 
2675 14.35802674293518 -0.0781372350482817 -0.0016822262889847526 0.0 3.345465516729598e-06 0.0039017126456997106 
2676 14.363295316696167 -0.05472987519813013 -0.0016787763148424643 0.0 3.0109189650566385e-06 0.00261032734776449 
2677 14.368551254272461 -0.041018061405475356 -0.0016756713381144046 0.0 2.709827068550975e-06 0.0013713820677838783 
2678 14.373869180679321 -0.027373994395130274 -0.001672876859059151 0.0 2.4388443616958775e-06 0.00016045724468011203 
2679 14.379192590713501 -0.013981840152082425 -0.0016703618279094233 0.0 2.19495992552629e-06 -0.0010252491672344934 
2680 14.38444185256958 -0.0028776999287082224 -0.0016680982998746677 0.0 1.975463932973661e-06 -0.0020923849379576383 
2681 14.389927625656128 0.010425324297027659 -0.001666061124643388 0.0 1.777917539676295e-06 -0.0032062049003443545 
2682 14.395217180252075 0.0217001573931929 -0.001664227666935236 0.0 1.6001257857086654e-06 -0.004246992494940885 
2683 14.400589227676392 0.03230042584746041 -0.0016625775549978994 0.0 1.4401132071377988e-06 -0.0052220509585262495 
2684 14.405887603759766 0.041881490604119595 -0.0016610924542542966 0.0 1.296101886424019e-06 -0.0061187783899773205 
2685 14.411194086074829 0.050324761669352513 -0.001659755863585054 0.0 1.166491697781617e-06 -0.0069258330782832845 
2686 14.416504144668579 0.05752334506280211 -0.0016585529319827353 0.0 1.0498425280034555e-06 -0.007633007483534409 
2687 14.421849489212036 0.06338087321622607 -0.0016574702935406485 0.0 9.448582752031099e-07 -0.008231114819811935 
2688 14.427311182022095 0.06863529531576974 -0.0016564959189427704 0.0 8.503724476827989e-07 -0.008750236608237465 
2689 14.432572603225708 0.07315501083865777 -0.0016556189818046805 0.0 7.65335202914519e-07 -0.009198271403596199 
2690 14.437816858291626 0.077425748948377 -0.0016548297383803994 0.0 6.888016826230671e-07 -0.00960150271941906 
2691 14.44325566291809 0.08128065924400182 -0.0016541194192985463 0.0 6.199215143607604e-07 -0.009964410903659633 
2692 14.448535680770874 0.08476132450694177 -0.0016534801321248785 0.0 5.579293629246844e-07 -0.01029102826947615 
2693 14.453845262527466 0.08831759073220735 -0.0016529047736685775 0.0 5.021364266322159e-07 -0.010604158712935258 
2694 14.45914363861084 0.09133789117550242 -0.0016523869510579067 0.0 4.5192278396899433e-07 -0.010885976112048456 
2695 14.464388370513916 0.09406757055726644 -0.0016519209107083027 0.0 4.067305055720949e-07 -0.011139611771250333 
2696 14.469655275344849 0.09653569098365253 -0.0016515014743936594 0.0 3.6605745501488546e-07 -0.011367883864532023 
2697 14.474921703338623 0.09876840835019844 -0.0016511239817104805 0.0 3.294517095133969e-07 -0.011573328748485543 
2698 14.48017144203186 0.10078926296288827 -0.0016507842382956193 0.0 2.965065385620572e-07 -0.011758229144043713 
2699 14.485425233840942 0.10261944109710752 -0.0016504784692222443 0.0 2.668558847058515e-07 -0.011924639500046064 
2700 14.490713596343994 0.1038655889089612 -0.0016502032770562068 0.0 2.4017029623526634e-07 -0.01205523400622394 
2701 14.496123552322388 0.10477769458700738 -0.0016499556041067731 0.0 2.1615326661173972e-07 -0.012153594247559784 
2702 14.50145173072815 0.10497657786696371 -0.0016497326984522824 0.0 1.9453793995056574e-07 -0.012203768836313557 
2703 14.506791114807129 0.10513740465078196 -0.0016495320833632412 0.0 1.7508414595550918e-07 -0.012229751151967708 
2704 14.512014627456665 0.10465966399325181 -0.0016493515297831042 0.0 1.5757573135995826e-07 -0.01221478635266602 
2705 14.517240047454834 0.10462345432306397 -0.0016491890315609807 0.0 1.4181815822396244e-07 -0.012201318033294498 
2706 14.522572040557861 0.10418871221583795 -0.0016490427831610695 0.0 1.276363424015662e-07 -0.012170021731635887 
2707 14.527920722961426 0.1039992975633412 -0.0016489111596011494 0.0 1.1487270816140959e-07 -0.012141855060143137 
2708 14.533275842666626 0.10383892947785824 -0.0016487926983972214 0.0 1.0338543734526863e-07 -0.012116505055799661 
2709 14.538543701171875 0.1037047033026878 -0.0016486860833136861 0.0 9.304689361074177e-08 -0.012093690051890532 
2710 14.543766260147095 0.10400642633854079 -0.0016485901297385044 0.0 8.37422042496676e-08 -0.012092331362596562 
2711 14.54915452003479 0.10409649701625115 -0.0016485037715208409 0.0 7.536798382470084e-08 -0.012091108542231988 
2712 14.554426908493042 0.1041878287138755 -0.0016484260491249436 0.0 6.783118544223076e-08 -0.01209000800390387 
2713 14.559732675552368 0.10428029532942264 -0.0016483560989686364 0.0 6.104806689800769e-08 -0.012089017519408565 
2714 14.565016031265259 0.10396136187935794 -0.0016482931438279594 0.0 5.494326020820692e-08 -0.012068951269138546 
2715 14.570273160934448 0.10346375352656426 -0.0016482364842013504 0.0 4.944893418738623e-08 -0.012031716829671286 
2716 14.57561445236206 0.10198033179190923 -0.0016481854905374023 0.0 4.4504040768647604e-08 -0.011940681391478022 
2717 14.580873250961304 0.0999926853403012 -0.001648139596239849 0.0 4.0053636691782845e-08 -0.011801225054431356 
2718 14.586117267608643 0.09796316917741484 -0.0016480982913720508 0.0 3.604827302260456e-08 -0.011637364722640868 
2719 14.591344833374023 0.09570389616029377 -0.0016480611169910327 0.0 3.24434457203441e-08 -0.011451540795580945 
2720 14.59656548500061 0.09364995351934308 -0.0016480276600481165 0.0 2.9199101148309693e-08 -0.01126512519206083 
2721 14.602006435394287 0.09158887361945346 -0.0016479975487994917 0.0 2.6279191033478724e-08 -0.011078176334668484 
2722 14.607300281524658 0.08993363614292063 -0.0016479704486757293 0.0 2.365127193013085e-08 -0.010909922363015372 
2723 14.61267375946045 0.08886433019690866 -0.0016479460585643434 0.0 2.1286144737117766e-08 -0.010777668602751814 
2724 14.617955923080444 0.08771835598030174 -0.0016479241074640963 0.0 1.915753026340599e-08 -0.010658640218514611 
2725 14.623442888259888 0.08710753392906272 -0.0016479043514738736 0.0 1.724177723706539e-08 -0.010570688741867312 
2726 14.628746747970581 0.08678678713966215 -0.0016478865710826728 0.0 1.551759951335885e-08 -0.010510707227108987 
2727 14.634057760238647 0.08672726362125643 -0.0016478705687305924 0.0 1.3965839562022966e-08 -0.010475898678050736 
2728 14.63928747177124 0.08690300403266707 -0.00164785616661372 0.0 1.256925560582067e-08 -0.010463745798122554 
2729 14.644572973251343 0.08770306645857545 -0.001647843204708535 0.0 1.1312330045238604e-08 -0.010491157834635677 
2730 14.649835109710693 0.08887359652713112 -0.0016478315389938686 0.0 1.0181097040714743e-08 -0.010554178295945973 
2731 14.655234098434448 0.09079029493765338 -0.0016478210398506684 0.0 9.162987336643269e-09 -0.01066842115379797 
2732 14.660515069961548 0.09318728567146581 -0.0016478115906217886 0.0 8.246688602978943e-09 -0.010828764168537498 
2733 14.665830135345459 0.09601701242892084 -0.0016478030863157965 0.0 7.422019742681049e-09 -0.011030596579417741 
2734 14.671062707901001 0.09923671403474581 -0.0016477954324404039 0.0 6.679817768412944e-09 -0.01126977019188269 
2735 14.676278114318848 0.10322029600302796 -0.0016477885439525504 0.0 6.01183599157165e-09 -0.011561725699998117 
2736 14.681562662124634 0.10811267956562368 -0.0016477823443134824 0.0 5.4106523924144854e-09 -0.011920358983365157 
2737 14.686882257461548 0.1132196533280504 -0.0016477767646383209 0.0 4.869587153173037e-09 -0.012319828195292466 
2738 14.6921226978302 0.11871215090567053 -0.0016477717429306757 0.0 4.382628437855734e-09 -0.012756049742924018 
2739 14.697438955307007 0.12496469335239042 -0.001647767223393795 0.0 3.944365594070161e-09 -0.01324452320691363 
2740 14.702704429626465 0.1312979054518388 -0.0016477631558106025 0.0 3.549929034663145e-09 -0.013760847836343192 
2741 14.708211421966553 0.1362464578270293 -0.0016477594949857292 0.0 3.1949361311968307e-09 -0.0142255400028298 
2742 14.713675022125244 0.1469021079198275 -0.0016477562002433432 0.0 2.8754425180771477e-09 -0.014931384420973335 
2743 14.719039678573608 0.1552837556738152 -0.001647753234975196 0.0 2.587898266269433e-09 -0.01564334365419949 
2744 14.724451780319214 0.1641410968723853 -0.0016477505662338633 0.0 2.3291084396424898e-09 -0.016379981035224245 
2745 14.729778528213501 0.1728231914416182 -0.0016477481643666636 0.0 2.096197595678241e-09 -0.017119653189985436 
2746 14.735215187072754 0.1815399875997027 -0.0016477460026861842 0.0 1.886577836110417e-09 -0.01786205738616748 
2747 14.74050235748291 0.19028865968085662 -0.001647744057173753 0.0 1.6979200524993753e-09 -0.018606920419628296 
2748 14.74578857421875 0.1994790775031174 -0.0016477423062125642 0.0 1.528128047249438e-09 -0.019373170475806185 
2749 14.75108790397644 0.20846373525732334 -0.001647740730347495 0.0 1.375315242524494e-09 -0.020139494783263257 
2750 14.756354808807373 0.2178680230773674 -0.0016477393120689324 0.0 1.2377837182720448e-09 -0.02092506073109584 
2751 14.761773824691772 0.22704661523974523 -0.0016477380356182264 0.0 1.1140053464448403e-09 -0.021708768968513106 
2752 14.76706862449646 0.2366269066100152 -0.0016477368868125905 0.0 1.0026048118003563e-09 -0.02250998008078083 
2753 14.772480964660645 0.24596537255984177 -0.0016477358528875182 0.0 9.023443306203207e-10 -0.02330776896618972 
2754 14.777817726135254 0.2548661822348274 -0.0016477349223549536 0.0 8.121098975582886e-10 -0.024083303405730457 
2755 14.783256530761719 0.2635653346371708 -0.001647734084875645 0.0 7.308989078024598e-10 -0.024838808843989847 
2756 14.788586854934692 0.2729083194228427 -0.0016477333311442674 0.0 6.578090170222138e-10 -0.025614637437015482 
2757 14.793874263763428 0.28203565422901156 -0.0016477326527860275 0.0 5.920281153199924e-10 -0.026389582055106497 
2758 14.799189329147339 0.29033646916544364 -0.0016477320422636117 0.0 5.328253037879931e-10 -0.0271253818398369 
2759 14.804443359375 0.2986896482293505 -0.0016477314927934375 0.0 4.795427734091938e-10 -0.02784512571623796 
2760 14.809722423553467 0.3060738645746851 -0.0016477309982702807 0.0 4.315884960682744e-10 -0.028512070019223158 
2761 14.815125226974487 0.3129696700184201 -0.0016477305531994396 0.0 3.88429646461447e-10 -0.029131494706134083 
2762 14.82044792175293 0.31901364714489416 -0.0016477301526356825 0.0 3.4958668181530227e-10 -0.02968897692435391 
2763 14.825831890106201 0.3244827269280759 -0.001647729792128301 0.0 3.1462801363377207e-10 -0.030190710920751755 
2764 14.831178665161133 0.32943439910229466 -0.0016477294676716582 0.0 2.8316521227039487e-10 -0.03064227151750982 
2765 14.836628437042236 0.3335079829367044 -0.0016477291756606793 0.0 2.548486910433554e-10 -0.03102950124036783 
2766 14.841950416564941 0.3365704589424062 -0.0016477289128507982 0.0 2.2936382193901985e-10 -0.031339658735020585 
2767 14.84718108177185 0.33891434833800693 -0.001647728676321905 0.0 2.0642743974511787e-10 -0.031580450851759576 
2768 14.852424144744873 0.3393739310752794 -0.0016477284634459014 0.0 1.857846957706061e-10 -0.03170129005823248 
2769 14.857733726501465 0.33912447707425697 -0.0016477282718574983 0.0 1.672062261935455e-10 -0.03173334608716112 
2770 14.863003492355347 0.3372196586771899 -0.0016477280994279355 0.0 1.5048560357419095e-10 -0.03164714800038047 
2771 14.8684241771698 0.33668204790843015 -0.0016477279442413289 0.0 1.3543704321677186e-10 -0.03156956972227789 
2772 14.873782873153687 0.3271511900962779 -0.02144390332041135 0.0 0.0009203885969538019 -0.031077904476639304 
2773 14.879108428955078 0.3195151650896237 -0.03088924269388202 0.0 0.001787087840767371 -0.030482007986828694 
2774 14.88442063331604 0.31131112092744057 -0.03983954410288486 0.0 0.0026054667886480695 -0.02981147744642944 
2775 14.88974404335022 0.3032278369407386 -0.04793220781142569 0.0 0.0033611822834359118 -0.029112126634006957 
2776 14.895199060440063 0.2948689024285518 -0.05544492045237848 0.0 0.004060501042969213 -0.028386836831705505 
2777 14.900496482849121 0.2866734964561466 -0.062435836393132646 0.0 0.004709062740773427 -0.027657376752737228 
2778 14.905788660049438 0.27802046061695784 -0.06854487679788682 0.0 0.0052927682687972195 -0.026904989355602617 
2779 14.911018133163452 0.26914646764097316 -0.07405197736248342 0.0 0.005818103244018632 -0.026131966627060254 
2780 14.916229486465454 0.25924796277936385 -0.07901733207093825 0.0 0.006290904721717904 -0.025302022471802427 
2781 14.921684503555298 0.24757250415358573 -0.08349511550886544 0.0 0.006716426051647249 -0.02436332533488601 
2782 14.926982402801514 0.23487139426332626 -0.08753408480331777 0.0 0.007099395248583659 -0.02332675051447686 
2783 14.932340383529663 0.22124556838215756 -0.09117812136864274 0.0 0.007444067525826429 -0.022202085778924255 
2784 14.938040256500244 0.20719827372295535 -0.09446671847775308 0.0 0.007754272575344921 -0.02101731418890872 
2785 14.943378210067749 0.17401954657050206 -0.09619816361358444 0.0 0.007975933049767864 -0.01891558277001785 
2786 14.948670387268066 0.15451306201206308 -0.09751533719950706 0.0 0.008137077848300027 -0.017024024493016064 
2787 14.9539155960083 0.13695722590946796 -0.09826759600171786 0.0 0.008243758538530488 -0.015321622043714457 
2788 14.959123849868774 0.12115697341713236 -0.07953977299439245 0.0 0.007419382684677439 -0.013789459839343012 
2789 14.964330196380615 0.10693674617403029 -0.07188861703840423 0.0 0.0066774444162096954 -0.01241051385540871 
2790 14.969563007354736 0.09413854165523848 -0.06500257667801483 0.0 0.006009699974588726 -0.01116946246986784 
2791 14.9749174118042 0.08262015758832582 -0.05880514035366438 0.0 0.005408729977129854 -0.010052516222881057 
2792 14.98019814491272 0.07225361192810445 -0.05322744766174895 0.0 0.004867856979416868 -0.009047264600592951 
2793 14.985520601272583 0.06292372083390521 -0.04820752423902507 0.0 0.004381071281475181 -0.008142538140533657 
2794 14.990751504898071 0.05452681884912586 -0.0436895931585736 0.0 0.003942964153327663 -0.007328284326480292 
2795 14.995973587036133 0.04696960706282448 -0.03962345518616726 0.0 0.003548667737994897 -0.006595455893832263 
2796 15.00135064125061 0.04016811645515322 -0.03596393101100156 0.0 0.0031938009641954077 -0.005935910304449036 
2797 15.006669998168945 0.03404677490824909 -0.032670359253352425 0.0 0.002874420867775867 -0.005342319274004133 
2798 15.012043714523315 0.02853756751603538 -0.029706144671468204 0.0 0.0025869787809982806 -0.00480808734660372 
2799 15.017311334609985 0.023579280863043034 -0.027038351547772406 0.0 0.0023282809028984525 -0.004327278611943348 
2800 15.022623062133789 0.019116822875349923 -0.02463733773644619 0.0 0.0020954528126086074 -0.0038945507507490134 
2801 15.028058290481567 0.015100610686426128 -0.022476425306252594 0.0 0.0018859075313477467 -0.0035050956756741123 
2802 15.033374071121216 0.01148601971639471 -0.020531604119078357 0.0 0.001697316778212972 -0.003154586108106701 
2803 15.038751125335693 0.008232887843366427 -0.01878126505062154 0.0 0.001527585100391675 -0.002839127497296031 
2804 15.044066190719604 0.005305069157640984 -0.017205959889010407 0.0 0.0013748265903525075 -0.002555214747566428 
2805 15.049354314804077 0.0026700323404880728 -0.015788185243560387 0.0 0.0012373439313172567 -0.0022996932728097854 
2806 15.054592609405518 0.0002984992050504634 -0.014512188062655374 0.0 0.001113609538185531 -0.002069723945528807 
2807 15.060020208358765 -0.0018358806168433943 -0.013363790599840858 0.0 0.001002248584366978 -0.0018627515509759263 
2808 15.065306663513184 -0.0037568224565478607 -0.012330232883307793 0.0 0.0009020237259302802 -0.0016764763958783337 
2809 15.07053017616272 -0.005485670112281883 -0.011400030938428037 0.0 0.0008118213533372523 -0.0015088287562905003 
2810 15.075734615325928 -0.007041633002442503 -0.010562849188036254 0.0 0.0007306392180035271 -0.0013579458806614504 
2811 15.081120729446411 -0.008441999603587063 -0.00980938561268365 0.0 0.0006575752962031744 -0.0012221512925953053 
2812 15.08639144897461 -0.009702329544617166 -0.009131268394866308 0.0 0.000591817766582857 -0.0010999361633357747 
2813 15.091756105422974 -0.010836626491544253 -0.008520962898830697 0.0 0.0005326359899245713 -0.0009899425470021974 
2814 15.097006797790527 -0.01185749374377864 -0.007971687952398651 0.0 0.0004793723909321142 -0.0008909482923019777 
2815 15.102277278900146 -0.012776274270789586 -0.007477340500609808 0.0 0.0004314351518389028 -0.00080185346307178 
2816 15.107509136199951 0.006605428275021306 -0.0070324277939998485 0.0 0.00038829163665501254 -0.001661231778578338 
2817 15.112876176834106 0.0171358231646107 -0.006632006358050885 0.0 0.0003494624729895113 -0.00254972040282164 
2818 15.11817193031311 0.030420703238509345 -0.006271627065696818 0.0 0.0003145162256905602 -0.0035794571902734696 
2819 15.123419284820557 0.0425615740241781 -0.005947285702578157 0.0 0.00028306460312150415 -0.0046212691843255755 
2820 15.128639936447144 0.05441187427709722 -0.005655378475771364 0.0 0.00025475814280935375 -0.005654774050093687 
2821 15.134146690368652 0.0666056295890495 -0.005392661971645249 0.0 0.0002292823285284184 -0.006699976569572386 
2822 15.13949966430664 0.07644321874629074 -0.005156217117931745 0.0 0.00020635409567557655 -0.0076406588371032156 
2823 15.145035028457642 0.08984736015124815 -0.004943416749589592 0.0 0.0001857186861080189 -0.008698195089289576 
2824 15.150360107421875 0.10229187787023163 -0.004751896418081655 0.0 0.00016714681749721702 -0.00976502660160276 
2825 15.155614137649536 0.1144200239562534 -0.004579528119724511 0.0 0.00015043213574749532 -0.010821049033805843 
2826 15.160877466201782 0.12686840411111744 -0.004424396651203081 0.0 0.00013538892217274578 -0.011886517363076016 
2827 15.166123628616333 0.13941424817055145 -0.004284778329533795 0.0 0.0001218500299554712 -0.012960487744764632 
2828 15.171482563018799 0.15204876418396193 -0.004159121840031437 0.0 0.00010966502695992408 -0.014042109228571784 
2829 15.176784992218018 0.16476408634080564 -0.004046030999479314 0.0 9.869852426393167e-05 -0.015130617449343681 
2830 15.182080030441284 0.17507857554123116 -0.003944249242982404 0.0 8.882867183753851e-05 -0.016110274848038387 
2831 15.187406063079834 0.18891942431841718 -0.0038526456621351857 0.0 7.994580465378466e-05 -0.017202888718272236 
2832 15.192711114883423 0.20176447600576908 -0.022741534971726388 0.0 0.0009539900708003829 -0.01830129008682816 
2833 15.198111772537231 0.2142605839716039 -0.03175348719791918 0.0 0.0017789795387808077 -0.01938572464459165 
2834 15.203433990478516 0.22869732857541913 -0.04072583569427224 0.0 0.0025789945026359192 -0.02055346351629219 
2835 15.208703517913818 0.24186142411424622 -0.04864643866580556 0.0 0.003318182784329763 -0.021700302199414864 
2836 15.214018821716309 0.2548396991447748 -0.05641654341460838 0.0 0.004021801493773678 -0.022828331085346487 
2837 15.219422340393066 0.2655894394634383 -0.06303494634373331 0.0 0.004655058332273202 -0.023843557082684947 
2838 15.224884271621704 0.2794164381449754 -0.07023757466956912 0.0 0.005282513929595504 -0.024949007877473933 
2839 15.2303466796875 0.29203502578796114 -0.07656640739999586 0.0 0.005866398781409819 -0.026039787291376206 
2840 15.235817909240723 0.30411318192940895 -0.08290489684416169 0.0 0.006430244403962159 -0.027098188020785223 
2841 15.241966485977173 0.3146600816048821 -0.0886482454032144 0.0 0.0069568802784835074 -0.028069923491477584 
2842 15.247465372085571 0.323991836381884 -0.09446029606028049 0.0 0.007469202194001208 -0.02894448541510071 
2843 15.252917528152466 0.33200928740076213 -0.09973033494341582 0.0 0.007949466732191381 -0.029712416332137278 
2844 15.258252382278442 0.33903545019365044 -0.10470447435817687 0.0 0.00840087963078678 -0.030384379343245945 
2845 15.263509750366211 0.3439320261220005 -0.10982488071652344 0.0 0.008845500495442096 -0.030912446796346773 
2846 15.26871371269226 0.34913625232227835 -0.11406067390487651 0.0 0.00924565927363188 -0.03138770750413752 
2847 15.273931503295898 0.3513758502604096 -0.1191210722746564 0.0 0.009663326616675415 -0.03170039362833276 
2848 15.279143571853638 0.35292163296189794 -0.12393643834701376 0.0 0.010077576853863084 -0.03190511225574053 
2849 15.284346342086792 0.3534588337254063 -0.12831092797403293 0.0 0.010469576881556229 -0.03201266013603959 
2850 15.289559602737427 0.35267522929993234 -0.1324805319158704 0.0 0.010841551348175273 -0.03201357915718752 
2851 15.294901371002197 0.35048142366310125 -0.13605349196988759 0.0 0.011176328368132413 -0.03189935776340423 
2852 15.300267219543457 0.34968372437855394 -0.13928121694181866 0.0 0.011477627686093839 -0.03179655850899927 
2853 15.305633783340454 0.34363057231533134 -0.14343549481509862 0.0 0.011806321514931852 -0.0314547673401777 
2854 15.31113076210022 0.3374002117854034 -0.14702407184714364 0.0 0.012121320775110305 -0.030993757146973378 
2855 15.316774129867554 0.32963790928611625 -0.150074755900741 0.0 0.012404820109270914 -0.03040627539012936 
2856 15.322078227996826 0.3202746990475796 -0.15242066292423564 0.0 0.012640794695791217 -0.02968579366672731 
2857 15.327356100082397 0.30924839211067146 -0.15391143428521734 0.0 0.012814822195211004 -0.028826437904256853 
2858 15.332631587982178 0.2965028245063516 -0.15482401373287863 0.0 0.012933097688769357 -0.027822920692400582 
2859 15.337918043136597 0.282812136110628 -0.15480346126030306 0.0 0.012982021190299144 -0.026708832990321323 
2860 15.343151330947876 0.2676648765298594 -0.15372193949008295 0.0 0.012949353457308011 -0.02547605703281713 
2861 15.34852933883667 0.25222132215847787 -0.1522890513076192 0.0 0.012862428054943262 -0.024174810528820926 
2862 15.35391354560852 0.23282664389865684 -0.14869802202499338 0.0 0.012649971865774315 -0.02265854350930408 
2863 15.35926604270935 0.19944678340666774 -0.14558019165204925 0.0 0.012401236852849532 -0.020392689158373674 
2864 15.364561796188354 0.17841704929752994 -0.14212077050891708 0.0 0.012119851271073527 -0.018353420242536306 
2865 15.369921684265137 0.15949028859930597 -0.1383534169801886 0.0 0.011809079804802395 -0.016518078218282675 
2866 15.375162839889526 0.14245620397090442 -0.11616194952308154 0.0 0.010628171824322156 -0.014866270396454408 
2867 15.380381345748901 0.12712552780534297 -0.10520176542004736 0.0 0.00956535464188994 -0.013379643356808968 
2868 15.3856201171875 0.1133279192563377 -0.0953375997273166 0.0 0.008608819177700946 -0.012041679021128071 
2869 15.390843391418457 0.10091007156223293 -0.08645985060385893 0.0 0.007747937259930852 -0.010837511119015264 
2870 15.396092891693115 0.08973400863753868 -0.07846987639274701 0.0 0.006973143533937767 -0.009753760007113739 
2871 15.401553392410278 0.07967555200531382 -0.07127889960274629 0.0 0.0062758291805439905 -0.008778384006402365 
2872 15.406912565231323 0.04835224458256131 -0.06480702049174565 0.0 0.005648246262489592 -0.006865108617885236 
2873 15.412203788757324 0.027619902149342363 -0.05898232929184505 0.0 0.0050834216362406325 -0.005008937813708178 
2874 15.417489528656006 0.008230973936340775 -0.05374010721193452 0.0 0.004575079472616569 -0.00324251001882761 
2875 15.422741889953613 -0.009508342258489752 -0.04902210734001506 0.0 0.004117571525354913 -0.001595200560762369 
2876 15.4281005859375 -0.025734571387471733 -0.04477590745528753 0.0 0.0037058143728194216 -7.427242005516601e-05 
2877 15.43337368965149 -0.040378674779532164 -0.040954327559032756 0.0 0.0033352329355374796 0.00131373772080556 
2878 15.438612222671509 -0.05626528906189804 -0.037514905652403466 0.0 0.0030017096419837318 0.0026971698020918557 
2879 15.4439115524292 -0.07088357418763307 -0.03441942593643709 0.0 0.0027015386777853585 0.004018957932146495 
2880 15.44916033744812 -0.08493625199223065 -0.03163349419206737 0.0 0.002431384810006823 0.005285266506092642 
2881 15.45467495918274 -0.09806809763466473 -0.029126155622134605 0.0 0.0021882463290061405 0.006482467920258845 
2882 15.45997428894043 -0.10932619042525932 -0.02686955090919512 0.0 0.0019694216961055264 0.0075599491930084285 
2883 15.465334177017212 -0.119473142625345 -0.024838606667549588 0.0 0.0017724795264949737 0.008529682338483053 
2884 15.470604181289673 -0.1273828198438276 -0.02301075685006861 0.0 0.0015952315738454763 0.009344918471795544 
2885 15.475957870483398 -0.13385368157850308 -0.021365692014335722 0.0 0.0014357084164609286 0.010021106549104057 
2886 15.48127293586731 -0.1382042848870858 -0.01988513366217613 0.0 0.0012921375748148358 0.010533801747560504 
2887 15.486499071121216 -0.1410293369670654 -0.018552631145232493 0.0 0.0011629238173333522 0.01089935335505009 
2888 15.491714239120483 -0.1420681725450367 -0.017353378879983228 0.0 0.0010466314356000171 0.011113301661503318 
2889 15.49695086479187 -0.1412777385368466 -0.01627405184125888 0.0 0.0009419682920400154 0.011171631437741521 
2890 15.502171277999878 -0.14191852703468286 -0.01530265750640697 0.0 0.0008477714628360139 0.011224128236355905 
2891 15.507485628128052 -0.13673129393293712 -0.01442840260504025 0.0 0.0007629943165524124 0.011002928701027506 
2892 15.512797117233276 -0.11537116498357487 -0.013641573193810205 0.0 0.0006866948848971712 0.009902635830924756 
2893 15.518142700195312 -0.10515918181222074 -0.012933426723703163 0.0 0.0006180253964074541 0.00891237224783228 
2894 15.523486137390137 -0.095968396958002 -0.012296094900606826 0.0 0.0005562228567667087 0.008021135023049053 
2895 15.528786897659302 -0.08769669058920515 -0.01172249625982012 0.0 0.0005006005710900378 0.007219021520744147 
2896 15.534094095230103 -0.08025215485728798 -0.011206257483112086 0.0 0.00045054051398103404 0.006497119368669733 
2897 15.539326906204224 -0.07355207269856254 -0.010741642584074857 0.0 0.00040548646258293066 0.00584740743180276 
2898 15.544542074203491 -0.06752199875570962 -0.01032348917494135 0.0 0.0003649378163246376 0.005262666688622484 
2899 15.549779891967773 -0.062094932207141997 -0.009947151106721192 0.0 0.0003284440346921739 0.004736400019760235 
2900 15.555015563964844 -0.057210572313431136 -0.009608446845323053 0.0 0.0002955996312229565 0.004262760017784212 
2901 15.560442447662354 -0.03178121643056764 -0.009303613010064724 0.0 0.00026603966810066087 0.002858571470801628 
2902 15.565740823745728 -0.013716551430492264 -0.009029262558332229 0.0 0.0002394357012905948 0.0013647040078263845 
2903 15.571053266525269 0.005199979326175826 -0.008782347151772986 0.0 0.00021549213116153532 -0.00020987373448419283 
2904 15.576324701309204 0.025297574030817987 -0.008560123285869664 0.0 0.0001939429180453818 -0.001876265542420814 
2905 15.582343339920044 0.045856075465291024 -0.008360121806556677 0.0 0.00017454862624084362 -0.0036061151951966314 
2906 15.58777642250061 0.06661067543183001 -0.008180120475174987 0.0 0.00015709376361675926 -0.005373902094103482 
2907 15.593066215515137 0.08814772655000992 -0.0274018733010273 0.0 0.0010425980480913031 -0.007195007328752506 
2908 15.598352432250977 0.1093743644287391 -0.03734666051901783 0.0 0.0019162511610153654 -0.009025750182179059 
2909 15.603639841079712 0.1340060969813911 -0.048837652627436744 0.0 0.0028559371039119366 -0.011018564288712245 
2910 15.608893156051636 0.1560471676107012 -0.05848001522730974 0.0 0.0037400037084383076 -0.012965494753327996 
2911 15.614219427108765 0.17726301060797037 -0.06802185559590405 0.0 0.004593188095184771 -0.014851955498522845 
2912 15.619524240493774 0.1950420916219804 -0.07604469857135117 0.0 0.005361054043256588 -0.01654977016919821 
2913 15.624871730804443 0.21725662647251467 -0.08533778776586314 0.0 0.00614800709511341 -0.018365424841111627 
2914 15.630160331726074 0.2368775144622069 -0.09399134152710599 0.0 0.006913789284457279 -0.020114562558650132 
2915 15.635400295257568 0.2563032492361339 -0.10286570839456541 0.0 0.007679692139234704 -0.02182300983147546 
2916 15.640682697296143 0.27536273887190965 -0.11133530110198327 0.0 0.008426529151207115 -0.023494835704058924 
2917 15.64610743522644 0.293681327289887 -0.11963282242753796 0.0 0.009156206532125986 -0.025114527502200473 
2918 15.65134048461914 0.3111134171872456 -0.1277759802018429 0.0 0.009870440617625698 -0.026668124191649083 
2919 15.656598806381226 0.3283526312418055 -0.1353682665082127 0.0 0.010551600550494896 -0.02818140972496926 
2920 15.661972045898438 0.3456399120249956 -0.14224443285044755 0.0 0.011183819304301418 -0.02967759003199809 
2921 15.667313575744629 0.3623674241282482 -0.14825557713609167 0.0 0.011752816182727287 -0.031139200821140467 
2922 15.672590494155884 0.3779590274906739 -0.15367994971304666 0.0 0.012264913373310569 -0.03253134941573655 
2923 15.677924633026123 0.39167520474867185 -0.15857622775218147 0.0 0.012725800844835523 -0.03380345796509727 
2924 15.683158874511719 0.40386648070830056 -0.16258479921553592 0.0 0.013121424754983738 -0.03494835565952192 
2925 15.6884605884552 0.41446467214989713 -0.16598602792955025 0.0 0.013458311832421918 -0.035959588770279854 
2926 15.693763494491577 0.4192840522975043 -0.1688404734485731 0.0 0.01374233538789204 -0.036639601544329145 
2927 15.699066400527954 0.42595881044571343 -0.17161507632321513 0.0 0.013997956587815146 -0.037251613040973505 
2928 15.704332113265991 0.42416645423265714 -0.17330122969218775 0.0 0.014189666039297456 -0.0374381030352799 
2929 15.70957064628601 0.42210557929879744 -0.1739785273269588 0.0 0.014304680102958805 -0.03741419626044225 
2930 15.714820623397827 0.41766326835136947 -0.17393912199796885 0.0 0.01435066869011032 -0.037181757951679745 
2931 15.720142364501953 0.4112676165698852 -0.1724293483382231 0.0 0.014296184719954497 -0.03676164126238488 
2932 15.725429773330688 0.4031121571864125 -0.1695665030471019 0.0 0.014132100633997828 -0.03617261365808186 
2933 15.73073673248291 0.3929586683652756 -0.16485182053414205 0.0 0.01383102681537191 -0.035412391788576275 
2934 15.735977172851562 0.3807843121381925 -0.15885267692181143 0.0 0.013406662237343669 -0.03447891989363512 
2935 15.741246938705444 0.36656839482028375 -0.13437455985792066 0.0 0.012065996013609302 -0.03337034853410674 
2936 15.746508121490479 0.3498797081826212 -0.12193163553550843 0.0 0.010859396412248371 -0.03206583877305942 
2937 15.751741647720337 0.3309339727121928 -0.11073300364533745 0.0 0.009773456771023535 -0.03056580889136276 
2938 15.757140159606934 0.3093210351472914 -0.10065423494418357 0.0 0.008796111093921182 -0.02885146127263321 
2939 15.7626211643219 0.285688015255685 -0.09158334311314506 0.0 0.007916499984529065 -0.026944227690574054 
2940 15.767932415008545 0.24703638488337518 -0.0834195404652104 0.0 0.007124849986076158 -0.024249804921516648 
2941 15.773306846618652 0.22202904300033807 -0.0760721180820692 0.0 0.006412364987468542 -0.021824824429364984 
2942 15.778659582138062 0.19952243530560465 -0.06945943793724212 0.0 0.005771128488721688 -0.019642341986428485 
2943 15.783963918685913 0.1792664883803446 -0.06350802580689775 0.0 0.005194015639849519 -0.017678107787785637 
2944 15.789209604263306 0.14000270416908678 -0.05815175488958782 0.0 0.004674614075864567 -0.014932384463802911 
2945 15.79445481300354 0.10907464820679565 -0.053331111064008896 0.0 0.00420715266827811 -0.012211961632361355 
2946 15.799675226211548 0.07836022180446518 -0.04899253162098785 0.0 0.0037864374014502994 -0.009514309244206853 
2947 15.804998397827148 0.04824836468720265 -0.04508781012226891 0.0 0.0034077936613052693 -0.006856325069234944 
2948 15.810281991958618 0.018485099934459664 -0.04157356077342187 0.0 0.0030670142951747426 -0.004234041541069308 
2949 15.81550407409668 -0.011378785537346886 -0.01902697432282306 0.0 0.0018590988322920187 -0.001624714525863134 
2950 15.82079815864563 -0.04073118628354544 -0.005265013606281496 0.0 0.0006569267754101681 0.0009537768134552809 
2951 15.826190948486328 -0.06981695474365711 0.008041015322918642 0.0 -0.0005209021469047134 0.003504516044474713 
2952 15.83148980140686 -0.09825228847926634 0.021541666731438716 0.0 -0.0016959963172755062 0.006011103563800817 
2953 15.836792707443237 -0.1258833504521206 0.035026731613958605 0.0 -0.0028686299559546784 0.008458779728378682 
2954 15.842042446136475 -0.15215911887521094 0.04849872306294191 0.0 -0.004039048371053333 0.010815086790292706 
2955 15.847280025482178 -0.17677505681621977 0.06113510682311233 0.0 -0.005169124201539095 0.013050811286302727 
2956 15.852533340454102 -0.19945680200921 0.0729911629491969 0.0 -0.00624371689164901 0.015139662589608718 
2957 15.857759475708008 -0.21995705549800598 0.08433716130460936 0.0 -0.007268374755420663 0.017057977645974536 
2958 15.86302375793457 -0.2380529691951984 0.09398733214895323 0.0 -0.00819056683281515 0.018784461196703774 
2959 15.868412017822266 -0.2564305733725625 0.1039237671352891 0.0 -0.009078064145142919 0.020434170463481303 
2960 15.873799800872803 -0.27286650872524715 0.11271822537188764 0.0 -0.009895985795404095 0.02195725843202957 
2961 15.87926459312439 -0.28565598358383637 0.11921891733156992 0.0 -0.010574591583024482 0.02325133834682603 
2962 15.884565591812134 -0.29507623245736603 0.1235968493498409 0.0 -0.011089462720761617 0.024281787315631208 
2963 15.889877557754517 -0.3012134310418907 0.1264469862263026 0.0 -0.011456972673603821 0.025036618804595737 
2964 15.895104885101318 -0.30519031925050155 0.12792130857061268 0.0 -0.011691858305098649 0.025562568630869868 
2965 15.900340557098389 -0.31032925547569806 0.13021866689576356 0.0 -0.011903255373443992 0.026035923474516585 
2966 15.90557599067688 -0.3096185864103157 0.1281738094256183 0.0 -0.011901764592712371 0.026212670993941527 
2967 15.91079044342041 -0.30819597963005524 0.12743619726194014 0.0 -0.011862074006663486 0.026218345992688092 
2968 15.916018724441528 -0.3043477413306738 0.12634077129497212 0.0 -0.011788002850771001 0.026031706094375627 
2969 15.921412229537964 -0.298698285070611 0.12533541587552424 0.0 -0.011702163996243523 0.025671982043651977 
2970 15.926771640777588 -0.2914261262623878 0.12298194834545473 0.0 -0.011548209770271819 0.02515648300081632 
2971 15.932214260101318 -0.28269189785736365 0.11998977239886939 0.0 -0.011332951710000313 0.024500786465079857 
2972 15.937508821487427 -0.27222775547060035 0.09786320390566527 0.0 -0.010199656539000282 0.023699737371508427 
2973 15.942851781845093 -0.26493326618779944 0.08734492142933835 0.0 -0.009179690885100254 0.02297879318729414 
2974 15.948103904724121 -0.2505462502664594 0.0778784672006441 0.0 -0.00826172179659023 0.02196562269629872 
2975 15.953323125839233 -0.23671544283023238 0.06935865839481929 0.0 -0.007435549616931206 0.020842847042994227 
2976 15.958560466766357 -0.20329052600071862 0.06169083046957693 0.0 -0.006691994655238086 0.018758562338694804 
2977 15.963826894760132 -0.18394596701741006 0.05478978533685882 0.0 -0.006022795189714277 0.016882706104825323 
2978 15.969194412231445 -0.16653586393243236 0.04857884471741254 0.0 -0.00542051567074285 0.015194435494342792 
2979 15.974454164505005 -0.15086677115595237 0.04298899815991086 0.0 -0.004878464103668565 0.013674991944908513 
2980 15.97968578338623 -0.13676458765712043 0.03795813625815938 0.0 -0.004390617693301709 0.012307492750417662 
2981 15.985579490661621 -0.12407262250817166 0.03343036054658302 0.0 -0.003951555923971538 0.011076743475375897 
2982 15.990944147109985 -0.09285367034573916 0.029355362406164303 0.0 -0.003556400331574384 0.009048680280248814 
2983 15.9962477684021 -0.06611670227730237 0.003417167626037325 0.0 -0.0021653233105400536 0.00685910342448994 
2984 16.00154137611389 -0.0378497184740992 -0.01453068890006996 0.0 -0.0006832565934472678 0.004524163529104392 
2985 16.006796836853027 -0.008615052725764877 -0.032105320234826894 0.0 0.000823176034896368 0.002077571712279081 
2986 16.01204562187195 0.02127277113884984 -0.04909592894539764 0.0 0.0023131887274463127 -0.00045033127455971263 
2987 16.01726269721985 0.051530558182268496 -0.0655331292599331 0.0 0.003769248663557692 -0.003032240245244458 
2988 16.022467613220215 0.07571693270388119 -0.07919046713472597 0.0 0.005079702606057933 -0.005355958318860729 
2989 16.027721643447876 0.10946718999152613 -0.09562062084679555 0.0 0.006450858924021552 -0.008003372707502305 
2990 16.032965660095215 0.13925784580177672 -0.11056835351261202 0.0 0.007780773308780995 -0.010616143055441611 
2991 16.03891396522522 0.1679216723564823 -0.1251414628744509 0.0 0.00907356995365668 -0.01315938376577136 
2992 16.044337034225464 0.1984310113943014 -0.14020306917263223 0.0 0.010371310261085467 -0.015755096687597964 
2993 16.04964303970337 0.22532922367698885 -0.15367228937288885 0.0 0.011596800980444107 -0.018206286830058337 
2994 16.05487895011902 0.2504834559978087 -0.16647583988645542 0.0 0.012757267070539612 -0.02050823165686486 
2995 16.06020975112915 0.27343583445068453 -0.17826834713548087 0.0 0.013840035807545024 -0.02263750644366346 
2996 16.06548523902893 0.2947905179268273 -0.18975542278691004 0.0 0.014872052113522624 -0.024611377821925896 
2997 16.070960521697998 0.3147077766163376 -0.20118876457620455 0.0 0.015877565859534922 -0.02644538650503482 
2998 16.076302528381348 0.33333183823035106 -0.21238264754581043 0.0 0.016859227115313933 -0.028153518762505582 
2999 16.081575632095337 0.35161734640512354 -0.22377409687887143 0.0 0.017838596130371743 -0.02978671149282145 
3000 16.086856842041016 0.36962790034356496 -0.23556483834764746 0.0 0.0188350767567402 -0.03137163346292216 
3001 16.09231209754944 0.3872002252394251 -0.24793659586307087 0.0 0.019866132647512486 -0.03291311174882924 
3002 16.09764313697815 0.4039667004175785 -0.25940340010755825 0.0 0.020870782019840002 -0.03439631590473779 
3003 16.103039264678955 0.41813837447230645 -0.26898195895368743 0.0 0.021774966454934767 -0.035731199645055486 
3004 16.108350038528442 0.43547009289849625 -0.278040509139361 0.0 0.022607907260744298 -0.03714351759527906 
3005 16.11369252204895 0.4502390463276515 -0.2843773629218628 0.0 0.023280854915340418 -0.03847212782062398 
3006 16.11896562576294 0.4625863073975834 -0.28963519833971846 0.0 0.023828983548068713 -0.03964870220921016 
3007 16.124277114868164 0.47310845772277155 -0.29414209761644267 0.0 0.02428394968907569 -0.040669269903018265 
3008 16.129586935043335 0.48217941881342635 -0.2986059250981937 0.0 0.02469341921598197 -0.041549431198997074 
3009 16.134846210479736 0.4887067308837638 -0.3018226527027702 0.0 0.02502359234801365 -0.04224570266678581 
3010 16.140110969543457 0.49145707715210407 -0.3034753158859863 0.0 0.025244049096209704 -0.042680599218082274 
3011 16.145500898361206 0.49052800859113066 -0.3036907479468909 0.0 0.025346586470993967 -0.04282273427439199 
3012 16.150831699371338 0.4860357455910889 -0.30404085981355994 0.0 0.025400520479851314 -0.04266303435676515 
3013 16.15613555908203 0.4783052456186883 -0.30269936036945266 0.0 0.025353187389230744 -0.04221250852090019 
3014 16.161458253860474 0.46784946101034136 -0.2995849895308909 0.0 0.02517636409436704 -0.04150023898609189 
3015 16.166704654693604 0.4549383161865314 -0.2944325607199138 0.0 0.024844650546029582 -0.04055240012223459 
3016 16.17203187942505 0.4402271608921453 -0.28782789555081645 0.0 0.024373535397036707 -0.039411723676457434 
3017 16.177422523498535 0.42411422474126015 -0.2790899115310953 0.0 0.023738609179005478 -0.03811666822117665 
3018 16.18272089958191 0.4123195407400319 -0.2733502723849569 0.0 0.023167175582777373 -0.03695111831142395 
3019 16.187996864318848 0.38976662592232225 -0.2578894125422757 0.0 0.022173516480682116 -0.03534605527025958 
3020 16.193222284317017 0.3684487213821749 -0.24300568847633133 0.0 0.021010776634715043 -0.03359470225068182 
3021 16.198594570159912 0.34409732998297365 -0.20962064961262028 0.0 0.01890969897124354 -0.03163498973869309 
3022 16.20403814315796 0.31695466681469564 -0.19012023265629177 0.0 0.017018729074119186 -0.029449403310027943 
3023 16.209481477737427 0.27571960192010864 -0.17256985739559605 0.0 0.015316856166707268 -0.02650446297902515 
3024 16.214839935302734 0.24838716896702207 -0.15677451966096995 0.0 0.013785170550036542 -0.023854016681122633 
3025 16.220160961151123 0.22378797930924416 -0.14255871569980644 0.0 0.012406653495032888 -0.02146861501301037 
3026 16.225462675094604 0.1723668628289589 -0.12976449213475924 0.0 0.011165988145529599 -0.01796034542707837 
3027 16.23068904876709 0.1297922831226438 -0.11824969092621679 0.0 0.010049389330976639 -0.01434270874847385 
3028 16.235923767089844 0.08616353452981357 -0.10788636983852859 0.0 0.009044450397878975 -0.010626641686464065 
3029 16.241195678710938 0.04075727930619974 -0.07505141993063268 0.0 0.007047043927541456 -0.0067836376509410575 
3030 16.246476888656616 -0.006281894713654222 -0.0506464042875543 0.0 0.0049809314501563446 -0.0028072155250319034 
3031 16.251925468444824 -0.055840628615387994 -0.025168478429827085 0.0 0.002833808752204156 0.0013468080699555705 
3032 16.25724458694458 -0.1087462419965246 0.0014981847530643327 0.0 0.0005946020415173556 0.005737370008836326 
3033 16.262563705444336 -0.1498803515689672 0.022446843311969777 0.0 -0.0014206839981007649 0.009688875753829006 
3034 16.267898321151733 -0.20714813579270752 0.054927121686832725 0.0 -0.0038672080679829184 0.014184795331194213 
3035 16.273210287094116 -0.2518144452864445 0.0844524367607362 0.0 -0.006375876013406688 0.01834617034605224 
3036 16.278674840927124 -0.2921483431173985 0.1125184886904271 0.0 -0.008844599375696696 0.022148932302097194 
3037 16.28406548500061 -0.3332830038525982 0.14270626629078859 0.0 -0.011392421498511777 0.025820690647452814 
3038 16.28936243057251 -0.36909877367874494 0.16994408546994233 0.0 -0.013838859177781236 0.029182797600945602 
3039 16.294640064239502 -0.3991585616247363 0.19501673078107995 0.0 -0.016136527160244964 0.03213199460219214 
3040 16.30005383491516 -0.42702923689756955 0.2166546640580438 0.0 -0.01820442834446232 0.03478627190331402 
3041 16.305557012557983 -0.44845092476991166 0.23616009721546316 0.0 -0.02006553941025794 0.037002548146305526 
3042 16.31083583831787 -0.46867974083090047 0.25209659429832426 0.0 -0.021663840112577024 0.038958847136549395 
3043 16.316139221191406 -0.48649240929413234 0.26517498407270795 0.0 -0.023006437418601044 0.04068116659932039 
3044 16.321380853652954 -0.5017177974557993 0.27587198701277105 0.0 -0.02411890092290145 0.042173729673141556 
3045 16.32668137550354 -0.5139810815972153 0.2840125288562609 0.0 -0.025005069936484412 0.04342116385857551 
3046 16.331977605819702 -0.5239611065366288 0.29004300247022274 0.0 -0.02568757316336362 0.04444798055434485 
3047 16.337295293807983 -0.5322978196575381 0.2937610227209227 0.0 -0.026167602367985206 0.045295416323640286 
3048 16.342941522598267 -0.5406128380228366 0.2984753926276777 0.0 -0.026599628652144634 0.04605810851600618 
3049 16.348257303237915 -0.5423674376547254 0.29532068542798956 0.0 -0.02664330714196786 0.04647608408999608 
3050 16.35352849960327 -0.5417247276486938 0.2910068396831663 0.0 -0.026452520757175906 0.04662216582601219 
3051 16.35891842842102 -0.5381265184225983 0.28408491052838736 0.0 -0.026031541171006044 0.046504366803511527 
3052 16.364334106445312 -0.5308207716998131 0.27459291414451 0.0 -0.025384212889371826 0.04609155214578916 
3053 16.369851112365723 -0.5145645406173731 0.2572034387408179 0.0 -0.02426472412773834 0.04512560120300361 
3054 16.37581205368042 -0.5001351925285329 0.24033517704281118 0.0 -0.022950387959738368 0.04398779870041527 
3055 16.381309986114502 -0.48367562487809 0.20431077507726547 0.0 -0.020655349163764533 0.04267615497978018 
3056 16.38665199279785 -0.4651657414902243 0.18301017575601292 0.0 -0.018589814247388082 0.04118887934867877 
3057 16.39199948310852 -0.44417488735411587 0.16383963636688553 0.0 -0.016730832822649273 0.039505186114767235 
3058 16.3989577293396 -0.4221565416029863 0.14658615091667096 0.0 -0.015057749540384345 0.037683065921717024 
3059 16.404561519622803 -0.39181620746149687 0.13105801401147782 0.0 -0.01355197458634591 0.035410390368687934 
3060 16.41005253791809 -0.36260189560614786 0.0927498868843432 0.0 -0.011065466068713212 0.032981487576593006 
3061 16.41567349433899 -0.3162330336173831 0.0642146035483352 0.0 -0.008578336562986682 0.029683338818933706 
3062 16.42117404937744 -0.28562242027523344 0.0410138319898587 0.0 -0.0063399200078328045 0.026715004937040335 
3063 16.42652130126953 -0.25807286826729886 0.008161219434770911 0.0 -0.0037692773583364123 0.024043504443336302 
3064 16.431790828704834 -0.2332782714601577 -0.022048222247793875 0.0 -0.0011680775054840717 0.021639153999002674 
3065 16.43702983856201 -0.18126886705370326 -0.05256571774309171 0.0 0.001460623830388623 0.018094655700247195 
3066 16.442338466644287 -0.13423219845273623 -0.08377532794407201 0.0 0.00413325131520388 0.01425266503785912 
3067 16.447612047195435 -0.08355421655618926 -0.11459385802284132 0.0 0.006807062705618955 0.010104582364811276 
3068 16.452993392944336 -0.029976666040830345 -0.14585861155813712 0.0 0.009501114239033595 0.0056810165096406115 
3069 16.458247900009155 0.02580393849174699 -0.17692324722013505 0.0 0.012194207273188117 0.0010286906047836516 
3070 16.463470458984375 0.08376474427346257 -0.2084142263640639 0.0 0.014905612472232772 -0.003829519344790974 
3071 16.468881845474243 0.14204374970383327 -0.23927476829848457 0.0 0.017595148991230065 -0.008796325677714526 
3072 16.47418975830078 0.20055634496373523 -0.2699535338426067 0.0 0.020265003791316988 -0.013822519499732655 
3073 16.479562997817993 0.25843012573322377 -0.3000583970238257 0.0 0.022897970230160332 -0.018844637619263173 
3074 16.48498034477234 0.32455686531283634 -0.33643917688427416 0.0 0.025804533286715906 -0.02424658295971713 
3075 16.490261554718018 0.38273603989996463 -0.37086826103243703 0.0 0.028746410971388546 -0.02945347939770724 
3076 16.495514154434204 0.4378970152788539 -0.4040031316108048 0.0 0.03164337277401715 -0.034427307660203924 
3077 16.5007426738739 0.48473299143451787 -0.43138085489175154 0.0 0.0342506383963829 -0.038903753096450944 
3078 16.506019353866577 0.5343762477892061 -0.4597816473784712 0.0 0.03676975029558591 -0.0432776996206548 
3079 16.51138949394226 0.5781484918692454 -0.48449199869990983 0.0 0.03907530054018484 -0.04732930009838696 
3080 16.516699075698853 0.6189387720700117 -0.5072235109796541 0.0 0.04118864524907398 -0.05109078908772847 
3081 16.522075653076172 0.6566338426676741 -0.5285868160499314 0.0 0.04314817979004855 -0.05457200296986026 
3082 16.527400016784668 0.690086106267223 -0.5485274744444535 0.0 0.044969285133333876 -0.05772427023143699 
3083 16.532716989517212 0.7188373148339601 -0.56677582076403 0.0 0.0466466294776069 -0.0605037864638817 
3084 16.537982940673828 0.7437116561323087 -0.5824558979276016 0.0 0.04813706461979451 -0.06292865204901561 
3085 16.543214797973633 0.7661127521371047 -0.5955747729162055 0.0 0.04942093199135514 -0.06507268154031991 
3086 16.548425436019897 0.786728947499501 -0.6059467308983112 0.0 0.05048053883403526 -0.06700230808249377 
3087 16.553701877593994 0.8061800779109244 -0.6134043025193681 0.0 0.05129996164212364 -0.06877732150576647 
3088 16.558976650238037 0.823787059994186 -0.6177964411242148 0.0 0.05186486933032934 -0.07039400835437003 
3089 16.564419507980347 0.8395137987540332 -0.6202241383352216 0.0 0.0522198881695676 -0.07184902651811323 
3090 16.56986427307129 0.8508531237697343 -0.6169790037844063 0.0 0.052213434199840564 -0.07302431953844143 
3091 16.575223207473755 0.8587600288090494 -0.6165375830049395 0.0 0.052169276091769995 -0.07390951044094604 
3092 16.580503225326538 0.8676715662966197 -0.6165678057317331 0.0 0.05212953379450649 -0.07470618225320019 
3093 16.58582305908203 0.8609144131928339 -0.61086512740169 0.0 0.05182531907288798 -0.0747328955279336 
3094 16.59105110168457 0.8514891070304688 -0.6047471243140528 0.0 0.051378952961074434 -0.07427756842343916 
3095 16.59627342224121 0.8354870659868646 -0.5993572276104467 0.0 0.050900524482942036 -0.07329253127904752 
3096 16.601574659347534 0.8132825505037329 -0.594900494328414 0.0 0.050450764038398634 -0.07177323084234016 
3097 16.606860876083374 0.7856532425652681 -0.5907082055102517 0.0 0.05002680491721759 -0.0697539182557954 
3098 16.612104415893555 0.752915426309231 -0.5867537507899862 0.0 0.049626066893930405 -0.06726542066523078 
3099 16.617460250854492 0.7149411377747826 -0.5826007672177574 0.0 0.04922705323078797 -0.06431630657007077 
3100 16.62275004386902 0.6726314937362984 -0.5772232655160089 0.0 0.04877206714223533 -0.060952637620774915 
3101 16.628136157989502 0.6255891562974567 -0.5688436031248209 0.0 0.048151657264864825 -0.057177519674308314 
3102 16.633418798446655 0.5742521211684936 -0.5597355303125928 0.0 0.047420715512874474 -0.05301292318869282 
3103 16.638749837875366 0.522534455051473 -0.5495869258989362 0.0 0.04659029507372625 -0.04865119453163727 
3104 16.643996238708496 0.4619238550171755 -0.5368506962171011 0.0 0.04559364483863575 -0.04378607507847355 
3105 16.649251461029053 0.41676995160444485 -0.5204883713058281 0.0 0.044351513902340496 -0.039407467570626194 
3106 16.65447735786438 0.37613143853298747 -0.5009935268207539 0.0 0.04285010089277699 -0.03546672081356358 
3107 16.659757137298584 0.31481156738955396 -0.480296909901136 0.0 0.041172858273680286 -0.030769563604042927 
3108 16.665004014968872 0.23358849592047093 -0.45835310596534945 0.0 0.039356543820227935 -0.024797218491416573 
3109 16.67025327682495 0.16059050245655423 -0.4396290941837623 0.0 0.0376259867409996 -0.018616767927808822 
3110 16.675477743148804 0.0876546886231001 -0.4192183472345375 0.0 0.035857563158285484 -0.012344895784380968 
3111 16.680971384048462 0.015047369255412224 -0.3963761197398054 0.0 0.03395918565131295 -0.00604827015190387 
3112 16.686271905899048 -0.05702029498363166 -0.3694147582798134 0.0 0.03180962665799619 0.00023228548238518002 
3113 16.691572904586792 -0.1289909665270226 -0.32276299454222285 0.0 0.028628663992196574 0.006498378118304987 
3114 16.696784019470215 -0.20294166763983956 -0.29324000289653673 0.0 0.025765797592976918 0.012847328126813691 
3115 16.70200538635254 -0.2793713390371414 -0.2666693104154192 0.0 0.023189217833679228 0.019347547537433257 
3116 16.70722246170044 -0.3572718204702587 -0.24275568718241347 0.0 0.020870296050311307 0.025983910900068716 
3117 16.712422609329224 -0.43444055893566674 -0.22123342627270826 0.0 0.018783266445280177 0.032646928258281145 
3118 16.71765112876892 -0.5090284334182981 -0.18289205090907928 0.0 0.016022900581611155 0.039199712003059266 
3119 16.722911596298218 -0.581815636006522 -0.1497741531386646 0.0 0.013193426138388774 0.04561493586729802 
3120 16.728184938430786 -0.6546073952566893 -0.11474823043571752 0.0 0.010244228785837587 0.05196388028172407 
3121 16.73385500907898 -0.7280701651160658 -0.07692724453090574 0.0 0.0071105823030515585 0.058310697633991423 
3122 16.739253520965576 -0.8007421356362431 -0.0365287692439639 0.0 0.003772581974605686 0.06461725100186747 
3123 16.744581937789917 -0.8739157785699919 0.01735812052822575 0.0 -0.00028623012309673436 0.0709259164122398 
3124 16.7498140335083 -0.9335529317368669 0.05534149651033712 0.0 -0.003939161011028913 0.07660371528157492 
3125 16.755027055740356 -0.9906342898403309 0.11306578903136598 0.0 -0.008319760240717497 0.08186713277777045 
3126 16.760244846343994 -1.0 0.16361428363501396 0.0 -0.012703318784478695 0.0866425566626788 
3127 16.765482187271118 -1.0 0.21257806076972827 0.0 -0.017012842199066333 0.09101713741599328 
3128 16.77069902420044 -1.0 0.25882356656824496 0.0 -0.02115985992627655 0.0950309593508733 
3129 16.775900840759277 -1.0 0.29987187327135767 0.0 -0.024988049951886963 0.09872009834916229 
3130 16.781157970428467 -1.0 0.3371443825392471 0.0 -0.028490944672551005 0.10205949826184663 
3131 16.78704285621643 -1.0 0.3726399473022386 0.0 -0.03175859880649411 0.10502660855481405 
3132 16.792410612106323 -1.0 0.4047247235738128 0.0 -0.034757011969715625 0.10758195893313925 
3133 16.797728538513184 -1.0 0.43225341612889095 0.0 -0.037417234188166504 0.10976672687840261 
3134 16.803022384643555 -1.0 0.45457794061978224 0.0 -0.03967721048520259 0.11165631877224265 
3135 16.80828332901001 -1.0 0.4731763296877526 0.0 -0.04157696619802343 0.11329942703402596 
3136 16.81427764892578 -1.0 0.4867703625624315 0.0 -0.04307582412815357 0.11468235039850971 
3137 16.81965947151184 -1.0 0.4953884101180944 0.0 -0.04415634961118935 0.1157927577269754 
3138 16.82492709159851 -1.0 0.4918526197070493 0.0 -0.0444768803524134 0.11638945471400153 
3139 16.830203771591187 -1.0 0.4952300876806602 0.0 -0.044765358019515054 0.11692648200232504 
3140 16.835872888565063 -1.0 0.49129891693084476 0.0 -0.044699016823152464 0.11719888360534954 
3141 16.8416428565979 -1.0 0.4807475556343084 0.0 -0.04415994088093617 0.1168688021114604 
3142 16.847153663635254 -1.0 0.4760784311411161 0.0 -0.04367477253294151 0.11657172876696018 
3143 16.8526611328125 -1.0 0.4681978537154359 0.0 -0.043065548436786186 0.1156332472392937 
3144 16.858117818832397 -1.0 0.4628630050137607 0.0 -0.042517246750246394 0.11450099165103023 
3145 16.86364197731018 -1.0 0.4580935863340887 0.0 -0.04202377523236058 0.11321351571256982 
3146 16.8692364692688 -1.0 0.4525957901989932 0.0 -0.04152212642359062 0.11186303922571303 
3147 16.87473487854004 -1.0 0.4461923668394968 0.0 -0.04097476842457644 0.11045586224529946 
3148 16.880270957946777 -1.0 0.4364696259158063 0.0 -0.04025204919983082 0.10880590816855852 
3149 16.885681867599487 -1.0 0.4271618803634504 0.0 -0.039467378943048116 0.10711002803314111 
3150 16.891090393066406 -1.0 0.4172677330138887 0.0 -0.03862695201237398 0.10537281295479878 
3151 16.89739441871643 -1.0 0.4068447066210575 0.0 -0.037736344820255625 0.10361757124204825 
3152 16.90290331840515 -1.0 0.3988314751607032 0.0 -0.0369347983473491 0.10203785370057276 
3153 16.908347845077515 -1.0 0.3858709447351533 0.0 -0.03594495986765188 0.10023261311887609 
3154 16.91385293006897 -1.0 0.37361454291055257 0.0 -0.034900706722130435 0.09843532326733088 
3155 16.919344425201416 -1.0 0.3608400875616462 0.0 -0.03380748112242525 0.09666436537726238 
3156 16.924821138381958 -1.0 0.34594838674228123 0.0 -0.03259348105705773 0.09470618180594009 
3157 16.930187702178955 -1.0 0.3348652436195798 0.0 -0.031500880998226954 0.09294381659175004 
3158 16.93560767173767 -1.0 0.32078463327520695 0.0 -0.03032579354809489 0.09093584347616177 
3159 16.941069841384888 -1.0 0.30798423798392677 0.0 -0.029172340771854814 0.08889857139155752 
3160 16.94644570350647 -1.0 0.29455164506670956 0.0 -0.028000009573669042 0.08681575393049855 
3161 16.95280933380127 -0.9799885667140826 0.2805200242025269 0.0 -0.026791513726565963 0.0846344226780737 
3162 16.958317518234253 -0.9532846595529769 0.26572729350496066 0.0 -0.025531294881213064 0.0823452527090792 
3163 16.96372890472412 -0.9263770525146732 0.25043982920755525 0.0 -0.024224524592377266 0.07999737901373663 
3164 16.969179153442383 -0.8984877060831933 0.23470566127266818 0.0 -0.02287585874946492 0.07757749566034042 
3165 16.974592685699463 -0.8694915600249445 0.21815556425476978 0.0 -0.021470312093659433 0.07507363029058782 
3166 16.98001790046692 -0.8388634138122106 0.18621410769897345 0.0 -0.01932328088429349 0.07245583147766596 
3167 16.98539447784424 -0.7968363297315416 0.16628718899016673 0.0 -0.017390952795864143 0.06925612221028572 
3168 16.99073815345764 -0.7579975850845218 0.1483529621522407 0.0 -0.01565185751627773 0.06593536463260204 
3169 16.99608612060547 -0.7188227292606647 0.13221215799810723 0.0 -0.014086671764649958 0.06254401320409372 
3170 17.00147271156311 -0.6789584383764152 0.11768543425938711 0.0 -0.012678004588184962 0.0590891265647852 
3171 17.007113456726074 -0.6372329922402418 0.104611382894539 0.0 -0.011410204129366466 0.055519534538141804 
3172 17.012515544891357 -0.5927541457370794 0.07304856115033778 0.0 -0.009348795241369357 0.051770008406000066 
3173 17.017940998077393 -0.5461472463877347 0.048064198169814665 0.0 -0.0072250805880906144 0.047839366764685566 
3174 17.023416996002197 -0.48296499541255566 0.023716004532936763 0.0 -0.0051028148162021005 0.04305543008821701 
3175 17.028995037078857 -0.4385645615277495 0.00018818075796399325 0.0 -0.003020203038542309 0.038749887079395307 
3176 17.0344877243042 -0.398604171031424 -0.022986285030565115 0.0 -0.0009732794831593381 0.03487489837145578 
3177 17.040085077285767 -0.33377039528818797 -0.04543177028438415 0.0 0.0010223498579502513 0.030045175263903476 
3178 17.045536279678345 -0.25789938908529075 -0.07153842397574738 0.0 0.0031635618033981692 0.024260317125578468 
3179 17.05094623565674 -0.18706369894911815 -0.09613865460901981 0.0 0.0053015751382389405 0.0182677800255952 
3180 17.05634903907776 -0.11423366918695291 -0.12155195784176373 0.0 0.007475058793188221 0.012088331115061437 
3181 17.062347650527954 -0.05651129990377467 -0.141954195165242 0.0 0.009431194082642574 0.00652682709558105 
3182 17.067928791046143 0.028469453342686586 -0.1706496989559681 0.0 0.011671084894905967 -1.2507189542393209e-05 
3183 17.07336688041687 0.10574675523595281 -0.19624564182730386 0.0 0.01389790902361615 -0.006645723751989311 
3184 17.078773975372314 0.18272169248716946 -0.2213258177606398 0.0 0.016093798322904203 -0.013305909921354627 
3185 17.084200143814087 0.2587683570003199 -0.24613518144647772 0.0 0.018261846275712337 -0.019932844666802806 
3186 17.089723348617554 0.33414777177691113 -0.27070244396402676 0.0 0.020404837016688545 -0.026510678223369055 
3187 17.095133781433105 0.4082987867953985 -0.2962907077566662 0.0 0.02258280061655649 -0.033005971238653765 
3188 17.100778102874756 0.48255746653756604 -0.3222247480129128 0.0 0.024792239789427 -0.03946532726717673 
3189 17.10645890235901 0.5664328521937441 -0.35135904632435544 0.0 0.02716423021190823 -0.046352534216040506 
3190 17.11186122894287 0.6386984876596224 -0.3754358794172188 0.0 0.02937572061620767 -0.05289616619473171 
3191 17.119417905807495 0.706155007716986 -0.39679234671442365 0.0 0.03138523674773527 -0.059053881629635145 
3192 17.125184297561646 0.7700525964095707 -0.4138013684056637 0.0 0.03309792747438568 -0.06486427217512958 
3193 17.13085627555847 0.8299245896932002 -0.42516041728847653 0.0 0.03440925200960593 -0.07032372087797195 
3194 17.13628077507019 0.8807851084913312 -0.43607413000686374 0.0 0.03551274502067169 -0.07519887508208159 
3195 17.141668796539307 0.9270442856676155 -0.44670208971453895 0.0 0.03650588873063088 -0.07958651386578026 
3196 17.14706063270569 0.9671290771390543 -0.45630588100624886 0.0 0.03739971806959415 -0.08345868970047661 
3197 17.152459621429443 1.0 -0.46540034221533244 0.0 0.03822333928888534 -0.08680942462466265 
3198 17.15784764289856 1.0 -0.47260755872163895 0.0 0.03892624885093118 -0.08963333847298122 
3199 17.163241624832153 1.0 -0.477453912050845 0.0 0.039462993665048 -0.0919255890966108 
3200 17.168618202209473 1.0 -0.4811623356461199 0.0 0.03986936492712067 -0.09370099318957187 
3201 17.174293994903564 1.0 -0.4853039052885346 0.0 0.04023509906298607 -0.09497288596274725 
3202 17.179721355438232 1.0 -0.4886558961784439 0.0 0.040545085064172946 -0.09573409429170733 
3203 17.185168266296387 1.0 -0.49025158794479745 0.0 0.040747373394608676 -0.09597816231789928 
3204 17.19057059288025 1.0 -0.4908412020532555 0.0 0.04085273382136838 -0.09571845453628368 
3205 17.19597053527832 1.0 -0.4888750143699437 0.0 0.04079416015731945 -0.09460267854651928 
3206 17.201343774795532 1.0 -0.48454944798214794 0.0 0.04054969618309427 -0.09321498494226742 
3207 17.206709384918213 1.0 -0.4772450487237295 0.0 0.04008040676643451 -0.09162091497372694 
3208 17.212085247039795 0.9942987627768235 -0.4678328227038717 0.0 0.03940877445158363 -0.0898794559057752 
3209 17.217480421066284 0.9721680458620112 -0.4565214337880792 0.0 0.03855503352836073 -0.08800534646208881 
3210 17.222931623458862 0.9553788310712271 -0.4488601428228737 0.0 0.03778666669746013 -0.08631864796277106 
3211 17.229031562805176 0.9291936571398948 -0.4325055513421778 0.0 0.03665411694007908 -0.08428290081944663 
3212 17.23451256752014 0.9050863676818214 -0.41850732569214333 0.0 0.035462249389211484 -0.08218228173637329 
3213 17.23992133140564 0.8799417565690792 -0.40518115048039305 0.0 0.03427451989434971 -0.08000410327956622 
3214 17.245428562164307 0.847041704125029 -0.39064634959130373 0.0 0.03303299076601398 -0.0774301501033802 
3215 17.250977993011475 0.8236137074617705 -0.3793093349650441 0.0 0.031915614550511825 -0.07511359224481277 
3216 17.256407737731934 0.7889647661858405 -0.3658252382243332 0.0 0.03075657781529497 -0.07239592316534721 
3217 17.261725425720215 0.757137994149291 -0.35317870157175063 0.0 0.029617570682478587 -0.06962405026960317 
3218 17.26699471473694 0.7231307548847603 -0.3402974998882402 0.0 0.02847741575012741 -0.0667266946823115 
3219 17.27225089073181 0.6866874005139509 -0.3273958661814882 0.0 0.027336227798194924 -0.06365888022995426 
3220 17.277578592300415 0.6473856188589296 -0.3140624442497176 0.0 0.026174935314415015 -0.060380128728894304 
3221 17.283531188964844 0.6052572577714128 -0.3009434416511348 0.0 0.025014723566196665 -0.056873184628082434 
3222 17.288923263549805 0.5601388901819458 -0.2869998474143356 0.0 0.023817134851535235 -0.05312251718651634 
3223 17.294255018234253 0.5122955427078745 -0.2722838996242243 0.0 0.02256673242537982 -0.049133323924047186 
3224 17.29954504966736 0.4469266988238834 -0.256650681681846 0.0 0.021249622472126545 -0.044219991531642466 
3225 17.304980278015137 0.40132532389011644 -0.24450624951879854 0.0 0.020064223514198596 -0.03979799237847822 
3226 17.310375690460205 0.36028408644972604 -0.21337564985243468 0.0 0.018057801162778737 -0.035818193140630394 
3227 17.315732955932617 0.28416704321344094 -0.19475374304555426 0.0 0.016252021046500864 -0.030414771690670674 
3228 17.321006536483765 0.22107720784775242 -0.17799402691936184 0.0 0.014626818941850778 -0.024957274634871504 
3229 17.32625460624695 0.15702255769744528 -0.16291028240578873 0.0 0.0131641370476657 -0.01943193546465065 
3230 17.331498622894287 0.09146124039360767 -0.14933491234357288 0.0 0.01184772334289913 -0.013807188017943733 
3231 17.336880683898926 0.023684620402786766 -0.11690849029253916 0.0 0.009723388091853542 -0.00803544867972663 
3232 17.342158555984497 -0.045516525995836686 -0.09216329542846757 0.0 0.007581388595221594 -0.002131418129266478 
3233 17.347455263137817 -0.1139437161078371 -0.0676470352577868 0.0 0.005442666836844225 0.00379580193120732 
3234 17.35275173187256 -0.18098860094176217 -0.04355568937127993 0.0 0.0033260698571202212 0.009667193293796427 
3235 17.358166456222534 -0.2463237027122822 -0.020065809837153198 0.0 0.001248559992408489 0.015430814385616583 
3236 17.363473892211914 -0.31028689729607956 0.0039008239975945533 0.0 -0.0008321218422987448 0.02107826741952044 
3237 17.368862867355347 -0.37238622427018275 0.028739652771368716 0.0 -0.002954007333392357 0.02658282106296726 
3238 17.374170064926147 -0.43319510541898254 0.05398208696700116 0.0 -0.00511297611523371 0.03195876376488663 
3239 17.379425287246704 -0.49367102888724845 0.07876504186946057 0.0 -0.007266970230299542 0.037257306247879776 
3240 17.384697675704956 -0.5435696220563364 0.09898313414726391 0.0 -0.009205564933858792 0.04202599448257362 
3241 17.390148878097534 -0.6066970400051497 0.1250380644949822 0.0 -0.011314620892264676 0.04716150273943252 
3242 17.395489931106567 -0.6609281025026206 0.14858182366234116 0.0 -0.0133853438377901 0.05205190756974495 
3243 17.401044130325317 -0.7112574233445952 0.17508384899069343 0.0 -0.015574965585517058 0.05664501856915244 
3244 17.40633988380432 -0.7538948202127169 0.1985928845629011 0.0 -0.01767984811298296 0.060740470330286817 
3245 17.411632776260376 -0.7914976539078769 0.22091444620545558 0.0 -0.019689291273047735 0.06436885247263502 
3246 17.416964292526245 -0.8235233903577862 0.24112273544328305 0.0 -0.02155531455977876 0.06751934751540295 
3247 17.42254090309143 -0.8511040057981717 0.25959237538452273 0.0 -0.02327308440122711 0.07023974416854863 
3248 17.428025007247925 -0.8750954559062025 0.27545206406702016 0.0 -0.024799902444306382 0.07259222708525853 
3249 17.433472633361816 -0.8952516726515248 0.28995029209861756 0.0 -0.026174038683077726 0.07459441282495198 
3250 17.438786506652832 -0.9125594031390312 0.30220663044375934 0.0 -0.027372412414581507 0.076300507409671 
3251 17.444149494171143 -0.9275233074757407 0.31365325789788967 0.0 -0.02845094877293491 0.07775929327902113 
3252 17.44945240020752 -0.9389481186167419 0.323162813732721 0.0 -0.029383281867004486 0.07893797686186656 
3253 17.454829692840576 -0.9469370064234018 0.33131217542282654 0.0 -0.03018403202321862 0.07982621875840924 
3254 17.46029043197632 -0.9505659387235459 0.33741219342735257 0.0 -0.03082800790691437 0.08037636537049862 
3255 17.46560049057007 -0.9452618690469383 0.3366891830880918 0.0 -0.03108161510548647 0.08035377882744062 
3256 17.47092318534851 -0.9457335192023248 0.3393265442182065 0.0 -0.031309861584201355 0.08033345093868842 
3257 17.476598262786865 -0.933441098073278 0.33018075898460153 0.0 -0.030978390106882067 0.07972073808797601 
3258 17.481914281845093 -0.9205491956466189 0.3215683963714646 0.0 -0.030411619123213364 0.07880497654219035 
3259 17.487205982208252 -0.9039888105917214 0.31033696031271496 0.0 -0.029613904514664 0.07757812005227414 
3260 17.492481470108032 -0.8836820687193947 0.29817488649349205 0.0 -0.028665863596278655 0.07603292997430808 
3261 17.497912406921387 -0.8599709169394487 0.2850104908500496 0.0 -0.02760170455832323 0.07418206485287292 
3262 17.503233671188354 -0.8321463682602253 0.2715753001166738 0.0 -0.026471388841203217 0.07199856774964282 
3263 17.508580446243286 -0.8007781846994387 0.2579238361175789 0.0 -0.02530070618200126 0.06949652704857304 
3264 17.513888120651245 -0.7659954928026268 0.24305985464190472 0.0 -0.02405534439153513 0.06668862229522331 
3265 17.519200801849365 -0.7275019219831094 0.22707404492659514 0.0 -0.022723596568706997 0.06356709026637312 
3266 17.524524211883545 -0.6872842683419865 0.19170962604590708 0.0 -0.0204512369118363 0.06022081813224527 
3267 17.529946327209473 -0.645347553633314 0.17061951521654153 0.0 -0.018406113220652668 0.05669145471759176 
3268 17.53534960746765 -0.6004302867642609 0.15163841547011261 0.0 -0.016565501898587402 0.05293978545285048 
3269 17.54073691368103 -0.5525760113598182 0.13455542569832663 0.0 -0.014908951708728663 0.048949690549523674 
3270 17.54607129096985 -0.4876095908443142 0.11918073490371915 0.0 -0.013418056537855797 0.044054721494571306 
3271 17.551405668258667 -0.44217864879994306 0.10534351318857246 0.0 -0.012076250884070218 0.03964924934511418 
3272 17.556676864624023 -0.3740710626304347 0.07350625962084456 0.0 -0.009967412134826976 0.034418790397093016 
3273 17.562135934829712 -0.309334412046079 0.04932057930551177 0.0 -0.007858534676570415 0.028963561079244603 
3274 17.56744933128357 -0.2420356640946468 0.025529040810668018 0.0 -0.0057687975669551365 0.02328686435938548 
3275 17.57269835472107 -0.17220383630746877 0.0027236832047992897 0.0 -0.0037346360270364707 0.01739167253602151 
3276 17.577956438064575 -0.11718652375812316 -0.0162795441229908 0.0 -0.0019038906411096713 0.012085999894993937 
3277 17.583196878433228 -0.03505941745823736 -0.03958114196421002 0.0 3.1401674530035905e-05 0.005796088292173238 
3278 17.588460683822632 0.03942208372491219 -0.0618153959082295 0.0 0.0019649121557901443 -0.000593473228241481 
3279 17.593719720840454 0.11489037721981829 -0.08569909687582597 0.0 0.003973518243005587 -0.00707271930196179 
3280 17.599061012268066 0.1896033030121632 -0.1098901759130302 0.0 0.0060305359338856165 -0.013555982589289186 
3281 17.60443425178528 0.2631716697555398 -0.13413932893935607 0.0 0.008111948881310501 -0.019985337205587005 
3282 17.609729766845703 0.33546538455421077 -0.15780961727092804 0.0 0.010176968117441784 -0.026327824389509716 
3283 17.615161180496216 0.4074125562059466 -0.18134405165352063 0.0 0.012227233013408827 -0.03261130566359448 
3284 17.620410203933716 0.4788609812971008 -0.2043454258447488 0.0 0.014245044189003808 -0.03884168164210815 
3285 17.62566828727722 0.549453003575189 -0.22747268236627216 0.0 0.01625282183048818 -0.04500508809859126 
3286 17.630980253219604 0.6190583149670181 -0.25052311469727784 0.0 0.018251569291272998 -0.051089047124456485 
3287 17.636204481124878 0.6966327280535439 -0.2755681385637174 0.0 0.02033806347428492 -0.0575041735370199 
3288 17.641481161117554 0.7654004270003532 -0.29609053737839475 0.0 0.02225425786744414 -0.06366128247522473 
3289 17.646721363067627 0.8301563421935078 -0.312973510558188 0.0 0.02392130837861471 -0.06950947661587441 
3290 17.652027130126953 0.890009155041616 -0.32630199595734927 0.0 0.025306605325851793 -0.07498377392639677 
3291 17.657475471496582 0.9418730753478001 -0.33948022608093215 0.0 0.026553372578365167 -0.0799106415058669 
3292 17.662766218185425 0.9886562182056284 -0.3472485384297196 0.0 0.027483715522178317 -0.08434482232739 
3293 17.668161869049072 1.0 -0.35495071319087523 0.0 0.02826349991520194 -0.08823971099563958 
3294 17.673656225204468 1.0 -0.36166306338831794 0.0 0.028926956426739224 -0.09161088747002354 
3295 17.679259300231934 1.0 -0.36729249335964786 0.0 0.029485717658674297 -0.09447237352774446 
3296 17.684775590896606 1.0 -0.3711221320410656 0.0 0.029911903696783405 -0.09677926451187645 
3297 17.690386056900024 1.0 -0.3724775405723456 0.0 0.030161247804040926 -0.09852949530084117 
3298 17.69593572616577 1.0 -0.372180243634304 0.0 0.030251434173532026 -0.09975955747246013 
3299 17.70144534111023 1.0 -0.3662701679769828 0.0 0.030006630995584458 -0.10004209865044891 
3300 17.707098722457886 1.0 -0.35969781749197166 0.0 0.029575385737758517 -0.0998361914731086 
3301 17.712751388549805 1.0 -0.35096472020175296 0.0 0.02895716779381779 -0.09919068077597207 
3302 17.71826195716858 1.0 -0.34006432561731714 0.0 0.028151499804414042 -0.0981495268877359 
3303 17.723796844482422 1.0 -0.3274029909370441 0.0 0.027177126774093563 -0.09673311935985195 
3304 17.729250192642212 1.0 -0.31315469135987906 0.0 0.026050919206948034 -0.09494063409081793 
3305 17.73471426963806 1.0 -0.2974760045648723 0.0 0.024788060556659955 -0.09277132922630038 
3306 17.74017071723938 1.0 -0.2858693138307356 0.0 0.02365148777140068 -0.09081895484823459 
3307 17.745661973953247 0.9568584556154995 -0.24656527685626806 0.0 0.021286338994260613 -0.08737443909911938 
3308 17.751084327697754 0.9253685655481341 -0.2246139762833146 0.0 0.019157705094834554 -0.08427437492491568 
3309 17.756623029708862 0.8710931003483697 -0.20485780576765636 0.0 0.017241934585351098 -0.0802763072247663 
3310 17.76201820373535 0.8203406400889481 -0.187077252303564 0.0 0.015517741126815988 -0.07602610447365274 
3311 17.768620252609253 0.7667802400547452 -0.17107475418588086 0.0 0.013965967014134389 -0.07152980536244719 
3312 17.774219036102295 0.710053894890597 -0.15667250587996603 0.0 0.01256937031272095 -0.06677366989871032 
3313 17.779611349105835 0.6500308299597997 -0.12308947191786111 0.0 0.010353695550468936 -0.06174533246177585 
3314 17.78499174118042 0.5870054318745533 -0.0974949275152282 0.0 0.008129491238809265 -0.05645283843473927 
3315 17.79030680656433 0.5189886337242554 -0.07221406630459246 0.0 0.005916784401848885 -0.05080755459126535 
3316 17.79580068588257 0.46659390758039737 -0.047434423946785834 0.0 0.0037336008514001723 -0.04572679913213881 
3317 17.80130672454834 0.3674736903171476 -0.017963451235001936 0.0 0.0013468912331791004 -0.03873809933219283 
3318 17.806867122650146 0.28013447704983807 0.008483308365883803 0.0 -0.000992895565462296 -0.03141283326942262 
3319 17.812528610229492 0.18669656326440137 0.034098431315094824 0.0 -0.0032712762671996817 -0.02365043312548283 
3320 17.818477153778076 0.11425976823902978 0.05544652633697886 0.0 -0.005321818898763328 -0.01666427299593702 
3321 17.82519841194153 0.006548087774461267 0.08169117138840491 0.0 -0.007493278363924685 -0.008401728974713222 
3322 17.83066201210022 -0.08430836976678642 0.10578639931926338 0.0 -0.009620164465530035 -0.0003326719763278984 
3323 17.836074352264404 -0.18662028613884168 0.1373185961645249 0.0 -0.01207125526513754 0.00817583926656246 
3324 17.841312646865845 -0.28445593254096924 0.16654395800627647 0.0 -0.014564858453089882 0.016677188230798244 
3325 17.846525192260742 -0.38270927185434545 0.19453864555895217 0.0 -0.017020023533655605 0.025191267448585273 
3326 17.851900815963745 -0.4786795450976014 0.22095726320908116 0.0 -0.0193830706199587 0.033601753519106846 
3327 17.857330083847046 -0.5692153146989472 0.24612152129360856 0.0 -0.021644035952143127 0.041708084290738946 
3328 17.86309003829956 -0.6549117018204882 0.2715870167322576 0.0 -0.023870652148293488 0.04944480122224931 
3329 17.868501663208008 -0.7388648200519001 0.2959251842573614 0.0 -0.026028005238622753 0.056925564954547085 
3330 17.874014377593994 -0.8225485117791358 0.3196335333564652 0.0 -0.02812302078865498 0.06427184487867474 
3331 17.88017702102661 -0.9046237729864615 0.3419515302453807 0.0 -0.030123583669029445 0.07147791456122506 
3332 17.88562250137329 -0.9813240325015712 0.3629902393777329 0.0 -0.03201996358742962 0.07836604688411333 
3333 17.89106512069702 -1.0 0.38059566314498255 0.0 -0.03370753144482359 0.08494886225919765 
3334 17.896290063858032 -1.0 0.39667384652300625 0.0 -0.03522634251647816 0.09087339609677353 
3335 17.901544094085693 -1.0 0.4062367149581591 0.0 -0.03636317471027636 0.09626300099326454 
3336 17.906770706176758 -1.0 0.4147093667961207 0.0 -0.03727127554440734 0.100998596514761 
3337 17.911972522735596 -1.0 0.4218741764417853 0.0 -0.038011867038228245 0.10510723397031385 
3338 17.917180061340332 -1.0 0.42830263032027927 0.0 -0.03864004975421858 0.10867078398074173 
3339 17.922407150268555 -1.0 0.4340969632437349 0.0 -0.03918623938438563 0.11174375678067323 
3340 17.927635192871094 -1.0 0.43871625468775066 0.0 -0.0396394604230875 0.1143368589725934 
3341 17.933199405670166 -1.0 0.44205702550401027 0.0 -0.03998983566030451 0.11649807761730335 
3342 17.938494205474854 -1.0 0.4444383634704402 0.0 -0.04024764893112708 0.1182897773738645 
3343 17.94375252723694 -1.0 0.4463681518565834 0.0 -0.04044133124641892 0.11972973382675134 
3344 17.948980569839478 -1.0 0.44811189299812637 0.0 -0.04059647051595732 0.12087229612055556 
3345 17.95417833328247 -1.0 0.44990870198310806 0.0 -0.04073609585854188 0.1217472036711854 
3346 17.959368228912354 -1.0 0.4515615238849421 0.0 -0.04086175866686799 0.12240039825729866 
3347 17.964576721191406 -1.0 0.4530847574119434 0.0 -0.04097485519436149 0.1228540496852309 
3348 17.969810962677002 -1.0 0.4549037828933372 0.0 -0.04109581688332989 0.12307058782812749 
3349 17.975048065185547 -1.0 0.45679743597736266 0.0 -0.041223857217625684 0.12307372550460811 
3350 17.980414867401123 -1.0 0.4583459953979356 0.0 -0.0413390935184919 0.12307654941344066 
3351 17.98587703704834 -1.0 0.4585384541884172 0.0 -0.04138528174659877 0.12244632355210607 
3352 17.991225957870483 -1.0 0.4593224423560074 0.0 -0.04142685115189495 0.12187912027690492 
3353 17.99666452407837 -1.0 0.4588262980610419 0.0 -0.04140673917398878 0.12081256920683697 
3354 18.00198459625244 -1.0 0.45816522753556416 0.0 -0.0413502895104828 0.11956505103041216 
3355 18.007258415222168 -1.0 0.4575760473109544 0.0 -0.041280309999103176 0.1181546639483823 
3356 18.012545585632324 -1.0 0.4564472431878009 0.0 -0.041178978810413026 0.11661686966553214 
3357 18.017820835113525 -1.0 0.45502419972635877 0.0 -0.0410494311121434 0.11500275704027607 
3358 18.023082494735718 -1.0 0.4525111719051309 0.0 -0.04085613892680378 0.11335830753530318 
3359 18.02833366394043 -1.0 0.449400018525978 0.0 -0.0406054774481592 0.11170573114292552 
3360 18.033642530441284 -1.0 0.4461622982234224 0.0 -0.04032235767470634 0.11002666424754319 
3361 18.039031982421875 -1.0 0.44261843804038004 0.0 -0.04001002543592605 0.1083429307136809 
3362 18.04431653022766 -1.0 0.43921098449887863 0.0 -0.039690576792575295 0.10665499869530277 
3363 18.04972219467163 -1.0 0.4365590658041643 0.0 -0.039403073013559616 0.105020810993417 
3364 18.055015802383423 -1.0 0.43502847517055787 0.0 -0.039182669240893996 0.10345416799059858 
3365 18.060308694839478 -1.0 0.433299066495821 0.0 -0.038984305845494935 0.102044189288062 
3366 18.06553316116333 -1.0 0.43424874681900444 0.0 -0.038920827674981236 0.10046841291830733 
3367 18.07074999809265 -1.0 0.4364600802773057 0.0 -0.038978745461806304 0.09885846604328569 
3368 18.07598042488098 -1.0 0.43980790294206756 0.0 -0.03914592035529433 0.09717941608507528 
3369 18.081382513046265 -1.0 0.4454167848077337 0.0 -0.03946895034239368 0.09507385486196662 
3370 18.086681365966797 -1.0 0.4491874939361664 0.0 -0.039778852145007336 0.09279535347668397 
3371 18.092087745666504 -1.0 0.45160072379914257 0.0 -0.04001941413891115 0.09036120743556082 
3372 18.097365856170654 -1.0 0.45212987630286666 0.0 -0.04014004586230337 0.08774863157573276 
3373 18.102653980255127 -0.9978649495360766 0.4515378047054679 0.0 -0.0401527410872932 0.0849371192506218 
3374 18.10787796974182 -0.9627921044807257 0.4503482145098675 0.0 -0.040087467532887076 0.08196573892098047 
3375 18.113107442855835 -0.9266104033015586 0.4488408864322821 0.0 -0.03997119689124883 0.0788696507113699 
3376 18.11830973625183 -0.8888230232380364 0.4476802001443896 0.0 -0.039847378499550175 0.07564215208567893 
3377 18.12351703643799 -0.8501909382479034 0.4464478321968145 0.0 -0.039716767132797134 0.07231555889973983 
3378 18.12871479988098 -0.8106032850039836 0.44556320926134674 0.0 -0.0395992169027194 0.0688997806095774 
3379 18.133968591690063 -0.7705644401207228 0.4452122301862751 0.0 -0.03951259650987368 0.06542290979478016 
3380 18.13919425010681 -0.7385851946738913 0.4447375239374964 0.0 -0.03943463815631254 0.062293726061462655 
3381 18.144535541534424 -0.6941609165723779 0.44805500480030275 0.0 -0.0395370489661257 0.05874881999612984 
3382 18.14986801147461 -0.6540647204738063 0.45058665870618936 0.0 -0.03968674313763027 0.055213258626351985 
3383 18.155234336853027 -0.6127886680438063 0.452324781686839 0.0 -0.03982146789198439 0.05162858378495893 
3384 18.160510063171387 -0.5697852786996866 0.45268670678627626 0.0 -0.03988519572823036 0.0479421816313814 
3385 18.165961742401123 -0.5039403674174721 0.44743576738576263 0.0 -0.039654929312546154 0.04314796346824326 
3386 18.171244382858276 -0.45944450951266247 0.4402566183926254 0.0 -0.03919841769857326 0.03883316712141894 
3387 18.176563024520874 -0.41939823739833393 0.42971920119577706 0.0 -0.03848076096346783 0.03494985040927705 
3388 18.181846380233765 -0.35531201118237954 0.4159071362904299 0.0 -0.03748972399089462 0.030150981726391107 
3389 18.18719983100891 -0.29705228381931836 0.3982912025415308 0.0 -0.03619512110698575 0.025199232532509858 
3390 18.19249129295349 -0.237732285766136 0.3782360065845688 0.0 -0.03464648297204096 0.02012906569295707 
3391 18.19788360595703 -0.1784983529005663 0.3582650031870565 0.0 -0.032984261996509306 0.015009847787501656 
3392 18.203181266784668 -0.1204115819303844 0.339279109901745 0.0 -0.031315690535570685 0.009923182807101824 
3393 18.2085223197937 -0.06464829263318553 0.3222816995728765 0.0 -0.029737276963828954 0.004961689157844202 
3394 18.213841676712036 -0.011251396609516608 0.3061145387004916 0.0 -0.028240005492364426 0.00017037377675826765 
3395 18.21914792060852 0.03358260758919973 0.2923436363622267 0.0 -0.02689246116804635 -0.004141810066219073 
3396 18.224525690078735 0.08716716778604461 0.27583817524335996 0.0 -0.02548792387897571 -0.008636367717429311 
3397 18.229779720306396 0.13713506663450953 0.25919987683266144 0.0 -0.024051267735852006 -0.013045790328721087 
3398 18.235045909881592 0.18716861663982104 0.22204020482999592 0.0 -0.021646140962266806 -0.0174169406600057 
3399 18.240272998809814 0.23646875732392708 0.19971786247533563 0.0 -0.019481526866040124 -0.021734470938795117 
3400 18.245487689971924 0.2848914258519695 0.17962775435614142 0.0 -0.017533374179436113 -0.025984568728643635 
3401 18.25082516670227 0.33354404955830186 0.16154665704886656 0.0 -0.015780036761492502 -0.030212326720629318 
3402 18.256126403808594 0.3828484001753088 0.14527366947231923 0.0 -0.014202033085343253 -0.03445832833672242 
3403 18.261510610580444 0.44019554756693036 0.10629517674096582 0.0 -0.01165051871781082 -0.03908506975345024 
3404 18.266776084899902 0.48794740037668816 0.07715656436116089 0.0 -0.00910488394717453 -0.04344088461195417 
3405 18.271994829177856 0.532376201726398 0.047226498324757074 0.0 -0.006526191557825309 -0.04751451607930649 
3406 18.277262926101685 0.5737866350431959 0.016965163764754126 0.0 -0.003917746939105423 -0.051315007726964255 
3407 18.28256368637085 0.6126734257052342 -0.014834017998904766 0.0 -0.0012250008712792085 -0.05486967353689692 
3408 18.287938356399536 0.6472279774269633 -0.04744494354682936 0.0 0.0015436161282136724 -0.05810722230115254 
3409 18.29320001602173 0.6767804755398359 -0.08078937996923057 0.0 0.0043805171524710675 -0.06096349188600826 
3410 18.29844880104065 0.7040266363015922 -0.1073733412346688 0.0 0.006933728074302724 -0.06353413451237841 
3411 18.303767204284668 0.7203734446203791 -0.14245968033285342 0.0 0.00974933639788966 -0.06546421770921376 
3412 18.30903458595276 0.7328046271467232 -0.17301422982005915 0.0 0.012475131472566788 -0.06691367111806 
3413 18.31434440612793 0.740750566694601 -0.20192666863952483 0.0 0.01508174518104112 -0.06793055781084828 
3414 18.319568157196045 0.7442449203571057 -0.22974600616406496 0.0 0.017581095659932936 -0.06853895964496015 
3415 18.324838876724243 0.7435095676088002 -0.2561704329124955 0.0 0.019964734324843983 -0.06876055038517129 
3416 18.330085277557373 0.7395688770406884 -0.28111991244800894 0.0 0.022225057729212613 -0.068653185955096 
3417 18.335434436798096 0.7321366050339477 -0.30493466168150946 0.0 0.024374397305960808 -0.06823058705753866 
3418 18.340752363204956 0.7213384656302029 -0.32731671500140824 0.0 0.026404676809890885 -0.06750510232502327 
3419 18.34600281715393 0.7064625954975098 -0.34901432069215577 0.0 0.028346976876244386 -0.06644949589837289 
3420 18.35139799118042 0.6884885934453379 -0.370317576641171 0.0 0.03022927026300321 -0.06509678013326552 
3421 18.35689926147461 0.656175086402074 -0.3927249915377951 0.0 0.03213425666219315 -0.0629397730279132 
3422 18.362192630767822 0.6365255569334114 -0.4108243286978035 0.0 0.03384874442146409 -0.060998466633096125 
3423 18.367627143859863 0.5920706532639597 -0.4325170837750618 0.0 0.035641055291231176 -0.058004931305946215 
3424 18.37317395210266 0.5497041056859424 -0.4512415320154276 0.0 0.03733083412137094 -0.054620458062083696 
3425 18.378507137298584 0.5184976635290399 -0.4673712029753166 0.0 0.03885163506849673 -0.05157443214260743 
3426 18.383777379989624 0.4603257129850956 -0.48110772437670524 0.0 0.04018200640887678 -0.04743325110199934 
3427 18.389238357543945 0.40011889789280836 -0.4910114783748337 0.0 0.04124511728817815 -0.04268992599179941 
3428 18.394567012786865 0.3560953860462762 -0.4963612375125181 0.0 0.041971819960784265 -0.03842093339261947 
3429 18.399773120880127 0.31647422538439735 -0.497331922898582 0.0 0.042338230990956446 -0.034578840053357526 
3430 18.40506148338318 0.2531830209673897 -0.4936969772184888 0.0 0.042322855193397596 -0.02983624722028778 
3431 18.410478115081787 0.19874660000099628 -0.48607685384699245 0.0 0.04194469652978885 -0.02508854480503505 
3432 18.41577172279358 0.14380958839061644 -0.4754711405289703 0.0 0.04125920800782717 -0.02031706895159339 
3433 18.42113447189331 0.08860955572161364 -0.4607464548405394 0.0 0.040239598356939646 -0.015524197003781692 
3434 18.42638897895813 0.01914625178442144 -0.433813269113548 0.0 0.03849743508093711 -0.010060125632470752 
3435 18.43163537979126 -0.031899104615450355 -0.41783794313205086 0.0 0.03692948813253483 -0.005142461398290908 
3436 18.43699550628662 -0.10468047522728897 -0.3865703119332772 0.0 0.034732170730952985 0.0005297948666983998 
3437 18.44222402572632 -0.17054900151557673 -0.35764298091261504 0.0 0.03235191508840731 0.006229243256024196 
3438 18.447449445724487 -0.2358955845139868 -0.31213641204842246 0.0 0.02911672357956658 0.011914814928804345 
3439 18.452746629714966 -0.30198548439851647 -0.28211011437614525 0.0 0.02620505122160992 0.0176262471851419 
3440 18.457985162734985 -0.35558089155310724 -0.2550864464710958 0.0 0.02358454609944893 0.022766536215845696 
3441 18.46330761909485 -0.43027034413027887 -0.23076514535655135 0.0 0.021226091489504037 0.02861998147359844 
3442 18.46856927871704 -0.4955986112324051 -0.18206865751562903 0.0 0.017857123141268128 0.03436745107106587 
3443 18.47387433052063 -0.5570970982464462 -0.13790978220461642 0.0 0.01423063387702039 0.03988531887470681 
3444 18.47909164428711 -0.6148442999940118 -0.08924819970151024 0.0 0.01027650246229885 0.04511984729712307 
3445 18.484305381774902 -0.6687473079470616 -0.03707460899517435 0.0 0.006008317552868587 0.05004184434364825 
3446 18.489533185958862 -0.7197676256955626 0.017661626450829374 0.0 0.001476660057482775 0.05468256464198759 
3447 18.49492120742798 -0.7677828466620332 0.07407703827110781 0.0 -0.003253773881872604 0.059050959562619305 
3448 18.500284671783447 -0.8128744839730441 0.12991821022032982 0.0 -0.008048057735455135 0.06315508831920603 
3449 18.505555152893066 -0.8547032531250262 0.18433551127346426 0.0 -0.012803932440720886 0.0669830278997038 
3450 18.510771989822388 -0.8948048890531353 0.23678414795295977 0.0 -0.017448540400662623 0.07060074536005385 
3451 18.516098022460938 -0.9321452796237354 0.2874062095321679 0.0 -0.0219546579163062 0.07399091477393861 
3452 18.521382093429565 -0.9657354856903791 0.3355333795540272 0.0 -0.026278610334466764 0.07709959168910763 
3453 18.52682328224182 -0.9930062138045146 0.3857044433475769 0.0 -0.030611186747852747 0.07978235202741427 
3454 18.532078504562378 -1.0 0.4306315870270765 0.0 -0.034702253662142565 0.08212013707499329 
3455 18.537344217300415 -1.0 0.46920932849370867 0.0 -0.0383842138850034 0.0842241436178144 
3456 18.54259419441223 -1.0 0.5085267258003484 0.0 -0.041908901042044824 0.08590682804000284 
3457 18.547826051712036 -1.0 0.5418657402342945 0.0 -0.04508111948338211 0.08726784550617848 
3458 18.55305290222168 -1.0 0.5706961751722566 0.0 -0.047878591637912936 0.0883201878977184 
3459 18.558371543884277 -1.0 0.5939815365740873 0.0 -0.05024291806319674 0.08907554939797799 
3460 18.5636043548584 -1.0 0.6124089256337601 0.0 -0.05217906370370973 0.0895636266059692 
3461 18.568966150283813 -1.0 0.626433616569187 0.0 -0.05371067331382086 0.08979197462681072 
3462 18.57426929473877 -1.0 0.6366857875512474 0.0 -0.0548781990064542 0.08976739007487719 
3463 18.579586505889893 -1.0 0.644778193131617 0.0 -0.05577557436108833 0.08949599288333795 
3464 18.584821939468384 -1.0 0.6515875025422675 0.0 -0.05648733810913782 0.08898328801181325 
3465 18.590084552764893 -1.0 0.6583156594613884 0.0 -0.05710875066815812 0.08823423290419348 
3466 18.595484972000122 -1.0 0.6662657310419525 0.0 -0.05774472122817336 0.0872532862797478 
3467 18.600791454315186 -1.0 0.6755947015255136 0.0 -0.058451318431756785 0.08604446396605067 
3468 18.606154918670654 -1.0 0.6855905614714096 0.0 -0.059221478869493506 0.08461137722768687 
3469 18.611616849899292 -0.9918087515662022 0.6978374562460696 0.0 -0.06012554547486517 0.08266965845976743 
3470 18.61690402030945 -0.974341519034489 0.706808462252362 0.0 -0.06093920541969967 0.08092211156863993 
3471 18.622254610061646 -0.9442417046562509 0.7128782990475806 0.0 -0.06157562604398756 0.0786782023588928 
3472 18.62753129005432 -0.9160767760667732 0.7160577213898851 0.0 -0.06199500609205272 0.07629436408997586 
3473 18.632869005203247 -0.8857573026578226 0.7163848917561044 0.0 -0.06218070073812699 0.07374623854924152 
3474 18.638108253479004 -0.8530540164593319 0.7141144728331332 0.0 -0.06213690370818522 0.07101190632553914 
3475 18.643321990966797 -0.8185850314700641 0.7096961628282545 0.0 -0.061886563424770946 0.06810998808716553 
3476 18.648536205291748 -0.7821107474138393 0.7029305599884492 0.0 -0.061431160144065244 0.06503806762136356 
3477 18.653781175613403 -0.7436071091984183 0.6942421784641537 0.0 -0.060791200165797254 0.06179397033665183 
3478 18.659048795700073 -0.7030522882297828 0.6829964973156151 0.0 -0.05994678953127472 0.058375738355639 
3479 18.664281368255615 -0.660426515281806 0.6698304609931824 0.0 -0.058918373306123095 0.05478161107878901 
3480 18.669605493545532 -0.6161242256368855 0.6545214017259438 0.0 -0.057705177235181045 0.051029178035685574 
3481 18.67506170272827 -0.5719583563244854 0.6382977681516254 0.0 -0.0563640289314761 0.04721096905985101 
3482 18.680330514907837 -0.5283817725290144 0.6221026670810382 0.0 -0.054965248060957275 0.0433910854421731 
3483 18.685727834701538 -0.4736217168087539 0.6065936354594323 0.0 -0.05357212232297869 0.03905197689795579 
3484 18.690964698791504 -0.43334979954359143 0.5923629294702137 0.0 -0.05224160990190099 0.03514677920816021 
3485 18.696213245391846 -0.3971050740049452 0.5778819846468295 0.0 -0.05092909983758561 0.031632101287344186 
3486 18.701679706573486 -0.3644848210201636 0.5573720529156857 0.0 -0.04934517117110877 0.028468891158609767 
3487 18.706958770751953 -0.31533040980548155 0.535133644466764 0.0 -0.04755531464607706 0.0247016131951593 
3488 18.712214946746826 -0.28028750488295817 0.5187890137297926 0.0 -0.04594444377354852 0.021311063028053877 
3489 18.717580318450928 -0.2277076351689588 0.48430940817825363 0.0 -0.043574271885741395 0.017281655332454834 
3490 18.722795248031616 -0.17901339408968725 0.4501279378212427 0.0 -0.04086587425010381 0.01313746991247725 
3491 18.728176832199097 -0.12920987766181496 0.41193360493165887 0.0 -0.037814723812970324 0.008889984540558978 
3492 18.733513355255127 -0.0779911913212615 0.36143273574227686 0.0 -0.034033251431673295 0.0045303543976698436 
3493 18.738810300827026 -0.02486119362493372 0.32633632335060186 0.0 -0.030629926288505967 3.144433245844732e-05 
3494 18.744054317474365 0.029197956080325146 0.29474955219809434 0.0 -0.02756693365965537 -0.004573642848618742 
3495 18.74930167198181 0.08428980930236411 0.24116381927743324 0.0 -0.02364057997877227 -0.009274289061446117 
3496 18.75451683998108 0.13949099903226614 0.19348797245846197 0.0 -0.019589143172039032 -0.014022589519458228 
3497 18.759725332260132 0.1951784690447034 0.14419478282227988 0.0 -0.015405956737816431 -0.018813778239343062 
3498 18.764963150024414 0.25048316253402914 0.09322074770798885 0.0 -0.011085020824629158 -0.023605217138993884 
3499 18.770180463790894 0.3045936638797332 0.04133339471834405 0.0 -0.00665928519459792 -0.028339356944025885 
3500 18.775470972061157 0.35655853858032194 -0.011572256094480864 0.0 -0.002139229819407118 -0.03294522849326849 
3501 18.780868530273438 0.39993870692528477 -0.05385116882267012 0.0 0.0019288200182646044 -0.03709051288758683 
3502 18.786252975463867 0.4501794450241974 -0.11420564881319945 0.0 0.006625501953178304 -0.04133898733641179 
3503 18.791558742523193 0.4952356072215632 -0.1701720604952708 0.0 0.011408583723855309 -0.04539271145911936 
3504 18.7968270778656 0.5376789797044308 -0.22657520830691652 0.0 0.016250250625627304 -0.04923281075300507 
3505 18.802279710769653 0.5785683871420458 -0.2930533957053951 0.0 0.021585663568690776 -0.052899822468609206 
3506 18.80755639076233 0.6133326478135519 -0.35223704955309193 0.0 0.026809380012794162 -0.05620013301265293 
3507 18.812799215316772 0.6434562384361066 -0.40918262377184333 0.0 0.03187504516516074 -0.05911288819931793 
3508 18.81803250312805 0.6687407196188169 -0.46386742849705487 0.0 0.03676011471278021 -0.061619319307933886 
3509 18.823254823684692 0.6894194259766454 -0.5160789668754457 0.0 0.04144429877394333 -0.06372170921098945 
3510 18.828474760055542 0.7050978669940495 -0.5668629222314899 0.0 0.045966860525255455 -0.06540293781919859 
3511 18.833876848220825 0.7164370969721612 -0.6136983934167309 0.0 0.05022891368488526 -0.06668594644782169 
3512 18.83914589881897 0.7240608293316434 -0.6564826618701743 0.0 0.05417981004136851 -0.06761055709481738 
3513 18.844451427459717 0.728338658008849 -0.6947391385292555 0.0 0.05777396639065191 -0.06821260955834837 
3514 18.84968900680542 0.7300156370351032 -0.7292754958971903 0.0 0.061027881919231225 -0.06854353437785314 
3515 18.854915857315063 0.7299831543076856 -0.7602432355395139 0.0 0.0639564058949526 -0.06866879394618279 
3516 18.860152006149292 0.7317389742558082 -0.7881909673710302 0.0 0.06659207747310185 -0.06878152755767948 
3517 18.865362644195557 0.7263673895851351 -0.8113585927266498 0.0 0.06886830819484398 -0.06855701671127241 
3518 18.87057065963745 0.7207250274066896 -0.8320068792843897 0.0 0.07085939140173916 -0.06816320936605717 
3519 18.875758409500122 0.7134951004837373 -0.8500037874196213 0.0 0.07259384221780113 -0.06761703517191457 
3520 18.880972623825073 0.7056595784197541 -0.8656139542821686 0.0 0.07409732350958417 -0.06697208044218583 
3521 18.88632345199585 0.6964817990699983 -0.8790755687668272 0.0 0.07539293222951618 -0.06621904841620532 
3522 18.891597032546997 0.6862862654304809 -0.88977816218268 0.0 0.0764631063788628 -0.0653687466373337 
3523 18.89693260192871 0.6747608664309594 -0.8967306323086655 0.0 0.07725369034405012 -0.06441172726663584 
3524 18.90219211578369 0.6560424085551241 -0.8957120479377199 0.0 0.07754337111737244 -0.0630710409675178 
3525 18.90750026702881 0.6382589543970976 -0.8945452734903447 0.0 0.07759316141568941 -0.06159597664423022 
3526 18.912723541259766 0.6183806566909689 -0.8907216936715995 0.0 0.07740787565854182 -0.05996162247074158 
3527 18.917922258377075 0.5961730533366875 -0.8834595149982742 0.0 0.0769534970088034 -0.0581455581761525 
3528 18.923139810562134 0.5714247907377026 -0.8732629795146017 0.0 0.0762377601277735 -0.056127605144124564 
3529 18.928348541259766 0.5447701713940505 -0.8602022399226537 0.0 0.07526762602435703 -0.05392795224840164 
3530 18.933592557907104 0.5163965712712796 -0.8439278520408444 0.0 0.0740301848389103 -0.05156476947535324 
3531 18.938931465148926 0.49472103453560384 -0.8329775671029797 0.0 0.07291648777200825 -0.04943790497960968 
3532 18.944187879562378 0.4579171486014099 -0.8087410584312515 0.0 0.07124304380860724 -0.04671838697119644 
3533 18.949470281600952 0.42420512189773335 -0.7875008163630122 0.0 0.0694493228343588 -0.04386815040997348 
3534 18.954700708389282 0.3888332442509257 -0.7647073976943382 0.0 0.06752817781470376 -0.040881093082055585 
3535 18.96003770828247 0.35174323427762577 -0.7386431572236252 0.0 0.0653964773158922 -0.03775172224988801 
3536 18.96529746055603 0.302159540437254 -0.7093532323501872 0.0 0.06301775262943156 -0.03397655002489921 
3537 18.970530033111572 0.2671216007412992 -0.6760818384635268 0.0 0.06034000701032204 -0.030578895022409288 
3538 18.975755214691162 0.2355874550149399 -0.6399895565181075 0.0 0.057393142831225305 -0.02752100552016836 
3539 18.98096990585327 0.20720672386121652 -0.6017663224135028 0.0 0.05422324638983528 -0.024768904968151526 
3540 18.986180067062378 0.18166406582286548 -0.5606042513689542 0.0 0.05081427165646184 -0.022292014471336375 
3541 18.991520166397095 0.1339304642092279 -0.5167635675621806 0.0 0.047170951459814564 -0.018912327896038448 
3542 18.996885299682617 0.09669141005569895 -0.4521400816687196 0.0 0.04245385631383311 -0.015602163324188968 
3543 19.002302646636963 0.04976426081040661 -0.40836001405459377 0.0 0.0382084706824498 -0.011875198944895072 
3544 19.007673740386963 0.006328752501116391 -0.33967610741359544 0.0 0.033026215529573855 -0.008118261394937577 
3545 19.01302719116211 -0.0361819197676635 -0.2774408176702985 0.0 0.027710244443535415 -0.004391871688997516 
3546 19.018295526504517 -0.07101483949009706 -0.22793135791480096 0.0 0.02292587046610082 -0.0010381209536514595 
3547 19.023521900177002 -0.11847363113330144 -0.15572355481742406 0.0 0.017335224313617628 0.002728070227731295 
3548 19.028737545013428 -0.1628127594068679 -0.08912089011957466 0.0 0.011632526513708427 0.0065394867137930045 
3549 19.03400444984436 -0.2067826443094106 -0.021421212391889953 0.0 0.005828982231115813 0.010353256345617286 
3550 19.039223194122314 -0.24915731225146304 0.04727149757596048 0.0 -6.532463094993148e-05 0.014092446041847033 
3551 19.044543743133545 -0.29004099533797034 0.11727603907060606 0.0 -0.006060491883707676 0.01772616267747709 
3552 19.04989004135132 -0.3303810385722645 0.18827537174694037 0.0 -0.012146434233146281 0.021284129862907786 
3553 19.055195331573486 -0.3700424556348142 0.2601758765167006 0.0 -0.018314074169597662 0.024773921053042942 
3554 19.060437440872192 -0.4086831793785232 0.3328932716008681 0.0 -0.024555240444244418 0.028183180523303986 
3555 19.065706253051758 -0.44659926212908685 0.40511451791192027 0.0 -0.030805057470710405 0.03151995995556221 
3556 19.07103419303894 -0.4830406537438859 0.47829468135894293 0.0 -0.037101009802262185 0.03475315921528553 
3557 19.076264142990112 -0.5189526499924509 0.5523724999301618 0.0 -0.043457658722615415 0.03791230964383556 
3558 19.081498861312866 -0.5533737650413083 0.6266598739094971 0.0 -0.0498497582685496 0.04096646798599726 
3559 19.086714267730713 -0.5847762537801715 0.6984463968894079 0.0 -0.05613954116805305 0.04383025937928826 
3560 19.091980934143066 -0.6111223255328406 0.7652047567902334 0.0 -0.062145492433642535 0.046369322004801664 
3561 19.097313165664673 -0.63197675221358 0.8260587662036216 0.0 -0.06774259522479939 0.048501079853969786 
3562 19.10258460044861 -0.6440888574449266 0.8798351501801858 0.0 -0.07281833736528905 0.05003616712385235 
3563 19.107922315597534 -0.6568168667977852 0.926713860013517 0.0 -0.077328980849057 0.05132187159562544 
3564 19.113293647766113 -0.667222167697925 0.9671056503961627 0.0 -0.0812735110991027 0.052383131549100015 
3565 19.118653059005737 -0.674298983635949 1.0 0.0 -0.08467019130046602 0.053184868483549294 
3566 19.12394380569458 -0.6773043707418029 1.0 0.0 -0.08757380496789904 0.05367633395386273 
3567 19.129204988479614 -0.6786477880130102 1.0 0.0 -0.08999530912634635 0.05394607954912664 
3568 19.13446593284607 -0.67750633169144 1.0 0.0 -0.09196374140259836 0.05399710393273784 
3569 19.139700174331665 -0.6726688745137779 1.0 0.0 -0.09350523268053425 0.05377457847884852 
3570 19.144943237304688 -0.6636200883160649 1.0 0.0 -0.09466247855010175 0.05322916040442788 
3571 19.150346994400024 -0.6511326963922996 1.0 0.0 -0.09547390206202158 0.052373962667188675 
3572 19.155658721923828 -0.6361516791678984 1.0 0.0 -0.09595491212795039 0.051259139537753136 
3573 19.161051034927368 -0.6191441238873533 1.0 0.0 -0.09613854860237116 0.04992982836956514 
3574 19.16632318496704 -0.6013553978911101 1.0 0.0 -0.09603537552032657 0.04846500091905653 
3575 19.17155623435974 -0.5839358089143301 1.0 0.0 -0.09571242197579552 0.04695490881641441 
3576 19.176918506622314 -0.5664922348743827 1.0 0.0 -0.09523001564347515 0.04542325334107638 
3577 19.18232822418213 -0.5442972228592236 1.0 0.0 -0.0944315299642423 0.04366126787384535 
3578 19.187554597854614 -0.5240561014363768 1.0 0.0 -0.09348279508224182 0.04188373355615305 
3579 19.192874431610107 -0.5036543702713105 1.0 0.0 -0.09232213815096961 0.0400922052730456 
3580 19.1981258392334 -0.48228161750188664 1.0 0.0 -0.09087487730423163 0.03824973279261604 
3581 19.20384955406189 -0.45959164276482367 1.0 0.0 -0.08911214849090175 0.03632306090614809 
3582 19.209421396255493 -0.4352725397613263 0.9871225860850937 0.0 -0.08702714813413259 0.03428225992579711 
3583 19.215117692947388 -0.41069295281760554 0.9580411080123222 0.0 -0.08467127894755039 0.03217709238939988 
3584 19.220688343048096 -0.3850807307548972 0.9259924878544226 0.0 -0.0820524529999122 0.02999482013833678 
3585 19.226350784301758 -0.34264405034216233 0.8906361073573882 0.0 -0.07915861633887515 0.026995338124503103 
3586 19.231843948364258 -0.31480540784946986 0.852681675246498 0.0 -0.07601727003577911 0.024295804312052794 
3587 19.237408876419067 -0.28975062960604664 0.7991869774044326 0.0 -0.07203957248977033 0.021866223880847514 
3588 19.242836713790894 -0.2672013291869658 0.7489675511769399 0.0 -0.06782687806413658 0.019679601492762763 
3589 19.24821424484253 -0.24690695880979302 0.6961008609793836 0.0 -0.06338351088755806 0.017711641343486486 
3590 19.253602504730225 -0.2286420254703375 0.6398005988428025 0.0 -0.058675014537514565 0.015940477209137837 
3591 19.259292602539062 -0.21220358546482754 0.5962388755963869 0.0 -0.05443736782247542 0.014346429488224054 
3592 19.264737367630005 -0.1714264995804392 0.521991447792298 0.0 -0.04899363104022788 0.011703776223506566 
3593 19.2702534198761 -0.1401982455380439 0.4714673101557412 0.0 -0.04409426793620509 0.009018592747789059 
3594 19.27567410469055 -0.10896159007380139 0.394651641048385 0.0 -0.03822755935936143 0.006314306151337714 
3595 19.28110671043396 -0.07834803083923837 0.3248184146570827 0.0 -0.032238055376550286 0.0036311763746744016 
3596 19.28654718399048 -0.04749722162452105 0.25337278757207343 0.0 -0.026118861086673197 0.0009479129215960759 
3597 19.292088270187378 -0.01662235377334762 0.18107396431288603 0.0 -0.019902119962131967 -0.001735470840255762 
3598 19.29754662513733 0.014276456659736633 0.10780949362301549 0.0 -0.013597586872657528 -0.00441896325253279 
3599 19.303184270858765 0.050148127354260226 0.016348252341733774 0.0 -0.006408701005933038 -0.007332650103296319 
3600 19.308587312698364 0.08366202299023634 -0.06654032514926539 0.0 0.0007899372122967081 -0.010242589737289084 
3601 19.314162731170654 0.11716558797008639 -0.14958134715247995 0.0 0.007997352407182799 -0.013149156876188159 
3602 19.319737195968628 0.15024987865016154 -0.23194092708638042 0.0 0.015174317532007885 -0.01603351395527867 
3603 19.325366973876953 0.1823260094157571 -0.3132517271422513 0.0 0.02228552796532958 -0.018859532352092992 
3604 19.33085322380066 0.21305541339658005 -0.3940076630978588 0.0 0.029337559176298225 -0.02159469667893928 
3605 19.33643627166748 0.24254545618206222 -0.47426976286870737 0.0 0.03633632908714912 -0.02422891715606107 
3606 19.3420512676239 0.26740151522562744 -0.540070660922222 0.0 0.04263522200691493 -0.026599715585470682 
3607 19.347909212112427 0.29806112052828954 -0.6303074193826403 0.0 0.04974233260370307 -0.029116929338837104 
3608 19.353594541549683 0.3235135056738274 -0.7050720750038257 0.0 0.05650305286601495 -0.031459120973763854 
3609 19.359174251556396 0.3477604172008468 -0.7750031112668603 0.0 0.06287532257040124 -0.03366296714379012 
3610 19.36468482017517 0.3715563159641696 -0.8405284844755256 0.0 0.068859637144206 -0.03578065202385443 
3611 19.370420932769775 0.39373910487047625 -0.9008246900634134 0.0 0.07441809284359041 -0.037782442114504496 
3612 19.375972986221313 0.41402957114544753 -0.9551210127948968 0.0 0.07949740222993334 -0.03964157763876228 
3613 19.381457328796387 0.4317636640939478 -1.0 0.0 0.08403043104919351 -0.04131479961059429 
3614 19.38688325881958 0.44694742249186736 -1.0 0.0 0.0879951081011822 -0.04278234975679461 
3615 19.392268896102905 0.4606314715986495 -1.0 0.0 0.09139074486501189 -0.04408397007415066 
3616 19.39765691757202 0.47277387121524456 -1.0 0.0 0.09400579834288811 -0.04523625354554686 
3617 19.403121948242188 0.48394104479649236 -1.0 0.0 0.09612924944734384 -0.04627330866980344 
3618 19.408509016036987 0.49403876680368525 -1.0 0.0 0.09781025841572115 -0.04720665828163437 
3619 19.41398000717163 0.5035864038859709 -1.0 0.0 0.09909306946162787 -0.04806584774650644 
3620 19.419405221939087 0.5120349578877762 -1.0 0.0 0.10024759940294392 -0.048839118264891304 
3621 19.425209045410156 0.5209233497346183 -1.0 0.0 0.10084565674055786 -0.04959258617411041 
3622 19.430660486221313 0.5288079971895447 -1.0 0.0 0.10117298613300178 -0.05028988210663185 
3623 19.436179161071777 0.5357605124704102 -1.0 0.0 0.10121831037381519 -0.050917448445901146 
3624 19.44157648086548 0.5408285924616375 -1.0 0.0 0.10099065553646591 -0.051424733708570786 
3625 19.446935892105103 0.5427133367149843 -1.0 0.0 0.10051731990129924 -0.05172789230370854 
3626 19.45228672027588 0.5410408339515324 -1.0 0.0 0.09986122043148735 -0.05177063801369967 
3627 19.457659006118774 0.5356945774166966 -1.0 0.0 0.09909815832569652 -0.051521487684386094 
3628 19.46307373046875 0.5226657002560375 -1.0 0.0 0.09800873244936274 -0.05077953389406543 
3629 19.46844720840454 0.5120301835158029 -1.0 0.0 0.09670227806390828 -0.049920028085592455 
3630 19.473894596099854 0.5006997638127346 -1.0 0.0 0.09518132339228547 -0.04897389990247762 
3631 19.479440927505493 0.4889631416477848 -1.0 0.0 0.09348649327733537 -0.047968986396409355 
3632 19.484984159469604 0.475843042257214 -1.0 0.0 0.09165435007761497 -0.04687281647123452 
3633 19.490412712097168 0.462272109296309 -1.0 0.0 0.08971779972956101 -0.04571369095561703 
3634 19.495776891708374 0.44727735639159105 -0.9952897214215213 0.0 0.0876489335058229 -0.04445955540762365 
3635 19.501169443130493 0.4359195011018755 -0.976675011337758 0.0 0.0857869539044586 -0.0433308334144296 
3636 19.506545305252075 0.4178896435208073 -0.9443084744120116 0.0 0.08338253137161916 -0.04195066326788143 
3637 19.51192593574524 0.40079445460265567 -0.9138566546260662 0.0 0.0808158811342247 -0.04049758792457946 
3638 19.51737666130066 0.3825922717379406 -0.8822773682229647 0.0 0.0781224007071058 -0.038959723089974835 
3639 19.52299404144287 0.35616001581256596 -0.8391778469640476 0.0 0.0748354041273296 -0.037000401802219494 
3640 19.528567790985107 0.3307163055532439 -0.7995697160850751 0.0 0.07143608768909276 -0.03489186673226137 
3641 19.534376621246338 0.30303355543839444 -0.7588816410928534 0.0 0.06793568337824137 -0.03261069037493032 
3642 19.53984546661377 0.255981806486973 -0.7172178697359529 0.0 0.06434430007516911 -0.02934962133743729 
3643 19.54536461830139 0.2257153355896446 -0.6750846395398931 0.0 0.06069021030705784 -0.026414659203693562 
3644 19.550806999206543 0.19847551178204892 -0.6319211429364892 0.0 0.05696050990618718 -0.023773193283324206 
3645 19.55623435974121 0.1739596703552129 -0.5876059925628356 0.0 0.05314358549413787 -0.021395873954991786 
3646 19.561663389205933 0.15189541307106047 -0.5407925005965057 0.0 0.04917146021513081 -0.01925628655949261 
3647 19.567355155944824 0.1320375815153233 -0.4751712755946908 0.0 0.04425431419361773 -0.01733065790354335 
3648 19.573111057281494 0.08364643887672954 -0.42953450579712465 0.0 0.039828882774255954 -0.01417866033094338 
3649 19.57856583595276 0.05427166740430242 -0.3884614129793152 0.0 0.03584599449683036 -0.011341862515603405 
3650 19.584058046340942 0.01503727796512535 -0.2991182442177671 0.0 0.029826200346190983 -0.00819432673096201 
3651 19.58975601196289 -0.01970807186037748 -0.22489414262556906 0.0 0.02356469601992302 -0.005112272684927653 
3652 19.5952467918396 -0.05386686395399547 -0.14711773057148175 0.0 0.017028128837974662 -0.0020891522036396303 
3653 19.60074496269226 -0.08832471588304014 -0.06629937824806693 0.0 0.01022482952663165 0.0009192776978251781 
3654 19.60621166229248 -0.12349551314544882 0.016247929021558735 0.0 0.0032198216723399896 0.00395283570589758 
3655 19.61165142059326 -0.1601644841278678 0.09991746984646624 0.0 -0.003928374987215023 0.007066532707531485 
3656 19.617092609405518 -0.19760986623806398 0.18416283808306835 0.0 -0.01116709194305857 0.010252356293486864 
3657 19.622554540634155 -0.23493238814686984 0.26931680868944075 0.0 -0.018487277910619854 0.013464742686766963 
3658 19.62829875946045 -0.28077921062882344 0.37179215494339823 0.0 -0.026647775577464592 0.017084531891124174 
3659 19.63388204574585 -0.3230455473827314 0.46281643013860596 0.0 -0.03466333899524113 0.020725836969414407 
3660 19.63940739631653 -0.3663690162309983 0.5533774686807185 0.0 -0.04258681270742089 0.024424855962692844 
3661 19.645304441452026 -0.40902672888207126 0.6439689564992911 0.0 -0.050465755313012034 0.02811829303678794 
3662 19.650789260864258 -0.4483642622184534 0.7329734122950535 0.0 -0.058247093989884584 0.0316533093599402 
3663 19.65634274482727 -0.48377486830306937 0.8182437476739632 0.0 -0.0658063669214568 0.03493069812189845 
3664 19.661779165267944 -0.5147404361854441 0.8895401321409224 0.0 -0.07260971255987181 0.03788034800766088 
3665 19.667178630828857 -0.5414269459217876 0.9694926266470343 0.0 -0.07946136508485044 0.040477508462174336 
3666 19.672600269317627 -0.5652494802874096 1.0 0.0 -0.08585794863790601 0.04277660324278796 
3667 19.67803430557251 -0.5875396271805245 1.0 0.0 -0.09176827234944995 0.04486496335956446 
3668 19.683648347854614 -0.6062258579406081 1.0 0.0 -0.09695333999026981 0.04668696302199059 
3669 19.689204216003418 -0.6220226463004283 1.0 0.0 -0.10137062977220865 0.04825006346127712 
3670 19.69462251663208 -0.6354100326985703 1.0 0.0 -0.10505856836258995 0.04958015459973804 
3671 19.700523138046265 -0.6466283053875181 1.0 0.0 -0.10805174274223711 0.05070053736745588 
3672 19.70597767829895 -0.6546564913694441 1.0 0.0 -0.11043880414644777 0.05157465964894836 
3673 19.711654901504517 -0.6608000773934155 1.0 0.0 -0.11228036238264949 0.052246320816946135 
3674 19.717196226119995 -0.6650548122986213 1.0 0.0 -0.1136501440719835 0.05273576698279868 
3675 19.722793102264404 -0.6680210247731543 1.0 0.0 -0.11459532537902045 0.053080394460944744 
3676 19.72847580909729 -0.6659232426127185 1.0 0.0 -0.1148899204329668 0.05312211328225292 
3677 19.733880758285522 -0.6630533772781529 1.0 0.0 -0.1148866100724952 0.05298708689341209 
3678 19.7394118309021 -0.6622402378292105 1.0 0.0 -0.11488363074807077 0.05286556314345534 
3679 19.74489951133728 -0.6549537065794356 1.0 0.0 -0.1141714827199079 0.0524493962310225 
3680 19.750360250473022 -0.6498554961723035 1.0 0.0 -0.11310870507174409 0.05199814675293597 
3681 19.756014347076416 -0.6444251597741184 1.0 0.0 -0.11174953557980369 0.05151532296576112 
3682 19.761548280715942 -0.63828283654856 1.0 0.0 -0.11021948600946942 0.050984907486182535 
3683 19.767066478729248 -0.6312782368992612 1.0 0.0 -0.10853564585869681 0.05039248466921635 
3684 19.772592306137085 -0.624100812237218 1.0 0.0 -0.10671339269541356 0.04976343155294169 
3685 19.778078079223633 -0.6169876565449417 1.0 0.0 -0.10478574412521113 0.04912058449139752 
3686 19.783621311187744 -0.6093275362489492 1.0 0.0 -0.10247561747541777 0.048446148064886556 
3687 19.78903317451477 -0.6026033454974761 1.0 0.0 -0.10005135832468347 0.047800805652578195 
3688 19.794461965560913 -0.5953210779540172 1.0 0.0 -0.09748602880453774 0.047143298224603704 
3689 19.799899101257324 -0.5866821211633461 1.0 0.0 -0.0947745626278136 0.04641731783985696 
3690 19.80544900894165 -0.5757465936586584 1.0 0.0 -0.0918548742032719 0.045553014027234336 
3691 19.811132192611694 -0.5626844623130539 0.9990737675585843 0.0 -0.08870943612724594 0.044525868010958806 
3692 19.816670417785645 -0.5468525474542348 0.9571964494930374 0.0 -0.08526495003882098 0.04329464105883906 
3693 19.82231307029724 -0.5356991610147317 0.9256889063230174 0.0 -0.08216491255923851 0.04218653680193129 
3694 19.827870845794678 -0.5058923112495164 0.8606728257443937 0.0 -0.077668324832005 0.0402688541231248 
3695 19.83347463607788 -0.4882895931902294 0.8192555123597192 0.0 -0.07362139587749485 0.038542939712198965 
3696 19.839301586151123 -0.46586797734759006 0.7626277874568693 0.0 -0.06907794578507045 0.036682820459835876 
3697 19.844951152801514 -0.44836101490788116 0.7108008504870186 0.0 -0.06452864665062279 0.03498953831848486 
3698 19.850563764572144 -0.432813284353575 0.6584680896946937 0.0 -0.05995490856412992 0.03346558439126894 
3699 19.856034517288208 -0.41883711435388865 0.6042180750020598 0.0 -0.05528247616389941 0.032094025856774615 
3700 19.861425399780273 -0.40297599294450465 0.532507986194635 0.0 -0.04975422854750947 0.030706225406993835 
3701 19.86716914176941 -0.38406413863052224 0.48119949082977753 0.0 -0.04477880569275853 0.029169583533885546 
3702 19.873122692108154 -0.3612719039902462 0.4148132479938257 0.0 -0.03936136183419797 0.0273839362394951 
3703 19.879104137420654 -0.3204624011314684 0.32362366454572516 0.0 -0.032587361154964335 0.02464554261554559 
3704 19.88464903831482 -0.2950469591485494 0.2394784896684472 0.0 -0.025512847625920862 0.02218098835399103 
3705 19.890211582183838 -0.27217306136392233 0.15452319281272509 0.0 -0.018263746510037503 0.019962889518591927 
3706 19.895678997039795 -0.2515865533577579 0.06993465076522268 0.0 -0.01095339036936422 0.017966600566732736 
3707 19.90116834640503 -0.23305869615221003 0.0016200004435909382 0.0 -0.004374069842758266 0.016169940510059464 
3708 19.906545877456665 -0.19452534970520882 -0.09042890319303777 0.0 0.002966250890735547 0.01353668428540087 
3709 19.91189455986023 -0.1646378580433918 -0.173989402277401 0.0 0.010262831000307584 0.010917481843351033 
3710 19.91727352142334 -0.13403477055616186 -0.25761503032872596 0.0 0.017539219176309753 0.008272578177200592 
3711 19.922914028167725 -0.10275627683632252 -0.3423508231076031 0.0 0.024854959054771766 0.005585368595135364 
3712 19.928422927856445 -0.06116097412932698 -0.4411269042924875 0.0 0.032838882285938 0.0023998896374811114 
3713 19.93397045135498 -0.023949205196875094 -0.5272521422429157 0.0 0.04054213168792606 -0.0008121873353860339 
3714 19.939454078674316 0.013126339815160933 -0.6083418894177394 0.0 0.04787772613083732 -0.0040290277077205386 
3715 19.94493794441223 0.049448951199362615 -0.6852287597340387 0.0 0.05484408148213099 -0.00721180513859815 
3716 19.950507164001465 0.08589229661188547 -0.7566575424515195 0.0 0.06138224832490567 -0.010383101108917832 
3717 19.95596170425415 0.12143031556728184 -0.8228977889026537 0.0 0.0674775206948115 -0.01350571413628689 
3718 19.96142339706421 0.15653931879230898 -0.8833957077379226 0.0 0.07309748878223839 -0.01658451251500039 
3719 19.966856479644775 0.19126448965656342 -0.9382564167328507 0.0 0.07823215931781957 -0.01962387770992388 
3720 19.972233295440674 0.2264713361761664 -0.9877946828078176 0.0 0.08289171242829112 -0.022666102667884856 
3721 19.97795605659485 0.26090595928601557 -1.0 0.0 0.0870853102277155 -0.025672551784131074 
3722 19.98337435722351 0.29750588034604286 -1.0 0.0 0.09068697566423731 -0.028761851155650445 
3723 19.98883819580078 0.3287210377909343 -1.0 0.0 0.09373672641486451 -0.03163809428861007 
3724 19.994277000427246 0.35631725963726923 -1.0 0.0 0.0962322302505719 -0.034245887922497976 
3725 19.999666452407837 0.38101116978276156 -1.0 0.0 0.09822891186285143 -0.03659290219299709 
3726 20.005322694778442 0.40369716903148023 -1.0 0.0 0.09975747865982168 -0.03872438985067053 
3727 20.010818481445312 0.424384463316781 -1.0 0.0 0.10086474249554259 -0.040661903556800875 
3728 20.016218662261963 0.44368549960012793 -1.0 0.0 0.10153530885093734 -0.04244401514823764 
3729 20.021695137023926 0.4603102287707541 -1.0 0.0 0.10181284747403854 -0.04402874076630649 
3730 20.027146577835083 0.47510136726798824 -1.0 0.0 0.10169831188215608 -0.04543581938087324 
3731 20.032875537872314 0.48824209943858404 -1.0 0.0 0.1012117346825641 -0.04668301531975907 
3732 20.038476705551147 0.49866004217934845 -1.0 0.0 0.09991095117054358 -0.04772879240785934 
3733 20.043994665145874 0.5080269179123331 -1.0 0.0 0.09831840121437885 -0.04863164253123013 
3734 20.050616025924683 0.5164764208390672 -1.0 0.0 0.09648243627270857 -0.0494250328280396 
3735 20.056286334991455 0.5234959593455604 -1.0 0.0 0.09438904821563482 -0.050100734466719636 
3736 20.061923503875732 0.5302447950277217 -1.0 0.0 0.09250499896426845 -0.05070886594153167 
3737 20.067387104034424 0.532654716470361 -1.0 0.0 0.08983144190657003 -0.05108361131337334 
3738 20.0729763507843 0.5337087207656844 -0.9736817647112461 0.0 0.0869458715494531 -0.05128665882099017 
3739 20.07851505279541 0.528208720569835 -0.9276224706497358 0.0 0.08342846970642129 -0.05110508122517179 
3740 20.08404016494751 0.5219949322949148 -0.8851064900392679 0.0 0.07978343908907044 -0.05071156436330239 
3741 20.089744091033936 0.512969702670222 -0.8413652192654104 0.0 0.0760235424817002 -0.05008895253353858 
3742 20.095189332962036 0.501795390318659 -0.7956922726585366 0.0 0.07212191694799627 -0.04926015523266981 
3743 20.100688934326172 0.4882722002246114 -0.747835075573041 0.0 0.06805438603154032 -0.048226616193582324 
3744 20.106124877929688 0.47282432352208914 -0.6983908159635757 0.0 0.06383754008434303 -0.047008809590098004 
3745 20.111499309539795 0.4552293706102577 -0.6471010578806708 0.0 0.059467135981518815 -0.04560598773696131 
3746 20.116888761520386 0.43589117774922453 -0.5943372038816191 0.0 0.054958529352365844 -0.04403665178660846 
3747 20.122284173965454 0.4145690433990563 -0.5216828648151078 0.0 0.04946267641712926 -0.042298278334536824 
3748 20.127662420272827 0.39165033909658664 -0.470675029345237 0.0 0.044516408775416336 -0.04040777113091827 
3749 20.133209466934204 0.3672919671078046 -0.4247679774223531 0.0 0.040064767897874706 -0.03838034429596556 
3750 20.138787269592285 0.3420475214694321 -0.3615933557297495 0.0 0.03504202893443459 -0.03624886386197829 
3751 20.144439458847046 0.3100373762270566 -0.2847834909426874 0.0 0.02912180615425903 -0.03375528853477857 
3752 20.149999380111694 0.2626574871065709 -0.21354726349338937 0.0 0.02304579013252972 -0.030379759681300713 
3753 20.15549945831299 0.23132869748811488 -0.1399766882975969 0.0 0.01679121056495355 -0.027341783713170642 
3754 20.161088705062866 0.20313278683150446 -0.06426959251894411 0.0 0.010356748991890966 -0.024607605341853578 
3755 20.166547060012817 0.1777564672405551 0.01276304753997759 0.0 0.003779568428114848 -0.02214684480766822 
3756 20.17193078994751 0.1549177796087007 0.09036226501365761 0.0 -0.002887709598854962 -0.0199321603269014 
3757 20.17729353904724 0.10673080091871509 0.16927367636876345 0.0 -0.00965525015692334 -0.016654235466477266 
3758 20.182639837265015 0.06753786907361001 0.24794358504260225 0.0 -0.016455503295365756 -0.013301433483502559 
3759 20.18797993659973 0.021429442129682216 0.3401748323812781 0.0 -0.02389878883108835 -0.009593619876868688 
3760 20.193310976028442 -0.013185434097481838 0.41002963297969697 0.0 -0.030597745813238687 -0.006256587630898204 
3761 20.198906421661377 -0.05920615852659789 0.49854627701081583 0.0 -0.03781564259884483 -0.002562967532626194 
3762 20.204452991485596 -0.10364606116681431 0.5808449819895454 0.0 -0.04498286671362275 0.0012214846070843317 
3763 20.209975481033325 -0.14979294908626967 0.6619055882715907 0.0 -0.05206613579620678 0.005126035212538008 
3764 20.21552276611328 -0.1962720221103485 0.7393538300916338 0.0 -0.05893962165024661 0.009100324808712033 
3765 20.221040725708008 -0.23353938591086043 0.8041744917777165 0.0 -0.06512575891888245 0.012677185445268656 
3766 20.226613998413086 -0.2823777150671157 0.8758132238259629 0.0 -0.07130687502571437 0.016605826654350495 
3767 20.23205041885376 -0.32629287936345863 0.9375593932845517 0.0 -0.07702327654554092 0.020467575584336282 
3768 20.23749828338623 -0.36920246044831856 0.9929434402924204 0.0 -0.08222556235605756 0.024249945158795264 
3769 20.2429301738739 -0.40975170148134754 1.0 0.0 -0.08686926995707406 0.027884174056383146 
3770 20.248374938964844 -0.4514201458556984 1.0 0.0 -0.09079933570318985 0.031500126720248614 
3771 20.2546443939209 -0.4871744023448098 1.0 0.0 -0.09414464673245163 0.034831183374624514 
3772 20.26024603843689 -0.5198785941805412 1.0 0.0 -0.09694450370232055 0.037886658806235554 
3773 20.265860557556152 -0.5492051219447512 1.0 0.0 -0.0992342786946278 0.040655761508909725 
3774 20.271390676498413 -0.5754629898232559 1.0 0.0 -0.10104580360278914 0.04314795394131648 
3775 20.27695655822754 -0.5987383904551261 1.0 0.0 -0.10242690492533532 0.04537175231625832 
3776 20.28245973587036 -0.6191087342296044 1.0 0.0 -0.10340144871648749 0.047334821225257485 
3777 20.28787088394165 -0.6370559490028309 1.0 0.0 -0.1039909174052769 0.04906323361490825 
3778 20.293367385864258 -0.652409600211347 1.0 0.0 -0.10417629405926711 0.05056128032292121 
3779 20.298875331878662 -0.6656203033961028 1.0 0.0 -0.10397881157759768 0.051851997917460146 
3780 20.304349184036255 -0.6752521784347435 1.0 0.0 -0.10291903887001225 0.05287942005297549 
3781 20.30992555618286 -0.6840786457763725 1.0 0.0 -0.1014858745676954 0.05374657553226656 
3782 20.315394163131714 -0.6918251861557005 1.0 0.0 -0.09969748301589602 0.05448866583518004 
3783 20.321013927459717 -0.6967580642380679 1.0 0.0 -0.09753186249688967 0.05504149971257284 
3784 20.32644772529602 -0.6974500850175037 1.0 0.0 -0.09495003665050003 0.05530895243153544 
3785 20.331905126571655 -0.6938242282310605 1.0 0.0 -0.09195527638101697 0.05524286434113001 
3786 20.337544202804565 -0.6887263054578722 0.9970795642142016 0.0 -0.08866557513270486 0.0549532872890742 
3787 20.34300947189331 -0.6835966972564642 0.9563264219814287 0.0 -0.08520630032950975 0.05455844424265427 
3788 20.34841775894165 -0.6816029054744218 0.9110701154947828 0.0 -0.08146018562735025 0.05426060994354907 
3789 20.35382080078125 -0.6825764634638573 0.8721710764458703 0.0 -0.07787776018399808 0.05414595758814832 
3790 20.35921049118042 -0.6848507779320357 0.8355981605317706 0.0 -0.07448100395696294 0.05417699416785736 
3791 20.365044593811035 -0.6872513977995452 0.8003213942651497 0.0 -0.07123217595544695 0.05428162634649246 
3792 20.370686054229736 -0.6899291353549591 0.7655764305365602 0.0 -0.06807813372844969 0.054433318259820666 
3793 20.37618136405945 -0.6934609843598917 0.7304543650767406 0.0 -0.06495187425584657 0.05464654023871302 
3794 20.38161873817444 -0.6959207366027029 0.7017520140541107 0.0 -0.062138240730503766 0.05483844001971614 
3795 20.386988639831543 -0.6973577513450899 0.6602792227309385 0.0 -0.05887732985234818 0.05497280019417046 
3796 20.392404317855835 -0.6970202402246747 0.619542290620578 0.0 -0.05544396638229395 0.05499785177017425 
3797 20.39801859855652 -0.694010352419234 0.5751003164654309 0.0 -0.05175952150840973 0.05484782486055948 
3798 20.403534412384033 -0.6885360232106286 0.5266278066633376 0.0 -0.04777240411418154 0.05450187768543951 
3799 20.409228563308716 -0.6729770023938498 0.4641537706516028 0.0 -0.042995163702763385 0.05359610747699611 
3800 20.41461491584778 -0.6583579768986523 0.4000193102913311 0.0 -0.03777525885742658 0.052474118751925286 
3801 20.421247243881226 -0.6429433497222369 0.33623480228389746 0.0 -0.03236787823297161 0.05121505631444638 
3802 20.426835536956787 -0.6266477862320923 0.2722996847836595 0.0 -0.02686846866420726 0.04985180384014057 
3803 20.432298183441162 -0.6097780506393822 0.20993116858928246 0.0 -0.0214012815583809 0.04841395365679866 
3804 20.437753677368164 -0.5917856286014912 0.14823012532028945 0.0 -0.01598226929715846 0.046889791466158084 
3805 20.443197011947632 -0.5737974166133657 0.08775866676516816 0.0 -0.010644964024528034 0.045326298097397195 
3806 20.44897150993347 -0.5488291396898753 0.01975802071980677 0.0 -0.0049976998747326435 0.0434206103857982 
3807 20.454357147216797 -0.523941885437433 -0.04253028847190283 0.0 0.0005258573765214531 0.041360345534380775 
3808 20.45976758003235 -0.5050142109876091 -0.09422227377180119 0.0 0.00549705890265014 0.0395061071681051 
3809 20.465147256851196 -0.46902737473054534 -0.16182119971981346 0.0 0.010949053054200766 0.03695525416437404 
3810 20.470542430877686 -0.4359858264955907 -0.2248923099518236 0.0 0.01641191586641713 0.034218466478916555 
3811 20.476548194885254 -0.3900457716890587 -0.28769913714690665 0.0 0.021865385612442292 0.0307966198310249 
3812 20.482160091400146 -0.35828709967297906 -0.350464423812122 0.0 0.027310401692027628 0.02771695784792241 
3813 20.487712860107422 -0.32970429485850744 -0.41237204768503916 0.0 0.032709460029633146 0.02494526206313017 
3814 20.49337100982666 -0.2817090740717328 -0.47389550308331824 0.0 0.038067156213192316 0.021415298868940263 
3815 20.49887728691101 -0.22617582608251524 -0.5449755381025353 0.0 0.043847820881904524 0.017183720192068208 
3816 20.504353046417236 -0.17600132876338315 -0.6060404011474583 0.0 0.049357214993746304 0.012876755703169157 
3817 20.50976300239563 -0.12549720168138245 -0.6617267046987201 0.0 0.05448824264989307 0.00852111842514102 
3818 20.515146493911743 -0.07491301024906685 -0.712678736645698 0.0 0.059221216053241585 0.004140850451120953 
3819 20.52063536643982 -0.023236266135679563 -0.7582964685334793 0.0 0.06351924174470375 -0.0002999344052113115 
3820 20.526142358779907 0.029044520452755303 -0.7978185377247935 0.0 0.06732994042434695 -0.004795184455624553 
3821 20.532678365707397 0.081460769410809 -0.8311630842883095 0.0 0.07062534590898517 -0.00932027873901546 
3822 20.53851079940796 0.1432679943251594 -0.8555895095398662 0.0 0.07326524012093452 -0.014294077254903496 
3823 20.543986082077026 0.19859338695298862 -0.8767912632484613 0.0 0.07544939714197553 -0.019173165900324744 
3824 20.54942297935486 0.2518367255397041 -0.8933345396880303 0.0 0.07720421624950383 -0.023909491219653158 
3825 20.55494451522827 0.30213471569879324 -0.905050295180147 0.0 0.0785342816064222 -0.028440630661130072 
3826 20.56036376953125 0.3493139024443018 -0.9128026592934022 0.0 0.07948206858779162 -0.03272957855613243 
3827 20.56577777862549 0.3930259410530941 -0.9165734268570311 0.0 0.08006663003067825 -0.03674302980289946 
3828 20.571199655532837 0.43336924980364055 -0.9165378122535397 0.0 0.08030511404723514 -0.04047018443780622 
3829 20.576589107513428 0.4685906549406971 -0.9194520556804747 0.0 0.08051974966213635 -0.043824623609222305 
3830 20.5823175907135 0.5040646153637807 -0.9072978248743697 0.0 0.08002263026611983 -0.04701619172585368 
3831 20.588016986846924 0.535567090849002 -0.8946653206265344 0.0 0.07917255282858293 -0.049946127287230135 
3832 20.593658924102783 0.5642337854172069 -0.8774854724342913 0.0 0.0779472888972695 -0.05262141882778517 
3833 20.599238395690918 0.5909527698306741 -0.8452365768880945 0.0 0.07584746385996062 -0.05508670547069292 
3834 20.6047203540802 0.6140778768925736 -0.8155089238322627 0.0 0.07345907755353617 -0.05728628872821791 
3835 20.610286712646484 0.6339104801475863 -0.7826482936427122 0.0 0.07079181133724959 -0.05920838940358218 
3836 20.615769863128662 0.652400096842339 -0.7582906803302447 0.0 0.06839127174259166 -0.06093828001141002 
3837 20.6211838722229 0.665393999658773 -0.7145503198369627 0.0 0.06521452384061462 -0.06232260869609819 
3838 20.626559257507324 0.6768157016965216 -0.6738299785660553 0.0 0.06181855742067259 -0.06347263062746084 
3839 20.631925582885742 0.6860546223367004 -0.6310294014159434 0.0 0.05822529433456208 -0.06441177666709502 
3840 20.637346744537354 0.6937406404154557 -0.5867644658668998 0.0 0.05447363887685966 -0.06518030903213334 
3841 20.643545627593994 0.6994242264754894 -0.541397886368451 0.0 0.050598605285213274 -0.06577611427581113 
3842 20.649279356002808 0.7001971970177687 -0.4717483002521383 0.0 0.04553874475669195 -0.06606306715526404 
3843 20.65477752685547 0.703443937701001 -0.42478697570785257 0.0 0.04098487028102276 -0.06632132474677166 
3844 20.660283088684082 0.7023001502139093 -0.3825217836179954 0.0 0.036886383252920485 -0.06636200899567962 
3845 20.66595149040222 0.6912847490480774 -0.31396400047361245 0.0 0.03177881240032474 -0.06584255688357438 
3846 20.67151379585266 0.6791475714129969 -0.25530391176334755 0.0 0.026664280139050128 -0.0650107294437416 
3847 20.677037477493286 0.661605707327527 -0.19653520710293804 0.0 0.02154348260996453 -0.06378271588240216 
3848 20.682579040527344 0.6378715051164157 -0.13890161195542614 0.0 0.01647457078252177 -0.062083085926361234 
3849 20.688179969787598 0.6072351139568876 -0.08294772376858564 0.0 0.011509880529230302 -0.05984395270227255 
3850 20.693676948547363 0.5694691159750781 -0.028751731686351922 0.0 0.006677338576065421 -0.05702339321087773 
3851 20.69929528236389 0.509741532107812 0.03373440172171069 0.0 0.001522710855972993 -0.05291255900005378 
3852 20.70473575592041 0.4374926534422862 0.09226716600774862 0.0 -0.0035958229576001513 -0.047621303100048404 
3853 20.710240602493286 0.3883837137459514 0.15050568368686176 0.0 -0.008681872255305942 -0.042859172790043566 
3854 20.715677976608276 0.34418566801924994 0.20889589157192268 0.0 -0.013757861048013416 -0.03857325551103921 
3855 20.721139192581177 0.2759504240604177 0.2672350866520428 0.0 -0.018824794641164346 -0.03339287150375281 
3856 20.726644277572632 0.21249849594320092 0.32512017776275093 0.0 -0.02386440299543208 -0.02802106000607223 
3857 20.732069730758667 0.14679717448102458 0.38196761061459483 0.0 -0.02884107124143064 -0.022457788952812648 
3858 20.737468957901 0.09492892231558905 0.4287826793323154 0.0 -0.03332007266282934 -0.017450845004879027 
3859 20.74296545982361 0.0329644783445343 0.4800520683690652 0.0 -0.037773018364905396 -0.012235129560615949 
3860 20.74845314025879 -0.04543264598631743 0.5381266204518171 0.0 -0.042528484271287095 -0.0061604020168659086 
3861 20.754356384277344 -0.1290327575816977 0.5953607108090773 0.0 -0.0473836465236418 0.0005532112267365762 
3862 20.759887218475342 -0.2075330874821603 0.6432584883139859 0.0 -0.05184916662188225 0.007324104596383933 
3863 20.765592575073242 -0.2866269773477487 0.6863108233610559 0.0 -0.05590648433874714 0.014146550079471677 
3864 20.771042585372925 -0.36584881109237416 0.7251654091028982 0.0 -0.05957724509814979 0.020996216160315405 
3865 20.7766010761261 -0.4301240567311441 0.7600215101064566 0.0 -0.06288092978161217 0.02716091563307476 
3866 20.782090663909912 -0.5123748284477527 0.7865216650868964 0.0 -0.06562414822603739 0.03384045621755629 
3867 20.787506341934204 -0.5838280945523977 0.8073881010808083 0.0 -0.06784377373122105 0.04025471235218265 
3868 20.79318928718567 -0.6507913673934518 0.8229613508817157 0.0 -0.06957298928674695 0.04633433990093427 
3869 20.798624277114868 -0.7130252618649284 0.8335478249078505 0.0 -0.07084166256347273 0.052036100975385524 
3870 20.80425524711609 -0.77300897561769 0.8315870593667809 0.0 -0.07131235150479354 0.0574553081557553 
3871 20.809959650039673 -0.8262704972671118 0.828349358941642 0.0 -0.07135247675761351 0.062428468689209315 
3872 20.8153977394104 -0.873338234916846 0.8293313330661325 0.0 -0.07138858948515149 0.06690431316931793 
3873 20.820948123931885 -0.9199144905453324 0.8121295687801919 0.0 -0.07057740134924315 0.07112431985354199 
3874 20.826427698135376 -0.9612456572879431 0.7952405782800294 0.0 -0.06938713797565993 0.07497985031201637 
3875 20.831830501556396 -0.9983741121020802 0.7747942171433628 0.0 -0.06785570688816932 0.07846900253886756 
3876 20.83736276626587 -1.0 0.7515547162510681 0.0 -0.06603639892732824 0.08159006472880939 
3877 20.842774868011475 -1.0 0.7264307592257635 0.0 -0.06399635215397828 0.0843798458855328 
3878 20.848138093948364 -1.0 0.6992238492289303 0.0 -0.061757639704312264 0.08692899855503235 
3879 20.853572368621826 -1.0 0.6701388823353777 0.0 -0.05934012889101987 0.08929993521447892 
3880 20.85898780822754 -1.0 0.6339987546998755 0.0 -0.056512426965548555 0.0915104774648778 
3881 20.864563703536987 -1.0 0.6026570020386296 0.0 -0.05371822339276727 0.09353831511868527 
3882 20.869999647140503 -1.0 0.5728422289822915 0.0 -0.051011692780079755 0.09540171863556049 
3883 20.875482320785522 -1.0 0.5442372847825088 0.0 -0.04840324264570085 0.09711713142919667 
3884 20.88094449043274 -1.0 0.5173527985028317 0.0 -0.04592141382519015 0.098641828129245 
3885 20.886334657669067 -1.0 0.48998242467401165 0.0 -0.043476845675321896 0.09991818108816727 
3886 20.89196252822876 -1.0 0.4621151013470708 0.0 -0.04102746250058337 0.10091350023740338 
3887 20.897605419158936 -1.0 0.43954336431323376 0.0 -0.03882301764331869 0.10180928747171586 
3888 20.903162956237793 -1.0 0.40481021638380704 0.0 -0.03616790026404809 0.10230870044512533 
3889 20.908579349517822 -1.0 0.37326085108246604 0.0 -0.033452324271008534 0.10262394842162414 
3890 20.913992881774902 -1.0 0.348133786147503 0.0 -0.03100830587727293 0.10290767160047308 
3891 20.919700622558594 -1.0 0.3255270880253199 0.0 -0.028808689322910887 0.10316302246143713 
3892 20.925227880477905 -1.0 0.30518872003463854 0.0 -0.026829034423985047 0.10339283823630477 
3893 20.930811166763306 -1.0 0.2868918491623091 0.0 -0.025047345014951792 0.10359967243368565 
3894 20.936269998550415 -1.0 0.2704323256964961 0.0 -0.02344382454682186 0.10378582321132844 
3895 20.94174337387085 -1.0 0.2556264148965481 0.0 -0.022000656125504923 0.10395335891120695 
3896 20.947291612625122 -1.0 0.24230875549587846 0.0 -0.02070180454631968 0.10410414104109761 
3897 20.952648639678955 -1.0 0.23033052235455936 0.0 -0.01953283812505296 0.1042398449579992 
3898 20.958012342453003 -1.0 0.21955777284665579 0.0 -0.018480768345912914 0.10436197848321065 
3899 20.96335196495056 -1.0 0.20986995860882618 0.0 -0.01753390554468687 0.10447189865590094 
3900 20.968679904937744 -1.0 0.20115858611406315 0.0 -0.016681729023583433 0.1045708268113222 
3901 20.97432541847229 -1.0 0.19332601118806 0.0 -0.01591477015459034 0.10465986215120134 
3902 20.979835033416748 -1.0 0.18628435407394078 0.0 -0.015224507172496553 0.10473999395709256 
3903 20.985397577285767 -1.0 0.17995452299051712 0.0 -0.014603270488612147 0.10481211258239466 
3904 20.99081540107727 -1.0 0.17426533533471938 0.0 -0.014044157473116181 0.10487701934516655 
3905 20.996283769607544 -1.0 0.1691527267637851 0.0 -0.013540955759169812 0.10493543543166126 
3906 21.00193738937378 -1.0 0.1645590393692278 0.0 -0.013088074216618081 0.10498800990950649 
3907 21.007549285888672 -1.0 0.16043238103340982 0.0 -0.012680480828321522 0.1050353269395672 
3908 21.013159036636353 -1.0 0.15672604885045727 0.0 -0.012313646778854619 0.10507791226662183 
3909 21.01861834526062 -1.0 0.15339801020508353 0.0 -0.011983496134334406 0.105116239060971 
3910 21.02402377128601 -1.0 0.15041043574353083 0.0 -0.011686360554266214 0.10515073317588526 
3911 21.029589653015137 -1.0 0.14772927904741698 0.0 -0.011418938532204843 0.10518177787930809 
3912 21.035115003585815 -1.0 0.14532389834019813 0.0 -0.011178258712349608 0.10520971811238863 
3913 21.040684461593628 -1.0 0.14316671602298478 0.0 -0.010961646874479897 0.10523486432216113 
3914 21.046095609664917 -1.0 0.14123291225677634 0.0 -0.010766696220397156 0.10525749591095637 
3915 21.05155920982361 -1.0 0.13950014918647236 0.0 -0.01059124063172269 0.1052778643408721 
3916 21.05703830718994 -1.0 0.13794832274248237 0.0 -0.01043333060191567 0.10529619592779624 
3917 21.06258225440979 -1.0 0.136559339262175 0.0 -0.010291211575089351 0.10531269435602797 
3918 21.068010330200195 -1.0 0.13531691444918195 0.0 -0.010163304450945664 0.10532754294143652 
3919 21.07337975502014 -1.0 0.13420639243677182 0.0 -0.010048188039216347 0.10534090666830423 
3920 21.078736782073975 -1.0 0.1332145829448863 0.0 -0.00994458326865996 0.10535293402248516 
3921 21.084784746170044 -1.0 0.13232961472147298 0.0 -0.009851338975159213 0.105363758641248 
3922 21.090269327163696 -1.0 0.13154080363968454 0.0 -0.00976741911100854 0.10537350079813455 
3923 21.095844507217407 -1.0 0.13083853398535855 0.0 -0.009691891233272935 0.10538226873933246 
3924 21.101318836212158 -1.0 0.1302141516157488 0.0 -0.00962391614331089 0.10539015988641057 
3925 21.106932878494263 -1.0 0.12965986780238362 0.0 -0.00956273856234505 0.10539726191878086 
3926 21.112499713897705 -1.0 0.12916867268963858 0.0 -0.009507678739475795 0.10540365374791413 
3927 21.1180682182312 -1.0 0.12873425740745162 0.0 -0.009458124898893465 0.10540940639413407 
3928 21.123500108718872 -1.0 0.12835094397276697 0.0 -0.009413526442369367 0.10541458377573201 
3929 21.12889075279236 -1.0 0.1280136222008344 0.0 -0.00937338783149768 0.10541924341917017 
3930 21.13434076309204 -1.0 0.12771769292537868 0.0 -0.00933726308171316 0.1054234370982645 
3931 21.141041040420532 -1.0 0.12745901689675213 0.0 -0.009304750806907094 0.10542721140944941 
3932 21.146695375442505 -1.0 0.12723386879027185 0.0 -0.009275489759581633 0.10543060828951582 
3933 21.152181386947632 -1.0 0.12703889581372318 0.0 -0.009249154816988719 0.1054336654815756 
3934 21.157586574554443 -1.0 0.126871080454113 0.0 -0.009225453368655096 0.10543641695442939 
3935 21.16307234764099 -1.0 0.12672770694974744 0.0 -0.009204122065154835 0.10543889327999781 
3936 21.168457984924316 -1.0 0.12660633111510208 0.0 -0.009184923892004601 0.10544112197300938 
3937 21.17400574684143 -1.0 0.1265047531832048 0.0 -0.00916764553616939 0.1054431277967198 
3938 21.17954444885254 -1.0 0.12642099336378088 0.0 -0.0091520950159177 0.10544493303805917 
3939 21.18496870994568 -1.0 0.12635326984558296 0.0 -0.009138099547691179 0.10544655775526461 
3940 21.190340280532837 -1.0 0.12629997899848844 0.0 -0.00912550362628731 0.1054480200007495 
3941 21.196200132369995 -1.0 0.12625967755538697 0.0 -0.009114167297023829 0.10544933602168591 
3942 21.201714992523193 -1.0 0.12623106657587926 0.0 -0.009103964600686696 0.10545052044052868 
3943 21.20736002922058 -1.0 0.1262129770136059 0.0 -0.009094782173983275 0.10545158641748716 
3944 21.213027000427246 -1.0 0.12620435672684352 0.0 -0.009086517989950197 0.1054525457967498 
3945 21.21858239173889 -1.0 0.12620425878804095 0.0 -0.009079080224320427 0.10545340923808617 
3946 21.22404646873474 -1.0 0.12621183096240224 0.0 -0.009072386235253633 0.10545418633528891 
3947 21.2296302318573 -1.0 0.12622630623861103 0.0 -0.009066361645093519 0.10545488572277138 
3948 21.23513650894165 -1.0 0.12624699430648254 0.0 -0.009060939513949417 0.1054555151715056 
3949 21.240554332733154 -1.0 0.12627327388685047 0.0 -0.009056059595919723 0.1054560816753664 
3950 21.245964288711548 -1.0 0.12630458582846524 0.0 -0.009051667669693 0.10545659152884111 
3951 21.252641916275024 -1.0 0.12634042689520214 0.0 -0.00904771493608895 0.10545705039696836 
3952 21.25820803642273 -1.0 0.12638034417454894 0.0 -0.009044157475845303 0.10545746337828288 
3953 21.26377272605896 -1.0 0.1264239300452447 0.0 -0.009040955761626022 0.10545783506146594 
3954 21.269189596176147 -1.0 0.12647081764815446 0.0 -0.009038074218828669 0.10545816957633071 
3955 21.274588346481323 -1.0 0.12652067681005683 0.0 -0.009035480830311051 0.10545847063970899 
3956 21.280004262924194 -1.0 0.1265732103750526 0.0 -0.009033146780645195 0.10545874159674945 
3957 21.285542011260986 -1.0 0.12662815090283236 0.0 -0.009031046135945924 0.10545898545808587 
3958 21.2909517288208 -1.0 0.12668525769711778 0.0 -0.009029155555716581 0.10545920493328863 
3959 21.296353101730347 -1.0 0.1267443141312583 0.0 -0.009027454033510173 0.10545940246097112 
3960 21.301921367645264 -1.0 0.1268051252412683 0.0 -0.009025922663524404 0.10545958023588536 
3961 21.3085994720459 -1.0 0.12686751555956094 0.0 -0.009024544430537212 0.10545974023330819 
3962 21.314185857772827 -1.0 0.12693132716530792 0.0 -0.00902330402084874 0.10545988423098872 
3963 21.3197762966156 -1.0 0.1269964179297638 0.0 -0.009022187652129116 0.1054600138289012 
3964 21.325212955474854 -1.0 0.1270626599370577 0.0 -0.009021182920281453 0.10546013046702243 
3965 21.33063769340515 -1.0 0.12712993806290582 0.0 -0.009020278661618556 0.10546023544133154 
3966 21.336032152175903 -1.0 0.1271981486954527 0.0 -0.00901946482882195 0.10546032991820974 
3967 21.34154772758484 -1.0 0.12726719858402855 0.0 -0.009018732379305004 0.10546041494740012 
3968 21.34711003303528 -1.0 0.12733700380303037 0.0 -0.009018073174739752 0.10546049147367147 
3969 21.352505683898926 -1.0 0.12740748881941563 0.0 -0.009017479890631026 0.10546056034731567 
3970 21.357908964157104 -1.0 0.12747858565344597 0.0 -0.009016945934933173 0.10546062233359546 
3971 21.363632678985596 -1.0 0.1275502331233569 0.0 -0.009016465374805105 0.10546067812124726 
3972 21.36976981163025 -1.0 0.12762237616556033 0.0 -0.009016032870689843 0.1054607283301339 
3973 21.37584352493286 -1.0 0.12769496522282703 0.0 -0.009015643616986108 0.10546077351813186 
3974 21.381890058517456 -1.0 0.12776795569365065 0.0 -0.009015293288652746 0.10546081418733003 
3975 21.38755226135254 -1.0 0.12784130743667552 0.0 -0.00901497799315272 0.10546085078960837 
3976 21.393325328826904 -1.0 0.1279149843246815 0.0 -0.009014694227202698 0.10546088373165889 
3977 21.398961544036865 -1.0 0.1279889538431705 0.0 -0.009014438837847678 0.10546091337950436 
3978 21.404722690582275 -1.0 0.12806318672909417 0.0 -0.00901420898742816 0.10546094006256528 
3979 21.41029119491577 -1.0 0.1281376566457091 0.0 -0.009014002122050592 0.1054609640773201 
3980 21.415817499160767 -1.0 0.12821233988994613 0.0 -0.009013815943210782 0.10546098569059945 
3981 21.421744108200073 -1.0 0.12828721512904306 0.0 -0.009013648382254952 0.10546100514255086 
3982 21.427462577819824 -1.0 0.12836226316351396 0.0 -0.009013497577394707 0.10546102264930712 
3983 21.433557987213135 -1.0 0.1284374667138213 0.0 -0.009013361853020485 0.10546103840538777 
3984 21.439324378967285 -1.0 0.12851281022838157 0.0 -0.009013239701083685 0.10546105258586035 
3985 21.44494915008545 -1.0 0.12858827971076942 0.0 -0.009013129764340566 0.10546106534828567 
3986 21.450579404830933 -1.0 0.128663862564202 0.0 -0.009013030821271759 0.10546107683446845 
3987 21.4561767578125 -1.0 0.128739547451575 0.0 -0.009012941772509832 0.10546108717203297 
3988 21.461646556854248 -1.0 0.1288153241694943 0.0 -0.009012861628624098 0.10546109647584102 
3989 21.46705937385559 -1.0 0.1288911835349053 0.0 -0.009012789499126938 0.10546110484926828 
3990 21.47237539291382 -1.0 0.12896711728305874 0.0 -0.009012724582579493 0.1054611123853528 
3991 21.478729963302612 -1.0 0.1290431179756805 0.0 -0.009012666157686793 0.10546111916782888 
3992 21.48424792289734 -1.0 0.12911917891832367 0.0 -0.009012613575283364 0.10546112527205735 
3993 21.489720106124878 -1.0 0.1291952940859861 0.0 -0.009012566251120277 0.10546113076586297 
3994 21.495070457458496 -1.0 0.12927145805616588 0.0 -0.009012523659373498 0.10546113571028803 
3995 21.500432014465332 -1.0 0.12934766594861136 0.0 -0.009012485326801397 0.10546114016027058 
3996 21.505788564682007 -1.0 0.12942391337109582 0.0 -0.009012450827486506 0.10546114416525489 
3997 21.511120080947876 -1.0 0.12950019637061547 0.0 -0.009012419778103105 0.10546114776974075 
3998 21.516587495803833 -1.0 0.12957651138946677 0.0 -0.009012391833658043 0.10546115101377802 
3999 21.522704362869263 -1.0 0.12965285522571654 0.0 -0.009012366683657489 0.10546115393341157 
4000 21.528241634368896 -1.0 0.12972922499762493 0.0 -0.00901234404865699 0.10546115656108176 
4001 21.53387451171875 -1.0 0.12980561811162608 0.0 -0.00901232367715654 0.10546115892598494 
4002 21.539316654205322 -1.0 0.12988203223351075 0.0 -0.009012305342806136 0.1054611610543978 
4003 21.54483652114868 -1.0 0.12995846526249052 0.0 -0.009012288841890771 0.10546116296996938 
4004 21.550224781036377 -1.0 0.13003491530785594 0.0 -0.009012273991066943 0.1054611646939838 
4005 21.55569553375244 -1.0 0.13011138066796837 0.0 -0.009012260625325497 0.10546116624559677 
4006 21.5610454082489 -1.0 0.13018785981135322 0.0 -0.009012248596158196 0.10546116764204845 
4007 21.566351413726807 -1.0 0.13026435135968323 0.0 -0.009012237769907627 0.10546116889885496 
4008 21.57164716720581 -1.0 0.13034085407246374 0.0 -0.009012228026282113 0.10546117002998082 
4009 21.57697105407715 -1.0 0.1304173668332499 0.0 -0.009012219257019151 0.10546117104799409 
4010 21.582308530807495 -1.0 0.13049388863724098 0.0 -0.009012211364682485 0.10546117196420603 
4011 21.587822198867798 -1.0 0.13057041858011656 0.0 -0.009012204261579485 0.10546117278879678 
4012 21.59321928024292 -1.0 0.1306469558479882 0.0 -0.009012197868786785 0.10546117353092846 
4013 21.598679542541504 -1.0 0.1307234997083563 0.0 -0.009012192115273356 0.10546117419884697 
4014 21.60406494140625 -1.0 0.13080004950197116 0.0 -0.009012186937111269 0.10546117479997363 
4015 21.609474420547485 -1.0 0.13087660463550815 0.0 -0.00901218227676539 0.10546117534098763 
4016 21.614930391311646 -1.0 0.13095316457497505 0.0 -0.0090121780824541 0.10546117582790022 
4017 21.620347023010254 -1.0 0.13102972883977887 0.0 -0.00901217430757394 0.10546117626612156 
4018 21.62578845024109 -1.0 0.1311062969973859 0.0 -0.009012170910181794 0.10546117666052075 
4019 21.63144850730896 -1.0 0.13118286865851586 0.0 -0.009012167852528865 0.10546117701548004 
4020 21.637113571166992 -1.0 0.13125944347281643 0.0 -0.009012165100641227 0.10546117733494338 
4021 21.64289140701294 -1.0 0.1313360211249705 0.0 -0.009012162623942353 0.10546117762246039 
4022 21.64842653274536 -1.0 0.1314126013311928 0.0 -0.009012160394913368 0.1054611778812257 
4023 21.654026985168457 -1.0 0.1314891838360765 0.0 -0.00901215838878728 0.10546117811411448 
4024 21.6595299243927 -1.0 0.13156576840975542 0.0 -0.009012156583273801 0.10546117832371439 
4025 21.665176153182983 -1.0 0.13164235484535003 0.0 -0.009012154958311671 0.1054611785123543 
4026 21.67070746421814 -1.0 0.1317189429566688 0.0 -0.009012153495845754 0.10546117868213023 
4027 21.676122903823853 -1.0 0.1317955325761393 0.0 -0.009012152179626427 0.10546117883492856 
4028 21.681532382965088 -1.0 0.1318721235529463 0.0 -0.009012150995029033 0.10546117897244706 
4029 21.686925172805786 -1.0 0.13194871575135628 0.0 -0.00901214992889138 0.1054611790962137 
4030 21.692335605621338 -1.0 0.13202530904920884 0.0 -0.00901214896936749 0.10546117920760369 
4031 21.697946071624756 -1.0 0.13210190333655975 0.0 -0.009012148105795991 0.10546117930785467 
4032 21.70346212387085 -1.0 0.13217849851445915 0.0 -0.009012147328581641 0.10546117939808056 
4033 21.70911145210266 -1.0 0.13225509449385225 0.0 -0.009012146629088726 0.10546117947928385 
4034 21.71462655067444 -1.0 0.13233169119458962 0.0 -0.009012145999545102 0.10546117955236682 
4035 21.720223426818848 -1.0 0.13240828854453687 0.0 -0.00901214543295584 0.1054611796181415 
4036 21.725691318511963 -1.0 0.13248488647877302 0.0 -0.009012144923025506 0.1054611796773387 
4037 21.73113441467285 -1.0 0.13256148493886913 0.0 -0.009012144464088205 0.10546117973061618 
4038 21.736783981323242 -1.0 0.13263808387223922 0.0 -0.009012144051044634 0.10546117977856592 
4039 21.74240493774414 -1.0 0.1327146832315559 0.0 -0.00901214367930542 0.10546117982172068 
4040 21.74782705307007 -1.0 0.13279128297422457 0.0 -0.009012143344740127 0.10546117986055997 
4041 21.75348162651062 -1.0 0.13286788306190997 0.0 -0.009012143043631364 0.10546117989551533 
4042 21.759092092514038 -1.0 0.1329444834601104 0.0 -0.009012142772633477 0.10546117992697515 
4043 21.764646768569946 -1.0 0.13302108413777441 0.0 -0.00901214252873538 0.10546117995528899 
4044 21.77006959915161 -1.0 0.13309768506695563 0.0 -0.009012142309227091 0.10546117998077144 
4045 21.7756290435791 -1.0 0.13317428622250232 0.0 -0.009012142111669631 0.10546118000370565 
4046 21.781082153320312 -1.0 0.13325088758177794 0.0 -0.009012141933867917 0.10546118002434644 
4047 21.786489248275757 -1.0 0.1333274891244096 0.0 -0.009012141773846374 0.10546118004292315 
4048 21.79187250137329 -1.0 0.13340409083206173 0.0 -0.009012141629826985 0.1054611800596422 
4049 21.797236442565918 -1.0 0.1334806926882322 0.0 -0.009012141500209537 0.10546118007468933 
4050 21.8026123046875 -1.0 0.1335572946780693 0.0 -0.009012141383553832 0.10546118008823174 
4051 21.80828833580017 -1.0 0.13363389678820625 0.0 -0.009012141278563698 0.10546118010041992 
4052 21.813795566558838 -1.0 0.1337104990066131 0.0 -0.009012141184072578 0.10546118011138929 
4053 21.819375038146973 -1.0 0.1337871013224629 0.0 -0.00901214109903057 0.10546118012126171 
4054 21.82485294342041 -1.0 0.1338637037260113 0.0 -0.009012141022492762 0.1054611801301469 
4055 21.830406665802002 -1.0 0.13394030620848849 0.0 -0.009012140953608735 0.10546118013814355 
4056 21.835930347442627 -1.0 0.1340169087620015 0.0 -0.009012140891613112 0.10546118014534055 
4057 21.84156036376953 -1.0 0.1340935113794469 0.0 -0.00901214083581705 0.10546118015181785 
4058 21.847182035446167 -1.0 0.1341701140544313 0.0 -0.009012140785600593 0.10546118015764742 
4059 21.852654933929443 -1.0 0.13424671678120093 0.0 -0.009012140740405784 0.10546118016289403 
4060 21.85806679725647 -1.0 0.13432331955457713 0.0 -0.009012140699730454 0.10546118016761598 
4061 21.863710165023804 -1.0 0.13439992236989934 0.0 -0.009012140663122658 0.10546118017186573 
4062 21.86930751800537 -1.0 0.13447652522297293 0.0 -0.009012140630175641 0.10546118017569052 
4063 21.874895095825195 -1.0 0.1345531281100228 0.0 -0.009012140600523326 0.10546118017913282 
4064 21.88031029701233 -1.0 0.13462973102765124 0.0 -0.009012140573836242 0.1054611801822309 
4065 21.885765552520752 -1.0 0.13470633397280046 0.0 -0.009012140549817867 0.10546118018501917 
4066 21.89141035079956 -1.0 0.1347829369427184 0.0 -0.00901214052820133 0.1054611801875286 
4067 21.8971266746521 -1.0 0.13485953993492808 0.0 -0.009012140508746446 0.1054611801897871 
4068 21.902777910232544 -1.0 0.13493614294720047 0.0 -0.009012140491237051 0.10546118019181974 
4069 21.908417463302612 -1.0 0.13501274597752919 0.0 -0.009012140475478596 0.10546118019364913 
4070 21.91391897201538 -1.0 0.13508934902410863 0.0 -0.009012140461295986 0.10546118019529557 
4071 21.91942834854126 -1.0 0.13516595208531376 0.0 -0.009012140448531637 0.10546118019677737 
4072 21.924987077713013 -1.0 0.13524255515968192 0.0 -0.009012140437043722 0.10546118019811099 
4073 21.930474996566772 -1.0 0.13531915824589694 0.0 -0.009012140426704599 0.10546118019931125 
4074 21.935837984085083 -1.0 0.135395761342774 0.0 -0.009012140417399388 0.10546118020039148 
4075 21.941729307174683 -1.0 0.135472364449247 0.0 -0.009012140409024698 0.10546118020136369 
4076 21.947393894195557 -1.0 0.1355489675643563 0.0 -0.009012140401487477 0.10546118020223867 
4077 21.95297145843506 -1.0 0.13562557068723827 0.0 -0.009012140394703978 0.10546118020302615 
4078 21.958332300186157 -1.0 0.13570217381711563 0.0 -0.009012140388598829 0.10546118020373489 
4079 21.963685989379883 -1.0 0.13577877695328885 0.0 -0.009012140383104194 0.10546118020437276 
4080 21.969051837921143 -1.0 0.13585538009512838 0.0 -0.009012140378159023 0.10546118020494684 
4081 21.974659204483032 -1.0 0.1359319832420676 0.0 -0.00901214037370837 0.10546118020546351 
4082 21.980127334594727 -1.0 0.13600858639359645 0.0 -0.009012140369702782 0.10546118020592851 
4083 21.98568892478943 -1.0 -0.03259473384278459 0.0 -0.0011696630481982878 0.09491506218533566 
4084 21.991138219833374 -1.0 -0.10597194961445144 0.0 0.005888566541155757 0.0854235559668021 
4085 21.996581554412842 -1.0 -0.17207044454687015 0.0 0.012240973171574398 0.07688120037012189 
4086 22.002066612243652 -0.9667656580697096 -0.2312056712353585 0.0 0.017938964417859186 0.0691930803331097 
4087 22.007487773895264 -0.895411062788194 -0.28426553872696514 0.0 0.023047981725291256 0.062273772299798726 
4088 22.01306939125061 -0.83119192703483 -0.33185742288991477 0.0 0.02762692258088813 0.05604639506981885 
4089 22.018483638763428 -0.7733947048568023 -0.3749403776292284 0.0 0.03174796935092532 0.05044175556283697 
4090 22.02387261390686 -0.7213772048965774 -0.4145983896566989 0.0 0.035495260979275016 0.04539758000655327 
4091 22.029479026794434 -0.6745614549323748 -0.45079078185826316 0.0 0.03890617288697371 0.040857822005897944 
4092 22.035074472427368 -0.610981426494327 -0.4834520256326214 0.0 0.04199516841812679 0.03577495244587975 
4093 22.04067873954773 -0.5476373931240319 -0.5127147235962701 0.0 0.04477526439616456 0.030452553577234004 
4094 22.04613161087036 -0.48860543179634897 -0.5391104784725226 0.0 0.04727735077639855 0.02522137535841136 
4095 22.05180335044861 -0.429557773384139 -0.5629259845701186 0.0 0.04952922851860914 0.020033946095981022 
4096 22.057340383529663 -0.37046297974069997 -0.5848316862555306 0.0 0.05157509320769066 0.014866715707550483 
4097 22.062764406204224 -0.3106884516738405 -0.604826981747322 0.0 0.053435546242088273 0.009679315422329339 
4098 22.068286895751953 -0.24944381538208707 -0.6239279126966666 0.0 0.055167478229454336 0.004416237414794891 
4099 22.07384490966797 -0.1870338638098631 -0.6426657510724982 0.0 0.05682209080980824 -0.0009341249845167439 
4100 22.079250812530518 -0.1233492278642482 -0.6606941277093705 0.0 0.05840711601698345 -0.006382218523181121 
4101 22.084896564483643 -0.05829133985445945 -0.6756102778336959 0.0 0.0598144638892169 -0.011937444342693664 
4102 22.09073257446289 0.022250992120351046 -0.682277024265095 0.0 0.06075510606373744 -0.01826020612956969 
4103 22.096213579177856 0.08157239570741284 -0.6915956429110387 0.0 0.06160168402080593 -0.023950691737758115 
4104 22.10162878036499 0.16513223325297155 -0.6851941048067315 0.0 0.06167331277930609 -0.030471886277018037 
4105 22.107062816619873 0.24126143275468606 -0.6756656758286747 0.0 0.06123923487746825 -0.037031252753571914 
4106 22.112449407577515 0.3173911662606872 -0.6601640702886002 0.0 0.06029249670163491 -0.04360579921767376 
4107 22.117883682250977 0.39330641093036955 -0.6394447013205112 0.0 0.058865189499906 -0.050174832856344546 
4108 22.123297691345215 0.4679886448261293 -0.6150410464795196 0.0 0.057043719803319536 -0.05668138069571915 
4109 22.128734827041626 0.541316625161526 -0.5877583114501823 0.0 0.054905853210413004 -0.06309334187354323 
4110 22.13434910774231 0.6134015727954637 -0.5579090986359683 0.0 0.05250240441130717 -0.06940100005548308 
4111 22.140100479125977 0.683326852138096 -0.5263790661460644 0.0 0.04989828088254141 -0.07555726165724792 
4112 22.145583391189575 0.7568367773591527 -0.482226127987031 0.0 0.04661500641736752 -0.08180736298995911 
4113 22.15107297897339 0.8222047070316627 -0.44158811699915346 0.0 0.043180690533221065 -0.08772007565770476 
4114 22.15663170814514 0.8852905727046186 -0.383423123476772 0.0 0.03886262147989896 -0.09336748815542993 
4115 22.162099361419678 0.9459418472352719 -0.34334647688253156 0.0 0.03497635933190907 -0.09877613012760762 
4116 22.16748285293579 1.0 -0.3072774949477151 0.0 0.03147872339871816 -0.1038740049282004 
4117 22.172940015792847 1.0 -0.27481541120638037 0.0 0.02833085105884635 -0.10855796631985512 
4118 22.178354740142822 1.0 -0.24559953583917907 0.0 0.025497765952961715 -0.11277353157234438 
4119 22.18380570411682 1.0 -0.1912606666956392 0.0 0.02164410571570731 -0.11631826845972759 
4120 22.189339637756348 1.0 -0.14754744555705968 0.0 0.01781149077697578 -0.11929760907443485 
4121 22.19499969482422 1.0 -0.10523584620445006 0.0 0.014055341049587576 -0.12167221971767057 
4122 22.200521230697632 1.0 -0.057009142446372854 0.0 0.010061214474936589 -0.12304237859025814 
4123 22.205999851226807 1.0 -0.011883031910107693 0.0 0.006102179832548139 -0.12385367715276972 
4124 22.211366176605225 1.0 0.032948336375599914 0.0 0.0021747286742540336 -0.12416200106368389 
4125 22.216785192489624 1.0 0.07710513533955674 0.0 -0.0017051232791889786 -0.12401764778816038 
4126 22.222231149673462 1.0 0.12126191783758511 0.0 -0.00556131076249025 -0.12348505985906721 
4127 22.22778010368347 1.0 0.16481759658337627 0.0 -0.009377024663381651 -0.12254553648535313 
4128 22.233224391937256 1.0 0.2080269873039686 0.0 -0.01315631308516223 -0.12123977121148022 
4129 22.238622903823853 1.0 0.25010280210806035 0.0 -0.016864468947294584 -0.11952768915683191 
4130 22.244019031524658 1.0 0.291544502640188 0.0 -0.02050860550574353 -0.11739239769651141 
4131 22.24965739250183 1.0 0.33200568660420743 0.0 -0.024075949876653173 -0.11481869352631924 
4132 22.255101203918457 1.0 0.3717785985816523 0.0 -0.02757418127877744 -0.11185041794052564 
4133 22.260624885559082 0.9730790061439339 0.4162959739212273 0.0 -0.031259482848851966 -0.10779838710758843 
4134 22.266152381896973 0.9216430939622424 0.45640890513021687 0.0 -0.034825526101776146 -0.1034804427227416 
4135 22.271697282791138 0.8668573143270379 0.495023732598551 0.0 -0.0382650613099827 -0.0988848266989921 
4136 22.277168035507202 0.8086092789666406 0.5316591671781813 0.0 -0.04155239113961104 -0.09400095675804625 
4137 22.282568216323853 0.7463850869682662 0.5656609949252845 0.0 -0.044645211685846245 -0.08880013384895095 
4138 22.28794288635254 0.6803259100492768 0.5962192758843186 0.0 -0.04748627462013066 -0.08327570364007267 
4139 22.29337191581726 0.611191579637238 0.6223837388021118 0.0 -0.05000488163253814 -0.07746002723391872 
4140 22.298784494400024 0.540519692460496 0.6451397587304171 0.0 -0.05221410350103215 -0.07143975332036037 
4141 22.304556131362915 0.4687069080487291 0.6650194391526623 0.0 -0.054144878740004024 -0.0652736905335285 
4142 22.31026816368103 0.39052844500254313 0.6773608831858666 0.0 -0.055594954986773124 -0.058746321480175646 
4143 22.315781354904175 0.3299469537130174 0.6914027462938331 0.0 -0.05690002360886531 -0.052871689332158085 
4144 22.321295738220215 0.23500641753728413 0.6933758451508966 0.0 -0.05757604168903408 -0.04570539382037287 
4145 22.32684302330017 0.15390052405316934 0.6944172972338359 0.0 -0.05791601130710463 -0.03858461159709184 
4146 22.332382202148438 0.0723351423357625 0.6914921721836913 0.0 -0.05791518768083829 -0.031466440959958035 
4147 22.337815761566162 0.005993257621346976 0.6919767440726473 0.0 -0.05791444641719858 -0.02506008738653761 
4148 22.343228578567505 -0.08426124039061536 0.6767901117705382 0.0 -0.057185138574575786 -0.01787543738821359 
4149 22.348613262176514 -0.16783756684915507 0.6613783211216572 0.0 -0.05610691634833998 -0.01064226131086837 
4150 22.353978872299194 -0.25234185480928467 0.6418675199436339 0.0 -0.05467632229346204 -0.0033462384382959356 
4151 22.35955286026001 -0.33749628932735154 0.6194596079655931 0.0 -0.052947768407030416 0.004006348040097104 
4152 22.365098237991333 -0.4215928052393609 0.5942487994617794 0.0 -0.05095105067220048 0.011333141016715599 
4153 22.370718717575073 -0.5174704555903128 0.554963849677557 0.0 -0.04817609142059132 0.019192789454240054 
4154 22.376179456710815 -0.6027292032206917 0.5178584792951942 0.0 -0.04514173478598039 0.02680336635617475 
4155 22.3815975189209 -0.6832473875492728 0.4782999669603909 0.0 -0.041873920506667855 0.034074729990733216 
4156 22.387127161026 -0.7610655609290266 0.42126951615605635 0.0 -0.037686528456001074 0.0410599764988773 
4157 22.392576456069946 -0.8379154109430766 0.38240570242501026 0.0 -0.033917875610400966 0.047864416850145426 
4158 22.397993326187134 -0.9156057069166749 0.3474282700670689 0.0 -0.03052608804936087 0.05462118054557064 
4159 22.403395414352417 -0.9920824509396516 0.3159485809449216 0.0 -0.027473479244424785 0.06129668562228876 
4160 22.40886402130127 -1.0 0.26452132129775463 0.0 -0.023652344703656927 0.06774565942837654 
4161 22.41493821144104 -1.0 0.21947985631987213 0.0 -0.019772304007395353 0.07387570769566768 
4162 22.420881509780884 -1.0 0.16313126107498283 0.0 -0.01534070409147523 0.07994881925861663 
4163 22.42636227607727 -1.0 0.11189421235490173 0.0 -0.010892070115881402 0.08556801668894852 
4164 22.431763648986816 -1.0 0.06045994747125218 0.0 -0.006428105300316726 0.09064446919047146 
4165 22.43712615966797 -1.0 0.009256695737488906 0.0 -0.001969517356738014 0.09513657718494513 
4166 22.442551136016846 -1.0 -0.04193413510138498 0.0 0.0024842312157888143 0.09902607735629361 
4167 22.448031187057495 -1.0 -0.09352995915434388 0.0 0.006952799168593192 0.10237322899671329 
4168 22.45345687866211 -1.0 -0.1453024406087558 0.0 0.011434704563647364 0.10521309214507282 
4169 22.459068536758423 -1.0 -0.18733973761757544 0.0 0.015468419419196118 0.10776896897859639 
4170 22.46468186378479 -1.0 -0.2417141245982411 0.0 0.0198657532161178 0.10978163740552008 
4171 22.471147537231445 -1.0 -0.2945794638239595 0.0 0.024360246941510004 0.11128624196216351 
4172 22.476743936538696 -1.0 -0.3446804114409925 0.0 0.028769611740168777 0.11242946459679204 
4173 22.48233151435852 -1.0 -0.3927849694854758 0.0 0.03304483615522699 0.11315156794036983 
4174 22.487786293029785 -1.0 -0.43637126826176104 0.0 0.037045936270044294 0.11349466541211807 
4175 22.493342876434326 -1.0 -0.47536431367843274 0.0 0.040704450629788086 0.11355418055177632 
4176 22.498826265335083 -1.0 -0.5099453984072424 0.0 0.043997113553557496 0.11360774417746874 
4177 22.50450611114502 -1.0 -0.5448427464941971 0.0 0.047133083140439125 0.11329163146044743 
4178 22.510023593902588 -1.0 -0.5754135224827877 0.0 0.04999380521081657 0.11264281003498375 
4179 22.515443325042725 -1.0 -0.6021956842172049 0.0 0.05254928025993202 0.11163702632924921 
4180 22.521013259887695 -1.0 -0.6249059122320713 0.0 0.054772508733503464 0.10998400472945875 
4181 22.52664613723755 -1.0 -0.6441135730358518 0.0 0.05667754066112558 0.10813196530950285 
4182 22.532083988189697 -1.0 -0.6599474332110723 0.0 0.05827702088316906 0.10608163354705767 
4183 22.537627696990967 -1.0 -0.6733480605359441 0.0 0.059620679198151484 0.10379531572381552 
4184 22.54304552078247 -1.0 -0.6860158990485814 0.0 0.06081079686741142 0.10129661044585611 
4185 22.548454999923706 -1.0 -0.6984943384131891 0.0 0.061920252398193855 0.09860675645865118 
4186 22.55388331413269 -1.0 -0.7114646565523699 0.0 0.06301463607449023 0.09578321826157375 
4187 22.559322834014893 -1.0 -0.7251280827971522 0.0 0.06413380471019764 0.09287771241394344 
4188 22.56484580039978 -1.0 -0.739857793934255 0.0 0.06531362943782347 0.0899559616136044 
4189 22.57025146484375 -1.0 -0.7555775495455548 0.0 0.06656721927613561 0.08701958886571137 
4190 22.575777292251587 -1.0 -0.7711733857750096 0.0 0.06784884808561693 0.0841275822978086 
4191 22.58144474029541 -1.0 -0.7833307173273082 0.0 0.06898313938619038 0.08108375714965464 
4192 22.586947202682495 -1.0 -0.7916444325712477 0.0 0.06986977822966582 0.0780950419314009 
4193 22.592387676239014 -1.0 -0.7964109787612376 0.0 0.07047600560534484 0.07511757751172503 
4194 22.59775400161743 -1.0 -0.7981462640205531 0.0 0.07081068784578282 0.07211188769220458 
4195 22.603131532669067 -1.0 -0.7965185287637752 0.0 0.07086262992918764 0.06906162168871594 
4196 22.608540534973145 -0.977954347216067 -0.7918330320956379 0.0 0.07064093115017064 0.06595206230543166 
4197 22.61427879333496 -0.9411683575729116 -0.7841725960830302 0.0 0.07015378087388201 0.062769963321049 
4198 22.619850397109985 -0.9024392714400256 -0.7744364365782375 0.0 0.0694468989711409 0.05946505499806314 
4199 22.62541437149048 -0.8621204492621906 -0.7630505174131726 0.0 0.06856143337225067 0.056030442711052085 
4200 22.63094472885132 -0.8127227322880175 -0.7446244838536085 0.0 0.06726597056767895 0.052114776876273854 
4201 22.636636972427368 -0.7691007226914575 -0.727712292564604 0.0 0.06585078214986521 0.04824553245905319 
4202 22.642192602157593 -0.7262926253620194 -0.7100801424359638 0.0 0.06434701545506774 0.044437241386800524 
4203 22.647682428359985 -0.6691754119995342 -0.6920187462669755 0.0 0.06278270307864302 0.039993517248120475 
4204 22.6531503200531 -0.6279325417098237 -0.671315386695803 0.0 0.06106802579702932 0.035994165523308426 
4205 22.65867519378662 -0.5908139584490844 -0.6557891150507853 0.0 0.05952481624357699 0.032394748970977584 
4206 22.66413402557373 -0.557407233514419 -0.6348431137795926 0.0 0.05780995664184808 0.029155274073879828 
4207 22.669562101364136 -0.52734118107322 -0.6069148337630986 0.0 0.05569134024994539 0.026239746666491846 
4208 22.674978256225586 -0.4734744170383087 -0.5813766331244843 0.0 0.05349696402892739 0.022369412800557154 
4209 22.680729866027832 -0.427961649061562 -0.5530487468769002 0.0 0.05113853026311341 0.018445092339116398 
4210 22.686544179916382 -0.3781985592948576 -0.51574205403824 0.0 0.04828729898226926 0.014299611358760058 
4211 22.69272470474243 -0.33622878998671973 -0.48039842290369295 0.0 0.04529934603416326 0.010415280707703464 
4212 22.699841737747192 -0.29790700569716483 -0.44375000065943415 0.0 0.0421883435855216 0.006823509050631314 
4213 22.70552134513855 -0.26270479353540677 -0.405511267256473 0.0 0.038947422144702634 0.0035142160474274666 
4214 22.711137294769287 -0.22888050825818446 -0.354481471832959 0.0 0.035052679930232374 0.0004016286449743012 
4215 22.71671175956726 -0.19522079821101865 -0.31833378512912824 0.0 0.031547411937209134 -0.002610622228642163 
4216 22.72226858139038 -0.1562880917994452 -0.2858008670956807 0.0 0.02839267074348822 -0.005820191694611183 

