i t_now Tx Ty Tz u1 u2 u3 theta_x theta_y theta_z psi_1 psi_2 psi_3 dpsi_1 dpsi_2 dpsi_3 phi_x phi_y x y dx dy theta_d_x theta_d_y Kp_in_x Ki_in_x Kd_in_x Kp_in_y Ki_in_y Kd_in_y Kp_out_x Ki_out_x Kd_out_x Kp_out_y Ki_out_y Kd_out_y Kp_yaw Ki_yaw Kd_yaw
1 0.005303621292114258 0.0 0.0 0.0 0.0 0.0 0.0 0.0 0.0 0.0 0.0 0.0 0.0 0.0 0.0 0.0 0.0 0.0 0.0 0.0 0.0 0.0 0.0 0.0 9.300000000000011 0.0 0.0 9.300000000000011 0.0 0.0 0.3 0.05 0.8 0.3 0.05 0.8 0.5 0.1 0.05
2 0.010701179504394531 0.0 0.0 0.0 0.0 0.0 0.0 0.0 0.0 0.0 0.0 0.0 0.0 0.0 0.0 0.0 0.0 0.0 0.0 0.0 0.0 0.0 0.0 0.0 9.300000000000011 0.0 0.0 9.300000000000011 0.0 0.0 0.3 0.05 0.8 0.3 0.05 0.8 0.5 0.1 0.05
3 0.01613163948059082 0.0 0.0 0.0 0.0 0.0 0.0 0.0 0.0 0.0 0.0 0.0 0.0 0.0 0.0 0.0 0.0 0.0 0.0 0.0 0.0 0.0 0.0 0.0 9.300000000000011 0.0 0.0 9.300000000000011 0.0 0.0 0.3 0.05 0.8 0.3 0.05 0.8 0.5 0.1 0.05
4 0.021425724029541016 0.0 0.0 0.0 0.0 0.0 0.0 0.0 0.0 0.0 0.0 0.0 0.0 0.0 0.0 0.0 0.0 0.0 0.0 0.0 0.0 0.0 0.0 0.0 9.300000000000011 0.0 0.0 9.300000000000011 0.0 0.0 0.3 0.05 0.8 0.3 0.05 0.8 0.5 0.1 0.05
5 0.026671409606933594 0.0 0.0 0.0 0.0 0.0 0.0 0.0 0.0 0.0 0.0 0.0 0.0 0.0 0.0 0.0 0.0 0.0 0.0 0.0 0.0 0.0 0.0 0.0 9.300000000000011 0.0 0.0 9.300000000000011 0.0 0.0 0.3 0.05 0.8 0.3 0.05 0.8 0.5 0.1 0.05
6 0.031942129135131836 0.0 0.0 0.0 0.0 0.0 0.0 0.0 0.0 0.0 0.0 0.0 0.0 0.0 0.0 0.0 0.0 0.0 0.0 0.0 0.0 0.0 0.0 0.0 9.300000000000011 0.0 0.0 9.300000000000011 0.0 0.0 0.3 0.05 0.8 0.3 0.05 0.8 0.5 0.1 0.05
7 0.03724074363708496 0.0 0.0 0.0 0.0 0.0 0.0 0.0 0.0 0.0 0.0 0.0 0.0 0.0 0.0 0.0 0.0 0.0 0.0 0.0 0.0 0.0 0.0 0.0 9.300000000000011 0.0 0.0 9.300000000000011 0.0 0.0 0.3 0.05 0.8 0.3 0.05 0.8 0.5 0.1 0.05
8 0.042558908462524414 0.0 0.0 0.0 0.0 0.0 0.0 0.0 0.0 0.0 0.0 0.0 0.0 0.0 0.0 0.0 0.0 0.0 0.0 0.0 0.0 0.0 0.0 0.0 9.300000000000011 0.0 0.0 9.300000000000011 0.0 0.0 0.3 0.05 0.8 0.3 0.05 0.8 0.5 0.1 0.05
9 0.047844886779785156 0.0 0.0 0.0 0.0 0.0 0.0 0.0 0.0 0.0 0.0 0.0 0.0 0.0 0.0 0.0 0.0 0.0 0.0 0.0 0.0 0.0 0.0 0.0 9.300000000000011 0.0 0.0 9.300000000000011 0.0 0.0 0.3 0.05 0.8 0.3 0.05 0.8 0.5 0.1 0.05
10 0.053110361099243164 0.0 0.0 0.0 0.0 0.0 0.0 0.0 0.0 0.0 0.0 0.0 0.0 0.0 0.0 0.0 0.0 0.0 0.0 0.0 0.0 0.0 0.0 0.0 9.300000000000011 0.0 0.0 9.300000000000011 0.0 0.0 0.3 0.05 0.8 0.3 0.05 0.8 0.5 0.1 0.05
11 0.05853533744812012 0.0 0.0 0.0 0.0 0.0 0.0 0.0 0.0 0.0 0.0 0.0 0.0 0.0 0.0 0.0 0.0 0.0 0.0 0.0 0.0 0.0 0.0 0.0 9.300000000000011 0.0 0.0 9.300000000000011 0.0 0.0 0.3 0.05 0.8 0.3 0.05 0.8 0.5 0.1 0.05
12 0.06385040283203125 0.0 0.0 0.0 0.0 0.0 0.0 0.0 0.0 0.0 0.0 0.0 0.0 0.0 0.0 0.0 0.0 0.0 0.0 0.0 0.0 0.0 0.0 0.0 9.300000000000011 0.0 0.0 9.300000000000011 0.0 0.0 0.3 0.05 0.8 0.3 0.05 0.8 0.5 0.1 0.05
13 0.06916379928588867 0.0 0.0 0.0 0.0 0.0 0.0 0.0 0.0 0.0 0.0 0.0 0.0 0.0 0.0 0.0 0.0 0.0 0.0 0.0 0.0 0.0 0.0 0.0 9.300000000000011 0.0 0.0 9.300000000000011 0.0 0.0 0.3 0.05 0.8 0.3 0.05 0.8 0.5 0.1 0.05
14 0.0744166374206543 0.0 0.0 0.0 0.0 0.0 0.0 0.0 0.0 0.0 0.0 0.0 0.0 0.0 0.0 0.0 0.0 0.0 0.0 0.0 0.0 0.0 0.0 0.0 9.300000000000011 0.0 0.0 9.300000000000011 0.0 0.0 0.3 0.05 0.8 0.3 0.05 0.8 0.5 0.1 0.05
15 0.07964754104614258 0.0 0.0 0.0 0.0 0.0 0.0 0.0 0.0 0.0 0.0 0.0 0.0 0.0 0.0 0.0 0.0 0.0 0.0 0.0 0.0 0.0 0.0 0.0 9.300000000000011 0.0 0.0 9.300000000000011 0.0 0.0 0.3 0.05 0.8 0.3 0.05 0.8 0.5 0.1 0.05
16 0.08500289916992188 0.0 0.0 0.0 0.0 0.0 0.0 0.0 0.0 0.0 0.0 0.0 0.0 0.0 0.0 0.0 0.0 0.0 0.0 0.0 0.0 0.0 0.0 0.0 9.300000000000011 0.0 0.0 9.300000000000011 0.0 0.0 0.3 0.05 0.8 0.3 0.05 0.8 0.5 0.1 0.05
17 0.09051012992858887 0.0 0.0 0.0 0.0 0.0 0.0 0.0 0.0 0.0 0.0 0.0 0.0 0.0 0.0 0.0 0.0 0.0 0.0 0.0 0.0 0.0 0.0 0.0 9.300000000000011 0.0 0.0 9.300000000000011 0.0 0.0 0.3 0.05 0.8 0.3 0.05 0.8 0.5 0.1 0.05
18 0.09611082077026367 0.0 0.0 0.0 0.0 0.0 0.0 0.0 0.0 0.0 0.0 0.0 0.0 0.0 0.0 0.0 0.0 0.0 0.0 0.0 0.0 0.0 0.0 0.0 9.300000000000011 0.0 0.0 9.300000000000011 0.0 0.0 0.3 0.05 0.8 0.3 0.05 0.8 0.5 0.1 0.05
19 0.10202741622924805 0.0 0.0 0.0 0.0 0.0 0.0 0.0 0.0 0.0 0.0 0.0 0.0 0.0 0.0 0.0 0.0 0.0 0.0 0.0 0.0 0.0 0.0 0.0 9.300000000000011 0.0 0.0 9.300000000000011 0.0 0.0 0.3 0.05 0.8 0.3 0.05 0.8 0.5 0.1 0.05
20 0.10745382308959961 0.0 0.0 0.0 0.0 0.0 0.0 0.0 0.0 0.0 0.0 0.0 0.0 0.0 0.0 0.0 0.0 0.0 0.0 0.0 0.0 0.0 0.0 0.0 9.300000000000011 0.0 0.0 9.300000000000011 0.0 0.0 0.3 0.05 0.8 0.3 0.05 0.8 0.5 0.1 0.05
21 0.11309170722961426 0.0 0.0 0.0 0.0 0.0 0.0 0.0 0.0 0.0 0.0 0.0 0.0 0.0 0.0 0.0 0.0 0.0 0.0 0.0 0.0 0.0 0.0 0.0 9.300000000000011 0.0 0.0 9.300000000000011 0.0 0.0 0.3 0.05 0.8 0.3 0.05 0.8 0.5 0.1 0.05
22 0.11847424507141113 0.0 0.0 0.0 0.0 0.0 0.0 0.0 0.0 0.0 0.0 0.0 0.0 0.0 0.0 0.0 0.0 0.0 0.0 0.0 0.0 0.0 0.0 0.0 9.300000000000011 0.0 0.0 9.300000000000011 0.0 0.0 0.3 0.05 0.8 0.3 0.05 0.8 0.5 0.1 0.05
23 0.12396883964538574 0.0 0.0 0.0 0.0 0.0 0.0 0.0 0.0 0.0 0.0 0.0 0.0 0.0 0.0 0.0 0.0 0.0 0.0 0.0 0.0 0.0 0.0 0.0 9.300000000000011 0.0 0.0 9.300000000000011 0.0 0.0 0.3 0.05 0.8 0.3 0.05 0.8 0.5 0.1 0.05
24 0.12977910041809082 0.0 0.0 0.0 0.0 0.0 0.0 0.0 0.0 0.0 0.0 0.0 0.0 0.0 0.0 0.0 0.0 0.0 0.0 0.0 0.0 0.0 0.0 0.0 9.300000000000011 0.0 0.0 9.300000000000011 0.0 0.0 0.3 0.05 0.8 0.3 0.05 0.8 0.5 0.1 0.05
25 0.13649559020996094 0.0 0.0 0.0 0.0 0.0 0.0 0.0 0.0 0.0 0.0 0.0 0.0 0.0 0.0 0.0 0.0 0.0 0.0 0.0 0.0 0.0 0.0 0.0 9.300000000000011 0.0 0.0 9.300000000000011 0.0 0.0 0.3 0.05 0.8 0.3 0.05 0.8 0.5 0.1 0.05
26 0.14189910888671875 0.0 0.0 0.0 0.0 0.0 0.0 0.0 0.0 0.0 0.0 0.0 0.0 0.0 0.0 0.0 0.0 0.0 0.0 0.0 0.0 0.0 0.0 0.0 9.300000000000011 0.0 0.0 9.300000000000011 0.0 0.0 0.3 0.05 0.8 0.3 0.05 0.8 0.5 0.1 0.05
27 0.1473073959350586 0.0 0.0 0.0 0.0 0.0 0.0 0.0 0.0 0.0 0.0 0.0 0.0 0.0 0.0 0.0 0.0 0.0 0.0 0.0 0.0 0.0 0.0 0.0 9.300000000000011 0.0 0.0 9.300000000000011 0.0 0.0 0.3 0.05 0.8 0.3 0.05 0.8 0.5 0.1 0.05
28 0.1526503562927246 0.0 0.0 0.0 0.0 0.0 0.0 0.0 0.0 0.0 0.0 0.0 0.0 0.0 0.0 0.0 0.0 0.0 0.0 0.0 0.0 0.0 0.0 0.0 9.300000000000011 0.0 0.0 9.300000000000011 0.0 0.0 0.3 0.05 0.8 0.3 0.05 0.8 0.5 0.1 0.05
29 0.15789103507995605 0.0 0.0 0.0 0.0 0.0 0.0 0.0 0.0 0.0 0.0 0.0 0.0 0.0 0.0 0.0 0.0 0.0 0.0 0.0 0.0 0.0 0.0 0.0 9.300000000000011 0.0 0.0 9.300000000000011 0.0 0.0 0.3 0.05 0.8 0.3 0.05 0.8 0.5 0.1 0.05
30 0.16315698623657227 0.0 0.0 0.0 0.0 0.0 0.0 0.0 0.0 0.0 0.0 0.0 0.0 0.0 0.0 0.0 0.0 0.0 0.0 0.0 0.0 0.0 0.0 0.0 9.300000000000011 0.0 0.0 9.300000000000011 0.0 0.0 0.3 0.05 0.8 0.3 0.05 0.8 0.5 0.1 0.05
31 0.16856145858764648 0.0 0.0 0.0 0.0 0.0 0.0 0.0 0.0 0.0 0.0 0.0 0.0 0.0 0.0 0.0 0.0 0.0 0.0 0.0 0.0 0.0 0.0 0.0 9.300000000000011 0.0 0.0 9.300000000000011 0.0 0.0 0.3 0.05 0.8 0.3 0.05 0.8 0.5 0.1 0.05
32 0.17383456230163574 0.0 0.0 0.0 0.0 0.0 0.0 0.0 0.0 0.0 0.0 0.0 0.0 0.0 0.0 0.0 0.0 0.0 0.0 0.0 0.0 0.0 0.0 0.0 9.300000000000011 0.0 0.0 9.300000000000011 0.0 0.0 0.3 0.05 0.8 0.3 0.05 0.8 0.5 0.1 0.05
33 0.17916202545166016 0.0 0.0 0.0 0.0 0.0 0.0 0.0 0.0 0.0 0.0 0.0 0.0 0.0 0.0 0.0 0.0 0.0 0.0 0.0 0.0 0.0 0.0 0.0 9.300000000000011 0.0 0.0 9.300000000000011 0.0 0.0 0.3 0.05 0.8 0.3 0.05 0.8 0.5 0.1 0.05
34 0.18443059921264648 0.0 0.0 0.0 0.0 0.0 0.0 0.0 0.0 0.0 0.0 0.0 0.0 0.0 0.0 0.0 0.0 0.0 0.0 0.0 0.0 0.0 0.0 0.0 9.300000000000011 0.0 0.0 9.300000000000011 0.0 0.0 0.3 0.05 0.8 0.3 0.05 0.8 0.5 0.1 0.05
35 0.18967247009277344 0.0 0.0 0.0 0.0 0.0 0.0 0.0 0.0 0.0 0.0 0.0 0.0 0.0 0.0 0.0 0.0 0.0 0.0 0.0 0.0 0.0 0.0 0.0 9.300000000000011 0.0 0.0 9.300000000000011 0.0 0.0 0.3 0.05 0.8 0.3 0.05 0.8 0.5 0.1 0.05
36 0.19507980346679688 0.0 0.0 0.0 0.0 0.0 0.0 0.0 0.0 0.0 0.0 0.0 0.0 0.0 0.0 0.0 0.0 0.0 0.0 0.0 0.0 0.0 0.0 0.0 9.300000000000011 0.0 0.0 9.300000000000011 0.0 0.0 0.3 0.05 0.8 0.3 0.05 0.8 0.5 0.1 0.05
37 0.2004222869873047 0.0 0.0 0.0 0.0 0.0 0.0 0.0 0.0 0.0 0.0 0.0 0.0 0.0 0.0 0.0 0.0 0.0 0.0 0.0 0.0 0.0 0.0 0.0 9.300000000000011 0.0 0.0 9.300000000000011 0.0 0.0 0.3 0.05 0.8 0.3 0.05 0.8 0.5 0.1 0.05
38 0.2057178020477295 0.0 0.0 0.0 0.0 0.0 0.0 0.0 0.0 0.0 0.0 0.0 0.0 0.0 0.0 0.0 0.0 0.0 0.0 0.0 0.0 0.0 0.0 0.0 9.300000000000011 0.0 0.0 9.300000000000011 0.0 0.0 0.3 0.05 0.8 0.3 0.05 0.8 0.5 0.1 0.05
39 0.21107935905456543 0.0 0.0 0.0 0.0 0.0 0.0 0.0 0.0 0.0 0.0 0.0 0.0 0.0 0.0 0.0 0.0 0.0 0.0 0.0 0.0 0.0 0.0 0.0 9.300000000000011 0.0 0.0 9.300000000000011 0.0 0.0 0.3 0.05 0.8 0.3 0.05 0.8 0.5 0.1 0.05
40 0.2163381576538086 0.0 0.0 0.0 0.0 0.0 0.0 0.0 0.0 0.0 0.0 0.0 0.0 0.0 0.0 0.0 0.0 0.0 0.0 0.0 0.0 0.0 0.0 0.0 9.300000000000011 0.0 0.0 9.300000000000011 0.0 0.0 0.3 0.05 0.8 0.3 0.05 0.8 0.5 0.1 0.05
41 0.22177982330322266 0.0 0.0 0.0 0.0 0.0 0.0 0.0 0.0 0.0 0.0 0.0 0.0 0.0 0.0 0.0 0.0 0.0 0.0 0.0 0.0 0.0 0.0 0.0 9.300000000000011 0.0 0.0 9.300000000000011 0.0 0.0 0.3 0.05 0.8 0.3 0.05 0.8 0.5 0.1 0.05
42 0.2270488739013672 0.0 0.0 0.0 0.0 0.0 0.0 0.0 0.0 0.0 0.0 0.0 0.0 0.0 0.0 0.0 0.0 0.0 0.0 0.0 0.0 0.0 0.0 0.0 9.300000000000011 0.0 0.0 9.300000000000011 0.0 0.0 0.3 0.05 0.8 0.3 0.05 0.8 0.5 0.1 0.05
43 0.2323923110961914 0.0 0.0 0.0 0.0 0.0 0.0 0.0 0.0 0.0 0.0 0.0 0.0 0.0 0.0 0.0 0.0 0.0 0.0 0.0 0.0 0.0 0.0 0.0 9.300000000000011 0.0 0.0 9.300000000000011 0.0 0.0 0.3 0.05 0.8 0.3 0.05 0.8 0.5 0.1 0.05
44 0.23767876625061035 0.0 0.0 0.0 0.0 0.0 0.0 0.0 0.0 0.0 0.0 0.0 0.0 0.0 0.0 0.0 0.0 0.0 0.0 0.0 0.0 0.0 0.0 0.0 9.300000000000011 0.0 0.0 9.300000000000011 0.0 0.0 0.3 0.05 0.8 0.3 0.05 0.8 0.5 0.1 0.05
45 0.24293923377990723 0.0 0.0 0.0 0.0 0.0 0.0 0.0 0.0 0.0 0.0 0.0 0.0 0.0 0.0 0.0 0.0 0.0 0.0 0.0 0.0 0.0 0.0 0.0 9.300000000000011 0.0 0.0 9.300000000000011 0.0 0.0 0.3 0.05 0.8 0.3 0.05 0.8 0.5 0.1 0.05
46 0.24820733070373535 0.0 0.0 0.0 0.0 0.0 0.0 0.0 0.0 0.0 0.0 0.0 0.0 0.0 0.0 0.0 0.0 0.0 0.0 0.0 0.0 0.0 0.0 0.0 9.300000000000011 0.0 0.0 9.300000000000011 0.0 0.0 0.3 0.05 0.8 0.3 0.05 0.8 0.5 0.1 0.05
47 0.25348711013793945 0.0 0.0 0.0 0.0 0.0 0.0 0.0 0.0 0.0 0.0 0.0 0.0 0.0 0.0 0.0 0.0 0.0 0.0 0.0 0.0 0.0 0.0 0.0 9.300000000000011 0.0 0.0 9.300000000000011 0.0 0.0 0.3 0.05 0.8 0.3 0.05 0.8 0.5 0.1 0.05
48 0.25881290435791016 0.0 0.0 0.0 0.0 0.0 0.0 0.0 0.0 0.0 0.0 0.0 0.0 0.0 0.0 0.0 0.0 0.0 0.0 0.0 0.0 0.0 0.0 0.0 9.300000000000011 0.0 0.0 9.300000000000011 0.0 0.0 0.3 0.05 0.8 0.3 0.05 0.8 0.5 0.1 0.05
49 0.26406145095825195 0.0 0.0 0.0 0.0 0.0 0.0 0.0 0.0 0.0 0.0 0.0 0.0 0.0 0.0 0.0 0.0 0.0 0.0 0.0 0.0 0.0 0.0 0.0 9.300000000000011 0.0 0.0 9.300000000000011 0.0 0.0 0.3 0.05 0.8 0.3 0.05 0.8 0.5 0.1 0.05
50 0.26938939094543457 0.0 0.0 0.0 0.0 0.0 0.0 0.0 0.0 0.0 0.0 0.0 0.0 0.0 0.0 0.0 0.0 0.0 0.0 0.0 0.0 0.0 0.0 0.0 9.300000000000011 0.0 0.0 9.300000000000011 0.0 0.0 0.3 0.05 0.8 0.3 0.05 0.8 0.5 0.1 0.05
51 0.27475738525390625 0.0 0.0 0.0 0.0 0.0 0.0 0.0 0.0 0.0 0.0 0.0 0.0 0.0 0.0 0.0 0.0 0.0 0.0 0.0 0.0 0.0 0.0 0.0 9.300000000000011 0.0 0.0 9.300000000000011 0.0 0.0 0.3 0.05 0.8 0.3 0.05 0.8 0.5 0.1 0.05
52 0.28012609481811523 0.0 0.0 0.0 0.0 0.0 0.0 0.0 0.0 0.0 0.0 0.0 0.0 0.0 0.0 0.0 0.0 0.0 0.0 0.0 0.0 0.0 0.0 0.0 9.300000000000011 0.0 0.0 9.300000000000011 0.0 0.0 0.3 0.05 0.8 0.3 0.05 0.8 0.5 0.1 0.05
53 0.2854163646697998 0.0 0.0 0.0 0.0 0.0 0.0 0.0 0.0 0.0 0.0 0.0 0.0 0.0 0.0 0.0 0.0 0.0 0.0 0.0 0.0 0.0 0.0 0.0 9.300000000000011 0.0 0.0 9.300000000000011 0.0 0.0 0.3 0.05 0.8 0.3 0.05 0.8 0.5 0.1 0.05
54 0.29067230224609375 0.0 0.0 0.0 0.0 0.0 0.0 0.0 0.0 0.0 0.0 0.0 0.0 0.0 0.0 0.0 0.0 0.0 0.0 0.0 0.0 0.0 0.0 0.0 9.300000000000011 0.0 0.0 9.300000000000011 0.0 0.0 0.3 0.05 0.8 0.3 0.05 0.8 0.5 0.1 0.05
55 0.29608726501464844 0.0 0.0 0.0 0.0 0.0 0.0 0.0 0.0 0.0 0.0 0.0 0.0 0.0 0.0 0.0 0.0 0.0 0.0 0.0 0.0 0.0 0.0 0.0 9.300000000000011 0.0 0.0 9.300000000000011 0.0 0.0 0.3 0.05 0.8 0.3 0.05 0.8 0.5 0.1 0.05
56 0.3013880252838135 0.0 0.0 0.0 0.0 0.0 0.0 0.0 0.0 0.0 0.0 0.0 0.0 0.0 0.0 0.0 0.0 0.0 0.0 0.0 0.0 0.0 0.0 0.0 9.300000000000011 0.0 0.0 9.300000000000011 0.0 0.0 0.3 0.05 0.8 0.3 0.05 0.8 0.5 0.1 0.05
57 0.30661725997924805 0.0 0.0 0.0 0.0 0.0 0.0 0.0 0.0 0.0 0.0 0.0 0.0 0.0 0.0 0.0 0.0 0.0 0.0 0.0 0.0 0.0 0.0 0.0 9.300000000000011 0.0 0.0 9.300000000000011 0.0 0.0 0.3 0.05 0.8 0.3 0.05 0.8 0.5 0.1 0.05
58 0.31190013885498047 0.0 0.0 0.0 0.0 0.0 0.0 0.0 0.0 0.0 0.0 0.0 0.0 0.0 0.0 0.0 0.0 0.0 0.0 0.0 0.0 0.0 0.0 0.0 9.300000000000011 0.0 0.0 9.300000000000011 0.0 0.0 0.3 0.05 0.8 0.3 0.05 0.8 0.5 0.1 0.05
59 0.31723880767822266 0.0 0.0 0.0 0.0 0.0 0.0 0.0 0.0 0.0 0.0 0.0 0.0 0.0 0.0 0.0 0.0 0.0 0.0 0.0 0.0 0.0 0.0 0.0 9.300000000000011 0.0 0.0 9.300000000000011 0.0 0.0 0.3 0.05 0.8 0.3 0.05 0.8 0.5 0.1 0.05
60 0.3225224018096924 0.0 0.0 0.0 0.0 0.0 0.0 0.0 0.0 0.0 0.0 0.0 0.0 0.0 0.0 0.0 0.0 0.0 0.0 0.0 0.0 0.0 0.0 0.0 9.300000000000011 0.0 0.0 9.300000000000011 0.0 0.0 0.3 0.05 0.8 0.3 0.05 0.8 0.5 0.1 0.05
61 0.3279001712799072 0.0 0.0 0.0 0.0 0.0 0.0 0.0 0.0 0.0 0.0 0.0 0.0 0.0 0.0 0.0 0.0 0.0 0.0 0.0 0.0 0.0 0.0 0.0 9.300000000000011 0.0 0.0 9.300000000000011 0.0 0.0 0.3 0.05 0.8 0.3 0.05 0.8 0.5 0.1 0.05
62 0.33335280418395996 0.0 0.0 0.0 0.0 0.0 0.0 0.0 0.0 0.0 0.0 0.0 0.0 0.0 0.0 0.0 0.0 0.0 0.0 0.0 0.0 0.0 0.0 0.0 9.300000000000011 0.0 0.0 9.300000000000011 0.0 0.0 0.3 0.05 0.8 0.3 0.05 0.8 0.5 0.1 0.05
63 0.33867907524108887 0.0 0.0 0.0 0.0 0.0 0.0 0.0 0.0 0.0 0.0 0.0 0.0 0.0 0.0 0.0 0.0 0.0 0.0 0.0 0.0 0.0 0.0 0.0 9.300000000000011 0.0 0.0 9.300000000000011 0.0 0.0 0.3 0.05 0.8 0.3 0.05 0.8 0.5 0.1 0.05
64 0.34392309188842773 0.0 0.0 0.0 0.0 0.0 0.0 0.0 0.0 0.0 0.0 0.0 0.0 0.0 0.0 0.0 0.0 0.0 0.0 0.0 0.0 0.0 0.0 0.0 9.300000000000011 0.0 0.0 9.300000000000011 0.0 0.0 0.3 0.05 0.8 0.3 0.05 0.8 0.5 0.1 0.05
65 0.34920215606689453 0.0 0.0 0.0 0.0 0.0 0.0 0.0 0.0 0.0 0.0 0.0 0.0 0.0 0.0 0.0 0.0 0.0 0.0 0.0 0.0 0.0 0.0 0.0 9.300000000000011 0.0 0.0 9.300000000000011 0.0 0.0 0.3 0.05 0.8 0.3 0.05 0.8 0.5 0.1 0.05
66 0.3544614315032959 0.0 0.0 0.0 0.0 0.0 0.0 0.0 0.0 0.0 0.0 0.0 0.0 0.0 0.0 0.0 0.0 0.0 0.0 0.0 0.0 0.0 0.0 0.0 9.300000000000011 0.0 0.0 9.300000000000011 0.0 0.0 0.3 0.05 0.8 0.3 0.05 0.8 0.5 0.1 0.05
67 0.3596985340118408 0.0 0.0 0.0 0.0 0.0 0.0 0.0 0.0 0.0 0.0 0.0 0.0 0.0 0.0 0.0 0.0 0.0 0.0 0.0 0.0 0.0 0.0 0.0 9.300000000000011 0.0 0.0 9.300000000000011 0.0 0.0 0.3 0.05 0.8 0.3 0.05 0.8 0.5 0.1 0.05
68 0.36494922637939453 0.0 0.0 0.0 0.0 0.0 0.0 0.0 0.0 0.0 0.0 0.0 0.0 0.0 0.0 0.0 0.0 0.0 0.0 0.0 0.0 0.0 0.0 0.0 9.300000000000011 0.0 0.0 9.300000000000011 0.0 0.0 0.3 0.05 0.8 0.3 0.05 0.8 0.5 0.1 0.05
69 0.37018609046936035 0.0 0.0 0.0 0.0 0.0 0.0 0.0 0.0 0.0 0.0 0.0 0.0 0.0 0.0 0.0 0.0 0.0 0.0 0.0 0.0 0.0 0.0 0.0 9.300000000000011 0.0 0.0 9.300000000000011 0.0 0.0 0.3 0.05 0.8 0.3 0.05 0.8 0.5 0.1 0.05
70 0.37546753883361816 0.0 0.0 0.0 0.0 0.0 0.0 0.0 0.0 0.0 0.0 0.0 0.0 0.0 0.0 0.0 0.0 0.0 0.0 0.0 0.0 0.0 0.0 0.0 9.300000000000011 0.0 0.0 9.300000000000011 0.0 0.0 0.3 0.05 0.8 0.3 0.05 0.8 0.5 0.1 0.05
71 0.38098788261413574 0.0 0.0 0.0 0.0 0.0 0.0 0.0 0.0 0.0 0.0 0.0 0.0 0.0 0.0 0.0 0.0 0.0 0.0 0.0 0.0 0.0 0.0 0.0 9.300000000000011 0.0 0.0 9.300000000000011 0.0 0.0 0.3 0.05 0.8 0.3 0.05 0.8 0.5 0.1 0.05
72 0.386305570602417 0.0 0.0 0.0 0.0 0.0 0.0 0.0 0.0 0.0 0.0 0.0 0.0 0.0 0.0 0.0 0.0 0.0 0.0 0.0 0.0 0.0 0.0 0.0 9.300000000000011 0.0 0.0 9.300000000000011 0.0 0.0 0.3 0.05 0.8 0.3 0.05 0.8 0.5 0.1 0.05
73 0.3916802406311035 0.0 0.0 0.0 0.0 0.0 0.0 0.0 0.0 0.0 0.0 0.0 0.0 0.0 0.0 0.0 0.0 0.0 0.0 0.0 0.0 0.0 0.0 0.0 9.300000000000011 0.0 0.0 9.300000000000011 0.0 0.0 0.3 0.05 0.8 0.3 0.05 0.8 0.5 0.1 0.05
74 0.39696645736694336 0.0 0.0 0.0 0.0 0.0 0.0 0.0 0.0 0.0 0.0 0.0 0.0 0.0 0.0 0.0 0.0 0.0 0.0 0.0 0.0 0.0 0.0 0.0 9.300000000000011 0.0 0.0 9.300000000000011 0.0 0.0 0.3 0.05 0.8 0.3 0.05 0.8 0.5 0.1 0.05
75 0.4022715091705322 0.0 0.0 0.0 0.0 0.0 0.0 0.0 0.0 0.0 0.0 0.0 0.0 0.0 0.0 0.0 0.0 0.0 0.0 0.0 0.0 0.0 0.0 0.0 9.300000000000011 0.0 0.0 9.300000000000011 0.0 0.0 0.3 0.05 0.8 0.3 0.05 0.8 0.5 0.1 0.05
76 0.4075331687927246 0.0 0.0 0.0 0.0 0.0 0.0 0.0 0.0 0.0 0.0 0.0 0.0 0.0 0.0 0.0 0.0 0.0 0.0 0.0 0.0 0.0 0.0 0.0 9.300000000000011 0.0 0.0 9.300000000000011 0.0 0.0 0.3 0.05 0.8 0.3 0.05 0.8 0.5 0.1 0.05
77 0.4128575325012207 0.0 0.0 0.0 0.0 0.0 0.0 0.0 0.0 0.0 0.0 0.0 0.0 0.0 0.0 0.0 0.0 0.0 0.0 0.0 0.0 0.0 0.0 0.0 9.300000000000011 0.0 0.0 9.300000000000011 0.0 0.0 0.3 0.05 0.8 0.3 0.05 0.8 0.5 0.1 0.05
78 0.4181349277496338 0.0 0.0 0.0 0.0 0.0 0.0 0.0 0.0 0.0 0.0 0.0 0.0 0.0 0.0 0.0 0.0 0.0 0.0 0.0 0.0 0.0 0.0 0.0 9.300000000000011 0.0 0.0 9.300000000000011 0.0 0.0 0.3 0.05 0.8 0.3 0.05 0.8 0.5 0.1 0.05
79 0.42336416244506836 0.0 0.0 0.0 0.0 0.0 0.0 0.0 0.0 0.0 0.0 0.0 0.0 0.0 0.0 0.0 0.0 0.0 0.0 0.0 0.0 0.0 0.0 0.0 9.300000000000011 0.0 0.0 9.300000000000011 0.0 0.0 0.3 0.05 0.8 0.3 0.05 0.8 0.5 0.1 0.05
80 0.4285852909088135 0.0 0.0 0.0 0.0 0.0 0.0 0.0 0.0 0.0 0.0 0.0 0.0 0.0 0.0 0.0 0.0 0.0 0.0 0.0 0.0 0.0 0.0 0.0 9.300000000000011 0.0 0.0 9.300000000000011 0.0 0.0 0.3 0.05 0.8 0.3 0.05 0.8 0.5 0.1 0.05
81 0.43393492698669434 0.0 0.0 0.0 0.0 0.0 0.0 0.0 0.0 0.0 0.0 0.0 0.0 0.0 0.0 0.0 0.0 0.0 0.0 0.0 0.0 0.0 0.0 0.0 9.300000000000011 0.0 0.0 9.300000000000011 0.0 0.0 0.3 0.05 0.8 0.3 0.05 0.8 0.5 0.1 0.05
82 0.43921661376953125 0.0 0.0 0.0 0.0 0.0 0.0 0.0 0.0 0.0 0.0 0.0 0.0 0.0 0.0 0.0 0.0 0.0 0.0 0.0 0.0 0.0 0.0 0.0 9.300000000000011 0.0 0.0 9.300000000000011 0.0 0.0 0.3 0.05 0.8 0.3 0.05 0.8 0.5 0.1 0.05
83 0.4445230960845947 0.0 0.0 0.0 0.0 0.0 0.0 0.0 0.0 0.0 0.0 0.0 0.0 0.0 0.0 0.0 0.0 0.0 0.0 0.0 0.0 0.0 0.0 0.0 9.300000000000011 0.0 0.0 9.300000000000011 0.0 0.0 0.3 0.05 0.8 0.3 0.05 0.8 0.5 0.1 0.05
84 0.44985151290893555 0.0 0.0 0.0 0.0 0.0 0.0 0.0 0.0 0.0 0.0 0.0 0.0 0.0 0.0 0.0 0.0 0.0 0.0 0.0 0.0 0.0 0.0 0.0 9.300000000000011 0.0 0.0 9.300000000000011 0.0 0.0 0.3 0.05 0.8 0.3 0.05 0.8 0.5 0.1 0.05
85 0.4552037715911865 0.0 0.0 0.0 0.0 0.0 0.0 0.0 0.0 0.0 0.0 0.0 0.0 0.0 0.0 0.0 0.0 0.0 0.0 0.0 0.0 0.0 0.0 0.0 9.300000000000011 0.0 0.0 9.300000000000011 0.0 0.0 0.3 0.05 0.8 0.3 0.05 0.8 0.5 0.1 0.05
86 0.46048903465270996 0.0 0.0 0.0 0.0 0.0 0.0 0.0 0.0 0.0 0.0 0.0 0.0 0.0 0.0 0.0 0.0 0.0 0.0 0.0 0.0 0.0 0.0 0.0 9.300000000000011 0.0 0.0 9.300000000000011 0.0 0.0 0.3 0.05 0.8 0.3 0.05 0.8 0.5 0.1 0.05
87 0.46570873260498047 0.0 0.0 0.0 0.0 0.0 0.0 0.0 0.0 0.0 0.0 0.0 0.0 0.0 0.0 0.0 0.0 0.0 0.0 0.0 0.0 0.0 0.0 0.0 9.300000000000011 0.0 0.0 9.300000000000011 0.0 0.0 0.3 0.05 0.8 0.3 0.05 0.8 0.5 0.1 0.05
88 0.47095346450805664 0.0 0.0 0.0 0.0 0.0 0.0 0.0 0.0 0.0 0.0 0.0 0.0 0.0 0.0 0.0 0.0 0.0 0.0 0.0 0.0 0.0 0.0 0.0 9.300000000000011 0.0 0.0 9.300000000000011 0.0 0.0 0.3 0.05 0.8 0.3 0.05 0.8 0.5 0.1 0.05
89 0.47629642486572266 0.0 0.0 0.0 0.0 0.0 0.0 0.0 0.0 0.0 0.0 0.0 0.0 0.0 0.0 0.0 0.0 0.0 0.0 0.0 0.0 0.0 0.0 0.0 9.300000000000011 0.0 0.0 9.300000000000011 0.0 0.0 0.3 0.05 0.8 0.3 0.05 0.8 0.5 0.1 0.05
90 0.4815366268157959 0.0 0.0 0.0 0.0 0.0 0.0 0.0 0.0 0.0 0.0 0.0 0.0 0.0 0.0 0.0 0.0 0.0 0.0 0.0 0.0 0.0 0.0 0.0 9.300000000000011 0.0 0.0 9.300000000000011 0.0 0.0 0.3 0.05 0.8 0.3 0.05 0.8 0.5 0.1 0.05
91 0.48691534996032715 0.0 0.0 0.0 0.0 0.0 0.0 0.0 0.0 0.0 0.0 0.0 0.0 0.0 0.0 0.0 0.0 0.0 0.0 0.0 0.0 0.0 0.0 0.0 9.300000000000011 0.0 0.0 9.300000000000011 0.0 0.0 0.3 0.05 0.8 0.3 0.05 0.8 0.5 0.1 0.05
92 0.49225807189941406 0.0 0.0 0.0 0.0 0.0 0.0 0.0 0.0 0.0 0.0 0.0 0.0 0.0 0.0 0.0 0.0 0.0 0.0 0.0 0.0 0.0 0.0 0.0 9.300000000000011 0.0 0.0 9.300000000000011 0.0 0.0 0.3 0.05 0.8 0.3 0.05 0.8 0.5 0.1 0.05
93 0.49759888648986816 0.0 0.0 0.0 0.0 0.0 0.0 0.0 0.0 0.0 0.0 0.0 0.0 0.0 0.0 0.0 0.0 0.0 0.0 0.0 0.0 0.0 0.0 0.0 9.300000000000011 0.0 0.0 9.300000000000011 0.0 0.0 0.3 0.05 0.8 0.3 0.05 0.8 0.5 0.1 0.05
94 0.5029699802398682 0.0 0.0 0.0 0.0 0.0 0.0 0.0 0.0 0.0 0.0 0.0 0.0 0.0 0.0 0.0 0.0 0.0 0.0 0.0 0.0 0.0 0.0 0.0 9.300000000000011 0.0 0.0 9.300000000000011 0.0 0.0 0.3 0.05 0.8 0.3 0.05 0.8 0.5 0.1 0.05
95 0.5082552433013916 0.0 0.0 0.0 0.0 0.0 0.0 0.0 0.0 0.0 0.0 0.0 0.0 0.0 0.0 0.0 0.0 0.0 0.0 0.0 0.0 0.0 0.0 0.0 9.300000000000011 0.0 0.0 9.300000000000011 0.0 0.0 0.3 0.05 0.8 0.3 0.05 0.8 0.5 0.1 0.05
96 0.5134718418121338 0.0 0.0 0.0 0.0 0.0 0.0 0.0 0.0 0.0 0.0 0.0 0.0 0.0 0.0 0.0 0.0 0.0 0.0 0.0 0.0 0.0 0.0 0.0 9.300000000000011 0.0 0.0 9.300000000000011 0.0 0.0 0.3 0.05 0.8 0.3 0.05 0.8 0.5 0.1 0.05
97 0.5189549922943115 0.0 0.0 0.0 0.0 0.0 0.0 0.0 0.0 0.0 0.0 0.0 0.0 0.0 0.0 0.0 0.0 0.0 0.0 0.0 0.0 0.0 0.0 0.0 9.300000000000011 0.0 0.0 9.300000000000011 0.0 0.0 0.3 0.05 0.8 0.3 0.05 0.8 0.5 0.1 0.05
98 0.524306058883667 0.0 0.0 0.0 0.0 0.0 0.0 0.0 0.0 0.0 0.0 0.0 0.0 0.0 0.0 0.0 0.0 0.0 0.0 0.0 0.0 0.0 0.0 0.0 9.300000000000011 0.0 0.0 9.300000000000011 0.0 0.0 0.3 0.05 0.8 0.3 0.05 0.8 0.5 0.1 0.05
99 0.5296080112457275 0.0 0.0 0.0 0.0 0.0 0.0 0.0 0.0 0.0 0.0 0.0 0.0 0.0 0.0 0.0 0.0 0.0 0.0 0.0 0.0 0.0 0.0 0.0 9.300000000000011 0.0 0.0 9.300000000000011 0.0 0.0 0.3 0.05 0.8 0.3 0.05 0.8 0.5 0.1 0.05
100 0.5349457263946533 0.0 0.0 0.0 0.0 0.0 0.0 0.0 0.0 0.0 0.0 0.0 0.0 0.0 0.0 0.0 0.0 0.0 0.0 0.0 0.0 0.0 0.0 0.0 9.300000000000011 0.0 0.0 9.300000000000011 0.0 0.0 0.3 0.05 0.8 0.3 0.05 0.8 0.5 0.1 0.05
101 0.540308952331543 0.0 0.0 0.0 0.0 0.0 0.0 0.0 0.0 0.0 0.0 0.0 0.0 0.0 0.0 0.0 0.0 0.0 0.0 0.0 0.0 0.0 0.0 0.0 9.300000000000011 0.0 0.0 9.300000000000011 0.0 0.0 0.3 0.05 0.8 0.3 0.05 0.8 0.5 0.1 0.05
102 0.5455749034881592 0.0 0.0 0.0 0.0 0.0 0.0 0.0 0.0 0.0 0.0 0.0 0.0 0.0 0.0 0.0 0.0 0.0 0.0 0.0 0.0 0.0 0.0 0.0 9.300000000000011 0.0 0.0 9.300000000000011 0.0 0.0 0.3 0.05 0.8 0.3 0.05 0.8 0.5 0.1 0.05
103 0.5509319305419922 0.0 0.0 0.0 0.0 0.0 0.0 0.0 0.0 0.0 0.0 0.0 0.0 0.0 0.0 0.0 0.0 0.0 0.0 0.0 0.0 0.0 0.0 0.0 9.300000000000011 0.0 0.0 9.300000000000011 0.0 0.0 0.3 0.05 0.8 0.3 0.05 0.8 0.5 0.1 0.05
104 0.5562310218811035 0.0 0.0 0.0 0.0 0.0 0.0 0.0 0.0 0.0 0.0 0.0 0.0 0.0 0.0 0.0 0.0 0.0 0.0 0.0 0.0 0.0 0.0 0.0 9.300000000000011 0.0 0.0 9.300000000000011 0.0 0.0 0.3 0.05 0.8 0.3 0.05 0.8 0.5 0.1 0.05
105 0.5614519119262695 0.0 0.0 0.0 0.0 0.0 0.0 0.0 0.0 0.0 0.0 0.0 0.0 0.0 0.0 0.0 0.0 0.0 0.0 0.0 0.0 0.0 0.0 0.0 9.300000000000011 0.0 0.0 9.300000000000011 0.0 0.0 0.3 0.05 0.8 0.3 0.05 0.8 0.5 0.1 0.05
106 0.5666813850402832 0.0 0.0 0.0 0.0 0.0 0.0 0.0 0.0 0.0 0.0 0.0 0.0 0.0 0.0 0.0 0.0 0.0 0.0 0.0 0.0 0.0 0.0 0.0 9.300000000000011 0.0 0.0 9.300000000000011 0.0 0.0 0.3 0.05 0.8 0.3 0.05 0.8 0.5 0.1 0.05
107 0.5720996856689453 0.0 0.0 0.0 0.0 0.0 0.0 0.0 0.0 0.0 0.0 0.0 0.0 0.0 0.0 0.0 0.0 0.0 0.0 0.0 0.0 0.0 0.0 0.0 9.300000000000011 0.0 0.0 9.300000000000011 0.0 0.0 0.3 0.05 0.8 0.3 0.05 0.8 0.5 0.1 0.05
108 0.5773816108703613 0.0 0.0 0.0 0.0 0.0 0.0 0.0 0.0 0.0 0.0 0.0 0.0 0.0 0.0 0.0 0.0 0.0 0.0 0.0 0.0 0.0 0.0 0.0 9.300000000000011 0.0 0.0 9.300000000000011 0.0 0.0 0.3 0.05 0.8 0.3 0.05 0.8 0.5 0.1 0.05
109 0.5826842784881592 0.0 0.0 0.0 0.0 0.0 0.0 0.0 0.0 0.0 0.0 0.0 0.0 0.0 0.0 0.0 0.0 0.0 0.0 0.0 0.0 0.0 0.0 0.0 9.300000000000011 0.0 0.0 9.300000000000011 0.0 0.0 0.3 0.05 0.8 0.3 0.05 0.8 0.5 0.1 0.05
110 0.5879383087158203 0.0 0.0 0.0 0.0 0.0 0.0 0.0 0.0 0.0 0.0 0.0 0.0 0.0 0.0 0.0 0.0 0.0 0.0 0.0 0.0 0.0 0.0 0.0 9.300000000000011 0.0 0.0 9.300000000000011 0.0 0.0 0.3 0.05 0.8 0.3 0.05 0.8 0.5 0.1 0.05
111 0.5935251712799072 0.0 0.0 0.0 0.0 0.0 0.0 0.0 0.0 0.0 0.0 0.0 0.0 0.0 0.0 0.0 0.0 0.0 0.0 0.0 0.0 0.0 0.0 0.0 9.300000000000011 0.0 0.0 9.300000000000011 0.0 0.0 0.3 0.05 0.8 0.3 0.05 0.8 0.5 0.1 0.05
112 0.598813533782959 0.0 0.0 0.0 0.0 0.0 0.0 0.0 0.0 0.0 0.0 0.0 0.0 0.0 0.0 0.0 0.0 0.0 0.0 0.0 0.0 0.0 0.0 0.0 9.300000000000011 0.0 0.0 9.300000000000011 0.0 0.0 0.3 0.05 0.8 0.3 0.05 0.8 0.5 0.1 0.05
113 0.6041371822357178 0.0 0.0 0.0 0.0 0.0 0.0 0.0 0.0 0.0 0.0 0.0 0.0 0.0 0.0 0.0 0.0 0.0 0.0 0.0 0.0 0.0 0.0 0.0 9.300000000000011 0.0 0.0 9.300000000000011 0.0 0.0 0.3 0.05 0.8 0.3 0.05 0.8 0.5 0.1 0.05
114 0.6095085144042969 0.0 0.0 0.0 0.0 0.0 0.0 0.0 0.0 0.0 0.0 0.0 0.0 0.0 0.0 0.0 0.0 0.0 0.0 0.0 0.0 0.0 0.0 0.0 9.300000000000011 0.0 0.0 9.300000000000011 0.0 0.0 0.3 0.05 0.8 0.3 0.05 0.8 0.5 0.1 0.05
115 0.614814281463623 0.0 0.0 0.0 0.0 0.0 0.0 0.0 0.0 0.0 0.0 0.0 0.0 0.0 0.0 0.0 0.0 0.0 0.0 0.0 0.0 0.0 0.0 0.0 9.300000000000011 0.0 0.0 9.300000000000011 0.0 0.0 0.3 0.05 0.8 0.3 0.05 0.8 0.5 0.1 0.05
116 0.6200425624847412 0.0 0.0 0.0 0.0 0.0 0.0 0.0 0.0 0.0 0.0 0.0 0.0 0.0 0.0 0.0 0.0 0.0 0.0 0.0 0.0 0.0 0.0 0.0 9.300000000000011 0.0 0.0 9.300000000000011 0.0 0.0 0.3 0.05 0.8 0.3 0.05 0.8 0.5 0.1 0.05
117 0.625258207321167 0.0 0.0 0.0 0.0 0.0 0.0 0.0 0.0 0.0 0.0 0.0 0.0 0.0 0.0 0.0 0.0 0.0 0.0 0.0 0.0 0.0 0.0 0.0 9.300000000000011 0.0 0.0 9.300000000000011 0.0 0.0 0.3 0.05 0.8 0.3 0.05 0.8 0.5 0.1 0.05
118 0.630744457244873 0.0 0.0 0.0 0.0 0.0 0.0 0.0 0.0 0.0 0.0 0.0 0.0 0.0 0.0 0.0 0.0 0.0 0.0 0.0 0.0 0.0 0.0 0.0 9.300000000000011 0.0 0.0 9.300000000000011 0.0 0.0 0.3 0.05 0.8 0.3 0.05 0.8 0.5 0.1 0.05
119 0.6365997791290283 0.0 0.0 0.0 0.0 0.0 0.0 0.0 0.0 0.0 0.0 0.0 0.0 0.0 0.0 0.0 0.0 0.0 0.0 0.0 0.0 0.0 0.0 0.0 9.300000000000011 0.0 0.0 9.300000000000011 0.0 0.0 0.3 0.05 0.8 0.3 0.05 0.8 0.5 0.1 0.05
120 0.6428017616271973 0.0 0.0 0.0 0.0 0.0 0.0 0.0 0.0 0.0 0.0 0.0 0.0 0.0 0.0 0.0 0.0 0.0 0.0 0.0 0.0 0.0 0.0 0.0 9.300000000000011 0.0 0.0 9.300000000000011 0.0 0.0 0.3 0.05 0.8 0.3 0.05 0.8 0.5 0.1 0.05
121 0.6486644744873047 0.0 0.0 0.0 0.0 0.0 0.0 0.0 0.0 0.0 0.0 0.0 0.0 0.0 0.0 0.0 0.0 0.0 0.0 0.0 0.0 0.0 0.0 0.0 9.300000000000011 0.0 0.0 9.300000000000011 0.0 0.0 0.3 0.05 0.8 0.3 0.05 0.8 0.5 0.1 0.05
122 0.6542472839355469 0.0 0.0 0.0 0.0 0.0 0.0 0.0 0.0 0.0 0.0 0.0 0.0 0.0 0.0 0.0 0.0 0.0 0.0 0.0 0.0 0.0 0.0 0.0 9.300000000000011 0.0 0.0 9.300000000000011 0.0 0.0 0.3 0.05 0.8 0.3 0.05 0.8 0.5 0.1 0.05
123 0.6609318256378174 0.0 0.0 0.0 0.0 0.0 0.0 0.0 0.0 0.0 0.0 0.0 0.0 0.0 0.0 0.0 0.0 0.0 0.0 0.0 0.0 0.0 0.0 0.0 9.300000000000011 0.0 0.0 9.300000000000011 0.0 0.0 0.3 0.05 0.8 0.3 0.05 0.8 0.5 0.1 0.05
124 0.666792631149292 0.0 0.0 0.0 0.0 0.0 0.0 0.0 0.0 0.0 0.0 0.0 0.0 0.0 0.0 0.0 0.0 0.0 0.0 0.0 0.0 0.0 0.0 0.0 9.300000000000011 0.0 0.0 9.300000000000011 0.0 0.0 0.3 0.05 0.8 0.3 0.05 0.8 0.5 0.1 0.05
125 0.6724328994750977 0.0 0.0 0.0 0.0 0.0 0.0 0.0 0.0 0.0 0.0 0.0 0.0 0.0 0.0 0.0 0.0 0.0 0.0 0.0 0.0 0.0 0.0 0.0 9.300000000000011 0.0 0.0 9.300000000000011 0.0 0.0 0.3 0.05 0.8 0.3 0.05 0.8 0.5 0.1 0.05
126 0.6778769493103027 0.0 0.0 0.0 0.0 0.0 0.0 0.0 0.0 0.0 0.0 0.0 0.0 0.0 0.0 0.0 0.0 0.0 0.0 0.0 0.0 0.0 0.0 0.0 9.300000000000011 0.0 0.0 9.300000000000011 0.0 0.0 0.3 0.05 0.8 0.3 0.05 0.8 0.5 0.1 0.05
127 0.6835591793060303 0.0 0.0 0.0 0.0 0.0 0.0 0.0 0.0 0.0 0.0 0.0 0.0 0.0 0.0 0.0 0.0 0.0 0.0 0.0 0.0 0.0 0.0 0.0 9.300000000000011 0.0 0.0 9.300000000000011 0.0 0.0 0.3 0.05 0.8 0.3 0.05 0.8 0.5 0.1 0.05
128 0.6891205310821533 0.0 0.0 0.0 0.0 0.0 0.0 0.0 0.0 0.0 0.0 0.0 0.0 0.0 0.0 0.0 0.0 0.0 0.0 0.0 0.0 0.0 0.0 0.0 9.300000000000011 0.0 0.0 9.300000000000011 0.0 0.0 0.3 0.05 0.8 0.3 0.05 0.8 0.5 0.1 0.05
129 0.6947083473205566 0.0 0.0 0.0 0.0 0.0 0.0 0.0 0.0 0.0 0.0 0.0 0.0 0.0 0.0 0.0 0.0 0.0 0.0 0.0 0.0 0.0 0.0 0.0 9.300000000000011 0.0 0.0 9.300000000000011 0.0 0.0 0.3 0.05 0.8 0.3 0.05 0.8 0.5 0.1 0.05
130 0.7004823684692383 0.0 0.0 0.0 0.0 0.0 0.0 0.0 0.0 0.0 0.0 0.0 0.0 0.0 0.0 0.0 0.0 0.0 0.0 0.0 0.0 0.0 0.0 0.0 9.300000000000011 0.0 0.0 9.300000000000011 0.0 0.0 0.3 0.05 0.8 0.3 0.05 0.8 0.5 0.1 0.05
131 0.7064859867095947 0.0 0.0 0.0 0.0 0.0 0.0 0.0 0.0 0.0 0.0 0.0 0.0 0.0 0.0 0.0 0.0 0.0 0.0 0.0 0.0 0.0 0.0 0.0 9.300000000000011 0.0 0.0 9.300000000000011 0.0 0.0 0.3 0.05 0.8 0.3 0.05 0.8 0.5 0.1 0.05
132 0.7122139930725098 0.0 0.0 0.0 0.0 0.0 0.0 0.0 0.0 0.0 0.0 0.0 0.0 0.0 0.0 0.0 0.0 0.0 0.0 0.0 0.0 0.0 0.0 0.0 9.300000000000011 0.0 0.0 9.300000000000011 0.0 0.0 0.3 0.05 0.8 0.3 0.05 0.8 0.5 0.1 0.05
133 0.7176120281219482 0.0 0.0 0.0 0.0 0.0 0.0 0.0 0.0 0.0 0.0 0.0 0.0 0.0 0.0 0.0 0.0 0.0 0.0 0.0 0.0 0.0 0.0 0.0 9.300000000000011 0.0 0.0 9.300000000000011 0.0 0.0 0.3 0.05 0.8 0.3 0.05 0.8 0.5 0.1 0.05
134 0.7229759693145752 0.0 0.0 0.0 0.0 0.0 0.0 0.0 0.0 0.0 0.0 0.0 0.0 0.0 0.0 0.0 0.0 0.0 0.0 0.0 0.0 0.0 0.0 0.0 9.300000000000011 0.0 0.0 9.300000000000011 0.0 0.0 0.3 0.05 0.8 0.3 0.05 0.8 0.5 0.1 0.05
135 0.728266716003418 0.0 0.0 0.0 0.0 0.0 0.0 0.0 0.0 0.0 0.0 0.0 0.0 0.0 0.0 0.0 0.0 0.0 0.0 0.0 0.0 0.0 0.0 0.0 9.300000000000011 0.0 0.0 9.300000000000011 0.0 0.0 0.3 0.05 0.8 0.3 0.05 0.8 0.5 0.1 0.05
136 0.7336249351501465 0.0 0.0 0.0 0.0 0.0 0.0 0.0 0.0 0.0 0.0 0.0 0.0 0.0 0.0 0.0 0.0 0.0 0.0 0.0 0.0 0.0 0.0 0.0 9.300000000000011 0.0 0.0 9.300000000000011 0.0 0.0 0.3 0.05 0.8 0.3 0.05 0.8 0.5 0.1 0.05
137 0.7389683723449707 0.0 0.0 0.0 0.0 0.0 0.0 0.0 0.0 0.0 0.0 0.0 0.0 0.0 0.0 0.0 0.0 0.0 0.0 0.0 0.0 0.0 0.0 0.0 9.300000000000011 0.0 0.0 9.300000000000011 0.0 0.0 0.3 0.05 0.8 0.3 0.05 0.8 0.5 0.1 0.05
138 0.7442941665649414 0.0 0.0 0.0 0.0 0.0 0.0 0.0 0.0 0.0 0.0 0.0 0.0 0.0 0.0 0.0 0.0 0.0 0.0 0.0 0.0 0.0 0.0 0.0 9.300000000000011 0.0 0.0 9.300000000000011 0.0 0.0 0.3 0.05 0.8 0.3 0.05 0.8 0.5 0.1 0.05
139 0.7495715618133545 0.0 0.0 0.0 0.0 0.0 0.0 0.0 0.0 0.0 0.0 0.0 0.0 0.0 0.0 0.0 0.0 0.0 0.0 0.0 0.0 0.0 0.0 0.0 9.300000000000011 0.0 0.0 9.300000000000011 0.0 0.0 0.3 0.05 0.8 0.3 0.05 0.8 0.5 0.1 0.05
140 0.7548470497131348 0.0 0.0 0.0 0.0 0.0 0.0 0.0 0.0 0.0 0.0 0.0 0.0 0.0 0.0 0.0 0.0 0.0 0.0 0.0 0.0 0.0 0.0 0.0 9.300000000000011 0.0 0.0 9.300000000000011 0.0 0.0 0.3 0.05 0.8 0.3 0.05 0.8 0.5 0.1 0.05
141 0.760185718536377 0.0 0.0 0.0 0.0 0.0 0.0 0.0 0.0 0.0 0.0 0.0 0.0 0.0 0.0 0.0 0.0 0.0 0.0 0.0 0.0 0.0 0.0 0.0 9.300000000000011 0.0 0.0 9.300000000000011 0.0 0.0 0.3 0.05 0.8 0.3 0.05 0.8 0.5 0.1 0.05
142 0.7654681205749512 0.0 0.0 0.0 0.0 0.0 0.0 0.0 0.0 0.0 0.0 0.0 0.0 0.0 0.0 0.0 0.0 0.0 0.0 0.0 0.0 0.0 0.0 0.0 9.300000000000011 0.0 0.0 9.300000000000011 0.0 0.0 0.3 0.05 0.8 0.3 0.05 0.8 0.5 0.1 0.05
143 0.7708108425140381 0.0 0.0 0.0 0.0 0.0 0.0 0.0 0.0 0.0 0.0 0.0 0.0 0.0 0.0 0.0 0.0 0.0 0.0 0.0 0.0 0.0 0.0 0.0 9.300000000000011 0.0 0.0 9.300000000000011 0.0 0.0 0.3 0.05 0.8 0.3 0.05 0.8 0.5 0.1 0.05
144 0.7760777473449707 0.0 0.0 0.0 0.0 0.0 0.0 0.0 0.0 0.0 0.0 0.0 0.0 0.0 0.0 0.0 0.0 0.0 0.0 0.0 0.0 0.0 0.0 0.0 9.300000000000011 0.0 0.0 9.300000000000011 0.0 0.0 0.3 0.05 0.8 0.3 0.05 0.8 0.5 0.1 0.05
145 0.7813417911529541 0.0 0.0 0.0 0.0 0.0 0.0 0.0 0.0 0.0 0.0 0.0 0.0 0.0 0.0 0.0 0.0 0.0 0.0 0.0 0.0 0.0 0.0 0.0 9.300000000000011 0.0 0.0 9.300000000000011 0.0 0.0 0.3 0.05 0.8 0.3 0.05 0.8 0.5 0.1 0.05
146 0.7866814136505127 0.0 0.0 0.0 0.0 0.0 0.0 0.0 0.0 0.0 0.0 0.0 0.0 0.0 0.0 0.0 0.0 0.0 0.0 0.0 0.0 0.0 0.0 0.0 9.300000000000011 0.0 0.0 9.300000000000011 0.0 0.0 0.3 0.05 0.8 0.3 0.05 0.8 0.5 0.1 0.05
147 0.7919373512268066 0.0 0.0 0.0 0.0 0.0 0.0 0.0 0.0 0.0 0.0 0.0 0.0 0.0 0.0 0.0 0.0 0.0 0.0 0.0 0.0 0.0 0.0 0.0 9.300000000000011 0.0 0.0 9.300000000000011 0.0 0.0 0.3 0.05 0.8 0.3 0.05 0.8 0.5 0.1 0.05
148 0.7971577644348145 0.0 0.0 0.0 0.0 0.0 0.0 0.0 0.0 0.0 0.0 0.0 0.0 0.0 0.0 0.0 0.0 0.0 0.0 0.0 0.0 0.0 0.0 0.0 9.300000000000011 0.0 0.0 9.300000000000011 0.0 0.0 0.3 0.05 0.8 0.3 0.05 0.8 0.5 0.1 0.05
149 0.8025369644165039 0.0 0.0 0.0 0.0 0.0 0.0 0.0 0.0 0.0 0.0 0.0 0.0 0.0 0.0 0.0 0.0 0.0 0.0 0.0 0.0 0.0 0.0 0.0 9.300000000000011 0.0 0.0 9.300000000000011 0.0 0.0 0.3 0.05 0.8 0.3 0.05 0.8 0.5 0.1 0.05
150 0.8078525066375732 0.0 0.0 0.0 0.0 0.0 0.0 0.0 0.0 0.0 0.0 0.0 0.0 0.0 0.0 0.0 0.0 0.0 0.0 0.0 0.0 0.0 0.0 0.0 9.300000000000011 0.0 0.0 9.300000000000011 0.0 0.0 0.3 0.05 0.8 0.3 0.05 0.8 0.5 0.1 0.05
151 0.8132665157318115 0.0 0.0 0.0 0.0 0.0 0.0 0.0 0.0 0.0 0.0 0.0 0.0 0.0 0.0 0.0 0.0 0.0 0.0 0.0 0.0 0.0 0.0 0.0 9.300000000000011 0.0 0.0 9.300000000000011 0.0 0.0 0.3 0.05 0.8 0.3 0.05 0.8 0.5 0.1 0.05
152 0.8185925483703613 0.0 0.0 0.0 0.0 0.0 0.0 0.0 0.0 0.0 0.0 0.0 0.0 0.0 0.0 0.0 0.0 0.0 0.0 0.0 0.0 0.0 0.0 0.0 9.300000000000011 0.0 0.0 9.300000000000011 0.0 0.0 0.3 0.05 0.8 0.3 0.05 0.8 0.5 0.1 0.05
153 0.8239972591400146 0.0 0.0 0.0 0.0 0.0 0.0 0.0 0.0 0.0 0.0 0.0 0.0 0.0 0.0 0.0 0.0 0.0 0.0 0.0 0.0 0.0 0.0 0.0 9.300000000000011 0.0 0.0 9.300000000000011 0.0 0.0 0.3 0.05 0.8 0.3 0.05 0.8 0.5 0.1 0.05
154 0.8292787075042725 0.0 0.0 0.0 0.0 0.0 0.0 0.0 0.0 0.0 0.0 0.0 0.0 0.0 0.0 0.0 0.0 0.0 0.0 0.0 0.0 0.0 0.0 0.0 9.300000000000011 0.0 0.0 9.300000000000011 0.0 0.0 0.3 0.05 0.8 0.3 0.05 0.8 0.5 0.1 0.05
155 0.8345086574554443 0.0 0.0 0.0 0.0 0.0 0.0 0.0 0.0 0.0 0.0 0.0 0.0 0.0 0.0 0.0 0.0 0.0 0.0 0.0 0.0 0.0 0.0 0.0 9.300000000000011 0.0 0.0 9.300000000000011 0.0 0.0 0.3 0.05 0.8 0.3 0.05 0.8 0.5 0.1 0.05
156 0.8397631645202637 0.0 0.0 0.0 0.0 0.0 0.0 0.0 0.0 0.0 0.0 0.0 0.0 0.0 0.0 0.0 0.0 0.0 0.0 0.0 0.0 0.0 0.0 0.0 9.300000000000011 0.0 0.0 9.300000000000011 0.0 0.0 0.3 0.05 0.8 0.3 0.05 0.8 0.5 0.1 0.05
157 0.8450067043304443 0.0 0.0 0.0 0.0 0.0 0.0 0.0 0.0 0.0 0.0 0.0 0.0 0.0 0.0 0.0 0.0 0.0 0.0 0.0 0.0 0.0 0.0 0.0 9.300000000000011 0.0 0.0 9.300000000000011 0.0 0.0 0.3 0.05 0.8 0.3 0.05 0.8 0.5 0.1 0.05
158 0.8503880500793457 0.0 0.0 0.0 0.0 0.0 0.0 0.0 0.0 0.0 0.0 0.0 0.0 0.0 0.0 0.0 0.0 0.0 0.0 0.0 0.0 0.0 0.0 0.0 9.300000000000011 0.0 0.0 9.300000000000011 0.0 0.0 0.3 0.05 0.8 0.3 0.05 0.8 0.5 0.1 0.05
159 0.8556890487670898 0.0 0.0 0.0 0.0 0.0 0.0 0.0 0.0 0.0 0.0 0.0 0.0 0.0 0.0 0.0 0.0 0.0 0.0 0.0 0.0 0.0 0.0 0.0 9.300000000000011 0.0 0.0 9.300000000000011 0.0 0.0 0.3 0.05 0.8 0.3 0.05 0.8 0.5 0.1 0.05
160 0.8610377311706543 0.0 0.0 0.0 0.0 0.0 0.0 0.0 0.0 0.0 0.0 0.0 0.0 0.0 0.0 0.0 0.0 0.0 0.0 0.0 0.0 0.0 0.0 0.0 9.300000000000011 0.0 0.0 9.300000000000011 0.0 0.0 0.3 0.05 0.8 0.3 0.05 0.8 0.5 0.1 0.05
161 0.8664846420288086 0.0 0.0 0.0 0.0 0.0 0.0 0.0 0.0 0.0 0.0 0.0 0.0 0.0 0.0 0.0 0.0 0.0 0.0 0.0 0.0 0.0 0.0 0.0 9.300000000000011 0.0 0.0 9.300000000000011 0.0 0.0 0.3 0.05 0.8 0.3 0.05 0.8 0.5 0.1 0.05
162 0.8717875480651855 0.0 0.0 0.0 0.0 0.0 0.0 0.0 0.0 0.0 0.0 0.0 0.0 0.0 0.0 0.0 0.0 0.0 0.0 0.0 0.0 0.0 0.0 0.0 9.300000000000011 0.0 0.0 9.300000000000011 0.0 0.0 0.3 0.05 0.8 0.3 0.05 0.8 0.5 0.1 0.05
163 0.877161979675293 0.0 0.0 0.0 0.0 0.0 0.0 0.0 0.0 0.0 0.0 0.0 0.0 0.0 0.0 0.0 0.0 0.0 0.0 0.0 0.0 0.0 0.0 0.0 9.300000000000011 0.0 0.0 9.300000000000011 0.0 0.0 0.3 0.05 0.8 0.3 0.05 0.8 0.5 0.1 0.05
164 0.8823869228363037 0.0 0.0 0.0 0.0 0.0 0.0 0.0 0.0 0.0 0.0 0.0 0.0 0.0 0.0 0.0 0.0 0.0 0.0 0.0 0.0 0.0 0.0 0.0 9.300000000000011 0.0 0.0 9.300000000000011 0.0 0.0 0.3 0.05 0.8 0.3 0.05 0.8 0.5 0.1 0.05
165 0.8876247406005859 0.0 0.0 0.0 0.0 0.0 0.0 0.0 0.0 0.0 0.0 0.0 0.0 0.0 0.0 0.0 0.0 0.0 0.0 0.0 0.0 0.0 0.0 0.0 9.300000000000011 0.0 0.0 9.300000000000011 0.0 0.0 0.3 0.05 0.8 0.3 0.05 0.8 0.5 0.1 0.05
166 0.8928699493408203 0.0 0.0 0.0 0.0 0.0 0.0 0.0 0.0 0.0 0.0 0.0 0.0 0.0 0.0 0.0 0.0 0.0 0.0 0.0 0.0 0.0 0.0 0.0 9.300000000000011 0.0 0.0 9.300000000000011 0.0 0.0 0.3 0.05 0.8 0.3 0.05 0.8 0.5 0.1 0.05
167 0.8981306552886963 0.0 0.0 0.0 0.0 0.0 0.0 0.0 0.0 0.0 0.0 0.0 0.0 0.0 0.0 0.0 0.0 0.0 0.0 0.0 0.0 0.0 0.0 0.0 9.300000000000011 0.0 0.0 9.300000000000011 0.0 0.0 0.3 0.05 0.8 0.3 0.05 0.8 0.5 0.1 0.05
168 0.9033915996551514 0.0 0.0 0.0 0.0 0.0 0.0 0.0 0.0 0.0 0.0 0.0 0.0 0.0 0.0 0.0 0.0 0.0 0.0 0.0 0.0 0.0 0.0 0.0 9.300000000000011 0.0 0.0 9.300000000000011 0.0 0.0 0.3 0.05 0.8 0.3 0.05 0.8 0.5 0.1 0.05
169 0.9086475372314453 0.0 0.0 0.0 0.0 0.0 0.0 0.0 0.0 0.0 0.0 0.0 0.0 0.0 0.0 0.0 0.0 0.0 0.0 0.0 0.0 0.0 0.0 0.0 9.300000000000011 0.0 0.0 9.300000000000011 0.0 0.0 0.3 0.05 0.8 0.3 0.05 0.8 0.5 0.1 0.05
170 0.913992166519165 0.0 0.0 0.0 0.0 0.0 0.0 0.0 0.0 0.0 0.0 0.0 0.0 0.0 0.0 0.0 0.0 0.0 0.0 0.0 0.0 0.0 0.0 0.0 9.300000000000011 0.0 0.0 9.300000000000011 0.0 0.0 0.3 0.05 0.8 0.3 0.05 0.8 0.5 0.1 0.05
171 0.9195256233215332 0.0 0.0 0.0 0.0 0.0 0.0 0.0 0.0 0.0 0.0 0.0 0.0 0.0 0.0 0.0 0.0 0.0 0.0 0.0 0.0 0.0 0.0 0.0 9.300000000000011 0.0 0.0 9.300000000000011 0.0 0.0 0.3 0.05 0.8 0.3 0.05 0.8 0.5 0.1 0.05
172 0.9248697757720947 0.0 0.0 0.0 0.0 0.0 0.0 0.0 0.0 0.0 0.0 0.0 0.0 0.0 0.0 0.0 0.0 0.0 0.0 0.0 0.0 0.0 0.0 0.0 9.300000000000011 0.0 0.0 9.300000000000011 0.0 0.0 0.3 0.05 0.8 0.3 0.05 0.8 0.5 0.1 0.05
173 0.930199146270752 0.0 0.0 0.0 0.0 0.0 0.0 0.0 0.0 0.0 0.0 0.0 0.0 0.0 0.0 0.0 0.0 0.0 0.0 0.0 0.0 0.0 0.0 0.0 9.300000000000011 0.0 0.0 9.300000000000011 0.0 0.0 0.3 0.05 0.8 0.3 0.05 0.8 0.5 0.1 0.05
174 0.9354569911956787 0.0 0.0 0.0 0.0 0.0 0.0 0.0 0.0 0.0 0.0 0.0 0.0 0.0 0.0 0.0 0.0 0.0 0.0 0.0 0.0 0.0 0.0 0.0 9.300000000000011 0.0 0.0 9.300000000000011 0.0 0.0 0.3 0.05 0.8 0.3 0.05 0.8 0.5 0.1 0.05
175 0.9407021999359131 0.0 0.0 0.0 0.0 0.0 0.0 0.0 0.0 0.0 0.0 0.0 0.0 0.0 0.0 0.0 0.0 0.0 0.0 0.0 0.0 0.0 0.0 0.0 9.300000000000011 0.0 0.0 9.300000000000011 0.0 0.0 0.3 0.05 0.8 0.3 0.05 0.8 0.5 0.1 0.05
176 0.9459667205810547 0.0 0.0 0.0 0.0 0.0 0.0 0.0 0.0 0.0 0.0 0.0 0.0 0.0 0.0 0.0 0.0 0.0 0.0 0.0 0.0 0.0 0.0 0.0 9.300000000000011 0.0 0.0 9.300000000000011 0.0 0.0 0.3 0.05 0.8 0.3 0.05 0.8 0.5 0.1 0.05
177 0.951239824295044 0.0 0.0 0.0 0.0 0.0 0.0 0.0 0.0 0.0 0.0 0.0 0.0 0.0 0.0 0.0 0.0 0.0 0.0 0.0 0.0 0.0 0.0 0.0 9.300000000000011 0.0 0.0 9.300000000000011 0.0 0.0 0.3 0.05 0.8 0.3 0.05 0.8 0.5 0.1 0.05
178 0.9564847946166992 0.0 0.0 0.0 0.0 0.0 0.0 0.0 0.0 0.0 0.0 0.0 0.0 0.0 0.0 0.0 0.0 0.0 0.0 0.0 0.0 0.0 0.0 0.0 9.300000000000011 0.0 0.0 9.300000000000011 0.0 0.0 0.3 0.05 0.8 0.3 0.05 0.8 0.5 0.1 0.05
179 0.9617054462432861 0.0 0.0 0.0 0.0 0.0 0.0 0.0 0.0 0.0 0.0 0.0 0.0 0.0 0.0 0.0 0.0 0.0 0.0 0.0 0.0 0.0 0.0 0.0 9.300000000000011 0.0 0.0 9.300000000000011 0.0 0.0 0.3 0.05 0.8 0.3 0.05 0.8 0.5 0.1 0.05
180 0.9669673442840576 0.0 0.0 0.0 0.0 0.0 0.0 0.0 0.0 0.0 0.0 0.0 0.0 0.0 0.0 0.0 0.0 0.0 0.0 0.0 0.0 0.0 0.0 0.0 9.300000000000011 0.0 0.0 9.300000000000011 0.0 0.0 0.3 0.05 0.8 0.3 0.05 0.8 0.5 0.1 0.05
181 0.9724135398864746 0.0 0.0 0.0 0.0 0.0 0.0 0.0 0.0 0.0 0.0 0.0 0.0 0.0 0.0 0.0 0.0 0.0 0.0 0.0 0.0 0.0 0.0 0.0 9.300000000000011 0.0 0.0 9.300000000000011 0.0 0.0 0.3 0.05 0.8 0.3 0.05 0.8 0.5 0.1 0.05
182 0.9777300357818604 0.0 0.0 0.0 0.0 0.0 0.0 0.0 0.0 0.0 0.0 0.0 0.0 0.0 0.0 0.0 0.0 0.0 0.0 0.0 0.0 0.0 0.0 0.0 9.300000000000011 0.0 0.0 9.300000000000011 0.0 0.0 0.3 0.05 0.8 0.3 0.05 0.8 0.5 0.1 0.05
183 0.9830436706542969 0.0 0.0 0.0 0.0 0.0 0.0 0.0 0.0 0.0 0.0 0.0 0.0 0.0 0.0 0.0 0.0 0.0 0.0 0.0 0.0 0.0 0.0 0.0 9.300000000000011 0.0 0.0 9.300000000000011 0.0 0.0 0.3 0.05 0.8 0.3 0.05 0.8 0.5 0.1 0.05
184 0.9883425235748291 0.0 0.0 0.0 0.0 0.0 0.0 0.0 0.0 0.0 0.0 0.0 0.0 0.0 0.0 0.0 0.0 0.0 0.0 0.0 0.0 0.0 0.0 0.0 9.300000000000011 0.0 0.0 9.300000000000011 0.0 0.0 0.3 0.05 0.8 0.3 0.05 0.8 0.5 0.1 0.05
185 0.9935746192932129 0.0 0.0 0.0 0.0 0.0 0.0 0.0 0.0 0.0 0.0 0.0 0.0 0.0 0.0 0.0 0.0 0.0 0.0 0.0 0.0 0.0 0.0 0.0 9.300000000000011 0.0 0.0 9.300000000000011 0.0 0.0 0.3 0.05 0.8 0.3 0.05 0.8 0.5 0.1 0.05
186 0.9988198280334473 0.0 0.0 0.0 0.0 0.0 0.0 0.0 0.0 0.0 0.0 0.0 0.0 0.0 0.0 0.0 0.0 0.0 0.0 0.0 0.0 0.0 0.0 0.0 9.300000000000011 0.0 0.0 9.300000000000011 0.0 0.0 0.3 0.05 0.8 0.3 0.05 0.8 0.5 0.1 0.05
187 1.0041286945343018 0.0 0.0 0.0 0.0 0.0 0.0 0.0 0.0 0.0 0.0 0.0 0.0 0.0 0.0 0.0 0.0 0.0 0.0 0.0 0.0 0.0 0.0 0.0 9.300000000000011 0.0 0.0 9.300000000000011 0.0 0.0 0.3 0.05 0.8 0.3 0.05 0.8 0.5 0.1 0.05
188 1.0093655586242676 0.0 0.0 0.0 0.0 0.0 0.0 0.0 0.0 0.0 0.0 0.0 0.0 0.0 0.0 0.0 0.0 0.0 0.0 0.0 0.0 0.0 0.0 0.0 9.300000000000011 0.0 0.0 9.300000000000011 0.0 0.0 0.3 0.05 0.8 0.3 0.05 0.8 0.5 0.1 0.05
189 1.0146236419677734 0.0 0.0 0.0 0.0 0.0 0.0 0.0 0.0 0.0 0.0 0.0 0.0 0.0 0.0 0.0 0.0 0.0 0.0 0.0 0.0 0.0 0.0 0.0 9.300000000000011 0.0 0.0 9.300000000000011 0.0 0.0 0.3 0.05 0.8 0.3 0.05 0.8 0.5 0.1 0.05
190 1.0200169086456299 0.0 0.0 0.0 0.0 0.0 0.0 0.0 0.0 0.0 0.0 0.0 0.0 0.0 0.0 0.0 0.0 0.0 0.0 0.0 0.0 0.0 0.0 0.0 9.300000000000011 0.0 0.0 9.300000000000011 0.0 0.0 0.3 0.05 0.8 0.3 0.05 0.8 0.5 0.1 0.05
191 1.0254695415496826 0.0 0.0 0.0 0.0 0.0 0.0 0.0 0.0 0.0 0.0 0.0 0.0 0.0 0.0 0.0 0.0 0.0 0.0 0.0 0.0 0.0 0.0 0.0 9.300000000000011 0.0 0.0 9.300000000000011 0.0 0.0 0.3 0.05 0.8 0.3 0.05 0.8 0.5 0.1 0.05
192 1.0307462215423584 0.0 0.0 0.0 0.0 0.0 0.0 0.0 0.0 0.0 0.0 0.0 0.0 0.0 0.0 0.0 0.0 0.0 0.0 0.0 0.0 0.0 0.0 0.0 9.300000000000011 0.0 0.0 9.300000000000011 0.0 0.0 0.3 0.05 0.8 0.3 0.05 0.8 0.5 0.1 0.05
193 1.036078691482544 0.0 0.0 0.0 0.0 0.0 0.0 0.0 0.0 0.0 0.0 0.0 0.0 0.0 0.0 0.0 0.0 0.0 0.0 0.0 0.0 0.0 0.0 0.0 9.300000000000011 0.0 0.0 9.300000000000011 0.0 0.0 0.3 0.05 0.8 0.3 0.05 0.8 0.5 0.1 0.05
194 1.0413823127746582 0.0 0.0 0.0 0.0 0.0 0.0 0.0 0.0 0.0 0.0 0.0 0.0 0.0 0.0 0.0 0.0 0.0 0.0 0.0 0.0 0.0 0.0 0.0 9.300000000000011 0.0 0.0 9.300000000000011 0.0 0.0 0.3 0.05 0.8 0.3 0.05 0.8 0.5 0.1 0.05
195 1.046736717224121 0.0 0.0 0.0 0.0 0.0 0.0 0.0 0.0 0.0 0.0 0.0 0.0 0.0 0.0 0.0 0.0 0.0 0.0 0.0 0.0 0.0 0.0 0.0 9.300000000000011 0.0 0.0 9.300000000000011 0.0 0.0 0.3 0.05 0.8 0.3 0.05 0.8 0.5 0.1 0.05
196 1.0520155429840088 0.0 0.0 0.0 0.0 0.0 0.0 0.0 0.0 0.0 0.0 0.0 0.0 0.0 0.0 0.0 0.0 0.0 0.0 0.0 0.0 0.0 0.0 0.0 9.300000000000011 0.0 0.0 9.300000000000011 0.0 0.0 0.3 0.05 0.8 0.3 0.05 0.8 0.5 0.1 0.05
197 1.0573537349700928 0.0 0.0 0.0 0.0 0.0 0.0 0.0 0.0 0.0 0.0 0.0 0.0 0.0 0.0 0.0 0.0 0.0 0.0 0.0 0.0 0.0 0.0 0.0 9.300000000000011 0.0 0.0 9.300000000000011 0.0 0.0 0.3 0.05 0.8 0.3 0.05 0.8 0.5 0.1 0.05
198 1.062643051147461 0.0 0.0 0.0 0.0 0.0 0.0 0.0 0.0 0.0 0.0 0.0 0.0 0.0 0.0 0.0 0.0 0.0 0.0 0.0 0.0 0.0 0.0 0.0 9.300000000000011 0.0 0.0 9.300000000000011 0.0 0.0 0.3 0.05 0.8 0.3 0.05 0.8 0.5 0.1 0.05
199 1.067995309829712 0.0 0.0 0.0 0.0 0.0 0.0 0.0 0.0 0.0 0.0 0.0 0.0 0.0 0.0 0.0 0.0 0.0 0.0 0.0 0.0 0.0 0.0 0.0 9.300000000000011 0.0 0.0 9.300000000000011 0.0 0.0 0.3 0.05 0.8 0.3 0.05 0.8 0.5 0.1 0.05
200 1.073237657546997 0.0 0.0 0.0 0.0 0.0 0.0 0.0 0.0 0.0 0.0 0.0 0.0 0.0 0.0 0.0 0.0 0.0 0.0 0.0 0.0 0.0 0.0 0.0 9.300000000000011 0.0 0.0 9.300000000000011 0.0 0.0 0.3 0.05 0.8 0.3 0.05 0.8 0.5 0.1 0.05
201 1.0785870552062988 0.0 0.0 0.0 0.0 0.0 0.0 0.0 0.0 0.0 0.0 0.0 0.0 0.0 0.0 0.0 0.0 0.0 0.0 0.0 0.0 0.0 0.0 0.0 9.300000000000011 0.0 0.0 9.300000000000011 0.0 0.0 0.3 0.05 0.8 0.3 0.05 0.8 0.5 0.1 0.05
202 1.0838377475738525 0.0 0.0 0.0 0.0 0.0 0.0 0.0 0.0 0.0 0.0 0.0 0.0 0.0 0.0 0.0 0.0 0.0 0.0 0.0 0.0 0.0 0.0 0.0 9.300000000000011 0.0 0.0 9.300000000000011 0.0 0.0 0.3 0.05 0.8 0.3 0.05 0.8 0.5 0.1 0.05
203 1.0891497135162354 0.0 0.0 0.0 0.0 0.0 0.0 0.0 0.0 0.0 0.0 0.0 0.0 0.0 0.0 0.0 0.0 0.0 0.0 0.0 0.0 0.0 0.0 0.0 9.300000000000011 0.0 0.0 9.300000000000011 0.0 0.0 0.3 0.05 0.8 0.3 0.05 0.8 0.5 0.1 0.05
204 1.0945465564727783 0.0 0.0 0.0 0.0 0.0 0.0 0.0 0.0 0.0 0.0 0.0 0.0 0.0 0.0 0.0 0.0 0.0 0.0 0.0 0.0 0.0 0.0 0.0 9.300000000000011 0.0 0.0 9.300000000000011 0.0 0.0 0.3 0.05 0.8 0.3 0.05 0.8 0.5 0.1 0.05
205 1.0998620986938477 0.0 0.0 0.0 0.0 0.0 0.0 0.0 0.0 0.0 0.0 0.0 0.0 0.0 0.0 0.0 0.0 0.0 0.0 0.0 0.0 0.0 0.0 0.0 9.300000000000011 0.0 0.0 9.300000000000011 0.0 0.0 0.3 0.05 0.8 0.3 0.05 0.8 0.5 0.1 0.05
206 1.1051926612854004 0.0 0.0 0.0 0.0 0.0 0.0 0.0 0.0 0.0 0.0 0.0 0.0 0.0 0.0 0.0 0.0 0.0 0.0 0.0 0.0 0.0 0.0 0.0 9.300000000000011 0.0 0.0 9.300000000000011 0.0 0.0 0.3 0.05 0.8 0.3 0.05 0.8 0.5 0.1 0.05
207 1.110442876815796 0.0 0.0 0.0 0.0 0.0 0.0 0.0 0.0 0.0 0.0 0.0 0.0 0.0 0.0 0.0 0.0 0.0 0.0 0.0 0.0 0.0 0.0 0.0 9.300000000000011 0.0 0.0 9.300000000000011 0.0 0.0 0.3 0.05 0.8 0.3 0.05 0.8 0.5 0.1 0.05
208 1.1157615184783936 0.0 0.0 0.0 0.0 0.0 0.0 0.0 0.0 0.0 0.0 0.0 0.0 0.0 0.0 0.0 0.0 0.0 0.0 0.0 0.0 0.0 0.0 0.0 9.300000000000011 0.0 0.0 9.300000000000011 0.0 0.0 0.3 0.05 0.8 0.3 0.05 0.8 0.5 0.1 0.05
209 1.1209938526153564 0.0 0.0 0.0 0.0 0.0 0.0 0.0 0.0 0.0 0.0 0.0 0.0 0.0 0.0 0.0 0.0 0.0 0.0 0.0 0.0 0.0 0.0 0.0 9.300000000000011 0.0 0.0 9.300000000000011 0.0 0.0 0.3 0.05 0.8 0.3 0.05 0.8 0.5 0.1 0.05
210 1.1263632774353027 0.0 0.0 0.0 0.0 0.0 0.0 0.0 0.0 0.0 0.0 0.0 0.0 0.0 0.0 0.0 0.0 0.0 0.0 0.0 0.0 0.0 0.0 0.0 9.300000000000011 0.0 0.0 9.300000000000011 0.0 0.0 0.3 0.05 0.8 0.3 0.05 0.8 0.5 0.1 0.05
211 1.1318275928497314 0.0 0.0 0.0 0.0 0.0 0.0 0.0 0.0 0.0 0.0 0.0 0.0 0.0 0.0 0.0 0.0 0.0 0.0 0.0 0.0 0.0 0.0 0.0 9.300000000000011 0.0 0.0 9.300000000000011 0.0 0.0 0.3 0.05 0.8 0.3 0.05 0.8 0.5 0.1 0.05
212 1.1372549533843994 0.0 0.0 0.0 0.0 0.0 0.0 0.0 0.0 0.0 0.0 0.0 0.0 0.0 0.0 0.0 0.0 0.0 0.0 0.0 0.0 0.0 0.0 0.0 9.300000000000011 0.0 0.0 9.300000000000011 0.0 0.0 0.3 0.05 0.8 0.3 0.05 0.8 0.5 0.1 0.05
213 1.142557144165039 0.0 0.0 0.0 0.0 0.0 0.0 0.0 0.0 0.0 0.0 0.0 0.0 0.0 0.0 0.0 0.0 0.0 0.0 0.0 0.0 0.0 0.0 0.0 9.300000000000011 0.0 0.0 9.300000000000011 0.0 0.0 0.3 0.05 0.8 0.3 0.05 0.8 0.5 0.1 0.05
214 1.1479465961456299 0.0 0.0 0.0 0.0 0.0 0.0 0.0 0.0 0.0 0.0 0.0 0.0 0.0 0.0 0.0 0.0 0.0 0.0 0.0 0.0 0.0 0.0 0.0 9.300000000000011 0.0 0.0 9.300000000000011 0.0 0.0 0.3 0.05 0.8 0.3 0.05 0.8 0.5 0.1 0.05
215 1.1533472537994385 0.0 0.0 0.0 0.0 0.0 0.0 0.0 0.0 0.0 0.0 0.0 0.0 0.0 0.0 0.0 0.0 0.0 0.0 0.0 0.0 0.0 0.0 0.0 9.300000000000011 0.0 0.0 9.300000000000011 0.0 0.0 0.3 0.05 0.8 0.3 0.05 0.8 0.5 0.1 0.05
216 1.1587538719177246 0.0 0.0 0.0 0.0 0.0 0.0 0.0 0.0 0.0 0.0 0.0 0.0 0.0 0.0 0.0 0.0 0.0 0.0 0.0 0.0 0.0 0.0 0.0 9.300000000000011 0.0 0.0 9.300000000000011 0.0 0.0 0.3 0.05 0.8 0.3 0.05 0.8 0.5 0.1 0.05
217 1.1641066074371338 0.0 0.0 0.0 0.0 0.0 0.0 0.0 0.0 0.0 0.0 0.0 0.0 0.0 0.0 0.0 0.0 0.0 0.0 0.0 0.0 0.0 0.0 0.0 9.300000000000011 0.0 0.0 9.300000000000011 0.0 0.0 0.3 0.05 0.8 0.3 0.05 0.8 0.5 0.1 0.05
218 1.1694247722625732 0.0 0.0 0.0 0.0 0.0 0.0 0.0 0.0 0.0 0.0 0.0 0.0 0.0 0.0 0.0 0.0 0.0 0.0 0.0 0.0 0.0 0.0 0.0 9.300000000000011 0.0 0.0 9.300000000000011 0.0 0.0 0.3 0.05 0.8 0.3 0.05 0.8 0.5 0.1 0.05
219 1.1747066974639893 0.0 0.0 0.0 0.0 0.0 0.0 0.0 0.0 0.0 0.0 0.0 0.0 0.0 0.0 0.0 0.0 0.0 0.0 0.0 0.0 0.0 0.0 0.0 9.300000000000011 0.0 0.0 9.300000000000011 0.0 0.0 0.3 0.05 0.8 0.3 0.05 0.8 0.5 0.1 0.05
220 1.1799345016479492 0.0 0.0 0.0 0.0 0.0 0.0 0.0 0.0 0.0 0.0 0.0 0.0 0.0 0.0 0.0 0.0 0.0 0.0 0.0 0.0 0.0 0.0 0.0 9.300000000000011 0.0 0.0 9.300000000000011 0.0 0.0 0.3 0.05 0.8 0.3 0.05 0.8 0.5 0.1 0.05
221 1.1852710247039795 0.0 0.0 0.0 0.0 0.0 0.0 0.0 0.0 0.0 0.0 0.0 0.0 0.0 0.0 0.0 0.0 0.0 0.0 0.0 0.0 0.0 0.0 0.0 9.300000000000011 0.0 0.0 9.300000000000011 0.0 0.0 0.3 0.05 0.8 0.3 0.05 0.8 0.5 0.1 0.05
222 1.1905577182769775 0.0 0.0 0.0 0.0 0.0 0.0 0.0 0.0 0.0 0.0 0.0 0.0 0.0 0.0 0.0 0.0 0.0 0.0 0.0 0.0 0.0 0.0 0.0 9.300000000000011 0.0 0.0 9.300000000000011 0.0 0.0 0.3 0.05 0.8 0.3 0.05 0.8 0.5 0.1 0.05
223 1.1958682537078857 0.0 0.0 0.0 0.0 0.0 0.0 0.0 0.0 0.0 0.0 0.0 0.0 0.0 0.0 0.0 0.0 0.0 0.0 0.0 0.0 0.0 0.0 0.0 9.300000000000011 0.0 0.0 9.300000000000011 0.0 0.0 0.3 0.05 0.8 0.3 0.05 0.8 0.5 0.1 0.05
224 1.201084852218628 0.0 0.0 0.0 0.0 0.0 0.0 0.0 0.0 0.0 0.0 0.0 0.0 0.0 0.0 0.0 0.0 0.0 0.0 0.0 0.0 0.0 0.0 0.0 9.300000000000011 0.0 0.0 9.300000000000011 0.0 0.0 0.3 0.05 0.8 0.3 0.05 0.8 0.5 0.1 0.05
225 1.206362009048462 0.0 0.0 0.0 0.0 0.0 0.0 0.0 0.0 0.0 0.0 0.0 0.0 0.0 0.0 0.0 0.0 0.0 0.0 0.0 0.0 0.0 0.0 0.0 9.300000000000011 0.0 0.0 9.300000000000011 0.0 0.0 0.3 0.05 0.8 0.3 0.05 0.8 0.5 0.1 0.05
226 1.2116012573242188 0.0 0.0 0.0 0.0 0.0 0.0 0.0 0.0 0.0 0.0 0.0 0.0 0.0 0.0 0.0 0.0 0.0 0.0 0.0 0.0 0.0 0.0 0.0 9.300000000000011 0.0 0.0 9.300000000000011 0.0 0.0 0.3 0.05 0.8 0.3 0.05 0.8 0.5 0.1 0.05
227 1.2169339656829834 0.0 0.0 0.0 0.0 0.0 0.0 0.0 0.0 0.0 0.0 0.0 0.0 0.0 0.0 0.0 0.0 0.0 0.0 0.0 0.0 0.0 0.0 0.0 9.300000000000011 0.0 0.0 9.300000000000011 0.0 0.0 0.3 0.05 0.8 0.3 0.05 0.8 0.5 0.1 0.05
228 1.2223079204559326 0.0 0.0 0.0 0.0 0.0 0.0 0.0 0.0 0.0 0.0 0.0 0.0 0.0 0.0 0.0 0.0 0.0 0.0 0.0 0.0 0.0 0.0 0.0 9.300000000000011 0.0 0.0 9.300000000000011 0.0 0.0 0.3 0.05 0.8 0.3 0.05 0.8 0.5 0.1 0.05
229 1.227653980255127 0.0 0.0 0.0 0.0 0.0 0.0 0.0 0.0 0.0 0.0 0.0 0.0 0.0 0.0 0.0 0.0 0.0 0.0 0.0 0.0 0.0 0.0 0.0 9.300000000000011 0.0 0.0 9.300000000000011 0.0 0.0 0.3 0.05 0.8 0.3 0.05 0.8 0.5 0.1 0.05
230 1.2328646183013916 0.0 0.0 0.0 0.0 0.0 0.0 0.0 0.0 0.0 0.0 0.0 0.0 0.0 0.0 0.0 0.0 0.0 0.0 0.0 0.0 0.0 0.0 0.0 9.300000000000011 0.0 0.0 9.300000000000011 0.0 0.0 0.3 0.05 0.8 0.3 0.05 0.8 0.5 0.1 0.05
231 1.2382748126983643 0.0 0.0 0.0 0.0 0.0 0.0 0.0 0.0 0.0 0.0 0.0 0.0 0.0 0.0 0.0 0.0 0.0 0.0 0.0 0.0 0.0 0.0 0.0 9.300000000000011 0.0 0.0 9.300000000000011 0.0 0.0 0.3 0.05 0.8 0.3 0.05 0.8 0.5 0.1 0.05
232 1.243530035018921 0.0 0.0 0.0 0.0 0.0 0.0 0.0 0.0 0.0 0.0 0.0 0.0 0.0 0.0 0.0 0.0 0.0 0.0 0.0 0.0 0.0 0.0 0.0 9.300000000000011 0.0 0.0 9.300000000000011 0.0 0.0 0.3 0.05 0.8 0.3 0.05 0.8 0.5 0.1 0.05
233 1.2488319873809814 0.0 0.0 0.0 0.0 0.0 0.0 0.0 0.0 0.0 0.0 0.0 0.0 0.0 0.0 0.0 0.0 0.0 0.0 0.0 0.0 0.0 0.0 0.0 9.300000000000011 0.0 0.0 9.300000000000011 0.0 0.0 0.3 0.05 0.8 0.3 0.05 0.8 0.5 0.1 0.05
234 1.2541167736053467 0.0 0.0 0.0 0.0 0.0 0.0 0.0 0.0 0.0 0.0 0.0 0.0 0.0 0.0 0.0 0.0 0.0 0.0 0.0 0.0 0.0 0.0 0.0 9.300000000000011 0.0 0.0 9.300000000000011 0.0 0.0 0.3 0.05 0.8 0.3 0.05 0.8 0.5 0.1 0.05
235 1.2593367099761963 0.0 0.0 0.0 0.0 0.0 0.0 0.0 0.0 0.0 0.0 0.0 0.0 0.0 0.0 0.0 0.0 0.0 0.0 0.0 0.0 0.0 0.0 0.0 9.300000000000011 0.0 0.0 9.300000000000011 0.0 0.0 0.3 0.05 0.8 0.3 0.05 0.8 0.5 0.1 0.05
236 1.2645466327667236 0.0 0.0 0.0 0.0 0.0 0.0 0.0 0.0 0.0 0.0 0.0 0.0 0.0 0.0 0.0 0.0 0.0 0.0 0.0 0.0 0.0 0.0 0.0 9.300000000000011 0.0 0.0 9.300000000000011 0.0 0.0 0.3 0.05 0.8 0.3 0.05 0.8 0.5 0.1 0.05
237 1.2698171138763428 0.0 0.0 0.0 0.0 0.0 0.0 0.0 0.0 0.0 0.0 0.0 0.0 0.0 0.0 0.0 0.0 0.0 0.0 0.0 0.0 0.0 0.0 0.0 9.300000000000011 0.0 0.0 9.300000000000011 0.0 0.0 0.3 0.05 0.8 0.3 0.05 0.8 0.5 0.1 0.05
238 1.2751641273498535 0.0 0.0 0.0 0.0 0.0 0.0 0.0 0.0 0.0 0.0 0.0 0.0 0.0 0.0 0.0 0.0 0.0 0.0 0.0 0.0 0.0 0.0 0.0 9.300000000000011 0.0 0.0 9.300000000000011 0.0 0.0 0.3 0.05 0.8 0.3 0.05 0.8 0.5 0.1 0.05
239 1.2806053161621094 0.0 0.0 0.0 0.0 0.0 0.0 0.0 0.0 0.0 0.0 0.0 0.0 0.0 0.0 0.0 0.0 0.0 0.0 0.0 0.0 0.0 0.0 0.0 9.300000000000011 0.0 0.0 9.300000000000011 0.0 0.0 0.3 0.05 0.8 0.3 0.05 0.8 0.5 0.1 0.05
240 1.2861793041229248 0.0 0.0 0.0 0.0 0.0 0.0 0.0 0.0 0.0 0.0 0.0 0.0 0.0 0.0 0.0 0.0 0.0 0.0 0.0 0.0 0.0 0.0 0.0 9.300000000000011 0.0 0.0 9.300000000000011 0.0 0.0 0.3 0.05 0.8 0.3 0.05 0.8 0.5 0.1 0.05
241 1.2917282581329346 0.0 0.0 0.0 0.0 0.0 0.0 0.0 0.0 0.0 0.0 0.0 0.0 0.0 0.0 0.0 0.0 0.0 0.0 0.0 0.0 0.0 0.0 0.0 9.300000000000011 0.0 0.0 9.300000000000011 0.0 0.0 0.3 0.05 0.8 0.3 0.05 0.8 0.5 0.1 0.05
242 1.2972462177276611 0.0 0.0 0.0 0.0 0.0 0.0 0.0 0.0 0.0 0.0 0.0 0.0 0.0 0.0 0.0 0.0 0.0 0.0 0.0 0.0 0.0 0.0 0.0 9.300000000000011 0.0 0.0 9.300000000000011 0.0 0.0 0.3 0.05 0.8 0.3 0.05 0.8 0.5 0.1 0.05
243 1.3028082847595215 0.0 0.0 0.0 0.0 0.0 0.0 0.0 0.0 0.0 0.0 0.0 0.0 0.0 0.0 0.0 0.0 0.0 0.0 0.0 0.0 0.0 0.0 0.0 9.300000000000011 0.0 0.0 9.300000000000011 0.0 0.0 0.3 0.05 0.8 0.3 0.05 0.8 0.5 0.1 0.05
244 1.3081598281860352 0.0 0.0 0.0 0.0 0.0 0.0 0.0 0.0 0.0 0.0 0.0 0.0 0.0 0.0 0.0 0.0 0.0 0.0 0.0 0.0 0.0 0.0 0.0 9.300000000000011 0.0 0.0 9.300000000000011 0.0 0.0 0.3 0.05 0.8 0.3 0.05 0.8 0.5 0.1 0.05
245 1.3134756088256836 0.0 0.0 0.0 0.0 0.0 0.0 0.0 0.0 0.0 0.0 0.0 0.0 0.0 0.0 0.0 0.0 0.0 0.0 0.0 0.0 0.0 0.0 0.0 9.300000000000011 0.0 0.0 9.300000000000011 0.0 0.0 0.3 0.05 0.8 0.3 0.05 0.8 0.5 0.1 0.05
246 1.3188233375549316 0.0 0.0 0.0 0.0 0.0 0.0 0.0 0.0 0.0 0.0 0.0 0.0 0.0 0.0 0.0 0.0 0.0 0.0 0.0 0.0 0.0 0.0 0.0 9.300000000000011 0.0 0.0 9.300000000000011 0.0 0.0 0.3 0.05 0.8 0.3 0.05 0.8 0.5 0.1 0.05
247 1.3241832256317139 0.0 0.0 0.0 0.0 0.0 0.0 0.0 0.0 0.0 0.0 0.0 0.0 0.0 0.0 0.0 0.0 0.0 0.0 0.0 0.0 0.0 0.0 0.0 9.300000000000011 0.0 0.0 9.300000000000011 0.0 0.0 0.3 0.05 0.8 0.3 0.05 0.8 0.5 0.1 0.05
248 1.3297119140625 0.0 0.0 0.0 0.0 0.0 0.0 0.0 0.0 0.0 0.0 0.0 0.0 0.0 0.0 0.0 0.0 0.0 0.0 0.0 0.0 0.0 0.0 0.0 9.300000000000011 0.0 0.0 9.300000000000011 0.0 0.0 0.3 0.05 0.8 0.3 0.05 0.8 0.5 0.1 0.05
249 1.3352177143096924 0.0 0.0 0.0 0.0 0.0 0.0 0.0 0.0 0.0 0.0 0.0 0.0 0.0 0.0 0.0 0.0 0.0 0.0 0.0 0.0 0.0 0.0 0.0 9.300000000000011 0.0 0.0 9.300000000000011 0.0 0.0 0.3 0.05 0.8 0.3 0.05 0.8 0.5 0.1 0.05
250 1.3406236171722412 0.0 0.0 0.0 0.0 0.0 0.0 0.0 0.0 0.0 0.0 0.0 0.0 0.0 0.0 0.0 0.0 0.0 0.0 0.0 0.0 0.0 0.0 0.0 9.300000000000011 0.0 0.0 9.300000000000011 0.0 0.0 0.3 0.05 0.8 0.3 0.05 0.8 0.5 0.1 0.05
251 1.3468406200408936 0.0 0.0 0.0 0.0 0.0 0.0 0.0 0.0 0.0 0.0 0.0 0.0 0.0 0.0 0.0 0.0 0.0 0.0 0.0 0.0 0.0 0.0 0.0 9.300000000000011 0.0 0.0 9.300000000000011 0.0 0.0 0.3 0.05 0.8 0.3 0.05 0.8 0.5 0.1 0.05
252 1.3525865077972412 0.0 0.0 0.0 0.0 0.0 0.0 0.0 0.0 0.0 0.0 0.0 0.0 0.0 0.0 0.0 0.0 0.0 0.0 0.0 0.0 0.0 0.0 0.0 9.300000000000011 0.0 0.0 9.300000000000011 0.0 0.0 0.3 0.05 0.8 0.3 0.05 0.8 0.5 0.1 0.05
253 1.3581438064575195 0.0 0.0 0.0 0.0 0.0 0.0 0.0 0.0 0.0 0.0 0.0 0.0 0.0 0.0 0.0 0.0 0.0 0.0 0.0 0.0 0.0 0.0 0.0 9.300000000000011 0.0 0.0 9.300000000000011 0.0 0.0 0.3 0.05 0.8 0.3 0.05 0.8 0.5 0.1 0.05
254 1.3635663986206055 0.0 0.0 0.0 0.0 0.0 0.0 0.0 0.0 0.0 0.0 0.0 0.0 0.0 0.0 0.0 0.0 0.0 0.0 0.0 0.0 0.0 0.0 0.0 9.300000000000011 0.0 0.0 9.300000000000011 0.0 0.0 0.3 0.05 0.8 0.3 0.05 0.8 0.5 0.1 0.05
255 1.3690040111541748 0.0 0.0 0.0 0.0 0.0 0.0 0.0 0.0 0.0 0.0 0.0 0.0 0.0 0.0 0.0 0.0 0.0 0.0 0.0 0.0 0.0 0.0 0.0 9.300000000000011 0.0 0.0 9.300000000000011 0.0 0.0 0.3 0.05 0.8 0.3 0.05 0.8 0.5 0.1 0.05
256 1.37447190284729 0.0 0.0 0.0 0.0 0.0 0.0 0.0 0.0 0.0 0.0 0.0 0.0 0.0 0.0 0.0 0.0 0.0 0.0 0.0 0.0 0.0 0.0 0.0 9.300000000000011 0.0 0.0 9.300000000000011 0.0 0.0 0.3 0.05 0.8 0.3 0.05 0.8 0.5 0.1 0.05
257 1.3798997402191162 0.0 0.0 0.0 0.0 0.0 0.0 0.0 0.0 0.0 0.0 0.0 0.0 0.0 0.0 0.0 0.0 0.0 0.0 0.0 0.0 0.0 0.0 0.0 9.300000000000011 0.0 0.0 9.300000000000011 0.0 0.0 0.3 0.05 0.8 0.3 0.05 0.8 0.5 0.1 0.05
258 1.3854000568389893 0.0 0.0 0.0 0.0 0.0 0.0 0.0 0.0 0.0 0.0 0.0 0.0 0.0 0.0 0.0 0.0 0.0 0.0 0.0 0.0 0.0 0.0 0.0 9.300000000000011 0.0 0.0 9.300000000000011 0.0 0.0 0.3 0.05 0.8 0.3 0.05 0.8 0.5 0.1 0.05
259 1.391054391860962 0.0 0.0 0.0 0.0 0.0 0.0 0.0 0.0 0.0 0.0 0.0 0.0 0.0 0.0 0.0 0.0 0.0 0.0 0.0 0.0 0.0 0.0 0.0 9.300000000000011 0.0 0.0 9.300000000000011 0.0 0.0 0.3 0.05 0.8 0.3 0.05 0.8 0.5 0.1 0.05
260 1.396538496017456 0.0 0.0 0.0 0.0 0.0 0.0 0.0 0.0 0.0 0.0 0.0 0.0 0.0 0.0 0.0 0.0 0.0 0.0 0.0 0.0 0.0 0.0 0.0 9.300000000000011 0.0 0.0 9.300000000000011 0.0 0.0 0.3 0.05 0.8 0.3 0.05 0.8 0.5 0.1 0.05
261 1.4026806354522705 0.0 0.0 0.0 0.0 0.0 0.0 0.0 0.0 0.0 0.0 0.0 0.0 0.0 0.0 0.0 0.0 0.0 0.0 0.0 0.0 0.0 0.0 0.0 9.300000000000011 0.0 0.0 9.300000000000011 0.0 0.0 0.3 0.05 0.8 0.3 0.05 0.8 0.5 0.1 0.05
262 1.4082443714141846 0.0 0.0 0.0 0.0 0.0 0.0 0.0 0.0 0.0 0.0 0.0 0.0 0.0 0.0 0.0 0.0 0.0 0.0 0.0 0.0 0.0 0.0 0.0 9.300000000000011 0.0 0.0 9.300000000000011 0.0 0.0 0.3 0.05 0.8 0.3 0.05 0.8 0.5 0.1 0.05
263 1.4137496948242188 0.0 0.0 0.0 0.0 0.0 0.0 0.0 0.0 0.0 0.0 0.0 0.0 0.0 0.0 0.0 0.0 0.0 0.0 0.0 0.0 0.0 0.0 0.0 9.300000000000011 0.0 0.0 9.300000000000011 0.0 0.0 0.3 0.05 0.8 0.3 0.05 0.8 0.5 0.1 0.05
264 1.4191465377807617 0.0 0.0 0.0 0.0 0.0 0.0 0.0 0.0 0.0 0.0 0.0 0.0 0.0 0.0 0.0 0.0 0.0 0.0 0.0 0.0 0.0 0.0 0.0 9.300000000000011 0.0 0.0 9.300000000000011 0.0 0.0 0.3 0.05 0.8 0.3 0.05 0.8 0.5 0.1 0.05
265 1.424560308456421 0.0 0.0 0.0 0.0 0.0 0.0 0.0 0.0 0.0 0.0 0.0 0.0 0.0 0.0 0.0 0.0 0.0 0.0 0.0 0.0 0.0 0.0 0.0 9.300000000000011 0.0 0.0 9.300000000000011 0.0 0.0 0.3 0.05 0.8 0.3 0.05 0.8 0.5 0.1 0.05
266 1.430128812789917 0.0 0.0 0.0 0.0 0.0 0.0 0.0 0.0 0.0 0.0 0.0 0.0 0.0 0.0 0.0 0.0 0.0 0.0 0.0 0.0 0.0 0.0 0.0 9.300000000000011 0.0 0.0 9.300000000000011 0.0 0.0 0.3 0.05 0.8 0.3 0.05 0.8 0.5 0.1 0.05
267 1.4357101917266846 0.0 0.0 0.0 0.0 0.0 0.0 0.0 0.0 0.0 0.0 0.0 0.0 0.0 0.0 0.0 0.0 0.0 0.0 0.0 0.0 0.0 0.0 0.0 9.300000000000011 0.0 0.0 9.300000000000011 0.0 0.0 0.3 0.05 0.8 0.3 0.05 0.8 0.5 0.1 0.05
268 1.4412267208099365 0.0 0.0 0.0 0.0 0.0 0.0 0.0 0.0 0.0 0.0 0.0 0.0 0.0 0.0 0.0 0.0 0.0 0.0 0.0 0.0 0.0 0.0 0.0 9.300000000000011 0.0 0.0 9.300000000000011 0.0 0.0 0.3 0.05 0.8 0.3 0.05 0.8 0.5 0.1 0.05
269 1.4467811584472656 0.0 0.0 0.0 0.0 0.0 0.0 0.0 0.0 0.0 0.0 0.0 0.0 0.0 0.0 0.0 0.0 0.0 0.0 0.0 0.0 0.0 0.0 0.0 9.300000000000011 0.0 0.0 9.300000000000011 0.0 0.0 0.3 0.05 0.8 0.3 0.05 0.8 0.5 0.1 0.05
270 1.4524345397949219 0.0 0.0 0.0 0.0 0.0 0.0 0.0 0.0 0.0 0.0 0.0 0.0 0.0 0.0 0.0 0.0 0.0 0.0 0.0 0.0 0.0 0.0 0.0 9.300000000000011 0.0 0.0 9.300000000000011 0.0 0.0 0.3 0.05 0.8 0.3 0.05 0.8 0.5 0.1 0.05
271 1.4581642150878906 0.0 0.0 0.0 0.0 0.0 0.0 0.0 0.0 0.0 0.0 0.0 0.0 0.0 0.0 0.0 0.0 0.0 0.0 0.0 0.0 0.0 0.0 0.0 9.300000000000011 0.0 0.0 9.300000000000011 0.0 0.0 0.3 0.05 0.8 0.3 0.05 0.8 0.5 0.1 0.05
272 1.463731288909912 0.0 0.0 0.0 0.0 0.0 0.0 0.0 0.0 0.0 0.0 0.0 0.0 0.0 0.0 0.0 0.0 0.0 0.0 0.0 0.0 0.0 0.0 0.0 9.300000000000011 0.0 0.0 9.300000000000011 0.0 0.0 0.3 0.05 0.8 0.3 0.05 0.8 0.5 0.1 0.05
273 1.4692184925079346 0.0 0.0 0.0 0.0 0.0 0.0 0.0 0.0 0.0 0.0 0.0 0.0 0.0 0.0 0.0 0.0 0.0 0.0 0.0 0.0 0.0 0.0 0.0 9.300000000000011 0.0 0.0 9.300000000000011 0.0 0.0 0.3 0.05 0.8 0.3 0.05 0.8 0.5 0.1 0.05
274 1.4746334552764893 0.0 0.0 0.0 0.0 0.0 0.0 0.0 0.0 0.0 0.0 0.0 0.0 0.0 0.0 0.0 0.0 0.0 0.0 0.0 0.0 0.0 0.0 0.0 9.300000000000011 0.0 0.0 9.300000000000011 0.0 0.0 0.3 0.05 0.8 0.3 0.05 0.8 0.5 0.1 0.05
275 1.4800403118133545 0.0 0.0 0.0 0.0 0.0 0.0 0.0 0.0 0.0 0.0 0.0 0.0 0.0 0.0 0.0 0.0 0.0 0.0 0.0 0.0 0.0 0.0 0.0 9.300000000000011 0.0 0.0 9.300000000000011 0.0 0.0 0.3 0.05 0.8 0.3 0.05 0.8 0.5 0.1 0.05
276 1.4853816032409668 0.0 0.0 0.0 0.0 0.0 0.0 0.0 0.0 0.0 0.0 0.0 0.0 0.0 0.0 0.0 0.0 0.0 0.0 0.0 0.0 0.0 0.0 0.0 9.300000000000011 0.0 0.0 9.300000000000011 0.0 0.0 0.3 0.05 0.8 0.3 0.05 0.8 0.5 0.1 0.05
277 1.490743637084961 0.0 0.0 0.0 0.0 0.0 0.0 0.0 0.0 0.0 0.0 0.0 0.0 0.0 0.0 0.0 0.0 0.0 0.0 0.0 0.0 0.0 0.0 0.0 9.300000000000011 0.0 0.0 9.300000000000011 0.0 0.0 0.3 0.05 0.8 0.3 0.05 0.8 0.5 0.1 0.05
278 1.4961378574371338 0.0 0.0 0.0 0.0 0.0 0.0 0.0 0.0 0.0 0.0 0.0 0.0 0.0 0.0 0.0 0.0 0.0 0.0 0.0 0.0 0.0 0.0 0.0 9.300000000000011 0.0 0.0 9.300000000000011 0.0 0.0 0.3 0.05 0.8 0.3 0.05 0.8 0.5 0.1 0.05
279 1.501537799835205 0.0 0.0 0.0 0.0 0.0 0.0 0.0 0.0 0.0 0.0 0.0 0.0 0.0 0.0 0.0 0.0 0.0 0.0 0.0 0.0 0.0 0.0 0.0 9.300000000000011 0.0 0.0 9.300000000000011 0.0 0.0 0.3 0.05 0.8 0.3 0.05 0.8 0.5 0.1 0.05
280 1.5070466995239258 0.0 0.0 0.0 0.0 0.0 0.0 0.0 0.0 0.0 0.0 0.0 0.0 0.0 0.0 0.0 0.0 0.0 0.0 0.0 0.0 0.0 0.0 0.0 9.300000000000011 0.0 0.0 9.300000000000011 0.0 0.0 0.3 0.05 0.8 0.3 0.05 0.8 0.5 0.1 0.05
281 1.5127217769622803 0.0 0.0 0.0 0.0 0.0 0.0 0.0 0.0 0.0 0.0 0.0 0.0 0.0 0.0 0.0 0.0 0.0 0.0 0.0 0.0 0.0 0.0 0.0 9.300000000000011 0.0 0.0 9.300000000000011 0.0 0.0 0.3 0.05 0.8 0.3 0.05 0.8 0.5 0.1 0.05
282 1.5181784629821777 0.0 0.0 0.0 0.0 0.0 0.0 0.0 0.0 0.0 0.0 0.0 0.0 0.0 0.0 0.0 0.0 0.0 0.0 0.0 0.0 0.0 0.0 0.0 9.300000000000011 0.0 0.0 9.300000000000011 0.0 0.0 0.3 0.05 0.8 0.3 0.05 0.8 0.5 0.1 0.05
283 1.5237300395965576 0.0 0.0 0.0 0.0 0.0 0.0 0.0 0.0 0.0 0.0 0.0 0.0 0.0 0.0 0.0 0.0 0.0 0.0 0.0 0.0 0.0 0.0 0.0 9.300000000000011 0.0 0.0 9.300000000000011 0.0 0.0 0.3 0.05 0.8 0.3 0.05 0.8 0.5 0.1 0.05
284 1.5292234420776367 0.0 0.0 0.0 0.0 0.0 0.0 0.0 0.0 0.0 0.0 0.0 0.0 0.0 0.0 0.0 0.0 0.0 0.0 0.0 0.0 0.0 0.0 0.0 9.300000000000011 0.0 0.0 9.300000000000011 0.0 0.0 0.3 0.05 0.8 0.3 0.05 0.8 0.5 0.1 0.05
285 1.5346267223358154 0.0 0.0 0.0 0.0 0.0 0.0 0.0 0.0 0.0 0.0 0.0 0.0 0.0 0.0 0.0 0.0 0.0 0.0 0.0 0.0 0.0 0.0 0.0 9.300000000000011 0.0 0.0 9.300000000000011 0.0 0.0 0.3 0.05 0.8 0.3 0.05 0.8 0.5 0.1 0.05
286 1.5402309894561768 0.0 0.0 0.0 0.0 0.0 0.0 0.0 0.0 0.0 0.0 0.0 0.0 0.0 0.0 0.0 0.0 0.0 0.0 0.0 0.0 0.0 0.0 0.0 9.300000000000011 0.0 0.0 9.300000000000011 0.0 0.0 0.3 0.05 0.8 0.3 0.05 0.8 0.5 0.1 0.05
287 1.5457534790039062 0.0 0.0 0.0 0.0 0.0 0.0 0.0 0.0 0.0 0.0 0.0 0.0 0.0 0.0 0.0 0.0 0.0 0.0 0.0 0.0 0.0 0.0 0.0 9.300000000000011 0.0 0.0 9.300000000000011 0.0 0.0 0.3 0.05 0.8 0.3 0.05 0.8 0.5 0.1 0.05
288 1.5511789321899414 0.0 0.0 0.0 0.0 0.0 0.0 0.0 0.0 0.0 0.0 0.0 0.0 0.0 0.0 0.0 0.0 0.0 0.0 0.0 0.0 0.0 0.0 0.0 9.300000000000011 0.0 0.0 9.300000000000011 0.0 0.0 0.3 0.05 0.8 0.3 0.05 0.8 0.5 0.1 0.05
289 1.5565671920776367 0.0 0.0 0.0 0.0 0.0 0.0 0.0 0.0 0.0 0.0 0.0 0.0 0.0 0.0 0.0 0.0 0.0 0.0 0.0 0.0 0.0 0.0 0.0 9.300000000000011 0.0 0.0 9.300000000000011 0.0 0.0 0.3 0.05 0.8 0.3 0.05 0.8 0.5 0.1 0.05
290 1.5620567798614502 0.0 0.0 0.0 0.0 0.0 0.0 0.0 0.0 0.0 0.0 0.0 0.0 0.0 0.0 0.0 0.0 0.0 0.0 0.0 0.0 0.0 0.0 0.0 9.300000000000011 0.0 0.0 9.300000000000011 0.0 0.0 0.3 0.05 0.8 0.3 0.05 0.8 0.5 0.1 0.05
291 1.5676004886627197 0.0 0.0 0.0 0.0 0.0 0.0 0.0 0.0 0.0 0.0 0.0 0.0 0.0 0.0 0.0 0.0 0.0 0.0 0.0 0.0 0.0 0.0 0.0 9.300000000000011 0.0 0.0 9.300000000000011 0.0 0.0 0.3 0.05 0.8 0.3 0.05 0.8 0.5 0.1 0.05
292 1.5730037689208984 0.0 0.0 0.0 0.0 0.0 0.0 0.0 0.0 0.0 0.0 0.0 0.0 0.0 0.0 0.0 0.0 0.0 0.0 0.0 0.0 0.0 0.0 0.0 9.300000000000011 0.0 0.0 9.300000000000011 0.0 0.0 0.3 0.05 0.8 0.3 0.05 0.8 0.5 0.1 0.05
293 1.5785844326019287 0.0 0.0 0.0 0.0 0.0 0.0 0.0 0.0 0.0 0.0 0.0 0.0 0.0 0.0 0.0 0.0 0.0 0.0 0.0 0.0 0.0 0.0 0.0 9.300000000000011 0.0 0.0 9.300000000000011 0.0 0.0 0.3 0.05 0.8 0.3 0.05 0.8 0.5 0.1 0.05
294 1.5840330123901367 0.0 0.0 0.0 0.0 0.0 0.0 0.0 0.0 0.0 0.0 0.0 0.0 0.0 0.0 0.0 0.0 0.0 0.0 0.0 0.0 0.0 0.0 0.0 9.300000000000011 0.0 0.0 9.300000000000011 0.0 0.0 0.3 0.05 0.8 0.3 0.05 0.8 0.5 0.1 0.05
295 1.589592456817627 0.0 0.0 0.0 0.0 0.0 0.0 0.0 0.0 0.0 0.0 0.0 0.0 0.0 0.0 0.0 0.0 0.0 0.0 0.0 0.0 0.0 0.0 0.0 9.300000000000011 0.0 0.0 9.300000000000011 0.0 0.0 0.3 0.05 0.8 0.3 0.05 0.8 0.5 0.1 0.05
296 1.5949974060058594 0.0 0.0 0.0 0.0 0.0 0.0 0.0 0.0 0.0 0.0 0.0 0.0 0.0 0.0 0.0 0.0 0.0 0.0 0.0 0.0 0.0 0.0 0.0 9.300000000000011 0.0 0.0 9.300000000000011 0.0 0.0 0.3 0.05 0.8 0.3 0.05 0.8 0.5 0.1 0.05
297 1.6004106998443604 0.0 0.0 0.0 0.0 0.0 0.0 0.0 0.0 0.0 0.0 0.0 0.0 0.0 0.0 0.0 0.0 0.0 0.0 0.0 0.0 0.0 0.0 0.0 9.300000000000011 0.0 0.0 9.300000000000011 0.0 0.0 0.3 0.05 0.8 0.3 0.05 0.8 0.5 0.1 0.05
298 1.606194257736206 0.0 0.0 0.0 0.0 0.0 0.0 0.0 0.0 0.0 0.0 0.0 0.0 0.0 0.0 0.0 0.0 0.0 0.0 0.0 0.0 0.0 0.0 0.0 9.300000000000011 0.0 0.0 9.300000000000011 0.0 0.0 0.3 0.05 0.8 0.3 0.05 0.8 0.5 0.1 0.05
299 1.6117544174194336 0.0 0.0 0.0 0.0 0.0 0.0 0.0 0.0 0.0 0.0 0.0 0.0 0.0 0.0 0.0 0.0 0.0 0.0 0.0 0.0 0.0 0.0 0.0 9.300000000000011 0.0 0.0 9.300000000000011 0.0 0.0 0.3 0.05 0.8 0.3 0.05 0.8 0.5 0.1 0.05
300 1.6176326274871826 0.0 0.0 0.0 0.0 0.0 0.0 0.0 0.0 0.0 0.0 0.0 0.0 0.0 0.0 0.0 0.0 0.0 0.0 0.0 0.0 0.0 0.0 0.0 9.300000000000011 0.0 0.0 9.300000000000011 0.0 0.0 0.3 0.05 0.8 0.3 0.05 0.8 0.5 0.1 0.05
301 1.6234536170959473 0.0 0.0 0.0 0.0 0.0 0.0 0.0 0.0 0.0 0.0 0.0 0.0 0.0 0.0 0.0 0.0 0.0 0.0 0.0 0.0 0.0 0.0 0.0 9.300000000000011 0.0 0.0 9.300000000000011 0.0 0.0 0.3 0.05 0.8 0.3 0.05 0.8 0.5 0.1 0.05
302 1.6290874481201172 0.0 0.0 0.0 0.0 0.0 0.0 0.0 0.0 0.0 0.0 0.0 0.0 0.0 0.0 0.0 0.0 0.0 0.0 0.0 0.0 0.0 0.0 0.0 9.300000000000011 0.0 0.0 9.300000000000011 0.0 0.0 0.3 0.05 0.8 0.3 0.05 0.8 0.5 0.1 0.05
303 1.6348416805267334 0.0 0.0 0.0 0.0 0.0 0.0 0.0 0.0 0.0 0.0 0.0 0.0 0.0 0.0 0.0 0.0 0.0 0.0 0.0 0.0 0.0 0.0 0.0 9.300000000000011 0.0 0.0 9.300000000000011 0.0 0.0 0.3 0.05 0.8 0.3 0.05 0.8 0.5 0.1 0.05
304 1.6410102844238281 0.0 0.0 0.0 0.0 0.0 0.0 0.0 0.0 0.0 0.0 0.0 0.0 0.0 0.0 0.0 0.0 0.0 0.0 0.0 0.0 0.0 0.0 0.0 9.300000000000011 0.0 0.0 9.300000000000011 0.0 0.0 0.3 0.05 0.8 0.3 0.05 0.8 0.5 0.1 0.05
305 1.6466658115386963 0.0 0.0 0.0 0.0 0.0 0.0 0.0 0.0 0.0 0.0 0.0 0.0 0.0 0.0 0.0 0.0 0.0 0.0 0.0 0.0 0.0 0.0 0.0 9.300000000000011 0.0 0.0 9.300000000000011 0.0 0.0 0.3 0.05 0.8 0.3 0.05 0.8 0.5 0.1 0.05
306 1.652287244796753 0.0 0.0 0.0 0.0 0.0 0.0 0.0 0.0 0.0 0.0 0.0 0.0 0.0 0.0 0.0 0.0 0.0 0.0 0.0 0.0 0.0 0.0 0.0 9.300000000000011 0.0 0.0 9.300000000000011 0.0 0.0 0.3 0.05 0.8 0.3 0.05 0.8 0.5 0.1 0.05
307 1.6578810214996338 0.0 0.0 0.0 0.0 0.0 0.0 0.0 0.0 0.0 0.0 0.0 0.0 0.0 0.0 0.0 0.0 0.0 0.0 0.0 0.0 0.0 0.0 0.0 9.300000000000011 0.0 0.0 9.300000000000011 0.0 0.0 0.3 0.05 0.8 0.3 0.05 0.8 0.5 0.1 0.05
308 1.6635067462921143 0.0 0.0 0.0 0.0 0.0 0.0 0.0 0.0 0.0 0.0 0.0 0.0 0.0 0.0 0.0 0.0 0.0 0.0 0.0 0.0 0.0 0.0 0.0 9.300000000000011 0.0 0.0 9.300000000000011 0.0 0.0 0.3 0.05 0.8 0.3 0.05 0.8 0.5 0.1 0.05
309 1.6690304279327393 0.0 0.0 0.0 0.0 0.0 0.0 0.0 0.0 0.0 0.0 0.0 0.0 0.0 0.0 0.0 0.0 0.0 0.0 0.0 0.0 0.0 0.0 0.0 9.300000000000011 0.0 0.0 9.300000000000011 0.0 0.0 0.3 0.05 0.8 0.3 0.05 0.8 0.5 0.1 0.05
310 1.6745615005493164 0.0 0.0 0.0 0.0 0.0 0.0 0.0 0.0 0.0 0.0 0.0 0.0 0.0 0.0 0.0 0.0 0.0 0.0 0.0 0.0 0.0 0.0 0.0 9.300000000000011 0.0 0.0 9.300000000000011 0.0 0.0 0.3 0.05 0.8 0.3 0.05 0.8 0.5 0.1 0.05
311 1.6808688640594482 0.0 0.0 0.0 0.0 0.0 0.0 0.0 0.0 0.0 0.0 0.0 0.0 0.0 0.0 0.0 0.0 0.0 0.0 0.0 0.0 0.0 0.0 0.0 9.300000000000011 0.0 0.0 9.300000000000011 0.0 0.0 0.3 0.05 0.8 0.3 0.05 0.8 0.5 0.1 0.05
312 1.6863794326782227 0.0 0.0 0.0 0.0 0.0 0.0 0.0 0.0 0.0 0.0 0.0 0.0 0.0 0.0 0.0 0.0 0.0 0.0 0.0 0.0 0.0 0.0 0.0 9.300000000000011 0.0 0.0 9.300000000000011 0.0 0.0 0.3 0.05 0.8 0.3 0.05 0.8 0.5 0.1 0.05
313 1.69223952293396 0.0 0.0 0.0 0.0 0.0 0.0 0.0 0.0 0.0 0.0 0.0 0.0 0.0 0.0 0.0 0.0 0.0 0.0 0.0 0.0 0.0 0.0 0.0 9.300000000000011 0.0 0.0 9.300000000000011 0.0 0.0 0.3 0.05 0.8 0.3 0.05 0.8 0.5 0.1 0.05
314 1.6977694034576416 0.0 0.0 0.0 0.0 0.0 0.0 0.0 0.0 0.0 0.0 0.0 0.0 0.0 0.0 0.0 0.0 0.0 0.0 0.0 0.0 0.0 0.0 0.0 9.300000000000011 0.0 0.0 9.300000000000011 0.0 0.0 0.3 0.05 0.8 0.3 0.05 0.8 0.5 0.1 0.05
315 1.7031619548797607 0.0 0.0 0.0 0.0 0.0 0.0 0.0 0.0 0.0 0.0 0.0 0.0 0.0 0.0 0.0 0.0 0.0 0.0 0.0 0.0 0.0 0.0 0.0 9.300000000000011 0.0 0.0 9.300000000000011 0.0 0.0 0.3 0.05 0.8 0.3 0.05 0.8 0.5 0.1 0.05
316 1.708449363708496 0.0 0.0 0.0 0.0 0.0 0.0 0.0 0.0 0.0 0.0 0.0 0.0 0.0 0.0 0.0 0.0 0.0 0.0 0.0 0.0 0.0 0.0 0.0 9.300000000000011 0.0 0.0 9.300000000000011 0.0 0.0 0.3 0.05 0.8 0.3 0.05 0.8 0.5 0.1 0.05
317 1.713707447052002 0.0 0.0 0.0 0.0 0.0 0.0 0.0 0.0 0.0 0.0 0.0 0.0 0.0 0.0 0.0 0.0 0.0 0.0 0.0 0.0 0.0 0.0 0.0 9.300000000000011 0.0 0.0 9.300000000000011 0.0 0.0 0.3 0.05 0.8 0.3 0.05 0.8 0.5 0.1 0.05
318 1.7190170288085938 0.0 0.0 0.0 0.0 0.0 0.0 0.0 0.0 0.0 0.0 0.0 0.0 0.0 0.0 0.0 0.0 0.0 0.0 0.0 0.0 0.0 0.0 0.0 9.300000000000011 0.0 0.0 9.300000000000011 0.0 0.0 0.3 0.05 0.8 0.3 0.05 0.8 0.5 0.1 0.05
319 1.7242817878723145 0.0 0.0 0.0 0.0 0.0 0.0 0.0 0.0 0.0 0.0 0.0 0.0 0.0 0.0 0.0 0.0 0.0 0.0 0.0 0.0 0.0 0.0 0.0 9.300000000000011 0.0 0.0 9.300000000000011 0.0 0.0 0.3 0.05 0.8 0.3 0.05 0.8 0.5 0.1 0.05
320 1.7295475006103516 0.0 0.0 0.0 0.0 0.0 0.0 0.0 0.0 0.0 0.0 0.0 0.0 0.0 0.0 0.0 0.0 0.0 0.0 0.0 0.0 0.0 0.0 0.0 9.300000000000011 0.0 0.0 9.300000000000011 0.0 0.0 0.3 0.05 0.8 0.3 0.05 0.8 0.5 0.1 0.05
321 1.7349722385406494 0.0 0.0 0.0 0.0 0.0 0.0 0.0 0.0 0.0 0.0 0.0 0.0 0.0 0.0 0.0 0.0 0.0 0.0 0.0 0.0 0.0 0.0 0.0 9.300000000000011 0.0 0.0 9.300000000000011 0.0 0.0 0.3 0.05 0.8 0.3 0.05 0.8 0.5 0.1 0.05
322 1.7402894496917725 0.0 0.0 0.0 0.0 0.0 0.0 0.0 0.0 0.0 0.0 0.0 0.0 0.0 0.0 0.0 0.0 0.0 0.0 0.0 0.0 0.0 0.0 0.0 9.300000000000011 0.0 0.0 9.300000000000011 0.0 0.0 0.3 0.05 0.8 0.3 0.05 0.8 0.5 0.1 0.05
323 1.7457404136657715 0.0 0.0 0.0 0.0 0.0 0.0 0.0 0.0 0.0 0.0 0.0 0.0 0.0 0.0 0.0 0.0 0.0 0.0 0.0 0.0 0.0 0.0 0.0 9.300000000000011 0.0 0.0 9.300000000000011 0.0 0.0 0.3 0.05 0.8 0.3 0.05 0.8 0.5 0.1 0.05
324 1.7511699199676514 0.0 0.0 0.0 0.0 0.0 0.0 0.0 0.0 0.0 0.0 0.0 0.0 0.0 0.0 0.0 0.0 0.0 0.0 0.0 0.0 0.0 0.0 0.0 9.300000000000011 0.0 0.0 9.300000000000011 0.0 0.0 0.3 0.05 0.8 0.3 0.05 0.8 0.5 0.1 0.05
325 1.7565138339996338 0.0 0.0 0.0 0.0 0.0 0.0 0.0 0.0 0.0 0.0 0.0 0.0 0.0 0.0 0.0 0.0 0.0 0.0 0.0 0.0 0.0 0.0 0.0 9.300000000000011 0.0 0.0 9.300000000000011 0.0 0.0 0.3 0.05 0.8 0.3 0.05 0.8 0.5 0.1 0.05
326 1.7617895603179932 0.0 0.0 0.0 0.0 0.0 0.0 0.0 0.0 0.0 0.0 0.0 0.0 0.0 0.0 0.0 0.0 0.0 0.0 0.0 0.0 0.0 0.0 0.0 9.300000000000011 0.0 0.0 9.300000000000011 0.0 0.0 0.3 0.05 0.8 0.3 0.05 0.8 0.5 0.1 0.05
327 1.7671117782592773 0.0 0.0 0.0 0.0 0.0 0.0 0.0 0.0 0.0 0.0 0.0 0.0 0.0 0.0 0.0 0.0 0.0 0.0 0.0 0.0 0.0 0.0 0.0 9.300000000000011 0.0 0.0 9.300000000000011 0.0 0.0 0.3 0.05 0.8 0.3 0.05 0.8 0.5 0.1 0.05
328 1.772395133972168 0.0 0.0 0.0 0.0 0.0 0.0 0.0 0.0 0.0 0.0 0.0 0.0 0.0 0.0 0.0 0.0 0.0 0.0 0.0 0.0 0.0 0.0 0.0 9.300000000000011 0.0 0.0 9.300000000000011 0.0 0.0 0.3 0.05 0.8 0.3 0.05 0.8 0.5 0.1 0.05
329 1.7777163982391357 0.0 0.0 0.0 0.0 0.0 0.0 0.0 0.0 0.0 0.0 0.0 0.0 0.0 0.0 0.0 0.0 0.0 0.0 0.0 0.0 0.0 0.0 0.0 9.300000000000011 0.0 0.0 9.300000000000011 0.0 0.0 0.3 0.05 0.8 0.3 0.05 0.8 0.5 0.1 0.05
330 1.783165454864502 0.0 0.0 0.0 0.0 0.0 0.0 0.0 0.0 0.0 0.0 0.0 0.0 0.0 0.0 0.0 0.0 0.0 0.0 0.0 0.0 0.0 0.0 0.0 9.300000000000011 0.0 0.0 9.300000000000011 0.0 0.0 0.3 0.05 0.8 0.3 0.05 0.8 0.5 0.1 0.05
331 1.788834571838379 0.0 0.0 0.0 0.0 0.0 0.0 0.0 0.0 0.0 0.0 0.0 0.0 0.0 0.0 0.0 0.0 0.0 0.0 0.0 0.0 0.0 0.0 0.0 9.300000000000011 0.0 0.0 9.300000000000011 0.0 0.0 0.3 0.05 0.8 0.3 0.05 0.8 0.5 0.1 0.05
332 1.7942872047424316 0.0 0.0 0.0 0.0 0.0 0.0 0.0 0.0 0.0 0.0 0.0 0.0 0.0 0.0 0.0 0.0 0.0 0.0 0.0 0.0 0.0 0.0 0.0 9.300000000000011 0.0 0.0 9.300000000000011 0.0 0.0 0.3 0.05 0.8 0.3 0.05 0.8 0.5 0.1 0.05
333 1.799607515335083 0.0 0.0 0.0 0.0 0.0 0.0 0.0 0.0 0.0 0.0 0.0 0.0 0.0 0.0 0.0 0.0 0.0 0.0 0.0 0.0 0.0 0.0 0.0 9.300000000000011 0.0 0.0 9.300000000000011 0.0 0.0 0.3 0.05 0.8 0.3 0.05 0.8 0.5 0.1 0.05
334 1.8048524856567383 0.0 0.0 0.0 0.0 0.0 0.0 0.0 0.0 0.0 0.0 0.0 0.0 0.0 0.0 0.0 0.0 0.0 0.0 0.0 0.0 0.0 0.0 0.0 9.300000000000011 0.0 0.0 9.300000000000011 0.0 0.0 0.3 0.05 0.8 0.3 0.05 0.8 0.5 0.1 0.05
335 1.8100855350494385 0.0 0.0 0.0 0.0 0.0 0.0 0.0 0.0 0.0 0.0 0.0 0.0 0.0 0.0 0.0 0.0 0.0 0.0 0.0 0.0 0.0 0.0 0.0 9.300000000000011 0.0 0.0 9.300000000000011 0.0 0.0 0.3 0.05 0.8 0.3 0.05 0.8 0.5 0.1 0.05
336 1.8153817653656006 0.0 0.0 0.0 0.0 0.0 0.0 0.0 0.0 0.0 0.0 0.0 0.0 0.0 0.0 0.0 0.0 0.0 0.0 0.0 0.0 0.0 0.0 0.0 9.300000000000011 0.0 0.0 9.300000000000011 0.0 0.0 0.3 0.05 0.8 0.3 0.05 0.8 0.5 0.1 0.05
337 1.8206288814544678 0.0 0.0 0.0 0.0 0.0 0.0 0.0 0.0 0.0 0.0 0.0 0.0 0.0 0.0 0.0 0.0 0.0 0.0 0.0 0.0 0.0 0.0 0.0 9.300000000000011 0.0 0.0 9.300000000000011 0.0 0.0 0.3 0.05 0.8 0.3 0.05 0.8 0.5 0.1 0.05
338 1.825871467590332 0.0 0.0 0.0 0.0 0.0 0.0 0.0 0.0 0.0 0.0 0.0 0.0 0.0 0.0 0.0 0.0 0.0 0.0 0.0 0.0 0.0 0.0 0.0 9.300000000000011 0.0 0.0 9.300000000000011 0.0 0.0 0.3 0.05 0.8 0.3 0.05 0.8 0.5 0.1 0.05
339 1.831148386001587 0.0 0.0 0.0 0.0 0.0 0.0 0.0 0.0 0.0 0.0 0.0 0.0 0.0 0.0 0.0 0.0 0.0 0.0 0.0 0.0 0.0 0.0 0.0 9.300000000000011 0.0 0.0 9.300000000000011 0.0 0.0 0.3 0.05 0.8 0.3 0.05 0.8 0.5 0.1 0.05
340 1.8364057540893555 0.0 0.0 0.0 0.0 0.0 0.0 0.0 0.0 0.0 0.0 0.0 0.0 0.0 0.0 0.0 0.0 0.0 0.0 0.0 0.0 0.0 0.0 0.0 9.300000000000011 0.0 0.0 9.300000000000011 0.0 0.0 0.3 0.05 0.8 0.3 0.05 0.8 0.5 0.1 0.05
341 1.8421146869659424 0.0 0.0 0.0 0.0 0.0 0.0 0.0 0.0 0.0 0.0 0.0 0.0 0.0 0.0 0.0 0.0 0.0 0.0 0.0 0.0 0.0 0.0 0.0 9.300000000000011 0.0 0.0 9.300000000000011 0.0 0.0 0.3 0.05 0.8 0.3 0.05 0.8 0.5 0.1 0.05
342 1.8474781513214111 0.0 0.0 0.0 0.0 0.0 0.0 0.0 0.0 0.0 0.0 0.0 0.0 0.0 0.0 0.0 0.0 0.0 0.0 0.0 0.0 0.0 0.0 0.0 9.300000000000011 0.0 0.0 9.300000000000011 0.0 0.0 0.3 0.05 0.8 0.3 0.05 0.8 0.5 0.1 0.05
343 1.8530044555664062 0.0 0.0 0.0 0.0 0.0 0.0 0.0 0.0 0.0 0.0 0.0 0.0 0.0 0.0 0.0 0.0 0.0 0.0 0.0 0.0 0.0 0.0 0.0 9.300000000000011 0.0 0.0 9.300000000000011 0.0 0.0 0.3 0.05 0.8 0.3 0.05 0.8 0.5 0.1 0.05
344 1.8585138320922852 0.0 0.0 0.0 0.0 0.0 0.0 0.0 0.0 0.0 0.0 0.0 0.0 0.0 0.0 0.0 0.0 0.0 0.0 0.0 0.0 0.0 0.0 0.0 9.300000000000011 0.0 0.0 9.300000000000011 0.0 0.0 0.3 0.05 0.8 0.3 0.05 0.8 0.5 0.1 0.05
345 1.8649375438690186 0.0 0.0 0.0 0.0 0.0 0.0 0.0 0.0 0.0 0.0 0.0 0.0 0.0 0.0 0.0 0.0 0.0 0.0 0.0 0.0 0.0 0.0 0.0 9.300000000000011 0.0 0.0 9.300000000000011 0.0 0.0 0.3 0.05 0.8 0.3 0.05 0.8 0.5 0.1 0.05
346 1.8704726696014404 0.0 0.0 0.0 0.0 0.0 0.0 0.0 0.0 0.0 0.0 0.0 0.0 0.0 0.0 0.0 0.0 0.0 0.0 0.0 0.0 0.0 0.0 0.0 9.300000000000011 0.0 0.0 9.300000000000011 0.0 0.0 0.3 0.05 0.8 0.3 0.05 0.8 0.5 0.1 0.05
347 1.8760302066802979 0.0 0.0 0.0 0.0 0.0 0.0 0.0 0.0 0.0 0.0 0.0 0.0 0.0 0.0 0.0 0.0 0.0 0.0 0.0 0.0 0.0 0.0 0.0 9.300000000000011 0.0 0.0 9.300000000000011 0.0 0.0 0.3 0.05 0.8 0.3 0.05 0.8 0.5 0.1 0.05
348 1.8815205097198486 0.0 0.0 0.0 0.0 0.0 0.0 0.0 0.0 0.0 0.0 0.0 0.0 0.0 0.0 0.0 0.0 0.0 0.0 0.0 0.0 0.0 0.0 0.0 9.300000000000011 0.0 0.0 9.300000000000011 0.0 0.0 0.3 0.05 0.8 0.3 0.05 0.8 0.5 0.1 0.05
349 1.886977195739746 0.0 0.0 0.0 0.0 0.0 0.0 0.0 0.0 0.0 0.0 0.0 0.0 0.0 0.0 0.0 0.0 0.0 0.0 0.0 0.0 0.0 0.0 0.0 9.300000000000011 0.0 0.0 9.300000000000011 0.0 0.0 0.3 0.05 0.8 0.3 0.05 0.8 0.5 0.1 0.05
350 1.8924839496612549 0.0 0.0 0.0 0.0 0.0 0.0 0.0 0.0 0.0 0.0 0.0 0.0 0.0 0.0 0.0 0.0 0.0 0.0 0.0 0.0 0.0 0.0 0.0 9.300000000000011 0.0 0.0 9.300000000000011 0.0 0.0 0.3 0.05 0.8 0.3 0.05 0.8 0.5 0.1 0.05
351 1.8982586860656738 0.0 0.0 0.0 0.0 0.0 0.0 0.0 0.0 0.0 0.0 0.0 0.0 0.0 0.0 0.0 0.0 0.0 0.0 0.0 0.0 0.0 0.0 0.0 9.300000000000011 0.0 0.0 9.300000000000011 0.0 0.0 0.3 0.05 0.8 0.3 0.05 0.8 0.5 0.1 0.05
352 1.904299020767212 0.0 0.0 0.0 0.0 0.0 0.0 0.0 0.0 0.0 0.0 0.0 0.0 0.0 0.0 0.0 0.0 0.0 0.0 0.0 0.0 0.0 0.0 0.0 9.300000000000011 0.0 0.0 9.300000000000011 0.0 0.0 0.3 0.05 0.8 0.3 0.05 0.8 0.5 0.1 0.05
353 1.909773588180542 0.0 0.0 0.0 0.0 0.0 0.0 0.0 0.0 0.0 0.0 0.0 0.0 0.0 0.0 0.0 0.0 0.0 0.0 0.0 0.0 0.0 0.0 0.0 9.300000000000011 0.0 0.0 9.300000000000011 0.0 0.0 0.3 0.05 0.8 0.3 0.05 0.8 0.5 0.1 0.05
354 1.9152226448059082 0.0 0.0 0.0 0.0 0.0 0.0 0.0 0.0 0.0 0.0 0.0 0.0 0.0 0.0 0.0 0.0 0.0 0.0 0.0 0.0 0.0 0.0 0.0 9.300000000000011 0.0 0.0 9.300000000000011 0.0 0.0 0.3 0.05 0.8 0.3 0.05 0.8 0.5 0.1 0.05
355 1.9206809997558594 0.0 0.0 0.0 0.0 0.0 0.0 0.0 0.0 0.0 0.0 0.0 0.0 0.0 0.0 0.0 0.0 0.0 0.0 0.0 0.0 0.0 0.0 0.0 9.300000000000011 0.0 0.0 9.300000000000011 0.0 0.0 0.3 0.05 0.8 0.3 0.05 0.8 0.5 0.1 0.05
356 1.9262139797210693 0.0 0.0 0.0 0.0 0.0 0.0 0.0 0.0 0.0 0.0 0.0 0.0 0.0 0.0 0.0 0.0 0.0 0.0 0.0 0.0 0.0 0.0 0.0 9.300000000000011 0.0 0.0 9.300000000000011 0.0 0.0 0.3 0.05 0.8 0.3 0.05 0.8 0.5 0.1 0.05
357 1.931730031967163 0.0 0.0 0.0 0.0 0.0 0.0 0.0 0.0 0.0 0.0 0.0 0.0 0.0 0.0 0.0 0.0 0.0 0.0 0.0 0.0 0.0 0.0 0.0 9.300000000000011 0.0 0.0 9.300000000000011 0.0 0.0 0.3 0.05 0.8 0.3 0.05 0.8 0.5 0.1 0.05
358 1.937298059463501 0.0 0.0 0.0 0.0 0.0 0.0 0.0 0.0 0.0 0.0 0.0 0.0 0.0 0.0 0.0 0.0 0.0 0.0 0.0 0.0 0.0 0.0 0.0 9.300000000000011 0.0 0.0 9.300000000000011 0.0 0.0 0.3 0.05 0.8 0.3 0.05 0.8 0.5 0.1 0.05
359 1.9427807331085205 0.0 0.0 0.0 0.0 0.0 0.0 0.0 0.0 0.0 0.0 0.0 0.0 0.0 0.0 0.0 0.0 0.0 0.0 0.0 0.0 0.0 0.0 0.0 9.300000000000011 0.0 0.0 9.300000000000011 0.0 0.0 0.3 0.05 0.8 0.3 0.05 0.8 0.5 0.1 0.05
360 1.9483041763305664 0.0 0.0 0.0 0.0 0.0 0.0 0.0 0.0 0.0 0.0 0.0 0.0 0.0 0.0 0.0 0.0 0.0 0.0 0.0 0.0 0.0 0.0 0.0 9.300000000000011 0.0 0.0 9.300000000000011 0.0 0.0 0.3 0.05 0.8 0.3 0.05 0.8 0.5 0.1 0.05
361 1.9541339874267578 0.0 0.0 0.0 0.0 0.0 0.0 0.0 0.0 0.0 0.0 0.0 0.0 0.0 0.0 0.0 0.0 0.0 0.0 0.0 0.0 0.0 0.0 0.0 9.300000000000011 0.0 0.0 9.300000000000011 0.0 0.0 0.3 0.05 0.8 0.3 0.05 0.8 0.5 0.1 0.05
362 1.9596803188323975 0.0 0.0 0.0 0.0 0.0 0.0 0.0 0.0 0.0 0.0 0.0 0.0 0.0 0.0 0.0 0.0 0.0 0.0 0.0 0.0 0.0 0.0 0.0 9.300000000000011 0.0 0.0 9.300000000000011 0.0 0.0 0.3 0.05 0.8 0.3 0.05 0.8 0.5 0.1 0.05
363 1.967010259628296 0.0 0.0 0.0 0.0 0.0 0.0 0.0 0.0 0.0 0.0 0.0 0.0 0.0 0.0 0.0 0.0 0.0 0.0 0.0 0.0 0.0 0.0 0.0 9.300000000000011 0.0 0.0 9.300000000000011 0.0 0.0 0.3 0.05 0.8 0.3 0.05 0.8 0.5 0.1 0.05
364 1.9729206562042236 0.0 0.0 0.0 0.0 0.0 0.0 0.0 0.0 0.0 0.0 0.0 0.0 0.0 0.0 0.0 0.0 0.0 0.0 0.0 0.0 0.0 0.0 0.0 9.300000000000011 0.0 0.0 9.300000000000011 0.0 0.0 0.3 0.05 0.8 0.3 0.05 0.8 0.5 0.1 0.05
365 1.9784705638885498 0.0 0.0 0.0 0.0 0.0 0.0 0.0 0.0 0.0 0.0 0.0 0.0 0.0 0.0 0.0 0.0 0.0 0.0 0.0 0.0 0.0 0.0 0.0 9.300000000000011 0.0 0.0 9.300000000000011 0.0 0.0 0.3 0.05 0.8 0.3 0.05 0.8 0.5 0.1 0.05
366 1.983860969543457 0.0 0.0 0.0 0.0 0.0 0.0 0.0 0.0 0.0 0.0 0.0 0.0 0.0 0.0 0.0 0.0 0.0 0.0 0.0 0.0 0.0 0.0 0.0 9.300000000000011 0.0 0.0 9.300000000000011 0.0 0.0 0.3 0.05 0.8 0.3 0.05 0.8 0.5 0.1 0.05
367 1.9892058372497559 0.0 0.0 0.0 0.0 0.0 0.0 0.0 0.0 0.0 0.0 0.0 0.0 0.0 0.0 0.0 0.0 0.0 0.0 0.0 0.0 0.0 0.0 0.0 9.300000000000011 0.0 0.0 9.300000000000011 0.0 0.0 0.3 0.05 0.8 0.3 0.05 0.8 0.5 0.1 0.05
368 1.9946832656860352 0.0 0.0 0.0 0.0 0.0 0.0 0.0 0.0 0.0 0.0 0.0 0.0 0.0 0.0 0.0 0.0 0.0 0.0 0.0 0.0 0.0 0.0 0.0 9.300000000000011 0.0 0.0 9.300000000000011 0.0 0.0 0.3 0.05 0.8 0.3 0.05 0.8 0.5 0.1 0.05
369 2.0001749992370605 0.0 0.0 0.0 0.0 0.0 0.0 0.0 0.0 0.0 0.0 0.0 0.0 0.0 0.0 0.0 0.0 0.0 0.0 0.0 0.0 0.0 0.0 0.0 9.300000000000011 0.0 0.0 9.300000000000011 0.0 0.0 0.3 0.05 0.8 0.3 0.05 0.8 0.5 0.1 0.05
370 2.005666732788086 0.0 0.0 0.0 0.0 0.0 0.0 0.0 0.0 0.0 0.0 0.0 0.0 0.0 0.0 0.0 0.0 0.0 0.0 0.0 0.0 0.0 0.0 0.0 9.300000000000011 0.0 0.0 9.300000000000011 0.0 0.0 0.3 0.05 0.8 0.3 0.05 0.8 0.5 0.1 0.05
371 2.011983871459961 0.0 0.0 0.0 0.0 0.0 0.0 0.0 0.0 0.0 0.0 0.0 0.0 0.0 0.0 0.0 0.0 0.0 0.0 0.0 0.0 0.0 0.0 0.0 9.300000000000011 0.0 0.0 9.300000000000011 0.0 0.0 0.3 0.05 0.8 0.3 0.05 0.8 0.5 0.1 0.05
372 2.017735481262207 0.0 0.0 0.0 0.0 0.0 0.0 0.0 0.0 0.0 0.0 0.0 0.0 0.0 0.0 0.0 0.0 0.0 0.0 0.0 0.0 0.0 0.0 0.0 9.300000000000011 0.0 0.0 9.300000000000011 0.0 0.0 0.3 0.05 0.8 0.3 0.05 0.8 0.5 0.1 0.05
373 2.0235917568206787 0.0 0.0 0.0 0.0 0.0 0.0 0.0 0.0 0.0 0.0 0.0 0.0 0.0 0.0 0.0 0.0 0.0 0.0 0.0 0.0 0.0 0.0 0.0 9.300000000000011 0.0 0.0 9.300000000000011 0.0 0.0 0.3 0.05 0.8 0.3 0.05 0.8 0.5 0.1 0.05
374 2.0288329124450684 0.0 0.0 0.0 0.0 0.0 0.0 0.0 0.0 0.0 0.0 0.0 0.0 0.0 0.0 0.0 0.0 0.0 0.0 0.0 0.0 0.0 0.0 0.0 9.300000000000011 0.0 0.0 9.300000000000011 0.0 0.0 0.3 0.05 0.8 0.3 0.05 0.8 0.5 0.1 0.05
375 2.0340864658355713 0.0 0.0 0.0 0.0 0.0 0.0 0.0 0.0 0.0 0.0 0.0 0.0 0.0 0.0 0.0 0.0 0.0 0.0 0.0 0.0 0.0 0.0 0.0 9.300000000000011 0.0 0.0 9.300000000000011 0.0 0.0 0.3 0.05 0.8 0.3 0.05 0.8 0.5 0.1 0.05
376 2.03951096534729 0.0 0.0 0.0 0.0 0.0 0.0 0.0 0.0 0.0 0.0 0.0 0.0 0.0 0.0 0.0 0.0 0.0 0.0 0.0 0.0 0.0 0.0 0.0 9.300000000000011 0.0 0.0 9.300000000000011 0.0 0.0 0.3 0.05 0.8 0.3 0.05 0.8 0.5 0.1 0.05
377 2.0449514389038086 0.0 0.0 0.0 0.0 0.0 0.0 0.0 0.0 0.0 0.0 0.0 0.0 0.0 0.0 0.0 0.0 0.0 0.0 0.0 0.0 0.0 0.0 0.0 9.300000000000011 0.0 0.0 9.300000000000011 0.0 0.0 0.3 0.05 0.8 0.3 0.05 0.8 0.5 0.1 0.05
378 2.050325393676758 0.0 0.0 0.0 0.0 0.0 0.0 0.0 0.0 0.0 0.0 0.0 0.0 0.0 0.0 0.0 0.0 0.0 0.0 0.0 0.0 0.0 0.0 0.0 9.300000000000011 0.0 0.0 9.300000000000011 0.0 0.0 0.3 0.05 0.8 0.3 0.05 0.8 0.5 0.1 0.05
379 2.0557146072387695 0.0 0.0 0.0 0.0 0.0 0.0 0.0 0.0 0.0 0.0 0.0 0.0 0.0 0.0 0.0 0.0 0.0 0.0 0.0 0.0 0.0 0.0 0.0 9.300000000000011 0.0 0.0 9.300000000000011 0.0 0.0 0.3 0.05 0.8 0.3 0.05 0.8 0.5 0.1 0.05
380 2.0612223148345947 0.0 0.0 0.0 0.0 0.0 0.0 0.0 0.0 0.0 0.0 0.0 0.0 0.0 0.0 0.0 0.0 0.0 0.0 0.0 0.0 0.0 0.0 0.0 9.300000000000011 0.0 0.0 9.300000000000011 0.0 0.0 0.3 0.05 0.8 0.3 0.05 0.8 0.5 0.1 0.05
381 2.066915512084961 0.0 0.0 0.0 0.0 0.0 0.0 0.0 0.0 0.0 0.0 0.0 0.0 0.0 0.0 0.0 0.0 0.0 0.0 0.0 0.0 0.0 0.0 0.0 9.300000000000011 0.0 0.0 9.300000000000011 0.0 0.0 0.3 0.05 0.8 0.3 0.05 0.8 0.5 0.1 0.05
382 2.0725786685943604 0.0 0.0 0.0 0.0 0.0 0.0 0.0 0.0 0.0 0.0 0.0 0.0 0.0 0.0 0.0 0.0 0.0 0.0 0.0 0.0 0.0 0.0 0.0 9.300000000000011 0.0 0.0 9.300000000000011 0.0 0.0 0.3 0.05 0.8 0.3 0.05 0.8 0.5 0.1 0.05
383 2.078127384185791 0.0 0.0 0.0 0.0 0.0 0.0 0.0 0.0 0.0 0.0 0.0 0.0 0.0 0.0 0.0 0.0 0.0 0.0 0.0 0.0 0.0 0.0 0.0 9.300000000000011 0.0 0.0 9.300000000000011 0.0 0.0 0.3 0.05 0.8 0.3 0.05 0.8 0.5 0.1 0.05
384 2.0835225582122803 0.0 0.0 0.0 0.0 0.0 0.0 0.0 0.0 0.0 0.0 0.0 0.0 0.0 0.0 0.0 0.0 0.0 0.0 0.0 0.0 0.0 0.0 0.0 9.300000000000011 0.0 0.0 9.300000000000011 0.0 0.0 0.3 0.05 0.8 0.3 0.05 0.8 0.5 0.1 0.05
385 2.0889344215393066 0.0 0.0 0.0 0.0 0.0 0.0 0.0 0.0 0.0 0.0 0.0 0.0 0.0 0.0 0.0 0.0 0.0 0.0 0.0 0.0 0.0 0.0 0.0 9.300000000000011 0.0 0.0 9.300000000000011 0.0 0.0 0.3 0.05 0.8 0.3 0.05 0.8 0.5 0.1 0.05
386 2.094210147857666 0.0 0.0 0.0 0.0 0.0 0.0 0.0 0.0 0.0 0.0 0.0 0.0 0.0 0.0 0.0 0.0 0.0 0.0 0.0 0.0 0.0 0.0 0.0 9.300000000000011 0.0 0.0 9.300000000000011 0.0 0.0 0.3 0.05 0.8 0.3 0.05 0.8 0.5 0.1 0.05
387 2.0994455814361572 0.0 0.0 0.0 0.0 0.0 0.0 0.0 0.0 0.0 0.0 0.0 0.0 0.0 0.0 0.0 0.0 0.0 0.0 0.0 0.0 0.0 0.0 0.0 9.300000000000011 0.0 0.0 9.300000000000011 0.0 0.0 0.3 0.05 0.8 0.3 0.05 0.8 0.5 0.1 0.05
388 2.10479736328125 0.0 0.0 0.0 0.0 0.0 0.0 0.0 0.0 0.0 0.0 0.0 0.0 0.0 0.0 0.0 0.0 0.0 0.0 0.0 0.0 0.0 0.0 0.0 9.300000000000011 0.0 0.0 9.300000000000011 0.0 0.0 0.3 0.05 0.8 0.3 0.05 0.8 0.5 0.1 0.05
389 2.1101059913635254 0.0 0.0 0.0 0.0 0.0 0.0 0.0 0.0 0.0 0.0 0.0 0.0 0.0 0.0 0.0 0.0 0.0 0.0 0.0 0.0 0.0 0.0 0.0 9.300000000000011 0.0 0.0 9.300000000000011 0.0 0.0 0.3 0.05 0.8 0.3 0.05 0.8 0.5 0.1 0.05
390 2.11535906791687 0.0 0.0 0.0 0.0 0.0 0.0 0.0 0.0 0.0 0.0 0.0 0.0 0.0 0.0 0.0 0.0 0.0 0.0 0.0 0.0 0.0 0.0 0.0 9.300000000000011 0.0 0.0 9.300000000000011 0.0 0.0 0.3 0.05 0.8 0.3 0.05 0.8 0.5 0.1 0.05
391 2.1209826469421387 0.0 0.0 0.0 0.0 0.0 0.0 0.0 0.0 0.0 0.0 0.0 0.0 0.0 0.0 0.0 0.0 0.0 0.0 0.0 0.0 0.0 0.0 0.0 9.300000000000011 0.0 0.0 9.300000000000011 0.0 0.0 0.3 0.05 0.8 0.3 0.05 0.8 0.5 0.1 0.05
392 2.126359462738037 0.0 0.0 0.0 0.0 0.0 0.0 0.0 0.0 0.0 0.0 0.0 0.0 0.0 0.0 0.0 0.0 0.0 0.0 0.0 0.0 0.0 0.0 0.0 9.300000000000011 0.0 0.0 9.300000000000011 0.0 0.0 0.3 0.05 0.8 0.3 0.05 0.8 0.5 0.1 0.05
393 2.131662130355835 0.0 0.0 0.0 0.0 0.0 0.0 0.0 0.0 0.0 0.0 0.0 0.0 0.0 0.0 0.0 0.0 0.0 0.0 0.0 0.0 0.0 0.0 0.0 9.300000000000011 0.0 0.0 9.300000000000011 0.0 0.0 0.3 0.05 0.8 0.3 0.05 0.8 0.5 0.1 0.05
394 2.13692045211792 0.0 0.0 0.0 0.0 0.0 0.0 0.0 0.0 0.0 0.0 0.0 0.0 0.0 0.0 0.0 0.0 0.0 0.0 0.0 0.0 0.0 0.0 0.0 9.300000000000011 0.0 0.0 9.300000000000011 0.0 0.0 0.3 0.05 0.8 0.3 0.05 0.8 0.5 0.1 0.05
395 2.1421728134155273 0.0 0.0 0.0 0.0 0.0 0.0 0.0 0.0 0.0 0.0 0.0 0.0 0.0 0.0 0.0 0.0 0.0 0.0 0.0 0.0 0.0 0.0 0.0 9.300000000000011 0.0 0.0 9.300000000000011 0.0 0.0 0.3 0.05 0.8 0.3 0.05 0.8 0.5 0.1 0.05
396 2.1474006175994873 0.0 0.0 0.0 0.0 0.0 0.0 0.0 0.0 0.0 0.0 0.0 0.0 0.0 0.0 0.0 0.0 0.0 0.0 0.0 0.0 0.0 0.0 0.0 9.300000000000011 0.0 0.0 9.300000000000011 0.0 0.0 0.3 0.05 0.8 0.3 0.05 0.8 0.5 0.1 0.05
397 2.152695655822754 0.0 0.0 0.0 0.0 0.0 0.0 0.0 0.0 0.0 0.0 0.0 0.0 0.0 0.0 0.0 0.0 0.0 0.0 0.0 0.0 0.0 0.0 0.0 9.300000000000011 0.0 0.0 9.300000000000011 0.0 0.0 0.3 0.05 0.8 0.3 0.05 0.8 0.5 0.1 0.05
398 2.1580514907836914 0.0 0.0 0.0 0.0 0.0 0.0 0.0 0.0 0.0 0.0 0.0 0.0 0.0 0.0 0.0 0.0 0.0 0.0 0.0 0.0 0.0 0.0 0.0 9.300000000000011 0.0 0.0 9.300000000000011 0.0 0.0 0.3 0.05 0.8 0.3 0.05 0.8 0.5 0.1 0.05
399 2.1634280681610107 0.0 0.0 0.0 0.0 0.0 0.0 0.0 0.0 0.0 0.0 0.0 0.0 0.0 0.0 0.0 0.0 0.0 0.0 0.0 0.0 0.0 0.0 0.0 9.300000000000011 0.0 0.0 9.300000000000011 0.0 0.0 0.3 0.05 0.8 0.3 0.05 0.8 0.5 0.1 0.05
400 2.168823003768921 0.0 0.0 0.0 0.0 0.0 0.0 0.0 0.0 0.0 0.0 0.0 0.0 0.0 0.0 0.0 0.0 0.0 0.0 0.0 0.0 0.0 0.0 0.0 9.300000000000011 0.0 0.0 9.300000000000011 0.0 0.0 0.3 0.05 0.8 0.3 0.05 0.8 0.5 0.1 0.05
401 2.174201250076294 0.0 0.0 0.0 0.0 0.0 0.0 0.0 0.0 0.0 0.0 0.0 0.0 0.0 0.0 0.0 0.0 0.0 0.0 0.0 0.0 0.0 0.0 0.0 9.300000000000011 0.0 0.0 9.300000000000011 0.0 0.0 0.3 0.05 0.8 0.3 0.05 0.8 0.5 0.1 0.05
402 2.1794676780700684 0.0 0.0 0.0 0.0 0.0 0.0 0.0 0.0 0.0 0.0 0.0 0.0 0.0 0.0 0.0 0.0 0.0 0.0 0.0 0.0 0.0 0.0 0.0 9.300000000000011 0.0 0.0 9.300000000000011 0.0 0.0 0.3 0.05 0.8 0.3 0.05 0.8 0.5 0.1 0.05
403 2.1848630905151367 0.0 0.0 0.0 0.0 0.0 0.0 0.0 0.0 0.0 0.0 0.0 0.0 0.0 0.0 0.0 0.0 0.0 0.0 0.0 0.0 0.0 0.0 0.0 9.300000000000011 0.0 0.0 9.300000000000011 0.0 0.0 0.3 0.05 0.8 0.3 0.05 0.8 0.5 0.1 0.05
404 2.1901581287384033 0.0 0.0 0.0 0.0 0.0 0.0 0.0 0.0 0.0 0.0 0.0 0.0 0.0 0.0 0.0 0.0 0.0 0.0 0.0 0.0 0.0 0.0 0.0 9.300000000000011 0.0 0.0 9.300000000000011 0.0 0.0 0.3 0.05 0.8 0.3 0.05 0.8 0.5 0.1 0.05
405 2.195439577102661 0.0 0.0 0.0 0.0 0.0 0.0 0.0 0.0 0.0 0.0 0.0 0.0 0.0 0.0 0.0 0.0 0.0 0.0 0.0 0.0 0.0 0.0 0.0 9.300000000000011 0.0 0.0 9.300000000000011 0.0 0.0 0.3 0.05 0.8 0.3 0.05 0.8 0.5 0.1 0.05
406 2.200763702392578 0.0 0.0 0.0 0.0 0.0 0.0 0.0 0.0 0.0 0.0 0.0 0.0 0.0 0.0 0.0 0.0 0.0 0.0 0.0 0.0 0.0 0.0 0.0 9.300000000000011 0.0 0.0 9.300000000000011 0.0 0.0 0.3 0.05 0.8 0.3 0.05 0.8 0.5 0.1 0.05
407 2.206028938293457 0.0 0.0 0.0 0.0 0.0 0.0 0.0 0.0 0.0 0.0 0.0 0.0 0.0 0.0 0.0 0.0 0.0 0.0 0.0 0.0 0.0 0.0 0.0 9.300000000000011 0.0 0.0 9.300000000000011 0.0 0.0 0.3 0.05 0.8 0.3 0.05 0.8 0.5 0.1 0.05
408 2.2112603187561035 0.0 0.0 0.0 0.0 0.0 0.0 0.0 0.0 0.0 0.0 0.0 0.0 0.0 0.0 0.0 0.0 0.0 0.0 0.0 0.0 0.0 0.0 0.0 9.300000000000011 0.0 0.0 9.300000000000011 0.0 0.0 0.3 0.05 0.8 0.3 0.05 0.8 0.5 0.1 0.05
409 2.2165820598602295 0.0 0.0 0.0 0.0 0.0 0.0 0.0 0.0 0.0 0.0 0.0 0.0 0.0 0.0 0.0 0.0 0.0 0.0 0.0 0.0 0.0 0.0 0.0 9.300000000000011 0.0 0.0 9.300000000000011 0.0 0.0 0.3 0.05 0.8 0.3 0.05 0.8 0.5 0.1 0.05
410 2.221792221069336 0.0 0.0 0.0 0.0 0.0 0.0 0.0 0.0 0.0 0.0 0.0 0.0 0.0 0.0 0.0 0.0 0.0 0.0 0.0 0.0 0.0 0.0 0.0 9.300000000000011 0.0 0.0 9.300000000000011 0.0 0.0 0.3 0.05 0.8 0.3 0.05 0.8 0.5 0.1 0.05
411 2.227149486541748 0.0 0.0 0.0 0.0 0.0 0.0 0.0 0.0 0.0 0.0 0.0 0.0 0.0 0.0 0.0 0.0 0.0 0.0 0.0 0.0 0.0 0.0 0.0 9.300000000000011 0.0 0.0 9.300000000000011 0.0 0.0 0.3 0.05 0.8 0.3 0.05 0.8 0.5 0.1 0.05
412 2.232424736022949 0.0 0.0 0.0 0.0 0.0 0.0 0.0 0.0 0.0 0.0 0.0 0.0 0.0 0.0 0.0 0.0 0.0 0.0 0.0 0.0 0.0 0.0 0.0 9.300000000000011 0.0 0.0 9.300000000000011 0.0 0.0 0.3 0.05 0.8 0.3 0.05 0.8 0.5 0.1 0.05
413 2.237769365310669 0.0 0.0 0.0 0.0 0.0 0.0 0.0 0.0 0.0 0.0 0.0 0.0 0.0 0.0 0.0 0.0 0.0 0.0 0.0 0.0 0.0 0.0 0.0 9.300000000000011 0.0 0.0 9.300000000000011 0.0 0.0 0.3 0.05 0.8 0.3 0.05 0.8 0.5 0.1 0.05
414 2.243218183517456 0.0 0.0 0.0 0.0 0.0 0.0 0.0 0.0 0.0 0.0 0.0 0.0 0.0 0.0 0.0 0.0 0.0 0.0 0.0 0.0 0.0 0.0 0.0 9.300000000000011 0.0 0.0 9.300000000000011 0.0 0.0 0.3 0.05 0.8 0.3 0.05 0.8 0.5 0.1 0.05
415 2.248570442199707 0.0 0.0 0.0 0.0 0.0 0.0 0.0 0.0 0.0 0.0 0.0 0.0 0.0 0.0 0.0 0.0 0.0 0.0 0.0 0.0 0.0 0.0 0.0 9.300000000000011 0.0 0.0 9.300000000000011 0.0 0.0 0.3 0.05 0.8 0.3 0.05 0.8 0.5 0.1 0.05
416 2.2538225650787354 0.0 0.0 0.0 0.0 0.0 0.0 0.0 0.0 0.0 0.0 0.0 0.0 0.0 0.0 0.0 0.0 0.0 0.0 0.0 0.0 0.0 0.0 0.0 9.300000000000011 0.0 0.0 9.300000000000011 0.0 0.0 0.3 0.05 0.8 0.3 0.05 0.8 0.5 0.1 0.05
417 2.2591609954833984 0.0 0.0 0.0 0.0 0.0 0.0 0.0 0.0 0.0 0.0 0.0 0.0 0.0 0.0 0.0 0.0 0.0 0.0 0.0 0.0 0.0 0.0 0.0 9.300000000000011 0.0 0.0 9.300000000000011 0.0 0.0 0.3 0.05 0.8 0.3 0.05 0.8 0.5 0.1 0.05
418 2.2644386291503906 0.0 0.0 0.0 0.0 0.0 0.0 0.0 0.0 0.0 0.0 0.0 0.0 0.0 0.0 0.0 0.0 0.0 0.0 0.0 0.0 0.0 0.0 0.0 9.300000000000011 0.0 0.0 9.300000000000011 0.0 0.0 0.3 0.05 0.8 0.3 0.05 0.8 0.5 0.1 0.05
419 2.269784450531006 0.0 0.0 0.0 0.0 0.0 0.0 0.0 0.0 0.0 0.0 0.0 0.0 0.0 0.0 0.0 0.0 0.0 0.0 0.0 0.0 0.0 0.0 0.0 9.300000000000011 0.0 0.0 9.300000000000011 0.0 0.0 0.3 0.05 0.8 0.3 0.05 0.8 0.5 0.1 0.05
420 2.275052547454834 0.0 0.0 0.0 0.0 0.0 0.0 0.0 0.0 0.0 0.0 0.0 0.0 0.0 0.0 0.0 0.0 0.0 0.0 0.0 0.0 0.0 0.0 0.0 9.300000000000011 0.0 0.0 9.300000000000011 0.0 0.0 0.3 0.05 0.8 0.3 0.05 0.8 0.5 0.1 0.05
421 2.2804434299468994 0.0 0.0 0.0 0.0 0.0 0.0 0.0 0.0 0.0 0.0 0.0 0.0 0.0 0.0 0.0 0.0 0.0 0.0 0.0 0.0 0.0 0.0 0.0 9.300000000000011 0.0 0.0 9.300000000000011 0.0 0.0 0.3 0.05 0.8 0.3 0.05 0.8 0.5 0.1 0.05
422 2.2860159873962402 0.0 0.0 0.0 0.0 0.0 0.0 0.0 0.0 0.0 0.0 0.0 0.0 0.0 0.0 0.0 0.0 0.0 0.0 0.0 0.0 0.0 0.0 0.0 9.300000000000011 0.0 0.0 9.300000000000011 0.0 0.0 0.3 0.05 0.8 0.3 0.05 0.8 0.5 0.1 0.05
423 2.2913312911987305 0.0 0.0 0.0 0.0 0.0 0.0 0.0 0.0 0.0 0.0 0.0 0.0 0.0 0.0 0.0 0.0 0.0 0.0 0.0 0.0 0.0 0.0 0.0 9.300000000000011 0.0 0.0 9.300000000000011 0.0 0.0 0.3 0.05 0.8 0.3 0.05 0.8 0.5 0.1 0.05
424 2.29659366607666 0.0 0.0 0.0 0.0 0.0 0.0 0.0 0.0 0.0 0.0 0.0 0.0 0.0 0.0 0.0 0.0 0.0 0.0 0.0 0.0 0.0 0.0 0.0 9.300000000000011 0.0 0.0 9.300000000000011 0.0 0.0 0.3 0.05 0.8 0.3 0.05 0.8 0.5 0.1 0.05
425 2.3020131587982178 0.0 0.0 0.0 0.0 0.0 0.0 0.0 0.0 0.0 0.0 0.0 0.0 0.0 0.0 0.0 0.0 0.0 0.0 0.0 0.0 0.0 0.0 0.0 9.300000000000011 0.0 0.0 9.300000000000011 0.0 0.0 0.3 0.05 0.8 0.3 0.05 0.8 0.5 0.1 0.05
426 2.3073081970214844 0.0 0.0 0.0 0.0 0.0 0.0 0.0 0.0 0.0 0.0 0.0 0.0 0.0 0.0 0.0 0.0 0.0 0.0 0.0 0.0 0.0 0.0 0.0 9.300000000000011 0.0 0.0 9.300000000000011 0.0 0.0 0.3 0.05 0.8 0.3 0.05 0.8 0.5 0.1 0.05
427 2.31256103515625 0.0 0.0 0.0 0.0 0.0 0.0 0.0 0.0 0.0 0.0 0.0 0.0 0.0 0.0 0.0 0.0 0.0 0.0 0.0 0.0 0.0 0.0 0.0 9.300000000000011 0.0 0.0 9.300000000000011 0.0 0.0 0.3 0.05 0.8 0.3 0.05 0.8 0.5 0.1 0.05
428 2.317811965942383 0.0 0.0 0.0 0.0 0.0 0.0 0.0 0.0 0.0 0.0 0.0 0.0 0.0 0.0 0.0 0.0 0.0 0.0 0.0 0.0 0.0 0.0 0.0 9.300000000000011 0.0 0.0 9.300000000000011 0.0 0.0 0.3 0.05 0.8 0.3 0.05 0.8 0.5 0.1 0.05
429 2.3232016563415527 0.0 0.0 0.0 0.0 0.0 0.0 0.0 0.0 0.0 0.0 0.0 0.0 0.0 0.0 0.0 0.0 0.0 0.0 0.0 0.0 0.0 0.0 0.0 9.300000000000011 0.0 0.0 9.300000000000011 0.0 0.0 0.3 0.05 0.8 0.3 0.05 0.8 0.5 0.1 0.05
430 2.3285489082336426 0.0 0.0 0.0 0.0 0.0 0.0 0.0 0.0 0.0 0.0 0.0 0.0 0.0 0.0 0.0 0.0 0.0 0.0 0.0 0.0 0.0 0.0 0.0 9.300000000000011 0.0 0.0 9.300000000000011 0.0 0.0 0.3 0.05 0.8 0.3 0.05 0.8 0.5 0.1 0.05
431 2.3339521884918213 0.0 0.0 0.0 0.0 0.0 0.0 0.0 0.0 0.0 0.0 0.0 0.0 0.0 0.0 0.0 0.0 0.0 0.0 0.0 0.0 0.0 0.0 0.0 9.300000000000011 0.0 0.0 9.300000000000011 0.0 0.0 0.3 0.05 0.8 0.3 0.05 0.8 0.5 0.1 0.05
432 2.3392181396484375 0.0 0.0 0.0 0.0 0.0 0.0 0.0 0.0 0.0 0.0 0.0 0.0 0.0 0.0 0.0 0.0 0.0 0.0 0.0 0.0 0.0 0.0 0.0 9.300000000000011 0.0 0.0 9.300000000000011 0.0 0.0 0.3 0.05 0.8 0.3 0.05 0.8 0.5 0.1 0.05
433 2.3445165157318115 0.0 0.0 0.0 0.0 0.0 0.0 0.0 0.0 0.0 0.0 0.0 0.0 0.0 0.0 0.0 0.0 0.0 0.0 0.0 0.0 0.0 0.0 0.0 9.300000000000011 0.0 0.0 9.300000000000011 0.0 0.0 0.3 0.05 0.8 0.3 0.05 0.8 0.5 0.1 0.05
434 2.3497743606567383 0.0 0.0 0.0 0.0 0.0 0.0 0.0 0.0 0.0 0.0 0.0 0.0 0.0 0.0 0.0 0.0 0.0 0.0 0.0 0.0 0.0 0.0 0.0 9.300000000000011 0.0 0.0 9.300000000000011 0.0 0.0 0.3 0.05 0.8 0.3 0.05 0.8 0.5 0.1 0.05
435 2.3550546169281006 0.0 0.0 0.0 0.0 0.0 0.0 0.0 0.0 0.0 0.0 0.0 0.0 0.0 0.0 0.0 0.0 0.0 0.0 0.0 0.0 0.0 0.0 0.0 9.300000000000011 0.0 0.0 9.300000000000011 0.0 0.0 0.3 0.05 0.8 0.3 0.05 0.8 0.5 0.1 0.05
436 2.360297203063965 0.0 0.0 0.0 0.0 0.0 0.0 0.0 0.0 0.0 0.0 0.0 0.0 0.0 0.0 0.0 0.0 0.0 0.0 0.0 0.0 0.0 0.0 0.0 9.300000000000011 0.0 0.0 9.300000000000011 0.0 0.0 0.3 0.05 0.8 0.3 0.05 0.8 0.5 0.1 0.05
437 2.3656563758850098 0.0 0.0 0.0 0.0 0.0 0.0 0.0 0.0 0.0 0.0 0.0 0.0 0.0 0.0 0.0 0.0 0.0 0.0 0.0 0.0 0.0 0.0 0.0 9.300000000000011 0.0 0.0 9.300000000000011 0.0 0.0 0.3 0.05 0.8 0.3 0.05 0.8 0.5 0.1 0.05
438 2.3710238933563232 0.0 0.0 0.0 0.0 0.0 0.0 0.0 0.0 0.0 0.0 0.0 0.0 0.0 0.0 0.0 0.0 0.0 0.0 0.0 0.0 0.0 0.0 0.0 9.300000000000011 0.0 0.0 9.300000000000011 0.0 0.0 0.3 0.05 0.8 0.3 0.05 0.8 0.5 0.1 0.05
439 2.3763201236724854 0.0 0.0 0.0 0.0 0.0 0.0 0.0 0.0 0.0 0.0 0.0 0.0 0.0 0.0 0.0 0.0 0.0 0.0 0.0 0.0 0.0 0.0 0.0 9.300000000000011 0.0 0.0 9.300000000000011 0.0 0.0 0.3 0.05 0.8 0.3 0.05 0.8 0.5 0.1 0.05
440 2.381695508956909 0.0 0.0 0.0 0.0 0.0 0.0 0.0 0.0 0.0 0.0 0.0 0.0 0.0 0.0 0.0 0.0 0.0 0.0 0.0 0.0 0.0 0.0 0.0 9.300000000000011 0.0 0.0 9.300000000000011 0.0 0.0 0.3 0.05 0.8 0.3 0.05 0.8 0.5 0.1 0.05
441 2.3871071338653564 0.0 0.0 0.0 0.0 0.0 0.0 0.0 0.0 0.0 0.0 0.0 0.0 0.0 0.0 0.0 0.0 0.0 0.0 0.0 0.0 0.0 0.0 0.0 9.300000000000011 0.0 0.0 9.300000000000011 0.0 0.0 0.3 0.05 0.8 0.3 0.05 0.8 0.5 0.1 0.05
442 2.3924574851989746 0.0 0.0 0.0 0.0 0.0 0.0 0.0 0.0 0.0 0.0 0.0 0.0 0.0 0.0 0.0 0.0 0.0 0.0 0.0 0.0 0.0 0.0 0.0 9.300000000000011 0.0 0.0 9.300000000000011 0.0 0.0 0.3 0.05 0.8 0.3 0.05 0.8 0.5 0.1 0.05
443 2.3978610038757324 0.0 0.0 0.0 0.0 0.0 0.0 0.0 0.0 0.0 0.0 0.0 0.0 0.0 0.0 0.0 0.0 0.0 0.0 0.0 0.0 0.0 0.0 0.0 9.300000000000011 0.0 0.0 9.300000000000011 0.0 0.0 0.3 0.05 0.8 0.3 0.05 0.8 0.5 0.1 0.05
444 2.4031074047088623 0.0 0.0 0.0 0.0 0.0 0.0 0.0 0.0 0.0 0.0 0.0 0.0 0.0 0.0 0.0 0.0 0.0 0.0 0.0 0.0 0.0 0.0 0.0 9.300000000000011 0.0 0.0 9.300000000000011 0.0 0.0 0.3 0.05 0.8 0.3 0.05 0.8 0.5 0.1 0.05
445 2.408388376235962 0.0 0.0 0.0 0.0 0.0 0.0 0.0 0.0 0.0 0.0 0.0 0.0 0.0 0.0 0.0 0.0 0.0 0.0 0.0 0.0 0.0 0.0 0.0 9.300000000000011 0.0 0.0 9.300000000000011 0.0 0.0 0.3 0.05 0.8 0.3 0.05 0.8 0.5 0.1 0.05
446 2.4136548042297363 0.0 0.0 0.0 0.0 0.0 0.0 0.0 0.0 0.0 0.0 0.0 0.0 0.0 0.0 0.0 0.0 0.0 0.0 0.0 0.0 0.0 0.0 0.0 9.300000000000011 0.0 0.0 9.300000000000011 0.0 0.0 0.3 0.05 0.8 0.3 0.05 0.8 0.5 0.1 0.05
447 2.4190032482147217 0.0 0.0 0.0 0.0 0.0 0.0 0.0 0.0 0.0 0.0 0.0 0.0 0.0 0.0 0.0 0.0 0.0 0.0 0.0 0.0 0.0 0.0 0.0 9.300000000000011 0.0 0.0 9.300000000000011 0.0 0.0 0.3 0.05 0.8 0.3 0.05 0.8 0.5 0.1 0.05
448 2.4242804050445557 0.0 0.0 0.0 0.0 0.0 0.0 0.0 0.0 0.0 0.0 0.0 0.0 0.0 0.0 0.0 0.0 0.0 0.0 0.0 0.0 0.0 0.0 0.0 9.300000000000011 0.0 0.0 9.300000000000011 0.0 0.0 0.3 0.05 0.8 0.3 0.05 0.8 0.5 0.1 0.05
449 2.429590940475464 0.0 0.0 0.0 0.0 0.0 0.0 0.0 0.0 0.0 0.0 0.0 0.0 0.0 0.0 0.0 0.0 0.0 0.0 0.0 0.0 0.0 0.0 0.0 9.300000000000011 0.0 0.0 9.300000000000011 0.0 0.0 0.3 0.05 0.8 0.3 0.05 0.8 0.5 0.1 0.05
450 2.4348368644714355 0.0 0.0 0.0 0.0 0.0 0.0 0.0 0.0 0.0 0.0 0.0 0.0 0.0 0.0 0.0 0.0 0.0 0.0 0.0 0.0 0.0 0.0 0.0 9.300000000000011 0.0 0.0 9.300000000000011 0.0 0.0 0.3 0.05 0.8 0.3 0.05 0.8 0.5 0.1 0.05
451 2.4402334690093994 0.0 0.0 0.0 0.0 0.0 0.0 0.0 0.0 0.0 0.0 0.0 0.0 0.0 0.0 0.0 0.0 0.0 0.0 0.0 0.0 0.0 0.0 0.0 9.300000000000011 0.0 0.0 9.300000000000011 0.0 0.0 0.3 0.05 0.8 0.3 0.05 0.8 0.5 0.1 0.05
452 2.4456419944763184 0.0 0.0 0.0 0.0 0.0 0.0 0.0 0.0 0.0 0.0 0.0 0.0 0.0 0.0 0.0 0.0 0.0 0.0 0.0 0.0 0.0 0.0 0.0 9.300000000000011 0.0 0.0 9.300000000000011 0.0 0.0 0.3 0.05 0.8 0.3 0.05 0.8 0.5 0.1 0.05
453 2.450972080230713 0.0 0.0 0.0 0.0 0.0 0.0 0.0 0.0 0.0 0.0 0.0 0.0 0.0 0.0 0.0 0.0 0.0 0.0 0.0 0.0 0.0 0.0 0.0 9.300000000000011 0.0 0.0 9.300000000000011 0.0 0.0 0.3 0.05 0.8 0.3 0.05 0.8 0.5 0.1 0.05
454 2.4562225341796875 0.0 0.0 0.0 0.0 0.0 0.0 0.0 0.0 0.0 0.0 0.0 0.0 0.0 0.0 0.0 0.0 0.0 0.0 0.0 0.0 0.0 0.0 0.0 9.300000000000011 0.0 0.0 9.300000000000011 0.0 0.0 0.3 0.05 0.8 0.3 0.05 0.8 0.5 0.1 0.05
455 2.461437463760376 0.0 0.0 0.0 0.0 0.0 0.0 0.0 0.0 0.0 0.0 0.0 0.0 0.0 0.0 0.0 0.0 0.0 0.0 0.0 0.0 0.0 0.0 0.0 9.300000000000011 0.0 0.0 9.300000000000011 0.0 0.0 0.3 0.05 0.8 0.3 0.05 0.8 0.5 0.1 0.05
456 2.4666972160339355 0.0 0.0 0.0 0.0 0.0 0.0 0.0 0.0 0.0 0.0 0.0 0.0 0.0 0.0 0.0 0.0 0.0 0.0 0.0 0.0 0.0 0.0 0.0 9.300000000000011 0.0 0.0 9.300000000000011 0.0 0.0 0.3 0.05 0.8 0.3 0.05 0.8 0.5 0.1 0.05
457 2.472093105316162 0.0 0.0 0.0 0.0 0.0 0.0 0.0 0.0 0.0 0.0 0.0 0.0 0.0 0.0 0.0 0.0 0.0 0.0 0.0 0.0 0.0 0.0 0.0 9.300000000000011 0.0 0.0 9.300000000000011 0.0 0.0 0.3 0.05 0.8 0.3 0.05 0.8 0.5 0.1 0.05
458 2.4773945808410645 0.0 0.0 0.0 0.0 0.0 0.0 0.0 0.0 0.0 0.0 0.0 0.0 0.0 0.0 0.0 0.0 0.0 0.0 0.0 0.0 0.0 0.0 0.0 9.300000000000011 0.0 0.0 9.300000000000011 0.0 0.0 0.3 0.05 0.8 0.3 0.05 0.8 0.5 0.1 0.05
459 2.4826481342315674 0.0 0.0 0.0 0.0 0.0 0.0 0.0 0.0 0.0 0.0 0.0 0.0 0.0 0.0 0.0 0.0 0.0 0.0 0.0 0.0 0.0 0.0 0.0 9.300000000000011 0.0 0.0 9.300000000000011 0.0 0.0 0.3 0.05 0.8 0.3 0.05 0.8 0.5 0.1 0.05
460 2.4881532192230225 0.0 0.0 0.0 0.0 0.0 0.0 0.0 0.0 0.0 0.0 0.0 0.0 0.0 0.0 0.0 0.0 0.0 0.0 0.0 0.0 0.0 0.0 0.0 9.300000000000011 0.0 0.0 9.300000000000011 0.0 0.0 0.3 0.05 0.8 0.3 0.05 0.8 0.5 0.1 0.05
461 2.4936611652374268 0.0 0.0 0.0 0.0 0.0 0.0 0.0 0.0 0.0 0.0 0.0 0.0 0.0 0.0 0.0 0.0 0.0 0.0 0.0 0.0 0.0 0.0 0.0 9.300000000000011 0.0 0.0 9.300000000000011 0.0 0.0 0.3 0.05 0.8 0.3 0.05 0.8 0.5 0.1 0.05
462 2.498995542526245 0.0 0.0 0.0 0.0 0.0 0.0 0.0 0.0 0.0 0.0 0.0 0.0 0.0 0.0 0.0 0.0 0.0 0.0 0.0 0.0 0.0 0.0 0.0 9.300000000000011 0.0 0.0 9.300000000000011 0.0 0.0 0.3 0.05 0.8 0.3 0.05 0.8 0.5 0.1 0.05
463 2.5043721199035645 0.0 0.0 0.0 0.0 0.0 0.0 0.0 0.0 0.0 0.0 0.0 0.0 0.0 0.0 0.0 0.0 0.0 0.0 0.0 0.0 0.0 0.0 0.0 9.300000000000011 0.0 0.0 9.300000000000011 0.0 0.0 0.3 0.05 0.8 0.3 0.05 0.8 0.5 0.1 0.05
464 2.5096957683563232 0.0 0.0 0.0 0.0 0.0 0.0 0.0 0.0 0.0 0.0 0.0 0.0 0.0 0.0 0.0 0.0 0.0 0.0 0.0 0.0 0.0 0.0 0.0 9.300000000000011 0.0 0.0 9.300000000000011 0.0 0.0 0.3 0.05 0.8 0.3 0.05 0.8 0.5 0.1 0.05
465 2.514970541000366 0.0 0.0 0.0 0.0 0.0 0.0 0.0 0.0 0.0 0.0 0.0 0.0 0.0 0.0 0.0 0.0 0.0 0.0 0.0 0.0 0.0 0.0 0.0 9.300000000000011 0.0 0.0 9.300000000000011 0.0 0.0 0.3 0.05 0.8 0.3 0.05 0.8 0.5 0.1 0.05
466 2.520240545272827 0.0 0.0 0.0 0.0 0.0 0.0 0.0 0.0 0.0 0.0 0.0 0.0 0.0 0.0 0.0 0.0 0.0 0.0 0.0 0.0 0.0 0.0 0.0 9.300000000000011 0.0 0.0 9.300000000000011 0.0 0.0 0.3 0.05 0.8 0.3 0.05 0.8 0.5 0.1 0.05
467 2.5255699157714844 0.0 0.0 0.0 0.0 0.0 0.0 0.0 0.0 0.0 0.0 0.0 0.0 0.0 0.0 0.0 0.0 0.0 0.0 0.0 0.0 0.0 0.0 0.0 9.300000000000011 0.0 0.0 9.300000000000011 0.0 0.0 0.3 0.05 0.8 0.3 0.05 0.8 0.5 0.1 0.05
468 2.5308656692504883 0.0 0.0 0.0 0.0 0.0 0.0 0.0 0.0 0.0 0.0 0.0 0.0 0.0 0.0 0.0 0.0 0.0 0.0 0.0 0.0 0.0 0.0 0.0 9.300000000000011 0.0 0.0 9.300000000000011 0.0 0.0 0.3 0.05 0.8 0.3 0.05 0.8 0.5 0.1 0.05
469 2.5361998081207275 0.0 0.0 0.0 0.0 0.0 0.0 0.0 0.0 0.0 0.0 0.0 0.0 0.0 0.0 0.0 0.0 0.0 0.0 0.0 0.0 0.0 0.0 0.0 9.300000000000011 0.0 0.0 9.300000000000011 0.0 0.0 0.3 0.05 0.8 0.3 0.05 0.8 0.5 0.1 0.05
470 2.541447639465332 0.0 0.0 0.0 0.0 0.0 0.0 0.0 0.0 0.0 0.0 0.0 0.0 0.0 0.0 0.0 0.0 0.0 0.0 0.0 0.0 0.0 0.0 0.0 9.300000000000011 0.0 0.0 9.300000000000011 0.0 0.0 0.3 0.05 0.8 0.3 0.05 0.8 0.5 0.1 0.05
471 2.54679799079895 0.0 0.0 0.0 0.0 0.0 0.0 0.0 0.0 0.0 0.0 0.0 0.0 0.0 0.0 0.0 0.0 0.0 0.0 0.0 0.0 0.0 0.0 0.0 9.300000000000011 0.0 0.0 9.300000000000011 0.0 0.0 0.3 0.05 0.8 0.3 0.05 0.8 0.5 0.1 0.05
472 2.5520923137664795 0.0 0.0 0.0 0.0 0.0 0.0 0.0 0.0 0.0 0.0 0.0 0.0 0.0 0.0 0.0 0.0 0.0 0.0 0.0 0.0 0.0 0.0 0.0 9.300000000000011 0.0 0.0 9.300000000000011 0.0 0.0 0.3 0.05 0.8 0.3 0.05 0.8 0.5 0.1 0.05
473 2.5574498176574707 0.0 0.0 0.0 0.0 0.0 0.0 0.0 0.0 0.0 0.0 0.0 0.0 0.0 0.0 0.0 0.0 0.0 0.0 0.0 0.0 0.0 0.0 0.0 9.300000000000011 0.0 0.0 9.300000000000011 0.0 0.0 0.3 0.05 0.8 0.3 0.05 0.8 0.5 0.1 0.05
474 2.562699794769287 0.0 0.0 0.0 0.0 0.0 0.0 0.0 0.0 0.0 0.0 0.0 0.0 0.0 0.0 0.0 0.0 0.0 0.0 0.0 0.0 0.0 0.0 0.0 9.300000000000011 0.0 0.0 9.300000000000011 0.0 0.0 0.3 0.05 0.8 0.3 0.05 0.8 0.5 0.1 0.05
475 2.56805682182312 0.0 0.0 0.0 0.0 0.0 0.0 0.0 0.0 0.0 0.0 0.0 0.0 0.0 0.0 0.0 0.0 0.0 0.0 0.0 0.0 0.0 0.0 0.0 9.300000000000011 0.0 0.0 9.300000000000011 0.0 0.0 0.3 0.05 0.8 0.3 0.05 0.8 0.5 0.1 0.05
476 2.5733773708343506 0.0 0.0 0.0 0.0 0.0 0.0 0.0 0.0 0.0 0.0 0.0 0.0 0.0 0.0 0.0 0.0 0.0 0.0 0.0 0.0 0.0 0.0 0.0 9.300000000000011 0.0 0.0 9.300000000000011 0.0 0.0 0.3 0.05 0.8 0.3 0.05 0.8 0.5 0.1 0.05
477 2.5788495540618896 0.0 0.0 0.0 0.0 0.0 0.0 0.0 0.0 0.0 0.0 0.0 0.0 0.0 0.0 0.0 0.0 0.0 0.0 0.0 0.0 0.0 0.0 0.0 9.300000000000011 0.0 0.0 9.300000000000011 0.0 0.0 0.3 0.05 0.8 0.3 0.05 0.8 0.5 0.1 0.05
478 2.584240436553955 0.0 0.0 0.0 0.0 0.0 0.0 0.0 0.0 0.0 0.0 0.0 0.0 0.0 0.0 0.0 0.0 0.0 0.0 0.0 0.0 0.0 0.0 0.0 9.300000000000011 0.0 0.0 9.300000000000011 0.0 0.0 0.3 0.05 0.8 0.3 0.05 0.8 0.5 0.1 0.05
479 2.589524269104004 0.0 0.0 0.0 0.0 0.0 0.0 0.0 0.0 0.0 0.0 0.0 0.0 0.0 0.0 0.0 0.0 0.0 0.0 0.0 0.0 0.0 0.0 0.0 9.300000000000011 0.0 0.0 9.300000000000011 0.0 0.0 0.3 0.05 0.8 0.3 0.05 0.8 0.5 0.1 0.05
480 2.594757556915283 0.0 0.0 0.0 0.0 0.0 0.0 0.0 0.0 0.0 0.0 0.0 0.0 0.0 0.0 0.0 0.0 0.0 0.0 0.0 0.0 0.0 0.0 0.0 9.300000000000011 0.0 0.0 9.300000000000011 0.0 0.0 0.3 0.05 0.8 0.3 0.05 0.8 0.5 0.1 0.05
481 2.600088119506836 0.0 0.0 0.0 0.0 0.0 0.0 0.0 0.0 0.0 0.0 0.0 0.0 0.0 0.0 0.0 0.0 0.0 0.0 0.0 0.0 0.0 0.0 0.0 9.300000000000011 0.0 0.0 9.300000000000011 0.0 0.0 0.3 0.05 0.8 0.3 0.05 0.8 0.5 0.1 0.05
482 2.6053433418273926 0.0 0.0 0.0 0.0 0.0 0.0 0.0 0.0 0.0 0.0 0.0 0.0 0.0 0.0 0.0 0.0 0.0 0.0 0.0 0.0 0.0 0.0 0.0 9.300000000000011 0.0 0.0 9.300000000000011 0.0 0.0 0.3 0.05 0.8 0.3 0.05 0.8 0.5 0.1 0.05
483 2.6106531620025635 0.0 0.0 0.0 0.0 0.0 0.0 0.0 0.0 0.0 0.0 0.0 0.0 0.0 0.0 0.0 0.0 0.0 0.0 0.0 0.0 0.0 0.0 0.0 9.300000000000011 0.0 0.0 9.300000000000011 0.0 0.0 0.3 0.05 0.8 0.3 0.05 0.8 0.5 0.1 0.05
484 2.6159121990203857 0.0 0.0 0.0 0.0 0.0 0.0 0.0 0.0 0.0 0.0 0.0 0.0 0.0 0.0 0.0 0.0 0.0 0.0 0.0 0.0 0.0 0.0 0.0 9.300000000000011 0.0 0.0 9.300000000000011 0.0 0.0 0.3 0.05 0.8 0.3 0.05 0.8 0.5 0.1 0.05
485 2.621142625808716 0.0 0.0 0.0 0.0 0.0 0.0 0.0 0.0 0.0 0.0 0.0 0.0 0.0 0.0 0.0 0.0 0.0 0.0 0.0 0.0 0.0 0.0 0.0 9.300000000000011 0.0 0.0 9.300000000000011 0.0 0.0 0.3 0.05 0.8 0.3 0.05 0.8 0.5 0.1 0.05
486 2.626457452774048 0.0 0.0 0.0 0.0 0.0 0.0 0.0 0.0 0.0 0.0 0.0 0.0 0.0 0.0 0.0 0.0 0.0 0.0 0.0 0.0 0.0 0.0 0.0 9.300000000000011 0.0 0.0 9.300000000000011 0.0 0.0 0.3 0.05 0.8 0.3 0.05 0.8 0.5 0.1 0.05
487 2.6318199634552 0.0 0.0 0.0 0.0 0.0 0.0 0.0 0.0 0.0 0.0 0.0 0.0 0.0 0.0 0.0 0.0 0.0 0.0 0.0 0.0 0.0 0.0 0.0 9.300000000000011 0.0 0.0 9.300000000000011 0.0 0.0 0.3 0.05 0.8 0.3 0.05 0.8 0.5 0.1 0.05
488 2.637117624282837 0.0 0.0 0.0 0.0 0.0 0.0 0.0 0.0 0.0 0.0 0.0 0.0 0.0 0.0 0.0 0.0 0.0 0.0 0.0 0.0 0.0 0.0 0.0 9.300000000000011 0.0 0.0 9.300000000000011 0.0 0.0 0.3 0.05 0.8 0.3 0.05 0.8 0.5 0.1 0.05
489 2.64247727394104 0.0 0.0 0.0 0.0 0.0 0.0 0.0 0.0 0.0 0.0 0.0 0.0 0.0 0.0 0.0 0.0 0.0 0.0 0.0 0.0 0.0 0.0 0.0 9.300000000000011 0.0 0.0 9.300000000000011 0.0 0.0 0.3 0.05 0.8 0.3 0.05 0.8 0.5 0.1 0.05
490 2.6478700637817383 0.0 0.0 0.0 0.0 0.0 0.0 0.0 0.0 0.0 0.0 0.0 0.0 0.0 0.0 0.0 0.0 0.0 0.0 0.0 0.0 0.0 0.0 0.0 9.300000000000011 0.0 0.0 9.300000000000011 0.0 0.0 0.3 0.05 0.8 0.3 0.05 0.8 0.5 0.1 0.05
491 2.653388023376465 0.0 0.0 0.0 0.0 0.0 0.0 0.0 0.0 0.0 0.0 0.0 0.0 0.0 0.0 0.0 0.0 0.0 0.0 0.0 0.0 0.0 0.0 0.0 9.300000000000011 0.0 0.0 9.300000000000011 0.0 0.0 0.3 0.05 0.8 0.3 0.05 0.8 0.5 0.1 0.05
492 2.658778429031372 0.0 0.0 0.0 0.0 0.0 0.0 0.0 0.0 0.0 0.0 0.0 0.0 0.0 0.0 0.0 0.0 0.0 0.0 0.0 0.0 0.0 0.0 0.0 9.300000000000011 0.0 0.0 9.300000000000011 0.0 0.0 0.3 0.05 0.8 0.3 0.05 0.8 0.5 0.1 0.05
493 2.664072275161743 0.0 0.0 0.0 0.0 0.0 0.0 0.0 0.0 0.0 0.0 0.0 0.0 0.0 0.0 0.0 0.0 0.0 0.0 0.0 0.0 0.0 0.0 0.0 9.300000000000011 0.0 0.0 9.300000000000011 0.0 0.0 0.3 0.05 0.8 0.3 0.05 0.8 0.5 0.1 0.05
494 2.66929292678833 0.0 0.0 0.0 0.0 0.0 0.0 0.0 0.0 0.0 0.0 0.0 0.0 0.0 0.0 0.0 0.0 0.0 0.0 0.0 0.0 0.0 0.0 0.0 9.300000000000011 0.0 0.0 9.300000000000011 0.0 0.0 0.3 0.05 0.8 0.3 0.05 0.8 0.5 0.1 0.05
495 2.674506664276123 0.0 0.0 0.0 0.0 0.0 0.0 0.0 0.0 0.0 0.0 0.0 0.0 0.0 0.0 0.0 0.0 0.0 0.0 0.0 0.0 0.0 0.0 0.0 9.300000000000011 0.0 0.0 9.300000000000011 0.0 0.0 0.3 0.05 0.8 0.3 0.05 0.8 0.5 0.1 0.05
496 2.6798548698425293 0.0 0.0 0.0 0.0 0.0 0.0 0.0 0.0 0.0 0.0 0.0 0.0 0.0 0.0 0.0 0.0 0.0 0.0 0.0 0.0 0.0 0.0 0.0 9.300000000000011 0.0 0.0 9.300000000000011 0.0 0.0 0.3 0.05 0.8 0.3 0.05 0.8 0.5 0.1 0.05
497 2.6850903034210205 0.0 0.0 0.0 0.0 0.0 0.0 0.0 0.0 0.0 0.0 0.0 0.0 0.0 0.0 0.0 0.0 0.0 0.0 0.0 0.0 0.0 0.0 0.0 9.300000000000011 0.0 0.0 9.300000000000011 0.0 0.0 0.3 0.05 0.8 0.3 0.05 0.8 0.5 0.1 0.05
498 2.690450668334961 0.0 0.0 0.0 0.0 0.0 0.0 0.0 0.0 0.0 0.0 0.0 0.0 0.0 0.0 0.0 0.0 0.0 0.0 0.0 0.0 0.0 0.0 0.0 9.300000000000011 0.0 0.0 9.300000000000011 0.0 0.0 0.3 0.05 0.8 0.3 0.05 0.8 0.5 0.1 0.05
499 2.6957879066467285 0.0 0.0 0.0 0.0 0.0 0.0 0.0 0.0 0.0 0.0 0.0 0.0 0.0 0.0 0.0 0.0 0.0 0.0 0.0 0.0 0.0 0.0 0.0 9.300000000000011 0.0 0.0 9.300000000000011 0.0 0.0 0.3 0.05 0.8 0.3 0.05 0.8 0.5 0.1 0.05
500 2.7010326385498047 0.0 0.0 0.0 0.0 0.0 0.0 0.0 0.0 0.0 0.0 0.0 0.0 0.0 0.0 0.0 0.0 0.0 0.0 0.0 0.0 0.0 0.0 0.0 9.300000000000011 0.0 0.0 9.300000000000011 0.0 0.0 0.3 0.05 0.8 0.3 0.05 0.8 0.5 0.1 0.05
501 2.7076163291931152 0.0 0.0 0.0 0.0 0.0 0.0 0.0 0.0 0.0 0.0 0.0 0.0 0.0 0.0 0.0 0.0 0.0 0.0 0.0 0.0 0.0 0.0 0.0 9.300000000000011 0.0 0.0 9.300000000000011 0.0 0.0 0.3 0.05 0.8 0.3 0.05 0.8 0.5 0.1 0.05
502 2.71305251121521 0.0 0.0 0.0 0.0 0.0 0.0 0.0 0.0 0.0 0.0 0.0 0.0 0.0 0.0 0.0 0.0 0.0 0.0 0.0 0.0 0.0 0.0 0.0 9.300000000000011 0.0 0.0 9.300000000000011 0.0 0.0 0.3 0.05 0.8 0.3 0.05 0.8 0.5 0.1 0.05
503 2.7184348106384277 0.0 0.0 0.0 0.0 0.0 0.0 0.0 0.0 0.0 0.0 0.0 0.0 0.0 0.0 0.0 0.0 0.0 0.0 0.0 0.0 0.0 0.0 0.0 9.300000000000011 0.0 0.0 9.300000000000011 0.0 0.0 0.3 0.05 0.8 0.3 0.05 0.8 0.5 0.1 0.05
504 2.7237541675567627 0.0 0.0 0.0 0.0 0.0 0.0 0.0 0.0 0.0 0.0 0.0 0.0 0.0 0.0 0.0 0.0 0.0 0.0 0.0 0.0 0.0 0.0 0.0 9.300000000000011 0.0 0.0 9.300000000000011 0.0 0.0 0.3 0.05 0.8 0.3 0.05 0.8 0.5 0.1 0.05
505 2.7290146350860596 0.0 0.0 0.0 0.0 0.0 0.0 0.0 0.0 0.0 0.0 0.0 0.0 0.0 0.0 0.0 0.0 0.0 0.0 0.0 0.0 0.0 0.0 0.0 9.300000000000011 0.0 0.0 9.300000000000011 0.0 0.0 0.3 0.05 0.8 0.3 0.05 0.8 0.5 0.1 0.05
506 2.7343533039093018 0.0 0.0 0.0 0.0 0.0 0.0 0.0 0.0 0.0 0.0 0.0 0.0 0.0 0.0 0.0 0.0 0.0 0.0 0.0 0.0 0.0 0.0 0.0 9.300000000000011 0.0 0.0 9.300000000000011 0.0 0.0 0.3 0.05 0.8 0.3 0.05 0.8 0.5 0.1 0.05
507 2.739579200744629 0.0 0.0 0.0 0.0 0.0 0.0 0.0 0.0 0.0 0.0 0.0 0.0 0.0 0.0 0.0 0.0 0.0 0.0 0.0 0.0 0.0 0.0 0.0 9.300000000000011 0.0 0.0 9.300000000000011 0.0 0.0 0.3 0.05 0.8 0.3 0.05 0.8 0.5 0.1 0.05
508 2.74482798576355 0.0 0.0 0.0 0.0 0.0 0.0 0.0 0.0 0.0 0.0 0.0 0.0 0.0 0.0 0.0 0.0 0.0 0.0 0.0 0.0 0.0 0.0 0.0 9.300000000000011 0.0 0.0 9.300000000000011 0.0 0.0 0.3 0.05 0.8 0.3 0.05 0.8 0.5 0.1 0.05
509 2.7501943111419678 0.0 0.0 0.0 0.0 0.0 0.0 0.0 0.0 0.0 0.0 0.0 0.0 0.0 0.0 0.0 0.0 0.0 0.0 0.0 0.0 0.0 0.0 0.0 9.300000000000011 0.0 0.0 9.300000000000011 0.0 0.0 0.3 0.05 0.8 0.3 0.05 0.8 0.5 0.1 0.05
510 2.75547194480896 0.0 0.0 0.0 0.0 0.0 0.0 0.0 0.0 0.0 0.0 0.0 0.0 0.0 0.0 0.0 0.0 0.0 0.0 0.0 0.0 0.0 0.0 0.0 9.300000000000011 0.0 0.0 9.300000000000011 0.0 0.0 0.3 0.05 0.8 0.3 0.05 0.8 0.5 0.1 0.05
511 2.7608253955841064 0.0 0.0 0.0 0.0 0.0 0.0 0.0 0.0 0.0 0.0 0.0 0.0 0.0 0.0 0.0 0.0 0.0 0.0 0.0 0.0 0.0 0.0 0.0 9.300000000000011 0.0 0.0 9.300000000000011 0.0 0.0 0.3 0.05 0.8 0.3 0.05 0.8 0.5 0.1 0.05
512 2.7662107944488525 0.0 0.0 0.0 0.0 0.0 0.0 0.0 0.0 0.0 0.0 0.0 0.0 0.0 0.0 0.0 0.0 0.0 0.0 0.0 0.0 0.0 0.0 0.0 9.300000000000011 0.0 0.0 9.300000000000011 0.0 0.0 0.3 0.05 0.8 0.3 0.05 0.8 0.5 0.1 0.05
513 2.772026777267456 0.0 0.0 0.0 0.0 0.0 0.0 0.0 0.0 0.0 0.0 0.0 0.0 0.0 0.0 0.0 0.0 0.0 0.0 0.0 0.0 0.0 0.0 0.0 9.300000000000011 0.0 0.0 9.300000000000011 0.0 0.0 0.3 0.05 0.8 0.3 0.05 0.8 0.5 0.1 0.05
514 2.7780418395996094 0.0 0.0 0.0 0.0 0.0 0.0 0.0 0.0 0.0 0.0 0.0 0.0 0.0 0.0 0.0 0.0 0.0 0.0 0.0 0.0 0.0 0.0 0.0 9.300000000000011 0.0 0.0 9.300000000000011 0.0 0.0 0.3 0.05 0.8 0.3 0.05 0.8 0.5 0.1 0.05
515 2.7836296558380127 0.0 0.0 0.0 0.0 0.0 0.0 0.0 0.0 0.0 0.0 0.0 0.0 0.0 0.0 0.0 0.0 0.0 0.0 0.0 0.0 0.0 0.0 0.0 9.300000000000011 0.0 0.0 9.300000000000011 0.0 0.0 0.3 0.05 0.8 0.3 0.05 0.8 0.5 0.1 0.05
516 2.7890872955322266 0.0 0.0 0.0 0.0 0.0 0.0 0.0 0.0 0.0 0.0 0.0 0.0 0.0 0.0 0.0 0.0 0.0 0.0 0.0 0.0 0.0 0.0 0.0 9.300000000000011 0.0 0.0 9.300000000000011 0.0 0.0 0.3 0.05 0.8 0.3 0.05 0.8 0.5 0.1 0.05
517 2.7946135997772217 0.0 0.0 0.0 0.0 0.0 0.0 0.0 0.0 0.0 0.0 0.0 0.0 0.0 0.0 0.0 0.0 0.0 0.0 0.0 0.0 0.0 0.0 0.0 9.300000000000011 0.0 0.0 9.300000000000011 0.0 0.0 0.3 0.05 0.8 0.3 0.05 0.8 0.5 0.1 0.05
518 2.800029993057251 0.0 0.0 0.0 0.0 0.0 0.0 0.0 0.0 0.0 0.0 0.0 0.0 0.0 0.0 0.0 0.0 0.0 0.0 0.0 0.0 0.0 0.0 0.0 9.300000000000011 0.0 0.0 9.300000000000011 0.0 0.0 0.3 0.05 0.8 0.3 0.05 0.8 0.5 0.1 0.05
519 2.8054962158203125 0.0 0.0 0.0 0.0 0.0 0.0 0.0 0.0 0.0 0.0 0.0 0.0 0.0 0.0 0.0 0.0 0.0 0.0 0.0 0.0 0.0 0.0 0.0 9.300000000000011 0.0 0.0 9.300000000000011 0.0 0.0 0.3 0.05 0.8 0.3 0.05 0.8 0.5 0.1 0.05
520 2.810889720916748 0.0 0.0 0.0 0.0 0.0 0.0 0.0 0.0 0.0 0.0 0.0 0.0 0.0 0.0 0.0 0.0 0.0 0.0 0.0 0.0 0.0 0.0 0.0 9.300000000000011 0.0 0.0 9.300000000000011 0.0 0.0 0.3 0.05 0.8 0.3 0.05 0.8 0.5 0.1 0.05
521 2.8163914680480957 0.0 0.0 0.0 0.0 0.0 0.0 0.0 0.0 0.0 0.0 0.0 0.0 0.0 0.0 0.0 0.0 0.0 0.0 0.0 0.0 0.0 0.0 0.0 9.300000000000011 0.0 0.0 9.300000000000011 0.0 0.0 0.3 0.05 0.8 0.3 0.05 0.8 0.5 0.1 0.05
522 2.8217732906341553 0.0 0.0 0.0 0.0 0.0 0.0 0.0 0.0 0.0 0.0 0.0 0.0 0.0 0.0 0.0 0.0 0.0 0.0 0.0 0.0 0.0 0.0 0.0 9.300000000000011 0.0 0.0 9.300000000000011 0.0 0.0 0.3 0.05 0.8 0.3 0.05 0.8 0.5 0.1 0.05
523 2.827134132385254 0.0 0.0 0.0 0.0 0.0 0.0 0.0 0.0 0.0 0.0 0.0 0.0 0.0 0.0 0.0 0.0 0.0 0.0 0.0 0.0 0.0 0.0 0.0 9.300000000000011 0.0 0.0 9.300000000000011 0.0 0.0 0.3 0.05 0.8 0.3 0.05 0.8 0.5 0.1 0.05
524 2.8325161933898926 0.0 0.0 0.0 0.0 0.0 0.0 0.0 0.0 0.0 0.0 0.0 0.0 0.0 0.0 0.0 0.0 0.0 0.0 0.0 0.0 0.0 0.0 0.0 9.300000000000011 0.0 0.0 9.300000000000011 0.0 0.0 0.3 0.05 0.8 0.3 0.05 0.8 0.5 0.1 0.05
525 2.837803602218628 0.0 0.0 0.0 0.0 0.0 0.0 0.0 0.0 0.0 0.0 0.0 0.0 0.0 0.0 0.0 0.0 0.0 0.0 0.0 0.0 0.0 0.0 0.0 9.300000000000011 0.0 0.0 9.300000000000011 0.0 0.0 0.3 0.05 0.8 0.3 0.05 0.8 0.5 0.1 0.05
526 2.8432059288024902 0.0 0.0 0.0 0.0 0.0 0.0 0.0 0.0 0.0 0.0 0.0 0.0 0.0 0.0 0.0 0.0 0.0 0.0 0.0 0.0 0.0 0.0 0.0 9.300000000000011 0.0 0.0 9.300000000000011 0.0 0.0 0.3 0.05 0.8 0.3 0.05 0.8 0.5 0.1 0.05
527 2.848682165145874 0.0 0.0 0.0 0.0 0.0 0.0 0.0 0.0 0.0 0.0 0.0 0.0 0.0 0.0 0.0 0.0 0.0 0.0 0.0 0.0 0.0 0.0 0.0 9.300000000000011 0.0 0.0 9.300000000000011 0.0 0.0 0.3 0.05 0.8 0.3 0.05 0.8 0.5 0.1 0.05
528 2.854222297668457 0.0 0.0 0.0 0.0 0.0 0.0 0.0 0.0 0.0 0.0 0.0 0.0 0.0 0.0 0.0 0.0 0.0 0.0 0.0 0.0 0.0 0.0 0.0 9.300000000000011 0.0 0.0 9.300000000000011 0.0 0.0 0.3 0.05 0.8 0.3 0.05 0.8 0.5 0.1 0.05
529 2.8596036434173584 0.0 0.0 0.0 0.0 0.0 0.0 0.0 0.0 0.0 0.0 0.0 0.0 0.0 0.0 0.0 0.0 0.0 0.0 0.0 0.0 0.0 0.0 0.0 9.300000000000011 0.0 0.0 9.300000000000011 0.0 0.0 0.3 0.05 0.8 0.3 0.05 0.8 0.5 0.1 0.05
530 2.8650529384613037 0.0 0.0 0.0 0.0 0.0 0.0 0.0 0.0 0.0 0.0 0.0 0.0 0.0 0.0 0.0 0.0 0.0 0.0 0.0 0.0 0.0 0.0 0.0 9.300000000000011 0.0 0.0 9.300000000000011 0.0 0.0 0.3 0.05 0.8 0.3 0.05 0.8 0.5 0.1 0.05
531 2.8706486225128174 0.0 0.0 0.0 0.0 0.0 0.0 0.0 0.0 0.0 0.0 0.0 0.0 0.0 0.0 0.0 0.0 0.0 0.0 0.0 0.0 0.0 0.0 0.0 9.300000000000011 0.0 0.0 9.300000000000011 0.0 0.0 0.3 0.05 0.8 0.3 0.05 0.8 0.5 0.1 0.05
532 2.8761515617370605 0.0 0.0 0.0 0.0 0.0 0.0 0.0 0.0 0.0 0.0 0.0 0.0 0.0 0.0 0.0 0.0 0.0 0.0 0.0 0.0 0.0 0.0 0.0 9.300000000000011 0.0 0.0 9.300000000000011 0.0 0.0 0.3 0.05 0.8 0.3 0.05 0.8 0.5 0.1 0.05
533 2.88163685798645 0.0 0.0 0.0 0.0 0.0 0.0 0.0 0.0 0.0 0.0 0.0 0.0 0.0 0.0 0.0 0.0 0.0 0.0 0.0 0.0 0.0 0.0 0.0 9.300000000000011 0.0 0.0 9.300000000000011 0.0 0.0 0.3 0.05 0.8 0.3 0.05 0.8 0.5 0.1 0.05
534 2.887056350708008 0.0 0.0 0.0 0.0 0.0 0.0 0.0 0.0 0.0 0.0 0.0 0.0 0.0 0.0 0.0 0.0 0.0 0.0 0.0 0.0 0.0 0.0 0.0 9.300000000000011 0.0 0.0 9.300000000000011 0.0 0.0 0.3 0.05 0.8 0.3 0.05 0.8 0.5 0.1 0.05
535 2.8929059505462646 0.0 0.0 0.0 0.0 0.0 0.0 0.0 0.0 0.0 0.0 0.0 0.0 0.0 0.0 0.0 0.0 0.0 0.0 0.0 0.0 0.0 0.0 0.0 9.300000000000011 0.0 0.0 9.300000000000011 0.0 0.0 0.3 0.05 0.8 0.3 0.05 0.8 0.5 0.1 0.05
536 2.898371696472168 0.0 0.0 0.0 0.0 0.0 0.0 0.0 0.0 0.0 0.0 0.0 0.0 0.0 0.0 0.0 0.0 0.0 0.0 0.0 0.0 0.0 0.0 0.0 9.300000000000011 0.0 0.0 9.300000000000011 0.0 0.0 0.3 0.05 0.8 0.3 0.05 0.8 0.5 0.1 0.05
537 2.9040253162384033 0.0 0.0 0.0 0.0 0.0 0.0 0.0 0.0 0.0 0.0 0.0 0.0 0.0 0.0 0.0 0.0 0.0 0.0 0.0 0.0 0.0 0.0 0.0 9.300000000000011 0.0 0.0 9.300000000000011 0.0 0.0 0.3 0.05 0.8 0.3 0.05 0.8 0.5 0.1 0.05
538 2.909637689590454 0.0 0.0 0.0 0.0 0.0 0.0 0.0 0.0 0.0 0.0 0.0 0.0 0.0 0.0 0.0 0.0 0.0 0.0 0.0 0.0 0.0 0.0 0.0 9.300000000000011 0.0 0.0 9.300000000000011 0.0 0.0 0.3 0.05 0.8 0.3 0.05 0.8 0.5 0.1 0.05
539 2.915069341659546 0.0 0.0 0.0 0.0 0.0 0.0 0.0 0.0 0.0 0.0 0.0 0.0 0.0 0.0 0.0 0.0 0.0 0.0 0.0 0.0 0.0 0.0 0.0 9.300000000000011 0.0 0.0 9.300000000000011 0.0 0.0 0.3 0.05 0.8 0.3 0.05 0.8 0.5 0.1 0.05
540 2.920485258102417 0.0 0.0 0.0 0.0 0.0 0.0 0.0 0.0 0.0 0.0 0.0 0.0 0.0 0.0 0.0 0.0 0.0 0.0 0.0 0.0 0.0 0.0 0.0 9.300000000000011 0.0 0.0 9.300000000000011 0.0 0.0 0.3 0.05 0.8 0.3 0.05 0.8 0.5 0.1 0.05
541 2.926269054412842 0.0 0.0 0.0 0.0 0.0 0.0 0.0 0.0 0.0 0.0 0.0 0.0 0.0 0.0 0.0 0.0 0.0 0.0 0.0 0.0 0.0 0.0 0.0 9.300000000000011 0.0 0.0 9.300000000000011 0.0 0.0 0.3 0.05 0.8 0.3 0.05 0.8 0.5 0.1 0.05
542 2.932399272918701 0.0 0.0 0.0 0.0 0.0 0.0 0.0 0.0 0.0 0.0 0.0 0.0 0.0 0.0 0.0 0.0 0.0 0.0 0.0 0.0 0.0 0.0 0.0 9.300000000000011 0.0 0.0 9.300000000000011 0.0 0.0 0.3 0.05 0.8 0.3 0.05 0.8 0.5 0.1 0.05
543 2.938051700592041 0.0 0.0 0.0 0.0 0.0 0.0 0.0 0.0 0.0 0.0 0.0 0.0 0.0 0.0 0.0 0.0 0.0 0.0 0.0 0.0 0.0 0.0 0.0 9.300000000000011 0.0 0.0 9.300000000000011 0.0 0.0 0.3 0.05 0.8 0.3 0.05 0.8 0.5 0.1 0.05
544 2.943528890609741 0.0 0.0 0.0 0.0 0.0 0.0 0.0 0.0 0.0 0.0 0.0 0.0 0.0 0.0 0.0 0.0 0.0 0.0 0.0 0.0 0.0 0.0 0.0 9.300000000000011 0.0 0.0 9.300000000000011 0.0 0.0 0.3 0.05 0.8 0.3 0.05 0.8 0.5 0.1 0.05
545 2.948988437652588 0.0 0.0 0.0 0.0 0.0 0.0 0.0 0.0 0.0 0.0 0.0 0.0 0.0 0.0 0.0 0.0 0.0 0.0 0.0 0.0 0.0 0.0 0.0 9.300000000000011 0.0 0.0 9.300000000000011 0.0 0.0 0.3 0.05 0.8 0.3 0.05 0.8 0.5 0.1 0.05
546 2.9544060230255127 0.0 0.0 0.0 0.0 0.0 0.0 0.0 0.0 0.0 0.0 0.0 0.0 0.0 0.0 0.0 0.0 0.0 0.0 0.0 0.0 0.0 0.0 0.0 9.300000000000011 0.0 0.0 9.300000000000011 0.0 0.0 0.3 0.05 0.8 0.3 0.05 0.8 0.5 0.1 0.05
547 2.959637403488159 0.0 0.0 0.0 0.0 0.0 0.0 0.0 0.0 0.0 0.0 0.0 0.0 0.0 0.0 0.0 0.0 0.0 0.0 0.0 0.0 0.0 0.0 0.0 9.300000000000011 0.0 0.0 9.300000000000011 0.0 0.0 0.3 0.05 0.8 0.3 0.05 0.8 0.5 0.1 0.05
548 2.9649651050567627 0.0 0.0 0.0 0.0 0.0 0.0 0.0 0.0 0.0 0.0 0.0 0.0 0.0 0.0 0.0 0.0 0.0 0.0 0.0 0.0 0.0 0.0 0.0 9.300000000000011 0.0 0.0 9.300000000000011 0.0 0.0 0.3 0.05 0.8 0.3 0.05 0.8 0.5 0.1 0.05
549 2.9702837467193604 0.0 0.0 0.0 0.0 0.0 0.0 0.0 0.0 0.0 0.0 0.0 0.0 0.0 0.0 0.0 0.0 0.0 0.0 0.0 0.0 0.0 0.0 0.0 9.300000000000011 0.0 0.0 9.300000000000011 0.0 0.0 0.3 0.05 0.8 0.3 0.05 0.8 0.5 0.1 0.05
550 2.9758200645446777 0.0 0.0 0.0 0.0 0.0 0.0 0.0 0.0 0.0 0.0 0.0 0.0 0.0 0.0 0.0 0.0 0.0 0.0 0.0 0.0 0.0 0.0 0.0 9.300000000000011 0.0 0.0 9.300000000000011 0.0 0.0 0.3 0.05 0.8 0.3 0.05 0.8 0.5 0.1 0.05
551 2.9812991619110107 0.0 0.0 0.0 0.0 0.0 0.0 0.0 0.0 0.0 0.0 0.0 0.0 0.0 0.0 0.0 0.0 0.0 0.0 0.0 0.0 0.0 0.0 0.0 9.300000000000011 0.0 0.0 9.300000000000011 0.0 0.0 0.3 0.05 0.8 0.3 0.05 0.8 0.5 0.1 0.05
552 2.9866554737091064 0.0 0.0 0.0 0.0 0.0 0.0 0.0 0.0 0.0 0.0 0.0 0.0 0.0 0.0 0.0 0.0 0.0 0.0 0.0 0.0 0.0 0.0 0.0 9.300000000000011 0.0 0.0 9.300000000000011 0.0 0.0 0.3 0.05 0.8 0.3 0.05 0.8 0.5 0.1 0.05
553 2.99196720123291 0.0 0.0 0.0 0.0 0.0 0.0 0.0 0.0 0.0 0.0 0.0 0.0 0.0 0.0 0.0 0.0 0.0 0.0 0.0 0.0 0.0 0.0 0.0 9.300000000000011 0.0 0.0 9.300000000000011 0.0 0.0 0.3 0.05 0.8 0.3 0.05 0.8 0.5 0.1 0.05
554 2.9972054958343506 0.0 0.0 0.0 0.0 0.0 0.0 0.0 0.0 0.0 0.0 0.0 0.0 0.0 0.0 0.0 0.0 0.0 0.0 0.0 0.0 0.0 0.0 0.0 9.300000000000011 0.0 0.0 9.300000000000011 0.0 0.0 0.3 0.05 0.8 0.3 0.05 0.8 0.5 0.1 0.05
555 3.0024826526641846 0.0 0.0 0.0 0.0 0.0 0.0 0.0 0.0 0.0 0.0 0.0 0.0 0.0 0.0 0.0 0.0 0.0 0.0 0.0 0.0 0.0 0.0 0.0 9.300000000000011 0.0 0.0 9.300000000000011 0.0 0.0 0.3 0.05 0.8 0.3 0.05 0.8 0.5 0.1 0.05
556 3.007782220840454 0.0 0.0 0.0 0.0 0.0 0.0 0.0 0.0 0.0 0.0 0.0 0.0 0.0 0.0 0.0 0.0 0.0 0.0 0.0 0.0 0.0 0.0 0.0 9.300000000000011 0.0 0.0 9.300000000000011 0.0 0.0 0.3 0.05 0.8 0.3 0.05 0.8 0.5 0.1 0.05
557 3.0131142139434814 0.0 0.0 0.0 0.0 0.0 0.0 0.0 0.0 0.0 0.0 0.0 0.0 0.0 0.0 0.0 0.0 0.0 0.0 0.0 0.0 0.0 0.0 0.0 9.300000000000011 0.0 0.0 9.300000000000011 0.0 0.0 0.3 0.05 0.8 0.3 0.05 0.8 0.5 0.1 0.05
558 3.0184075832366943 0.0 0.0 0.0 0.0 0.0 0.0 0.0 0.0 0.0 0.0 0.0 0.0 0.0 0.0 0.0 0.0 0.0 0.0 0.0 0.0 0.0 0.0 0.0 9.300000000000011 0.0 0.0 9.300000000000011 0.0 0.0 0.3 0.05 0.8 0.3 0.05 0.8 0.5 0.1 0.05
559 3.0236876010894775 0.0 0.0 0.0 0.0 0.0 0.0 0.0 0.0 0.0 0.0 0.0 0.0 0.0 0.0 0.0 0.0 0.0 0.0 0.0 0.0 0.0 0.0 0.0 9.300000000000011 0.0 0.0 9.300000000000011 0.0 0.0 0.3 0.05 0.8 0.3 0.05 0.8 0.5 0.1 0.05
560 3.0290796756744385 0.0 0.0 0.0 0.0 0.0 0.0 0.0 0.0 0.0 0.0 0.0 0.0 0.0 0.0 0.0 0.0 0.0 0.0 0.0 0.0 0.0 0.0 0.0 9.300000000000011 0.0 0.0 9.300000000000011 0.0 0.0 0.3 0.05 0.8 0.3 0.05 0.8 0.5 0.1 0.05
561 3.034437417984009 0.0 0.0 0.0 0.0 0.0 0.0 0.0 0.0 0.0 0.0 0.0 0.0 0.0 0.0 0.0 0.0 0.0 0.0 0.0 0.0 0.0 0.0 0.0 9.300000000000011 0.0 0.0 9.300000000000011 0.0 0.0 0.3 0.05 0.8 0.3 0.05 0.8 0.5 0.1 0.05
562 3.039719581604004 0.0 0.0 0.0 0.0 0.0 0.0 0.0 0.0 0.0 0.0 0.0 0.0 0.0 0.0 0.0 0.0 0.0 0.0 0.0 0.0 0.0 0.0 0.0 9.300000000000011 0.0 0.0 9.300000000000011 0.0 0.0 0.3 0.05 0.8 0.3 0.05 0.8 0.5 0.1 0.05
563 3.0450196266174316 0.0 0.0 0.0 0.0 0.0 0.0 0.0 0.0 0.0 0.0 0.0 0.0 0.0 0.0 0.0 0.0 0.0 0.0 0.0 0.0 0.0 0.0 0.0 9.300000000000011 0.0 0.0 9.300000000000011 0.0 0.0 0.3 0.05 0.8 0.3 0.05 0.8 0.5 0.1 0.05
564 3.050297975540161 0.0 0.0 0.0 0.0 0.0 0.0 0.0 0.0 0.0 0.0 0.0 0.0 0.0 0.0 0.0 0.0 0.0 0.0 0.0 0.0 0.0 0.0 0.0 9.300000000000011 0.0 0.0 9.300000000000011 0.0 0.0 0.3 0.05 0.8 0.3 0.05 0.8 0.5 0.1 0.05
565 3.0555498600006104 0.0 0.0 0.0 0.0 0.0 0.0 0.0 0.0 0.0 0.0 0.0 0.0 0.0 0.0 0.0 0.0 0.0 0.0 0.0 0.0 0.0 0.0 0.0 9.300000000000011 0.0 0.0 9.300000000000011 0.0 0.0 0.3 0.05 0.8 0.3 0.05 0.8 0.5 0.1 0.05
566 3.0608937740325928 0.0 0.0 0.0 0.0 0.0 0.0 0.0 0.0 0.0 0.0 0.0 0.0 0.0 0.0 0.0 0.0 0.0 0.0 0.0 0.0 0.0 0.0 0.0 9.300000000000011 0.0 0.0 9.300000000000011 0.0 0.0 0.3 0.05 0.8 0.3 0.05 0.8 0.5 0.1 0.05
567 3.0664138793945312 0.0 0.0 0.0 0.0 0.0 0.0 0.0 0.0 0.0 0.0 0.0 0.0 0.0 0.0 0.0 0.0 0.0 0.0 0.0 0.0 0.0 0.0 0.0 9.300000000000011 0.0 0.0 9.300000000000011 0.0 0.0 0.3 0.05 0.8 0.3 0.05 0.8 0.5 0.1 0.05
568 3.0720839500427246 0.0 0.0 0.0 0.0 0.0 0.0 0.0 0.0 0.0 0.0 0.0 0.0 0.0 0.0 0.0 0.0 0.0 0.0 0.0 0.0 0.0 0.0 0.0 9.300000000000011 0.0 0.0 9.300000000000011 0.0 0.0 0.3 0.05 0.8 0.3 0.05 0.8 0.5 0.1 0.05
569 3.0776431560516357 0.0 0.0 0.0 0.0 0.0 0.0 0.0 0.0 0.0 0.0 0.0 0.0 0.0 0.0 0.0 0.0 0.0 0.0 0.0 0.0 0.0 0.0 0.0 9.300000000000011 0.0 0.0 9.300000000000011 0.0 0.0 0.3 0.05 0.8 0.3 0.05 0.8 0.5 0.1 0.05
570 3.083254098892212 0.0 0.0 0.0 0.0 0.0 0.0 0.0 0.0 0.0 0.0 0.0 0.0 0.0 0.0 0.0 0.0 0.0 0.0 0.0 0.0 0.0 0.0 0.0 9.300000000000011 0.0 0.0 9.300000000000011 0.0 0.0 0.3 0.05 0.8 0.3 0.05 0.8 0.5 0.1 0.05
571 3.0895447731018066 0.0 0.0 0.0 0.0 0.0 0.0 0.0 0.0 0.0 0.0 0.0 0.0 0.0 0.0 0.0 0.0 0.0 0.0 0.0 0.0 0.0 0.0 0.0 9.300000000000011 0.0 0.0 9.300000000000011 0.0 0.0 0.3 0.05 0.8 0.3 0.05 0.8 0.5 0.1 0.05
572 3.0951879024505615 0.0 0.0 0.0 0.0 0.0 0.0 0.0 0.0 0.0 0.0 0.0 0.0 0.0 0.0 0.0 0.0 0.0 0.0 0.0 0.0 0.0 0.0 0.0 9.300000000000011 0.0 0.0 9.300000000000011 0.0 0.0 0.3 0.05 0.8 0.3 0.05 0.8 0.5 0.1 0.05
573 3.10080885887146 0.0 0.0 0.0 0.0 0.0 0.0 0.0 0.0 0.0 0.0 0.0 0.0 0.0 0.0 0.0 0.0 0.0 0.0 0.0 0.0 0.0 0.0 0.0 9.300000000000011 0.0 0.0 9.300000000000011 0.0 0.0 0.3 0.05 0.8 0.3 0.05 0.8 0.5 0.1 0.05
574 3.1064419746398926 0.0 0.0 0.0 0.0 0.0 0.0 0.0 0.0 0.0 0.0 0.0 0.0 0.0 0.0 0.0 0.0 0.0 0.0 0.0 0.0 0.0 0.0 0.0 9.300000000000011 0.0 0.0 9.300000000000011 0.0 0.0 0.3 0.05 0.8 0.3 0.05 0.8 0.5 0.1 0.05
575 3.1123714447021484 0.0 0.0 0.0 0.0 0.0 0.0 0.0 0.0 0.0 0.0 0.0 0.0 0.0 0.0 0.0 0.0 0.0 0.0 0.0 0.0 0.0 0.0 0.0 9.300000000000011 0.0 0.0 9.300000000000011 0.0 0.0 0.3 0.05 0.8 0.3 0.05 0.8 0.5 0.1 0.05
576 3.1181998252868652 0.0 0.0 0.0 0.0 0.0 0.0 0.0 0.0 0.0 0.0 0.0 0.0 0.0 0.0 0.0 0.0 0.0 0.0 0.0 0.0 0.0 0.0 0.0 9.300000000000011 0.0 0.0 9.300000000000011 0.0 0.0 0.3 0.05 0.8 0.3 0.05 0.8 0.5 0.1 0.05
577 3.1242992877960205 0.0 0.0 0.0 0.0 0.0 0.0 0.0 0.0 0.0 0.0 0.0 0.0 0.0 0.0 0.0 0.0 0.0 0.0 0.0 0.0 0.0 0.0 0.0 9.300000000000011 0.0 0.0 9.300000000000011 0.0 0.0 0.3 0.05 0.8 0.3 0.05 0.8 0.5 0.1 0.05
578 3.1297950744628906 0.0 0.0 0.0 0.0 0.0 0.0 0.0 0.0 0.0 0.0 0.0 0.0 0.0 0.0 0.0 0.0 0.0 0.0 0.0 0.0 0.0 0.0 0.0 9.300000000000011 0.0 0.0 9.300000000000011 0.0 0.0 0.3 0.05 0.8 0.3 0.05 0.8 0.5 0.1 0.05
579 3.1353752613067627 0.0 0.0 0.0 0.0 0.0 0.0 0.0 0.0 0.0 0.0 0.0 0.0 0.0 0.0 0.0 0.0 0.0 0.0 0.0 0.0 0.0 0.0 0.0 9.300000000000011 0.0 0.0 9.300000000000011 0.0 0.0 0.3 0.05 0.8 0.3 0.05 0.8 0.5 0.1 0.05
580 3.141089677810669 0.0 0.0 0.0 0.0 0.0 0.0 0.0 0.0 0.0 0.0 0.0 0.0 0.0 0.0 0.0 0.0 0.0 0.0 0.0 0.0 0.0 0.0 0.0 9.300000000000011 0.0 0.0 9.300000000000011 0.0 0.0 0.3 0.05 0.8 0.3 0.05 0.8 0.5 0.1 0.05
581 3.147186517715454 0.0 0.0 0.0 0.0 0.0 0.0 0.0 0.0 0.0 0.0 0.0 0.0 0.0 0.0 0.0 0.0 0.0 0.0 0.0 0.0 0.0 0.0 0.0 9.300000000000011 0.0 0.0 9.300000000000011 0.0 0.0 0.3 0.05 0.8 0.3 0.05 0.8 0.5 0.1 0.05
582 3.1541242599487305 0.0 0.0 0.0 0.0 0.0 0.0 0.0 0.0 0.0 0.0 0.0 0.0 0.0 0.0 0.0 0.0 0.0 0.0 0.0 0.0 0.0 0.0 0.0 9.300000000000011 0.0 0.0 9.300000000000011 0.0 0.0 0.3 0.05 0.8 0.3 0.05 0.8 0.5 0.1 0.05
583 3.1600213050842285 0.0 0.0 0.0 0.0 0.0 0.0 0.0 0.0 0.0 0.0 0.0 0.0 0.0 0.0 0.0 0.0 0.0 0.0 0.0 0.0 0.0 0.0 0.0 9.300000000000011 0.0 0.0 9.300000000000011 0.0 0.0 0.3 0.05 0.8 0.3 0.05 0.8 0.5 0.1 0.05
584 3.1655101776123047 0.0 0.0 0.0 0.0 0.0 0.0 0.0 0.0 0.0 0.0 0.0 0.0 0.0 0.0 0.0 0.0 0.0 0.0 0.0 0.0 0.0 0.0 0.0 9.300000000000011 0.0 0.0 9.300000000000011 0.0 0.0 0.3 0.05 0.8 0.3 0.05 0.8 0.5 0.1 0.05
585 3.1711068153381348 0.0 0.0 0.0 0.0 0.0 0.0 0.0 0.0 0.0 0.0 0.0 0.0 0.0 0.0 0.0 0.0 0.0 0.0 0.0 0.0 0.0 0.0 0.0 9.300000000000011 0.0 0.0 9.300000000000011 0.0 0.0 0.3 0.05 0.8 0.3 0.05 0.8 0.5 0.1 0.05
586 3.1766231060028076 0.0 0.0 0.0 0.0 0.0 0.0 0.0 0.0 0.0 0.0 0.0 0.0 0.0 0.0 0.0 0.0 0.0 0.0 0.0 0.0 0.0 0.0 0.0 9.300000000000011 0.0 0.0 9.300000000000011 0.0 0.0 0.3 0.05 0.8 0.3 0.05 0.8 0.5 0.1 0.05
587 3.182044744491577 0.0 0.0 0.0 0.0 0.0 0.0 0.0 0.0 0.0 0.0 0.0 0.0 0.0 0.0 0.0 0.0 0.0 0.0 0.0 0.0 0.0 0.0 0.0 9.300000000000011 0.0 0.0 9.300000000000011 0.0 0.0 0.3 0.05 0.8 0.3 0.05 0.8 0.5 0.1 0.05
588 3.1873576641082764 0.0 0.0 0.0 0.0 0.0 0.0 0.0 0.0 0.0 0.0 0.0 0.0 0.0 0.0 0.0 0.0 0.0 0.0 0.0 0.0 0.0 0.0 0.0 9.300000000000011 0.0 0.0 9.300000000000011 0.0 0.0 0.3 0.05 0.8 0.3 0.05 0.8 0.5 0.1 0.05
589 3.192761182785034 0.0 0.0 0.0 0.0 0.0 0.0 0.0 0.0 0.0 0.0 0.0 0.0 0.0 0.0 0.0 0.0 0.0 0.0 0.0 0.0 0.0 0.0 0.0 9.300000000000011 0.0 0.0 9.300000000000011 0.0 0.0 0.3 0.05 0.8 0.3 0.05 0.8 0.5 0.1 0.05
590 3.198160409927368 0.0 0.0 0.0 0.0 0.0 0.0 0.0 0.0 0.0 0.0 0.0 0.0 0.0 0.0 0.0 0.0 0.0 0.0 0.0 0.0 0.0 0.0 0.0 9.300000000000011 0.0 0.0 9.300000000000011 0.0 0.0 0.3 0.05 0.8 0.3 0.05 0.8 0.5 0.1 0.05
591 3.2035839557647705 0.0 0.0 0.0 0.0 0.0 0.0 0.0 0.0 0.0 0.0 0.0 0.0 0.0 0.0 0.0 0.0 0.0 0.0 0.0 0.0 0.0 0.0 0.0 9.300000000000011 0.0 0.0 9.300000000000011 0.0 0.0 0.3 0.05 0.8 0.3 0.05 0.8 0.5 0.1 0.05
592 3.2088606357574463 0.0 0.0 0.0 0.0 0.0 0.0 0.0 0.0 0.0 0.0 0.0 0.0 0.0 0.0 0.0 0.0 0.0 0.0 0.0 0.0 0.0 0.0 0.0 9.300000000000011 0.0 0.0 9.300000000000011 0.0 0.0 0.3 0.05 0.8 0.3 0.05 0.8 0.5 0.1 0.05
593 3.2142069339752197 0.0 0.0 0.0 0.0 0.0 0.0 0.0 0.0 0.0 0.0 0.0 0.0 0.0 0.0 0.0 0.0 0.0 0.0 0.0 0.0 0.0 0.0 0.0 9.300000000000011 0.0 0.0 9.300000000000011 0.0 0.0 0.3 0.05 0.8 0.3 0.05 0.8 0.5 0.1 0.05
594 3.2195277214050293 0.0 0.0 0.0 0.0 0.0 0.0 0.0 0.0 0.0 0.0 0.0 0.0 0.0 0.0 0.0 0.0 0.0 0.0 0.0 0.0 0.0 0.0 0.0 9.300000000000011 0.0 0.0 9.300000000000011 0.0 0.0 0.3 0.05 0.8 0.3 0.05 0.8 0.5 0.1 0.05
595 3.2247865200042725 0.0 0.0 0.0 0.0 0.0 0.0 0.0 0.0 0.0 0.0 0.0 0.0 0.0 0.0 0.0 0.0 0.0 0.0 0.0 0.0 0.0 0.0 0.0 9.300000000000011 0.0 0.0 9.300000000000011 0.0 0.0 0.3 0.05 0.8 0.3 0.05 0.8 0.5 0.1 0.05
596 3.2302258014678955 0.0 0.0 0.0 0.0 0.0 0.0 0.0 0.0 0.0 0.0 0.0 0.0 0.0 0.0 0.0 0.0 0.0 0.0 0.0 0.0 0.0 0.0 0.0 9.300000000000011 0.0 0.0 9.300000000000011 0.0 0.0 0.3 0.05 0.8 0.3 0.05 0.8 0.5 0.1 0.05
597 3.235527992248535 0.0 0.0 0.0 0.0 0.0 0.0 0.0 0.0 0.0 0.0 0.0 0.0 0.0 0.0 0.0 0.0 0.0 0.0 0.0 0.0 0.0 0.0 0.0 9.300000000000011 0.0 0.0 9.300000000000011 0.0 0.0 0.3 0.05 0.8 0.3 0.05 0.8 0.5 0.1 0.05
598 3.240856170654297 0.0 0.0 0.0 0.0 0.0 0.0 0.0 0.0 0.0 0.0 0.0 0.0 0.0 0.0 0.0 0.0 0.0 0.0 0.0 0.0 0.0 0.0 0.0 9.300000000000011 0.0 0.0 9.300000000000011 0.0 0.0 0.3 0.05 0.8 0.3 0.05 0.8 0.5 0.1 0.05
599 3.2461111545562744 0.0 0.0 0.0 0.0 0.0 0.0 0.0 0.0 0.0 0.0 0.0 0.0 0.0 0.0 0.0 0.0 0.0 0.0 0.0 0.0 0.0 0.0 0.0 9.300000000000011 0.0 0.0 9.300000000000011 0.0 0.0 0.3 0.05 0.8 0.3 0.05 0.8 0.5 0.1 0.05
600 3.2513418197631836 0.0 0.0 0.0 0.0 0.0 0.0 0.0 0.0 0.0 0.0 0.0 0.0 0.0 0.0 0.0 0.0 0.0 0.0 0.0 0.0 0.0 0.0 0.0 9.300000000000011 0.0 0.0 9.300000000000011 0.0 0.0 0.3 0.05 0.8 0.3 0.05 0.8 0.5 0.1 0.05
601 3.256706476211548 0.0 0.0 0.0 0.0 0.0 0.0 0.0 0.0 0.0 0.0 0.0 0.0 0.0 0.0 0.0 0.0 0.0 0.0 0.0 0.0 0.0 0.0 0.0 9.300000000000011 0.0 0.0 9.300000000000011 0.0 0.0 0.3 0.05 0.8 0.3 0.05 0.8 0.5 0.1 0.05
602 3.262139320373535 0.0 0.0 0.0 0.0 0.0 0.0 0.0 0.0 0.0 0.0 0.0 0.0 0.0 0.0 0.0 0.0 0.0 0.0 0.0 0.0 0.0 0.0 0.0 9.300000000000011 0.0 0.0 9.300000000000011 0.0 0.0 0.3 0.05 0.8 0.3 0.05 0.8 0.5 0.1 0.05
603 3.267439842224121 0.0 0.0 0.0 0.0 0.0 0.0 0.0 0.0 0.0 0.0 0.0 0.0 0.0 0.0 0.0 0.0 0.0 0.0 0.0 0.0 0.0 0.0 0.0 9.300000000000011 0.0 0.0 9.300000000000011 0.0 0.0 0.3 0.05 0.8 0.3 0.05 0.8 0.5 0.1 0.05
604 3.2726852893829346 0.0 0.0 0.0 0.0 0.0 0.0 0.0 0.0 0.0 0.0 0.0 0.0 0.0 0.0 0.0 0.0 0.0 0.0 0.0 0.0 0.0 0.0 0.0 9.300000000000011 0.0 0.0 9.300000000000011 0.0 0.0 0.3 0.05 0.8 0.3 0.05 0.8 0.5 0.1 0.05
605 3.2781319618225098 0.0 0.0 0.0 0.0 0.0 0.0 0.0 0.0 0.0 0.0 0.0 0.0 0.0 0.0 0.0 0.0 0.0 0.0 0.0 0.0 0.0 0.0 0.0 9.300000000000011 0.0 0.0 9.300000000000011 0.0 0.0 0.3 0.05 0.8 0.3 0.05 0.8 0.5 0.1 0.05
606 3.2834911346435547 0.0 0.0 0.0 0.0 0.0 0.0 0.0 0.0 0.0 0.0 0.0 0.0 0.0 0.0 0.0 0.0 0.0 0.0 0.0 0.0 0.0 0.0 0.0 9.300000000000011 0.0 0.0 9.300000000000011 0.0 0.0 0.3 0.05 0.8 0.3 0.05 0.8 0.5 0.1 0.05
607 3.288801908493042 0.0 0.0 0.0 0.0 0.0 0.0 0.0 0.0 0.0 0.0 0.0 0.0 0.0 0.0 0.0 0.0 0.0 0.0 0.0 0.0 0.0 0.0 0.0 9.300000000000011 0.0 0.0 9.300000000000011 0.0 0.0 0.3 0.05 0.8 0.3 0.05 0.8 0.5 0.1 0.05
608 3.294214963912964 0.0 0.0 0.0 0.0 0.0 0.0 0.0 0.0 0.0 0.0 0.0 0.0 0.0 0.0 0.0 0.0 0.0 0.0 0.0 0.0 0.0 0.0 0.0 9.300000000000011 0.0 0.0 9.300000000000011 0.0 0.0 0.3 0.05 0.8 0.3 0.05 0.8 0.5 0.1 0.05
609 3.2997426986694336 0.0 0.0 0.0 0.0 0.0 0.0 0.0 0.0 0.0 0.0 0.0 0.0 0.0 0.0 0.0 0.0 0.0 0.0 0.0 0.0 0.0 0.0 0.0 9.300000000000011 0.0 0.0 9.300000000000011 0.0 0.0 0.3 0.05 0.8 0.3 0.05 0.8 0.5 0.1 0.05
610 3.305040121078491 0.0 0.0 0.0 0.0 0.0 0.0 0.0 0.0 0.0 0.0 0.0 0.0 0.0 0.0 0.0 0.0 0.0 0.0 0.0 0.0 0.0 0.0 0.0 9.300000000000011 0.0 0.0 9.300000000000011 0.0 0.0 0.3 0.05 0.8 0.3 0.05 0.8 0.5 0.1 0.05
611 3.3104145526885986 0.0 0.0 0.0 0.0 0.0 0.0 0.0 0.0 0.0 0.0 0.0 0.0 0.0 0.0 0.0 0.0 0.0 0.0 0.0 0.0 0.0 0.0 0.0 9.300000000000011 0.0 0.0 9.300000000000011 0.0 0.0 0.3 0.05 0.8 0.3 0.05 0.8 0.5 0.1 0.05
612 3.3157033920288086 0.0 0.0 0.0 0.0 0.0 0.0 0.0 0.0 0.0 0.0 0.0 0.0 0.0 0.0 0.0 0.0 0.0 0.0 0.0 0.0 0.0 0.0 0.0 9.300000000000011 0.0 0.0 9.300000000000011 0.0 0.0 0.3 0.05 0.8 0.3 0.05 0.8 0.5 0.1 0.05
613 3.3210039138793945 0.0 0.0 0.0 0.0 0.0 0.0 0.0 0.0 0.0 0.0 0.0 0.0 0.0 0.0 0.0 0.0 0.0 0.0 0.0 0.0 0.0 0.0 0.0 9.300000000000011 0.0 0.0 9.300000000000011 0.0 0.0 0.3 0.05 0.8 0.3 0.05 0.8 0.5 0.1 0.05
614 3.326223611831665 0.0 0.0 0.0 0.0 0.0 0.0 0.0 0.0 0.0 0.0 0.0 0.0 0.0 0.0 0.0 0.0 0.0 0.0 0.0 0.0 0.0 0.0 0.0 9.300000000000011 0.0 0.0 9.300000000000011 0.0 0.0 0.3 0.05 0.8 0.3 0.05 0.8 0.5 0.1 0.05
615 3.331454038619995 0.0 0.0 0.0 0.0 0.0 0.0 0.0 0.0 0.0 0.0 0.0 0.0 0.0 0.0 0.0 0.0 0.0 0.0 0.0 0.0 0.0 0.0 0.0 9.300000000000011 0.0 0.0 9.300000000000011 0.0 0.0 0.3 0.05 0.8 0.3 0.05 0.8 0.5 0.1 0.05
616 3.3366951942443848 0.0 0.0 0.0 0.0 0.0 0.0 0.0 0.0 0.0 0.0 0.0 0.0 0.0 0.0 0.0 0.0 0.0 0.0 0.0 0.0 0.0 0.0 0.0 9.300000000000011 0.0 0.0 9.300000000000011 0.0 0.0 0.3 0.05 0.8 0.3 0.05 0.8 0.5 0.1 0.05
617 3.3419342041015625 0.0 0.0 0.0 0.0 0.0 0.0 0.0 0.0 0.0 0.0 0.0 0.0 0.0 0.0 0.0 0.0 0.0 0.0 0.0 0.0 0.0 0.0 0.0 9.300000000000011 0.0 0.0 9.300000000000011 0.0 0.0 0.3 0.05 0.8 0.3 0.05 0.8 0.5 0.1 0.05
618 3.347296953201294 0.0 0.0 0.0 0.0 0.0 0.0 0.0 0.0 0.0 0.0 0.0 0.0 0.0 0.0 0.0 0.0 0.0 0.0 0.0 0.0 0.0 0.0 0.0 9.300000000000011 0.0 0.0 9.300000000000011 0.0 0.0 0.3 0.05 0.8 0.3 0.05 0.8 0.5 0.1 0.05
619 3.3526108264923096 0.0 0.0 0.0 0.0 0.0 0.0 0.0 0.0 0.0 0.0 0.0 0.0 0.0 0.0 0.0 0.0 0.0 0.0 0.0 0.0 0.0 0.0 0.0 9.300000000000011 0.0 0.0 9.300000000000011 0.0 0.0 0.3 0.05 0.8 0.3 0.05 0.8 0.5 0.1 0.05
620 3.3578739166259766 0.0 0.0 0.0 0.0 0.0 0.0 0.0 0.0 0.0 0.0 0.0 0.0 0.0 0.0 0.0 0.0 0.0 0.0 0.0 0.0 0.0 0.0 0.0 9.300000000000011 0.0 0.0 9.300000000000011 0.0 0.0 0.3 0.05 0.8 0.3 0.05 0.8 0.5 0.1 0.05
621 3.36334490776062 0.0 0.0 0.0 0.0 0.0 0.0 0.0 0.0 0.0 0.0 0.0 0.0 0.0 0.0 0.0 0.0 0.0 0.0 0.0 0.0 0.0 0.0 0.0 9.300000000000011 0.0 0.0 9.300000000000011 0.0 0.0 0.3 0.05 0.8 0.3 0.05 0.8 0.5 0.1 0.05
622 3.3686482906341553 0.0 0.0 0.0 0.0 0.0 0.0 0.0 0.0 0.0 0.0 0.0 0.0 0.0 0.0 0.0 0.0 0.0 0.0 0.0 0.0 0.0 0.0 0.0 9.300000000000011 0.0 0.0 9.300000000000011 0.0 0.0 0.3 0.05 0.8 0.3 0.05 0.8 0.5 0.1 0.05
623 3.3739986419677734 0.0 0.0 0.0 0.0 0.0 0.0 0.0 0.0 0.0 0.0 0.0 0.0 0.0 0.0 0.0 0.0 0.0 0.0 0.0 0.0 0.0 0.0 0.0 9.300000000000011 0.0 0.0 9.300000000000011 0.0 0.0 0.3 0.05 0.8 0.3 0.05 0.8 0.5 0.1 0.05
624 3.379298448562622 0.0 0.0 0.0 0.0 0.0 0.0 0.0 0.0 0.0 0.0 0.0 0.0 0.0 0.0 0.0 0.0 0.0 0.0 0.0 0.0 0.0 0.0 0.0 9.300000000000011 0.0 0.0 9.300000000000011 0.0 0.0 0.3 0.05 0.8 0.3 0.05 0.8 0.5 0.1 0.05
625 3.3845438957214355 0.0 0.0 0.0 0.0 0.0 0.0 0.0 0.0 0.0 0.0 0.0 0.0 0.0 0.0 0.0 0.0 0.0 0.0 0.0 0.0 0.0 0.0 0.0 9.300000000000011 0.0 0.0 9.300000000000011 0.0 0.0 0.3 0.05 0.8 0.3 0.05 0.8 0.5 0.1 0.05
626 3.3897767066955566 0.0 0.0 0.0 0.0 0.0 0.0 0.0 0.0 0.0 0.0 0.0 0.0 0.0 0.0 0.0 0.0 0.0 0.0 0.0 0.0 0.0 0.0 0.0 9.300000000000011 0.0 0.0 9.300000000000011 0.0 0.0 0.3 0.05 0.8 0.3 0.05 0.8 0.5 0.1 0.05
627 3.394984245300293 0.0 0.0 0.0 0.0 0.0 0.0 0.0 0.0 0.0 0.0 0.0 0.0 0.0 0.0 0.0 0.0 0.0 0.0 0.0 0.0 0.0 0.0 0.0 9.300000000000011 0.0 0.0 9.300000000000011 0.0 0.0 0.3 0.05 0.8 0.3 0.05 0.8 0.5 0.1 0.05
628 3.400268316268921 0.0 0.0 0.0 0.0 0.0 0.0 0.0 0.0 0.0 0.0 0.0 0.0 0.0 0.0 0.0 0.0 0.0 0.0 0.0 0.0 0.0 0.0 0.0 9.300000000000011 0.0 0.0 9.300000000000011 0.0 0.0 0.3 0.05 0.8 0.3 0.05 0.8 0.5 0.1 0.05
629 3.405578851699829 0.0 0.0 0.0 0.0 0.0 0.0 0.0 0.0 0.0 0.0 0.0 0.0 0.0 0.0 0.0 0.0 0.0 0.0 0.0 0.0 0.0 0.0 0.0 9.300000000000011 0.0 0.0 9.300000000000011 0.0 0.0 0.3 0.05 0.8 0.3 0.05 0.8 0.5 0.1 0.05
630 3.410888433456421 0.0 0.0 0.0 0.0 0.0 0.0 0.0 0.0 0.0 0.0 0.0 0.0 0.0 0.0 0.0 0.0 0.0 0.0 0.0 0.0 0.0 0.0 0.0 9.300000000000011 0.0 0.0 9.300000000000011 0.0 0.0 0.3 0.05 0.8 0.3 0.05 0.8 0.5 0.1 0.05
631 3.4162704944610596 0.0 0.0 0.0 0.0 0.0 0.0 0.0 0.0 0.0 0.0 0.0 0.0 0.0 0.0 0.0 0.0 0.0 0.0 0.0 0.0 0.0 0.0 0.0 9.300000000000011 0.0 0.0 9.300000000000011 0.0 0.0 0.3 0.05 0.8 0.3 0.05 0.8 0.5 0.1 0.05
632 3.4215335845947266 0.0 0.0 0.0 0.0 0.0 0.0 0.0 0.0 0.0 0.0 0.0 0.0 0.0 0.0 0.0 0.0 0.0 0.0 0.0 0.0 0.0 0.0 0.0 9.300000000000011 0.0 0.0 9.300000000000011 0.0 0.0 0.3 0.05 0.8 0.3 0.05 0.8 0.5 0.1 0.05
633 3.4268410205841064 0.0 0.0 0.0 0.0 0.0 0.0 0.0 0.0 0.0 0.0 0.0 0.0 0.0 0.0 0.0 0.0 0.0 0.0 0.0 0.0 0.0 0.0 0.0 9.300000000000011 0.0 0.0 9.300000000000011 0.0 0.0 0.3 0.05 0.8 0.3 0.05 0.8 0.5 0.1 0.05
634 3.4320945739746094 0.0 0.0 0.0 0.0 0.0 0.0 0.0 0.0 0.0 0.0 0.0 0.0 0.0 0.0 0.0 0.0 0.0 0.0 0.0 0.0 0.0 0.0 0.0 9.300000000000011 0.0 0.0 9.300000000000011 0.0 0.0 0.3 0.05 0.8 0.3 0.05 0.8 0.5 0.1 0.05
635 3.4373316764831543 0.0 0.0 0.0 0.0 0.0 0.0 0.0 0.0 0.0 0.0 0.0 0.0 0.0 0.0 0.0 0.0 0.0 0.0 0.0 0.0 0.0 0.0 0.0 9.300000000000011 0.0 0.0 9.300000000000011 0.0 0.0 0.3 0.05 0.8 0.3 0.05 0.8 0.5 0.1 0.05
636 3.4427130222320557 0.0 0.0 0.0 0.0 0.0 0.0 0.0 0.0 0.0 0.0 0.0 0.0 0.0 0.0 0.0 0.0 0.0 0.0 0.0 0.0 0.0 0.0 0.0 9.300000000000011 0.0 0.0 9.300000000000011 0.0 0.0 0.3 0.05 0.8 0.3 0.05 0.8 0.5 0.1 0.05
637 3.447996139526367 0.0 0.0 0.0 0.0 0.0 0.0 0.0 0.0 0.0 0.0 0.0 0.0 0.0 0.0 0.0 0.0 0.0 0.0 0.0 0.0 0.0 0.0 0.0 9.300000000000011 0.0 0.0 9.300000000000011 0.0 0.0 0.3 0.05 0.8 0.3 0.05 0.8 0.5 0.1 0.05
638 3.4532814025878906 0.0 0.0 0.0 0.0 0.0 0.0 0.0 0.0 0.0 0.0 0.0 0.0 0.0 0.0 0.0 0.0 0.0 0.0 0.0 0.0 0.0 0.0 0.0 9.300000000000011 0.0 0.0 9.300000000000011 0.0 0.0 0.3 0.05 0.8 0.3 0.05 0.8 0.5 0.1 0.05
639 3.458561420440674 0.0 0.0 0.0 0.0 0.0 0.0 0.0 0.0 0.0 0.0 0.0 0.0 0.0 0.0 0.0 0.0 0.0 0.0 0.0 0.0 0.0 0.0 0.0 9.300000000000011 0.0 0.0 9.300000000000011 0.0 0.0 0.3 0.05 0.8 0.3 0.05 0.8 0.5 0.1 0.05
640 3.463822364807129 0.0 0.0 0.0 0.0 0.0 0.0 0.0 0.0 0.0 0.0 0.0 0.0 0.0 0.0 0.0 0.0 0.0 0.0 0.0 0.0 0.0 0.0 0.0 9.300000000000011 0.0 0.0 9.300000000000011 0.0 0.0 0.3 0.05 0.8 0.3 0.05 0.8 0.5 0.1 0.05
641 3.469183921813965 0.0 0.0 0.0 0.0 0.0 0.0 0.0 0.0 0.0 0.0 0.0 0.0 0.0 0.0 0.0 0.0 0.0 0.0 0.0 0.0 0.0 0.0 0.0 9.300000000000011 0.0 0.0 9.300000000000011 0.0 0.0 0.3 0.05 0.8 0.3 0.05 0.8 0.5 0.1 0.05
642 3.474517822265625 0.0 0.0 0.0 0.0 0.0 0.0 0.0 0.0 0.0 0.0 0.0 0.0 0.0 0.0 0.0 0.0 0.0 0.0 0.0 0.0 0.0 0.0 0.0 9.300000000000011 0.0 0.0 9.300000000000011 0.0 0.0 0.3 0.05 0.8 0.3 0.05 0.8 0.5 0.1 0.05
643 3.479825258255005 0.0 0.0 0.0 0.0 0.0 0.0 0.0 0.0 0.0 0.0 0.0 0.0 0.0 0.0 0.0 0.0 0.0 0.0 0.0 0.0 0.0 0.0 0.0 9.300000000000011 0.0 0.0 9.300000000000011 0.0 0.0 0.3 0.05 0.8 0.3 0.05 0.8 0.5 0.1 0.05
644 3.485175609588623 0.0 0.0 0.0 0.0 0.0 0.0 0.0 0.0 0.0 0.0 0.0 0.0 0.0 0.0 0.0 0.0 0.0 0.0 0.0 0.0 0.0 0.0 0.0 9.300000000000011 0.0 0.0 9.300000000000011 0.0 0.0 0.3 0.05 0.8 0.3 0.05 0.8 0.5 0.1 0.05
645 3.490615129470825 0.0 0.0 0.0 0.0 0.0 0.0 0.0 0.0 0.0 0.0 0.0 0.0 0.0 0.0 0.0 0.0 0.0 0.0 0.0 0.0 0.0 0.0 0.0 9.300000000000011 0.0 0.0 9.300000000000011 0.0 0.0 0.3 0.05 0.8 0.3 0.05 0.8 0.5 0.1 0.05
646 3.4958958625793457 0.0 0.0 0.0 0.0 0.0 0.0 0.0 0.0 0.0 0.0 0.0 0.0 0.0 0.0 0.0 0.0 0.0 0.0 0.0 0.0 0.0 0.0 0.0 9.300000000000011 0.0 0.0 9.300000000000011 0.0 0.0 0.3 0.05 0.8 0.3 0.05 0.8 0.5 0.1 0.05
647 3.501197338104248 0.0 0.0 0.0 0.0 0.0 0.0 0.0 0.0 0.0 0.0 0.0 0.0 0.0 0.0 0.0 0.0 0.0 0.0 0.0 0.0 0.0 0.0 0.0 9.300000000000011 0.0 0.0 9.300000000000011 0.0 0.0 0.3 0.05 0.8 0.3 0.05 0.8 0.5 0.1 0.05
648 3.5065510272979736 0.0 0.0 0.0 0.0 0.0 0.0 0.0 0.0 0.0 0.0 0.0 0.0 0.0 0.0 0.0 0.0 0.0 0.0 0.0 0.0 0.0 0.0 0.0 9.300000000000011 0.0 0.0 9.300000000000011 0.0 0.0 0.3 0.05 0.8 0.3 0.05 0.8 0.5 0.1 0.05
649 3.5117945671081543 0.0 0.0 0.0 0.0 0.0 0.0 0.0 0.0 0.0 0.0 0.0 0.0 0.0 0.0 0.0 0.0 0.0 0.0 0.0 0.0 0.0 0.0 0.0 9.300000000000011 0.0 0.0 9.300000000000011 0.0 0.0 0.3 0.05 0.8 0.3 0.05 0.8 0.5 0.1 0.05
650 3.517021656036377 0.0 0.0 0.0 0.0 0.0 0.0 0.0 0.0 0.0 0.0 0.0 0.0 0.0 0.0 0.0 0.0 0.0 0.0 0.0 0.0 0.0 0.0 0.0 9.300000000000011 0.0 0.0 9.300000000000011 0.0 0.0 0.3 0.05 0.8 0.3 0.05 0.8 0.5 0.1 0.05
651 3.522493839263916 0.0 0.0 0.0 0.0 0.0 0.0 0.0 0.0 0.0 0.0 0.0 0.0 0.0 0.0 0.0 0.0 0.0 0.0 0.0 0.0 0.0 0.0 0.0 9.300000000000011 0.0 0.0 9.300000000000011 0.0 0.0 0.3 0.05 0.8 0.3 0.05 0.8 0.5 0.1 0.05
652 3.527813196182251 0.0 0.0 0.0 0.0 0.0 0.0 0.0 0.0 0.0 0.0 0.0 0.0 0.0 0.0 0.0 0.0 0.0 0.0 0.0 0.0 0.0 0.0 0.0 9.300000000000011 0.0 0.0 9.300000000000011 0.0 0.0 0.3 0.05 0.8 0.3 0.05 0.8 0.5 0.1 0.05
653 3.533123254776001 0.0 0.0 0.0 0.0 0.0 0.0 0.0 0.0 0.0 0.0 0.0 0.0 0.0 0.0 0.0 0.0 0.0 0.0 0.0 0.0 0.0 0.0 0.0 9.300000000000011 0.0 0.0 9.300000000000011 0.0 0.0 0.3 0.05 0.8 0.3 0.05 0.8 0.5 0.1 0.05
654 3.5384092330932617 0.0 0.0 0.0 0.0 0.0 0.0 0.0 0.0 0.0 0.0 0.0 0.0 0.0 0.0 0.0 0.0 0.0 0.0 0.0 0.0 0.0 0.0 0.0 9.300000000000011 0.0 0.0 9.300000000000011 0.0 0.0 0.3 0.05 0.8 0.3 0.05 0.8 0.5 0.1 0.05
655 3.543752431869507 0.0 0.0 0.0 0.0 0.0 0.0 0.0 0.0 0.0 0.0 0.0 0.0 0.0 0.0 0.0 0.0 0.0 0.0 0.0 0.0 0.0 0.0 0.0 9.300000000000011 0.0 0.0 9.300000000000011 0.0 0.0 0.3 0.05 0.8 0.3 0.05 0.8 0.5 0.1 0.05
656 3.549058675765991 0.0 0.0 0.0 0.0 0.0 0.0 0.0 0.0 0.0 0.0 0.0 0.0 0.0 0.0 0.0 0.0 0.0 0.0 0.0 0.0 0.0 0.0 0.0 9.300000000000011 0.0 0.0 9.300000000000011 0.0 0.0 0.3 0.05 0.8 0.3 0.05 0.8 0.5 0.1 0.05
657 3.5545814037323 0.0 0.0 0.0 0.0 0.0 0.0 0.0 0.0 0.0 0.0 0.0 0.0 0.0 0.0 0.0 0.0 0.0 0.0 0.0 0.0 0.0 0.0 0.0 9.300000000000011 0.0 0.0 9.300000000000011 0.0 0.0 0.3 0.05 0.8 0.3 0.05 0.8 0.5 0.1 0.05
658 3.5599682331085205 0.0 0.0 0.0 0.0 0.0 0.0 0.0 0.0 0.0 0.0 0.0 0.0 0.0 0.0 0.0 0.0 0.0 0.0 0.0 0.0 0.0 0.0 0.0 9.300000000000011 0.0 0.0 9.300000000000011 0.0 0.0 0.3 0.05 0.8 0.3 0.05 0.8 0.5 0.1 0.05
659 3.565185308456421 0.0 0.0 0.0 0.0 0.0 0.0 0.0 0.0 0.0 0.0 0.0 0.0 0.0 0.0 0.0 0.0 0.0 0.0 0.0 0.0 0.0 0.0 0.0 9.300000000000011 0.0 0.0 9.300000000000011 0.0 0.0 0.3 0.05 0.8 0.3 0.05 0.8 0.5 0.1 0.05
660 3.5704123973846436 0.0 0.0 0.0 0.0 0.0 0.0 0.0 0.0 0.0 0.0 0.0 0.0 0.0 0.0 0.0 0.0 0.0 0.0 0.0 0.0 0.0 0.0 0.0 9.300000000000011 0.0 0.0 9.300000000000011 0.0 0.0 0.3 0.05 0.8 0.3 0.05 0.8 0.5 0.1 0.05
661 3.5758516788482666 0.0 0.0 0.0 0.0 0.0 0.0 0.0 0.0 0.0 0.0 0.0 0.0 0.0 0.0 0.0 0.0 0.0 0.0 0.0 0.0 0.0 0.0 0.0 9.300000000000011 0.0 0.0 9.300000000000011 0.0 0.0 0.3 0.05 0.8 0.3 0.05 0.8 0.5 0.1 0.05
662 3.5811970233917236 0.0 0.0 0.0 0.0 0.0 0.0 0.0 0.0 0.0 0.0 0.0 0.0 0.0 0.0 0.0 0.0 0.0 0.0 0.0 0.0 0.0 0.0 0.0 9.300000000000011 0.0 0.0 9.300000000000011 0.0 0.0 0.3 0.05 0.8 0.3 0.05 0.8 0.5 0.1 0.05
663 3.5864830017089844 0.0 0.0 0.0 0.0 0.0 0.0 0.0 0.0 0.0 0.0 0.0 0.0 0.0 0.0 0.0 0.0 0.0 0.0 0.0 0.0 0.0 0.0 0.0 9.300000000000011 0.0 0.0 9.300000000000011 0.0 0.0 0.3 0.05 0.8 0.3 0.05 0.8 0.5 0.1 0.05
664 3.591757297515869 0.0 0.0 0.0 0.0 0.0 0.0 0.0 0.0 0.0 0.0 0.0 0.0 0.0 0.0 0.0 0.0 0.0 0.0 0.0 0.0 0.0 0.0 0.0 9.300000000000011 0.0 0.0 9.300000000000011 0.0 0.0 0.3 0.05 0.8 0.3 0.05 0.8 0.5 0.1 0.05
665 3.597081422805786 0.0 0.0 0.0 0.0 0.0 0.0 0.0 0.0 0.0 0.0 0.0 0.0 0.0 0.0 0.0 0.0 0.0 0.0 0.0 0.0 0.0 0.0 0.0 9.300000000000011 0.0 0.0 9.300000000000011 0.0 0.0 0.3 0.05 0.8 0.3 0.05 0.8 0.5 0.1 0.05
666 3.6024510860443115 0.0 0.0 0.0 0.0 0.0 0.0 0.0 0.0 0.0 0.0 0.0 0.0 0.0 0.0 0.0 0.0 0.0 0.0 0.0 0.0 0.0 0.0 0.0 9.300000000000011 0.0 0.0 9.300000000000011 0.0 0.0 0.3 0.05 0.8 0.3 0.05 0.8 0.5 0.1 0.05
667 3.6078577041625977 0.0 0.0 0.0 0.0 0.0 0.0 0.0 0.0 0.0 0.0 0.0 0.0 0.0 0.0 0.0 0.0 0.0 0.0 0.0 0.0 0.0 0.0 0.0 9.300000000000011 0.0 0.0 9.300000000000011 0.0 0.0 0.3 0.05 0.8 0.3 0.05 0.8 0.5 0.1 0.05
668 3.6132235527038574 0.0 0.0 0.0 0.0 0.0 0.0 0.0 0.0 0.0 0.0 0.0 0.0 0.0 0.0 0.0 0.0 0.0 0.0 0.0 0.0 0.0 0.0 0.0 9.300000000000011 0.0 0.0 9.300000000000011 0.0 0.0 0.3 0.05 0.8 0.3 0.05 0.8 0.5 0.1 0.05
669 3.6185219287872314 0.0 0.0 0.0 0.0 0.0 0.0 0.0 0.0 0.0 0.0 0.0 0.0 0.0 0.0 0.0 0.0 0.0 0.0 0.0 0.0 0.0 0.0 0.0 9.300000000000011 0.0 0.0 9.300000000000011 0.0 0.0 0.3 0.05 0.8 0.3 0.05 0.8 0.5 0.1 0.05
670 3.623767614364624 0.0 0.0 0.0 0.0 0.0 0.0 0.0 0.0 0.0 0.0 0.0 0.0 0.0 0.0 0.0 0.0 0.0 0.0 0.0 0.0 0.0 0.0 0.0 9.300000000000011 0.0 0.0 9.300000000000011 0.0 0.0 0.3 0.05 0.8 0.3 0.05 0.8 0.5 0.1 0.05
671 3.629102945327759 0.0 0.0 0.0 0.0 0.0 0.0 0.0 0.0 0.0 0.0 0.0 0.0 0.0 0.0 0.0 0.0 0.0 0.0 0.0 0.0 0.0 0.0 0.0 9.300000000000011 0.0 0.0 9.300000000000011 0.0 0.0 0.3 0.05 0.8 0.3 0.05 0.8 0.5 0.1 0.05
672 3.634434700012207 0.0 0.0 0.0 0.0 0.0 0.0 0.0 0.0 0.0 0.0 0.0 0.0 0.0 0.0 0.0 0.0 0.0 0.0 0.0 0.0 0.0 0.0 0.0 9.300000000000011 0.0 0.0 9.300000000000011 0.0 0.0 0.3 0.05 0.8 0.3 0.05 0.8 0.5 0.1 0.05
673 3.639862537384033 0.0 0.0 0.0 0.0 0.0 0.0 0.0 0.0 0.0 0.0 0.0 0.0 0.0 0.0 0.0 0.0 0.0 0.0 0.0 0.0 0.0 0.0 0.0 9.300000000000011 0.0 0.0 9.300000000000011 0.0 0.0 0.3 0.05 0.8 0.3 0.05 0.8 0.5 0.1 0.05
674 3.645090103149414 0.0 0.0 0.0 0.0 0.0 0.0 0.0 0.0 0.0 0.0 0.0 0.0 0.0 0.0 0.0 0.0 0.0 0.0 0.0 0.0 0.0 0.0 0.0 9.300000000000011 0.0 0.0 9.300000000000011 0.0 0.0 0.3 0.05 0.8 0.3 0.05 0.8 0.5 0.1 0.05
675 3.6503403186798096 0.0 0.0 0.0 0.0 0.0 0.0 0.0 0.0 0.0 0.0 0.0 0.0 0.0 0.0 0.0 0.0 0.0 0.0 0.0 0.0 0.0 0.0 0.0 9.300000000000011 0.0 0.0 9.300000000000011 0.0 0.0 0.3 0.05 0.8 0.3 0.05 0.8 0.5 0.1 0.05
676 3.655576229095459 0.0 0.0 0.0 0.0 0.0 0.0 0.0 0.0 0.0 0.0 0.0 0.0 0.0 0.0 0.0 0.0 0.0 0.0 0.0 0.0 0.0 0.0 0.0 9.300000000000011 0.0 0.0 9.300000000000011 0.0 0.0 0.3 0.05 0.8 0.3 0.05 0.8 0.5 0.1 0.05
677 3.6608667373657227 0.0 0.0 0.0 0.0 0.0 0.0 0.0 0.0 0.0 0.0 0.0 0.0 0.0 0.0 0.0 0.0 0.0 0.0 0.0 0.0 0.0 0.0 0.0 9.300000000000011 0.0 0.0 9.300000000000011 0.0 0.0 0.3 0.05 0.8 0.3 0.05 0.8 0.5 0.1 0.05
678 3.666166067123413 0.0 0.0 0.0 0.0 0.0 0.0 0.0 0.0 0.0 0.0 0.0 0.0 0.0 0.0 0.0 0.0 0.0 0.0 0.0 0.0 0.0 0.0 0.0 9.300000000000011 0.0 0.0 9.300000000000011 0.0 0.0 0.3 0.05 0.8 0.3 0.05 0.8 0.5 0.1 0.05
679 3.6714179515838623 0.0 0.0 0.0 0.0 0.0 0.0 0.0 0.0 0.0 0.0 0.0 0.0 0.0 0.0 0.0 0.0 0.0 0.0 0.0 0.0 0.0 0.0 0.0 9.300000000000011 0.0 0.0 9.300000000000011 0.0 0.0 0.3 0.05 0.8 0.3 0.05 0.8 0.5 0.1 0.05
680 3.6767489910125732 0.0 0.0 0.0 0.0 0.0 0.0 0.0 0.0 0.0 0.0 0.0 0.0 0.0 0.0 0.0 0.0 0.0 0.0 0.0 0.0 0.0 0.0 0.0 9.300000000000011 0.0 0.0 9.300000000000011 0.0 0.0 0.3 0.05 0.8 0.3 0.05 0.8 0.5 0.1 0.05
681 3.682115077972412 0.0 0.0 0.0 0.0 0.0 0.0 0.0 0.0 0.0 0.0 0.0 0.0 0.0 0.0 0.0 0.0 0.0 0.0 0.0 0.0 0.0 0.0 0.0 9.300000000000011 0.0 0.0 9.300000000000011 0.0 0.0 0.3 0.05 0.8 0.3 0.05 0.8 0.5 0.1 0.05
682 3.687394380569458 0.0 0.0 0.0 0.0 0.0 0.0 0.0 0.0 0.0 0.0 0.0 0.0 0.0 0.0 0.0 0.0 0.0 0.0 0.0 0.0 0.0 0.0 0.0 9.300000000000011 0.0 0.0 9.300000000000011 0.0 0.0 0.3 0.05 0.8 0.3 0.05 0.8 0.5 0.1 0.05
683 3.6927237510681152 0.0 0.0 0.0 0.0 0.0 0.0 0.0 0.0 0.0 0.0 0.0 0.0 0.0 0.0 0.0 0.0 0.0 0.0 0.0 0.0 0.0 0.0 0.0 9.300000000000011 0.0 0.0 9.300000000000011 0.0 0.0 0.3 0.05 0.8 0.3 0.05 0.8 0.5 0.1 0.05
684 3.6979713439941406 0.0 0.0 0.0 0.0 0.0 0.0 0.0 0.0 0.0 0.0 0.0 0.0 0.0 0.0 0.0 0.0 0.0 0.0 0.0 0.0 0.0 0.0 0.0 9.300000000000011 0.0 0.0 9.300000000000011 0.0 0.0 0.3 0.05 0.8 0.3 0.05 0.8 0.5 0.1 0.05
685 3.7032032012939453 0.0 0.0 0.0 0.0 0.0 0.0 0.0 0.0 0.0 0.0 0.0 0.0 0.0 0.0 0.0 0.0 0.0 0.0 0.0 0.0 0.0 0.0 0.0 9.300000000000011 0.0 0.0 9.300000000000011 0.0 0.0 0.3 0.05 0.8 0.3 0.05 0.8 0.5 0.1 0.05
686 3.7084238529205322 0.0 0.0 0.0 0.0 0.0 0.0 0.0 0.0 0.0 0.0 0.0 0.0 0.0 0.0 0.0 0.0 0.0 0.0 0.0 0.0 0.0 0.0 0.0 9.300000000000011 0.0 0.0 9.300000000000011 0.0 0.0 0.3 0.05 0.8 0.3 0.05 0.8 0.5 0.1 0.05
687 3.7138490676879883 0.0 0.0 0.0 0.0 0.0 0.0 0.0 0.0 0.0 0.0 0.0 0.0 0.0 0.0 0.0 0.0 0.0 0.0 0.0 0.0 0.0 0.0 0.0 9.300000000000011 0.0 0.0 9.300000000000011 0.0 0.0 0.3 0.05 0.8 0.3 0.05 0.8 0.5 0.1 0.05
688 3.7191107273101807 0.0 0.0 0.0 0.0 0.0 0.0 0.0 0.0 0.0 0.0 0.0 0.0 0.0 0.0 0.0 0.0 0.0 0.0 0.0 0.0 0.0 0.0 0.0 9.300000000000011 0.0 0.0 9.300000000000011 0.0 0.0 0.3 0.05 0.8 0.3 0.05 0.8 0.5 0.1 0.05
689 3.724458932876587 0.0 0.0 0.0 0.0 0.0 0.0 0.0 0.0 0.0 0.0 0.0 0.0 0.0 0.0 0.0 0.0 0.0 0.0 0.0 0.0 0.0 0.0 0.0 9.300000000000011 0.0 0.0 9.300000000000011 0.0 0.0 0.3 0.05 0.8 0.3 0.05 0.8 0.5 0.1 0.05
690 3.7297911643981934 0.0 0.0 0.0 0.0 0.0 0.0 0.0 0.0 0.0 0.0 0.0 0.0 0.0 0.0 0.0 0.0 0.0 0.0 0.0 0.0 0.0 0.0 0.0 9.300000000000011 0.0 0.0 9.300000000000011 0.0 0.0 0.3 0.05 0.8 0.3 0.05 0.8 0.5 0.1 0.05
691 3.7351770401000977 0.0 0.0 0.0 0.0 0.0 0.0 0.0 0.0 0.0 0.0 0.0 0.0 0.0 0.0 0.0 0.0 0.0 0.0 0.0 0.0 0.0 0.0 0.0 9.300000000000011 0.0 0.0 9.300000000000011 0.0 0.0 0.3 0.05 0.8 0.3 0.05 0.8 0.5 0.1 0.05
692 3.740605354309082 0.0 0.0 0.0 0.0 0.0 0.0 0.0 0.0 0.0 0.0 0.0 0.0 0.0 0.0 0.0 0.0 0.0 0.0 0.0 0.0 0.0 0.0 0.0 9.300000000000011 0.0 0.0 9.300000000000011 0.0 0.0 0.3 0.05 0.8 0.3 0.05 0.8 0.5 0.1 0.05
693 3.7459285259246826 0.0 0.0 0.0 0.0 0.0 0.0 0.0 0.0 0.0 0.0 0.0 0.0 0.0 0.0 0.0 0.0 0.0 0.0 0.0 0.0 0.0 0.0 0.0 9.300000000000011 0.0 0.0 9.300000000000011 0.0 0.0 0.3 0.05 0.8 0.3 0.05 0.8 0.5 0.1 0.05
694 3.7511954307556152 0.0 0.0 0.0 0.0 0.0 0.0 0.0 0.0 0.0 0.0 0.0 0.0 0.0 0.0 0.0 0.0 0.0 0.0 0.0 0.0 0.0 0.0 0.0 9.300000000000011 0.0 0.0 9.300000000000011 0.0 0.0 0.3 0.05 0.8 0.3 0.05 0.8 0.5 0.1 0.05
695 3.756453275680542 0.0 0.0 0.0 0.0 0.0 0.0 0.0 0.0 0.0 0.0 0.0 0.0 0.0 0.0 0.0 0.0 0.0 0.0 0.0 0.0 0.0 0.0 0.0 9.300000000000011 0.0 0.0 9.300000000000011 0.0 0.0 0.3 0.05 0.8 0.3 0.05 0.8 0.5 0.1 0.05
696 3.7617578506469727 0.0 0.0 0.0 0.0 0.0 0.0 0.0 0.0 0.0 0.0 0.0 0.0 0.0 0.0 0.0 0.0 0.0 0.0 0.0 0.0 0.0 0.0 0.0 9.300000000000011 0.0 0.0 9.300000000000011 0.0 0.0 0.3 0.05 0.8 0.3 0.05 0.8 0.5 0.1 0.05
697 3.76704478263855 0.0 0.0 0.0 0.0 0.0 0.0 0.0 0.0 0.0 0.0 0.0 0.0 0.0 0.0 0.0 0.0 0.0 0.0 0.0 0.0 0.0 0.0 0.0 9.300000000000011 0.0 0.0 9.300000000000011 0.0 0.0 0.3 0.05 0.8 0.3 0.05 0.8 0.5 0.1 0.05
698 3.772272825241089 0.0 0.0 0.0 0.0 0.0 0.0 0.0 0.0 0.0 0.0 0.0 0.0 0.0 0.0 0.0 0.0 0.0 0.0 0.0 0.0 0.0 0.0 0.0 9.300000000000011 0.0 0.0 9.300000000000011 0.0 0.0 0.3 0.05 0.8 0.3 0.05 0.8 0.5 0.1 0.05
699 3.777519702911377 0.0 0.0 0.0 0.0 0.0 0.0 0.0 0.0 0.0 0.0 0.0 0.0 0.0 0.0 0.0 0.0 0.0 0.0 0.0 0.0 0.0 0.0 0.0 9.300000000000011 0.0 0.0 9.300000000000011 0.0 0.0 0.3 0.05 0.8 0.3 0.05 0.8 0.5 0.1 0.05
700 3.782752513885498 0.0 0.0 0.0 0.0 0.0 0.0 0.0 0.0 0.0 0.0 0.0 0.0 0.0 0.0 0.0 0.0 0.0 0.0 0.0 0.0 0.0 0.0 0.0 9.300000000000011 0.0 0.0 9.300000000000011 0.0 0.0 0.3 0.05 0.8 0.3 0.05 0.8 0.5 0.1 0.05
701 3.788092851638794 0.0 0.0 0.0 0.0 0.0 0.0 0.0 0.0 0.0 0.0 0.0 0.0 0.0 0.0 0.0 0.0 0.0 0.0 0.0 0.0 0.0 0.0 0.0 9.300000000000011 0.0 0.0 9.300000000000011 0.0 0.0 0.3 0.05 0.8 0.3 0.05 0.8 0.5 0.1 0.05
702 3.793363094329834 0.0 0.0 0.0 0.0 0.0 0.0 0.0 0.0 0.0 0.0 0.0 0.0 0.0 0.0 0.0 0.0 0.0 0.0 0.0 0.0 0.0 0.0 0.0 9.300000000000011 0.0 0.0 9.300000000000011 0.0 0.0 0.3 0.05 0.8 0.3 0.05 0.8 0.5 0.1 0.05
703 3.7987287044525146 0.0 0.0 0.0 0.0 0.0 0.0 0.0 0.0 0.0 0.0 0.0 0.0 0.0 0.0 0.0 0.0 0.0 0.0 0.0 0.0 0.0 0.0 0.0 9.300000000000011 0.0 0.0 9.300000000000011 0.0 0.0 0.3 0.05 0.8 0.3 0.05 0.8 0.5 0.1 0.05
704 3.8040831089019775 0.0 0.0 0.0 0.0 0.0 0.0 0.0 0.0 0.0 0.0 0.0 0.0 0.0 0.0 0.0 0.0 0.0 0.0 0.0 0.0 0.0 0.0 0.0 9.300000000000011 0.0 0.0 9.300000000000011 0.0 0.0 0.3 0.05 0.8 0.3 0.05 0.8 0.5 0.1 0.05
705 3.8095109462738037 0.0 0.0 0.0 0.0 0.0 0.0 0.0 0.0 0.0 0.0 0.0 0.0 0.0 0.0 0.0 0.0 0.0 0.0 0.0 0.0 0.0 0.0 0.0 9.300000000000011 0.0 0.0 9.300000000000011 0.0 0.0 0.3 0.05 0.8 0.3 0.05 0.8 0.5 0.1 0.05
706 3.8148889541625977 0.0 0.0 0.0 0.0 0.0 0.0 0.0 0.0 0.0 0.0 0.0 0.0 0.0 0.0 0.0 0.0 0.0 0.0 0.0 0.0 0.0 0.0 0.0 9.300000000000011 0.0 0.0 9.300000000000011 0.0 0.0 0.3 0.05 0.8 0.3 0.05 0.8 0.5 0.1 0.05
707 3.8201568126678467 0.0 0.0 0.0 0.0 0.0 0.0 0.0 0.0 0.0 0.0 0.0 0.0 0.0 0.0 0.0 0.0 0.0 0.0 0.0 0.0 0.0 0.0 0.0 9.300000000000011 0.0 0.0 9.300000000000011 0.0 0.0 0.3 0.05 0.8 0.3 0.05 0.8 0.5 0.1 0.05
708 3.825423240661621 0.0 0.0 0.0 0.0 0.0 0.0 0.0 0.0 0.0 0.0 0.0 0.0 0.0 0.0 0.0 0.0 0.0 0.0 0.0 0.0 0.0 0.0 0.0 9.300000000000011 0.0 0.0 9.300000000000011 0.0 0.0 0.3 0.05 0.8 0.3 0.05 0.8 0.5 0.1 0.05
709 3.830700397491455 0.0 0.0 0.0 0.0 0.0 0.0 0.0 0.0 0.0 0.0 0.0 0.0 0.0 0.0 0.0 0.0 0.0 0.0 0.0 0.0 0.0 0.0 0.0 9.300000000000011 0.0 0.0 9.300000000000011 0.0 0.0 0.3 0.05 0.8 0.3 0.05 0.8 0.5 0.1 0.05
710 3.8359451293945312 0.0 0.0 0.0 0.0 0.0 0.0 0.0 0.0 0.0 0.0 0.0 0.0 0.0 0.0 0.0 0.0 0.0 0.0 0.0 0.0 0.0 0.0 0.0 9.300000000000011 0.0 0.0 9.300000000000011 0.0 0.0 0.3 0.05 0.8 0.3 0.05 0.8 0.5 0.1 0.05
711 3.841310977935791 0.0 0.0 0.0 0.0 0.0 0.0 0.0 0.0 0.0 0.0 0.0 0.0 0.0 0.0 0.0 0.0 0.0 0.0 0.0 0.0 0.0 0.0 0.0 9.300000000000011 0.0 0.0 9.300000000000011 0.0 0.0 0.3 0.05 0.8 0.3 0.05 0.8 0.5 0.1 0.05
712 3.8466575145721436 0.0 0.0 0.0 0.0 0.0 0.0 0.0 0.0 0.0 0.0 0.0 0.0 0.0 0.0 0.0 0.0 0.0 0.0 0.0 0.0 0.0 0.0 0.0 9.300000000000011 0.0 0.0 9.300000000000011 0.0 0.0 0.3 0.05 0.8 0.3 0.05 0.8 0.5 0.1 0.05
713 3.851966619491577 0.0 0.0 0.0 0.0 0.0 0.0 0.0 0.0 0.0 0.0 0.0 0.0 0.0 0.0 0.0 0.0 0.0 0.0 0.0 0.0 0.0 0.0 0.0 9.300000000000011 0.0 0.0 9.300000000000011 0.0 0.0 0.3 0.05 0.8 0.3 0.05 0.8 0.5 0.1 0.05
714 3.8572018146514893 0.0 0.0 0.0 0.0 0.0 0.0 0.0 0.0 0.0 0.0 0.0 0.0 0.0 0.0 0.0 0.0 0.0 0.0 0.0 0.0 0.0 0.0 0.0 9.300000000000011 0.0 0.0 9.300000000000011 0.0 0.0 0.3 0.05 0.8 0.3 0.05 0.8 0.5 0.1 0.05
715 3.862570285797119 0.0 0.0 0.0 0.0 0.0 0.0 0.0 0.0 0.0 0.0 0.0 0.0 0.0 0.0 0.0 0.0 0.0 0.0 0.0 0.0 0.0 0.0 0.0 9.300000000000011 0.0 0.0 9.300000000000011 0.0 0.0 0.3 0.05 0.8 0.3 0.05 0.8 0.5 0.1 0.05
716 3.8678579330444336 0.0 0.0 0.0 0.0 0.0 0.0 0.0 0.0 0.0 0.0 0.0 0.0 0.0 0.0 0.0 0.0 0.0 0.0 0.0 0.0 0.0 0.0 0.0 9.300000000000011 0.0 0.0 9.300000000000011 0.0 0.0 0.3 0.05 0.8 0.3 0.05 0.8 0.5 0.1 0.05
717 3.8730814456939697 0.0 0.0 0.0 0.0 0.0 0.0 0.0 0.0 0.0 0.0 0.0 0.0 0.0 0.0 0.0 0.0 0.0 0.0 0.0 0.0 0.0 0.0 0.0 9.300000000000011 0.0 0.0 9.300000000000011 0.0 0.0 0.3 0.05 0.8 0.3 0.05 0.8 0.5 0.1 0.05
718 3.8784239292144775 0.0 0.0 0.0 0.0 0.0 0.0 0.0 0.0 0.0 0.0 0.0 0.0 0.0 0.0 0.0 0.0 0.0 0.0 0.0 0.0 0.0 0.0 0.0 9.300000000000011 0.0 0.0 9.300000000000011 0.0 0.0 0.3 0.05 0.8 0.3 0.05 0.8 0.5 0.1 0.05
719 3.883657455444336 0.0 0.0 0.0 0.0 0.0 0.0 0.0 0.0 0.0 0.0 0.0 0.0 0.0 0.0 0.0 0.0 0.0 0.0 0.0 0.0 0.0 0.0 0.0 9.300000000000011 0.0 0.0 9.300000000000011 0.0 0.0 0.3 0.05 0.8 0.3 0.05 0.8 0.5 0.1 0.05
720 3.8888466358184814 0.0 0.0 0.0 0.0 0.0 0.0 0.0 0.0 0.0 0.0 0.0 0.0 0.0 0.0 0.0 0.0 0.0 0.0 0.0 0.0 0.0 0.0 0.0 9.300000000000011 0.0 0.0 9.300000000000011 0.0 0.0 0.3 0.05 0.8 0.3 0.05 0.8 0.5 0.1 0.05
721 3.8941590785980225 0.0 0.0 0.0 0.0 0.0 0.0 0.0 0.0 0.0 0.0 0.0 0.0 0.0 0.0 0.0 0.0 0.0 0.0 0.0 0.0 0.0 0.0 0.0 9.300000000000011 0.0 0.0 9.300000000000011 0.0 0.0 0.3 0.05 0.8 0.3 0.05 0.8 0.5 0.1 0.05
722 3.8994174003601074 0.0 0.0 0.0 0.0 0.0 0.0 0.0 0.0 0.0 0.0 0.0 0.0 0.0 0.0 0.0 0.0 0.0 0.0 0.0 0.0 0.0 0.0 0.0 9.300000000000011 0.0 0.0 9.300000000000011 0.0 0.0 0.3 0.05 0.8 0.3 0.05 0.8 0.5 0.1 0.05
723 3.904741048812866 0.0 0.0 0.0 0.0 0.0 0.0 0.0 0.0 0.0 0.0 0.0 0.0 0.0 0.0 0.0 0.0 0.0 0.0 0.0 0.0 0.0 0.0 0.0 9.300000000000011 0.0 0.0 9.300000000000011 0.0 0.0 0.3 0.05 0.8 0.3 0.05 0.8 0.5 0.1 0.05
724 3.9100260734558105 0.0 0.0 0.0 0.0 0.0 0.0 0.0 0.0 0.0 0.0 0.0 0.0 0.0 0.0 0.0 0.0 0.0 0.0 0.0 0.0 0.0 0.0 0.0 9.300000000000011 0.0 0.0 9.300000000000011 0.0 0.0 0.3 0.05 0.8 0.3 0.05 0.8 0.5 0.1 0.05
725 3.9153411388397217 0.0 0.0 0.0 0.0 0.0 0.0 0.0 0.0 0.0 0.0 0.0 0.0 0.0 0.0 0.0 0.0 0.0 0.0 0.0 0.0 0.0 0.0 0.0 9.300000000000011 0.0 0.0 9.300000000000011 0.0 0.0 0.3 0.05 0.8 0.3 0.05 0.8 0.5 0.1 0.05
726 3.9206314086914062 0.0 0.0 0.0 0.0 0.0 0.0 0.0 0.0 0.0 0.0 0.0 0.0 0.0 0.0 0.0 0.0 0.0 0.0 0.0 0.0 0.0 0.0 0.0 9.300000000000011 0.0 0.0 9.300000000000011 0.0 0.0 0.3 0.05 0.8 0.3 0.05 0.8 0.5 0.1 0.05
727 3.9259655475616455 0.0 0.0 0.0 0.0 0.0 0.0 0.0 0.0 0.0 0.0 0.0 0.0 0.0 0.0 0.0 0.0 0.0 0.0 0.0 0.0 0.0 0.0 0.0 9.300000000000011 0.0 0.0 9.300000000000011 0.0 0.0 0.3 0.05 0.8 0.3 0.05 0.8 0.5 0.1 0.05
728 3.931205987930298 0.0 0.0 0.0 0.0 0.0 0.0 0.0 0.0 0.0 0.0 0.0 0.0 0.0 0.0 0.0 0.0 0.0 0.0 0.0 0.0 0.0 0.0 0.0 9.300000000000011 0.0 0.0 9.300000000000011 0.0 0.0 0.3 0.05 0.8 0.3 0.05 0.8 0.5 0.1 0.05
729 3.936426877975464 0.0 0.0 0.0 0.0 0.0 0.0 0.0 0.0 0.0 0.0 0.0 0.0 0.0 0.0 0.0 0.0 0.0 0.0 0.0 0.0 0.0 0.0 0.0 9.300000000000011 0.0 0.0 9.300000000000011 0.0 0.0 0.3 0.05 0.8 0.3 0.05 0.8 0.5 0.1 0.05
730 3.9416487216949463 0.0 0.0 0.0 0.0 0.0 0.0 0.0 0.0 0.0 0.0 0.0 0.0 0.0 0.0 0.0 0.0 0.0 0.0 0.0 0.0 0.0 0.0 0.0 9.300000000000011 0.0 0.0 9.300000000000011 0.0 0.0 0.3 0.05 0.8 0.3 0.05 0.8 0.5 0.1 0.05
731 3.947068452835083 0.0 0.0 0.0 0.0 0.0 0.0 0.0 0.0 0.0 0.0 0.0 0.0 0.0 0.0 0.0 0.0 0.0 0.0 0.0 0.0 0.0 0.0 0.0 9.300000000000011 0.0 0.0 9.300000000000011 0.0 0.0 0.3 0.05 0.8 0.3 0.05 0.8 0.5 0.1 0.05
732 3.952346086502075 0.0 0.0 0.0 0.0 0.0 0.0 0.0 0.0 0.0 0.0 0.0 0.0 0.0 0.0 0.0 0.0 0.0 0.0 0.0 0.0 0.0 0.0 0.0 9.300000000000011 0.0 0.0 9.300000000000011 0.0 0.0 0.3 0.05 0.8 0.3 0.05 0.8 0.5 0.1 0.05
733 3.9576547145843506 0.0 0.0 0.0 0.0 0.0 0.0 0.0 0.0 0.0 0.0 0.0 0.0 0.0 0.0 0.0 0.0 0.0 0.0 0.0 0.0 0.0 0.0 0.0 9.300000000000011 0.0 0.0 9.300000000000011 0.0 0.0 0.3 0.05 0.8 0.3 0.05 0.8 0.5 0.1 0.05
734 3.9629008769989014 0.0 0.0 0.0 0.0 0.0 0.0 0.0 0.0 0.0 0.0 0.0 0.0 0.0 0.0 0.0 0.0 0.0 0.0 0.0 0.0 0.0 0.0 0.0 9.300000000000011 0.0 0.0 9.300000000000011 0.0 0.0 0.3 0.05 0.8 0.3 0.05 0.8 0.5 0.1 0.05
735 3.9681284427642822 0.0 0.0 0.0 0.0 0.0 0.0 0.0 0.0 0.0 0.0 0.0 0.0 0.0 0.0 0.0 0.0 0.0 0.0 0.0 0.0 0.0 0.0 0.0 9.300000000000011 0.0 0.0 9.300000000000011 0.0 0.0 0.3 0.05 0.8 0.3 0.05 0.8 0.5 0.1 0.05
736 3.973355531692505 0.0 0.0 0.0 0.0 0.0 0.0 0.0 0.0 0.0 0.0 0.0 0.0 0.0 0.0 0.0 0.0 0.0 0.0 0.0 0.0 0.0 0.0 0.0 9.300000000000011 0.0 0.0 9.300000000000011 0.0 0.0 0.3 0.05 0.8 0.3 0.05 0.8 0.5 0.1 0.05
737 3.978566884994507 0.0 0.0 0.0 0.0 0.0 0.0 0.0 0.0 0.0 0.0 0.0 0.0 0.0 0.0 0.0 0.0 0.0 0.0 0.0 0.0 0.0 0.0 0.0 9.300000000000011 0.0 0.0 9.300000000000011 0.0 0.0 0.3 0.05 0.8 0.3 0.05 0.8 0.5 0.1 0.05
738 3.9837708473205566 0.0 0.0 0.0 0.0 0.0 0.0 0.0 0.0 0.0 0.0 0.0 0.0 0.0 0.0 0.0 0.0 0.0 0.0 0.0 0.0 0.0 0.0 0.0 9.300000000000011 0.0 0.0 9.300000000000011 0.0 0.0 0.3 0.05 0.8 0.3 0.05 0.8 0.5 0.1 0.05
739 3.9890332221984863 0.0 0.0 0.0 0.0 0.0 0.0 0.0 0.0 0.0 0.0 0.0 0.0 0.0 0.0 0.0 0.0 0.0 0.0 0.0 0.0 0.0 0.0 0.0 9.300000000000011 0.0 0.0 9.300000000000011 0.0 0.0 0.3 0.05 0.8 0.3 0.05 0.8 0.5 0.1 0.05
740 3.994364023208618 0.0 0.0 0.0 0.0 0.0 0.0 0.0 0.0 0.0 0.0 0.0 0.0 0.0 0.0 0.0 0.0 0.0 0.0 0.0 0.0 0.0 0.0 0.0 9.300000000000011 0.0 0.0 9.300000000000011 0.0 0.0 0.3 0.05 0.8 0.3 0.05 0.8 0.5 0.1 0.05
741 3.9997425079345703 0.0 0.0 0.0 0.0 0.0 0.0 0.0 0.0 0.0 0.0 0.0 0.0 0.0 0.0 0.0 0.0 0.0 0.0 0.0 0.0 0.0 0.0 0.0 9.300000000000011 0.0 0.0 9.300000000000011 0.0 0.0 0.3 0.05 0.8 0.3 0.05 0.8 0.5 0.1 0.05
742 4.00510573387146 0.0 0.0 0.0 0.0 0.0 0.0 0.0 0.0 0.0 0.0 0.0 0.0 0.0 0.0 0.0 0.0 0.0 0.0 0.0 0.0 0.0 0.0 0.0 9.300000000000011 0.0 0.0 9.300000000000011 0.0 0.0 0.3 0.05 0.8 0.3 0.05 0.8 0.5 0.1 0.05
743 4.010396480560303 0.0 0.0 0.0 0.0 0.0 0.0 0.0 0.0 0.0 0.0 0.0 0.0 0.0 0.0 0.0 0.0 0.0 0.0 0.0 0.0 0.0 0.0 0.0 9.300000000000011 0.0 0.0 9.300000000000011 0.0 0.0 0.3 0.05 0.8 0.3 0.05 0.8 0.5 0.1 0.05
744 4.015618562698364 0.0 0.0 0.0 0.0 0.0 0.0 0.0 0.0 0.0 0.0 0.0 0.0 0.0 0.0 0.0 0.0 0.0 0.0 0.0 0.0 0.0 0.0 0.0 9.300000000000011 0.0 0.0 9.300000000000011 0.0 0.0 0.3 0.05 0.8 0.3 0.05 0.8 0.5 0.1 0.05
745 4.0209128856658936 0.0 0.0 0.0 0.0 0.0 0.0 0.0 0.0 0.0 0.0 0.0 0.0 0.0 0.0 0.0 0.0 0.0 0.0 0.0 0.0 0.0 0.0 0.0 9.300000000000011 0.0 0.0 9.300000000000011 0.0 0.0 0.3 0.05 0.8 0.3 0.05 0.8 0.5 0.1 0.05
746 4.026152849197388 0.0 0.0 0.0 0.0 0.0 0.0 0.0 0.0 0.0 0.0 0.0 0.0 0.0 0.0 0.0 0.0 0.0 0.0 0.0 0.0 0.0 0.0 0.0 9.300000000000011 0.0 0.0 9.300000000000011 0.0 0.0 0.3 0.05 0.8 0.3 0.05 0.8 0.5 0.1 0.05
747 4.0313661098480225 0.0 0.0 0.0 0.0 0.0 0.0 0.0 0.0 0.0 0.0 0.0 0.0 0.0 0.0 0.0 0.0 0.0 0.0 0.0 0.0 0.0 0.0 0.0 9.300000000000011 0.0 0.0 9.300000000000011 0.0 0.0 0.3 0.05 0.8 0.3 0.05 0.8 0.5 0.1 0.05
748 4.0365681648254395 0.0 0.0 0.0 0.0 0.0 0.0 0.0 0.0 0.0 0.0 0.0 0.0 0.0 0.0 0.0 0.0 0.0 0.0 0.0 0.0 0.0 0.0 0.0 9.300000000000011 0.0 0.0 9.300000000000011 0.0 0.0 0.3 0.05 0.8 0.3 0.05 0.8 0.5 0.1 0.05
749 4.041818141937256 0.0 0.0 0.0 0.0 0.0 0.0 0.0 0.0 0.0 0.0 0.0 0.0 0.0 0.0 0.0 0.0 0.0 0.0 0.0 0.0 0.0 0.0 0.0 9.300000000000011 0.0 0.0 9.300000000000011 0.0 0.0 0.3 0.05 0.8 0.3 0.05 0.8 0.5 0.1 0.05
750 4.047115087509155 0.0 0.0 0.0 0.0 0.0 0.0 0.0 0.0 0.0 0.0 0.0 0.0 0.0 0.0 0.0 0.0 0.0 0.0 0.0 0.0 0.0 0.0 0.0 9.300000000000011 0.0 0.0 9.300000000000011 0.0 0.0 0.3 0.05 0.8 0.3 0.05 0.8 0.5 0.1 0.05
751 4.052554607391357 0.0 0.0 0.0 0.0 0.0 0.0 0.0 0.0 0.0 0.0 0.0 0.0 0.0 0.0 0.0 0.0 0.0 0.0 0.0 0.0 0.0 0.0 0.0 9.300000000000011 0.0 0.0 9.300000000000011 0.0 0.0 0.3 0.05 0.8 0.3 0.05 0.8 0.5 0.1 0.05
752 4.057827472686768 0.0 0.0 0.0 0.0 0.0 0.0 0.0 0.0 0.0 0.0 0.0 0.0 0.0 0.0 0.0 0.0 0.0 0.0 0.0 0.0 0.0 0.0 0.0 9.300000000000011 0.0 0.0 9.300000000000011 0.0 0.0 0.3 0.05 0.8 0.3 0.05 0.8 0.5 0.1 0.05
753 4.063137769699097 0.0 0.0 0.0 0.0 0.0 0.0 0.0 0.0 0.0 0.0 0.0 0.0 0.0 0.0 0.0 0.0 0.0 0.0 0.0 0.0 0.0 0.0 0.0 9.300000000000011 0.0 0.0 9.300000000000011 0.0 0.0 0.3 0.05 0.8 0.3 0.05 0.8 0.5 0.1 0.05
754 4.068512916564941 0.0 0.0 0.0 0.0 0.0 0.0 0.0 0.0 0.0 0.0 0.0 0.0 0.0 0.0 0.0 0.0 0.0 0.0 0.0 0.0 0.0 0.0 0.0 9.300000000000011 0.0 0.0 9.300000000000011 0.0 0.0 0.3 0.05 0.8 0.3 0.05 0.8 0.5 0.1 0.05
755 4.073753118515015 0.0 0.0 0.0 0.0 0.0 0.0 0.0 0.0 0.0 0.0 0.0 0.0 0.0 0.0 0.0 0.0 0.0 0.0 0.0 0.0 0.0 0.0 0.0 9.300000000000011 0.0 0.0 9.300000000000011 0.0 0.0 0.3 0.05 0.8 0.3 0.05 0.8 0.5 0.1 0.05
756 4.0789735317230225 0.0 0.0 0.0 0.0 0.0 0.0 0.0 0.0 0.0 0.0 0.0 0.0 0.0 0.0 0.0 0.0 0.0 0.0 0.0 0.0 0.0 0.0 0.0 9.300000000000011 0.0 0.0 9.300000000000011 0.0 0.0 0.3 0.05 0.8 0.3 0.05 0.8 0.5 0.1 0.05
757 4.084323406219482 0.0 0.0 0.0 0.0 0.0 0.0 0.0 0.0 0.0 0.0 0.0 0.0 0.0 0.0 0.0 0.0 0.0 0.0 0.0 0.0 0.0 0.0 0.0 9.300000000000011 0.0 0.0 9.300000000000011 0.0 0.0 0.3 0.05 0.8 0.3 0.05 0.8 0.5 0.1 0.05
758 4.089569091796875 0.0 0.0 0.0 0.0 0.0 0.0 0.0 0.0 0.0 0.0 0.0 0.0 0.0 0.0 0.0 0.0 0.0 0.0 0.0 0.0 0.0 0.0 0.0 9.300000000000011 0.0 0.0 9.300000000000011 0.0 0.0 0.3 0.05 0.8 0.3 0.05 0.8 0.5 0.1 0.05
759 4.094770669937134 0.0 0.0 0.0 0.0 0.0 0.0 0.0 0.0 0.0 0.0 0.0 0.0 0.0 0.0 0.0 0.0 0.0 0.0 0.0 0.0 0.0 0.0 0.0 9.300000000000011 0.0 0.0 9.300000000000011 0.0 0.0 0.3 0.05 0.8 0.3 0.05 0.8 0.5 0.1 0.05
760 4.099965572357178 0.0 0.0 0.0 0.0 0.0 0.0 0.0 0.0 0.0 0.0 0.0 0.0 0.0 0.0 0.0 0.0 0.0 0.0 0.0 0.0 0.0 0.0 0.0 9.300000000000011 0.0 0.0 9.300000000000011 0.0 0.0 0.3 0.05 0.8 0.3 0.05 0.8 0.5 0.1 0.05
761 4.105319261550903 0.0 0.0 0.0 0.0 0.0 0.0 0.0 0.0 0.0 0.0 0.0 0.0 0.0 0.0 0.0 0.0 0.0 0.0 0.0 0.0 0.0 0.0 0.0 9.300000000000011 0.0 0.0 9.300000000000011 0.0 0.0 0.3 0.05 0.8 0.3 0.05 0.8 0.5 0.1 0.05
762 4.110567808151245 0.0 0.0 0.0 0.0 0.0 0.0 0.0 0.0 0.0 0.0 0.0 0.0 0.0 0.0 0.0 0.0 0.0 0.0 0.0 0.0 0.0 0.0 0.0 9.300000000000011 0.0 0.0 9.300000000000011 0.0 0.0 0.3 0.05 0.8 0.3 0.05 0.8 0.5 0.1 0.05
763 4.115861654281616 0.0 0.0 0.0 0.0 0.0 0.0 0.0 0.0 0.0 0.0 0.0 0.0 0.0 0.0 0.0 0.0 0.0 0.0 0.0 0.0 0.0 0.0 0.0 9.300000000000011 0.0 0.0 9.300000000000011 0.0 0.0 0.3 0.05 0.8 0.3 0.05 0.8 0.5 0.1 0.05
764 4.121236085891724 0.0 0.0 0.0 0.0 0.0 0.0 0.0 0.0 0.0 0.0 0.0 0.0 0.0 0.0 0.0 0.0 0.0 0.0 0.0 0.0 0.0 0.0 0.0 9.300000000000011 0.0 0.0 9.300000000000011 0.0 0.0 0.3 0.05 0.8 0.3 0.05 0.8 0.5 0.1 0.05
765 4.126593351364136 0.0 0.0 0.0 0.0 0.0 0.0 0.0 0.0 0.0 0.0 0.0 0.0 0.0 0.0 0.0 0.0 0.0 0.0 0.0 0.0 0.0 0.0 0.0 9.300000000000011 0.0 0.0 9.300000000000011 0.0 0.0 0.3 0.05 0.8 0.3 0.05 0.8 0.5 0.1 0.05
766 4.131901979446411 0.0 0.0 0.0 0.0 0.0 0.0 0.0 0.0 0.0 0.0 0.0 0.0 0.0 0.0 0.0 0.0 0.0 0.0 0.0 0.0 0.0 0.0 0.0 9.300000000000011 0.0 0.0 9.300000000000011 0.0 0.0 0.3 0.05 0.8 0.3 0.05 0.8 0.5 0.1 0.05
767 4.1371378898620605 0.0 0.0 0.0 0.0 0.0 0.0 0.0 0.0 0.0 0.0 0.0 0.0 0.0 0.0 0.0 0.0 0.0 0.0 0.0 0.0 0.0 0.0 0.0 9.300000000000011 0.0 0.0 9.300000000000011 0.0 0.0 0.3 0.05 0.8 0.3 0.05 0.8 0.5 0.1 0.05
768 4.14240837097168 0.0 0.0 0.0 0.0 0.0 0.0 0.0 0.0 0.0 0.0 0.0 0.0 0.0 0.0 0.0 0.0 0.0 0.0 0.0 0.0 0.0 0.0 0.0 9.300000000000011 0.0 0.0 9.300000000000011 0.0 0.0 0.3 0.05 0.8 0.3 0.05 0.8 0.5 0.1 0.05
769 4.147728204727173 0.0 0.0 0.0 0.0 0.0 0.0 0.0 0.0 0.0 0.0 0.0 0.0 0.0 0.0 0.0 0.0 0.0 0.0 0.0 0.0 0.0 0.0 0.0 9.300000000000011 0.0 0.0 9.300000000000011 0.0 0.0 0.3 0.05 0.8 0.3 0.05 0.8 0.5 0.1 0.05
770 4.152988433837891 0.0 0.0 0.0 0.0 0.0 0.0 0.0 0.0 0.0 0.0 0.0 0.0 0.0 0.0 0.0 0.0 0.0 0.0 0.0 0.0 0.0 0.0 0.0 9.300000000000011 0.0 0.0 9.300000000000011 0.0 0.0 0.3 0.05 0.8 0.3 0.05 0.8 0.5 0.1 0.05
771 4.158322811126709 0.0 0.0 0.0 0.0 0.0 0.0 0.0 0.0 0.0 0.0 0.0 0.0 0.0 0.0 0.0 0.0 0.0 0.0 0.0 0.0 0.0 0.0 0.0 9.300000000000011 0.0 0.0 9.300000000000011 0.0 0.0 0.3 0.05 0.8 0.3 0.05 0.8 0.5 0.1 0.05
772 4.163586139678955 0.0 0.0 0.0 0.0 0.0 0.0 0.0 0.0 0.0 0.0 0.0 0.0 0.0 0.0 0.0 0.0 0.0 0.0 0.0 0.0 0.0 0.0 0.0 9.300000000000011 0.0 0.0 9.300000000000011 0.0 0.0 0.3 0.05 0.8 0.3 0.05 0.8 0.5 0.1 0.05
773 4.168929100036621 0.0 0.0 0.0 0.0 0.0 0.0 0.0 0.0 0.0 0.0 0.0 0.0 0.0 0.0 0.0 0.0 0.0 0.0 0.0 0.0 0.0 0.0 0.0 9.300000000000011 0.0 0.0 9.300000000000011 0.0 0.0 0.3 0.05 0.8 0.3 0.05 0.8 0.5 0.1 0.05
774 4.174187421798706 0.0 0.0 0.0 0.0 0.0 0.0 0.0 0.0 0.0 0.0 0.0 0.0 0.0 0.0 0.0 0.0 0.0 0.0 0.0 0.0 0.0 0.0 0.0 9.300000000000011 0.0 0.0 9.300000000000011 0.0 0.0 0.3 0.05 0.8 0.3 0.05 0.8 0.5 0.1 0.05
775 4.179473876953125 0.0 0.0 0.0 0.0 0.0 0.0 0.0 0.0 0.0 0.0 0.0 0.0 0.0 0.0 0.0 0.0 0.0 0.0 0.0 0.0 0.0 0.0 0.0 9.300000000000011 0.0 0.0 9.300000000000011 0.0 0.0 0.3 0.05 0.8 0.3 0.05 0.8 0.5 0.1 0.05
776 4.184892654418945 0.0 0.0 0.0 0.0 0.0 0.0 0.0 0.0 0.0 0.0 0.0 0.0 0.0 0.0 0.0 0.0 0.0 0.0 0.0 0.0 0.0 0.0 0.0 9.300000000000011 0.0 0.0 9.300000000000011 0.0 0.0 0.3 0.05 0.8 0.3 0.05 0.8 0.5 0.1 0.05
777 4.190232038497925 0.0 0.0 0.0 0.0 0.0 0.0 0.0 0.0 0.0 0.0 0.0 0.0 0.0 0.0 0.0 0.0 0.0 0.0 0.0 0.0 0.0 0.0 0.0 9.300000000000011 0.0 0.0 9.300000000000011 0.0 0.0 0.3 0.05 0.8 0.3 0.05 0.8 0.5 0.1 0.05
778 4.195541143417358 0.0 0.0 0.0 0.0 0.0 0.0 0.0 0.0 0.0 0.0 0.0 0.0 0.0 0.0 0.0 0.0 0.0 0.0 0.0 0.0 0.0 0.0 0.0 9.300000000000011 0.0 0.0 9.300000000000011 0.0 0.0 0.3 0.05 0.8 0.3 0.05 0.8 0.5 0.1 0.05
779 4.200823545455933 0.0 0.0 0.0 0.0 0.0 0.0 0.0 0.0 0.0 0.0 0.0 0.0 0.0 0.0 0.0 0.0 0.0 0.0 0.0 0.0 0.0 0.0 0.0 9.300000000000011 0.0 0.0 9.300000000000011 0.0 0.0 0.3 0.05 0.8 0.3 0.05 0.8 0.5 0.1 0.05
780 4.206140756607056 0.0 0.0 0.0 0.0 0.0 0.0 0.0 0.0 0.0 0.0 0.0 0.0 0.0 0.0 0.0 0.0 0.0 0.0 0.0 0.0 0.0 0.0 0.0 9.300000000000011 0.0 0.0 9.300000000000011 0.0 0.0 0.3 0.05 0.8 0.3 0.05 0.8 0.5 0.1 0.05
781 4.211477518081665 0.0 0.0 0.0 0.0 0.0 0.0 0.0 0.0 0.0 0.0 0.0 0.0 0.0 0.0 0.0 0.0 0.0 0.0 0.0 0.0 0.0 0.0 0.0 9.300000000000011 0.0 0.0 9.300000000000011 0.0 0.0 0.3 0.05 0.8 0.3 0.05 0.8 0.5 0.1 0.05
782 4.216761589050293 0.0 0.0 0.0 0.0 0.0 0.0 0.0 0.0 0.0 0.0 0.0 0.0 0.0 0.0 0.0 0.0 0.0 0.0 0.0 0.0 0.0 0.0 0.0 9.300000000000011 0.0 0.0 9.300000000000011 0.0 0.0 0.3 0.05 0.8 0.3 0.05 0.8 0.5 0.1 0.05
783 4.222079515457153 0.0 0.0 0.0 0.0 0.0 0.0 0.0 0.0 0.0 0.0 0.0 0.0 0.0 0.0 0.0 0.0 0.0 0.0 0.0 0.0 0.0 0.0 0.0 9.300000000000011 0.0 0.0 9.300000000000011 0.0 0.0 0.3 0.05 0.8 0.3 0.05 0.8 0.5 0.1 0.05
784 4.227416276931763 0.0 0.0 0.0 0.0 0.0 0.0 0.0 0.0 0.0 0.0 0.0 0.0 0.0 0.0 0.0 0.0 0.0 0.0 0.0 0.0 0.0 0.0 0.0 9.300000000000011 0.0 0.0 9.300000000000011 0.0 0.0 0.3 0.05 0.8 0.3 0.05 0.8 0.5 0.1 0.05
785 4.232673645019531 0.0 0.0 0.0 0.0 0.0 0.0 0.0 0.0 0.0 0.0 0.0 0.0 0.0 0.0 0.0 0.0 0.0 0.0 0.0 0.0 0.0 0.0 0.0 9.300000000000011 0.0 0.0 9.300000000000011 0.0 0.0 0.3 0.05 0.8 0.3 0.05 0.8 0.5 0.1 0.05
786 4.237889528274536 0.0 0.0 0.0 0.0 0.0 0.0 0.0 0.0 0.0 0.0 0.0 0.0 0.0 0.0 0.0 0.0 0.0 0.0 0.0 0.0 0.0 0.0 0.0 9.300000000000011 0.0 0.0 9.300000000000011 0.0 0.0 0.3 0.05 0.8 0.3 0.05 0.8 0.5 0.1 0.05
787 4.243140935897827 0.0 0.0 0.0 0.0 0.0 0.0 0.0 0.0 0.0 0.0 0.0 0.0 0.0 0.0 0.0 0.0 0.0 0.0 0.0 0.0 0.0 0.0 0.0 9.300000000000011 0.0 0.0 9.300000000000011 0.0 0.0 0.3 0.05 0.8 0.3 0.05 0.8 0.5 0.1 0.05
788 4.248446702957153 0.0 0.0 0.0 0.0 0.0 0.0 0.0 0.0 0.0 0.0 0.0 0.0 0.0 0.0 0.0 0.0 0.0 0.0 0.0 0.0 0.0 0.0 0.0 9.300000000000011 0.0 0.0 9.300000000000011 0.0 0.0 0.3 0.05 0.8 0.3 0.05 0.8 0.5 0.1 0.05
789 4.253784656524658 0.0 0.0 0.0 0.0 0.0 0.0 0.0 0.0 0.0 0.0 0.0 0.0 0.0 0.0 0.0 0.0 0.0 0.0 0.0 0.0 0.0 0.0 0.0 9.300000000000011 0.0 0.0 9.300000000000011 0.0 0.0 0.3 0.05 0.8 0.3 0.05 0.8 0.5 0.1 0.05
790 4.2590413093566895 0.0 0.0 0.0 0.0 0.0 0.0 0.0 0.0 0.0 0.0 0.0 0.0 0.0 0.0 0.0 0.0 0.0 0.0 0.0 0.0 0.0 0.0 0.0 9.300000000000011 0.0 0.0 9.300000000000011 0.0 0.0 0.3 0.05 0.8 0.3 0.05 0.8 0.5 0.1 0.05
791 4.2645792961120605 0.0 0.0 0.0 0.0 0.0 0.0 0.0 0.0 0.0 0.0 0.0 0.0 0.0 0.0 0.0 0.0 0.0 0.0 0.0 0.0 0.0 0.0 0.0 9.300000000000011 0.0 0.0 9.300000000000011 0.0 0.0 0.3 0.05 0.8 0.3 0.05 0.8 0.5 0.1 0.05
792 4.2699198722839355 0.0 0.0 0.0 0.0 0.0 0.0 0.0 0.0 0.0 0.0 0.0 0.0 0.0 0.0 0.0 0.0 0.0 0.0 0.0 0.0 0.0 0.0 0.0 9.300000000000011 0.0 0.0 9.300000000000011 0.0 0.0 0.3 0.05 0.8 0.3 0.05 0.8 0.5 0.1 0.05
793 4.275314569473267 0.0 0.0 0.0 0.0 0.0 0.0 0.0 0.0 0.0 0.0 0.0 0.0 0.0 0.0 0.0 0.0 0.0 0.0 0.0 0.0 0.0 0.0 0.0 9.300000000000011 0.0 0.0 9.300000000000011 0.0 0.0 0.3 0.05 0.8 0.3 0.05 0.8 0.5 0.1 0.05
794 4.280558347702026 0.0 0.0 0.0 0.0 0.0 0.0 0.0 0.0 0.0 0.0 0.0 0.0 0.0 0.0 0.0 0.0 0.0 0.0 0.0 0.0 0.0 0.0 0.0 9.300000000000011 0.0 0.0 9.300000000000011 0.0 0.0 0.3 0.05 0.8 0.3 0.05 0.8 0.5 0.1 0.05
795 4.285769701004028 0.0 0.0 0.0 0.0 0.0 0.0 0.0 0.0 0.0 0.0 0.0 0.0 0.0 0.0 0.0 0.0 0.0 0.0 0.0 0.0 0.0 0.0 0.0 9.300000000000011 0.0 0.0 9.300000000000011 0.0 0.0 0.3 0.05 0.8 0.3 0.05 0.8 0.5 0.1 0.05
796 4.291002035140991 0.0 0.0 0.0 0.0 0.0 0.0 0.0 0.0 0.0 0.0 0.0 0.0 0.0 0.0 0.0 0.0 0.0 0.0 0.0 0.0 0.0 0.0 0.0 9.300000000000011 0.0 0.0 9.300000000000011 0.0 0.0 0.3 0.05 0.8 0.3 0.05 0.8 0.5 0.1 0.05
797 4.2962212562561035 0.0 0.0 0.0 0.0 0.0 0.0 0.0 0.0 0.0 0.0 0.0 0.0 0.0 0.0 0.0 0.0 0.0 0.0 0.0 0.0 0.0 0.0 0.0 9.300000000000011 0.0 0.0 9.300000000000011 0.0 0.0 0.3 0.05 0.8 0.3 0.05 0.8 0.5 0.1 0.05
798 4.301432132720947 0.0 0.0 0.0 0.0 0.0 0.0 0.0 0.0 0.0 0.0 0.0 0.0 0.0 0.0 0.0 0.0 0.0 0.0 0.0 0.0 0.0 0.0 0.0 9.300000000000011 0.0 0.0 9.300000000000011 0.0 0.0 0.3 0.05 0.8 0.3 0.05 0.8 0.5 0.1 0.05
799 4.30669641494751 0.0 0.0 0.0 0.0 0.0 0.0 0.0 0.0 0.0 0.0 0.0 0.0 0.0 0.0 0.0 0.0 0.0 0.0 0.0 0.0 0.0 0.0 0.0 9.300000000000011 0.0 0.0 9.300000000000011 0.0 0.0 0.3 0.05 0.8 0.3 0.05 0.8 0.5 0.1 0.05
800 4.312018871307373 0.0 0.0 0.0 0.0 0.0 0.0 0.0 0.0 0.0 0.0 0.0 0.0 0.0 0.0 0.0 0.0 0.0 0.0 0.0 0.0 0.0 0.0 0.0 9.300000000000011 0.0 0.0 9.300000000000011 0.0 0.0 0.3 0.05 0.8 0.3 0.05 0.8 0.5 0.1 0.05
801 4.317358732223511 0.0 0.0 0.0 0.0 0.0 0.0 0.0 0.0 0.0 0.0 0.0 0.0 0.0 0.0 0.0 0.0 0.0 0.0 0.0 0.0 0.0 0.0 0.0 9.300000000000011 0.0 0.0 9.300000000000011 0.0 0.0 0.3 0.05 0.8 0.3 0.05 0.8 0.5 0.1 0.05
802 4.322644948959351 0.0 0.0 0.0 0.0 0.0 0.0 0.0 0.0 0.0 0.0 0.0 0.0 0.0 0.0 0.0 0.0 0.0 0.0 0.0 0.0 0.0 0.0 0.0 9.300000000000011 0.0 0.0 9.300000000000011 0.0 0.0 0.3 0.05 0.8 0.3 0.05 0.8 0.5 0.1 0.05
803 4.328045606613159 0.0 0.0 0.0 0.0 0.0 0.0 0.0 0.0 0.0 0.0 0.0 0.0 0.0 0.0 0.0 0.0 0.0 0.0 0.0 0.0 0.0 0.0 0.0 9.300000000000011 0.0 0.0 9.300000000000011 0.0 0.0 0.3 0.05 0.8 0.3 0.05 0.8 0.5 0.1 0.05
804 4.333373546600342 0.0 0.0 0.0 0.0 0.0 0.0 0.0 0.0 0.0 0.0 0.0 0.0 0.0 0.0 0.0 0.0 0.0 0.0 0.0 0.0 0.0 0.0 0.0 9.300000000000011 0.0 0.0 9.300000000000011 0.0 0.0 0.3 0.05 0.8 0.3 0.05 0.8 0.5 0.1 0.05
805 4.338636636734009 0.0 0.0 0.0 0.0 0.0 0.0 0.0 0.0 0.0 0.0 0.0 0.0 0.0 0.0 0.0 0.0 0.0 0.0 0.0 0.0 0.0 0.0 0.0 9.300000000000011 0.0 0.0 9.300000000000011 0.0 0.0 0.3 0.05 0.8 0.3 0.05 0.8 0.5 0.1 0.05
806 4.343897819519043 0.0 0.0 0.0 0.0 0.0 0.0 0.0 0.0 0.0 0.0 0.0 0.0 0.0 0.0 0.0 0.0 0.0 0.0 0.0 0.0 0.0 0.0 0.0 9.300000000000011 0.0 0.0 9.300000000000011 0.0 0.0 0.3 0.05 0.8 0.3 0.05 0.8 0.5 0.1 0.05
807 4.349267482757568 0.0 0.0 0.0 0.0 0.0 0.0 0.0 0.0 0.0 0.0 0.0 0.0 0.0 0.0 0.0 0.0 0.0 0.0 0.0 0.0 0.0 0.0 0.0 9.300000000000011 0.0 0.0 9.300000000000011 0.0 0.0 0.3 0.05 0.8 0.3 0.05 0.8 0.5 0.1 0.05
808 4.354615688323975 0.0 0.0 0.0 0.0 0.0 0.0 0.0 0.0 0.0 0.0 0.0 0.0 0.0 0.0 0.0 0.0 0.0 0.0 0.0 0.0 0.0 0.0 0.0 9.300000000000011 0.0 0.0 9.300000000000011 0.0 0.0 0.3 0.05 0.8 0.3 0.05 0.8 0.5 0.1 0.05
809 4.359881401062012 0.0 0.0 0.0 0.0 0.0 0.0 0.0 0.0 0.0 0.0 0.0 0.0 0.0 0.0 0.0 0.0 0.0 0.0 0.0 0.0 0.0 0.0 0.0 9.300000000000011 0.0 0.0 9.300000000000011 0.0 0.0 0.3 0.05 0.8 0.3 0.05 0.8 0.5 0.1 0.05
810 4.365103721618652 0.0 0.0 0.0 0.0 0.0 0.0 0.0 0.0 0.0 0.0 0.0 0.0 0.0 0.0 0.0 0.0 0.0 0.0 0.0 0.0 0.0 0.0 0.0 9.300000000000011 0.0 0.0 9.300000000000011 0.0 0.0 0.3 0.05 0.8 0.3 0.05 0.8 0.5 0.1 0.05
811 4.37048864364624 0.0 0.0 0.0 0.0 0.0 0.0 0.0 0.0 0.0 0.0 0.0 0.0 0.0 0.0 0.0 0.0 0.0 0.0 0.0 0.0 0.0 0.0 0.0 9.300000000000011 0.0 0.0 9.300000000000011 0.0 0.0 0.3 0.05 0.8 0.3 0.05 0.8 0.5 0.1 0.05
812 4.375759601593018 0.0 0.0 0.0 0.0 0.0 0.0 0.0 0.0 0.0 0.0 0.0 0.0 0.0 0.0 0.0 0.0 0.0 0.0 0.0 0.0 0.0 0.0 0.0 9.300000000000011 0.0 0.0 9.300000000000011 0.0 0.0 0.3 0.05 0.8 0.3 0.05 0.8 0.5 0.1 0.05
813 4.381061792373657 0.0 0.0 0.0 0.0 0.0 0.0 0.0 0.0 0.0 0.0 0.0 0.0 0.0 0.0 0.0 0.0 0.0 0.0 0.0 0.0 0.0 0.0 0.0 9.300000000000011 0.0 0.0 9.300000000000011 0.0 0.0 0.3 0.05 0.8 0.3 0.05 0.8 0.5 0.1 0.05
814 4.386293172836304 0.0 0.0 0.0 0.0 0.0 0.0 0.0 0.0 0.0 0.0 0.0 0.0 0.0 0.0 0.0 0.0 0.0 0.0 0.0 0.0 0.0 0.0 0.0 9.300000000000011 0.0 0.0 9.300000000000011 0.0 0.0 0.3 0.05 0.8 0.3 0.05 0.8 0.5 0.1 0.05
815 4.391554355621338 0.0 0.0 0.0 0.0 0.0 0.0 0.0 0.0 0.0 0.0 0.0 0.0 0.0 0.0 0.0 0.0 0.0 0.0 0.0 0.0 0.0 0.0 0.0 9.300000000000011 0.0 0.0 9.300000000000011 0.0 0.0 0.3 0.05 0.8 0.3 0.05 0.8 0.5 0.1 0.05
816 4.396857500076294 0.0 0.0 0.0 0.0 0.0 0.0 0.0 0.0 0.0 0.0 0.0 0.0 0.0 0.0 0.0 0.0 0.0 0.0 0.0 0.0 0.0 0.0 0.0 9.300000000000011 0.0 0.0 9.300000000000011 0.0 0.0 0.3 0.05 0.8 0.3 0.05 0.8 0.5 0.1 0.05
817 4.402116537094116 0.0 0.0 0.0 0.0 0.0 0.0 0.0 0.0 0.0 0.0 0.0 0.0 0.0 0.0 0.0 0.0 0.0 0.0 0.0 0.0 0.0 0.0 0.0 9.300000000000011 0.0 0.0 9.300000000000011 0.0 0.0 0.3 0.05 0.8 0.3 0.05 0.8 0.5 0.1 0.05
818 4.407366752624512 0.0 0.0 0.0 0.0 0.0 0.0 0.0 0.0 0.0 0.0 0.0 0.0 0.0 0.0 0.0 0.0 0.0 0.0 0.0 0.0 0.0 0.0 0.0 9.300000000000011 0.0 0.0 9.300000000000011 0.0 0.0 0.3 0.05 0.8 0.3 0.05 0.8 0.5 0.1 0.05
819 4.412646293640137 0.0 0.0 0.0 0.0 0.0 0.0 0.0 0.0 0.0 0.0 0.0 0.0 0.0 0.0 0.0 0.0 0.0 0.0 0.0 0.0 0.0 0.0 0.0 9.300000000000011 0.0 0.0 9.300000000000011 0.0 0.0 0.3 0.05 0.8 0.3 0.05 0.8 0.5 0.1 0.05
820 4.41789698600769 0.0 0.0 0.0 0.0 0.0 0.0 0.0 0.0 0.0 0.0 0.0 0.0 0.0 0.0 0.0 0.0 0.0 0.0 0.0 0.0 0.0 0.0 0.0 9.300000000000011 0.0 0.0 9.300000000000011 0.0 0.0 0.3 0.05 0.8 0.3 0.05 0.8 0.5 0.1 0.05
821 4.423238039016724 0.0 0.0 0.0 0.0 0.0 0.0 0.0 0.0 0.0 0.0 0.0 0.0 0.0 0.0 0.0 0.0 0.0 0.0 0.0 0.0 0.0 0.0 0.0 9.300000000000011 0.0 0.0 9.300000000000011 0.0 0.0 0.3 0.05 0.8 0.3 0.05 0.8 0.5 0.1 0.05
822 4.428511619567871 0.0 0.0 0.0 0.0 0.0 0.0 0.0 0.0 0.0 0.0 0.0 0.0 0.0 0.0 0.0 0.0 0.0 0.0 0.0 0.0 0.0 0.0 0.0 9.300000000000011 0.0 0.0 9.300000000000011 0.0 0.0 0.3 0.05 0.8 0.3 0.05 0.8 0.5 0.1 0.05
823 4.433967590332031 0.0 0.0 0.0 0.0 0.0 0.0 0.0 0.0 0.0 0.0 0.0 0.0 0.0 0.0 0.0 0.0 0.0 0.0 0.0 0.0 0.0 0.0 0.0 9.300000000000011 0.0 0.0 9.300000000000011 0.0 0.0 0.3 0.05 0.8 0.3 0.05 0.8 0.5 0.1 0.05
824 4.439228296279907 0.0 0.0 0.0 0.0 0.0 0.0 0.0 0.0 0.0 0.0 0.0 0.0 0.0 0.0 0.0 0.0 0.0 0.0 0.0 0.0 0.0 0.0 0.0 9.300000000000011 0.0 0.0 9.300000000000011 0.0 0.0 0.3 0.05 0.8 0.3 0.05 0.8 0.5 0.1 0.05
825 4.444463491439819 0.0 0.0 0.0 0.0 0.0 0.0 0.0 0.0 0.0 0.0 0.0 0.0 0.0 0.0 0.0 0.0 0.0 0.0 0.0 0.0 0.0 0.0 0.0 9.300000000000011 0.0 0.0 9.300000000000011 0.0 0.0 0.3 0.05 0.8 0.3 0.05 0.8 0.5 0.1 0.05
826 4.4497389793396 0.0 0.0 0.0 0.0 0.0 0.0 0.0 0.0 0.0 0.0 0.0 0.0 0.0 0.0 0.0 0.0 0.0 0.0 0.0 0.0 0.0 0.0 0.0 9.300000000000011 0.0 0.0 9.300000000000011 0.0 0.0 0.3 0.05 0.8 0.3 0.05 0.8 0.5 0.1 0.05
827 4.455093860626221 0.0 0.0 0.0 0.0 0.0 0.0 0.0 0.0 0.0 0.0 0.0 0.0 0.0 0.0 0.0 0.0 0.0 0.0 0.0 0.0 0.0 0.0 0.0 9.300000000000011 0.0 0.0 9.300000000000011 0.0 0.0 0.3 0.05 0.8 0.3 0.05 0.8 0.5 0.1 0.05
828 4.46040415763855 0.0 0.0 0.0 0.0 0.0 0.0 0.0 0.0 0.0 0.0 0.0 0.0 0.0 0.0 0.0 0.0 0.0 0.0 0.0 0.0 0.0 0.0 0.0 9.300000000000011 0.0 0.0 9.300000000000011 0.0 0.0 0.3 0.05 0.8 0.3 0.05 0.8 0.5 0.1 0.05
829 4.465645790100098 0.0 0.0 0.0 0.0 0.0 0.0 0.0 0.0 0.0 0.0 0.0 0.0 0.0 0.0 0.0 0.0 0.0 0.0 0.0 0.0 0.0 0.0 0.0 9.300000000000011 0.0 0.0 9.300000000000011 0.0 0.0 0.3 0.05 0.8 0.3 0.05 0.8 0.5 0.1 0.05
830 4.470906496047974 0.0 0.0 0.0 0.0 0.0 0.0 0.0 0.0 0.0 0.0 0.0 0.0 0.0 0.0 0.0 0.0 0.0 0.0 0.0 0.0 0.0 0.0 0.0 9.300000000000011 0.0 0.0 9.300000000000011 0.0 0.0 0.3 0.05 0.8 0.3 0.05 0.8 0.5 0.1 0.05
831 4.476368188858032 0.0 0.0 0.0 0.0 0.0 0.0 0.0 0.0 0.0 0.0 0.0 0.0 0.0 0.0 0.0 0.0 0.0 0.0 0.0 0.0 0.0 0.0 0.0 9.300000000000011 0.0 0.0 9.300000000000011 0.0 0.0 0.3 0.05 0.8 0.3 0.05 0.8 0.5 0.1 0.05
832 4.48163914680481 0.0 0.0 0.0 0.0 0.0 0.0 0.0 0.0 0.0 0.0 0.0 0.0 0.0 0.0 0.0 0.0 0.0 0.0 0.0 0.0 0.0 0.0 0.0 9.300000000000011 0.0 0.0 9.300000000000011 0.0 0.0 0.3 0.05 0.8 0.3 0.05 0.8 0.5 0.1 0.05
833 4.486981630325317 0.0 0.0 0.0 0.0 0.0 0.0 0.0 0.0 0.0 0.0 0.0 0.0 0.0 0.0 0.0 0.0 0.0 0.0 0.0 0.0 0.0 0.0 0.0 9.300000000000011 0.0 0.0 9.300000000000011 0.0 0.0 0.3 0.05 0.8 0.3 0.05 0.8 0.5 0.1 0.05
834 4.492251634597778 0.0 0.0 0.0 0.0 0.0 0.0 0.0 0.0 0.0 0.0 0.0 0.0 0.0 0.0 0.0 0.0 0.0 0.0 0.0 0.0 0.0 0.0 0.0 9.300000000000011 0.0 0.0 9.300000000000011 0.0 0.0 0.3 0.05 0.8 0.3 0.05 0.8 0.5 0.1 0.05
835 4.497511863708496 0.0 0.0 0.0 0.0 0.0 0.0 0.0 0.0 0.0 0.0 0.0 0.0 0.0 0.0 0.0 0.0 0.0 0.0 0.0 0.0 0.0 0.0 0.0 9.300000000000011 0.0 0.0 9.300000000000011 0.0 0.0 0.3 0.05 0.8 0.3 0.05 0.8 0.5 0.1 0.05
836 4.5027852058410645 0.0 0.0 0.0 0.0 0.0 0.0 0.0 0.0 0.0 0.0 0.0 0.0 0.0 0.0 0.0 0.0 0.0 0.0 0.0 0.0 0.0 0.0 0.0 9.300000000000011 0.0 0.0 9.300000000000011 0.0 0.0 0.3 0.05 0.8 0.3 0.05 0.8 0.5 0.1 0.05
837 4.508039474487305 0.0 0.0 0.0 0.0 0.0 0.0 0.0 0.0 0.0 0.0 0.0 0.0 0.0 0.0 0.0 0.0 0.0 0.0 0.0 0.0 0.0 0.0 0.0 9.300000000000011 0.0 0.0 9.300000000000011 0.0 0.0 0.3 0.05 0.8 0.3 0.05 0.8 0.5 0.1 0.05
838 4.513291597366333 0.0 0.0 0.0 0.0 0.0 0.0 0.0 0.0 0.0 0.0 0.0 0.0 0.0 0.0 0.0 0.0 0.0 0.0 0.0 0.0 0.0 0.0 0.0 9.300000000000011 0.0 0.0 9.300000000000011 0.0 0.0 0.3 0.05 0.8 0.3 0.05 0.8 0.5 0.1 0.05
839 4.518716335296631 0.0 0.0 0.0 0.0 0.0 0.0 0.0 0.0 0.0 0.0 0.0 0.0 0.0 0.0 0.0 0.0 0.0 0.0 0.0 0.0 0.0 0.0 0.0 9.300000000000011 0.0 0.0 9.300000000000011 0.0 0.0 0.3 0.05 0.8 0.3 0.05 0.8 0.5 0.1 0.05
840 4.524121999740601 0.0 0.0 0.0 0.0 0.0 0.0 0.0 0.0 0.0 0.0 0.0 0.0 0.0 0.0 0.0 0.0 0.0 0.0 0.0 0.0 0.0 0.0 0.0 9.300000000000011 0.0 0.0 9.300000000000011 0.0 0.0 0.3 0.05 0.8 0.3 0.05 0.8 0.5 0.1 0.05
841 4.529558181762695 0.0 0.0 0.0 0.0 0.0 0.0 0.0 0.0 0.0 0.0 0.0 0.0 0.0 0.0 0.0 0.0 0.0 0.0 0.0 0.0 0.0 0.0 0.0 9.300000000000011 0.0 0.0 9.300000000000011 0.0 0.0 0.3 0.05 0.8 0.3 0.05 0.8 0.5 0.1 0.05
842 4.535047769546509 0.0 0.0 0.0 0.0 0.0 0.0 0.0 0.0 0.0 0.0 0.0 0.0 0.0 0.0 0.0 0.0 0.0 0.0 0.0 0.0 0.0 0.0 0.0 9.300000000000011 0.0 0.0 9.300000000000011 0.0 0.0 0.3 0.05 0.8 0.3 0.05 0.8 0.5 0.1 0.05
843 4.540490627288818 0.0 0.0 0.0 0.0 0.0 0.0 0.0 0.0 0.0 0.0 0.0 0.0 0.0 0.0 0.0 0.0 0.0 0.0 0.0 0.0 0.0 0.0 0.0 9.300000000000011 0.0 0.0 9.300000000000011 0.0 0.0 0.3 0.05 0.8 0.3 0.05 0.8 0.5 0.1 0.05
844 4.545792818069458 0.0 0.0 0.0 0.0 0.0 0.0 0.0 0.0 0.0 0.0 0.0 0.0 0.0 0.0 0.0 0.0 0.0 0.0 0.0 0.0 0.0 0.0 0.0 9.300000000000011 0.0 0.0 9.300000000000011 0.0 0.0 0.3 0.05 0.8 0.3 0.05 0.8 0.5 0.1 0.05
845 4.551210641860962 0.0 0.0 0.0 0.0 0.0 0.0 0.0 0.0 0.0 0.0 0.0 0.0 0.0 0.0 0.0 0.0 0.0 0.0 0.0 0.0 0.0 0.0 0.0 9.300000000000011 0.0 0.0 9.300000000000011 0.0 0.0 0.3 0.05 0.8 0.3 0.05 0.8 0.5 0.1 0.05
846 4.556540489196777 0.0 0.0 0.0 0.0 0.0 0.0 0.0 0.0 0.0 0.0 0.0 0.0 0.0 0.0 0.0 0.0 0.0 0.0 0.0 0.0 0.0 0.0 0.0 9.300000000000011 0.0 0.0 9.300000000000011 0.0 0.0 0.3 0.05 0.8 0.3 0.05 0.8 0.5 0.1 0.05
847 4.561811208724976 0.0 0.0 0.0 0.0 0.0 0.0 0.0 0.0 0.0 0.0 0.0 0.0 0.0 0.0 0.0 0.0 0.0 0.0 0.0 0.0 0.0 0.0 0.0 9.300000000000011 0.0 0.0 9.300000000000011 0.0 0.0 0.3 0.05 0.8 0.3 0.05 0.8 0.5 0.1 0.05
848 4.56710410118103 0.0 0.0 0.0 0.0 0.0 0.0 0.0 0.0 0.0 0.0 0.0 0.0 0.0 0.0 0.0 0.0 0.0 0.0 0.0 0.0 0.0 0.0 0.0 9.300000000000011 0.0 0.0 9.300000000000011 0.0 0.0 0.3 0.05 0.8 0.3 0.05 0.8 0.5 0.1 0.05
849 4.572365999221802 0.0 0.0 0.0 0.0 0.0 0.0 0.0 0.0 0.0 0.0 0.0 0.0 0.0 0.0 0.0 0.0 0.0 0.0 0.0 0.0 0.0 0.0 0.0 9.300000000000011 0.0 0.0 9.300000000000011 0.0 0.0 0.3 0.05 0.8 0.3 0.05 0.8 0.5 0.1 0.05
850 4.577603816986084 0.0 0.0 0.0 0.0 0.0 0.0 0.0 0.0 0.0 0.0 0.0 0.0 0.0 0.0 0.0 0.0 0.0 0.0 0.0 0.0 0.0 0.0 0.0 9.300000000000011 0.0 0.0 9.300000000000011 0.0 0.0 0.3 0.05 0.8 0.3 0.05 0.8 0.5 0.1 0.05
851 4.582979440689087 0.0 0.0 0.0 0.0 0.0 0.0 0.0 0.0 0.0 0.0 0.0 0.0 0.0 0.0 0.0 0.0 0.0 0.0 0.0 0.0 0.0 0.0 0.0 9.300000000000011 0.0 0.0 9.300000000000011 0.0 0.0 0.3 0.05 0.8 0.3 0.05 0.8 0.5 0.1 0.05
852 4.58824348449707 0.0 0.0 0.0 0.0 0.0 0.0 0.0 0.0 0.0 0.0 0.0 0.0 0.0 0.0 0.0 0.0 0.0 0.0 0.0 0.0 0.0 0.0 0.0 9.300000000000011 0.0 0.0 9.300000000000011 0.0 0.0 0.3 0.05 0.8 0.3 0.05 0.8 0.5 0.1 0.05
853 4.593566656112671 0.0 0.0 0.0 0.0 0.0 0.0 0.0 0.0 0.0 0.0 0.0 0.0 0.0 0.0 0.0 0.0 0.0 0.0 0.0 0.0 0.0 0.0 0.0 9.300000000000011 0.0 0.0 9.300000000000011 0.0 0.0 0.3 0.05 0.8 0.3 0.05 0.8 0.5 0.1 0.05
854 4.5989789962768555 0.0 0.0 0.0 0.0 0.0 0.0 0.0 0.0 0.0 0.0 0.0 0.0 0.0 0.0 0.0 0.0 0.0 0.0 0.0 0.0 0.0 0.0 0.0 9.300000000000011 0.0 0.0 9.300000000000011 0.0 0.0 0.3 0.05 0.8 0.3 0.05 0.8 0.5 0.1 0.05
855 4.604314804077148 0.0 0.0 0.0 0.0 0.0 0.0 0.0 0.0 0.0 0.0 0.0 0.0 0.0 0.0 0.0 0.0 0.0 0.0 0.0 0.0 0.0 0.0 0.0 9.300000000000011 0.0 0.0 9.300000000000011 0.0 0.0 0.3 0.05 0.8 0.3 0.05 0.8 0.5 0.1 0.05
856 4.609650135040283 0.0 0.0 0.0 0.0 0.0 0.0 0.0 0.0 0.0 0.0 0.0 0.0 0.0 0.0 0.0 0.0 0.0 0.0 0.0 0.0 0.0 0.0 0.0 9.300000000000011 0.0 0.0 9.300000000000011 0.0 0.0 0.3 0.05 0.8 0.3 0.05 0.8 0.5 0.1 0.05
857 4.61505389213562 0.0 0.0 0.0 0.0 0.0 0.0 0.0 0.0 0.0 0.0 0.0 0.0 0.0 0.0 0.0 0.0 0.0 0.0 0.0 0.0 0.0 0.0 0.0 9.300000000000011 0.0 0.0 9.300000000000011 0.0 0.0 0.3 0.05 0.8 0.3 0.05 0.8 0.5 0.1 0.05
858 4.620293378829956 0.0 0.0 0.0 0.0 0.0 0.0 0.0 0.0 0.0 0.0 0.0 0.0 0.0 0.0 0.0 0.0 0.0 0.0 0.0 0.0 0.0 0.0 0.0 9.300000000000011 0.0 0.0 9.300000000000011 0.0 0.0 0.3 0.05 0.8 0.3 0.05 0.8 0.5 0.1 0.05
859 4.625589847564697 0.0 0.0 0.0 0.0 0.0 0.0 0.0 0.0 0.0 0.0 0.0 0.0 0.0 0.0 0.0 0.0 0.0 0.0 0.0 0.0 0.0 0.0 0.0 9.300000000000011 0.0 0.0 9.300000000000011 0.0 0.0 0.3 0.05 0.8 0.3 0.05 0.8 0.5 0.1 0.05
860 4.630881071090698 0.0 0.0 0.0 0.0 0.0 0.0 0.0 0.0 0.0 0.0 0.0 0.0 0.0 0.0 0.0 0.0 0.0 0.0 0.0 0.0 0.0 0.0 0.0 9.300000000000011 0.0 0.0 9.300000000000011 0.0 0.0 0.3 0.05 0.8 0.3 0.05 0.8 0.5 0.1 0.05
861 4.636461019515991 0.0 0.0 0.0 0.0 0.0 0.0 0.0 0.0 0.0 0.0 0.0 0.0 0.0 0.0 0.0 0.0 0.0 0.0 0.0 0.0 0.0 0.0 0.0 9.300000000000011 0.0 0.0 9.300000000000011 0.0 0.0 0.3 0.05 0.8 0.3 0.05 0.8 0.5 0.1 0.05
862 4.641811847686768 0.0 0.0 0.0 0.0 0.0 0.0 0.0 0.0 0.0 0.0 0.0 0.0 0.0 0.0 0.0 0.0 0.0 0.0 0.0 0.0 0.0 0.0 0.0 9.300000000000011 0.0 0.0 9.300000000000011 0.0 0.0 0.3 0.05 0.8 0.3 0.05 0.8 0.5 0.1 0.05
863 4.64715576171875 0.0 0.0 0.0 0.0 0.0 0.0 0.0 0.0 0.0 0.0 0.0 0.0 0.0 0.0 0.0 0.0 0.0 0.0 0.0 0.0 0.0 0.0 0.0 9.300000000000011 0.0 0.0 9.300000000000011 0.0 0.0 0.3 0.05 0.8 0.3 0.05 0.8 0.5 0.1 0.05
864 4.652451515197754 0.0 0.0 0.0 0.0 0.0 0.0 0.0 0.0 0.0 0.0 0.0 0.0 0.0 0.0 0.0 0.0 0.0 0.0 0.0 0.0 0.0 0.0 0.0 9.300000000000011 0.0 0.0 9.300000000000011 0.0 0.0 0.3 0.05 0.8 0.3 0.05 0.8 0.5 0.1 0.05
865 4.65785813331604 0.0 0.0 0.0 0.0 0.0 0.0 0.0 0.0 0.0 0.0 0.0 0.0 0.0 0.0 0.0 0.0 0.0 0.0 0.0 0.0 0.0 0.0 0.0 9.300000000000011 0.0 0.0 9.300000000000011 0.0 0.0 0.3 0.05 0.8 0.3 0.05 0.8 0.5 0.1 0.05
866 4.663207054138184 0.0 0.0 0.0 0.0 0.0 0.0 0.0 0.0 0.0 0.0 0.0 0.0 0.0 0.0 0.0 0.0 0.0 0.0 0.0 0.0 0.0 0.0 0.0 9.300000000000011 0.0 0.0 9.300000000000011 0.0 0.0 0.3 0.05 0.8 0.3 0.05 0.8 0.5 0.1 0.05
867 4.668504953384399 0.0 0.0 0.0 0.0 0.0 0.0 0.0 0.0 0.0 0.0 0.0 0.0 0.0 0.0 0.0 0.0 0.0 0.0 0.0 0.0 0.0 0.0 0.0 9.300000000000011 0.0 0.0 9.300000000000011 0.0 0.0 0.3 0.05 0.8 0.3 0.05 0.8 0.5 0.1 0.05
868 4.67393946647644 0.0 0.0 0.0 0.0 0.0 0.0 0.0 0.0 0.0 0.0 0.0 0.0 0.0 0.0 0.0 0.0 0.0 0.0 0.0 0.0 0.0 0.0 0.0 9.300000000000011 0.0 0.0 9.300000000000011 0.0 0.0 0.3 0.05 0.8 0.3 0.05 0.8 0.5 0.1 0.05
869 4.679240942001343 0.0 0.0 0.0 0.0 0.0 0.0 0.0 0.0 0.0 0.0 0.0 0.0 0.0 0.0 0.0 0.0 0.0 0.0 0.0 0.0 0.0 0.0 0.0 9.300000000000011 0.0 0.0 9.300000000000011 0.0 0.0 0.3 0.05 0.8 0.3 0.05 0.8 0.5 0.1 0.05
870 4.684481859207153 0.0 0.0 0.0 0.0 0.0 0.0 0.0 0.0 0.0 0.0 0.0 0.0 0.0 0.0 0.0 0.0 0.0 0.0 0.0 0.0 0.0 0.0 0.0 9.300000000000011 0.0 0.0 9.300000000000011 0.0 0.0 0.3 0.05 0.8 0.3 0.05 0.8 0.5 0.1 0.05
871 4.689819097518921 0.0 0.0 0.0 0.0 0.0 0.0 0.0 0.0 0.0 0.0 0.0 0.0 0.0 0.0 0.0 0.0 0.0 0.0 0.0 0.0 0.0 0.0 0.0 9.300000000000011 0.0 0.0 9.300000000000011 0.0 0.0 0.3 0.05 0.8 0.3 0.05 0.8 0.5 0.1 0.05
872 4.695099115371704 0.0 0.0 0.0 0.0 0.0 0.0 0.0 0.0 0.0 0.0 0.0 0.0 0.0 0.0 0.0 0.0 0.0 0.0 0.0 0.0 0.0 0.0 0.0 9.300000000000011 0.0 0.0 9.300000000000011 0.0 0.0 0.3 0.05 0.8 0.3 0.05 0.8 0.5 0.1 0.05
873 4.700435161590576 0.0 0.0 0.0 0.0 0.0 0.0 0.0 0.0 0.0 0.0 0.0 0.0 0.0 0.0 0.0 0.0 0.0 0.0 0.0 0.0 0.0 0.0 0.0 9.300000000000011 0.0 0.0 9.300000000000011 0.0 0.0 0.3 0.05 0.8 0.3 0.05 0.8 0.5 0.1 0.05
874 4.705683469772339 0.0 0.0 0.0 0.0 0.0 0.0 0.0 0.0 0.0 0.0 0.0 0.0 0.0 0.0 0.0 0.0 0.0 0.0 0.0 0.0 0.0 0.0 0.0 9.300000000000011 0.0 0.0 9.300000000000011 0.0 0.0 0.3 0.05 0.8 0.3 0.05 0.8 0.5 0.1 0.05
875 4.71092677116394 0.0 0.0 0.0 0.0 0.0 0.0 0.0 0.0 0.0 0.0 0.0 0.0 0.0 0.0 0.0 0.0 0.0 0.0 0.0 0.0 0.0 0.0 0.0 9.300000000000011 0.0 0.0 9.300000000000011 0.0 0.0 0.3 0.05 0.8 0.3 0.05 0.8 0.5 0.1 0.05
876 4.716169595718384 0.0 0.0 0.0 0.0 0.0 0.0 0.0 0.0 0.0 0.0 0.0 0.0 0.0 0.0 0.0 0.0 0.0 0.0 0.0 0.0 0.0 0.0 0.0 9.300000000000011 0.0 0.0 9.300000000000011 0.0 0.0 0.3 0.05 0.8 0.3 0.05 0.8 0.5 0.1 0.05
877 4.7214579582214355 0.0 0.0 0.0 0.0 0.0 0.0 0.0 0.0 0.0 0.0 0.0 0.0 0.0 0.0 0.0 0.0 0.0 0.0 0.0 0.0 0.0 0.0 0.0 9.300000000000011 0.0 0.0 9.300000000000011 0.0 0.0 0.3 0.05 0.8 0.3 0.05 0.8 0.5 0.1 0.05
878 4.726714134216309 0.0 0.0 0.0 0.0 0.0 0.0 0.0 0.0 0.0 0.0 0.0 0.0 0.0 0.0 0.0 0.0 0.0 0.0 0.0 0.0 0.0 0.0 0.0 9.300000000000011 0.0 0.0 9.300000000000011 0.0 0.0 0.3 0.05 0.8 0.3 0.05 0.8 0.5 0.1 0.05
879 4.731943607330322 0.0 0.0 0.0 0.0 0.0 0.0 0.0 0.0 0.0 0.0 0.0 0.0 0.0 0.0 0.0 0.0 0.0 0.0 0.0 0.0 0.0 0.0 0.0 9.300000000000011 0.0 0.0 9.300000000000011 0.0 0.0 0.3 0.05 0.8 0.3 0.05 0.8 0.5 0.1 0.05
880 4.737292766571045 0.0 0.0 0.0 0.0 0.0 0.0 0.0 0.0 0.0 0.0 0.0 0.0 0.0 0.0 0.0 0.0 0.0 0.0 0.0 0.0 0.0 0.0 0.0 9.300000000000011 0.0 0.0 9.300000000000011 0.0 0.0 0.3 0.05 0.8 0.3 0.05 0.8 0.5 0.1 0.05
881 4.742758512496948 0.0 0.0 0.0 0.0 0.0 0.0 0.0 0.0 0.0 0.0 0.0 0.0 0.0 0.0 0.0 0.0 0.0 0.0 0.0 0.0 0.0 0.0 0.0 9.300000000000011 0.0 0.0 9.300000000000011 0.0 0.0 0.3 0.05 0.8 0.3 0.05 0.8 0.5 0.1 0.05
882 4.748096704483032 0.0 0.0 0.0 0.0 0.0 0.0 0.0 0.0 0.0 0.0 0.0 0.0 0.0 0.0 0.0 0.0 0.0 0.0 0.0 0.0 0.0 0.0 0.0 9.300000000000011 0.0 0.0 9.300000000000011 0.0 0.0 0.3 0.05 0.8 0.3 0.05 0.8 0.5 0.1 0.05
883 4.7533791065216064 0.0 0.0 0.0 0.0 0.0 0.0 0.0 0.0 0.0 0.0 0.0 0.0 0.0 0.0 0.0 0.0 0.0 0.0 0.0 0.0 0.0 0.0 0.0 9.300000000000011 0.0 0.0 9.300000000000011 0.0 0.0 0.3 0.05 0.8 0.3 0.05 0.8 0.5 0.1 0.05
884 4.758654832839966 0.0 0.0 0.0 0.0 0.0 0.0 0.0 0.0 0.0 0.0 0.0 0.0 0.0 0.0 0.0 0.0 0.0 0.0 0.0 0.0 0.0 0.0 0.0 9.300000000000011 0.0 0.0 9.300000000000011 0.0 0.0 0.3 0.05 0.8 0.3 0.05 0.8 0.5 0.1 0.05
885 4.763891220092773 0.0 0.0 0.0 0.0 0.0 0.0 0.0 0.0 0.0 0.0 0.0 0.0 0.0 0.0 0.0 0.0 0.0 0.0 0.0 0.0 0.0 0.0 0.0 9.300000000000011 0.0 0.0 9.300000000000011 0.0 0.0 0.3 0.05 0.8 0.3 0.05 0.8 0.5 0.1 0.05
886 4.769124507904053 0.0 0.0 0.0 0.0 0.0 0.0 0.0 0.0 0.0 0.0 0.0 0.0 0.0 0.0 0.0 0.0 0.0 0.0 0.0 0.0 0.0 0.0 0.0 9.300000000000011 0.0 0.0 9.300000000000011 0.0 0.0 0.3 0.05 0.8 0.3 0.05 0.8 0.5 0.1 0.05
887 4.77445125579834 0.0 0.0 0.0 0.0 0.0 0.0 0.0 0.0 0.0 0.0 0.0 0.0 0.0 0.0 0.0 0.0 0.0 0.0 0.0 0.0 0.0 0.0 0.0 9.300000000000011 0.0 0.0 9.300000000000011 0.0 0.0 0.3 0.05 0.8 0.3 0.05 0.8 0.5 0.1 0.05
888 4.7797324657440186 0.0 0.0 0.0 0.0 0.0 0.0 0.0 0.0 0.0 0.0 0.0 0.0 0.0 0.0 0.0 0.0 0.0 0.0 0.0 0.0 0.0 0.0 0.0 9.300000000000011 0.0 0.0 9.300000000000011 0.0 0.0 0.3 0.05 0.8 0.3 0.05 0.8 0.5 0.1 0.05
889 4.785066366195679 0.0 0.0 0.0 0.0 0.0 0.0 0.0 0.0 0.0 0.0 0.0 0.0 0.0 0.0 0.0 0.0 0.0 0.0 0.0 0.0 0.0 0.0 0.0 9.300000000000011 0.0 0.0 9.300000000000011 0.0 0.0 0.3 0.05 0.8 0.3 0.05 0.8 0.5 0.1 0.05
890 4.790336847305298 0.0 0.0 0.0 0.0 0.0 0.0 0.0 0.0 0.0 0.0 0.0 0.0 0.0 0.0 0.0 0.0 0.0 0.0 0.0 0.0 0.0 0.0 0.0 9.300000000000011 0.0 0.0 9.300000000000011 0.0 0.0 0.3 0.05 0.8 0.3 0.05 0.8 0.5 0.1 0.05
891 4.795793056488037 0.0 0.0 0.0 0.0 0.0 0.0 0.0 0.0 0.0 0.0 0.0 0.0 0.0 0.0 0.0 0.0 0.0 0.0 0.0 0.0 0.0 0.0 0.0 9.300000000000011 0.0 0.0 9.300000000000011 0.0 0.0 0.3 0.05 0.8 0.3 0.05 0.8 0.5 0.1 0.05
892 4.801235198974609 0.0 0.0 0.0 0.0 0.0 0.0 0.0 0.0 0.0 0.0 0.0 0.0 0.0 0.0 0.0 0.0 0.0 0.0 0.0 0.0 0.0 0.0 0.0 9.300000000000011 0.0 0.0 9.300000000000011 0.0 0.0 0.3 0.05 0.8 0.3 0.05 0.8 0.5 0.1 0.05
893 4.80653190612793 0.0 0.0 0.0 0.0 0.0 0.0 0.0 0.0 0.0 0.0 0.0 0.0 0.0 0.0 0.0 0.0 0.0 0.0 0.0 0.0 0.0 0.0 0.0 9.300000000000011 0.0 0.0 9.300000000000011 0.0 0.0 0.3 0.05 0.8 0.3 0.05 0.8 0.5 0.1 0.05
894 4.811769008636475 0.0 0.0 0.0 0.0 0.0 0.0 0.0 0.0 0.0 0.0 0.0 0.0 0.0 0.0 0.0 0.0 0.0 0.0 0.0 0.0 0.0 0.0 0.0 9.300000000000011 0.0 0.0 9.300000000000011 0.0 0.0 0.3 0.05 0.8 0.3 0.05 0.8 0.5 0.1 0.05
895 4.816977262496948 0.0 0.0 0.0 0.0 0.0 0.0 0.0 0.0 0.0 0.0 0.0 0.0 0.0 0.0 0.0 0.0 0.0 0.0 0.0 0.0 0.0 0.0 0.0 9.300000000000011 0.0 0.0 9.300000000000011 0.0 0.0 0.3 0.05 0.8 0.3 0.05 0.8 0.5 0.1 0.05
896 4.822211027145386 0.0 0.0 0.0 0.0 0.0 0.0 0.0 0.0 0.0 0.0 0.0 0.0 0.0 0.0 0.0 0.0 0.0 0.0 0.0 0.0 0.0 0.0 0.0 9.300000000000011 0.0 0.0 9.300000000000011 0.0 0.0 0.3 0.05 0.8 0.3 0.05 0.8 0.5 0.1 0.05
897 4.827419757843018 0.0 0.0 0.0 0.0 0.0 0.0 0.0 0.0 0.0 0.0 0.0 0.0 0.0 0.0 0.0 0.0 0.0 0.0 0.0 0.0 0.0 0.0 0.0 9.300000000000011 0.0 0.0 9.300000000000011 0.0 0.0 0.3 0.05 0.8 0.3 0.05 0.8 0.5 0.1 0.05
898 4.832623720169067 0.0 0.0 0.0 0.0 0.0 0.0 0.0 0.0 0.0 0.0 0.0 0.0 0.0 0.0 0.0 0.0 0.0 0.0 0.0 0.0 0.0 0.0 0.0 9.300000000000011 0.0 0.0 9.300000000000011 0.0 0.0 0.3 0.05 0.8 0.3 0.05 0.8 0.5 0.1 0.05
899 4.8378777503967285 0.0 0.0 0.0 0.0 0.0 0.0 0.0 0.0 0.0 0.0 0.0 0.0 0.0 0.0 0.0 0.0 0.0 0.0 0.0 0.0 0.0 0.0 0.0 9.300000000000011 0.0 0.0 9.300000000000011 0.0 0.0 0.3 0.05 0.8 0.3 0.05 0.8 0.5 0.1 0.05
900 4.843298435211182 0.0 0.0 0.0 0.0 0.0 0.0 0.0 0.0 0.0 0.0 0.0 0.0 0.0 0.0 0.0 0.0 0.0 0.0 0.0 0.0 0.0 0.0 0.0 9.300000000000011 0.0 0.0 9.300000000000011 0.0 0.0 0.3 0.05 0.8 0.3 0.05 0.8 0.5 0.1 0.05
901 4.84875226020813 0.0 0.0 0.0 0.0 0.0 0.0 0.0 0.0 0.0 0.0 0.0 0.0 0.0 0.0 0.0 0.0 0.0 0.0 0.0 0.0 0.0 0.0 0.0 9.300000000000011 0.0 0.0 9.300000000000011 0.0 0.0 0.3 0.05 0.8 0.3 0.05 0.8 0.5 0.1 0.05
902 4.854159116744995 0.0 0.0 0.0 0.0 0.0 0.0 0.0 0.0 0.0 0.0 0.0 0.0 0.0 0.0 0.0 0.0 0.0 0.0 0.0 0.0 0.0 0.0 0.0 9.300000000000011 0.0 0.0 9.300000000000011 0.0 0.0 0.3 0.05 0.8 0.3 0.05 0.8 0.5 0.1 0.05
903 4.859503507614136 0.0 0.0 0.0 0.0 0.0 0.0 0.0 0.0 0.0 0.0 0.0 0.0 0.0 0.0 0.0 0.0 0.0 0.0 0.0 0.0 0.0 0.0 0.0 9.300000000000011 0.0 0.0 9.300000000000011 0.0 0.0 0.3 0.05 0.8 0.3 0.05 0.8 0.5 0.1 0.05
904 4.864750146865845 0.0 0.0 0.0 0.0 0.0 0.0 0.0 0.0 0.0 0.0 0.0 0.0 0.0 0.0 0.0 0.0 0.0 0.0 0.0 0.0 0.0 0.0 0.0 9.300000000000011 0.0 0.0 9.300000000000011 0.0 0.0 0.3 0.05 0.8 0.3 0.05 0.8 0.5 0.1 0.05
905 4.870023488998413 0.0 0.0 0.0 0.0 0.0 0.0 0.0 0.0 0.0 0.0 0.0 0.0 0.0 0.0 0.0 0.0 0.0 0.0 0.0 0.0 0.0 0.0 0.0 9.300000000000011 0.0 0.0 9.300000000000011 0.0 0.0 0.3 0.05 0.8 0.3 0.05 0.8 0.5 0.1 0.05
906 4.875380039215088 0.0 0.0 0.0 0.0 0.0 0.0 0.0 0.0 0.0 0.0 0.0 0.0 0.0 0.0 0.0 0.0 0.0 0.0 0.0 0.0 0.0 0.0 0.0 9.300000000000011 0.0 0.0 9.300000000000011 0.0 0.0 0.3 0.05 0.8 0.3 0.05 0.8 0.5 0.1 0.05
907 4.880654335021973 0.0 0.0 0.0 0.0 0.0 0.0 0.0 0.0 0.0 0.0 0.0 0.0 0.0 0.0 0.0 0.0 0.0 0.0 0.0 0.0 0.0 0.0 0.0 9.300000000000011 0.0 0.0 9.300000000000011 0.0 0.0 0.3 0.05 0.8 0.3 0.05 0.8 0.5 0.1 0.05
908 4.885915279388428 0.0 0.0 0.0 0.0 0.0 0.0 0.0 0.0 0.0 0.0 0.0 0.0 0.0 0.0 0.0 0.0 0.0 0.0 0.0 0.0 0.0 0.0 0.0 9.300000000000011 0.0 0.0 9.300000000000011 0.0 0.0 0.3 0.05 0.8 0.3 0.05 0.8 0.5 0.1 0.05
909 4.8911778926849365 0.0 0.0 0.0 0.0 0.0 0.0 0.0 0.0 0.0 0.0 0.0 0.0 0.0 0.0 0.0 0.0 0.0 0.0 0.0 0.0 0.0 0.0 0.0 9.300000000000011 0.0 0.0 9.300000000000011 0.0 0.0 0.3 0.05 0.8 0.3 0.05 0.8 0.5 0.1 0.05
910 4.89638614654541 0.0 0.0 0.0 0.0 0.0 0.0 0.0 0.0 0.0 0.0 0.0 0.0 0.0 0.0 0.0 0.0 0.0 0.0 0.0 0.0 0.0 0.0 0.0 9.300000000000011 0.0 0.0 9.300000000000011 0.0 0.0 0.3 0.05 0.8 0.3 0.05 0.8 0.5 0.1 0.05
911 4.9017014503479 0.0 0.0 0.0 0.0 0.0 0.0 0.0 0.0 0.0 0.0 0.0 0.0 0.0 0.0 0.0 0.0 0.0 0.0 0.0 0.0 0.0 0.0 0.0 9.300000000000011 0.0 0.0 9.300000000000011 0.0 0.0 0.3 0.05 0.8 0.3 0.05 0.8 0.5 0.1 0.05
912 4.907026052474976 0.0 0.0 0.0 0.0 0.0 0.0 0.0 0.0 0.0 0.0 0.0 0.0 0.0 0.0 0.0 0.0 0.0 0.0 0.0 0.0 0.0 0.0 0.0 9.300000000000011 0.0 0.0 9.300000000000011 0.0 0.0 0.3 0.05 0.8 0.3 0.05 0.8 0.5 0.1 0.05
913 4.912307024002075 0.0 0.0 0.0 0.0 0.0 0.0 0.0 0.0 0.0 0.0 0.0 0.0 0.0 0.0 0.0 0.0 0.0 0.0 0.0 0.0 0.0 0.0 0.0 9.300000000000011 0.0 0.0 9.300000000000011 0.0 0.0 0.3 0.05 0.8 0.3 0.05 0.8 0.5 0.1 0.05
914 4.917605400085449 0.0 0.0 0.0 0.0 0.0 0.0 0.0 0.0 0.0 0.0 0.0 0.0 0.0 0.0 0.0 0.0 0.0 0.0 0.0 0.0 0.0 0.0 0.0 9.300000000000011 0.0 0.0 9.300000000000011 0.0 0.0 0.3 0.05 0.8 0.3 0.05 0.8 0.5 0.1 0.05
915 4.922915458679199 0.0 0.0 0.0 0.0 0.0 0.0 0.0 0.0 0.0 0.0 0.0 0.0 0.0 0.0 0.0 0.0 0.0 0.0 0.0 0.0 0.0 0.0 0.0 9.300000000000011 0.0 0.0 9.300000000000011 0.0 0.0 0.3 0.05 0.8 0.3 0.05 0.8 0.5 0.1 0.05
916 4.928144454956055 0.0 0.0 0.0 0.0 0.0 0.0 0.0 0.0 0.0 0.0 0.0 0.0 0.0 0.0 0.0 0.0 0.0 0.0 0.0 0.0 0.0 0.0 0.0 9.300000000000011 0.0 0.0 9.300000000000011 0.0 0.0 0.3 0.05 0.8 0.3 0.05 0.8 0.5 0.1 0.05
917 4.933389663696289 0.0 0.0 0.0 0.0 0.0 0.0 0.0 0.0 0.0 0.0 0.0 0.0 0.0 0.0 0.0 0.0 0.0 0.0 0.0 0.0 0.0 0.0 0.0 9.300000000000011 0.0 0.0 9.300000000000011 0.0 0.0 0.3 0.05 0.8 0.3 0.05 0.8 0.5 0.1 0.05
918 4.938608884811401 0.0 0.0 0.0 0.0 0.0 0.0 0.0 0.0 0.0 0.0 0.0 0.0 0.0 0.0 0.0 0.0 0.0 0.0 0.0 0.0 0.0 0.0 0.0 9.300000000000011 0.0 0.0 9.300000000000011 0.0 0.0 0.3 0.05 0.8 0.3 0.05 0.8 0.5 0.1 0.05
919 4.94394588470459 0.0 0.0 0.0 0.0 0.0 0.0 0.0 0.0 0.0 0.0 0.0 0.0 0.0 0.0 0.0 0.0 0.0 0.0 0.0 0.0 0.0 0.0 0.0 9.300000000000011 0.0 0.0 9.300000000000011 0.0 0.0 0.3 0.05 0.8 0.3 0.05 0.8 0.5 0.1 0.05
920 4.9492998123168945 0.0 0.0 0.0 0.0 0.0 0.0 0.0 0.0 0.0 0.0 0.0 0.0 0.0 0.0 0.0 0.0 0.0 0.0 0.0 0.0 0.0 0.0 0.0 9.300000000000011 0.0 0.0 9.300000000000011 0.0 0.0 0.3 0.05 0.8 0.3 0.05 0.8 0.5 0.1 0.05
921 4.954654932022095 0.0 0.0 0.0 0.0 0.0 0.0 0.0 0.0 0.0 0.0 0.0 0.0 0.0 0.0 0.0 0.0 0.0 0.0 0.0 0.0 0.0 0.0 0.0 9.300000000000011 0.0 0.0 9.300000000000011 0.0 0.0 0.3 0.05 0.8 0.3 0.05 0.8 0.5 0.1 0.05
922 4.959989309310913 0.0 0.0 0.0 0.0 0.0 0.0 0.0 0.0 0.0 0.0 0.0 0.0 0.0 0.0 0.0 0.0 0.0 0.0 0.0 0.0 0.0 0.0 0.0 9.300000000000011 0.0 0.0 9.300000000000011 0.0 0.0 0.3 0.05 0.8 0.3 0.05 0.8 0.5 0.1 0.05
923 4.965289831161499 0.0 0.0 0.0 0.0 0.0 0.0 0.0 0.0 0.0 0.0 0.0 0.0 0.0 0.0 0.0 0.0 0.0 0.0 0.0 0.0 0.0 0.0 0.0 9.300000000000011 0.0 0.0 9.300000000000011 0.0 0.0 0.3 0.05 0.8 0.3 0.05 0.8 0.5 0.1 0.05
924 4.970563173294067 0.0 0.0 0.0 0.0 0.0 0.0 0.0 0.0 0.0 0.0 0.0 0.0 0.0 0.0 0.0 0.0 0.0 0.0 0.0 0.0 0.0 0.0 0.0 9.300000000000011 0.0 0.0 9.300000000000011 0.0 0.0 0.3 0.05 0.8 0.3 0.05 0.8 0.5 0.1 0.05
925 4.975784063339233 0.0 0.0 0.0 0.0 0.0 0.0 0.0 0.0 0.0 0.0 0.0 0.0 0.0 0.0 0.0 0.0 0.0 0.0 0.0 0.0 0.0 0.0 0.0 9.300000000000011 0.0 0.0 9.300000000000011 0.0 0.0 0.3 0.05 0.8 0.3 0.05 0.8 0.5 0.1 0.05
926 4.981144666671753 0.0 0.0 0.0 0.0 0.0 0.0 0.0 0.0 0.0 0.0 0.0 0.0 0.0 0.0 0.0 0.0 0.0 0.0 0.0 0.0 0.0 0.0 0.0 9.300000000000011 0.0 0.0 9.300000000000011 0.0 0.0 0.3 0.05 0.8 0.3 0.05 0.8 0.5 0.1 0.05
927 4.986476182937622 0.0 0.0 0.0 0.0 0.0 0.0 0.0 0.0 0.0 0.0 0.0 0.0 0.0 0.0 0.0 0.0 0.0 0.0 0.0 0.0 0.0 0.0 0.0 9.300000000000011 0.0 0.0 9.300000000000011 0.0 0.0 0.3 0.05 0.8 0.3 0.05 0.8 0.5 0.1 0.05
928 4.991736888885498 0.0 0.0 0.0 0.0 0.0 0.0 0.0 0.0 0.0 0.0 0.0 0.0 0.0 0.0 0.0 0.0 0.0 0.0 0.0 0.0 0.0 0.0 0.0 9.300000000000011 0.0 0.0 9.300000000000011 0.0 0.0 0.3 0.05 0.8 0.3 0.05 0.8 0.5 0.1 0.05
929 4.996964931488037 0.0 0.0 0.0 0.0 0.0 0.0 0.0 0.0 0.0 0.0 0.0 0.0 0.0 0.0 0.0 0.0 0.0 0.0 0.0 0.0 0.0 0.0 0.0 9.300000000000011 0.0 0.0 9.300000000000011 0.0 0.0 0.3 0.05 0.8 0.3 0.05 0.8 0.5 0.1 0.05
930 5.002231597900391 0.0 0.0 0.0 0.0 0.0 0.0 0.0 0.0 0.0 0.0 0.0 0.0 0.0 0.0 0.0 0.0 0.0 0.0 0.0 0.0 0.0 0.0 0.0 9.300000000000011 0.0 0.0 9.300000000000011 0.0 0.0 0.3 0.05 0.8 0.3 0.05 0.8 0.5 0.1 0.05
931 5.007765531539917 0.0 0.0 0.0 0.0 0.0 0.0 0.0 0.0 0.0 0.0 0.0 0.0 0.0 0.0 0.0 0.0 0.0 0.0 0.0 0.0 0.0 0.0 0.0 9.300000000000011 0.0 0.0 9.300000000000011 0.0 0.0 0.3 0.05 0.8 0.3 0.05 0.8 0.5 0.1 0.05
932 5.013123989105225 0.0 0.0 0.0 0.0 0.0 0.0 0.0 0.0 0.0 0.0 0.0 0.0 0.0 0.0 0.0 0.0 0.0 0.0 0.0 0.0 0.0 0.0 0.0 9.300000000000011 0.0 0.0 9.300000000000011 0.0 0.0 0.3 0.05 0.8 0.3 0.05 0.8 0.5 0.1 0.05
933 5.018415451049805 0.0 0.0 0.0 0.0 0.0 0.0 0.0 0.0 0.0 0.0 0.0 0.0 0.0 0.0 0.0 0.0 0.0 0.0 0.0 0.0 0.0 0.0 0.0 9.300000000000011 0.0 0.0 9.300000000000011 0.0 0.0 0.3 0.05 0.8 0.3 0.05 0.8 0.5 0.1 0.05
934 5.0236358642578125 0.0 0.0 0.0 0.0 0.0 0.0 0.0 0.0 0.0 0.0 0.0 0.0 0.0 0.0 0.0 0.0 0.0 0.0 0.0 0.0 0.0 0.0 0.0 9.300000000000011 0.0 0.0 9.300000000000011 0.0 0.0 0.3 0.05 0.8 0.3 0.05 0.8 0.5 0.1 0.05
935 5.02885627746582 0.0 0.0 0.0 0.0 0.0 0.0 0.0 0.0 0.0 0.0 0.0 0.0 0.0 0.0 0.0 0.0 0.0 0.0 0.0 0.0 0.0 0.0 0.0 9.300000000000011 0.0 0.0 9.300000000000011 0.0 0.0 0.3 0.05 0.8 0.3 0.05 0.8 0.5 0.1 0.05
936 5.0340800285339355 0.0 0.0 0.0 0.0 0.0 0.0 0.0 0.0 0.0 0.0 0.0 0.0 0.0 0.0 0.0 0.0 0.0 0.0 0.0 0.0 0.0 0.0 0.0 9.300000000000011 0.0 0.0 9.300000000000011 0.0 0.0 0.3 0.05 0.8 0.3 0.05 0.8 0.5 0.1 0.05
937 5.039290428161621 0.0 0.0 0.0 0.0 0.0 0.0 0.0 0.0 0.0 0.0 0.0 0.0 0.0 0.0 0.0 0.0 0.0 0.0 0.0 0.0 0.0 0.0 0.0 9.300000000000011 0.0 0.0 9.300000000000011 0.0 0.0 0.3 0.05 0.8 0.3 0.05 0.8 0.5 0.1 0.05
938 5.0445873737335205 0.0 0.0 0.0 0.0 0.0 0.0 0.0 0.0 0.0 0.0 0.0 0.0 0.0 0.0 0.0 0.0 0.0 0.0 0.0 0.0 0.0 0.0 0.0 9.300000000000011 0.0 0.0 9.300000000000011 0.0 0.0 0.3 0.05 0.8 0.3 0.05 0.8 0.5 0.1 0.05
939 5.050058364868164 0.0 0.0 0.0 0.0 0.0 0.0 0.0 0.0 0.0 0.0 0.0 0.0 0.0 0.0 0.0 0.0 0.0 0.0 0.0 0.0 0.0 0.0 0.0 9.300000000000011 0.0 0.0 9.300000000000011 0.0 0.0 0.3 0.05 0.8 0.3 0.05 0.8 0.5 0.1 0.05
940 5.055309534072876 0.0 0.0 0.0 0.0 0.0 0.0 0.0 0.0 0.0 0.0 0.0 0.0 0.0 0.0 0.0 0.0 0.0 0.0 0.0 0.0 0.0 0.0 0.0 9.300000000000011 0.0 0.0 9.300000000000011 0.0 0.0 0.3 0.05 0.8 0.3 0.05 0.8 0.5 0.1 0.05
941 5.060657262802124 0.0 0.0 0.0 0.0 0.0 0.0 0.0 0.0 0.0 0.0 0.0 0.0 0.0 0.0 0.0 0.0 0.0 0.0 0.0 0.0 0.0 0.0 0.0 9.300000000000011 0.0 0.0 9.300000000000011 0.0 0.0 0.3 0.05 0.8 0.3 0.05 0.8 0.5 0.1 0.05
942 5.066274642944336 0.0 0.0 0.0 0.0 0.0 0.0 0.0 0.0 0.0 0.0 0.0 0.0 0.0 0.0 0.0 0.0 0.0 0.0 0.0 0.0 0.0 0.0 0.0 9.300000000000011 0.0 0.0 9.300000000000011 0.0 0.0 0.3 0.05 0.8 0.3 0.05 0.8 0.5 0.1 0.05
943 5.0716164112091064 0.0 0.0 0.0 0.0 0.0 0.0 0.0 0.0 0.0 0.0 0.0 0.0 0.0 0.0 0.0 0.0 0.0 0.0 0.0 0.0 0.0 0.0 0.0 9.300000000000011 0.0 0.0 9.300000000000011 0.0 0.0 0.3 0.05 0.8 0.3 0.05 0.8 0.5 0.1 0.05
944 5.076890468597412 0.0 0.0 0.0 0.0 0.0 0.0 0.0 0.0 0.0 0.0 0.0 0.0 0.0 0.0 0.0 0.0 0.0 0.0 0.0 0.0 0.0 0.0 0.0 9.300000000000011 0.0 0.0 9.300000000000011 0.0 0.0 0.3 0.05 0.8 0.3 0.05 0.8 0.5 0.1 0.05
945 5.082239389419556 0.0 0.0 0.0 0.0 0.0 0.0 0.0 0.0 0.0 0.0 0.0 0.0 0.0 0.0 0.0 0.0 0.0 0.0 0.0 0.0 0.0 0.0 0.0 9.300000000000011 0.0 0.0 9.300000000000011 0.0 0.0 0.3 0.05 0.8 0.3 0.05 0.8 0.5 0.1 0.05
946 5.087504148483276 0.0 0.0 0.0 0.0 0.0 0.0 0.0 0.0 0.0 0.0 0.0 0.0 0.0 0.0 0.0 0.0 0.0 0.0 0.0 0.0 0.0 0.0 0.0 9.300000000000011 0.0 0.0 9.300000000000011 0.0 0.0 0.3 0.05 0.8 0.3 0.05 0.8 0.5 0.1 0.05
947 5.092747449874878 0.0 0.0 0.0 0.0 0.0 0.0 0.0 0.0 0.0 0.0 0.0 0.0 0.0 0.0 0.0 0.0 0.0 0.0 0.0 0.0 0.0 0.0 0.0 9.300000000000011 0.0 0.0 9.300000000000011 0.0 0.0 0.3 0.05 0.8 0.3 0.05 0.8 0.5 0.1 0.05
948 5.098007440567017 0.0 0.0 0.0 0.0 0.0 0.0 0.0 0.0 0.0 0.0 0.0 0.0 0.0 0.0 0.0 0.0 0.0 0.0 0.0 0.0 0.0 0.0 0.0 9.300000000000011 0.0 0.0 9.300000000000011 0.0 0.0 0.3 0.05 0.8 0.3 0.05 0.8 0.5 0.1 0.05
949 5.103273868560791 0.0 0.0 0.0 0.0 0.0 0.0 0.0 0.0 0.0 0.0 0.0 0.0 0.0 0.0 0.0 0.0 0.0 0.0 0.0 0.0 0.0 0.0 0.0 9.300000000000011 0.0 0.0 9.300000000000011 0.0 0.0 0.3 0.05 0.8 0.3 0.05 0.8 0.5 0.1 0.05
950 5.108554840087891 0.0 0.0 0.0 0.0 0.0 0.0 0.0 0.0 0.0 0.0 0.0 0.0 0.0 0.0 0.0 0.0 0.0 0.0 0.0 0.0 0.0 0.0 0.0 9.300000000000011 0.0 0.0 9.300000000000011 0.0 0.0 0.3 0.05 0.8 0.3 0.05 0.8 0.5 0.1 0.05
951 5.114052772521973 0.0 0.0 0.0 0.0 0.0 0.0 0.0 0.0 0.0 0.0 0.0 0.0 0.0 0.0 0.0 0.0 0.0 0.0 0.0 0.0 0.0 0.0 0.0 9.300000000000011 0.0 0.0 9.300000000000011 0.0 0.0 0.3 0.05 0.8 0.3 0.05 0.8 0.5 0.1 0.05
952 5.119445085525513 0.0 0.0 0.0 0.0 0.0 0.0 0.0 0.0 0.0 0.0 0.0 0.0 0.0 0.0 0.0 0.0 0.0 0.0 0.0 0.0 0.0 0.0 0.0 9.300000000000011 0.0 0.0 9.300000000000011 0.0 0.0 0.3 0.05 0.8 0.3 0.05 0.8 0.5 0.1 0.05
953 5.124861478805542 0.0 0.0 0.0 0.0 0.0 0.0 0.0 0.0 0.0 0.0 0.0 0.0 0.0 0.0 0.0 0.0 0.0 0.0 0.0 0.0 0.0 0.0 0.0 9.300000000000011 0.0 0.0 9.300000000000011 0.0 0.0 0.3 0.05 0.8 0.3 0.05 0.8 0.5 0.1 0.05
954 5.130167722702026 0.0 0.0 0.0 0.0 0.0 0.0 0.0 0.0 0.0 0.0 0.0 0.0 0.0 0.0 0.0 0.0 0.0 0.0 0.0 0.0 0.0 0.0 0.0 9.300000000000011 0.0 0.0 9.300000000000011 0.0 0.0 0.3 0.05 0.8 0.3 0.05 0.8 0.5 0.1 0.05
955 5.135409593582153 0.0 0.0 0.0 0.0 0.0 0.0 0.0 0.0 0.0 0.0 0.0 0.0 0.0 0.0 0.0 0.0 0.0 0.0 0.0 0.0 0.0 0.0 0.0 9.300000000000011 0.0 0.0 9.300000000000011 0.0 0.0 0.3 0.05 0.8 0.3 0.05 0.8 0.5 0.1 0.05
956 5.140763282775879 0.0 0.0 0.0 0.0 0.0 0.0 0.0 0.0 0.0 0.0 0.0 0.0 0.0 0.0 0.0 0.0 0.0 0.0 0.0 0.0 0.0 0.0 0.0 9.300000000000011 0.0 0.0 9.300000000000011 0.0 0.0 0.3 0.05 0.8 0.3 0.05 0.8 0.5 0.1 0.05
957 5.146083116531372 0.0 0.0 0.0 0.0 0.0 0.0 0.0 0.0 0.0 0.0 0.0 0.0 0.0 0.0 0.0 0.0 0.0 0.0 0.0 0.0 0.0 0.0 0.0 9.300000000000011 0.0 0.0 9.300000000000011 0.0 0.0 0.3 0.05 0.8 0.3 0.05 0.8 0.5 0.1 0.05
958 5.1515212059021 0.0 0.0 0.0 0.0 0.0 0.0 0.0 0.0 0.0 0.0 0.0 0.0 0.0 0.0 0.0 0.0 0.0 0.0 0.0 0.0 0.0 0.0 0.0 9.300000000000011 0.0 0.0 9.300000000000011 0.0 0.0 0.3 0.05 0.8 0.3 0.05 0.8 0.5 0.1 0.05
959 5.156854629516602 0.0 0.0 0.0 0.0 0.0 0.0 0.0 0.0 0.0 0.0 0.0 0.0 0.0 0.0 0.0 0.0 0.0 0.0 0.0 0.0 0.0 0.0 0.0 9.300000000000011 0.0 0.0 9.300000000000011 0.0 0.0 0.3 0.05 0.8 0.3 0.05 0.8 0.5 0.1 0.05
960 5.16212272644043 0.0 0.0 0.0 0.0 0.0 0.0 0.0 0.0 0.0 0.0 0.0 0.0 0.0 0.0 0.0 0.0 0.0 0.0 0.0 0.0 0.0 0.0 0.0 9.300000000000011 0.0 0.0 9.300000000000011 0.0 0.0 0.3 0.05 0.8 0.3 0.05 0.8 0.5 0.1 0.05
961 5.167508602142334 0.0 0.0 0.0 0.0 0.0 0.0 0.0 0.0 0.0 0.0 0.0 0.0 0.0 0.0 0.0 0.0 0.0 0.0 0.0 0.0 0.0 0.0 0.0 9.300000000000011 0.0 0.0 9.300000000000011 0.0 0.0 0.3 0.05 0.8 0.3 0.05 0.8 0.5 0.1 0.05
962 5.172817945480347 0.0 0.0 0.0 0.0 0.0 0.0 0.0 0.0 0.0 0.0 0.0 0.0 0.0 0.0 0.0 0.0 0.0 0.0 0.0 0.0 0.0 0.0 0.0 9.300000000000011 0.0 0.0 9.300000000000011 0.0 0.0 0.3 0.05 0.8 0.3 0.05 0.8 0.5 0.1 0.05
963 5.178445816040039 0.0 0.0 0.0 0.0 0.0 0.0 0.0 0.0 0.0 0.0 0.0 0.0 0.0 0.0 0.0 0.0 0.0 0.0 0.0 0.0 0.0 0.0 0.0 9.300000000000011 0.0 0.0 9.300000000000011 0.0 0.0 0.3 0.05 0.8 0.3 0.05 0.8 0.5 0.1 0.05
964 5.183899402618408 0.0 0.0 0.0 0.0 0.0 0.0 0.0 0.0 0.0 0.0 0.0 0.0 0.0 0.0 0.0 0.0 0.0 0.0 0.0 0.0 0.0 0.0 0.0 9.300000000000011 0.0 0.0 9.300000000000011 0.0 0.0 0.3 0.05 0.8 0.3 0.05 0.8 0.5 0.1 0.05
965 5.189330101013184 0.0 0.0 0.0 0.0 0.0 0.0 0.0 0.0 0.0 0.0 0.0 0.0 0.0 0.0 0.0 0.0 0.0 0.0 0.0 0.0 0.0 0.0 0.0 9.300000000000011 0.0 0.0 9.300000000000011 0.0 0.0 0.3 0.05 0.8 0.3 0.05 0.8 0.5 0.1 0.05
966 5.194705009460449 0.0 0.0 0.0 0.0 0.0 0.0 0.0 0.0 0.0 0.0 0.0 0.0 0.0 0.0 0.0 0.0 0.0 0.0 0.0 0.0 0.0 0.0 0.0 9.300000000000011 0.0 0.0 9.300000000000011 0.0 0.0 0.3 0.05 0.8 0.3 0.05 0.8 0.5 0.1 0.05
967 5.200052499771118 0.0 0.0 0.0 0.0 0.0 0.0 0.0 0.0 0.0 0.0 0.0 0.0 0.0 0.0 0.0 0.0 0.0 0.0 0.0 0.0 0.0 0.0 0.0 9.300000000000011 0.0 0.0 9.300000000000011 0.0 0.0 0.3 0.05 0.8 0.3 0.05 0.8 0.5 0.1 0.05
968 5.2053444385528564 0.0 0.0 0.0 0.0 0.0 0.0 0.0 0.0 0.0 0.0 0.0 0.0 0.0 0.0 0.0 0.0 0.0 0.0 0.0 0.0 0.0 0.0 0.0 9.300000000000011 0.0 0.0 9.300000000000011 0.0 0.0 0.3 0.05 0.8 0.3 0.05 0.8 0.5 0.1 0.05
969 5.2106921672821045 0.0 0.0 0.0 0.0 0.0 0.0 0.0 0.0 0.0 0.0 0.0 0.0 0.0 0.0 0.0 0.0 0.0 0.0 0.0 0.0 0.0 0.0 0.0 9.300000000000011 0.0 0.0 9.300000000000011 0.0 0.0 0.3 0.05 0.8 0.3 0.05 0.8 0.5 0.1 0.05
970 5.215968608856201 0.0 0.0 0.0 0.0 0.0 0.0 0.0 0.0 0.0 0.0 0.0 0.0 0.0 0.0 0.0 0.0 0.0 0.0 0.0 0.0 0.0 0.0 0.0 9.300000000000011 0.0 0.0 9.300000000000011 0.0 0.0 0.3 0.05 0.8 0.3 0.05 0.8 0.5 0.1 0.05
971 5.221340656280518 0.0 0.0 0.0 0.0 0.0 0.0 0.0 0.0 0.0 0.0 0.0 0.0 0.0 0.0 0.0 0.0 0.0 0.0 0.0 0.0 0.0 0.0 0.0 9.300000000000011 0.0 0.0 9.300000000000011 0.0 0.0 0.3 0.05 0.8 0.3 0.05 0.8 0.5 0.1 0.05
972 5.226644277572632 0.0 0.0 0.0 0.0 0.0 0.0 0.0 0.0 0.0 0.0 0.0 0.0 0.0 0.0 0.0 0.0 0.0 0.0 0.0 0.0 0.0 0.0 0.0 9.300000000000011 0.0 0.0 9.300000000000011 0.0 0.0 0.3 0.05 0.8 0.3 0.05 0.8 0.5 0.1 0.05
973 5.231983184814453 0.0 0.0 0.0 0.0 0.0 0.0 0.0 0.0 0.0 0.0 0.0 0.0 0.0 0.0 0.0 0.0 0.0 0.0 0.0 0.0 0.0 0.0 0.0 9.300000000000011 0.0 0.0 9.300000000000011 0.0 0.0 0.3 0.05 0.8 0.3 0.05 0.8 0.5 0.1 0.05
974 5.237270355224609 0.0 0.0 0.0 0.0 0.0 0.0 0.0 0.0 0.0 0.0 0.0 0.0 0.0 0.0 0.0 0.0 0.0 0.0 0.0 0.0 0.0 0.0 0.0 9.300000000000011 0.0 0.0 9.300000000000011 0.0 0.0 0.3 0.05 0.8 0.3 0.05 0.8 0.5 0.1 0.05
975 5.2426698207855225 0.0 0.0 0.0 0.0 0.0 0.0 0.0 0.0 0.0 0.0 0.0 0.0 0.0 0.0 0.0 0.0 0.0 0.0 0.0 0.0 0.0 0.0 0.0 9.300000000000011 0.0 0.0 9.300000000000011 0.0 0.0 0.3 0.05 0.8 0.3 0.05 0.8 0.5 0.1 0.05
976 5.248015403747559 0.0 0.0 0.0 0.0 0.0 0.0 0.0 0.0 0.0 0.0 0.0 0.0 0.0 0.0 0.0 0.0 0.0 0.0 0.0 0.0 0.0 0.0 0.0 9.300000000000011 0.0 0.0 9.300000000000011 0.0 0.0 0.3 0.05 0.8 0.3 0.05 0.8 0.5 0.1 0.05
977 5.253455638885498 0.0 0.0 0.0 0.0 0.0 0.0 0.0 0.0 0.0 0.0 0.0 0.0 0.0 0.0 0.0 0.0 0.0 0.0 0.0 0.0 0.0 0.0 0.0 9.300000000000011 0.0 0.0 9.300000000000011 0.0 0.0 0.3 0.05 0.8 0.3 0.05 0.8 0.5 0.1 0.05
978 5.258862257003784 0.0 0.0 0.0 0.0 0.0 0.0 0.0 0.0 0.0 0.0 0.0 0.0 0.0 0.0 0.0 0.0 0.0 0.0 0.0 0.0 0.0 0.0 0.0 9.300000000000011 0.0 0.0 9.300000000000011 0.0 0.0 0.3 0.05 0.8 0.3 0.05 0.8 0.5 0.1 0.05
979 5.264107704162598 0.0 0.0 0.0 0.0 0.0 0.0 0.0 0.0 0.0 0.0 0.0 0.0 0.0 0.0 0.0 0.0 0.0 0.0 0.0 0.0 0.0 0.0 0.0 9.300000000000011 0.0 0.0 9.300000000000011 0.0 0.0 0.3 0.05 0.8 0.3 0.05 0.8 0.5 0.1 0.05
980 5.269344806671143 0.0 0.0 0.0 0.0 0.0 0.0 0.0 0.0 0.0 0.0 0.0 0.0 0.0 0.0 0.0 0.0 0.0 0.0 0.0 0.0 0.0 0.0 0.0 9.300000000000011 0.0 0.0 9.300000000000011 0.0 0.0 0.3 0.05 0.8 0.3 0.05 0.8 0.5 0.1 0.05
981 5.274972677230835 0.0 0.0 0.0 0.0 0.0 0.0 0.0 0.0 0.0 0.0 0.0 0.0 0.0 0.0 0.0 0.0 0.0 0.0 0.0 0.0 0.0 0.0 0.0 9.300000000000011 0.0 0.0 9.300000000000011 0.0 0.0 0.3 0.05 0.8 0.3 0.05 0.8 0.5 0.1 0.05
982 5.280321359634399 0.0 0.0 0.0 0.0 0.0 0.0 0.0 0.0 0.0 0.0 0.0 0.0 0.0 0.0 0.0 0.0 0.0 0.0 0.0 0.0 0.0 0.0 0.0 9.300000000000011 0.0 0.0 9.300000000000011 0.0 0.0 0.3 0.05 0.8 0.3 0.05 0.8 0.5 0.1 0.05
983 5.285680770874023 0.0 0.0 0.0 0.0 0.0 0.0 0.0 0.0 0.0 0.0 0.0 0.0 0.0 0.0 0.0 0.0 0.0 0.0 0.0 0.0 0.0 0.0 0.0 9.300000000000011 0.0 0.0 9.300000000000011 0.0 0.0 0.3 0.05 0.8 0.3 0.05 0.8 0.5 0.1 0.05
984 5.290985345840454 0.0 0.0 0.0 0.0 0.0 0.0 0.0 0.0 0.0 0.0 0.0 0.0 0.0 0.0 0.0 0.0 0.0 0.0 0.0 0.0 0.0 0.0 0.0 9.300000000000011 0.0 0.0 9.300000000000011 0.0 0.0 0.3 0.05 0.8 0.3 0.05 0.8 0.5 0.1 0.05
985 5.29625940322876 0.0 0.0 0.0 0.0 0.0 0.0 0.0 0.0 0.0 0.0 0.0 0.0 0.0 0.0 0.0 0.0 0.0 0.0 0.0 0.0 0.0 0.0 0.0 9.300000000000011 0.0 0.0 9.300000000000011 0.0 0.0 0.3 0.05 0.8 0.3 0.05 0.8 0.5 0.1 0.05
986 5.301520347595215 0.0 0.0 0.0 0.0 0.0 0.0 0.0 0.0 0.0 0.0 0.0 0.0 0.0 0.0 0.0 0.0 0.0 0.0 0.0 0.0 0.0 0.0 0.0 9.300000000000011 0.0 0.0 9.300000000000011 0.0 0.0 0.3 0.05 0.8 0.3 0.05 0.8 0.5 0.1 0.05
987 5.306905269622803 0.0 0.0 0.0 0.0 0.0 0.0 0.0 0.0 0.0 0.0 0.0 0.0 0.0 0.0 0.0 0.0 0.0 0.0 0.0 0.0 0.0 0.0 0.0 9.300000000000011 0.0 0.0 9.300000000000011 0.0 0.0 0.3 0.05 0.8 0.3 0.05 0.8 0.5 0.1 0.05
988 5.312174081802368 0.0 0.0 0.0 0.0 0.0 0.0 0.0 0.0 0.0 0.0 0.0 0.0 0.0 0.0 0.0 0.0 0.0 0.0 0.0 0.0 0.0 0.0 0.0 9.300000000000011 0.0 0.0 9.300000000000011 0.0 0.0 0.3 0.05 0.8 0.3 0.05 0.8 0.5 0.1 0.05
989 5.317467927932739 0.0 0.0 0.0 0.0 0.0 0.0 0.0 0.0 0.0 0.0 0.0 0.0 0.0 0.0 0.0 0.0 0.0 0.0 0.0 0.0 0.0 0.0 0.0 9.300000000000011 0.0 0.0 9.300000000000011 0.0 0.0 0.3 0.05 0.8 0.3 0.05 0.8 0.5 0.1 0.05
990 5.322770595550537 0.0 0.0 0.0 0.0 0.0 0.0 0.0 0.0 0.0 0.0 0.0 0.0 0.0 0.0 0.0 0.0 0.0 0.0 0.0 0.0 0.0 0.0 0.0 9.300000000000011 0.0 0.0 9.300000000000011 0.0 0.0 0.3 0.05 0.8 0.3 0.05 0.8 0.5 0.1 0.05
991 5.328201055526733 0.0 0.0 0.0 0.0 0.0 0.0 0.0 0.0 0.0 0.0 0.0 0.0 0.0 0.0 0.0 0.0 0.0 0.0 0.0 0.0 0.0 0.0 0.0 9.300000000000011 0.0 0.0 9.300000000000011 0.0 0.0 0.3 0.05 0.8 0.3 0.05 0.8 0.5 0.1 0.05
992 5.333521127700806 0.0 0.0 0.0 0.0 0.0 0.0 0.0 0.0 0.0 0.0 0.0 0.0 0.0 0.0 0.0 0.0 0.0 0.0 0.0 0.0 0.0 0.0 0.0 9.300000000000011 0.0 0.0 9.300000000000011 0.0 0.0 0.3 0.05 0.8 0.3 0.05 0.8 0.5 0.1 0.05
993 5.3388543128967285 0.0 0.0 0.0 0.0 0.0 0.0 0.0 0.0 0.0 0.0 0.0 0.0 0.0 0.0 0.0 0.0 0.0 0.0 0.0 0.0 0.0 0.0 0.0 9.300000000000011 0.0 0.0 9.300000000000011 0.0 0.0 0.3 0.05 0.8 0.3 0.05 0.8 0.5 0.1 0.05
994 5.344234228134155 0.0 0.0 0.0 0.0 0.0 0.0 0.0 0.0 0.0 0.0 0.0 0.0 0.0 0.0 0.0 0.0 0.0 0.0 0.0 0.0 0.0 0.0 0.0 9.300000000000011 0.0 0.0 9.300000000000011 0.0 0.0 0.3 0.05 0.8 0.3 0.05 0.8 0.5 0.1 0.05
995 5.349526643753052 0.0 0.0 0.0 0.0 0.0 0.0 0.0 0.0 0.0 0.0 0.0 0.0 0.0 0.0 0.0 0.0 0.0 0.0 0.0 0.0 0.0 0.0 0.0 9.300000000000011 0.0 0.0 9.300000000000011 0.0 0.0 0.3 0.05 0.8 0.3 0.05 0.8 0.5 0.1 0.05
996 5.35481071472168 0.0 0.0 0.0 0.0 0.0 0.0 0.0 0.0 0.0 0.0 0.0 0.0 0.0 0.0 0.0 0.0 0.0 0.0 0.0 0.0 0.0 0.0 0.0 9.300000000000011 0.0 0.0 9.300000000000011 0.0 0.0 0.3 0.05 0.8 0.3 0.05 0.8 0.5 0.1 0.05
997 5.360184907913208 0.0 0.0 0.0 0.0 0.0 0.0 0.0 0.0 0.0 0.0 0.0 0.0 0.0 0.0 0.0 0.0 0.0 0.0 0.0 0.0 0.0 0.0 0.0 9.300000000000011 0.0 0.0 9.300000000000011 0.0 0.0 0.3 0.05 0.8 0.3 0.05 0.8 0.5 0.1 0.05
998 5.365491628646851 0.0 0.0 0.0 0.0 0.0 0.0 0.0 0.0 0.0 0.0 0.0 0.0 0.0 0.0 0.0 0.0 0.0 0.0 0.0 0.0 0.0 0.0 0.0 9.300000000000011 0.0 0.0 9.300000000000011 0.0 0.0 0.3 0.05 0.8 0.3 0.05 0.8 0.5 0.1 0.05
999 5.37082839012146 0.0 0.0 0.0 0.0 0.0 0.0 0.0 0.0 0.0 0.0 0.0 0.0 0.0 0.0 0.0 0.0 0.0 0.0 0.0 0.0 0.0 0.0 0.0 9.300000000000011 0.0 0.0 9.300000000000011 0.0 0.0 0.3 0.05 0.8 0.3 0.05 0.8 0.5 0.1 0.05
1000 5.376079082489014 0.0 0.0 0.0 0.0 0.0 0.0 0.0 0.0 0.0 0.0 0.0 0.0 0.0 0.0 0.0 0.0 0.0 0.0 0.0 0.0 0.0 0.0 0.0 9.300000000000011 0.0 0.0 9.300000000000011 0.0 0.0 0.3 0.05 0.8 0.3 0.05 0.8 0.5 0.1 0.05
1001 5.381502628326416 0.0 0.0 0.0 0.0 0.0 0.0 0.0 0.0 0.0 0.0 0.0 0.0 0.0 0.0 0.0 0.0 0.0 0.0 0.0 0.0 0.0 0.0 0.0 9.300000000000011 0.0 0.0 9.300000000000011 0.0 0.0 0.3 0.05 0.8 0.3 0.05 0.8 0.5 0.1 0.05
1002 5.386816501617432 0.0 0.0 0.0 0.0 0.0 0.0 0.0 0.0 0.0 0.0 0.0 0.0 0.0 0.0 0.0 0.0 0.0 0.0 0.0 0.0 0.0 0.0 0.0 9.300000000000011 0.0 0.0 9.300000000000011 0.0 0.0 0.3 0.05 0.8 0.3 0.05 0.8 0.5 0.1 0.05
1003 5.392158031463623 0.0 0.0 0.0 0.0 0.0 0.0 0.0 0.0 0.0 0.0 0.0 0.0 0.0 0.0 0.0 0.0 0.0 0.0 0.0 0.0 0.0 0.0 0.0 9.300000000000011 0.0 0.0 9.300000000000011 0.0 0.0 0.3 0.05 0.8 0.3 0.05 0.8 0.5 0.1 0.05
1004 5.397456884384155 0.0 0.0 0.0 0.0 0.0 0.0 0.0 0.0 0.0 0.0 0.0 0.0 0.0 0.0 0.0 0.0 0.0 0.0 0.0 0.0 0.0 0.0 0.0 9.300000000000011 0.0 0.0 9.300000000000011 0.0 0.0 0.3 0.05 0.8 0.3 0.05 0.8 0.5 0.1 0.05
1005 5.40285062789917 0.0 0.0 0.0 0.0 0.0 0.0 0.0 0.0 0.0 0.0 0.0 0.0 0.0 0.0 0.0 0.0 0.0 0.0 0.0 0.0 0.0 0.0 0.0 9.300000000000011 0.0 0.0 9.300000000000011 0.0 0.0 0.3 0.05 0.8 0.3 0.05 0.8 0.5 0.1 0.05
1006 5.408181667327881 0.0 0.0 0.0 0.0 0.0 0.0 0.0 0.0 0.0 0.0 0.0 0.0 0.0 0.0 0.0 0.0 0.0 0.0 0.0 0.0 0.0 0.0 0.0 9.300000000000011 0.0 0.0 9.300000000000011 0.0 0.0 0.3 0.05 0.8 0.3 0.05 0.8 0.5 0.1 0.05
1007 5.413464546203613 0.0 0.0 0.0 0.0 0.0 0.0 0.0 0.0 0.0 0.0 0.0 0.0 0.0 0.0 0.0 0.0 0.0 0.0 0.0 0.0 0.0 0.0 0.0 9.300000000000011 0.0 0.0 9.300000000000011 0.0 0.0 0.3 0.05 0.8 0.3 0.05 0.8 0.5 0.1 0.05
1008 5.418723106384277 0.0 0.0 0.0 0.0 0.0 0.0 0.0 0.0 0.0 0.0 0.0 0.0 0.0 0.0 0.0 0.0 0.0 0.0 0.0 0.0 0.0 0.0 0.0 9.300000000000011 0.0 0.0 9.300000000000011 0.0 0.0 0.3 0.05 0.8 0.3 0.05 0.8 0.5 0.1 0.05
1009 5.423984527587891 0.0 0.0 0.0 0.0 0.0 0.0 0.0 0.0 0.0 0.0 0.0 0.0 0.0 0.0 0.0 0.0 0.0 0.0 0.0 0.0 0.0 0.0 0.0 9.300000000000011 0.0 0.0 9.300000000000011 0.0 0.0 0.3 0.05 0.8 0.3 0.05 0.8 0.5 0.1 0.05
1010 5.429247140884399 0.0 0.0 0.0 0.0 0.0 0.0 0.0 0.0 0.0 0.0 0.0 0.0 0.0 0.0 0.0 0.0 0.0 0.0 0.0 0.0 0.0 0.0 0.0 9.300000000000011 0.0 0.0 9.300000000000011 0.0 0.0 0.3 0.05 0.8 0.3 0.05 0.8 0.5 0.1 0.05
1011 5.434592008590698 0.0 0.0 0.0 0.0 0.0 0.0 0.0 0.0 0.0 0.0 0.0 0.0 0.0 0.0 0.0 0.0 0.0 0.0 0.0 0.0 0.0 0.0 0.0 9.300000000000011 0.0 0.0 9.300000000000011 0.0 0.0 0.3 0.05 0.8 0.3 0.05 0.8 0.5 0.1 0.05
1012 5.439908027648926 0.0 0.0 0.0 0.0 0.0 0.0 0.0 0.0 0.0 0.0 0.0 0.0 0.0 0.0 0.0 0.0 0.0 0.0 0.0 0.0 0.0 0.0 0.0 9.300000000000011 0.0 0.0 9.300000000000011 0.0 0.0 0.3 0.05 0.8 0.3 0.05 0.8 0.5 0.1 0.05
1013 5.445242643356323 0.0 0.0 0.0 0.0 0.0 0.0 0.0 0.0 0.0 0.0 0.0 0.0 0.0 0.0 0.0 0.0 0.0 0.0 0.0 0.0 0.0 0.0 0.0 9.300000000000011 0.0 0.0 9.300000000000011 0.0 0.0 0.3 0.05 0.8 0.3 0.05 0.8 0.5 0.1 0.05
1014 5.450685262680054 0.0 0.0 0.0 0.0 0.0 0.0 0.0 0.0 0.0 0.0 0.0 0.0 0.0 0.0 0.0 0.0 0.0 0.0 0.0 0.0 0.0 0.0 0.0 9.300000000000011 0.0 0.0 9.300000000000011 0.0 0.0 0.3 0.05 0.8 0.3 0.05 0.8 0.5 0.1 0.05
1015 5.455996751785278 0.0 0.0 0.0 0.0 0.0 0.0 0.0 0.0 0.0 0.0 0.0 0.0 0.0 0.0 0.0 0.0 0.0 0.0 0.0 0.0 0.0 0.0 0.0 9.300000000000011 0.0 0.0 9.300000000000011 0.0 0.0 0.3 0.05 0.8 0.3 0.05 0.8 0.5 0.1 0.05
1016 5.4614198207855225 0.0 0.0 0.0 0.0 0.0 0.0 0.0 0.0 0.0 0.0 0.0 0.0 0.0 0.0 0.0 0.0 0.0 0.0 0.0 0.0 0.0 0.0 0.0 9.300000000000011 0.0 0.0 9.300000000000011 0.0 0.0 0.3 0.05 0.8 0.3 0.05 0.8 0.5 0.1 0.05
1017 5.466790199279785 0.0 0.0 0.0 0.0 0.0 0.0 0.0 0.0 0.0 0.0 0.0 0.0 0.0 0.0 0.0 0.0 0.0 0.0 0.0 0.0 0.0 0.0 0.0 9.300000000000011 0.0 0.0 9.300000000000011 0.0 0.0 0.3 0.05 0.8 0.3 0.05 0.8 0.5 0.1 0.05
1018 5.472027778625488 0.0 0.0 0.0 0.0 0.0 0.0 0.0 0.0 0.0 0.0 0.0 0.0 0.0 0.0 0.0 0.0 0.0 0.0 0.0 0.0 0.0 0.0 0.0 9.300000000000011 0.0 0.0 9.300000000000011 0.0 0.0 0.3 0.05 0.8 0.3 0.05 0.8 0.5 0.1 0.05
1019 5.477257490158081 0.0 0.0 0.0 0.0 0.0 0.0 0.0 0.0 0.0 0.0 0.0 0.0 0.0 0.0 0.0 0.0 0.0 0.0 0.0 0.0 0.0 0.0 0.0 9.300000000000011 0.0 0.0 9.300000000000011 0.0 0.0 0.3 0.05 0.8 0.3 0.05 0.8 0.5 0.1 0.05
1020 5.482505559921265 0.0 0.0 0.0 0.0 0.0 0.0 0.0 0.0 0.0 0.0 0.0 0.0 0.0 0.0 0.0 0.0 0.0 0.0 0.0 0.0 0.0 0.0 0.0 9.300000000000011 0.0 0.0 9.300000000000011 0.0 0.0 0.3 0.05 0.8 0.3 0.05 0.8 0.5 0.1 0.05
1021 5.487907409667969 0.0 0.0 0.0 0.0 0.0 0.0 0.0 0.0 0.0 0.0 0.0 0.0 0.0 0.0 0.0 0.0 0.0 0.0 0.0 0.0 0.0 0.0 0.0 9.300000000000011 0.0 0.0 9.300000000000011 0.0 0.0 0.3 0.05 0.8 0.3 0.05 0.8 0.5 0.1 0.05
1022 5.4931745529174805 0.0 0.0 0.0 0.0 0.0 0.0 0.0 0.0 0.0 0.0 0.0 0.0 0.0 0.0 0.0 0.0 0.0 0.0 0.0 0.0 0.0 0.0 0.0 9.300000000000011 0.0 0.0 9.300000000000011 0.0 0.0 0.3 0.05 0.8 0.3 0.05 0.8 0.5 0.1 0.05
1023 5.498491287231445 0.0 0.0 0.0 0.0 0.0 0.0 0.0 0.0 0.0 0.0 0.0 0.0 0.0 0.0 0.0 0.0 0.0 0.0 0.0 0.0 0.0 0.0 0.0 9.300000000000011 0.0 0.0 9.300000000000011 0.0 0.0 0.3 0.05 0.8 0.3 0.05 0.8 0.5 0.1 0.05
1024 5.5037267208099365 0.0 0.0 0.0 0.0 0.0 0.0 0.0 0.0 0.0 0.0 0.0 0.0 0.0 0.0 0.0 0.0 0.0 0.0 0.0 0.0 0.0 0.0 0.0 9.300000000000011 0.0 0.0 9.300000000000011 0.0 0.0 0.3 0.05 0.8 0.3 0.05 0.8 0.5 0.1 0.05
1025 5.509107351303101 0.0 0.0 0.0 0.0 0.0 0.0 0.0 0.0 0.0 0.0 0.0 0.0 0.0 0.0 0.0 0.0 0.0 0.0 0.0 0.0 0.0 0.0 0.0 9.300000000000011 0.0 0.0 9.300000000000011 0.0 0.0 0.3 0.05 0.8 0.3 0.05 0.8 0.5 0.1 0.05
1026 5.514402389526367 0.0 0.0 0.0 0.0 0.0 0.0 0.0 0.0 0.0 0.0 0.0 0.0 0.0 0.0 0.0 0.0 0.0 0.0 0.0 0.0 0.0 0.0 0.0 9.300000000000011 0.0 0.0 9.300000000000011 0.0 0.0 0.3 0.05 0.8 0.3 0.05 0.8 0.5 0.1 0.05
1027 5.519667625427246 0.0 0.0 0.0 0.0 0.0 0.0 0.0 0.0 0.0 0.0 0.0 0.0 0.0 0.0 0.0 0.0 0.0 0.0 0.0 0.0 0.0 0.0 0.0 9.300000000000011 0.0 0.0 9.300000000000011 0.0 0.0 0.3 0.05 0.8 0.3 0.05 0.8 0.5 0.1 0.05
1028 5.525067329406738 0.0 0.0 0.0 0.0 0.0 0.0 0.0 0.0 0.0 0.0 0.0 0.0 0.0 0.0 0.0 0.0 0.0 0.0 0.0 0.0 0.0 0.0 0.0 9.300000000000011 0.0 0.0 9.300000000000011 0.0 0.0 0.3 0.05 0.8 0.3 0.05 0.8 0.5 0.1 0.05
1029 5.53045654296875 0.0 0.0 0.0 0.0 0.0 0.0 0.0 0.0 0.0 0.0 0.0 0.0 0.0 0.0 0.0 0.0 0.0 0.0 0.0 0.0 0.0 0.0 0.0 9.300000000000011 0.0 0.0 9.300000000000011 0.0 0.0 0.3 0.05 0.8 0.3 0.05 0.8 0.5 0.1 0.05
1030 5.535741329193115 0.0 0.0 0.0 0.0 0.0 0.0 0.0 0.0 0.0 0.0 0.0 0.0 0.0 0.0 0.0 0.0 0.0 0.0 0.0 0.0 0.0 0.0 0.0 9.300000000000011 0.0 0.0 9.300000000000011 0.0 0.0 0.3 0.05 0.8 0.3 0.05 0.8 0.5 0.1 0.05
1031 5.541072368621826 0.0 0.0 0.0 0.0 0.0 0.0 0.0 0.0 0.0 0.0 0.0 0.0 0.0 0.0 0.0 0.0 0.0 0.0 0.0 0.0 0.0 0.0 0.0 9.300000000000011 0.0 0.0 9.300000000000011 0.0 0.0 0.3 0.05 0.8 0.3 0.05 0.8 0.5 0.1 0.05
1032 5.546373128890991 0.0 0.0 0.0 0.0 0.0 0.0 0.0 0.0 0.0 0.0 0.0 0.0 0.0 0.0 0.0 0.0 0.0 0.0 0.0 0.0 0.0 0.0 0.0 9.300000000000011 0.0 0.0 9.300000000000011 0.0 0.0 0.3 0.05 0.8 0.3 0.05 0.8 0.5 0.1 0.05
1033 5.551762342453003 0.0 0.0 0.0 0.0 0.0 0.0 0.0 0.0 0.0 0.0 0.0 0.0 0.0 0.0 0.0 0.0 0.0 0.0 0.0 0.0 0.0 0.0 0.0 9.300000000000011 0.0 0.0 9.300000000000011 0.0 0.0 0.3 0.05 0.8 0.3 0.05 0.8 0.5 0.1 0.05
1034 5.557036399841309 0.0 0.0 0.0 0.0 0.0 0.0 0.0 0.0 0.0 0.0 0.0 0.0 0.0 0.0 0.0 0.0 0.0 0.0 0.0 0.0 0.0 0.0 0.0 9.300000000000011 0.0 0.0 9.300000000000011 0.0 0.0 0.3 0.05 0.8 0.3 0.05 0.8 0.5 0.1 0.05
1035 5.562414169311523 0.0 0.0 0.0 0.0 0.0 0.0 0.0 0.0 0.0 0.0 0.0 0.0 0.0 0.0 0.0 0.0 0.0 0.0 0.0 0.0 0.0 0.0 0.0 9.300000000000011 0.0 0.0 9.300000000000011 0.0 0.0 0.3 0.05 0.8 0.3 0.05 0.8 0.5 0.1 0.05
1036 5.567717552185059 0.0 0.0 0.0 0.0 0.0 0.0 0.0 0.0 0.0 0.0 0.0 0.0 0.0 0.0 0.0 0.0 0.0 0.0 0.0 0.0 0.0 0.0 0.0 9.300000000000011 0.0 0.0 9.300000000000011 0.0 0.0 0.3 0.05 0.8 0.3 0.05 0.8 0.5 0.1 0.05
1037 5.572977304458618 0.0 0.0 0.0 0.0 0.0 0.0 0.0 0.0 0.0 0.0 0.0 0.0 0.0 0.0 0.0 0.0 0.0 0.0 0.0 0.0 0.0 0.0 0.0 9.300000000000011 0.0 0.0 9.300000000000011 0.0 0.0 0.3 0.05 0.8 0.3 0.05 0.8 0.5 0.1 0.05
1038 5.5782225131988525 0.0 0.0 0.0 0.0 0.0 0.0 0.0 0.0 0.0 0.0 0.0 0.0 0.0 0.0 0.0 0.0 0.0 0.0 0.0 0.0 0.0 0.0 0.0 9.300000000000011 0.0 0.0 9.300000000000011 0.0 0.0 0.3 0.05 0.8 0.3 0.05 0.8 0.5 0.1 0.05
1039 5.583516836166382 0.0 0.0 0.0 0.0 0.0 0.0 0.0 0.0 0.0 0.0 0.0 0.0 0.0 0.0 0.0 0.0 0.0 0.0 0.0 0.0 0.0 0.0 0.0 9.300000000000011 0.0 0.0 9.300000000000011 0.0 0.0 0.3 0.05 0.8 0.3 0.05 0.8 0.5 0.1 0.05
1040 5.588763475418091 0.0 0.0 0.0 0.0 0.0 0.0 0.0 0.0 0.0 0.0 0.0 0.0 0.0 0.0 0.0 0.0 0.0 0.0 0.0 0.0 0.0 0.0 0.0 9.300000000000011 0.0 0.0 9.300000000000011 0.0 0.0 0.3 0.05 0.8 0.3 0.05 0.8 0.5 0.1 0.05
1041 5.594349384307861 0.0 0.0 0.0 0.0 0.0 0.0 0.0 0.0 0.0 0.0 0.0 0.0 0.0 0.0 0.0 0.0 0.0 0.0 0.0 0.0 0.0 0.0 0.0 9.300000000000011 0.0 0.0 9.300000000000011 0.0 0.0 0.3 0.05 0.8 0.3 0.05 0.8 0.5 0.1 0.05
1042 5.599647283554077 0.0 0.0 0.0 0.0 0.0 0.0 0.0 0.0 0.0 0.0 0.0 0.0 0.0 0.0 0.0 0.0 0.0 0.0 0.0 0.0 0.0 0.0 0.0 9.300000000000011 0.0 0.0 9.300000000000011 0.0 0.0 0.3 0.05 0.8 0.3 0.05 0.8 0.5 0.1 0.05
1043 5.604990243911743 0.0 0.0 0.0 0.0 0.0 0.0 0.0 0.0 0.0 0.0 0.0 0.0 0.0 0.0 0.0 0.0 0.0 0.0 0.0 0.0 0.0 0.0 0.0 9.300000000000011 0.0 0.0 9.300000000000011 0.0 0.0 0.3 0.05 0.8 0.3 0.05 0.8 0.5 0.1 0.05
1044 5.610314130783081 0.0 0.0 0.0 0.0 0.0 0.0 0.0 0.0 0.0 0.0 0.0 0.0 0.0 0.0 0.0 0.0 0.0 0.0 0.0 0.0 0.0 0.0 0.0 9.300000000000011 0.0 0.0 9.300000000000011 0.0 0.0 0.3 0.05 0.8 0.3 0.05 0.8 0.5 0.1 0.05
1045 5.615643262863159 0.0 0.0 0.0 0.0 0.0 0.0 0.0 0.0 0.0 0.0 0.0 0.0 0.0 0.0 0.0 0.0 0.0 0.0 0.0 0.0 0.0 0.0 0.0 9.300000000000011 0.0 0.0 9.300000000000011 0.0 0.0 0.3 0.05 0.8 0.3 0.05 0.8 0.5 0.1 0.05
1046 5.6209094524383545 0.0 0.0 0.0 0.0 0.0 0.0 0.0 0.0 0.0 0.0 0.0 0.0 0.0 0.0 0.0 0.0 0.0 0.0 0.0 0.0 0.0 0.0 0.0 9.300000000000011 0.0 0.0 9.300000000000011 0.0 0.0 0.3 0.05 0.8 0.3 0.05 0.8 0.5 0.1 0.05
1047 5.626233100891113 0.0 0.0 0.0 0.0 0.0 0.0 0.0 0.0 0.0 0.0 0.0 0.0 0.0 0.0 0.0 0.0 0.0 0.0 0.0 0.0 0.0 0.0 0.0 9.300000000000011 0.0 0.0 9.300000000000011 0.0 0.0 0.3 0.05 0.8 0.3 0.05 0.8 0.5 0.1 0.05
1048 5.631634950637817 0.0 0.0 0.0 0.0 0.0 0.0 0.0 0.0 0.0 0.0 0.0 0.0 0.0 0.0 0.0 0.0 0.0 0.0 0.0 0.0 0.0 0.0 0.0 9.300000000000011 0.0 0.0 9.300000000000011 0.0 0.0 0.3 0.05 0.8 0.3 0.05 0.8 0.5 0.1 0.05
1049 5.636991739273071 0.0 0.0 0.0 0.0 0.0 0.0 0.0 0.0 0.0 0.0 0.0 0.0 0.0 0.0 0.0 0.0 0.0 0.0 0.0 0.0 0.0 0.0 0.0 9.300000000000011 0.0 0.0 9.300000000000011 0.0 0.0 0.3 0.05 0.8 0.3 0.05 0.8 0.5 0.1 0.05
1050 5.642282485961914 0.0 0.0 0.0 0.0 0.0 0.0 0.0 0.0 0.0 0.0 0.0 0.0 0.0 0.0 0.0 0.0 0.0 0.0 0.0 0.0 0.0 0.0 0.0 9.300000000000011 0.0 0.0 9.300000000000011 0.0 0.0 0.3 0.05 0.8 0.3 0.05 0.8 0.5 0.1 0.05
1051 5.647714614868164 0.0 0.0 0.0 0.0 0.0 0.0 0.0 0.0 0.0 0.0 0.0 0.0 0.0 0.0 0.0 0.0 0.0 0.0 0.0 0.0 0.0 0.0 0.0 9.300000000000011 0.0 0.0 9.300000000000011 0.0 0.0 0.3 0.05 0.8 0.3 0.05 0.8 0.5 0.1 0.05
1052 5.653048753738403 0.0 0.0 0.0 0.0 0.0 0.0 0.0 0.0 0.0 0.0 0.0 0.0 0.0 0.0 0.0 0.0 0.0 0.0 0.0 0.0 0.0 0.0 0.0 9.300000000000011 0.0 0.0 9.300000000000011 0.0 0.0 0.3 0.05 0.8 0.3 0.05 0.8 0.5 0.1 0.05
1053 5.658332824707031 0.0 0.0 0.0 0.0 0.0 0.0 0.0 0.0 0.0 0.0 0.0 0.0 0.0 0.0 0.0 0.0 0.0 0.0 0.0 0.0 0.0 0.0 0.0 9.300000000000011 0.0 0.0 9.300000000000011 0.0 0.0 0.3 0.05 0.8 0.3 0.05 0.8 0.5 0.1 0.05
1054 5.663547515869141 0.0 0.0 0.0 0.0 0.0 0.0 0.0 0.0 0.0 0.0 0.0 0.0 0.0 0.0 0.0 0.0 0.0 0.0 0.0 0.0 0.0 0.0 0.0 9.300000000000011 0.0 0.0 9.300000000000011 0.0 0.0 0.3 0.05 0.8 0.3 0.05 0.8 0.5 0.1 0.05
1055 5.668854236602783 0.0 0.0 0.0 0.0 0.0 0.0 0.0 0.0 0.0 0.0 0.0 0.0 0.0 0.0 0.0 0.0 0.0 0.0 0.0 0.0 0.0 0.0 0.0 9.300000000000011 0.0 0.0 9.300000000000011 0.0 0.0 0.3 0.05 0.8 0.3 0.05 0.8 0.5 0.1 0.05
1056 5.674088716506958 0.0 0.0 0.0 0.0 0.0 0.0 0.0 0.0 0.0 0.0 0.0 0.0 0.0 0.0 0.0 0.0 0.0 0.0 0.0 0.0 0.0 0.0 0.0 9.300000000000011 0.0 0.0 9.300000000000011 0.0 0.0 0.3 0.05 0.8 0.3 0.05 0.8 0.5 0.1 0.05
1057 5.679300785064697 0.0 0.0 0.0 0.0 0.0 0.0 0.0 0.0 0.0 0.0 0.0 0.0 0.0 0.0 0.0 0.0 0.0 0.0 0.0 0.0 0.0 0.0 0.0 9.300000000000011 0.0 0.0 9.300000000000011 0.0 0.0 0.3 0.05 0.8 0.3 0.05 0.8 0.5 0.1 0.05
1058 5.684552192687988 0.0 0.0 0.0 0.0 0.0 0.0 0.0 0.0 0.0 0.0 0.0 0.0 0.0 0.0 0.0 0.0 0.0 0.0 0.0 0.0 0.0 0.0 0.0 9.300000000000011 0.0 0.0 9.300000000000011 0.0 0.0 0.3 0.05 0.8 0.3 0.05 0.8 0.5 0.1 0.05
1059 5.689884662628174 0.0 0.0 0.0 0.0 0.0 0.0 0.0 0.0 0.0 0.0 0.0 0.0 0.0 0.0 0.0 0.0 0.0 0.0 0.0 0.0 0.0 0.0 0.0 9.300000000000011 0.0 0.0 9.300000000000011 0.0 0.0 0.3 0.05 0.8 0.3 0.05 0.8 0.5 0.1 0.05
1060 5.695184230804443 0.0 0.0 0.0 0.0 0.0 0.0 0.0 0.0 0.0 0.0 0.0 0.0 0.0 0.0 0.0 0.0 0.0 0.0 0.0 0.0 0.0 0.0 0.0 9.300000000000011 0.0 0.0 9.300000000000011 0.0 0.0 0.3 0.05 0.8 0.3 0.05 0.8 0.5 0.1 0.05
1061 5.700542211532593 0.0 0.0 0.0 0.0 0.0 0.0 0.0 0.0 0.0 0.0 0.0 0.0 0.0 0.0 0.0 0.0 0.0 0.0 0.0 0.0 0.0 0.0 0.0 9.300000000000011 0.0 0.0 9.300000000000011 0.0 0.0 0.3 0.05 0.8 0.3 0.05 0.8 0.5 0.1 0.05
1062 5.7058727741241455 0.0 0.0 0.0 0.0 0.0 0.0 0.0 0.0 0.0 0.0 0.0 0.0 0.0 0.0 0.0 0.0 0.0 0.0 0.0 0.0 0.0 0.0 0.0 9.300000000000011 0.0 0.0 9.300000000000011 0.0 0.0 0.3 0.05 0.8 0.3 0.05 0.8 0.5 0.1 0.05
1063 5.711192607879639 0.0 0.0 0.0 0.0 0.0 0.0 0.0 0.0 0.0 0.0 0.0 0.0 0.0 0.0 0.0 0.0 0.0 0.0 0.0 0.0 0.0 0.0 0.0 9.300000000000011 0.0 0.0 9.300000000000011 0.0 0.0 0.3 0.05 0.8 0.3 0.05 0.8 0.5 0.1 0.05
1064 5.716447830200195 0.0 0.0 0.0 0.0 0.0 0.0 0.0 0.0 0.0 0.0 0.0 0.0 0.0 0.0 0.0 0.0 0.0 0.0 0.0 0.0 0.0 0.0 0.0 9.300000000000011 0.0 0.0 9.300000000000011 0.0 0.0 0.3 0.05 0.8 0.3 0.05 0.8 0.5 0.1 0.05
1065 5.721773862838745 0.0 0.0 0.0 0.0 0.0 0.0 0.0 0.0 0.0 0.0 0.0 0.0 0.0 0.0 0.0 0.0 0.0 0.0 0.0 0.0 0.0 0.0 0.0 9.300000000000011 0.0 0.0 9.300000000000011 0.0 0.0 0.3 0.05 0.8 0.3 0.05 0.8 0.5 0.1 0.05
1066 5.727482080459595 0.0 0.0 0.0 0.0 0.0 0.0 0.0 0.0 0.0 0.0 0.0 0.0 0.0 0.0 0.0 0.0 0.0 0.0 0.0 0.0 0.0 0.0 0.0 9.300000000000011 0.0 0.0 9.300000000000011 0.0 0.0 0.3 0.05 0.8 0.3 0.05 0.8 0.5 0.1 0.05
1067 5.733042001724243 0.0 0.0 0.0 0.0 0.0 0.0 0.0 0.0 0.0 0.0 0.0 0.0 0.0 0.0 0.0 0.0 0.0 0.0 0.0 0.0 0.0 0.0 0.0 9.300000000000011 0.0 0.0 9.300000000000011 0.0 0.0 0.3 0.05 0.8 0.3 0.05 0.8 0.5 0.1 0.05
1068 5.738880395889282 0.0 0.0 0.0 0.0 0.0 0.0 0.0 0.0 0.0 0.0 0.0 0.0 0.0 0.0 0.0 0.0 0.0 0.0 0.0 0.0 0.0 0.0 0.0 9.300000000000011 0.0 0.0 9.300000000000011 0.0 0.0 0.3 0.05 0.8 0.3 0.05 0.8 0.5 0.1 0.05
1069 5.744466781616211 0.0 0.0 0.0 0.0 0.0 0.0 0.0 0.0 0.0 0.0 0.0 0.0 0.0 0.0 0.0 0.0 0.0 0.0 0.0 0.0 0.0 0.0 0.0 9.300000000000011 0.0 0.0 9.300000000000011 0.0 0.0 0.3 0.05 0.8 0.3 0.05 0.8 0.5 0.1 0.05
1070 5.750189542770386 0.0 0.0 0.0 0.0 0.0 0.0 0.0 0.0 0.0 0.0 0.0 0.0 0.0 0.0 0.0 0.0 0.0 0.0 0.0 0.0 0.0 0.0 0.0 9.300000000000011 0.0 0.0 9.300000000000011 0.0 0.0 0.3 0.05 0.8 0.3 0.05 0.8 0.5 0.1 0.05
1071 5.756033182144165 0.0 0.0 0.0 0.0 0.0 0.0 0.0 0.0 0.0 0.0 0.0 0.0 0.0 0.0 0.0 0.0 0.0 0.0 0.0 0.0 0.0 0.0 0.0 9.300000000000011 0.0 0.0 9.300000000000011 0.0 0.0 0.3 0.05 0.8 0.3 0.05 0.8 0.5 0.1 0.05
1072 5.761569261550903 0.0 0.0 0.0 0.0 0.0 0.0 0.0 0.0 0.0 0.0 0.0 0.0 0.0 0.0 0.0 0.0 0.0 0.0 0.0 0.0 0.0 0.0 0.0 9.300000000000011 0.0 0.0 9.300000000000011 0.0 0.0 0.3 0.05 0.8 0.3 0.05 0.8 0.5 0.1 0.05
1073 5.767148971557617 0.0 0.0 0.0 0.0 0.0 0.0 0.0 0.0 0.0 0.0 0.0 0.0 0.0 0.0 0.0 0.0 0.0 0.0 0.0 0.0 0.0 0.0 0.0 9.300000000000011 0.0 0.0 9.300000000000011 0.0 0.0 0.3 0.05 0.8 0.3 0.05 0.8 0.5 0.1 0.05
1074 5.7724549770355225 0.0 0.0 0.0 0.0 0.0 0.0 0.0 0.0 0.0 0.0 0.0 0.0 0.0 0.0 0.0 0.0 0.0 0.0 0.0 0.0 0.0 0.0 0.0 9.300000000000011 0.0 0.0 9.300000000000011 0.0 0.0 0.3 0.05 0.8 0.3 0.05 0.8 0.5 0.1 0.05
1075 5.7776782512664795 0.0 0.0 0.0 0.0 0.0 0.0 0.0 0.0 0.0 0.0 0.0 0.0 0.0 0.0 0.0 0.0 0.0 0.0 0.0 0.0 0.0 0.0 0.0 9.300000000000011 0.0 0.0 9.300000000000011 0.0 0.0 0.3 0.05 0.8 0.3 0.05 0.8 0.5 0.1 0.05
1076 5.782929420471191 0.0 0.0 0.0 0.0 0.0 0.0 0.0 0.0 0.0 0.0 0.0 0.0 0.0 0.0 0.0 0.0 0.0 0.0 0.0 0.0 0.0 0.0 0.0 9.300000000000011 0.0 0.0 9.300000000000011 0.0 0.0 0.3 0.05 0.8 0.3 0.05 0.8 0.5 0.1 0.05
1077 5.788177251815796 0.0 0.0 0.0 0.0 0.0 0.0 0.0 0.0 0.0 0.0 0.0 0.0 0.0 0.0 0.0 0.0 0.0 0.0 0.0 0.0 0.0 0.0 0.0 9.300000000000011 0.0 0.0 9.300000000000011 0.0 0.0 0.3 0.05 0.8 0.3 0.05 0.8 0.5 0.1 0.05
1078 5.793396949768066 0.0 0.0 0.0 0.0 0.0 0.0 0.0 0.0 0.0 0.0 0.0 0.0 0.0 0.0 0.0 0.0 0.0 0.0 0.0 0.0 0.0 0.0 0.0 9.300000000000011 0.0 0.0 9.300000000000011 0.0 0.0 0.3 0.05 0.8 0.3 0.05 0.8 0.5 0.1 0.05
1079 5.798641681671143 0.0 0.0 0.0 0.0 0.0 0.0 0.0 0.0 0.0 0.0 0.0 0.0 0.0 0.0 0.0 0.0 0.0 0.0 0.0 0.0 0.0 0.0 0.0 9.300000000000011 0.0 0.0 9.300000000000011 0.0 0.0 0.3 0.05 0.8 0.3 0.05 0.8 0.5 0.1 0.05
1080 5.80387806892395 0.0 0.0 0.0 0.0 0.0 0.0 0.0 0.0 0.0 0.0 0.0 0.0 0.0 0.0 0.0 0.0 0.0 0.0 0.0 0.0 0.0 0.0 0.0 9.300000000000011 0.0 0.0 9.300000000000011 0.0 0.0 0.3 0.05 0.8 0.3 0.05 0.8 0.5 0.1 0.05
1081 5.809315919876099 0.0 0.0 0.0 0.0 0.0 0.0 0.0 0.0 0.0 0.0 0.0 0.0 0.0 0.0 0.0 0.0 0.0 0.0 0.0 0.0 0.0 0.0 0.0 9.300000000000011 0.0 0.0 9.300000000000011 0.0 0.0 0.3 0.05 0.8 0.3 0.05 0.8 0.5 0.1 0.05
1082 5.814753770828247 0.0 0.0 0.0 0.0 0.0 0.0 0.0 0.0 0.0 0.0 0.0 0.0 0.0 0.0 0.0 0.0 0.0 0.0 0.0 0.0 0.0 0.0 0.0 9.300000000000011 0.0 0.0 9.300000000000011 0.0 0.0 0.3 0.05 0.8 0.3 0.05 0.8 0.5 0.1 0.05
1083 5.8203125 0.0 0.0 0.0 0.0 0.0 0.0 0.0 0.0 0.0 0.0 0.0 0.0 0.0 0.0 0.0 0.0 0.0 0.0 0.0 0.0 0.0 0.0 0.0 9.300000000000011 0.0 0.0 9.300000000000011 0.0 0.0 0.3 0.05 0.8 0.3 0.05 0.8 0.5 0.1 0.05
1084 5.826248407363892 0.0 0.0 0.0 0.0 0.0 0.0 0.0 0.0 0.0 0.0 0.0 0.0 0.0 0.0 0.0 0.0 0.0 0.0 0.0 0.0 0.0 0.0 0.0 9.300000000000011 0.0 0.0 9.300000000000011 0.0 0.0 0.3 0.05 0.8 0.3 0.05 0.8 0.5 0.1 0.05
1085 5.832290410995483 0.0 0.0 0.0 0.0 0.0 0.0 0.0 0.0 0.0 0.0 0.0 0.0 0.0 0.0 0.0 0.0 0.0 0.0 0.0 0.0 0.0 0.0 0.0 9.300000000000011 0.0 0.0 9.300000000000011 0.0 0.0 0.3 0.05 0.8 0.3 0.05 0.8 0.5 0.1 0.05
1086 5.837968111038208 0.0 0.0 0.0 0.0 0.0 0.0 0.0 0.0 0.0 0.0 0.0 0.0 0.0 0.0 0.0 0.0 0.0 0.0 0.0 0.0 0.0 0.0 0.0 9.300000000000011 0.0 0.0 9.300000000000011 0.0 0.0 0.3 0.05 0.8 0.3 0.05 0.8 0.5 0.1 0.05
1087 5.843717098236084 0.0 0.0 0.0 0.0 0.0 0.0 0.0 0.0 0.0 0.0 0.0 0.0 0.0 0.0 0.0 0.0 0.0 0.0 0.0 0.0 0.0 0.0 0.0 9.300000000000011 0.0 0.0 9.300000000000011 0.0 0.0 0.3 0.05 0.8 0.3 0.05 0.8 0.5 0.1 0.05
1088 5.849267482757568 0.0 0.0 0.0 0.0 0.0 0.0 0.0 0.0 0.0 0.0 0.0 0.0 0.0 0.0 0.0 0.0 0.0 0.0 0.0 0.0 0.0 0.0 0.0 9.300000000000011 0.0 0.0 9.300000000000011 0.0 0.0 0.3 0.05 0.8 0.3 0.05 0.8 0.5 0.1 0.05
1089 5.854719400405884 0.0 0.0 0.0 0.0 0.0 0.0 0.0 0.0 0.0 0.0 0.0 0.0 0.0 0.0 0.0 0.0 0.0 0.0 0.0 0.0 0.0 0.0 0.0 9.300000000000011 0.0 0.0 9.300000000000011 0.0 0.0 0.3 0.05 0.8 0.3 0.05 0.8 0.5 0.1 0.05
1090 5.8601274490356445 0.0 0.0 0.0 0.0 0.0 0.0 0.0 0.0 0.0 0.0 0.0 0.0 0.0 0.0 0.0 0.0 0.0 0.0 0.0 0.0 0.0 0.0 0.0 9.300000000000011 0.0 0.0 9.300000000000011 0.0 0.0 0.3 0.05 0.8 0.3 0.05 0.8 0.5 0.1 0.05
1091 5.865542888641357 0.0 0.0 0.0 0.0 0.0 0.0 0.0 0.0 0.0 0.0 0.0 0.0 0.0 0.0 0.0 0.0 0.0 0.0 0.0 0.0 0.0 0.0 0.0 9.300000000000011 0.0 0.0 9.300000000000011 0.0 0.0 0.3 0.05 0.8 0.3 0.05 0.8 0.5 0.1 0.05
1092 5.870970964431763 0.0 0.0 0.0 0.0 0.0 0.0 0.0 0.0 0.0 0.0 0.0 0.0 0.0 0.0 0.0 0.0 0.0 0.0 0.0 0.0 0.0 0.0 0.0 9.300000000000011 0.0 0.0 9.300000000000011 0.0 0.0 0.3 0.05 0.8 0.3 0.05 0.8 0.5 0.1 0.05
1093 5.876343488693237 0.0 0.0 0.0 0.0 0.0 0.0 0.0 0.0 0.0 0.0 0.0 0.0 0.0 0.0 0.0 0.0 0.0 0.0 0.0 0.0 0.0 0.0 0.0 9.300000000000011 0.0 0.0 9.300000000000011 0.0 0.0 0.3 0.05 0.8 0.3 0.05 0.8 0.5 0.1 0.05
1094 5.881709337234497 0.0 0.0 0.0 0.0 0.0 0.0 0.0 0.0 0.0 0.0 0.0 0.0 0.0 0.0 0.0 0.0 0.0 0.0 0.0 0.0 0.0 0.0 0.0 9.300000000000011 0.0 0.0 9.300000000000011 0.0 0.0 0.3 0.05 0.8 0.3 0.05 0.8 0.5 0.1 0.05
1095 5.887150049209595 0.0 0.0 0.0 0.0 0.0 0.0 0.0 0.0 0.0 0.0 0.0 0.0 0.0 0.0 0.0 0.0 0.0 0.0 0.0 0.0 0.0 0.0 0.0 9.300000000000011 0.0 0.0 9.300000000000011 0.0 0.0 0.3 0.05 0.8 0.3 0.05 0.8 0.5 0.1 0.05
1096 5.892523288726807 0.0 0.0 0.0 0.0 0.0 0.0 0.0 0.0 0.0 0.0 0.0 0.0 0.0 0.0 0.0 0.0 0.0 0.0 0.0 0.0 0.0 0.0 0.0 9.300000000000011 0.0 0.0 9.300000000000011 0.0 0.0 0.3 0.05 0.8 0.3 0.05 0.8 0.5 0.1 0.05
1097 5.897853851318359 0.0 0.0 0.0 0.0 0.0 0.0 0.0 0.0 0.0 0.0 0.0 0.0 0.0 0.0 0.0 0.0 0.0 0.0 0.0 0.0 0.0 0.0 0.0 9.300000000000011 0.0 0.0 9.300000000000011 0.0 0.0 0.3 0.05 0.8 0.3 0.05 0.8 0.5 0.1 0.05
1098 5.903153657913208 0.0 0.0 0.0 0.0 0.0 0.0 0.0 0.0 0.0 0.0 0.0 0.0 0.0 0.0 0.0 0.0 0.0 0.0 0.0 0.0 0.0 0.0 0.0 9.300000000000011 0.0 0.0 9.300000000000011 0.0 0.0 0.3 0.05 0.8 0.3 0.05 0.8 0.5 0.1 0.05
1099 5.908398151397705 0.0 0.0 0.0 0.0 0.0 0.0 0.0 0.0 0.0 0.0 0.0 0.0 0.0 0.0 0.0 0.0 0.0 0.0 0.0 0.0 0.0 0.0 0.0 9.300000000000011 0.0 0.0 9.300000000000011 0.0 0.0 0.3 0.05 0.8 0.3 0.05 0.8 0.5 0.1 0.05
1100 5.913659572601318 0.0 0.0 0.0 0.0 0.0 0.0 0.0 0.0 0.0 0.0 0.0 0.0 0.0 0.0 0.0 0.0 0.0 0.0 0.0 0.0 0.0 0.0 0.0 9.300000000000011 0.0 0.0 9.300000000000011 0.0 0.0 0.3 0.05 0.8 0.3 0.05 0.8 0.5 0.1 0.05
1101 5.919014930725098 0.0 0.0 0.0 0.0 0.0 0.0 0.0 0.0 0.0 0.0 0.0 0.0 0.0 0.0 0.0 0.0 0.0 0.0 0.0 0.0 0.0 0.0 0.0 9.300000000000011 0.0 0.0 9.300000000000011 0.0 0.0 0.3 0.05 0.8 0.3 0.05 0.8 0.5 0.1 0.05
1102 5.924323320388794 0.0 0.0 0.0 0.0 0.0 0.0 0.0 0.0 0.0 0.0 0.0 0.0 0.0 0.0 0.0 0.0 0.0 0.0 0.0 0.0 0.0 0.0 0.0 9.300000000000011 0.0 0.0 9.300000000000011 0.0 0.0 0.3 0.05 0.8 0.3 0.05 0.8 0.5 0.1 0.05
1103 5.929663896560669 0.0 0.0 0.0 0.0 0.0 0.0 0.0 0.0 0.0 0.0 0.0 0.0 0.0 0.0 0.0 0.0 0.0 0.0 0.0 0.0 0.0 0.0 0.0 9.300000000000011 0.0 0.0 9.300000000000011 0.0 0.0 0.3 0.05 0.8 0.3 0.05 0.8 0.5 0.1 0.05
1104 5.934945344924927 0.0 0.0 0.0 0.0 0.0 0.0 0.0 0.0 0.0 0.0 0.0 0.0 0.0 0.0 0.0 0.0 0.0 0.0 0.0 0.0 0.0 0.0 0.0 9.300000000000011 0.0 0.0 9.300000000000011 0.0 0.0 0.3 0.05 0.8 0.3 0.05 0.8 0.5 0.1 0.05
1105 5.94033670425415 0.0 0.0 0.0 0.0 0.0 0.0 0.0 0.0 0.0 0.0 0.0 0.0 0.0 0.0 0.0 0.0 0.0 0.0 0.0 0.0 0.0 0.0 0.0 9.300000000000011 0.0 0.0 9.300000000000011 0.0 0.0 0.3 0.05 0.8 0.3 0.05 0.8 0.5 0.1 0.05
1106 5.945668935775757 0.0 0.0 0.0 0.0 0.0 0.0 0.0 0.0 0.0 0.0 0.0 0.0 0.0 0.0 0.0 0.0 0.0 0.0 0.0 0.0 0.0 0.0 0.0 9.300000000000011 0.0 0.0 9.300000000000011 0.0 0.0 0.3 0.05 0.8 0.3 0.05 0.8 0.5 0.1 0.05
1107 5.950991630554199 0.0 0.0 0.0 0.0 0.0 0.0 0.0 0.0 0.0 0.0 0.0 0.0 0.0 0.0 0.0 0.0 0.0 0.0 0.0 0.0 0.0 0.0 0.0 9.300000000000011 0.0 0.0 9.300000000000011 0.0 0.0 0.3 0.05 0.8 0.3 0.05 0.8 0.5 0.1 0.05
1108 5.956425905227661 0.0 0.0 0.0 0.0 0.0 0.0 0.0 0.0 0.0 0.0 0.0 0.0 0.0 0.0 0.0 0.0 0.0 0.0 0.0 0.0 0.0 0.0 0.0 9.300000000000011 0.0 0.0 9.300000000000011 0.0 0.0 0.3 0.05 0.8 0.3 0.05 0.8 0.5 0.1 0.05
1109 5.961864709854126 0.0 0.0 0.0 0.0 0.0 0.0 0.0 0.0 0.0 0.0 0.0 0.0 0.0 0.0 0.0 0.0 0.0 0.0 0.0 0.0 0.0 0.0 0.0 9.300000000000011 0.0 0.0 9.300000000000011 0.0 0.0 0.3 0.05 0.8 0.3 0.05 0.8 0.5 0.1 0.05
1110 5.967244863510132 0.0 0.0 0.0 0.0 0.0 0.0 0.0 0.0 0.0 0.0 0.0 0.0 0.0 0.0 0.0 0.0 0.0 0.0 0.0 0.0 0.0 0.0 0.0 9.300000000000011 0.0 0.0 9.300000000000011 0.0 0.0 0.3 0.05 0.8 0.3 0.05 0.8 0.5 0.1 0.05
1111 5.972646236419678 0.0 0.0 0.0 0.0 0.0 0.0 0.0 0.0 0.0 0.0 0.0 0.0 0.0 0.0 0.0 0.0 0.0 0.0 0.0 0.0 0.0 0.0 0.0 9.300000000000011 0.0 0.0 9.300000000000011 0.0 0.0 0.3 0.05 0.8 0.3 0.05 0.8 0.5 0.1 0.05
1112 5.97804069519043 0.0 0.0 0.0 0.0 0.0 0.0 0.0 0.0 0.0 0.0 0.0 0.0 0.0 0.0 0.0 0.0 0.0 0.0 0.0 0.0 0.0 0.0 0.0 9.300000000000011 0.0 0.0 9.300000000000011 0.0 0.0 0.3 0.05 0.8 0.3 0.05 0.8 0.5 0.1 0.05
1113 5.983381986618042 0.0 0.0 0.0 0.0 0.0 0.0 0.0 0.0 0.0 0.0 0.0 0.0 0.0 0.0 0.0 0.0 0.0 0.0 0.0 0.0 0.0 0.0 0.0 9.300000000000011 0.0 0.0 9.300000000000011 0.0 0.0 0.3 0.05 0.8 0.3 0.05 0.8 0.5 0.1 0.05
1114 5.988633632659912 0.0 0.0 0.0 0.0 0.0 0.0 0.0 0.0 0.0 0.0 0.0 0.0 0.0 0.0 0.0 0.0 0.0 0.0 0.0 0.0 0.0 0.0 0.0 9.300000000000011 0.0 0.0 9.300000000000011 0.0 0.0 0.3 0.05 0.8 0.3 0.05 0.8 0.5 0.1 0.05
1115 5.993971347808838 0.0 0.0 0.0 0.0 0.0 0.0 0.0 0.0 0.0 0.0 0.0 0.0 0.0 0.0 0.0 0.0 0.0 0.0 0.0 0.0 0.0 0.0 0.0 9.300000000000011 0.0 0.0 9.300000000000011 0.0 0.0 0.3 0.05 0.8 0.3 0.05 0.8 0.5 0.1 0.05
1116 5.999252557754517 0.0 0.0 0.0 0.0 0.0 0.0 0.0 0.0 0.0 0.0 0.0 0.0 0.0 0.0 0.0 0.0 0.0 0.0 0.0 0.0 0.0 0.0 0.0 9.300000000000011 0.0 0.0 9.300000000000011 0.0 0.0 0.3 0.05 0.8 0.3 0.05 0.8 0.5 0.1 0.05
1117 6.004649639129639 0.0 0.0 0.0 0.0 0.0 0.0 0.0 0.0 0.0 0.0 0.0 0.0 0.0 0.0 0.0 0.0 0.0 0.0 0.0 0.0 0.0 0.0 0.0 9.300000000000011 0.0 0.0 9.300000000000011 0.0 0.0 0.3 0.05 0.8 0.3 0.05 0.8 0.5 0.1 0.05
1118 6.010064363479614 0.0 0.0 0.0 0.0 0.0 0.0 0.0 0.0 0.0 0.0 0.0 0.0 0.0 0.0 0.0 0.0 0.0 0.0 0.0 0.0 0.0 0.0 0.0 9.300000000000011 0.0 0.0 9.300000000000011 0.0 0.0 0.3 0.05 0.8 0.3 0.05 0.8 0.5 0.1 0.05
1119 6.015465974807739 0.0 0.0 0.0 0.0 0.0 0.0 0.0 0.0 0.0 0.0 0.0 0.0 0.0 0.0 0.0 0.0 0.0 0.0 0.0 0.0 0.0 0.0 0.0 9.300000000000011 0.0 0.0 9.300000000000011 0.0 0.0 0.3 0.05 0.8 0.3 0.05 0.8 0.5 0.1 0.05
1120 6.020788192749023 0.0 0.0 0.0 0.0 0.0 0.0 0.0 0.0 0.0 0.0 0.0 0.0 0.0 0.0 0.0 0.0 0.0 0.0 0.0 0.0 0.0 0.0 0.0 9.300000000000011 0.0 0.0 9.300000000000011 0.0 0.0 0.3 0.05 0.8 0.3 0.05 0.8 0.5 0.1 0.05
1121 6.026205778121948 0.0 0.0 0.0 0.0 0.0 0.0 0.0 0.0 0.0 0.0 0.0 0.0 0.0 0.0 0.0 0.0 0.0 0.0 0.0 0.0 0.0 0.0 0.0 9.300000000000011 0.0 0.0 9.300000000000011 0.0 0.0 0.3 0.05 0.8 0.3 0.05 0.8 0.5 0.1 0.05
1122 6.031522989273071 0.0 0.0 0.0 0.0 0.0 0.0 0.0 0.0 0.0 0.0 0.0 0.0 0.0 0.0 0.0 0.0 0.0 0.0 0.0 0.0 0.0 0.0 0.0 9.300000000000011 0.0 0.0 9.300000000000011 0.0 0.0 0.3 0.05 0.8 0.3 0.05 0.8 0.5 0.1 0.05
1123 6.036972284317017 0.0 0.0 0.0 0.0 0.0 0.0 0.0 0.0 0.0 0.0 0.0 0.0 0.0 0.0 0.0 0.0 0.0 0.0 0.0 0.0 0.0 0.0 0.0 9.300000000000011 0.0 0.0 9.300000000000011 0.0 0.0 0.3 0.05 0.8 0.3 0.05 0.8 0.5 0.1 0.05
1124 6.042332649230957 0.0 0.0 0.0 0.0 0.0 0.0 0.0 0.0 0.0 0.0 0.0 0.0 0.0 0.0 0.0 0.0 0.0 0.0 0.0 0.0 0.0 0.0 0.0 9.300000000000011 0.0 0.0 9.300000000000011 0.0 0.0 0.3 0.05 0.8 0.3 0.05 0.8 0.5 0.1 0.05
1125 6.0476038455963135 0.0 0.0 0.0 0.0 0.0 0.0 0.0 0.0 0.0 0.0 0.0 0.0 0.0 0.0 0.0 0.0 0.0 0.0 0.0 0.0 0.0 0.0 0.0 9.300000000000011 0.0 0.0 9.300000000000011 0.0 0.0 0.3 0.05 0.8 0.3 0.05 0.8 0.5 0.1 0.05
1126 6.052873849868774 0.0 0.0 0.0 0.0 0.0 0.0 0.0 0.0 0.0 0.0 0.0 0.0 0.0 0.0 0.0 0.0 0.0 0.0 0.0 0.0 0.0 0.0 0.0 9.300000000000011 0.0 0.0 9.300000000000011 0.0 0.0 0.3 0.05 0.8 0.3 0.05 0.8 0.5 0.1 0.05
1127 6.05817174911499 0.0 0.0 0.0 0.0 0.0 0.0 0.0 0.0 0.0 0.0 0.0 0.0 0.0 0.0 0.0 0.0 0.0 0.0 0.0 0.0 0.0 0.0 0.0 9.300000000000011 0.0 0.0 9.300000000000011 0.0 0.0 0.3 0.05 0.8 0.3 0.05 0.8 0.5 0.1 0.05
1128 6.063462495803833 0.0 0.0 0.0 0.0 0.0 0.0 0.0 0.0 0.0 0.0 0.0 0.0 0.0 0.0 0.0 0.0 0.0 0.0 0.0 0.0 0.0 0.0 0.0 9.300000000000011 0.0 0.0 9.300000000000011 0.0 0.0 0.3 0.05 0.8 0.3 0.05 0.8 0.5 0.1 0.05
1129 6.068803548812866 0.0 0.0 0.0 0.0 0.0 0.0 0.0 0.0 0.0 0.0 0.0 0.0 0.0 0.0 0.0 0.0 0.0 0.0 0.0 0.0 0.0 0.0 0.0 9.300000000000011 0.0 0.0 9.300000000000011 0.0 0.0 0.3 0.05 0.8 0.3 0.05 0.8 0.5 0.1 0.05
1130 6.074130058288574 0.0 0.0 0.0 0.0 0.0 0.0 0.0 0.0 0.0 0.0 0.0 0.0 0.0 0.0 0.0 0.0 0.0 0.0 0.0 0.0 0.0 0.0 0.0 9.300000000000011 0.0 0.0 9.300000000000011 0.0 0.0 0.3 0.05 0.8 0.3 0.05 0.8 0.5 0.1 0.05
1131 6.079702138900757 0.0 0.0 0.0 0.0 0.0 0.0 0.0 0.0 0.0 0.0 0.0 0.0 0.0 0.0 0.0 0.0 0.0 0.0 0.0 0.0 0.0 0.0 0.0 9.300000000000011 0.0 0.0 9.300000000000011 0.0 0.0 0.3 0.05 0.8 0.3 0.05 0.8 0.5 0.1 0.05
1132 6.085105895996094 0.0 0.0 0.0 0.0 0.0 0.0 0.0 0.0 0.0 0.0 0.0 0.0 0.0 0.0 0.0 0.0 0.0 0.0 0.0 0.0 0.0 0.0 0.0 9.300000000000011 0.0 0.0 9.300000000000011 0.0 0.0 0.3 0.05 0.8 0.3 0.05 0.8 0.5 0.1 0.05
1133 6.0904388427734375 0.0 0.0 0.0 0.0 0.0 0.0 0.0 0.0 0.0 0.0 0.0 0.0 0.0 0.0 0.0 0.0 0.0 0.0 0.0 0.0 0.0 0.0 0.0 9.300000000000011 0.0 0.0 9.300000000000011 0.0 0.0 0.3 0.05 0.8 0.3 0.05 0.8 0.5 0.1 0.05
1134 6.0956947803497314 0.0 0.0 0.0 0.0 0.0 0.0 0.0 0.0 0.0 0.0 0.0 0.0 0.0 0.0 0.0 0.0 0.0 0.0 0.0 0.0 0.0 0.0 0.0 9.300000000000011 0.0 0.0 9.300000000000011 0.0 0.0 0.3 0.05 0.8 0.3 0.05 0.8 0.5 0.1 0.05
1135 6.1009345054626465 0.0 0.0 0.0 0.0 0.0 0.0 0.0 0.0 0.0 0.0 0.0 0.0 0.0 0.0 0.0 0.0 0.0 0.0 0.0 0.0 0.0 0.0 0.0 9.300000000000011 0.0 0.0 9.300000000000011 0.0 0.0 0.3 0.05 0.8 0.3 0.05 0.8 0.5 0.1 0.05
1136 6.106234788894653 0.0 0.0 0.0 0.0 0.0 0.0 0.0 0.0 0.0 0.0 0.0 0.0 0.0 0.0 0.0 0.0 0.0 0.0 0.0 0.0 0.0 0.0 0.0 9.300000000000011 0.0 0.0 9.300000000000011 0.0 0.0 0.3 0.05 0.8 0.3 0.05 0.8 0.5 0.1 0.05
1137 6.111539125442505 0.0 0.0 0.0 0.0 0.0 0.0 0.0 0.0 0.0 0.0 0.0 0.0 0.0 0.0 0.0 0.0 0.0 0.0 0.0 0.0 0.0 0.0 0.0 9.300000000000011 0.0 0.0 9.300000000000011 0.0 0.0 0.3 0.05 0.8 0.3 0.05 0.8 0.5 0.1 0.05
1138 6.116960048675537 0.0 0.0 0.0 0.0 0.0 0.0 0.0 0.0 0.0 0.0 0.0 0.0 0.0 0.0 0.0 0.0 0.0 0.0 0.0 0.0 0.0 0.0 0.0 9.300000000000011 0.0 0.0 9.300000000000011 0.0 0.0 0.3 0.05 0.8 0.3 0.05 0.8 0.5 0.1 0.05
1139 6.122457504272461 0.0 0.0 0.0 0.0 0.0 0.0 0.0 0.0 0.0 0.0 0.0 0.0 0.0 0.0 0.0 0.0 0.0 0.0 0.0 0.0 0.0 0.0 0.0 9.300000000000011 0.0 0.0 9.300000000000011 0.0 0.0 0.3 0.05 0.8 0.3 0.05 0.8 0.5 0.1 0.05
1140 6.1277382373809814 0.0 0.0 0.0 0.0 0.0 0.0 0.0 0.0 0.0 0.0 0.0 0.0 0.0 0.0 0.0 0.0 0.0 0.0 0.0 0.0 0.0 0.0 0.0 9.300000000000011 0.0 0.0 9.300000000000011 0.0 0.0 0.3 0.05 0.8 0.3 0.05 0.8 0.5 0.1 0.05
1141 6.133138418197632 0.0 0.0 0.0 0.0 0.0 0.0 0.0 0.0 0.0 0.0 0.0 0.0 0.0 0.0 0.0 0.0 0.0 0.0 0.0 0.0 0.0 0.0 0.0 9.300000000000011 0.0 0.0 9.300000000000011 0.0 0.0 0.3 0.05 0.8 0.3 0.05 0.8 0.5 0.1 0.05
1142 6.138482570648193 0.0 0.0 0.0 0.0 0.0 0.0 0.0 0.0 0.0 0.0 0.0 0.0 0.0 0.0 0.0 0.0 0.0 0.0 0.0 0.0 0.0 0.0 0.0 9.300000000000011 0.0 0.0 9.300000000000011 0.0 0.0 0.3 0.05 0.8 0.3 0.05 0.8 0.5 0.1 0.05
1143 6.143781661987305 0.0 0.0 0.0 0.0 0.0 0.0 0.0 0.0 0.0 0.0 0.0 0.0 0.0 0.0 0.0 0.0 0.0 0.0 0.0 0.0 0.0 0.0 0.0 9.300000000000011 0.0 0.0 9.300000000000011 0.0 0.0 0.3 0.05 0.8 0.3 0.05 0.8 0.5 0.1 0.05
1144 6.149022579193115 0.0 0.0 0.0 0.0 0.0 0.0 0.0 0.0 0.0 0.0 0.0 0.0 0.0 0.0 0.0 0.0 0.0 0.0 0.0 0.0 0.0 0.0 0.0 9.300000000000011 0.0 0.0 9.300000000000011 0.0 0.0 0.3 0.05 0.8 0.3 0.05 0.8 0.5 0.1 0.05
1145 6.154297828674316 0.0 0.0 0.0 0.0 0.0 0.0 0.0 0.0 0.0 0.0 0.0 0.0 0.0 0.0 0.0 0.0 0.0 0.0 0.0 0.0 0.0 0.0 0.0 9.300000000000011 0.0 0.0 9.300000000000011 0.0 0.0 0.3 0.05 0.8 0.3 0.05 0.8 0.5 0.1 0.05
1146 6.159550189971924 0.0 0.0 0.0 0.0 0.0 0.0 0.0 0.0 0.0 0.0 0.0 0.0 0.0 0.0 0.0 0.0 0.0 0.0 0.0 0.0 0.0 0.0 0.0 9.300000000000011 0.0 0.0 9.300000000000011 0.0 0.0 0.3 0.05 0.8 0.3 0.05 0.8 0.5 0.1 0.05
1147 6.164928436279297 0.0 0.0 0.0 0.0 0.0 0.0 0.0 0.0 0.0 0.0 0.0 0.0 0.0 0.0 0.0 0.0 0.0 0.0 0.0 0.0 0.0 0.0 0.0 9.300000000000011 0.0 0.0 9.300000000000011 0.0 0.0 0.3 0.05 0.8 0.3 0.05 0.8 0.5 0.1 0.05
1148 6.170215606689453 0.0 0.0 0.0 0.0 0.0 0.0 0.0 0.0 0.0 0.0 0.0 0.0 0.0 0.0 0.0 0.0 0.0 0.0 0.0 0.0 0.0 0.0 0.0 9.300000000000011 0.0 0.0 9.300000000000011 0.0 0.0 0.3 0.05 0.8 0.3 0.05 0.8 0.5 0.1 0.05
1149 6.175518274307251 0.0 0.0 0.0 0.0 0.0 0.0 0.0 0.0 0.0 0.0 0.0 0.0 0.0 0.0 0.0 0.0 0.0 0.0 0.0 0.0 0.0 0.0 0.0 9.300000000000011 0.0 0.0 9.300000000000011 0.0 0.0 0.3 0.05 0.8 0.3 0.05 0.8 0.5 0.1 0.05
1150 6.181008815765381 0.0 0.0 0.0 0.0 0.0 0.0 0.0 0.0 0.0 0.0 0.0 0.0 0.0 0.0 0.0 0.0 0.0 0.0 0.0 0.0 0.0 0.0 0.0 9.300000000000011 0.0 0.0 9.300000000000011 0.0 0.0 0.3 0.05 0.8 0.3 0.05 0.8 0.5 0.1 0.05
1151 6.186543226242065 0.0 0.0 0.0 0.0 0.0 0.0 0.0 0.0 0.0 0.0 0.0 0.0 0.0 0.0 0.0 0.0 0.0 0.0 0.0 0.0 0.0 0.0 0.0 9.300000000000011 0.0 0.0 9.300000000000011 0.0 0.0 0.3 0.05 0.8 0.3 0.05 0.8 0.5 0.1 0.05
1152 6.191971063613892 0.0 0.0 0.0 0.0 0.0 0.0 0.0 0.0 0.0 0.0 0.0 0.0 0.0 0.0 0.0 0.0 0.0 0.0 0.0 0.0 0.0 0.0 0.0 9.300000000000011 0.0 0.0 9.300000000000011 0.0 0.0 0.3 0.05 0.8 0.3 0.05 0.8 0.5 0.1 0.05
1153 6.197425127029419 0.0 0.0 0.0 0.0 0.0 0.0 0.0 0.0 0.0 0.0 0.0 0.0 0.0 0.0 0.0 0.0 0.0 0.0 0.0 0.0 0.0 0.0 0.0 9.300000000000011 0.0 0.0 9.300000000000011 0.0 0.0 0.3 0.05 0.8 0.3 0.05 0.8 0.5 0.1 0.05
1154 6.20269250869751 0.0 0.0 0.0 0.0 0.0 0.0 0.0 0.0 0.0 0.0 0.0 0.0 0.0 0.0 0.0 0.0 0.0 0.0 0.0 0.0 0.0 0.0 0.0 9.300000000000011 0.0 0.0 9.300000000000011 0.0 0.0 0.3 0.05 0.8 0.3 0.05 0.8 0.5 0.1 0.05
1155 6.207949161529541 0.0 0.0 0.0 0.0 0.0 0.0 0.0 0.0 0.0 0.0 0.0 0.0 0.0 0.0 0.0 0.0 0.0 0.0 0.0 0.0 0.0 0.0 0.0 9.300000000000011 0.0 0.0 9.300000000000011 0.0 0.0 0.3 0.05 0.8 0.3 0.05 0.8 0.5 0.1 0.05
1156 6.213407039642334 0.0 0.0 0.0 0.0 0.0 0.0 0.0 0.0 0.0 0.0 0.0 0.0 0.0 0.0 0.0 0.0 0.0 0.0 0.0 0.0 0.0 0.0 0.0 9.300000000000011 0.0 0.0 9.300000000000011 0.0 0.0 0.3 0.05 0.8 0.3 0.05 0.8 0.5 0.1 0.05
1157 6.218696355819702 0.0 0.0 0.0 0.0 0.0 0.0 0.0 0.0 0.0 0.0 0.0 0.0 0.0 0.0 0.0 0.0 0.0 0.0 0.0 0.0 0.0 0.0 0.0 9.300000000000011 0.0 0.0 9.300000000000011 0.0 0.0 0.3 0.05 0.8 0.3 0.05 0.8 0.5 0.1 0.05
1158 6.223922491073608 0.0 0.0 0.0 0.0 0.0 0.0 0.0 0.0 0.0 0.0 0.0 0.0 0.0 0.0 0.0 0.0 0.0 0.0 0.0 0.0 0.0 0.0 0.0 9.300000000000011 0.0 0.0 9.300000000000011 0.0 0.0 0.3 0.05 0.8 0.3 0.05 0.8 0.5 0.1 0.05
1159 6.229230165481567 0.0 0.0 0.0 0.0 0.0 0.0 0.0 0.0 0.0 0.0 0.0 0.0 0.0 0.0 0.0 0.0 0.0 0.0 0.0 0.0 0.0 0.0 0.0 9.300000000000011 0.0 0.0 9.300000000000011 0.0 0.0 0.3 0.05 0.8 0.3 0.05 0.8 0.5 0.1 0.05
1160 6.234464168548584 0.0 0.0 0.0 0.0 0.0 0.0 0.0 0.0 0.0 0.0 0.0 0.0 0.0 0.0 0.0 0.0 0.0 0.0 0.0 0.0 0.0 0.0 0.0 9.300000000000011 0.0 0.0 9.300000000000011 0.0 0.0 0.3 0.05 0.8 0.3 0.05 0.8 0.5 0.1 0.05
1161 6.239855766296387 0.0 0.0 0.0 0.0 0.0 0.0 0.0 0.0 0.0 0.0 0.0 0.0 0.0 0.0 0.0 0.0 0.0 0.0 0.0 0.0 0.0 0.0 0.0 9.300000000000011 0.0 0.0 9.300000000000011 0.0 0.0 0.3 0.05 0.8 0.3 0.05 0.8 0.5 0.1 0.05
1162 6.245259761810303 0.0 0.0 0.0 0.0 0.0 0.0 0.0 0.0 0.0 0.0 0.0 0.0 0.0 0.0 0.0 0.0 0.0 0.0 0.0 0.0 0.0 0.0 0.0 9.300000000000011 0.0 0.0 9.300000000000011 0.0 0.0 0.3 0.05 0.8 0.3 0.05 0.8 0.5 0.1 0.05
1163 6.250562906265259 0.0 0.0 0.0 0.0 0.0 0.0 0.0 0.0 0.0 0.0 0.0 0.0 0.0 0.0 0.0 0.0 0.0 0.0 0.0 0.0 0.0 0.0 0.0 9.300000000000011 0.0 0.0 9.300000000000011 0.0 0.0 0.3 0.05 0.8 0.3 0.05 0.8 0.5 0.1 0.05
1164 6.255865812301636 0.0 0.0 0.0 0.0 0.0 0.0 0.0 0.0 0.0 0.0 0.0 0.0 0.0 0.0 0.0 0.0 0.0 0.0 0.0 0.0 0.0 0.0 0.0 9.300000000000011 0.0 0.0 9.300000000000011 0.0 0.0 0.3 0.05 0.8 0.3 0.05 0.8 0.5 0.1 0.05
1165 6.261231422424316 0.0 0.0 0.0 0.0 0.0 0.0 0.0 0.0 0.0 0.0 0.0 0.0 0.0 0.0 0.0 0.0 0.0 0.0 0.0 0.0 0.0 0.0 0.0 9.300000000000011 0.0 0.0 9.300000000000011 0.0 0.0 0.3 0.05 0.8 0.3 0.05 0.8 0.5 0.1 0.05
1166 6.2666099071502686 0.0 0.0 0.0 0.0 0.0 0.0 0.0 0.0 0.0 0.0 0.0 0.0 0.0 0.0 0.0 0.0 0.0 0.0 0.0 0.0 0.0 0.0 0.0 9.300000000000011 0.0 0.0 9.300000000000011 0.0 0.0 0.3 0.05 0.8 0.3 0.05 0.8 0.5 0.1 0.05
1167 6.27196478843689 0.0 0.0 0.0 0.0 0.0 0.0 0.0 0.0 0.0 0.0 0.0 0.0 0.0 0.0 0.0 0.0 0.0 0.0 0.0 0.0 0.0 0.0 0.0 9.300000000000011 0.0 0.0 9.300000000000011 0.0 0.0 0.3 0.05 0.8 0.3 0.05 0.8 0.5 0.1 0.05
1168 6.277357578277588 0.0 0.0 0.0 0.0 0.0 0.0 0.0 0.0 0.0 0.0 0.0 0.0 0.0 0.0 0.0 0.0 0.0 0.0 0.0 0.0 0.0 0.0 0.0 9.300000000000011 0.0 0.0 9.300000000000011 0.0 0.0 0.3 0.05 0.8 0.3 0.05 0.8 0.5 0.1 0.05
1169 6.282881259918213 0.0 0.0 0.0 0.0 0.0 0.0 0.0 0.0 0.0 0.0 0.0 0.0 0.0 0.0 0.0 0.0 0.0 0.0 0.0 0.0 0.0 0.0 0.0 9.300000000000011 0.0 0.0 9.300000000000011 0.0 0.0 0.3 0.05 0.8 0.3 0.05 0.8 0.5 0.1 0.05
1170 6.2882239818573 0.0 0.0 0.0 0.0 0.0 0.0 0.0 0.0 0.0 0.0 0.0 0.0 0.0 0.0 0.0 0.0 0.0 0.0 0.0 0.0 0.0 0.0 0.0 9.300000000000011 0.0 0.0 9.300000000000011 0.0 0.0 0.3 0.05 0.8 0.3 0.05 0.8 0.5 0.1 0.05
1171 6.29356837272644 0.0 0.0 0.0 0.0 0.0 0.0 0.0 0.0 0.0 0.0 0.0 0.0 0.0 0.0 0.0 0.0 0.0 0.0 0.0 0.0 0.0 0.0 0.0 9.300000000000011 0.0 0.0 9.300000000000011 0.0 0.0 0.3 0.05 0.8 0.3 0.05 0.8 0.5 0.1 0.05
1172 6.2988409996032715 0.0 0.0 0.0 0.0 0.0 0.0 0.0 0.0 0.0 0.0 0.0 0.0 0.0 0.0 0.0 0.0 0.0 0.0 0.0 0.0 0.0 0.0 0.0 9.300000000000011 0.0 0.0 9.300000000000011 0.0 0.0 0.3 0.05 0.8 0.3 0.05 0.8 0.5 0.1 0.05
1173 6.304133415222168 0.0 0.0 0.0 0.0 0.0 0.0 0.0 0.0 0.0 0.0 0.0 0.0 0.0 0.0 0.0 0.0 0.0 0.0 0.0 0.0 0.0 0.0 0.0 9.300000000000011 0.0 0.0 9.300000000000011 0.0 0.0 0.3 0.05 0.8 0.3 0.05 0.8 0.5 0.1 0.05
1174 6.30942702293396 0.0 0.0 0.0 0.0 0.0 0.0 0.0 0.0 0.0 0.0 0.0 0.0 0.0 0.0 0.0 0.0 0.0 0.0 0.0 0.0 0.0 0.0 0.0 9.300000000000011 0.0 0.0 9.300000000000011 0.0 0.0 0.3 0.05 0.8 0.3 0.05 0.8 0.5 0.1 0.05
1175 6.314684629440308 0.0 0.0 0.0 0.0 0.0 0.0 0.0 0.0 0.0 0.0 0.0 0.0 0.0 0.0 0.0 0.0 0.0 0.0 0.0 0.0 0.0 0.0 0.0 9.300000000000011 0.0 0.0 9.300000000000011 0.0 0.0 0.3 0.05 0.8 0.3 0.05 0.8 0.5 0.1 0.05
1176 6.320039510726929 0.0 0.0 0.0 0.0 0.0 0.0 0.0 0.0 0.0 0.0 0.0 0.0 0.0 0.0 0.0 0.0 0.0 0.0 0.0 0.0 0.0 0.0 0.0 9.300000000000011 0.0 0.0 9.300000000000011 0.0 0.0 0.3 0.05 0.8 0.3 0.05 0.8 0.5 0.1 0.05
1177 6.325359344482422 0.0 0.0 0.0 0.0 0.0 0.0 0.0 0.0 0.0 0.0 0.0 0.0 0.0 0.0 0.0 0.0 0.0 0.0 0.0 0.0 0.0 0.0 0.0 9.300000000000011 0.0 0.0 9.300000000000011 0.0 0.0 0.3 0.05 0.8 0.3 0.05 0.8 0.5 0.1 0.05
1178 6.33061146736145 0.0 0.0 0.0 0.0 0.0 0.0 0.0 0.0 0.0 0.0 0.0 0.0 0.0 0.0 0.0 0.0 0.0 0.0 0.0 0.0 0.0 0.0 0.0 9.300000000000011 0.0 0.0 9.300000000000011 0.0 0.0 0.3 0.05 0.8 0.3 0.05 0.8 0.5 0.1 0.05
1179 6.335844993591309 0.0 0.0 0.0 0.0 0.0 0.0 0.0 0.0 0.0 0.0 0.0 0.0 0.0 0.0 0.0 0.0 0.0 0.0 0.0 0.0 0.0 0.0 0.0 9.300000000000011 0.0 0.0 9.300000000000011 0.0 0.0 0.3 0.05 0.8 0.3 0.05 0.8 0.5 0.1 0.05
1180 6.341177463531494 0.0 0.0 0.0 0.0 0.0 0.0 0.0 0.0 0.0 0.0 0.0 0.0 0.0 0.0 0.0 0.0 0.0 0.0 0.0 0.0 0.0 0.0 0.0 9.300000000000011 0.0 0.0 9.300000000000011 0.0 0.0 0.3 0.05 0.8 0.3 0.05 0.8 0.5 0.1 0.05
1181 6.346544981002808 0.0 0.0 0.0 0.0 0.0 0.0 0.0 0.0 0.0 0.0 0.0 0.0 0.0 0.0 0.0 0.0 0.0 0.0 0.0 0.0 0.0 0.0 0.0 9.300000000000011 0.0 0.0 9.300000000000011 0.0 0.0 0.3 0.05 0.8 0.3 0.05 0.8 0.5 0.1 0.05
1182 6.351883172988892 0.0 0.0 0.0 0.0 0.0 0.0 0.0 0.0 0.0 0.0 0.0 0.0 0.0 0.0 0.0 0.0 0.0 0.0 0.0 0.0 0.0 0.0 0.0 9.300000000000011 0.0 0.0 9.300000000000011 0.0 0.0 0.3 0.05 0.8 0.3 0.05 0.8 0.5 0.1 0.05
1183 6.3573689460754395 0.0 0.0 0.0 0.0 0.0 0.0 0.0 0.0 0.0 0.0 0.0 0.0 0.0 0.0 0.0 0.0 0.0 0.0 0.0 0.0 0.0 0.0 0.0 9.300000000000011 0.0 0.0 9.300000000000011 0.0 0.0 0.3 0.05 0.8 0.3 0.05 0.8 0.5 0.1 0.05
1184 6.362616300582886 0.0 0.0 0.0 0.0 0.0 0.0 0.0 0.0 0.0 0.0 0.0 0.0 0.0 0.0 0.0 0.0 0.0 0.0 0.0 0.0 0.0 0.0 0.0 9.300000000000011 0.0 0.0 9.300000000000011 0.0 0.0 0.3 0.05 0.8 0.3 0.05 0.8 0.5 0.1 0.05
1185 6.367867469787598 0.0 0.0 0.0 0.0 0.0 0.0 0.0 0.0 0.0 0.0 0.0 0.0 0.0 0.0 0.0 0.0 0.0 0.0 0.0 0.0 0.0 0.0 0.0 9.300000000000011 0.0 0.0 9.300000000000011 0.0 0.0 0.3 0.05 0.8 0.3 0.05 0.8 0.5 0.1 0.05
1186 6.373081207275391 0.0 0.0 0.0 0.0 0.0 0.0 0.0 0.0 0.0 0.0 0.0 0.0 0.0 0.0 0.0 0.0 0.0 0.0 0.0 0.0 0.0 0.0 0.0 9.300000000000011 0.0 0.0 9.300000000000011 0.0 0.0 0.3 0.05 0.8 0.3 0.05 0.8 0.5 0.1 0.05
1187 6.378328800201416 0.0 0.0 0.0 0.0 0.0 0.0 0.0 0.0 0.0 0.0 0.0 0.0 0.0 0.0 0.0 0.0 0.0 0.0 0.0 0.0 0.0 0.0 0.0 9.300000000000011 0.0 0.0 9.300000000000011 0.0 0.0 0.3 0.05 0.8 0.3 0.05 0.8 0.5 0.1 0.05
1188 6.383660554885864 0.0 0.0 0.0 0.0 0.0 0.0 0.0 0.0 0.0 0.0 0.0 0.0 0.0 0.0 0.0 0.0 0.0 0.0 0.0 0.0 0.0 0.0 0.0 9.300000000000011 0.0 0.0 9.300000000000011 0.0 0.0 0.3 0.05 0.8 0.3 0.05 0.8 0.5 0.1 0.05
1189 6.389016389846802 0.0 0.0 0.0 0.0 0.0 0.0 0.0 0.0 0.0 0.0 0.0 0.0 0.0 0.0 0.0 0.0 0.0 0.0 0.0 0.0 0.0 0.0 0.0 9.300000000000011 0.0 0.0 9.300000000000011 0.0 0.0 0.3 0.05 0.8 0.3 0.05 0.8 0.5 0.1 0.05
1190 6.394301414489746 0.0 0.0 0.0 0.0 0.0 0.0 0.0 0.0 0.0 0.0 0.0 0.0 0.0 0.0 0.0 0.0 0.0 0.0 0.0 0.0 0.0 0.0 0.0 9.300000000000011 0.0 0.0 9.300000000000011 0.0 0.0 0.3 0.05 0.8 0.3 0.05 0.8 0.5 0.1 0.05
1191 6.399750471115112 0.0 0.0 0.0 0.0 0.0 0.0 0.0 0.0 0.0 0.0 0.0 0.0 0.0 0.0 0.0 0.0 0.0 0.0 0.0 0.0 0.0 0.0 0.0 9.300000000000011 0.0 0.0 9.300000000000011 0.0 0.0 0.3 0.05 0.8 0.3 0.05 0.8 0.5 0.1 0.05
1192 6.4050939083099365 0.0 0.0 0.0 0.0 0.0 0.0 0.0 0.0 0.0 0.0 0.0 0.0 0.0 0.0 0.0 0.0 0.0 0.0 0.0 0.0 0.0 0.0 0.0 9.300000000000011 0.0 0.0 9.300000000000011 0.0 0.0 0.3 0.05 0.8 0.3 0.05 0.8 0.5 0.1 0.05
1193 6.4104554653167725 0.0 0.0 0.0 0.0 0.0 0.0 0.0 0.0 0.0 0.0 0.0 0.0 0.0 0.0 0.0 0.0 0.0 0.0 0.0 0.0 0.0 0.0 0.0 9.300000000000011 0.0 0.0 9.300000000000011 0.0 0.0 0.3 0.05 0.8 0.3 0.05 0.8 0.5 0.1 0.05
1194 6.415713787078857 0.0 0.0 0.0 0.0 0.0 0.0 0.0 0.0 0.0 0.0 0.0 0.0 0.0 0.0 0.0 0.0 0.0 0.0 0.0 0.0 0.0 0.0 0.0 9.300000000000011 0.0 0.0 9.300000000000011 0.0 0.0 0.3 0.05 0.8 0.3 0.05 0.8 0.5 0.1 0.05
1195 6.420964002609253 0.0 0.0 0.0 0.0 0.0 0.0 0.0 0.0 0.0 0.0 0.0 0.0 0.0 0.0 0.0 0.0 0.0 0.0 0.0 0.0 0.0 0.0 0.0 9.300000000000011 0.0 0.0 9.300000000000011 0.0 0.0 0.3 0.05 0.8 0.3 0.05 0.8 0.5 0.1 0.05
1196 6.426220655441284 0.0 0.0 0.0 0.0 0.0 0.0 0.0 0.0 0.0 0.0 0.0 0.0 0.0 0.0 0.0 0.0 0.0 0.0 0.0 0.0 0.0 0.0 0.0 9.300000000000011 0.0 0.0 9.300000000000011 0.0 0.0 0.3 0.05 0.8 0.3 0.05 0.8 0.5 0.1 0.05
1197 6.431467056274414 0.0 0.0 0.0 0.0 0.0 0.0 0.0 0.0 0.0 0.0 0.0 0.0 0.0 0.0 0.0 0.0 0.0 0.0 0.0 0.0 0.0 0.0 0.0 9.300000000000011 0.0 0.0 9.300000000000011 0.0 0.0 0.3 0.05 0.8 0.3 0.05 0.8 0.5 0.1 0.05
1198 6.436732769012451 0.0 0.0 0.0 0.0 0.0 0.0 0.0 0.0 0.0 0.0 0.0 0.0 0.0 0.0 0.0 0.0 0.0 0.0 0.0 0.0 0.0 0.0 0.0 9.300000000000011 0.0 0.0 9.300000000000011 0.0 0.0 0.3 0.05 0.8 0.3 0.05 0.8 0.5 0.1 0.05
1199 6.442131996154785 0.0 0.0 0.0 0.0 0.0 0.0 0.0 0.0 0.0 0.0 0.0 0.0 0.0 0.0 0.0 0.0 0.0 0.0 0.0 0.0 0.0 0.0 0.0 9.300000000000011 0.0 0.0 9.300000000000011 0.0 0.0 0.3 0.05 0.8 0.3 0.05 0.8 0.5 0.1 0.05
1200 6.44746470451355 0.0 0.0 0.0 0.0 0.0 0.0 0.0 0.0 0.0 0.0 0.0 0.0 0.0 0.0 0.0 0.0 0.0 0.0 0.0 0.0 0.0 0.0 0.0 9.300000000000011 0.0 0.0 9.300000000000011 0.0 0.0 0.3 0.05 0.8 0.3 0.05 0.8 0.5 0.1 0.05
1201 6.452889442443848 0.0 0.0 0.0 0.0 0.0 0.0 0.0 0.0 0.0 0.0 0.0 0.0 0.0 0.0 0.0 0.0 0.0 0.0 0.0 0.0 0.0 0.0 0.0 9.300000000000011 0.0 0.0 9.300000000000011 0.0 0.0 0.3 0.05 0.8 0.3 0.05 0.8 0.5 0.1 0.05
1202 6.458223581314087 0.0 0.0 0.0 0.0 0.0 0.0 0.0 0.0 0.0 0.0 0.0 0.0 0.0 0.0 0.0 0.0 0.0 0.0 0.0 0.0 0.0 0.0 0.0 9.300000000000011 0.0 0.0 9.300000000000011 0.0 0.0 0.3 0.05 0.8 0.3 0.05 0.8 0.5 0.1 0.05
1203 6.463546991348267 0.0 0.0 0.0 0.0 0.0 0.0 0.0 0.0 0.0 0.0 0.0 0.0 0.0 0.0 0.0 0.0 0.0 0.0 0.0 0.0 0.0 0.0 0.0 9.300000000000011 0.0 0.0 9.300000000000011 0.0 0.0 0.3 0.05 0.8 0.3 0.05 0.8 0.5 0.1 0.05
1204 6.468823194503784 0.0 0.0 0.0 0.0 0.0 0.0 0.0 0.0 0.0 0.0 0.0 0.0 0.0 0.0 0.0 0.0 0.0 0.0 0.0 0.0 0.0 0.0 0.0 9.300000000000011 0.0 0.0 9.300000000000011 0.0 0.0 0.3 0.05 0.8 0.3 0.05 0.8 0.5 0.1 0.05
1205 6.474079608917236 0.0 0.0 0.0 0.0 0.0 0.0 0.0 0.0 0.0 0.0 0.0 0.0 0.0 0.0 0.0 0.0 0.0 0.0 0.0 0.0 0.0 0.0 0.0 9.300000000000011 0.0 0.0 9.300000000000011 0.0 0.0 0.3 0.05 0.8 0.3 0.05 0.8 0.5 0.1 0.05
1206 6.479309797286987 0.0 0.0 0.0 0.0 0.0 0.0 0.0 0.0 0.0 0.0 0.0 0.0 0.0 0.0 0.0 0.0 0.0 0.0 0.0 0.0 0.0 0.0 0.0 9.300000000000011 0.0 0.0 9.300000000000011 0.0 0.0 0.3 0.05 0.8 0.3 0.05 0.8 0.5 0.1 0.05
1207 6.484602928161621 0.0 0.0 0.0 0.0 0.0 0.0 0.0 0.0 0.0 0.0 0.0 0.0 0.0 0.0 0.0 0.0 0.0 0.0 0.0 0.0 0.0 0.0 0.0 9.300000000000011 0.0 0.0 9.300000000000011 0.0 0.0 0.3 0.05 0.8 0.3 0.05 0.8 0.5 0.1 0.05
1208 6.490025997161865 0.0 0.0 0.0 0.0 0.0 0.0 0.0 0.0 0.0 0.0 0.0 0.0 0.0 0.0 0.0 0.0 0.0 0.0 0.0 0.0 0.0 0.0 0.0 9.300000000000011 0.0 0.0 9.300000000000011 0.0 0.0 0.3 0.05 0.8 0.3 0.05 0.8 0.5 0.1 0.05
1209 6.495337963104248 0.0 0.0 0.0 0.0 0.0 0.0 0.0 0.0 0.0 0.0 0.0 0.0 0.0 0.0 0.0 0.0 0.0 0.0 0.0 0.0 0.0 0.0 0.0 9.300000000000011 0.0 0.0 9.300000000000011 0.0 0.0 0.3 0.05 0.8 0.3 0.05 0.8 0.5 0.1 0.05
1210 6.500633001327515 0.0 0.0 0.0 0.0 0.0 0.0 0.0 0.0 0.0 0.0 0.0 0.0 0.0 0.0 0.0 0.0 0.0 0.0 0.0 0.0 0.0 0.0 0.0 9.300000000000011 0.0 0.0 9.300000000000011 0.0 0.0 0.3 0.05 0.8 0.3 0.05 0.8 0.5 0.1 0.05
1211 6.506307363510132 0.0 0.0 0.0 0.0 0.0 0.0 0.0 0.0 0.0 0.0 0.0 0.0 0.0 0.0 0.0 0.0 0.0 0.0 0.0 0.0 0.0 0.0 0.0 9.300000000000011 0.0 0.0 9.300000000000011 0.0 0.0 0.3 0.05 0.8 0.3 0.05 0.8 0.5 0.1 0.05
1212 6.511622905731201 0.0 0.0 0.0 0.0 0.0 0.0 0.0 0.0 0.0 0.0 0.0 0.0 0.0 0.0 0.0 0.0 0.0 0.0 0.0 0.0 0.0 0.0 0.0 9.300000000000011 0.0 0.0 9.300000000000011 0.0 0.0 0.3 0.05 0.8 0.3 0.05 0.8 0.5 0.1 0.05
1213 6.517131328582764 0.0 0.0 0.0 0.0 0.0 0.0 0.0 0.0 0.0 0.0 0.0 0.0 0.0 0.0 0.0 0.0 0.0 0.0 0.0 0.0 0.0 0.0 0.0 9.300000000000011 0.0 0.0 9.300000000000011 0.0 0.0 0.3 0.05 0.8 0.3 0.05 0.8 0.5 0.1 0.05
1214 6.522480010986328 0.0 0.0 0.0 0.0 0.0 0.0 0.0 0.0 0.0 0.0 0.0 0.0 0.0 0.0 0.0 0.0 0.0 0.0 0.0 0.0 0.0 0.0 0.0 9.300000000000011 0.0 0.0 9.300000000000011 0.0 0.0 0.3 0.05 0.8 0.3 0.05 0.8 0.5 0.1 0.05
1215 6.527778148651123 0.0 0.0 0.0 0.0 0.0 0.0 0.0 0.0 0.0 0.0 0.0 0.0 0.0 0.0 0.0 0.0 0.0 0.0 0.0 0.0 0.0 0.0 0.0 9.300000000000011 0.0 0.0 9.300000000000011 0.0 0.0 0.3 0.05 0.8 0.3 0.05 0.8 0.5 0.1 0.05
1216 6.532999277114868 0.0 0.0 0.0 0.0 0.0 0.0 0.0 0.0 0.0 0.0 0.0 0.0 0.0 0.0 0.0 0.0 0.0 0.0 0.0 0.0 0.0 0.0 0.0 9.300000000000011 0.0 0.0 9.300000000000011 0.0 0.0 0.3 0.05 0.8 0.3 0.05 0.8 0.5 0.1 0.05
1217 6.5383079051971436 0.0 0.0 0.0 0.0 0.0 0.0 0.0 0.0 0.0 0.0 0.0 0.0 0.0 0.0 0.0 0.0 0.0 0.0 0.0 0.0 0.0 0.0 0.0 9.300000000000011 0.0 0.0 9.300000000000011 0.0 0.0 0.3 0.05 0.8 0.3 0.05 0.8 0.5 0.1 0.05
1218 6.543538331985474 0.0 0.0 0.0 0.0 0.0 0.0 0.0 0.0 0.0 0.0 0.0 0.0 0.0 0.0 0.0 0.0 0.0 0.0 0.0 0.0 0.0 0.0 0.0 9.300000000000011 0.0 0.0 9.300000000000011 0.0 0.0 0.3 0.05 0.8 0.3 0.05 0.8 0.5 0.1 0.05
1219 6.548763751983643 0.0 0.0 0.0 0.0 0.0 0.0 0.0 0.0 0.0 0.0 0.0 0.0 0.0 0.0 0.0 0.0 0.0 0.0 0.0 0.0 0.0 0.0 0.0 9.300000000000011 0.0 0.0 9.300000000000011 0.0 0.0 0.3 0.05 0.8 0.3 0.05 0.8 0.5 0.1 0.05
1220 6.554075479507446 0.0 0.0 0.0 0.0 0.0 0.0 0.0 0.0 0.0 0.0 0.0 0.0 0.0 0.0 0.0 0.0 0.0 0.0 0.0 0.0 0.0 0.0 0.0 9.300000000000011 0.0 0.0 9.300000000000011 0.0 0.0 0.3 0.05 0.8 0.3 0.05 0.8 0.5 0.1 0.05
1221 6.559499263763428 0.0 0.0 0.0 0.0 0.0 0.0 0.0 0.0 0.0 0.0 0.0 0.0 0.0 0.0 0.0 0.0 0.0 0.0 0.0 0.0 0.0 0.0 0.0 9.300000000000011 0.0 0.0 9.300000000000011 0.0 0.0 0.3 0.05 0.8 0.3 0.05 0.8 0.5 0.1 0.05
1222 6.564831018447876 0.0 0.0 0.0 0.0 0.0 0.0 0.0 0.0 0.0 0.0 0.0 0.0 0.0 0.0 0.0 0.0 0.0 0.0 0.0 0.0 0.0 0.0 0.0 9.300000000000011 0.0 0.0 9.300000000000011 0.0 0.0 0.3 0.05 0.8 0.3 0.05 0.8 0.5 0.1 0.05
1223 6.5701963901519775 0.0 0.0 0.0 0.0 0.0 0.0 0.0 0.0 0.0 0.0 0.0 0.0 0.0 0.0 0.0 0.0 0.0 0.0 0.0 0.0 0.0 0.0 0.0 9.300000000000011 0.0 0.0 9.300000000000011 0.0 0.0 0.3 0.05 0.8 0.3 0.05 0.8 0.5 0.1 0.05
1224 6.575474500656128 0.0 0.0 0.0 0.0 0.0 0.0 0.0 0.0 0.0 0.0 0.0 0.0 0.0 0.0 0.0 0.0 0.0 0.0 0.0 0.0 0.0 0.0 0.0 9.300000000000011 0.0 0.0 9.300000000000011 0.0 0.0 0.3 0.05 0.8 0.3 0.05 0.8 0.5 0.1 0.05
1225 6.58083176612854 0.0 0.0 0.0 0.0 0.0 0.0 0.0 0.0 0.0 0.0 0.0 0.0 0.0 0.0 0.0 0.0 0.0 0.0 0.0 0.0 0.0 0.0 0.0 9.300000000000011 0.0 0.0 9.300000000000011 0.0 0.0 0.3 0.05 0.8 0.3 0.05 0.8 0.5 0.1 0.05
1226 6.586137056350708 0.0 0.0 0.0 0.0 0.0 0.0 0.0 0.0 0.0 0.0 0.0 0.0 0.0 0.0 0.0 0.0 0.0 0.0 0.0 0.0 0.0 0.0 0.0 9.300000000000011 0.0 0.0 9.300000000000011 0.0 0.0 0.3 0.05 0.8 0.3 0.05 0.8 0.5 0.1 0.05
1227 6.5914812088012695 0.0 0.0 0.0 0.0 0.0 0.0 0.0 0.0 0.0 0.0 0.0 0.0 0.0 0.0 0.0 0.0 0.0 0.0 0.0 0.0 0.0 0.0 0.0 9.300000000000011 0.0 0.0 9.300000000000011 0.0 0.0 0.3 0.05 0.8 0.3 0.05 0.8 0.5 0.1 0.05
1228 6.5968780517578125 0.0 0.0 0.0 0.0 0.0 0.0 0.0 0.0 0.0 0.0 0.0 0.0 0.0 0.0 0.0 0.0 0.0 0.0 0.0 0.0 0.0 0.0 0.0 9.300000000000011 0.0 0.0 9.300000000000011 0.0 0.0 0.3 0.05 0.8 0.3 0.05 0.8 0.5 0.1 0.05
1229 6.602174997329712 0.0 0.0 0.0 0.0 0.0 0.0 0.0 0.0 0.0 0.0 0.0 0.0 0.0 0.0 0.0 0.0 0.0 0.0 0.0 0.0 0.0 0.0 0.0 9.300000000000011 0.0 0.0 9.300000000000011 0.0 0.0 0.3 0.05 0.8 0.3 0.05 0.8 0.5 0.1 0.05
1230 6.607526063919067 0.0 0.0 0.0 0.0 0.0 0.0 0.0 0.0 0.0 0.0 0.0 0.0 0.0 0.0 0.0 0.0 0.0 0.0 0.0 0.0 0.0 0.0 0.0 9.300000000000011 0.0 0.0 9.300000000000011 0.0 0.0 0.3 0.05 0.8 0.3 0.05 0.8 0.5 0.1 0.05
1231 6.613042831420898 0.0 0.0 0.0 0.0 0.0 0.0 0.0 0.0 0.0 0.0 0.0 0.0 0.0 0.0 0.0 0.0 0.0 0.0 0.0 0.0 0.0 0.0 0.0 9.300000000000011 0.0 0.0 9.300000000000011 0.0 0.0 0.3 0.05 0.8 0.3 0.05 0.8 0.5 0.1 0.05
1232 6.618589162826538 0.0 0.0 0.0 0.0 0.0 0.0 0.0 0.0 0.0 0.0 0.0 0.0 0.0 0.0 0.0 0.0 0.0 0.0 0.0 0.0 0.0 0.0 0.0 9.300000000000011 0.0 0.0 9.300000000000011 0.0 0.0 0.3 0.05 0.8 0.3 0.05 0.8 0.5 0.1 0.05
1233 6.6243040561676025 0.0 0.0 0.0 0.0 0.0 0.0 0.0 0.0 0.0 0.0 0.0 0.0 0.0 0.0 0.0 0.0 0.0 0.0 0.0 0.0 0.0 0.0 0.0 9.300000000000011 0.0 0.0 9.300000000000011 0.0 0.0 0.3 0.05 0.8 0.3 0.05 0.8 0.5 0.1 0.05
1234 6.629770994186401 0.0 0.0 0.0 0.0 0.0 0.0 0.0 0.0 0.0 0.0 0.0 0.0 0.0 0.0 0.0 0.0 0.0 0.0 0.0 0.0 0.0 0.0 0.0 9.300000000000011 0.0 0.0 9.300000000000011 0.0 0.0 0.3 0.05 0.8 0.3 0.05 0.8 0.5 0.1 0.05
1235 6.635159969329834 0.0 0.0 0.0 0.0 0.0 0.0 0.0 0.0 0.0 0.0 0.0 0.0 0.0 0.0 0.0 0.0 0.0 0.0 0.0 0.0 0.0 0.0 0.0 9.300000000000011 0.0 0.0 9.300000000000011 0.0 0.0 0.3 0.05 0.8 0.3 0.05 0.8 0.5 0.1 0.05
1236 6.640607833862305 0.0 0.0 0.0 0.0 0.0 0.0 0.0 0.0 0.0 0.0 0.0 0.0 0.0 0.0 0.0 0.0 0.0 0.0 0.0 0.0 0.0 0.0 0.0 9.300000000000011 0.0 0.0 9.300000000000011 0.0 0.0 0.3 0.05 0.8 0.3 0.05 0.8 0.5 0.1 0.05
1237 6.646015405654907 0.0 0.0 0.0 0.0 0.0 0.0 0.0 0.0 0.0 0.0 0.0 0.0 0.0 0.0 0.0 0.0 0.0 0.0 0.0 0.0 0.0 0.0 0.0 9.300000000000011 0.0 0.0 9.300000000000011 0.0 0.0 0.3 0.05 0.8 0.3 0.05 0.8 0.5 0.1 0.05
1238 6.651451349258423 0.0 0.0 0.0 0.0 0.0 0.0 0.0 0.0 0.0 0.0 0.0 0.0 0.0 0.0 0.0 0.0 0.0 0.0 0.0 0.0 0.0 0.0 0.0 9.300000000000011 0.0 0.0 9.300000000000011 0.0 0.0 0.3 0.05 0.8 0.3 0.05 0.8 0.5 0.1 0.05
1239 6.65690279006958 0.0 0.0 0.0 0.0 0.0 0.0 0.0 0.0 0.0 0.0 0.0 0.0 0.0 0.0 0.0 0.0 0.0 0.0 0.0 0.0 0.0 0.0 0.0 9.300000000000011 0.0 0.0 9.300000000000011 0.0 0.0 0.3 0.05 0.8 0.3 0.05 0.8 0.5 0.1 0.05
1240 6.662333965301514 0.0 0.0 0.0 0.0 0.0 0.0 0.0 0.0 0.0 0.0 0.0 0.0 0.0 0.0 0.0 0.0 0.0 0.0 0.0 0.0 0.0 0.0 0.0 9.300000000000011 0.0 0.0 9.300000000000011 0.0 0.0 0.3 0.05 0.8 0.3 0.05 0.8 0.5 0.1 0.05
1241 6.6681437492370605 0.0 0.0 0.0 0.0 0.0 0.0 0.0 0.0 0.0 0.0 0.0 0.0 0.0 0.0 0.0 0.0 0.0 0.0 0.0 0.0 0.0 0.0 0.0 9.300000000000011 0.0 0.0 9.300000000000011 0.0 0.0 0.3 0.05 0.8 0.3 0.05 0.8 0.5 0.1 0.05
1242 6.673469066619873 0.0 0.0 0.0 0.0 0.0 0.0 0.0 0.0 0.0 0.0 0.0 0.0 0.0 0.0 0.0 0.0 0.0 0.0 0.0 0.0 0.0 0.0 0.0 9.300000000000011 0.0 0.0 9.300000000000011 0.0 0.0 0.3 0.05 0.8 0.3 0.05 0.8 0.5 0.1 0.05
1243 6.678799152374268 0.0 0.0 0.0 0.0 0.0 0.0 0.0 0.0 0.0 0.0 0.0 0.0 0.0 0.0 0.0 0.0 0.0 0.0 0.0 0.0 0.0 0.0 0.0 9.300000000000011 0.0 0.0 9.300000000000011 0.0 0.0 0.3 0.05 0.8 0.3 0.05 0.8 0.5 0.1 0.05
1244 6.684215068817139 0.0 0.0 0.0 0.0 0.0 0.0 0.0 0.0 0.0 0.0 0.0 0.0 0.0 0.0 0.0 0.0 0.0 0.0 0.0 0.0 0.0 0.0 0.0 9.300000000000011 0.0 0.0 9.300000000000011 0.0 0.0 0.3 0.05 0.8 0.3 0.05 0.8 0.5 0.1 0.05
1245 6.689636707305908 0.0 0.0 0.0 0.0 0.0 0.0 0.0 0.0 0.0 0.0 0.0 0.0 0.0 0.0 0.0 0.0 0.0 0.0 0.0 0.0 0.0 0.0 0.0 9.300000000000011 0.0 0.0 9.300000000000011 0.0 0.0 0.3 0.05 0.8 0.3 0.05 0.8 0.5 0.1 0.05
1246 6.695202589035034 0.0 0.0 0.0 0.0 0.0 0.0 0.0 0.0 0.0 0.0 0.0 0.0 0.0 0.0 0.0 0.0 0.0 0.0 0.0 0.0 0.0 0.0 0.0 9.300000000000011 0.0 0.0 9.300000000000011 0.0 0.0 0.3 0.05 0.8 0.3 0.05 0.8 0.5 0.1 0.05
1247 6.700758695602417 0.0 0.0 0.0 0.0 0.0 0.0 0.0 0.0 0.0 0.0 0.0 0.0 0.0 0.0 0.0 0.0 0.0 0.0 0.0 0.0 0.0 0.0 0.0 9.300000000000011 0.0 0.0 9.300000000000011 0.0 0.0 0.3 0.05 0.8 0.3 0.05 0.8 0.5 0.1 0.05
1248 6.706313371658325 0.0 0.0 0.0 0.0 0.0 0.0 0.0 0.0 0.0 0.0 0.0 0.0 0.0 0.0 0.0 0.0 0.0 0.0 0.0 0.0 0.0 0.0 0.0 9.300000000000011 0.0 0.0 9.300000000000011 0.0 0.0 0.3 0.05 0.8 0.3 0.05 0.8 0.5 0.1 0.05
1249 6.711755037307739 0.0 0.0 0.0 0.0 0.0 0.0 0.0 0.0 0.0 0.0 0.0 0.0 0.0 0.0 0.0 0.0 0.0 0.0 0.0 0.0 0.0 0.0 0.0 9.300000000000011 0.0 0.0 9.300000000000011 0.0 0.0 0.3 0.05 0.8 0.3 0.05 0.8 0.5 0.1 0.05
1250 6.717161655426025 0.0 0.0 0.0 0.0 0.0 0.0 0.0 0.0 0.0 0.0 0.0 0.0 0.0 0.0 0.0 0.0 0.0 0.0 0.0 0.0 0.0 0.0 0.0 9.300000000000011 0.0 0.0 9.300000000000011 0.0 0.0 0.3 0.05 0.8 0.3 0.05 0.8 0.5 0.1 0.05
1251 6.7231481075286865 0.0 0.0 0.0 0.0 0.0 0.0 0.0 0.0 0.0 0.0 0.0 0.0 0.0 0.0 0.0 0.0 0.0 0.0 0.0 0.0 0.0 0.0 0.0 9.300000000000011 0.0 0.0 9.300000000000011 0.0 0.0 0.3 0.05 0.8 0.3 0.05 0.8 0.5 0.1 0.05
1252 6.728599548339844 0.0 0.0 0.0 0.0 0.0 0.0 0.0 0.0 0.0 0.0 0.0 0.0 0.0 0.0 0.0 0.0 0.0 0.0 0.0 0.0 0.0 0.0 0.0 9.300000000000011 0.0 0.0 9.300000000000011 0.0 0.0 0.3 0.05 0.8 0.3 0.05 0.8 0.5 0.1 0.05
1253 6.734116315841675 0.0 0.0 0.0 0.0 0.0 0.0 0.0 0.0 0.0 0.0 0.0 0.0 0.0 0.0 0.0 0.0 0.0 0.0 0.0 0.0 0.0 0.0 0.0 9.300000000000011 0.0 0.0 9.300000000000011 0.0 0.0 0.3 0.05 0.8 0.3 0.05 0.8 0.5 0.1 0.05
1254 6.739492177963257 0.0 0.0 0.0 0.0 0.0 0.0 0.0 0.0 0.0 0.0 0.0 0.0 0.0 0.0 0.0 0.0 0.0 0.0 0.0 0.0 0.0 0.0 0.0 9.300000000000011 0.0 0.0 9.300000000000011 0.0 0.0 0.3 0.05 0.8 0.3 0.05 0.8 0.5 0.1 0.05
1255 6.744877099990845 0.0 0.0 0.0 0.0 0.0 0.0 0.0 0.0 0.0 0.0 0.0 0.0 0.0 0.0 0.0 0.0 0.0 0.0 0.0 0.0 0.0 0.0 0.0 9.300000000000011 0.0 0.0 9.300000000000011 0.0 0.0 0.3 0.05 0.8 0.3 0.05 0.8 0.5 0.1 0.05
1256 6.750300407409668 0.0 0.0 0.0 0.0 0.0 0.0 0.0 0.0 0.0 0.0 0.0 0.0 0.0 0.0 0.0 0.0 0.0 0.0 0.0 0.0 0.0 0.0 0.0 9.300000000000011 0.0 0.0 9.300000000000011 0.0 0.0 0.3 0.05 0.8 0.3 0.05 0.8 0.5 0.1 0.05
1257 6.755708456039429 0.0 0.0 0.0 0.0 0.0 0.0 0.0 0.0 0.0 0.0 0.0 0.0 0.0 0.0 0.0 0.0 0.0 0.0 0.0 0.0 0.0 0.0 0.0 9.300000000000011 0.0 0.0 9.300000000000011 0.0 0.0 0.3 0.05 0.8 0.3 0.05 0.8 0.5 0.1 0.05
1258 6.761145114898682 0.0 0.0 0.0 0.0 0.0 0.0 0.0 0.0 0.0 0.0 0.0 0.0 0.0 0.0 0.0 0.0 0.0 0.0 0.0 0.0 0.0 0.0 0.0 9.300000000000011 0.0 0.0 9.300000000000011 0.0 0.0 0.3 0.05 0.8 0.3 0.05 0.8 0.5 0.1 0.05
1259 6.766653776168823 0.0 0.0 0.0 0.0 0.0 0.0 0.0 0.0 0.0 0.0 0.0 0.0 0.0 0.0 0.0 0.0 0.0 0.0 0.0 0.0 0.0 0.0 0.0 9.300000000000011 0.0 0.0 9.300000000000011 0.0 0.0 0.3 0.05 0.8 0.3 0.05 0.8 0.5 0.1 0.05
1260 6.772138357162476 0.0 0.0 0.0 0.0 0.0 0.0 0.0 0.0 0.0 0.0 0.0 0.0 0.0 0.0 0.0 0.0 0.0 0.0 0.0 0.0 0.0 0.0 0.0 9.300000000000011 0.0 0.0 9.300000000000011 0.0 0.0 0.3 0.05 0.8 0.3 0.05 0.8 0.5 0.1 0.05
1261 6.77810001373291 0.0 0.0 0.0 0.0 0.0 0.0 0.0 0.0 0.0 0.0 0.0 0.0 0.0 0.0 0.0 0.0 0.0 0.0 0.0 0.0 0.0 0.0 0.0 9.300000000000011 0.0 0.0 9.300000000000011 0.0 0.0 0.3 0.05 0.8 0.3 0.05 0.8 0.5 0.1 0.05
1262 6.7838826179504395 0.0 0.0 0.0 0.0 0.0 0.0 0.0 0.0 0.0 0.0 0.0 0.0 0.0 0.0 0.0 0.0 0.0 0.0 0.0 0.0 0.0 0.0 0.0 9.300000000000011 0.0 0.0 9.300000000000011 0.0 0.0 0.3 0.05 0.8 0.3 0.05 0.8 0.5 0.1 0.05
1263 6.789376258850098 0.0 0.0 0.0 0.0 0.0 0.0 0.0 0.0 0.0 0.0 0.0 0.0 0.0 0.0 0.0 0.0 0.0 0.0 0.0 0.0 0.0 0.0 0.0 9.300000000000011 0.0 0.0 9.300000000000011 0.0 0.0 0.3 0.05 0.8 0.3 0.05 0.8 0.5 0.1 0.05
1264 6.794809341430664 0.0 0.0 0.0 0.0 0.0 0.0 0.0 0.0 0.0 0.0 0.0 0.0 0.0 0.0 0.0 0.0 0.0 0.0 0.0 0.0 0.0 0.0 0.0 9.300000000000011 0.0 0.0 9.300000000000011 0.0 0.0 0.3 0.05 0.8 0.3 0.05 0.8 0.5 0.1 0.05
1265 6.800337553024292 0.0 0.0 0.0 0.0 0.0 0.0 0.0 0.0 0.0 0.0 0.0 0.0 0.0 0.0 0.0 0.0 0.0 0.0 0.0 0.0 0.0 0.0 0.0 9.300000000000011 0.0 0.0 9.300000000000011 0.0 0.0 0.3 0.05 0.8 0.3 0.05 0.8 0.5 0.1 0.05
1266 6.806071996688843 0.0 0.0 0.0 0.0 0.0 0.0 0.0 0.0 0.0 0.0 0.0 0.0 0.0 0.0 0.0 0.0 0.0 0.0 0.0 0.0 0.0 0.0 0.0 9.300000000000011 0.0 0.0 9.300000000000011 0.0 0.0 0.3 0.05 0.8 0.3 0.05 0.8 0.5 0.1 0.05
1267 6.811533451080322 0.0 0.0 0.0 0.0 0.0 0.0 0.0 0.0 0.0 0.0 0.0 0.0 0.0 0.0 0.0 0.0 0.0 0.0 0.0 0.0 0.0 0.0 0.0 9.300000000000011 0.0 0.0 9.300000000000011 0.0 0.0 0.3 0.05 0.8 0.3 0.05 0.8 0.5 0.1 0.05
1268 6.816917419433594 0.0 0.0 0.0 0.0 0.0 0.0 0.0 0.0 0.0 0.0 0.0 0.0 0.0 0.0 0.0 0.0 0.0 0.0 0.0 0.0 0.0 0.0 0.0 9.300000000000011 0.0 0.0 9.300000000000011 0.0 0.0 0.3 0.05 0.8 0.3 0.05 0.8 0.5 0.1 0.05
1269 6.822340250015259 0.0 0.0 0.0 0.0 0.0 0.0 0.0 0.0 0.0 0.0 0.0 0.0 0.0 0.0 0.0 0.0 0.0 0.0 0.0 0.0 0.0 0.0 0.0 9.300000000000011 0.0 0.0 9.300000000000011 0.0 0.0 0.3 0.05 0.8 0.3 0.05 0.8 0.5 0.1 0.05
1270 6.827849864959717 0.0 0.0 0.0 0.0 0.0 0.0 0.0 0.0 0.0 0.0 0.0 0.0 0.0 0.0 0.0 0.0 0.0 0.0 0.0 0.0 0.0 0.0 0.0 9.300000000000011 0.0 0.0 9.300000000000011 0.0 0.0 0.3 0.05 0.8 0.3 0.05 0.8 0.5 0.1 0.05
1271 6.833425760269165 0.0 0.0 0.0 0.0 0.0 0.0 0.0 0.0 0.0 0.0 0.0 0.0 0.0 0.0 0.0 0.0 0.0 0.0 0.0 0.0 0.0 0.0 0.0 9.300000000000011 0.0 0.0 9.300000000000011 0.0 0.0 0.3 0.05 0.8 0.3 0.05 0.8 0.5 0.1 0.05
1272 6.838869333267212 0.0 0.0 0.0 0.0 0.0 0.0 0.0 0.0 0.0 0.0 0.0 0.0 0.0 0.0 0.0 0.0 0.0 0.0 0.0 0.0 0.0 0.0 0.0 9.300000000000011 0.0 0.0 9.300000000000011 0.0 0.0 0.3 0.05 0.8 0.3 0.05 0.8 0.5 0.1 0.05
1273 6.844345331192017 0.0 0.0 0.0 0.0 0.0 0.0 0.0 0.0 0.0 0.0 0.0 0.0 0.0 0.0 0.0 0.0 0.0 0.0 0.0 0.0 0.0 0.0 0.0 9.300000000000011 0.0 0.0 9.300000000000011 0.0 0.0 0.3 0.05 0.8 0.3 0.05 0.8 0.5 0.1 0.05
1274 6.8497772216796875 0.0 0.0 0.0 0.0 0.0 0.0 0.0 0.0 0.0 0.0 0.0 0.0 0.0 0.0 0.0 0.0 0.0 0.0 0.0 0.0 0.0 0.0 0.0 9.300000000000011 0.0 0.0 9.300000000000011 0.0 0.0 0.3 0.05 0.8 0.3 0.05 0.8 0.5 0.1 0.05
1275 6.855281114578247 0.0 0.0 0.0 0.0 0.0 0.0 0.0 0.0 0.0 0.0 0.0 0.0 0.0 0.0 0.0 0.0 0.0 0.0 0.0 0.0 0.0 0.0 0.0 9.300000000000011 0.0 0.0 9.300000000000011 0.0 0.0 0.3 0.05 0.8 0.3 0.05 0.8 0.5 0.1 0.05
1276 6.860718488693237 0.0 0.0 0.0 0.0 0.0 0.0 0.0 0.0 0.0 0.0 0.0 0.0 0.0 0.0 0.0 0.0 0.0 0.0 0.0 0.0 0.0 0.0 0.0 9.300000000000011 0.0 0.0 9.300000000000011 0.0 0.0 0.3 0.05 0.8 0.3 0.05 0.8 0.5 0.1 0.05
1277 6.866291284561157 0.0 0.0 0.0 0.0 0.0 0.0 0.0 0.0 0.0 0.0 0.0 0.0 0.0 0.0 0.0 0.0 0.0 0.0 0.0 0.0 0.0 0.0 0.0 9.300000000000011 0.0 0.0 9.300000000000011 0.0 0.0 0.3 0.05 0.8 0.3 0.05 0.8 0.5 0.1 0.05
1278 6.871864318847656 0.0 0.0 0.0 0.0 0.0 0.0 0.0 0.0 0.0 0.0 0.0 0.0 0.0 0.0 0.0 0.0 0.0 0.0 0.0 0.0 0.0 0.0 0.0 9.300000000000011 0.0 0.0 9.300000000000011 0.0 0.0 0.3 0.05 0.8 0.3 0.05 0.8 0.5 0.1 0.05
1279 6.877561330795288 0.0 0.0 0.0 0.0 0.0 0.0 0.0 0.0 0.0 0.0 0.0 0.0 0.0 0.0 0.0 0.0 0.0 0.0 0.0 0.0 0.0 0.0 0.0 9.300000000000011 0.0 0.0 9.300000000000011 0.0 0.0 0.3 0.05 0.8 0.3 0.05 0.8 0.5 0.1 0.05
1280 6.883260011672974 0.0 0.0 0.0 0.0 0.0 0.0 0.0 0.0 0.0 0.0 0.0 0.0 0.0 0.0 0.0 0.0 0.0 0.0 0.0 0.0 0.0 0.0 0.0 9.300000000000011 0.0 0.0 9.300000000000011 0.0 0.0 0.3 0.05 0.8 0.3 0.05 0.8 0.5 0.1 0.05
1281 6.8891661167144775 0.0 0.0 0.0 0.0 0.0 0.0 0.0 0.0 0.0 0.0 0.0 0.0 0.0 0.0 0.0 0.0 0.0 0.0 0.0 0.0 0.0 0.0 0.0 9.300000000000011 0.0 0.0 9.300000000000011 0.0 0.0 0.3 0.05 0.8 0.3 0.05 0.8 0.5 0.1 0.05
1282 6.894766569137573 0.0 0.0 0.0 0.0 0.0 0.0 0.0 0.0 0.0 0.0 0.0 0.0 0.0 0.0 0.0 0.0 0.0 0.0 0.0 0.0 0.0 0.0 0.0 9.300000000000011 0.0 0.0 9.300000000000011 0.0 0.0 0.3 0.05 0.8 0.3 0.05 0.8 0.5 0.1 0.05
1283 6.900390386581421 0.0 0.0 0.0 0.0 0.0 0.0 0.0 0.0 0.0 0.0 0.0 0.0 0.0 0.0 0.0 0.0 0.0 0.0 0.0 0.0 0.0 0.0 0.0 9.300000000000011 0.0 0.0 9.300000000000011 0.0 0.0 0.3 0.05 0.8 0.3 0.05 0.8 0.5 0.1 0.05
1284 6.906072378158569 0.0 0.0 0.0 0.0 0.0 0.0 0.0 0.0 0.0 0.0 0.0 0.0 0.0 0.0 0.0 0.0 0.0 0.0 0.0 0.0 0.0 0.0 0.0 9.300000000000011 0.0 0.0 9.300000000000011 0.0 0.0 0.3 0.05 0.8 0.3 0.05 0.8 0.5 0.1 0.05
1285 6.911915302276611 0.0 0.0 0.0 0.0 0.0 0.0 0.0 0.0 0.0 0.0 0.0 0.0 0.0 0.0 0.0 0.0 0.0 0.0 0.0 0.0 0.0 0.0 0.0 9.300000000000011 0.0 0.0 9.300000000000011 0.0 0.0 0.3 0.05 0.8 0.3 0.05 0.8 0.5 0.1 0.05
1286 6.917941570281982 0.0 0.0 0.0 0.0 0.0 0.0 0.0 0.0 0.0 0.0 0.0 0.0 0.0 0.0 0.0 0.0 0.0 0.0 0.0 0.0 0.0 0.0 0.0 9.300000000000011 0.0 0.0 9.300000000000011 0.0 0.0 0.3 0.05 0.8 0.3 0.05 0.8 0.5 0.1 0.05
1287 6.923599481582642 0.0 0.0 0.0 0.0 0.0 0.0 0.0 0.0 0.0 0.0 0.0 0.0 0.0 0.0 0.0 0.0 0.0 0.0 0.0 0.0 0.0 0.0 0.0 9.300000000000011 0.0 0.0 9.300000000000011 0.0 0.0 0.3 0.05 0.8 0.3 0.05 0.8 0.5 0.1 0.05
1288 6.929214000701904 0.0 0.0 0.0 0.0 0.0 0.0 0.0 0.0 0.0 0.0 0.0 0.0 0.0 0.0 0.0 0.0 0.0 0.0 0.0 0.0 0.0 0.0 0.0 9.300000000000011 0.0 0.0 9.300000000000011 0.0 0.0 0.3 0.05 0.8 0.3 0.05 0.8 0.5 0.1 0.05
1289 6.9349446296691895 0.0 0.0 0.0 0.0 0.0 0.0 0.0 0.0 0.0 0.0 0.0 0.0 0.0 0.0 0.0 0.0 0.0 0.0 0.0 0.0 0.0 0.0 0.0 9.300000000000011 0.0 0.0 9.300000000000011 0.0 0.0 0.3 0.05 0.8 0.3 0.05 0.8 0.5 0.1 0.05
1290 6.940632104873657 0.0 0.0 0.0 0.0 0.0 0.0 0.0 0.0 0.0 0.0 0.0 0.0 0.0 0.0 0.0 0.0 0.0 0.0 0.0 0.0 0.0 0.0 0.0 9.300000000000011 0.0 0.0 9.300000000000011 0.0 0.0 0.3 0.05 0.8 0.3 0.05 0.8 0.5 0.1 0.05
1291 6.946591377258301 0.0 0.0 0.0 0.0 0.0 0.0 0.0 0.0 0.0 0.0 0.0 0.0 0.0 0.0 0.0 0.0 0.0 0.0 0.0 0.0 0.0 0.0 0.0 9.300000000000011 0.0 0.0 9.300000000000011 0.0 0.0 0.3 0.05 0.8 0.3 0.05 0.8 0.5 0.1 0.05
1292 6.952476501464844 0.0 0.0 0.0 0.0 0.0 0.0 0.0 0.0 0.0 0.0 0.0 0.0 0.0 0.0 0.0 0.0 0.0 0.0 0.0 0.0 0.0 0.0 0.0 9.300000000000011 0.0 0.0 9.300000000000011 0.0 0.0 0.3 0.05 0.8 0.3 0.05 0.8 0.5 0.1 0.05
1293 6.958308458328247 0.0 0.0 0.0 0.0 0.0 0.0 0.0 0.0 0.0 0.0 0.0 0.0 0.0 0.0 0.0 0.0 0.0 0.0 0.0 0.0 0.0 0.0 0.0 9.300000000000011 0.0 0.0 9.300000000000011 0.0 0.0 0.3 0.05 0.8 0.3 0.05 0.8 0.5 0.1 0.05
1294 6.9641313552856445 0.0 0.0 0.0 0.0 0.0 0.0 0.0 0.0 0.0 0.0 0.0 0.0 0.0 0.0 0.0 0.0 0.0 0.0 0.0 0.0 0.0 0.0 0.0 9.300000000000011 0.0 0.0 9.300000000000011 0.0 0.0 0.3 0.05 0.8 0.3 0.05 0.8 0.5 0.1 0.05
1295 6.969775676727295 0.0 0.0 0.0 0.0 0.0 0.0 0.0 0.0 0.0 0.0 0.0 0.0 0.0 0.0 0.0 0.0 0.0 0.0 0.0 0.0 0.0 0.0 0.0 9.300000000000011 0.0 0.0 9.300000000000011 0.0 0.0 0.3 0.05 0.8 0.3 0.05 0.8 0.5 0.1 0.05
1296 6.975662469863892 0.0 0.0 0.0 0.0 0.0 0.0 0.0 0.0 0.0 0.0 0.0 0.0 0.0 0.0 0.0 0.0 0.0 0.0 0.0 0.0 0.0 0.0 0.0 9.300000000000011 0.0 0.0 9.300000000000011 0.0 0.0 0.3 0.05 0.8 0.3 0.05 0.8 0.5 0.1 0.05
1297 6.981293439865112 0.0 0.0 0.0 0.0 0.0 0.0 0.0 0.0 0.0 0.0 0.0 0.0 0.0 0.0 0.0 0.0 0.0 0.0 0.0 0.0 0.0 0.0 0.0 9.300000000000011 0.0 0.0 9.300000000000011 0.0 0.0 0.3 0.05 0.8 0.3 0.05 0.8 0.5 0.1 0.05
1298 6.986890554428101 0.0 0.0 0.0 0.0 0.0 0.0 0.0 0.0 0.0 0.0 0.0 0.0 0.0 0.0 0.0 0.0 0.0 0.0 0.0 0.0 0.0 0.0 0.0 9.300000000000011 0.0 0.0 9.300000000000011 0.0 0.0 0.3 0.05 0.8 0.3 0.05 0.8 0.5 0.1 0.05
1299 6.992436647415161 0.0 0.0 0.0 0.0 0.0 0.0 0.0 0.0 0.0 0.0 0.0 0.0 0.0 0.0 0.0 0.0 0.0 0.0 0.0 0.0 0.0 0.0 0.0 9.300000000000011 0.0 0.0 9.300000000000011 0.0 0.0 0.3 0.05 0.8 0.3 0.05 0.8 0.5 0.1 0.05
1300 6.997880935668945 0.0 0.0 0.0 0.0 0.0 0.0 0.0 0.0 0.0 0.0 0.0 0.0 0.0 0.0 0.0 0.0 0.0 0.0 0.0 0.0 0.0 0.0 0.0 9.300000000000011 0.0 0.0 9.300000000000011 0.0 0.0 0.3 0.05 0.8 0.3 0.05 0.8 0.5 0.1 0.05
1301 7.004256725311279 0.0 0.0 0.0 0.0 0.0 0.0 0.0 0.0 0.0 0.0 0.0 0.0 0.0 0.0 0.0 0.0 0.0 0.0 0.0 0.0 0.0 0.0 0.0 9.300000000000011 0.0 0.0 9.300000000000011 0.0 0.0 0.3 0.05 0.8 0.3 0.05 0.8 0.5 0.1 0.05
1302 7.009818077087402 0.0 0.0 0.0 0.0 0.0 0.0 0.0 0.0 0.0 0.0 0.0 0.0 0.0 0.0 0.0 0.0 0.0 0.0 0.0 0.0 0.0 0.0 0.0 9.300000000000011 0.0 0.0 9.300000000000011 0.0 0.0 0.3 0.05 0.8 0.3 0.05 0.8 0.5 0.1 0.05
1303 7.015385866165161 0.0 0.0 0.0 0.0 0.0 0.0 0.0 0.0 0.0 0.0 0.0 0.0 0.0 0.0 0.0 0.0 0.0 0.0 0.0 0.0 0.0 0.0 0.0 9.300000000000011 0.0 0.0 9.300000000000011 0.0 0.0 0.3 0.05 0.8 0.3 0.05 0.8 0.5 0.1 0.05
1304 7.021063804626465 0.0 0.0 0.0 0.0 0.0 0.0 0.0 0.0 0.0 0.0 0.0 0.0 0.0 0.0 0.0 0.0 0.0 0.0 0.0 0.0 0.0 0.0 0.0 9.300000000000011 0.0 0.0 9.300000000000011 0.0 0.0 0.3 0.05 0.8 0.3 0.05 0.8 0.5 0.1 0.05
1305 7.026794910430908 0.0 0.0 0.0 0.0 0.0 0.0 0.0 0.0 0.0 0.0 0.0 0.0 0.0 0.0 0.0 0.0 0.0 0.0 0.0 0.0 0.0 0.0 0.0 9.300000000000011 0.0 0.0 9.300000000000011 0.0 0.0 0.3 0.05 0.8 0.3 0.05 0.8 0.5 0.1 0.05
1306 7.032673120498657 0.0 0.0 0.0 0.0 0.0 0.0 0.0 0.0 0.0 0.0 0.0 0.0 0.0 0.0 0.0 0.0 0.0 0.0 0.0 0.0 0.0 0.0 0.0 9.300000000000011 0.0 0.0 9.300000000000011 0.0 0.0 0.3 0.05 0.8 0.3 0.05 0.8 0.5 0.1 0.05
1307 7.038388252258301 0.0 0.0 0.0 0.0 0.0 0.0 0.0 0.0 0.0 0.0 0.0 0.0 0.0 0.0 0.0 0.0 0.0 0.0 0.0 0.0 0.0 0.0 0.0 9.300000000000011 0.0 0.0 9.300000000000011 0.0 0.0 0.3 0.05 0.8 0.3 0.05 0.8 0.5 0.1 0.05
1308 7.043745040893555 0.0 0.0 0.0 0.0 0.0 0.0 0.0 0.0 0.0 0.0 0.0 0.0 0.0 0.0 0.0 0.0 0.0 0.0 0.0 0.0 0.0 0.0 0.0 9.300000000000011 0.0 0.0 9.300000000000011 0.0 0.0 0.3 0.05 0.8 0.3 0.05 0.8 0.5 0.1 0.05
1309 7.04924464225769 0.0 0.0 0.0 0.0 0.0 0.0 0.0 0.0 0.0 0.0 0.0 0.0 0.0 0.0 0.0 0.0 0.0 0.0 0.0 0.0 0.0 0.0 0.0 9.300000000000011 0.0 0.0 9.300000000000011 0.0 0.0 0.3 0.05 0.8 0.3 0.05 0.8 0.5 0.1 0.05
1310 7.0547826290130615 0.0 0.0 0.0 0.0 0.0 0.0 0.0 0.0 0.0 0.0 0.0 0.0 0.0 0.0 0.0 0.0 0.0 0.0 0.0 0.0 0.0 0.0 0.0 9.300000000000011 0.0 0.0 9.300000000000011 0.0 0.0 0.3 0.05 0.8 0.3 0.05 0.8 0.5 0.1 0.05
1311 7.06108832359314 0.0 0.0 0.0 0.0 0.0 0.0 0.0 0.0 0.0 0.0 0.0 0.0 0.0 0.0 0.0 0.0 0.0 0.0 0.0 0.0 0.0 0.0 0.0 9.300000000000011 0.0 0.0 9.300000000000011 0.0 0.0 0.3 0.05 0.8 0.3 0.05 0.8 0.5 0.1 0.05
1312 7.066895246505737 0.0 0.0 0.0 0.0 0.0 0.0 0.0 0.0 0.0 0.0 0.0 0.0 0.0 0.0 0.0 0.0 0.0 0.0 0.0 0.0 0.0 0.0 0.0 9.300000000000011 0.0 0.0 9.300000000000011 0.0 0.0 0.3 0.05 0.8 0.3 0.05 0.8 0.5 0.1 0.05
1313 7.07274317741394 0.0 0.0 0.0 0.0 0.0 0.0 0.0 0.0 0.0 0.0 0.0 0.0 0.0 0.0 0.0 0.0 0.0 0.0 0.0 0.0 0.0 0.0 0.0 9.300000000000011 0.0 0.0 9.300000000000011 0.0 0.0 0.3 0.05 0.8 0.3 0.05 0.8 0.5 0.1 0.05
1314 7.0781965255737305 0.0 0.0 0.0 0.0 0.0 0.0 0.0 0.0 0.0 0.0 0.0 0.0 0.0 0.0 0.0 0.0 0.0 0.0 0.0 0.0 0.0 0.0 0.0 9.300000000000011 0.0 0.0 9.300000000000011 0.0 0.0 0.3 0.05 0.8 0.3 0.05 0.8 0.5 0.1 0.05
1315 7.083477258682251 0.0 0.0 0.0 0.0 0.0 0.0 0.0 0.0 0.0 0.0 0.0 0.0 0.0 0.0 0.0 0.0 0.0 0.0 0.0 0.0 0.0 0.0 0.0 9.300000000000011 0.0 0.0 9.300000000000011 0.0 0.0 0.3 0.05 0.8 0.3 0.05 0.8 0.5 0.1 0.05
1316 7.0887532234191895 0.0 0.0 0.0 0.0 0.0 0.0 0.0 0.0 0.0 0.0 0.0 0.0 0.0 0.0 0.0 0.0 0.0 0.0 0.0 0.0 0.0 0.0 0.0 9.300000000000011 0.0 0.0 9.300000000000011 0.0 0.0 0.3 0.05 0.8 0.3 0.05 0.8 0.5 0.1 0.05
1317 7.0941407680511475 0.0 0.0 0.0 0.0 0.0 0.0 0.0 0.0 0.0 0.0 0.0 0.0 0.0 0.0 0.0 0.0 0.0 0.0 0.0 0.0 0.0 0.0 0.0 9.300000000000011 0.0 0.0 9.300000000000011 0.0 0.0 0.3 0.05 0.8 0.3 0.05 0.8 0.5 0.1 0.05
1318 7.099451780319214 0.0 0.0 0.0 0.0 0.0 0.0 0.0 0.0 0.0 0.0 0.0 0.0 0.0 0.0 0.0 0.0 0.0 0.0 0.0 0.0 0.0 0.0 0.0 9.300000000000011 0.0 0.0 9.300000000000011 0.0 0.0 0.3 0.05 0.8 0.3 0.05 0.8 0.5 0.1 0.05
1319 7.1049346923828125 0.0 0.0 0.0 0.0 0.0 0.0 0.0 0.0 0.0 0.0 0.0 0.0 0.0 0.0 0.0 0.0 0.0 0.0 0.0 0.0 0.0 0.0 0.0 9.300000000000011 0.0 0.0 9.300000000000011 0.0 0.0 0.3 0.05 0.8 0.3 0.05 0.8 0.5 0.1 0.05
1320 7.110280990600586 0.0 0.0 0.0 0.0 0.0 0.0 0.0 0.0 0.0 0.0 0.0 0.0 0.0 0.0 0.0 0.0 0.0 0.0 0.0 0.0 0.0 0.0 0.0 9.300000000000011 0.0 0.0 9.300000000000011 0.0 0.0 0.3 0.05 0.8 0.3 0.05 0.8 0.5 0.1 0.05
1321 7.115816593170166 0.0 0.0 0.0 0.0 0.0 0.0 0.0 0.0 0.0 0.0 0.0 0.0 0.0 0.0 0.0 0.0 0.0 0.0 0.0 0.0 0.0 0.0 0.0 9.300000000000011 0.0 0.0 9.300000000000011 0.0 0.0 0.3 0.05 0.8 0.3 0.05 0.8 0.5 0.1 0.05
1322 7.121345043182373 0.0 0.0 0.0 0.0 0.0 0.0 0.0 0.0 0.0 0.0 0.0 0.0 0.0 0.0 0.0 0.0 0.0 0.0 0.0 0.0 0.0 0.0 0.0 9.300000000000011 0.0 0.0 9.300000000000011 0.0 0.0 0.3 0.05 0.8 0.3 0.05 0.8 0.5 0.1 0.05
1323 7.126763582229614 0.0 0.0 0.0 0.0 0.0 0.0 0.0 0.0 0.0 0.0 0.0 0.0 0.0 0.0 0.0 0.0 0.0 0.0 0.0 0.0 0.0 0.0 0.0 9.300000000000011 0.0 0.0 9.300000000000011 0.0 0.0 0.3 0.05 0.8 0.3 0.05 0.8 0.5 0.1 0.05
1324 7.132217168807983 0.0 0.0 0.0 0.0 0.0 0.0 0.0 0.0 0.0 0.0 0.0 0.0 0.0 0.0 0.0 0.0 0.0 0.0 0.0 0.0 0.0 0.0 0.0 9.300000000000011 0.0 0.0 9.300000000000011 0.0 0.0 0.3 0.05 0.8 0.3 0.05 0.8 0.5 0.1 0.05
1325 7.137639999389648 0.0 0.0 0.0 0.0 0.0 0.0 0.0 0.0 0.0 0.0 0.0 0.0 0.0 0.0 0.0 0.0 0.0 0.0 0.0 0.0 0.0 0.0 0.0 9.300000000000011 0.0 0.0 9.300000000000011 0.0 0.0 0.3 0.05 0.8 0.3 0.05 0.8 0.5 0.1 0.05
1326 7.142904996871948 0.0 0.0 0.0 0.0 0.0 0.0 0.0 0.0 0.0 0.0 0.0 0.0 0.0 0.0 0.0 0.0 0.0 0.0 0.0 0.0 0.0 0.0 0.0 9.300000000000011 0.0 0.0 9.300000000000011 0.0 0.0 0.3 0.05 0.8 0.3 0.05 0.8 0.5 0.1 0.05
1327 7.148277759552002 0.0 0.0 0.0 0.0 0.0 0.0 0.0 0.0 0.0 0.0 0.0 0.0 0.0 0.0 0.0 0.0 0.0 0.0 0.0 0.0 0.0 0.0 0.0 9.300000000000011 0.0 0.0 9.300000000000011 0.0 0.0 0.3 0.05 0.8 0.3 0.05 0.8 0.5 0.1 0.05
1328 7.153782367706299 0.0 0.0 0.0 0.0 0.0 0.0 0.0 0.0 0.0 0.0 0.0 0.0 0.0 0.0 0.0 0.0 0.0 0.0 0.0 0.0 0.0 0.0 0.0 9.300000000000011 0.0 0.0 9.300000000000011 0.0 0.0 0.3 0.05 0.8 0.3 0.05 0.8 0.5 0.1 0.05
1329 7.159085273742676 0.0 0.0 0.0 0.0 0.0 0.0 0.0 0.0 0.0 0.0 0.0 0.0 0.0 0.0 0.0 0.0 0.0 0.0 0.0 0.0 0.0 0.0 0.0 9.300000000000011 0.0 0.0 9.300000000000011 0.0 0.0 0.3 0.05 0.8 0.3 0.05 0.8 0.5 0.1 0.05
1330 7.164334058761597 0.0 0.0 0.0 0.0 0.0 0.0 0.0 0.0 0.0 0.0 0.0 0.0 0.0 0.0 0.0 0.0 0.0 0.0 0.0 0.0 0.0 0.0 0.0 9.300000000000011 0.0 0.0 9.300000000000011 0.0 0.0 0.3 0.05 0.8 0.3 0.05 0.8 0.5 0.1 0.05
1331 7.169868469238281 0.0 0.0 0.0 0.0 0.0 0.0 0.0 0.0 0.0 0.0 0.0 0.0 0.0 0.0 0.0 0.0 0.0 0.0 0.0 0.0 0.0 0.0 0.0 9.300000000000011 0.0 0.0 9.300000000000011 0.0 0.0 0.3 0.05 0.8 0.3 0.05 0.8 0.5 0.1 0.05
1332 7.175205945968628 0.0 0.0 0.0 0.0 0.0 0.0 0.0 0.0 0.0 0.0 0.0 0.0 0.0 0.0 0.0 0.0 0.0 0.0 0.0 0.0 0.0 0.0 0.0 9.300000000000011 0.0 0.0 9.300000000000011 0.0 0.0 0.3 0.05 0.8 0.3 0.05 0.8 0.5 0.1 0.05
1333 7.180568218231201 0.0 0.0 0.0 0.0 0.0 0.0 0.0 0.0 0.0 0.0 0.0 0.0 0.0 0.0 0.0 0.0 0.0 0.0 0.0 0.0 0.0 0.0 0.0 9.300000000000011 0.0 0.0 9.300000000000011 0.0 0.0 0.3 0.05 0.8 0.3 0.05 0.8 0.5 0.1 0.05
1334 7.1858086585998535 0.0 0.0 0.0 0.0 0.0 0.0 0.0 0.0 0.0 0.0 0.0 0.0 0.0 0.0 0.0 0.0 0.0 0.0 0.0 0.0 0.0 0.0 0.0 9.300000000000011 0.0 0.0 9.300000000000011 0.0 0.0 0.3 0.05 0.8 0.3 0.05 0.8 0.5 0.1 0.05
1335 7.191094636917114 0.0 0.0 0.0 0.0 0.0 0.0 0.0 0.0 0.0 0.0 0.0 0.0 0.0 0.0 0.0 0.0 0.0 0.0 0.0 0.0 0.0 0.0 0.0 9.300000000000011 0.0 0.0 9.300000000000011 0.0 0.0 0.3 0.05 0.8 0.3 0.05 0.8 0.5 0.1 0.05
1336 7.196345090866089 0.0 0.0 0.0 0.0 0.0 0.0 0.0 0.0 0.0 0.0 0.0 0.0 0.0 0.0 0.0 0.0 0.0 0.0 0.0 0.0 0.0 0.0 0.0 9.300000000000011 0.0 0.0 9.300000000000011 0.0 0.0 0.3 0.05 0.8 0.3 0.05 0.8 0.5 0.1 0.05
1337 7.201605558395386 0.0 0.0 0.0 0.0 0.0 0.0 0.0 0.0 0.0 0.0 0.0 0.0 0.0 0.0 0.0 0.0 0.0 0.0 0.0 0.0 0.0 0.0 0.0 9.300000000000011 0.0 0.0 9.300000000000011 0.0 0.0 0.3 0.05 0.8 0.3 0.05 0.8 0.5 0.1 0.05
1338 7.206906795501709 0.0 0.0 0.0 0.0 0.0 0.0 0.0 0.0 0.0 0.0 0.0 0.0 0.0 0.0 0.0 0.0 0.0 0.0 0.0 0.0 0.0 0.0 0.0 9.300000000000011 0.0 0.0 9.300000000000011 0.0 0.0 0.3 0.05 0.8 0.3 0.05 0.8 0.5 0.1 0.05
1339 7.212222337722778 0.0 0.0 0.0 0.0 0.0 0.0 0.0 0.0 0.0 0.0 0.0 0.0 0.0 0.0 0.0 0.0 0.0 0.0 0.0 0.0 0.0 0.0 0.0 9.300000000000011 0.0 0.0 9.300000000000011 0.0 0.0 0.3 0.05 0.8 0.3 0.05 0.8 0.5 0.1 0.05
1340 7.217652082443237 0.0 0.0 0.0 0.0 0.0 0.0 0.0 0.0 0.0 0.0 0.0 0.0 0.0 0.0 0.0 0.0 0.0 0.0 0.0 0.0 0.0 0.0 0.0 9.300000000000011 0.0 0.0 9.300000000000011 0.0 0.0 0.3 0.05 0.8 0.3 0.05 0.8 0.5 0.1 0.05
1341 7.223324775695801 0.0 0.0 0.0 0.0 0.0 0.0 0.0 0.0 0.0 0.0 0.0 0.0 0.0 0.0 0.0 0.0 0.0 0.0 0.0 0.0 0.0 0.0 0.0 9.300000000000011 0.0 0.0 9.300000000000011 0.0 0.0 0.3 0.05 0.8 0.3 0.05 0.8 0.5 0.1 0.05
1342 7.2291364669799805 0.0 0.0 0.0 0.0 0.0 0.0 0.0 0.0 0.0 0.0 0.0 0.0 0.0 0.0 0.0 0.0 0.0 0.0 0.0 0.0 0.0 0.0 0.0 9.300000000000011 0.0 0.0 9.300000000000011 0.0 0.0 0.3 0.05 0.8 0.3 0.05 0.8 0.5 0.1 0.05
1343 7.2344746589660645 0.0 0.0 0.0 0.0 0.0 0.0 0.0 0.0 0.0 0.0 0.0 0.0 0.0 0.0 0.0 0.0 0.0 0.0 0.0 0.0 0.0 0.0 0.0 9.300000000000011 0.0 0.0 9.300000000000011 0.0 0.0 0.3 0.05 0.8 0.3 0.05 0.8 0.5 0.1 0.05
1344 7.239760398864746 0.0 0.0 0.0 0.0 0.0 0.0 0.0 0.0 0.0 0.0 0.0 0.0 0.0 0.0 0.0 0.0 0.0 0.0 0.0 0.0 0.0 0.0 0.0 9.300000000000011 0.0 0.0 9.300000000000011 0.0 0.0 0.3 0.05 0.8 0.3 0.05 0.8 0.5 0.1 0.05
1345 7.2450315952301025 0.0 0.0 0.0 0.0 0.0 0.0 0.0 0.0 0.0 0.0 0.0 0.0 0.0 0.0 0.0 0.0 0.0 0.0 0.0 0.0 0.0 0.0 0.0 9.300000000000011 0.0 0.0 9.300000000000011 0.0 0.0 0.3 0.05 0.8 0.3 0.05 0.8 0.5 0.1 0.05
1346 7.250292778015137 0.0 0.0 0.0 0.0 0.0 0.0 0.0 0.0 0.0 0.0 0.0 0.0 0.0 0.0 0.0 0.0 0.0 0.0 0.0 0.0 0.0 0.0 0.0 9.300000000000011 0.0 0.0 9.300000000000011 0.0 0.0 0.3 0.05 0.8 0.3 0.05 0.8 0.5 0.1 0.05
1347 7.255575180053711 0.0 0.0 0.0 0.0 0.0 0.0 0.0 0.0 0.0 0.0 0.0 0.0 0.0 0.0 0.0 0.0 0.0 0.0 0.0 0.0 0.0 0.0 0.0 9.300000000000011 0.0 0.0 9.300000000000011 0.0 0.0 0.3 0.05 0.8 0.3 0.05 0.8 0.5 0.1 0.05
1348 7.2608582973480225 0.0 0.0 0.0 0.0 0.0 0.0 0.0 0.0 0.0 0.0 0.0 0.0 0.0 0.0 0.0 0.0 0.0 0.0 0.0 0.0 0.0 0.0 0.0 9.300000000000011 0.0 0.0 9.300000000000011 0.0 0.0 0.3 0.05 0.8 0.3 0.05 0.8 0.5 0.1 0.05
1349 7.26611328125 0.0 0.0 0.0 0.0 0.0 0.0 0.0 0.0 0.0 0.0 0.0 0.0 0.0 0.0 0.0 0.0 0.0 0.0 0.0 0.0 0.0 0.0 0.0 9.300000000000011 0.0 0.0 9.300000000000011 0.0 0.0 0.3 0.05 0.8 0.3 0.05 0.8 0.5 0.1 0.05
1350 7.2715370655059814 0.0 0.0 0.0 0.0 0.0 0.0 0.0 0.0 0.0 0.0 0.0 0.0 0.0 0.0 0.0 0.0 0.0 0.0 0.0 0.0 0.0 0.0 0.0 9.300000000000011 0.0 0.0 9.300000000000011 0.0 0.0 0.3 0.05 0.8 0.3 0.05 0.8 0.5 0.1 0.05
1351 7.276958227157593 0.0 0.0 0.0 0.0 0.0 0.0 0.0 0.0 0.0 0.0 0.0 0.0 0.0 0.0 0.0 0.0 0.0 0.0 0.0 0.0 0.0 0.0 0.0 9.300000000000011 0.0 0.0 9.300000000000011 0.0 0.0 0.3 0.05 0.8 0.3 0.05 0.8 0.5 0.1 0.05
1352 7.282276630401611 0.0 0.0 0.0 0.0 0.0 0.0 0.0 0.0 0.0 0.0 0.0 0.0 0.0 0.0 0.0 0.0 0.0 0.0 0.0 0.0 0.0 0.0 0.0 9.300000000000011 0.0 0.0 9.300000000000011 0.0 0.0 0.3 0.05 0.8 0.3 0.05 0.8 0.5 0.1 0.05
1353 7.287646055221558 0.0 0.0 0.0 0.0 0.0 0.0 0.0 0.0 0.0 0.0 0.0 0.0 0.0 0.0 0.0 0.0 0.0 0.0 0.0 0.0 0.0 0.0 0.0 9.300000000000011 0.0 0.0 9.300000000000011 0.0 0.0 0.3 0.05 0.8 0.3 0.05 0.8 0.5 0.1 0.05
1354 7.292893171310425 0.0 0.0 0.0 0.0 0.0 0.0 0.0 0.0 0.0 0.0 0.0 0.0 0.0 0.0 0.0 0.0 0.0 0.0 0.0 0.0 0.0 0.0 0.0 9.300000000000011 0.0 0.0 9.300000000000011 0.0 0.0 0.3 0.05 0.8 0.3 0.05 0.8 0.5 0.1 0.05
1355 7.298283100128174 0.0 0.0 0.0 0.0 0.0 0.0 0.0 0.0 0.0 0.0 0.0 0.0 0.0 0.0 0.0 0.0 0.0 0.0 0.0 0.0 0.0 0.0 0.0 9.300000000000011 0.0 0.0 9.300000000000011 0.0 0.0 0.3 0.05 0.8 0.3 0.05 0.8 0.5 0.1 0.05
1356 7.303629398345947 0.0 0.0 0.0 0.0 0.0 0.0 0.0 0.0 0.0 0.0 0.0 0.0 0.0 0.0 0.0 0.0 0.0 0.0 0.0 0.0 0.0 0.0 0.0 9.300000000000011 0.0 0.0 9.300000000000011 0.0 0.0 0.3 0.05 0.8 0.3 0.05 0.8 0.5 0.1 0.05
1357 7.308868885040283 0.0 0.0 0.0 0.0 0.0 0.0 0.0 0.0 0.0 0.0 0.0 0.0 0.0 0.0 0.0 0.0 0.0 0.0 0.0 0.0 0.0 0.0 0.0 9.300000000000011 0.0 0.0 9.300000000000011 0.0 0.0 0.3 0.05 0.8 0.3 0.05 0.8 0.5 0.1 0.05
1358 7.314087390899658 0.0 0.0 0.0 0.0 0.0 0.0 0.0 0.0 0.0 0.0 0.0 0.0 0.0 0.0 0.0 0.0 0.0 0.0 0.0 0.0 0.0 0.0 0.0 9.300000000000011 0.0 0.0 9.300000000000011 0.0 0.0 0.3 0.05 0.8 0.3 0.05 0.8 0.5 0.1 0.05
1359 7.319328308105469 0.0 0.0 0.0 0.0 0.0 0.0 0.0 0.0 0.0 0.0 0.0 0.0 0.0 0.0 0.0 0.0 0.0 0.0 0.0 0.0 0.0 0.0 0.0 9.300000000000011 0.0 0.0 9.300000000000011 0.0 0.0 0.3 0.05 0.8 0.3 0.05 0.8 0.5 0.1 0.05
1360 7.324687480926514 0.0 0.0 0.0 0.0 0.0 0.0 0.0 0.0 0.0 0.0 0.0 0.0 0.0 0.0 0.0 0.0 0.0 0.0 0.0 0.0 0.0 0.0 0.0 9.300000000000011 0.0 0.0 9.300000000000011 0.0 0.0 0.3 0.05 0.8 0.3 0.05 0.8 0.5 0.1 0.05
1361 7.330079793930054 0.0 0.0 0.0 0.0 0.0 0.0 0.0 0.0 0.0 0.0 0.0 0.0 0.0 0.0 0.0 0.0 0.0 0.0 0.0 0.0 0.0 0.0 0.0 9.300000000000011 0.0 0.0 9.300000000000011 0.0 0.0 0.3 0.05 0.8 0.3 0.05 0.8 0.5 0.1 0.05
1362 7.3353729248046875 0.0 0.0 0.0 0.0 0.0 0.0 0.0 0.0 0.0 0.0 0.0 0.0 0.0 0.0 0.0 0.0 0.0 0.0 0.0 0.0 0.0 0.0 0.0 9.300000000000011 0.0 0.0 9.300000000000011 0.0 0.0 0.3 0.05 0.8 0.3 0.05 0.8 0.5 0.1 0.05
1363 7.340708255767822 0.0 0.0 0.0 0.0 0.0 0.0 0.0 0.0 0.0 0.0 0.0 0.0 0.0 0.0 0.0 0.0 0.0 0.0 0.0 0.0 0.0 0.0 0.0 9.300000000000011 0.0 0.0 9.300000000000011 0.0 0.0 0.3 0.05 0.8 0.3 0.05 0.8 0.5 0.1 0.05
1364 7.346059799194336 0.0 0.0 0.0 0.0 0.0 0.0 0.0 0.0 0.0 0.0 0.0 0.0 0.0 0.0 0.0 0.0 0.0 0.0 0.0 0.0 0.0 0.0 0.0 9.300000000000011 0.0 0.0 9.300000000000011 0.0 0.0 0.3 0.05 0.8 0.3 0.05 0.8 0.5 0.1 0.05
1365 7.351365804672241 0.0 0.0 0.0 0.0 0.0 0.0 0.0 0.0 0.0 0.0 0.0 0.0 0.0 0.0 0.0 0.0 0.0 0.0 0.0 0.0 0.0 0.0 0.0 9.300000000000011 0.0 0.0 9.300000000000011 0.0 0.0 0.3 0.05 0.8 0.3 0.05 0.8 0.5 0.1 0.05
1366 7.356734752655029 0.0 0.0 0.0 0.0 0.0 0.0 0.0 0.0 0.0 0.0 0.0 0.0 0.0 0.0 0.0 0.0 0.0 0.0 0.0 0.0 0.0 0.0 0.0 9.300000000000011 0.0 0.0 9.300000000000011 0.0 0.0 0.3 0.05 0.8 0.3 0.05 0.8 0.5 0.1 0.05
1367 7.362142086029053 0.0 0.0 0.0 0.0 0.0 0.0 0.0 0.0 0.0 0.0 0.0 0.0 0.0 0.0 0.0 0.0 0.0 0.0 0.0 0.0 0.0 0.0 0.0 9.300000000000011 0.0 0.0 9.300000000000011 0.0 0.0 0.3 0.05 0.8 0.3 0.05 0.8 0.5 0.1 0.05
1368 7.367410659790039 0.0 0.0 0.0 0.0 0.0 0.0 0.0 0.0 0.0 0.0 0.0 0.0 0.0 0.0 0.0 0.0 0.0 0.0 0.0 0.0 0.0 0.0 0.0 9.300000000000011 0.0 0.0 9.300000000000011 0.0 0.0 0.3 0.05 0.8 0.3 0.05 0.8 0.5 0.1 0.05
1369 7.372622966766357 0.0 0.0 0.0 0.0 0.0 0.0 0.0 0.0 0.0 0.0 0.0 0.0 0.0 0.0 0.0 0.0 0.0 0.0 0.0 0.0 0.0 0.0 0.0 9.300000000000011 0.0 0.0 9.300000000000011 0.0 0.0 0.3 0.05 0.8 0.3 0.05 0.8 0.5 0.1 0.05
1370 7.377869606018066 0.0 0.0 0.0 0.0 0.0 0.0 0.0 0.0 0.0 0.0 0.0 0.0 0.0 0.0 0.0 0.0 0.0 0.0 0.0 0.0 0.0 0.0 0.0 9.300000000000011 0.0 0.0 9.300000000000011 0.0 0.0 0.3 0.05 0.8 0.3 0.05 0.8 0.5 0.1 0.05
1371 7.383214712142944 0.0 0.0 0.0 0.0 0.0 0.0 0.0 0.0 0.0 0.0 0.0 0.0 0.0 0.0 0.0 0.0 0.0 0.0 0.0 0.0 0.0 0.0 0.0 9.300000000000011 0.0 0.0 9.300000000000011 0.0 0.0 0.3 0.05 0.8 0.3 0.05 0.8 0.5 0.1 0.05
1372 7.388471841812134 0.0 0.0 0.0 0.0 0.0 0.0 0.0 0.0 0.0 0.0 0.0 0.0 0.0 0.0 0.0 0.0 0.0 0.0 0.0 0.0 0.0 0.0 0.0 9.300000000000011 0.0 0.0 9.300000000000011 0.0 0.0 0.3 0.05 0.8 0.3 0.05 0.8 0.5 0.1 0.05
1373 7.393766403198242 0.0 0.0 0.0 0.0 0.0 0.0 0.0 0.0 0.0 0.0 0.0 0.0 0.0 0.0 0.0 0.0 0.0 0.0 0.0 0.0 0.0 0.0 0.0 9.300000000000011 0.0 0.0 9.300000000000011 0.0 0.0 0.3 0.05 0.8 0.3 0.05 0.8 0.5 0.1 0.05
1374 7.3990478515625 0.0 0.0 0.0 0.0 0.0 0.0 0.0 0.0 0.0 0.0 0.0 0.0 0.0 0.0 0.0 0.0 0.0 0.0 0.0 0.0 0.0 0.0 0.0 9.300000000000011 0.0 0.0 9.300000000000011 0.0 0.0 0.3 0.05 0.8 0.3 0.05 0.8 0.5 0.1 0.05
1375 7.404343366622925 0.0 0.0 0.0 0.0 0.0 0.0 0.0 0.0 0.0 0.0 0.0 0.0 0.0 0.0 0.0 0.0 0.0 0.0 0.0 0.0 0.0 0.0 0.0 9.300000000000011 0.0 0.0 9.300000000000011 0.0 0.0 0.3 0.05 0.8 0.3 0.05 0.8 0.5 0.1 0.05
1376 7.409593105316162 0.0 0.0 0.0 0.0 0.0 0.0 0.0 0.0 0.0 0.0 0.0 0.0 0.0 0.0 0.0 0.0 0.0 0.0 0.0 0.0 0.0 0.0 0.0 9.300000000000011 0.0 0.0 9.300000000000011 0.0 0.0 0.3 0.05 0.8 0.3 0.05 0.8 0.5 0.1 0.05
1377 7.414956092834473 0.0 0.0 0.0 0.0 0.0 0.0 0.0 0.0 0.0 0.0 0.0 0.0 0.0 0.0 0.0 0.0 0.0 0.0 0.0 0.0 0.0 0.0 0.0 9.300000000000011 0.0 0.0 9.300000000000011 0.0 0.0 0.3 0.05 0.8 0.3 0.05 0.8 0.5 0.1 0.05
1378 7.420265197753906 0.0 0.0 0.0 0.0 0.0 0.0 0.0 0.0 0.0 0.0 0.0 0.0 0.0 0.0 0.0 0.0 0.0 0.0 0.0 0.0 0.0 0.0 0.0 9.300000000000011 0.0 0.0 9.300000000000011 0.0 0.0 0.3 0.05 0.8 0.3 0.05 0.8 0.5 0.1 0.05
1379 7.425650596618652 0.0 0.0 0.0 0.0 0.0 0.0 0.0 0.0 0.0 0.0 0.0 0.0 0.0 0.0 0.0 0.0 0.0 0.0 0.0 0.0 0.0 0.0 0.0 9.300000000000011 0.0 0.0 9.300000000000011 0.0 0.0 0.3 0.05 0.8 0.3 0.05 0.8 0.5 0.1 0.05
1380 7.430959939956665 0.0 0.0 0.0 0.0 0.0 0.0 0.0 0.0 0.0 0.0 0.0 0.0 0.0 0.0 0.0 0.0 0.0 0.0 0.0 0.0 0.0 0.0 0.0 9.300000000000011 0.0 0.0 9.300000000000011 0.0 0.0 0.3 0.05 0.8 0.3 0.05 0.8 0.5 0.1 0.05
1381 7.4363062381744385 0.0 0.0 0.0 0.0 0.0 0.0 0.0 0.0 0.0 0.0 0.0 0.0 0.0 0.0 0.0 0.0 0.0 0.0 0.0 0.0 0.0 0.0 0.0 9.300000000000011 0.0 0.0 9.300000000000011 0.0 0.0 0.3 0.05 0.8 0.3 0.05 0.8 0.5 0.1 0.05
1382 7.441577434539795 0.0 0.0 0.0 0.0 0.0 0.0 0.0 0.0 0.0 0.0 0.0 0.0 0.0 0.0 0.0 0.0 0.0 0.0 0.0 0.0 0.0 0.0 0.0 9.300000000000011 0.0 0.0 9.300000000000011 0.0 0.0 0.3 0.05 0.8 0.3 0.05 0.8 0.5 0.1 0.05
1383 7.446908235549927 0.0 0.0 0.0 0.0 0.0 0.0 0.0 0.0 0.0 0.0 0.0 0.0 0.0 0.0 0.0 0.0 0.0 0.0 0.0 0.0 0.0 0.0 0.0 9.300000000000011 0.0 0.0 9.300000000000011 0.0 0.0 0.3 0.05 0.8 0.3 0.05 0.8 0.5 0.1 0.05
1384 7.452174186706543 0.0 0.0 0.0 0.0 0.0 0.0 0.0 0.0 0.0 0.0 0.0 0.0 0.0 0.0 0.0 0.0 0.0 0.0 0.0 0.0 0.0 0.0 0.0 9.300000000000011 0.0 0.0 9.300000000000011 0.0 0.0 0.3 0.05 0.8 0.3 0.05 0.8 0.5 0.1 0.05
1385 7.457429647445679 0.0 0.0 0.0 0.0 0.0 0.0 0.0 0.0 0.0 0.0 0.0 0.0 0.0 0.0 0.0 0.0 0.0 0.0 0.0 0.0 0.0 0.0 0.0 9.300000000000011 0.0 0.0 9.300000000000011 0.0 0.0 0.3 0.05 0.8 0.3 0.05 0.8 0.5 0.1 0.05
1386 7.462777376174927 0.0 0.0 0.0 0.0 0.0 0.0 0.0 0.0 0.0 0.0 0.0 0.0 0.0 0.0 0.0 0.0 0.0 0.0 0.0 0.0 0.0 0.0 0.0 9.300000000000011 0.0 0.0 9.300000000000011 0.0 0.0 0.3 0.05 0.8 0.3 0.05 0.8 0.5 0.1 0.05
1387 7.468073606491089 0.0 0.0 0.0 0.0 0.0 0.0 0.0 0.0 0.0 0.0 0.0 0.0 0.0 0.0 0.0 0.0 0.0 0.0 0.0 0.0 0.0 0.0 0.0 9.300000000000011 0.0 0.0 9.300000000000011 0.0 0.0 0.3 0.05 0.8 0.3 0.05 0.8 0.5 0.1 0.05
1388 7.4733405113220215 0.0 0.0 0.0 0.0 0.0 0.0 0.0 0.0 0.0 0.0 0.0 0.0 0.0 0.0 0.0 0.0 0.0 0.0 0.0 0.0 0.0 0.0 0.0 9.300000000000011 0.0 0.0 9.300000000000011 0.0 0.0 0.3 0.05 0.8 0.3 0.05 0.8 0.5 0.1 0.05
1389 7.478632211685181 0.0 0.0 0.0 0.0 0.0 0.0 0.0 0.0 0.0 0.0 0.0 0.0 0.0 0.0 0.0 0.0 0.0 0.0 0.0 0.0 0.0 0.0 0.0 9.300000000000011 0.0 0.0 9.300000000000011 0.0 0.0 0.3 0.05 0.8 0.3 0.05 0.8 0.5 0.1 0.05
1390 7.483863115310669 0.0 0.0 0.0 0.0 0.0 0.0 0.0 0.0 0.0 0.0 0.0 0.0 0.0 0.0 0.0 0.0 0.0 0.0 0.0 0.0 0.0 0.0 0.0 9.300000000000011 0.0 0.0 9.300000000000011 0.0 0.0 0.3 0.05 0.8 0.3 0.05 0.8 0.5 0.1 0.05
1391 7.489237546920776 0.0 0.0 0.0 0.0 0.0 0.0 0.0 0.0 0.0 0.0 0.0 0.0 0.0 0.0 0.0 0.0 0.0 0.0 0.0 0.0 0.0 0.0 0.0 9.300000000000011 0.0 0.0 9.300000000000011 0.0 0.0 0.3 0.05 0.8 0.3 0.05 0.8 0.5 0.1 0.05
1392 7.4945127964019775 0.0 0.0 0.0 0.0 0.0 0.0 0.0 0.0 0.0 0.0 0.0 0.0 0.0 0.0 0.0 0.0 0.0 0.0 0.0 0.0 0.0 0.0 0.0 9.300000000000011 0.0 0.0 9.300000000000011 0.0 0.0 0.3 0.05 0.8 0.3 0.05 0.8 0.5 0.1 0.05
1393 7.499807834625244 0.0 0.0 0.0 0.0 0.0 0.0 0.0 0.0 0.0 0.0 0.0 0.0 0.0 0.0 0.0 0.0 0.0 0.0 0.0 0.0 0.0 0.0 0.0 9.300000000000011 0.0 0.0 9.300000000000011 0.0 0.0 0.3 0.05 0.8 0.3 0.05 0.8 0.5 0.1 0.05
1394 7.505024433135986 0.0 0.0 0.0 0.0 0.0 0.0 0.0 0.0 0.0 0.0 0.0 0.0 0.0 0.0 0.0 0.0 0.0 0.0 0.0 0.0 0.0 0.0 0.0 9.300000000000011 0.0 0.0 9.300000000000011 0.0 0.0 0.3 0.05 0.8 0.3 0.05 0.8 0.5 0.1 0.05
1395 7.510292291641235 0.0 0.0 0.0 0.0 0.0 0.0 0.0 0.0 0.0 0.0 0.0 0.0 0.0 0.0 0.0 0.0 0.0 0.0 0.0 0.0 0.0 0.0 0.0 9.300000000000011 0.0 0.0 9.300000000000011 0.0 0.0 0.3 0.05 0.8 0.3 0.05 0.8 0.5 0.1 0.05
1396 7.5155251026153564 0.0 0.0 0.0 0.0 0.0 0.0 0.0 0.0 0.0 0.0 0.0 0.0 0.0 0.0 0.0 0.0 0.0 0.0 0.0 0.0 0.0 0.0 0.0 9.300000000000011 0.0 0.0 9.300000000000011 0.0 0.0 0.3 0.05 0.8 0.3 0.05 0.8 0.5 0.1 0.05
1397 7.520782470703125 0.0 0.0 0.0 0.0 0.0 0.0 0.0 0.0 0.0 0.0 0.0 0.0 0.0 0.0 0.0 0.0 0.0 0.0 0.0 0.0 0.0 0.0 0.0 9.300000000000011 0.0 0.0 9.300000000000011 0.0 0.0 0.3 0.05 0.8 0.3 0.05 0.8 0.5 0.1 0.05
1398 7.526119232177734 0.0 0.0 0.0 0.0 0.0 0.0 0.0 0.0 0.0 0.0 0.0 0.0 0.0 0.0 0.0 0.0 0.0 0.0 0.0 0.0 0.0 0.0 0.0 9.300000000000011 0.0 0.0 9.300000000000011 0.0 0.0 0.3 0.05 0.8 0.3 0.05 0.8 0.5 0.1 0.05
1399 7.531454801559448 0.0 0.0 0.0 0.0 0.0 0.0 0.0 0.0 0.0 0.0 0.0 0.0 0.0 0.0 0.0 0.0 0.0 0.0 0.0 0.0 0.0 0.0 0.0 9.300000000000011 0.0 0.0 9.300000000000011 0.0 0.0 0.3 0.05 0.8 0.3 0.05 0.8 0.5 0.1 0.05
1400 7.53668737411499 0.0 0.0 0.0 0.0 0.0 0.0 0.0 0.0 0.0 0.0 0.0 0.0 0.0 0.0 0.0 0.0 0.0 0.0 0.0 0.0 0.0 0.0 0.0 9.300000000000011 0.0 0.0 9.300000000000011 0.0 0.0 0.3 0.05 0.8 0.3 0.05 0.8 0.5 0.1 0.05
1401 7.5422492027282715 0.0 0.0 0.0 0.0 0.0 0.0 0.0 0.0 0.0 0.0 0.0 0.0 0.0 0.0 0.0 0.0 0.0 0.0 0.0 0.0 0.0 0.0 0.0 9.300000000000011 0.0 0.0 9.300000000000011 0.0 0.0 0.3 0.05 0.8 0.3 0.05 0.8 0.5 0.1 0.05
1402 7.547569751739502 0.0 0.0 0.0 0.0 0.0 0.0 0.0 0.0 0.0 0.0 0.0 0.0 0.0 0.0 0.0 0.0 0.0 0.0 0.0 0.0 0.0 0.0 0.0 9.300000000000011 0.0 0.0 9.300000000000011 0.0 0.0 0.3 0.05 0.8 0.3 0.05 0.8 0.5 0.1 0.05
1403 7.552979230880737 0.0 0.0 0.0 0.0 0.0 0.0 0.0 0.0 0.0 0.0 0.0 0.0 0.0 0.0 0.0 0.0 0.0 0.0 0.0 0.0 0.0 0.0 0.0 9.300000000000011 0.0 0.0 9.300000000000011 0.0 0.0 0.3 0.05 0.8 0.3 0.05 0.8 0.5 0.1 0.05
1404 7.5583319664001465 0.0 0.0 0.0 0.0 0.0 0.0 0.0 0.0 0.0 0.0 0.0 0.0 0.0 0.0 0.0 0.0 0.0 0.0 0.0 0.0 0.0 0.0 0.0 9.300000000000011 0.0 0.0 9.300000000000011 0.0 0.0 0.3 0.05 0.8 0.3 0.05 0.8 0.5 0.1 0.05
1405 7.563614130020142 0.0 0.0 0.0 0.0 0.0 0.0 0.0 0.0 0.0 0.0 0.0 0.0 0.0 0.0 0.0 0.0 0.0 0.0 0.0 0.0 0.0 0.0 0.0 9.300000000000011 0.0 0.0 9.300000000000011 0.0 0.0 0.3 0.05 0.8 0.3 0.05 0.8 0.5 0.1 0.05
1406 7.568857908248901 0.0 0.0 0.0 0.0 0.0 0.0 0.0 0.0 0.0 0.0 0.0 0.0 0.0 0.0 0.0 0.0 0.0 0.0 0.0 0.0 0.0 0.0 0.0 9.300000000000011 0.0 0.0 9.300000000000011 0.0 0.0 0.3 0.05 0.8 0.3 0.05 0.8 0.5 0.1 0.05
1407 7.574100732803345 0.0 0.0 0.0 0.0 0.0 0.0 0.0 0.0 0.0 0.0 0.0 0.0 0.0 0.0 0.0 0.0 0.0 0.0 0.0 0.0 0.0 0.0 0.0 9.300000000000011 0.0 0.0 9.300000000000011 0.0 0.0 0.3 0.05 0.8 0.3 0.05 0.8 0.5 0.1 0.05
1408 7.57933497428894 0.0 0.0 0.0 0.0 0.0 0.0 0.0 0.0 0.0 0.0 0.0 0.0 0.0 0.0 0.0 0.0 0.0 0.0 0.0 0.0 0.0 0.0 0.0 9.300000000000011 0.0 0.0 9.300000000000011 0.0 0.0 0.3 0.05 0.8 0.3 0.05 0.8 0.5 0.1 0.05
1409 7.584584474563599 0.0 0.0 0.0 0.0 0.0 0.0 0.0 0.0 0.0 0.0 0.0 0.0 0.0 0.0 0.0 0.0 0.0 0.0 0.0 0.0 0.0 0.0 0.0 9.300000000000011 0.0 0.0 9.300000000000011 0.0 0.0 0.3 0.05 0.8 0.3 0.05 0.8 0.5 0.1 0.05
1410 7.58988356590271 0.0 0.0 0.0 0.0 0.0 0.0 0.0 0.0 0.0 0.0 0.0 0.0 0.0 0.0 0.0 0.0 0.0 0.0 0.0 0.0 0.0 0.0 0.0 9.300000000000011 0.0 0.0 9.300000000000011 0.0 0.0 0.3 0.05 0.8 0.3 0.05 0.8 0.5 0.1 0.05
1411 7.595339775085449 0.0 0.0 0.0 0.0 0.0 0.0 0.0 0.0 0.0 0.0 0.0 0.0 0.0 0.0 0.0 0.0 0.0 0.0 0.0 0.0 0.0 0.0 0.0 9.300000000000011 0.0 0.0 9.300000000000011 0.0 0.0 0.3 0.05 0.8 0.3 0.05 0.8 0.5 0.1 0.05
1412 7.6006786823272705 0.0 0.0 0.0 0.0 0.0 0.0 0.0 0.0 0.0 0.0 0.0 0.0 0.0 0.0 0.0 0.0 0.0 0.0 0.0 0.0 0.0 0.0 0.0 9.300000000000011 0.0 0.0 9.300000000000011 0.0 0.0 0.3 0.05 0.8 0.3 0.05 0.8 0.5 0.1 0.05
1413 7.606020927429199 0.0 0.0 0.0 0.0 0.0 0.0 0.0 0.0 0.0 0.0 0.0 0.0 0.0 0.0 0.0 0.0 0.0 0.0 0.0 0.0 0.0 0.0 0.0 9.300000000000011 0.0 0.0 9.300000000000011 0.0 0.0 0.3 0.05 0.8 0.3 0.05 0.8 0.5 0.1 0.05
1414 7.611260890960693 0.0 0.0 0.0 0.0 0.0 0.0 0.0 0.0 0.0 0.0 0.0 0.0 0.0 0.0 0.0 0.0 0.0 0.0 0.0 0.0 0.0 0.0 0.0 9.300000000000011 0.0 0.0 9.300000000000011 0.0 0.0 0.3 0.05 0.8 0.3 0.05 0.8 0.5 0.1 0.05
1415 7.61649227142334 0.0 0.0 0.0 0.0 0.0 0.0 0.0 0.0 0.0 0.0 0.0 0.0 0.0 0.0 0.0 0.0 0.0 0.0 0.0 0.0 0.0 0.0 0.0 9.300000000000011 0.0 0.0 9.300000000000011 0.0 0.0 0.3 0.05 0.8 0.3 0.05 0.8 0.5 0.1 0.05
1416 7.621721506118774 0.0 0.0 0.0 0.0 0.0 0.0 0.0 0.0 0.0 0.0 0.0 0.0 0.0 0.0 0.0 0.0 0.0 0.0 0.0 0.0 0.0 0.0 0.0 9.300000000000011 0.0 0.0 9.300000000000011 0.0 0.0 0.3 0.05 0.8 0.3 0.05 0.8 0.5 0.1 0.05
1417 7.626976013183594 0.0 0.0 0.0 0.0 0.0 0.0 0.0 0.0 0.0 0.0 0.0 0.0 0.0 0.0 0.0 0.0 0.0 0.0 0.0 0.0 0.0 0.0 0.0 9.300000000000011 0.0 0.0 9.300000000000011 0.0 0.0 0.3 0.05 0.8 0.3 0.05 0.8 0.5 0.1 0.05
1418 7.632425308227539 0.0 0.0 0.0 0.0 0.0 0.0 0.0 0.0 0.0 0.0 0.0 0.0 0.0 0.0 0.0 0.0 0.0 0.0 0.0 0.0 0.0 0.0 0.0 9.300000000000011 0.0 0.0 9.300000000000011 0.0 0.0 0.3 0.05 0.8 0.3 0.05 0.8 0.5 0.1 0.05
1419 7.637755393981934 0.0 0.0 0.0 0.0 0.0 0.0 0.0 0.0 0.0 0.0 0.0 0.0 0.0 0.0 0.0 0.0 0.0 0.0 0.0 0.0 0.0 0.0 0.0 9.300000000000011 0.0 0.0 9.300000000000011 0.0 0.0 0.3 0.05 0.8 0.3 0.05 0.8 0.5 0.1 0.05
1420 7.6431615352630615 0.0 0.0 0.0 0.0 0.0 0.0 0.0 0.0 0.0 0.0 0.0 0.0 0.0 0.0 0.0 0.0 0.0 0.0 0.0 0.0 0.0 0.0 0.0 9.300000000000011 0.0 0.0 9.300000000000011 0.0 0.0 0.3 0.05 0.8 0.3 0.05 0.8 0.5 0.1 0.05
1421 7.648668050765991 0.0 0.0 0.0 0.0 0.0 0.0 0.0 0.0 0.0 0.0 0.0 0.0 0.0 0.0 0.0 0.0 0.0 0.0 0.0 0.0 0.0 0.0 0.0 9.300000000000011 0.0 0.0 9.300000000000011 0.0 0.0 0.3 0.05 0.8 0.3 0.05 0.8 0.5 0.1 0.05
1422 7.654375791549683 0.0 0.0 0.0 0.0 0.0 0.0 0.0 0.0 0.0 0.0 0.0 0.0 0.0 0.0 0.0 0.0 0.0 0.0 0.0 0.0 0.0 0.0 0.0 9.300000000000011 0.0 0.0 9.300000000000011 0.0 0.0 0.3 0.05 0.8 0.3 0.05 0.8 0.5 0.1 0.05
1423 7.659689903259277 0.0 0.0 0.0 0.0 0.0 0.0 0.0 0.0 0.0 0.0 0.0 0.0 0.0 0.0 0.0 0.0 0.0 0.0 0.0 0.0 0.0 0.0 0.0 9.300000000000011 0.0 0.0 9.300000000000011 0.0 0.0 0.3 0.05 0.8 0.3 0.05 0.8 0.5 0.1 0.05
1424 7.664994716644287 0.0 0.0 0.0 0.0 0.0 0.0 0.0 0.0 0.0 0.0 0.0 0.0 0.0 0.0 0.0 0.0 0.0 0.0 0.0 0.0 0.0 0.0 0.0 9.300000000000011 0.0 0.0 9.300000000000011 0.0 0.0 0.3 0.05 0.8 0.3 0.05 0.8 0.5 0.1 0.05
1425 7.6711883544921875 0.0 0.0 0.0 0.0 0.0 0.0 0.0 0.0 0.0 0.0 0.0 0.0 0.0 0.0 0.0 0.0 0.0 0.0 0.0 0.0 0.0 0.0 0.0 9.300000000000011 0.0 0.0 9.300000000000011 0.0 0.0 0.3 0.05 0.8 0.3 0.05 0.8 0.5 0.1 0.05
1426 7.676584959030151 0.0 0.0 0.0 0.0 0.0 0.0 0.0 0.0 0.0 0.0 0.0 0.0 0.0 0.0 0.0 0.0 0.0 0.0 0.0 0.0 0.0 0.0 0.0 9.300000000000011 0.0 0.0 9.300000000000011 0.0 0.0 0.3 0.05 0.8 0.3 0.05 0.8 0.5 0.1 0.05
1427 7.682048082351685 0.0 0.0 0.0 0.0 0.0 0.0 0.0 0.0 0.0 0.0 0.0 0.0 0.0 0.0 0.0 0.0 0.0 0.0 0.0 0.0 0.0 0.0 0.0 9.300000000000011 0.0 0.0 9.300000000000011 0.0 0.0 0.3 0.05 0.8 0.3 0.05 0.8 0.5 0.1 0.05
1428 7.687414646148682 0.0 0.0 0.0 0.0 0.0 0.0 0.0 0.0 0.0 0.0 0.0 0.0 0.0 0.0 0.0 0.0 0.0 0.0 0.0 0.0 0.0 0.0 0.0 9.300000000000011 0.0 0.0 9.300000000000011 0.0 0.0 0.3 0.05 0.8 0.3 0.05 0.8 0.5 0.1 0.05
1429 7.692675828933716 0.0 0.0 0.0 0.0 0.0 0.0 0.0 0.0 0.0 0.0 0.0 0.0 0.0 0.0 0.0 0.0 0.0 0.0 0.0 0.0 0.0 0.0 0.0 9.300000000000011 0.0 0.0 9.300000000000011 0.0 0.0 0.3 0.05 0.8 0.3 0.05 0.8 0.5 0.1 0.05
1430 7.697891473770142 0.0 0.0 0.0 0.0 0.0 0.0 0.0 0.0 0.0 0.0 0.0 0.0 0.0 0.0 0.0 0.0 0.0 0.0 0.0 0.0 0.0 0.0 0.0 9.300000000000011 0.0 0.0 9.300000000000011 0.0 0.0 0.3 0.05 0.8 0.3 0.05 0.8 0.5 0.1 0.05
1431 7.7032434940338135 0.0 0.0 0.0 0.0 0.0 0.0 0.0 0.0 0.0 0.0 0.0 0.0 0.0 0.0 0.0 0.0 0.0 0.0 0.0 0.0 0.0 0.0 0.0 9.300000000000011 0.0 0.0 9.300000000000011 0.0 0.0 0.3 0.05 0.8 0.3 0.05 0.8 0.5 0.1 0.05
1432 7.708589315414429 0.0 0.0 0.0 0.0 0.0 0.0 0.0 0.0 0.0 0.0 0.0 0.0 0.0 0.0 0.0 0.0 0.0 0.0 0.0 0.0 0.0 0.0 0.0 9.300000000000011 0.0 0.0 9.300000000000011 0.0 0.0 0.3 0.05 0.8 0.3 0.05 0.8 0.5 0.1 0.05
1433 7.714054107666016 0.0 0.0 0.0 0.0 0.0 0.0 0.0 0.0 0.0 0.0 0.0 0.0 0.0 0.0 0.0 0.0 0.0 0.0 0.0 0.0 0.0 0.0 0.0 9.300000000000011 0.0 0.0 9.300000000000011 0.0 0.0 0.3 0.05 0.8 0.3 0.05 0.8 0.5 0.1 0.05
1434 7.719330787658691 0.0 0.0 0.0 0.0 0.0 0.0 0.0 0.0 0.0 0.0 0.0 0.0 0.0 0.0 0.0 0.0 0.0 0.0 0.0 0.0 0.0 0.0 0.0 9.300000000000011 0.0 0.0 9.300000000000011 0.0 0.0 0.3 0.05 0.8 0.3 0.05 0.8 0.5 0.1 0.05
1435 7.724658250808716 0.0 0.0 0.0 0.0 0.0 0.0 0.0 0.0 0.0 0.0 0.0 0.0 0.0 0.0 0.0 0.0 0.0 0.0 0.0 0.0 0.0 0.0 0.0 9.300000000000011 0.0 0.0 9.300000000000011 0.0 0.0 0.3 0.05 0.8 0.3 0.05 0.8 0.5 0.1 0.05
1436 7.72999906539917 0.0 0.0 0.0 0.0 0.0 0.0 0.0 0.0 0.0 0.0 0.0 0.0 0.0 0.0 0.0 0.0 0.0 0.0 0.0 0.0 0.0 0.0 0.0 9.300000000000011 0.0 0.0 9.300000000000011 0.0 0.0 0.3 0.05 0.8 0.3 0.05 0.8 0.5 0.1 0.05
1437 7.735402345657349 0.0 0.0 0.0 0.0 0.0 0.0 0.0 0.0 0.0 0.0 0.0 0.0 0.0 0.0 0.0 0.0 0.0 0.0 0.0 0.0 0.0 0.0 0.0 9.300000000000011 0.0 0.0 9.300000000000011 0.0 0.0 0.3 0.05 0.8 0.3 0.05 0.8 0.5 0.1 0.05
1438 7.740707874298096 0.0 0.0 0.0 0.0 0.0 0.0 0.0 0.0 0.0 0.0 0.0 0.0 0.0 0.0 0.0 0.0 0.0 0.0 0.0 0.0 0.0 0.0 0.0 9.300000000000011 0.0 0.0 9.300000000000011 0.0 0.0 0.3 0.05 0.8 0.3 0.05 0.8 0.5 0.1 0.05
1439 7.745970010757446 0.0 0.0 0.0 0.0 0.0 0.0 0.0 0.0 0.0 0.0 0.0 0.0 0.0 0.0 0.0 0.0 0.0 0.0 0.0 0.0 0.0 0.0 0.0 9.300000000000011 0.0 0.0 9.300000000000011 0.0 0.0 0.3 0.05 0.8 0.3 0.05 0.8 0.5 0.1 0.05
1440 7.751251220703125 0.0 0.0 0.0 0.0 0.0 0.0 0.0 0.0 0.0 0.0 0.0 0.0 0.0 0.0 0.0 0.0 0.0 0.0 0.0 0.0 0.0 0.0 0.0 9.300000000000011 0.0 0.0 9.300000000000011 0.0 0.0 0.3 0.05 0.8 0.3 0.05 0.8 0.5 0.1 0.05
1441 7.756646633148193 0.0 0.0 0.0 0.0 0.0 0.0 0.0 0.0 0.0 0.0 0.0 0.0 0.0 0.0 0.0 0.0 0.0 0.0 0.0 0.0 0.0 0.0 0.0 9.300000000000011 0.0 0.0 9.300000000000011 0.0 0.0 0.3 0.05 0.8 0.3 0.05 0.8 0.5 0.1 0.05
1442 7.761962890625 0.0 0.0 0.0 0.0 0.0 0.0 0.0 0.0 0.0 0.0 0.0 0.0 0.0 0.0 0.0 0.0 0.0 0.0 0.0 0.0 0.0 0.0 0.0 9.300000000000011 0.0 0.0 9.300000000000011 0.0 0.0 0.3 0.05 0.8 0.3 0.05 0.8 0.5 0.1 0.05
1443 7.767274856567383 0.0 0.0 0.0 0.0 0.0 0.0 0.0 0.0 0.0 0.0 0.0 0.0 0.0 0.0 0.0 0.0 0.0 0.0 0.0 0.0 0.0 0.0 0.0 9.300000000000011 0.0 0.0 9.300000000000011 0.0 0.0 0.3 0.05 0.8 0.3 0.05 0.8 0.5 0.1 0.05
1444 7.772504568099976 0.0 0.0 0.0 0.0 0.0 0.0 0.0 0.0 0.0 0.0 0.0 0.0 0.0 0.0 0.0 0.0 0.0 0.0 0.0 0.0 0.0 0.0 0.0 9.300000000000011 0.0 0.0 9.300000000000011 0.0 0.0 0.3 0.05 0.8 0.3 0.05 0.8 0.5 0.1 0.05
1445 7.77773642539978 0.0 0.0 0.0 0.0 0.0 0.0 0.0 0.0 0.0 0.0 0.0 0.0 0.0 0.0 0.0 0.0 0.0 0.0 0.0 0.0 0.0 0.0 0.0 9.300000000000011 0.0 0.0 9.300000000000011 0.0 0.0 0.3 0.05 0.8 0.3 0.05 0.8 0.5 0.1 0.05
1446 7.783113479614258 0.0 0.0 0.0 0.0 0.0 0.0 0.0 0.0 0.0 0.0 0.0 0.0 0.0 0.0 0.0 0.0 0.0 0.0 0.0 0.0 0.0 0.0 0.0 9.300000000000011 0.0 0.0 9.300000000000011 0.0 0.0 0.3 0.05 0.8 0.3 0.05 0.8 0.5 0.1 0.05
1447 7.788397312164307 0.0 0.0 0.0 0.0 0.0 0.0 0.0 0.0 0.0 0.0 0.0 0.0 0.0 0.0 0.0 0.0 0.0 0.0 0.0 0.0 0.0 0.0 0.0 9.300000000000011 0.0 0.0 9.300000000000011 0.0 0.0 0.3 0.05 0.8 0.3 0.05 0.8 0.5 0.1 0.05
1448 7.793737888336182 0.0 0.0 0.0 0.0 0.0 0.0 0.0 0.0 0.0 0.0 0.0 0.0 0.0 0.0 0.0 0.0 0.0 0.0 0.0 0.0 0.0 0.0 0.0 9.300000000000011 0.0 0.0 9.300000000000011 0.0 0.0 0.3 0.05 0.8 0.3 0.05 0.8 0.5 0.1 0.05
1449 7.7991416454315186 0.0 0.0 0.0 0.0 0.0 0.0 0.0 0.0 0.0 0.0 0.0 0.0 0.0 0.0 0.0 0.0 0.0 0.0 0.0 0.0 0.0 0.0 0.0 9.300000000000011 0.0 0.0 9.300000000000011 0.0 0.0 0.3 0.05 0.8 0.3 0.05 0.8 0.5 0.1 0.05
1450 7.8044469356536865 0.0 0.0 0.0 0.0 0.0 0.0 0.0 0.0 0.0 0.0 0.0 0.0 0.0 0.0 0.0 0.0 0.0 0.0 0.0 0.0 0.0 0.0 0.0 9.300000000000011 0.0 0.0 9.300000000000011 0.0 0.0 0.3 0.05 0.8 0.3 0.05 0.8 0.5 0.1 0.05
1451 7.80978798866272 0.0 0.0 0.0 0.0 0.0 0.0 0.0 0.0 0.0 0.0 0.0 0.0 0.0 0.0 0.0 0.0 0.0 0.0 0.0 0.0 0.0 0.0 0.0 9.300000000000011 0.0 0.0 9.300000000000011 0.0 0.0 0.3 0.05 0.8 0.3 0.05 0.8 0.5 0.1 0.05
1452 7.815051317214966 0.0 0.0 0.0 0.0 0.0 0.0 0.0 0.0 0.0 0.0 0.0 0.0 0.0 0.0 0.0 0.0 0.0 0.0 0.0 0.0 0.0 0.0 0.0 9.300000000000011 0.0 0.0 9.300000000000011 0.0 0.0 0.3 0.05 0.8 0.3 0.05 0.8 0.5 0.1 0.05
1453 7.820377826690674 0.0 0.0 0.0 0.0 0.0 0.0 0.0 0.0 0.0 0.0 0.0 0.0 0.0 0.0 0.0 0.0 0.0 0.0 0.0 0.0 0.0 0.0 0.0 9.300000000000011 0.0 0.0 9.300000000000011 0.0 0.0 0.3 0.05 0.8 0.3 0.05 0.8 0.5 0.1 0.05
1454 7.825595140457153 0.0 0.0 0.0 0.0 0.0 0.0 0.0 0.0 0.0 0.0 0.0 0.0 0.0 0.0 0.0 0.0 0.0 0.0 0.0 0.0 0.0 0.0 0.0 9.300000000000011 0.0 0.0 9.300000000000011 0.0 0.0 0.3 0.05 0.8 0.3 0.05 0.8 0.5 0.1 0.05
1455 7.830849647521973 0.0 0.0 0.0 0.0 0.0 0.0 0.0 0.0 0.0 0.0 0.0 0.0 0.0 0.0 0.0 0.0 0.0 0.0 0.0 0.0 0.0 0.0 0.0 9.300000000000011 0.0 0.0 9.300000000000011 0.0 0.0 0.3 0.05 0.8 0.3 0.05 0.8 0.5 0.1 0.05
1456 7.836163759231567 0.0 0.0 0.0 0.0 0.0 0.0 0.0 0.0 0.0 0.0 0.0 0.0 0.0 0.0 0.0 0.0 0.0 0.0 0.0 0.0 0.0 0.0 0.0 9.300000000000011 0.0 0.0 9.300000000000011 0.0 0.0 0.3 0.05 0.8 0.3 0.05 0.8 0.5 0.1 0.05
1457 7.8414788246154785 0.0 0.0 0.0 0.0 0.0 0.0 0.0 0.0 0.0 0.0 0.0 0.0 0.0 0.0 0.0 0.0 0.0 0.0 0.0 0.0 0.0 0.0 0.0 9.300000000000011 0.0 0.0 9.300000000000011 0.0 0.0 0.3 0.05 0.8 0.3 0.05 0.8 0.5 0.1 0.05
1458 7.846822738647461 0.0 0.0 0.0 0.0 0.0 0.0 0.0 0.0 0.0 0.0 0.0 0.0 0.0 0.0 0.0 0.0 0.0 0.0 0.0 0.0 0.0 0.0 0.0 9.300000000000011 0.0 0.0 9.300000000000011 0.0 0.0 0.3 0.05 0.8 0.3 0.05 0.8 0.5 0.1 0.05
1459 7.852064609527588 0.0 0.0 0.0 0.0 0.0 0.0 0.0 0.0 0.0 0.0 0.0 0.0 0.0 0.0 0.0 0.0 0.0 0.0 0.0 0.0 0.0 0.0 0.0 9.300000000000011 0.0 0.0 9.300000000000011 0.0 0.0 0.3 0.05 0.8 0.3 0.05 0.8 0.5 0.1 0.05
1460 7.857303142547607 0.0 0.0 0.0 0.0 0.0 0.0 0.0 0.0 0.0 0.0 0.0 0.0 0.0 0.0 0.0 0.0 0.0 0.0 0.0 0.0 0.0 0.0 0.0 9.300000000000011 0.0 0.0 9.300000000000011 0.0 0.0 0.3 0.05 0.8 0.3 0.05 0.8 0.5 0.1 0.05
1461 7.862692594528198 0.0 0.0 0.0 0.0 0.0 0.0 0.0 0.0 0.0 0.0 0.0 0.0 0.0 0.0 0.0 0.0 0.0 0.0 0.0 0.0 0.0 0.0 0.0 9.300000000000011 0.0 0.0 9.300000000000011 0.0 0.0 0.3 0.05 0.8 0.3 0.05 0.8 0.5 0.1 0.05
1462 7.868061542510986 0.0 0.0 0.0 0.0 0.0 0.0 0.0 0.0 0.0 0.0 0.0 0.0 0.0 0.0 0.0 0.0 0.0 0.0 0.0 0.0 0.0 0.0 0.0 9.300000000000011 0.0 0.0 9.300000000000011 0.0 0.0 0.3 0.05 0.8 0.3 0.05 0.8 0.5 0.1 0.05
1463 7.873389959335327 0.0 0.0 0.0 0.0 0.0 0.0 0.0 0.0 0.0 0.0 0.0 0.0 0.0 0.0 0.0 0.0 0.0 0.0 0.0 0.0 0.0 0.0 0.0 9.300000000000011 0.0 0.0 9.300000000000011 0.0 0.0 0.3 0.05 0.8 0.3 0.05 0.8 0.5 0.1 0.05
1464 7.8786303997039795 0.0 0.0 0.0 0.0 0.0 0.0 0.0 0.0 0.0 0.0 0.0 0.0 0.0 0.0 0.0 0.0 0.0 0.0 0.0 0.0 0.0 0.0 0.0 9.300000000000011 0.0 0.0 9.300000000000011 0.0 0.0 0.3 0.05 0.8 0.3 0.05 0.8 0.5 0.1 0.05
1465 7.8838536739349365 0.0 0.0 0.0 0.0 0.0 0.0 0.0 0.0 0.0 0.0 0.0 0.0 0.0 0.0 0.0 0.0 0.0 0.0 0.0 0.0 0.0 0.0 0.0 9.300000000000011 0.0 0.0 9.300000000000011 0.0 0.0 0.3 0.05 0.8 0.3 0.05 0.8 0.5 0.1 0.05
1466 7.889063835144043 0.0 0.0 0.0 0.0 0.0 0.0 0.0 0.0 0.0 0.0 0.0 0.0 0.0 0.0 0.0 0.0 0.0 0.0 0.0 0.0 0.0 0.0 0.0 9.300000000000011 0.0 0.0 9.300000000000011 0.0 0.0 0.3 0.05 0.8 0.3 0.05 0.8 0.5 0.1 0.05
1467 7.8943092823028564 0.0 0.0 0.0 0.0 0.0 0.0 0.0 0.0 0.0 0.0 0.0 0.0 0.0 0.0 0.0 0.0 0.0 0.0 0.0 0.0 0.0 0.0 0.0 9.300000000000011 0.0 0.0 9.300000000000011 0.0 0.0 0.3 0.05 0.8 0.3 0.05 0.8 0.5 0.1 0.05
1468 7.899531126022339 0.0 0.0 0.0 0.0 0.0 0.0 0.0 0.0 0.0 0.0 0.0 0.0 0.0 0.0 0.0 0.0 0.0 0.0 0.0 0.0 0.0 0.0 0.0 9.300000000000011 0.0 0.0 9.300000000000011 0.0 0.0 0.3 0.05 0.8 0.3 0.05 0.8 0.5 0.1 0.05
1469 7.904748916625977 0.0 0.0 0.0 0.0 0.0 0.0 0.0 0.0 0.0 0.0 0.0 0.0 0.0 0.0 0.0 0.0 0.0 0.0 0.0 0.0 0.0 0.0 0.0 9.300000000000011 0.0 0.0 9.300000000000011 0.0 0.0 0.3 0.05 0.8 0.3 0.05 0.8 0.5 0.1 0.05
1470 7.910019636154175 0.0 0.0 0.0 0.0 0.0 0.0 0.0 0.0 0.0 0.0 0.0 0.0 0.0 0.0 0.0 0.0 0.0 0.0 0.0 0.0 0.0 0.0 0.0 9.300000000000011 0.0 0.0 9.300000000000011 0.0 0.0 0.3 0.05 0.8 0.3 0.05 0.8 0.5 0.1 0.05
1471 7.915571451187134 0.0 0.0 0.0 0.0 0.0 0.0 0.0 0.0 0.0 0.0 0.0 0.0 0.0 0.0 0.0 0.0 0.0 0.0 0.0 0.0 0.0 0.0 0.0 9.300000000000011 0.0 0.0 9.300000000000011 0.0 0.0 0.3 0.05 0.8 0.3 0.05 0.8 0.5 0.1 0.05
1472 7.920875787734985 0.0 0.0 0.0 0.0 0.0 0.0 0.0 0.0 0.0 0.0 0.0 0.0 0.0 0.0 0.0 0.0 0.0 0.0 0.0 0.0 0.0 0.0 0.0 9.300000000000011 0.0 0.0 9.300000000000011 0.0 0.0 0.3 0.05 0.8 0.3 0.05 0.8 0.5 0.1 0.05
1473 7.926230430603027 0.0 0.0 0.0 0.0 0.0 0.0 0.0 0.0 0.0 0.0 0.0 0.0 0.0 0.0 0.0 0.0 0.0 0.0 0.0 0.0 0.0 0.0 0.0 9.300000000000011 0.0 0.0 9.300000000000011 0.0 0.0 0.3 0.05 0.8 0.3 0.05 0.8 0.5 0.1 0.05
1474 7.9316394329071045 0.0 0.0 0.0 0.0 0.0 0.0 0.0 0.0 0.0 0.0 0.0 0.0 0.0 0.0 0.0 0.0 0.0 0.0 0.0 0.0 0.0 0.0 0.0 9.300000000000011 0.0 0.0 9.300000000000011 0.0 0.0 0.3 0.05 0.8 0.3 0.05 0.8 0.5 0.1 0.05
1475 7.936889886856079 0.0 0.0 0.0 0.0 0.0 0.0 0.0 0.0 0.0 0.0 0.0 0.0 0.0 0.0 0.0 0.0 0.0 0.0 0.0 0.0 0.0 0.0 0.0 9.300000000000011 0.0 0.0 9.300000000000011 0.0 0.0 0.3 0.05 0.8 0.3 0.05 0.8 0.5 0.1 0.05
1476 7.94231104850769 0.0 0.0 0.0 0.0 0.0 0.0 0.0 0.0 0.0 0.0 0.0 0.0 0.0 0.0 0.0 0.0 0.0 0.0 0.0 0.0 0.0 0.0 0.0 9.300000000000011 0.0 0.0 9.300000000000011 0.0 0.0 0.3 0.05 0.8 0.3 0.05 0.8 0.5 0.1 0.05
1477 7.947595596313477 0.0 0.0 0.0 0.0 0.0 0.0 0.0 0.0 0.0 0.0 0.0 0.0 0.0 0.0 0.0 0.0 0.0 0.0 0.0 0.0 0.0 0.0 0.0 9.300000000000011 0.0 0.0 9.300000000000011 0.0 0.0 0.3 0.05 0.8 0.3 0.05 0.8 0.5 0.1 0.05
1478 7.952896595001221 0.0 0.0 0.0 0.0 0.0 0.0 0.0 0.0 0.0 0.0 0.0 0.0 0.0 0.0 0.0 0.0 0.0 0.0 0.0 0.0 0.0 0.0 0.0 9.300000000000011 0.0 0.0 9.300000000000011 0.0 0.0 0.3 0.05 0.8 0.3 0.05 0.8 0.5 0.1 0.05
1479 7.958205461502075 0.0 0.0 0.0 0.0 0.0 0.0 0.0 0.0 0.0 0.0 0.0 0.0 0.0 0.0 0.0 0.0 0.0 0.0 0.0 0.0 0.0 0.0 0.0 9.300000000000011 0.0 0.0 9.300000000000011 0.0 0.0 0.3 0.05 0.8 0.3 0.05 0.8 0.5 0.1 0.05
1480 7.963477849960327 0.0 0.0 0.0 0.0 0.0 0.0 0.0 0.0 0.0 0.0 0.0 0.0 0.0 0.0 0.0 0.0 0.0 0.0 0.0 0.0 0.0 0.0 0.0 9.300000000000011 0.0 0.0 9.300000000000011 0.0 0.0 0.3 0.05 0.8 0.3 0.05 0.8 0.5 0.1 0.05
1481 7.968873023986816 0.0 0.0 0.0 0.0 0.0 0.0 0.0 0.0 0.0 0.0 0.0 0.0 0.0 0.0 0.0 0.0 0.0 0.0 0.0 0.0 0.0 0.0 0.0 9.300000000000011 0.0 0.0 9.300000000000011 0.0 0.0 0.3 0.05 0.8 0.3 0.05 0.8 0.5 0.1 0.05
1482 7.974174737930298 0.0 0.0 0.0 0.0 0.0 0.0 0.0 0.0 0.0 0.0 0.0 0.0 0.0 0.0 0.0 0.0 0.0 0.0 0.0 0.0 0.0 0.0 0.0 9.300000000000011 0.0 0.0 9.300000000000011 0.0 0.0 0.3 0.05 0.8 0.3 0.05 0.8 0.5 0.1 0.05
1483 7.979489088058472 0.0 0.0 0.0 0.0 0.0 0.0 0.0 0.0 0.0 0.0 0.0 0.0 0.0 0.0 0.0 0.0 0.0 0.0 0.0 0.0 0.0 0.0 0.0 9.300000000000011 0.0 0.0 9.300000000000011 0.0 0.0 0.3 0.05 0.8 0.3 0.05 0.8 0.5 0.1 0.05
1484 7.98474645614624 0.0 0.0 0.0 0.0 0.0 0.0 0.0 0.0 0.0 0.0 0.0 0.0 0.0 0.0 0.0 0.0 0.0 0.0 0.0 0.0 0.0 0.0 0.0 9.300000000000011 0.0 0.0 9.300000000000011 0.0 0.0 0.3 0.05 0.8 0.3 0.05 0.8 0.5 0.1 0.05
1485 7.990096092224121 0.0 0.0 0.0 0.0 0.0 0.0 0.0 0.0 0.0 0.0 0.0 0.0 0.0 0.0 0.0 0.0 0.0 0.0 0.0 0.0 0.0 0.0 0.0 9.300000000000011 0.0 0.0 9.300000000000011 0.0 0.0 0.3 0.05 0.8 0.3 0.05 0.8 0.5 0.1 0.05
1486 7.995422840118408 0.0 0.0 0.0 0.0 0.0 0.0 0.0 0.0 0.0 0.0 0.0 0.0 0.0 0.0 0.0 0.0 0.0 0.0 0.0 0.0 0.0 0.0 0.0 9.300000000000011 0.0 0.0 9.300000000000011 0.0 0.0 0.3 0.05 0.8 0.3 0.05 0.8 0.5 0.1 0.05
1487 8.000802040100098 0.0 0.0 0.0 0.0 0.0 0.0 0.0 0.0 0.0 0.0 0.0 0.0 0.0 0.0 0.0 0.0 0.0 0.0 0.0 0.0 0.0 0.0 0.0 9.300000000000011 0.0 0.0 9.300000000000011 0.0 0.0 0.3 0.05 0.8 0.3 0.05 0.8 0.5 0.1 0.05
1488 8.00612759590149 0.0 0.0 0.0 0.0 0.0 0.0 0.0 0.0 0.0 0.0 0.0 0.0 0.0 0.0 0.0 0.0 0.0 0.0 0.0 0.0 0.0 0.0 0.0 9.300000000000011 0.0 0.0 9.300000000000011 0.0 0.0 0.3 0.05 0.8 0.3 0.05 0.8 0.5 0.1 0.05
1489 8.011392831802368 0.0 0.0 0.0 0.0 0.0 0.0 0.0 0.0 0.0 0.0 0.0 0.0 0.0 0.0 0.0 0.0 0.0 0.0 0.0 0.0 0.0 0.0 0.0 9.300000000000011 0.0 0.0 9.300000000000011 0.0 0.0 0.3 0.05 0.8 0.3 0.05 0.8 0.5 0.1 0.05
1490 8.016631126403809 0.0 0.0 0.0 0.0 0.0 0.0 0.0 0.0 0.0 0.0 0.0 0.0 0.0 0.0 0.0 0.0 0.0 0.0 0.0 0.0 0.0 0.0 0.0 9.300000000000011 0.0 0.0 9.300000000000011 0.0 0.0 0.3 0.05 0.8 0.3 0.05 0.8 0.5 0.1 0.05
1491 8.022014856338501 0.0 0.0 0.0 0.0 0.0 0.0 0.0 0.0 0.0 0.0 0.0 0.0 0.0 0.0 0.0 0.0 0.0 0.0 0.0 0.0 0.0 0.0 0.0 9.300000000000011 0.0 0.0 9.300000000000011 0.0 0.0 0.3 0.05 0.8 0.3 0.05 0.8 0.5 0.1 0.05
1492 8.027311325073242 0.0 0.0 0.0 0.0 0.0 0.0 0.0 0.0 0.0 0.0 0.0 0.0 0.0 0.0 0.0 0.0 0.0 0.0 0.0 0.0 0.0 0.0 0.0 9.300000000000011 0.0 0.0 9.300000000000011 0.0 0.0 0.3 0.05 0.8 0.3 0.05 0.8 0.5 0.1 0.05
1493 8.032676696777344 0.0 0.0 0.0 0.0 0.0 0.0 0.0 0.0 0.0 0.0 0.0 0.0 0.0 0.0 0.0 0.0 0.0 0.0 0.0 0.0 0.0 0.0 0.0 9.300000000000011 0.0 0.0 9.300000000000011 0.0 0.0 0.3 0.05 0.8 0.3 0.05 0.8 0.5 0.1 0.05
1494 8.03800082206726 0.0 0.0 0.0 0.0 0.0 0.0 0.0 0.0 0.0 0.0 0.0 0.0 0.0 0.0 0.0 0.0 0.0 0.0 0.0 0.0 0.0 0.0 0.0 9.300000000000011 0.0 0.0 9.300000000000011 0.0 0.0 0.3 0.05 0.8 0.3 0.05 0.8 0.5 0.1 0.05
1495 8.043444633483887 0.0 0.0 0.0 0.0 0.0 0.0 0.0 0.0 0.0 0.0 0.0 0.0 0.0 0.0 0.0 0.0 0.0 0.0 0.0 0.0 0.0 0.0 0.0 9.300000000000011 0.0 0.0 9.300000000000011 0.0 0.0 0.3 0.05 0.8 0.3 0.05 0.8 0.5 0.1 0.05
1496 8.04882526397705 0.0 0.0 0.0 0.0 0.0 0.0 0.0 0.0 0.0 0.0 0.0 0.0 0.0 0.0 0.0 0.0 0.0 0.0 0.0 0.0 0.0 0.0 0.0 9.300000000000011 0.0 0.0 9.300000000000011 0.0 0.0 0.3 0.05 0.8 0.3 0.05 0.8 0.5 0.1 0.05
1497 8.054080247879028 0.0 0.0 0.0 0.0 0.0 0.0 0.0 0.0 0.0 0.0 0.0 0.0 0.0 0.0 0.0 0.0 0.0 0.0 0.0 0.0 0.0 0.0 0.0 9.300000000000011 0.0 0.0 9.300000000000011 0.0 0.0 0.3 0.05 0.8 0.3 0.05 0.8 0.5 0.1 0.05
1498 8.059333086013794 0.0 0.0 0.0 0.0 0.0 0.0 0.0 0.0 0.0 0.0 0.0 0.0 0.0 0.0 0.0 0.0 0.0 0.0 0.0 0.0 0.0 0.0 0.0 9.300000000000011 0.0 0.0 9.300000000000011 0.0 0.0 0.3 0.05 0.8 0.3 0.05 0.8 0.5 0.1 0.05
1499 8.064589500427246 0.0 0.0 0.0 0.0 0.0 0.0 0.0 0.0 0.0 0.0 0.0 0.0 0.0 0.0 0.0 0.0 0.0 0.0 0.0 0.0 0.0 0.0 0.0 9.300000000000011 0.0 0.0 9.300000000000011 0.0 0.0 0.3 0.05 0.8 0.3 0.05 0.8 0.5 0.1 0.05
1500 8.069879055023193 0.0 0.0 0.0 0.0 0.0 0.0 0.0 0.0 0.0 0.0 0.0 0.0 0.0 0.0 0.0 0.0 0.0 0.0 0.0 0.0 0.0 0.0 0.0 9.300000000000011 0.0 0.0 9.300000000000011 0.0 0.0 0.3 0.05 0.8 0.3 0.05 0.8 0.5 0.1 0.05
1501 8.075224161148071 0.0 0.0 0.0 0.0 0.0 0.0 0.0 0.0 0.0 0.0 0.0 0.0 0.0 0.0 0.0 0.0 0.0 0.0 0.0 0.0 0.0 0.0 0.0 9.300000000000011 0.0 0.0 9.300000000000011 0.0 0.0 0.3 0.05 0.8 0.3 0.05 0.8 0.5 0.1 0.05
1502 8.080482482910156 0.0 0.0 0.0 0.0 0.0 0.0 0.0 0.0 0.0 0.0 0.0 0.0 0.0 0.0 0.0 0.0 0.0 0.0 0.0 0.0 0.0 0.0 0.0 9.300000000000011 0.0 0.0 9.300000000000011 0.0 0.0 0.3 0.05 0.8 0.3 0.05 0.8 0.5 0.1 0.05
1503 8.085770845413208 0.0 0.0 0.0 0.0 0.0 0.0 0.0 0.0 0.0 0.0 0.0 0.0 0.0 0.0 0.0 0.0 0.0 0.0 0.0 0.0 0.0 0.0 0.0 9.300000000000011 0.0 0.0 9.300000000000011 0.0 0.0 0.3 0.05 0.8 0.3 0.05 0.8 0.5 0.1 0.05
1504 8.090994358062744 0.0 0.0 0.0 0.0 0.0 0.0 0.0 0.0 0.0 0.0 0.0 0.0 0.0 0.0 0.0 0.0 0.0 0.0 0.0 0.0 0.0 0.0 0.0 9.300000000000011 0.0 0.0 9.300000000000011 0.0 0.0 0.3 0.05 0.8 0.3 0.05 0.8 0.5 0.1 0.05
1505 8.096206903457642 0.0 0.0 0.0 0.0 0.0 0.0 0.0 0.0 0.0 0.0 0.0 0.0 0.0 0.0 0.0 0.0 0.0 0.0 0.0 0.0 0.0 0.0 0.0 9.300000000000011 0.0 0.0 9.300000000000011 0.0 0.0 0.3 0.05 0.8 0.3 0.05 0.8 0.5 0.1 0.05
1506 8.101553916931152 0.0 0.0 0.0 0.0 0.0 0.0 0.0 0.0 0.0 0.0 0.0 0.0 0.0 0.0 0.0 0.0 0.0 0.0 0.0 0.0 0.0 0.0 0.0 9.300000000000011 0.0 0.0 9.300000000000011 0.0 0.0 0.3 0.05 0.8 0.3 0.05 0.8 0.5 0.1 0.05
1507 8.106815814971924 0.0 0.0 0.0 0.0 0.0 0.0 0.0 0.0 0.0 0.0 0.0 0.0 0.0 0.0 0.0 0.0 0.0 0.0 0.0 0.0 0.0 0.0 0.0 9.300000000000011 0.0 0.0 9.300000000000011 0.0 0.0 0.3 0.05 0.8 0.3 0.05 0.8 0.5 0.1 0.05
1508 8.112169742584229 0.0 0.0 0.0 0.0 0.0 0.0 0.0 0.0 0.0 0.0 0.0 0.0 0.0 0.0 0.0 0.0 0.0 0.0 0.0 0.0 0.0 0.0 0.0 9.300000000000011 0.0 0.0 9.300000000000011 0.0 0.0 0.3 0.05 0.8 0.3 0.05 0.8 0.5 0.1 0.05
1509 8.117460012435913 0.0 0.0 0.0 0.0 0.0 0.0 0.0 0.0 0.0 0.0 0.0 0.0 0.0 0.0 0.0 0.0 0.0 0.0 0.0 0.0 0.0 0.0 0.0 9.300000000000011 0.0 0.0 9.300000000000011 0.0 0.0 0.3 0.05 0.8 0.3 0.05 0.8 0.5 0.1 0.05
1510 8.122713327407837 0.0 0.0 0.0 0.0 0.0 0.0 0.0 0.0 0.0 0.0 0.0 0.0 0.0 0.0 0.0 0.0 0.0 0.0 0.0 0.0 0.0 0.0 0.0 9.300000000000011 0.0 0.0 9.300000000000011 0.0 0.0 0.3 0.05 0.8 0.3 0.05 0.8 0.5 0.1 0.05
1511 8.12814450263977 0.0 0.0 0.0 0.0 0.0 0.0 0.0 0.0 0.0 0.0 0.0 0.0 0.0 0.0 0.0 0.0 0.0 0.0 0.0 0.0 0.0 0.0 0.0 9.300000000000011 0.0 0.0 9.300000000000011 0.0 0.0 0.3 0.05 0.8 0.3 0.05 0.8 0.5 0.1 0.05
1512 8.133426904678345 0.0 0.0 0.0 0.0 0.0 0.0 0.0 0.0 0.0 0.0 0.0 0.0 0.0 0.0 0.0 0.0 0.0 0.0 0.0 0.0 0.0 0.0 0.0 9.300000000000011 0.0 0.0 9.300000000000011 0.0 0.0 0.3 0.05 0.8 0.3 0.05 0.8 0.5 0.1 0.05
1513 8.138717412948608 0.0 0.0 0.0 0.0 0.0 0.0 0.0 0.0 0.0 0.0 0.0 0.0 0.0 0.0 0.0 0.0 0.0 0.0 0.0 0.0 0.0 0.0 0.0 9.300000000000011 0.0 0.0 9.300000000000011 0.0 0.0 0.3 0.05 0.8 0.3 0.05 0.8 0.5 0.1 0.05
1514 8.1439688205719 0.0 0.0 0.0 0.0 0.0 0.0 0.0 0.0 0.0 0.0 0.0 0.0 0.0 0.0 0.0 0.0 0.0 0.0 0.0 0.0 0.0 0.0 0.0 9.300000000000011 0.0 0.0 9.300000000000011 0.0 0.0 0.3 0.05 0.8 0.3 0.05 0.8 0.5 0.1 0.05
1515 8.149433135986328 0.0 0.0 0.0 0.0 0.0 0.0 0.0 0.0 0.0 0.0 0.0 0.0 0.0 0.0 0.0 0.0 0.0 0.0 0.0 0.0 0.0 0.0 0.0 9.300000000000011 0.0 0.0 9.300000000000011 0.0 0.0 0.3 0.05 0.8 0.3 0.05 0.8 0.5 0.1 0.05
1516 8.154703617095947 0.0 0.0 0.0 0.0 0.0 0.0 0.0 0.0 0.0 0.0 0.0 0.0 0.0 0.0 0.0 0.0 0.0 0.0 0.0 0.0 0.0 0.0 0.0 9.300000000000011 0.0 0.0 9.300000000000011 0.0 0.0 0.3 0.05 0.8 0.3 0.05 0.8 0.5 0.1 0.05
1517 8.159971237182617 0.0 0.0 0.0 0.0 0.0 0.0 0.0 0.0 0.0 0.0 0.0 0.0 0.0 0.0 0.0 0.0 0.0 0.0 0.0 0.0 0.0 0.0 0.0 9.300000000000011 0.0 0.0 9.300000000000011 0.0 0.0 0.3 0.05 0.8 0.3 0.05 0.8 0.5 0.1 0.05
1518 8.165217638015747 0.0 0.0 0.0 0.0 0.0 0.0 0.0 0.0 0.0 0.0 0.0 0.0 0.0 0.0 0.0 0.0 0.0 0.0 0.0 0.0 0.0 0.0 0.0 9.300000000000011 0.0 0.0 9.300000000000011 0.0 0.0 0.3 0.05 0.8 0.3 0.05 0.8 0.5 0.1 0.05
1519 8.170493841171265 0.0 0.0 0.0 0.0 0.0 0.0 0.0 0.0 0.0 0.0 0.0 0.0 0.0 0.0 0.0 0.0 0.0 0.0 0.0 0.0 0.0 0.0 0.0 9.300000000000011 0.0 0.0 9.300000000000011 0.0 0.0 0.3 0.05 0.8 0.3 0.05 0.8 0.5 0.1 0.05
1520 8.175782203674316 0.0 0.0 0.0 0.0 0.0 0.0 0.0 0.0 0.0 0.0 0.0 0.0 0.0 0.0 0.0 0.0 0.0 0.0 0.0 0.0 0.0 0.0 0.0 9.300000000000011 0.0 0.0 9.300000000000011 0.0 0.0 0.3 0.05 0.8 0.3 0.05 0.8 0.5 0.1 0.05
1521 8.181120157241821 0.0 0.0 0.0 0.0 0.0 0.0 0.0 0.0 0.0 0.0 0.0 0.0 0.0 0.0 0.0 0.0 0.0 0.0 0.0 0.0 0.0 0.0 0.0 9.300000000000011 0.0 0.0 9.300000000000011 0.0 0.0 0.3 0.05 0.8 0.3 0.05 0.8 0.5 0.1 0.05
1522 8.186493158340454 0.0 0.0 0.0 0.0 0.0 0.0 0.0 0.0 0.0 0.0 0.0 0.0 0.0 0.0 0.0 0.0 0.0 0.0 0.0 0.0 0.0 0.0 0.0 9.300000000000011 0.0 0.0 9.300000000000011 0.0 0.0 0.3 0.05 0.8 0.3 0.05 0.8 0.5 0.1 0.05
1523 8.191795110702515 0.0 0.0 0.0 0.0 0.0 0.0 0.0 0.0 0.0 0.0 0.0 0.0 0.0 0.0 0.0 0.0 0.0 0.0 0.0 0.0 0.0 0.0 0.0 9.300000000000011 0.0 0.0 9.300000000000011 0.0 0.0 0.3 0.05 0.8 0.3 0.05 0.8 0.5 0.1 0.05
1524 8.197020530700684 0.0 0.0 0.0 0.0 0.0 0.0 0.0 0.0 0.0 0.0 0.0 0.0 0.0 0.0 0.0 0.0 0.0 0.0 0.0 0.0 0.0 0.0 0.0 9.300000000000011 0.0 0.0 9.300000000000011 0.0 0.0 0.3 0.05 0.8 0.3 0.05 0.8 0.5 0.1 0.05
1525 8.202284336090088 0.0 0.0 0.0 0.0 0.0 0.0 0.0 0.0 0.0 0.0 0.0 0.0 0.0 0.0 0.0 0.0 0.0 0.0 0.0 0.0 0.0 0.0 0.0 9.300000000000011 0.0 0.0 9.300000000000011 0.0 0.0 0.3 0.05 0.8 0.3 0.05 0.8 0.5 0.1 0.05
1526 8.20752501487732 0.0 0.0 0.0 0.0 0.0 0.0 0.0 0.0 0.0 0.0 0.0 0.0 0.0 0.0 0.0 0.0 0.0 0.0 0.0 0.0 0.0 0.0 0.0 9.300000000000011 0.0 0.0 9.300000000000011 0.0 0.0 0.3 0.05 0.8 0.3 0.05 0.8 0.5 0.1 0.05
1527 8.212730884552002 0.0 0.0 0.0 0.0 0.0 0.0 0.0 0.0 0.0 0.0 0.0 0.0 0.0 0.0 0.0 0.0 0.0 0.0 0.0 0.0 0.0 0.0 0.0 9.300000000000011 0.0 0.0 9.300000000000011 0.0 0.0 0.3 0.05 0.8 0.3 0.05 0.8 0.5 0.1 0.05
1528 8.217967987060547 0.0 0.0 0.0 0.0 0.0 0.0 0.0 0.0 0.0 0.0 0.0 0.0 0.0 0.0 0.0 0.0 0.0 0.0 0.0 0.0 0.0 0.0 0.0 9.300000000000011 0.0 0.0 9.300000000000011 0.0 0.0 0.3 0.05 0.8 0.3 0.05 0.8 0.5 0.1 0.05
1529 8.22317886352539 0.0 0.0 0.0 0.0 0.0 0.0 0.0 0.0 0.0 0.0 0.0 0.0 0.0 0.0 0.0 0.0 0.0 0.0 0.0 0.0 0.0 0.0 0.0 9.300000000000011 0.0 0.0 9.300000000000011 0.0 0.0 0.3 0.05 0.8 0.3 0.05 0.8 0.5 0.1 0.05
1530 8.228383541107178 0.0 0.0 0.0 0.0 0.0 0.0 0.0 0.0 0.0 0.0 0.0 0.0 0.0 0.0 0.0 0.0 0.0 0.0 0.0 0.0 0.0 0.0 0.0 9.300000000000011 0.0 0.0 9.300000000000011 0.0 0.0 0.3 0.05 0.8 0.3 0.05 0.8 0.5 0.1 0.05
1531 8.234081029891968 0.0 0.0 0.0 0.0 0.0 0.0 0.0 0.0 0.0 0.0 0.0 0.0 0.0 0.0 0.0 0.0 0.0 0.0 0.0 0.0 0.0 0.0 0.0 9.300000000000011 0.0 0.0 9.300000000000011 0.0 0.0 0.3 0.05 0.8 0.3 0.05 0.8 0.5 0.1 0.05
1532 8.239384651184082 0.0 0.0 0.0 0.0 0.0 0.0 0.0 0.0 0.0 0.0 0.0 0.0 0.0 0.0 0.0 0.0 0.0 0.0 0.0 0.0 0.0 0.0 0.0 9.300000000000011 0.0 0.0 9.300000000000011 0.0 0.0 0.3 0.05 0.8 0.3 0.05 0.8 0.5 0.1 0.05
1533 8.244799375534058 0.0 0.0 0.0 0.0 0.0 0.0 0.0 0.0 0.0 0.0 0.0 0.0 0.0 0.0 0.0 0.0 0.0 0.0 0.0 0.0 0.0 0.0 0.0 9.300000000000011 0.0 0.0 9.300000000000011 0.0 0.0 0.3 0.05 0.8 0.3 0.05 0.8 0.5 0.1 0.05
1534 8.250521421432495 0.0 0.0 0.0 0.0 0.0 0.0 0.0 0.0 0.0 0.0 0.0 0.0 0.0 0.0 0.0 0.0 0.0 0.0 0.0 0.0 0.0 0.0 0.0 9.300000000000011 0.0 0.0 9.300000000000011 0.0 0.0 0.3 0.05 0.8 0.3 0.05 0.8 0.5 0.1 0.05
1535 8.255813360214233 0.0 0.0 0.0 0.0 0.0 0.0 0.0 0.0 0.0 0.0 0.0 0.0 0.0 0.0 0.0 0.0 0.0 0.0 0.0 0.0 0.0 0.0 0.0 9.300000000000011 0.0 0.0 9.300000000000011 0.0 0.0 0.3 0.05 0.8 0.3 0.05 0.8 0.5 0.1 0.05
1536 8.261047840118408 0.0 0.0 0.0 0.0 0.0 0.0 0.0 0.0 0.0 0.0 0.0 0.0 0.0 0.0 0.0 0.0 0.0 0.0 0.0 0.0 0.0 0.0 0.0 9.300000000000011 0.0 0.0 9.300000000000011 0.0 0.0 0.3 0.05 0.8 0.3 0.05 0.8 0.5 0.1 0.05
1537 8.266341209411621 0.0 0.0 0.0 0.0 0.0 0.0 0.0 0.0 0.0 0.0 0.0 0.0 0.0 0.0 0.0 0.0 0.0 0.0 0.0 0.0 0.0 0.0 0.0 9.300000000000011 0.0 0.0 9.300000000000011 0.0 0.0 0.3 0.05 0.8 0.3 0.05 0.8 0.5 0.1 0.05
1538 8.271569967269897 0.0 0.0 0.0 0.0 0.0 0.0 0.0 0.0 0.0 0.0 0.0 0.0 0.0 0.0 0.0 0.0 0.0 0.0 0.0 0.0 0.0 0.0 0.0 9.300000000000011 0.0 0.0 9.300000000000011 0.0 0.0 0.3 0.05 0.8 0.3 0.05 0.8 0.5 0.1 0.05
1539 8.276782989501953 0.0 0.0 0.0 0.0 0.0 0.0 0.0 0.0 0.0 0.0 0.0 0.0 0.0 0.0 0.0 0.0 0.0 0.0 0.0 0.0 0.0 0.0 0.0 9.300000000000011 0.0 0.0 9.300000000000011 0.0 0.0 0.3 0.05 0.8 0.3 0.05 0.8 0.5 0.1 0.05
1540 8.28206467628479 0.0 0.0 0.0 0.0 0.0 0.0 0.0 0.0 0.0 0.0 0.0 0.0 0.0 0.0 0.0 0.0 0.0 0.0 0.0 0.0 0.0 0.0 0.0 9.300000000000011 0.0 0.0 9.300000000000011 0.0 0.0 0.3 0.05 0.8 0.3 0.05 0.8 0.5 0.1 0.05
1541 8.288177013397217 0.0 0.0 0.0 0.0 0.0 0.0 0.0 0.0 0.0 0.0 0.0 0.0 0.0 0.0 0.0 0.0 0.0 0.0 0.0 0.0 0.0 0.0 0.0 9.300000000000011 0.0 0.0 9.300000000000011 0.0 0.0 0.3 0.05 0.8 0.3 0.05 0.8 0.5 0.1 0.05
1542 8.293575048446655 0.0 0.0 0.0 0.0 0.0 0.0 0.0 0.0 0.0 0.0 0.0 0.0 0.0 0.0 0.0 0.0 0.0 0.0 0.0 0.0 0.0 0.0 0.0 9.300000000000011 0.0 0.0 9.300000000000011 0.0 0.0 0.3 0.05 0.8 0.3 0.05 0.8 0.5 0.1 0.05
1543 8.298964500427246 0.0 0.0 0.0 0.0 0.0 0.0 0.0 0.0 0.0 0.0 0.0 0.0 0.0 0.0 0.0 0.0 0.0 0.0 0.0 0.0 0.0 0.0 0.0 9.300000000000011 0.0 0.0 9.300000000000011 0.0 0.0 0.3 0.05 0.8 0.3 0.05 0.8 0.5 0.1 0.05
1544 8.304263830184937 0.0 0.0 0.0 0.0 0.0 0.0 0.0 0.0 0.0 0.0 0.0 0.0 0.0 0.0 0.0 0.0 0.0 0.0 0.0 0.0 0.0 0.0 0.0 9.300000000000011 0.0 0.0 9.300000000000011 0.0 0.0 0.3 0.05 0.8 0.3 0.05 0.8 0.5 0.1 0.05
1545 8.309663772583008 0.0 0.0 0.0 0.0 0.0 0.0 0.0 0.0 0.0 0.0 0.0 0.0 0.0 0.0 0.0 0.0 0.0 0.0 0.0 0.0 0.0 0.0 0.0 9.300000000000011 0.0 0.0 9.300000000000011 0.0 0.0 0.3 0.05 0.8 0.3 0.05 0.8 0.5 0.1 0.05
1546 8.314959526062012 0.0 0.0 0.0 0.0 0.0 0.0 0.0 0.0 0.0 0.0 0.0 0.0 0.0 0.0 0.0 0.0 0.0 0.0 0.0 0.0 0.0 0.0 0.0 9.300000000000011 0.0 0.0 9.300000000000011 0.0 0.0 0.3 0.05 0.8 0.3 0.05 0.8 0.5 0.1 0.05
1547 8.320240497589111 0.0 0.0 0.0 0.0 0.0 0.0 0.0 0.0 0.0 0.0 0.0 0.0 0.0 0.0 0.0 0.0 0.0 0.0 0.0 0.0 0.0 0.0 0.0 9.300000000000011 0.0 0.0 9.300000000000011 0.0 0.0 0.3 0.05 0.8 0.3 0.05 0.8 0.5 0.1 0.05
1548 8.32564926147461 0.0 0.0 0.0 0.0 0.0 0.0 0.0 0.0 0.0 0.0 0.0 0.0 0.0 0.0 0.0 0.0 0.0 0.0 0.0 0.0 0.0 0.0 0.0 9.300000000000011 0.0 0.0 9.300000000000011 0.0 0.0 0.3 0.05 0.8 0.3 0.05 0.8 0.5 0.1 0.05
1549 8.330901861190796 0.0 0.0 0.0 0.0 0.0 0.0 0.0 0.0 0.0 0.0 0.0 0.0 0.0 0.0 0.0 0.0 0.0 0.0 0.0 0.0 0.0 0.0 0.0 9.300000000000011 0.0 0.0 9.300000000000011 0.0 0.0 0.3 0.05 0.8 0.3 0.05 0.8 0.5 0.1 0.05
1550 8.336121082305908 0.0 0.0 0.0 0.0 0.0 0.0 0.0 0.0 0.0 0.0 0.0 0.0 0.0 0.0 0.0 0.0 0.0 0.0 0.0 0.0 0.0 0.0 0.0 9.300000000000011 0.0 0.0 9.300000000000011 0.0 0.0 0.3 0.05 0.8 0.3 0.05 0.8 0.5 0.1 0.05
1551 8.341500759124756 0.0 0.0 0.0 0.0 0.0 0.0 0.0 0.0 0.0 0.0 0.0 0.0 0.0 0.0 0.0 0.0 0.0 0.0 0.0 0.0 0.0 0.0 0.0 9.300000000000011 0.0 0.0 9.300000000000011 0.0 0.0 0.3 0.05 0.8 0.3 0.05 0.8 0.5 0.1 0.05
1552 8.346770524978638 0.0 0.0 0.0 0.0 0.0 0.0 0.0 0.0 0.0 0.0 0.0 0.0 0.0 0.0 0.0 0.0 0.0 0.0 0.0 0.0 0.0 0.0 0.0 9.300000000000011 0.0 0.0 9.300000000000011 0.0 0.0 0.3 0.05 0.8 0.3 0.05 0.8 0.5 0.1 0.05
1553 8.352177143096924 0.0 0.0 0.0 0.0 0.0 0.0 0.0 0.0 0.0 0.0 0.0 0.0 0.0 0.0 0.0 0.0 0.0 0.0 0.0 0.0 0.0 0.0 0.0 9.300000000000011 0.0 0.0 9.300000000000011 0.0 0.0 0.3 0.05 0.8 0.3 0.05 0.8 0.5 0.1 0.05
1554 8.357574224472046 0.0 0.0 0.0 0.0 0.0 0.0 0.0 0.0 0.0 0.0 0.0 0.0 0.0 0.0 0.0 0.0 0.0 0.0 0.0 0.0 0.0 0.0 0.0 9.300000000000011 0.0 0.0 9.300000000000011 0.0 0.0 0.3 0.05 0.8 0.3 0.05 0.8 0.5 0.1 0.05
1555 8.36292815208435 0.0 0.0 0.0 0.0 0.0 0.0 0.0 0.0 0.0 0.0 0.0 0.0 0.0 0.0 0.0 0.0 0.0 0.0 0.0 0.0 0.0 0.0 0.0 9.300000000000011 0.0 0.0 9.300000000000011 0.0 0.0 0.3 0.05 0.8 0.3 0.05 0.8 0.5 0.1 0.05
1556 8.368242502212524 0.0 0.0 0.0 0.0 0.0 0.0 0.0 0.0 0.0 0.0 0.0 0.0 0.0 0.0 0.0 0.0 0.0 0.0 0.0 0.0 0.0 0.0 0.0 9.300000000000011 0.0 0.0 9.300000000000011 0.0 0.0 0.3 0.05 0.8 0.3 0.05 0.8 0.5 0.1 0.05
1557 8.373602867126465 0.0 0.0 0.0 0.0 0.0 0.0 0.0 0.0 0.0 0.0 0.0 0.0 0.0 0.0 0.0 0.0 0.0 0.0 0.0 0.0 0.0 0.0 0.0 9.300000000000011 0.0 0.0 9.300000000000011 0.0 0.0 0.3 0.05 0.8 0.3 0.05 0.8 0.5 0.1 0.05
1558 8.378979682922363 0.0 0.0 0.0 0.0 0.0 0.0 0.0 0.0 0.0 0.0 0.0 0.0 0.0 0.0 0.0 0.0 0.0 0.0 0.0 0.0 0.0 0.0 0.0 9.300000000000011 0.0 0.0 9.300000000000011 0.0 0.0 0.3 0.05 0.8 0.3 0.05 0.8 0.5 0.1 0.05
1559 8.38432765007019 0.0 0.0 0.0 0.0 0.0 0.0 0.0 0.0 0.0 0.0 0.0 0.0 0.0 0.0 0.0 0.0 0.0 0.0 0.0 0.0 0.0 0.0 0.0 9.300000000000011 0.0 0.0 9.300000000000011 0.0 0.0 0.3 0.05 0.8 0.3 0.05 0.8 0.5 0.1 0.05
1560 8.389662504196167 0.0 0.0 0.0 0.0 0.0 0.0 0.0 0.0 0.0 0.0 0.0 0.0 0.0 0.0 0.0 0.0 0.0 0.0 0.0 0.0 0.0 0.0 0.0 9.300000000000011 0.0 0.0 9.300000000000011 0.0 0.0 0.3 0.05 0.8 0.3 0.05 0.8 0.5 0.1 0.05
1561 8.39502215385437 0.0 0.0 0.0 0.0 0.0 0.0 0.0 0.0 0.0 0.0 0.0 0.0 0.0 0.0 0.0 0.0 0.0 0.0 0.0 0.0 0.0 0.0 0.0 9.300000000000011 0.0 0.0 9.300000000000011 0.0 0.0 0.3 0.05 0.8 0.3 0.05 0.8 0.5 0.1 0.05
1562 8.400288343429565 0.0 0.0 0.0 0.0 0.0 0.0 0.0 0.0 0.0 0.0 0.0 0.0 0.0 0.0 0.0 0.0 0.0 0.0 0.0 0.0 0.0 0.0 0.0 9.300000000000011 0.0 0.0 9.300000000000011 0.0 0.0 0.3 0.05 0.8 0.3 0.05 0.8 0.5 0.1 0.05
1563 8.40558910369873 0.0 0.0 0.0 0.0 0.0 0.0 0.0 0.0 0.0 0.0 0.0 0.0 0.0 0.0 0.0 0.0 0.0 0.0 0.0 0.0 0.0 0.0 0.0 9.300000000000011 0.0 0.0 9.300000000000011 0.0 0.0 0.3 0.05 0.8 0.3 0.05 0.8 0.5 0.1 0.05
1564 8.410818099975586 0.0 0.0 0.0 0.0 0.0 0.0 0.0 0.0 0.0 0.0 0.0 0.0 0.0 0.0 0.0 0.0 0.0 0.0 0.0 0.0 0.0 0.0 0.0 9.300000000000011 0.0 0.0 9.300000000000011 0.0 0.0 0.3 0.05 0.8 0.3 0.05 0.8 0.5 0.1 0.05
1565 8.416088342666626 0.0 0.0 0.0 0.0 0.0 0.0 0.0 0.0 0.0 0.0 0.0 0.0 0.0 0.0 0.0 0.0 0.0 0.0 0.0 0.0 0.0 0.0 0.0 9.300000000000011 0.0 0.0 9.300000000000011 0.0 0.0 0.3 0.05 0.8 0.3 0.05 0.8 0.5 0.1 0.05
1566 8.421315908432007 0.0 0.0 0.0 0.0 0.0 0.0 0.0 0.0 0.0 0.0 0.0 0.0 0.0 0.0 0.0 0.0 0.0 0.0 0.0 0.0 0.0 0.0 0.0 9.300000000000011 0.0 0.0 9.300000000000011 0.0 0.0 0.3 0.05 0.8 0.3 0.05 0.8 0.5 0.1 0.05
1567 8.42659592628479 0.0 0.0 0.0 0.0 0.0 0.0 0.0 0.0 0.0 0.0 0.0 0.0 0.0 0.0 0.0 0.0 0.0 0.0 0.0 0.0 0.0 0.0 0.0 9.300000000000011 0.0 0.0 9.300000000000011 0.0 0.0 0.3 0.05 0.8 0.3 0.05 0.8 0.5 0.1 0.05
1568 8.43197226524353 0.0 0.0 0.0 0.0 0.0 0.0 0.0 0.0 0.0 0.0 0.0 0.0 0.0 0.0 0.0 0.0 0.0 0.0 0.0 0.0 0.0 0.0 0.0 9.300000000000011 0.0 0.0 9.300000000000011 0.0 0.0 0.3 0.05 0.8 0.3 0.05 0.8 0.5 0.1 0.05
1569 8.437230825424194 0.0 0.0 0.0 0.0 0.0 0.0 0.0 0.0 0.0 0.0 0.0 0.0 0.0 0.0 0.0 0.0 0.0 0.0 0.0 0.0 0.0 0.0 0.0 9.300000000000011 0.0 0.0 9.300000000000011 0.0 0.0 0.3 0.05 0.8 0.3 0.05 0.8 0.5 0.1 0.05
1570 8.44258713722229 0.0 0.0 0.0 0.0 0.0 0.0 0.0 0.0 0.0 0.0 0.0 0.0 0.0 0.0 0.0 0.0 0.0 0.0 0.0 0.0 0.0 0.0 0.0 9.300000000000011 0.0 0.0 9.300000000000011 0.0 0.0 0.3 0.05 0.8 0.3 0.05 0.8 0.5 0.1 0.05
1571 8.447988033294678 0.0 0.0 0.0 0.0 0.0 0.0 0.0 0.0 0.0 0.0 0.0 0.0 0.0 0.0 0.0 0.0 0.0 0.0 0.0 0.0 0.0 0.0 0.0 9.300000000000011 0.0 0.0 9.300000000000011 0.0 0.0 0.3 0.05 0.8 0.3 0.05 0.8 0.5 0.1 0.05
1572 8.453277587890625 0.0 0.0 0.0 0.0 0.0 0.0 0.0 0.0 0.0 0.0 0.0 0.0 0.0 0.0 0.0 0.0 0.0 0.0 0.0 0.0 0.0 0.0 0.0 9.300000000000011 0.0 0.0 9.300000000000011 0.0 0.0 0.3 0.05 0.8 0.3 0.05 0.8 0.5 0.1 0.05
1573 8.458652019500732 0.0 0.0 0.0 0.0 0.0 0.0 0.0 0.0 0.0 0.0 0.0 0.0 0.0 0.0 0.0 0.0 0.0 0.0 0.0 0.0 0.0 0.0 0.0 9.300000000000011 0.0 0.0 9.300000000000011 0.0 0.0 0.3 0.05 0.8 0.3 0.05 0.8 0.5 0.1 0.05
1574 8.463907957077026 0.0 0.0 0.0 0.0 0.0 0.0 0.0 0.0 0.0 0.0 0.0 0.0 0.0 0.0 0.0 0.0 0.0 0.0 0.0 0.0 0.0 0.0 0.0 9.300000000000011 0.0 0.0 9.300000000000011 0.0 0.0 0.3 0.05 0.8 0.3 0.05 0.8 0.5 0.1 0.05
1575 8.469133853912354 0.0 0.0 0.0 0.0 0.0 0.0 0.0 0.0 0.0 0.0 0.0 0.0 0.0 0.0 0.0 0.0 0.0 0.0 0.0 0.0 0.0 0.0 0.0 9.300000000000011 0.0 0.0 9.300000000000011 0.0 0.0 0.3 0.05 0.8 0.3 0.05 0.8 0.5 0.1 0.05
1576 8.474409818649292 0.0 0.0 0.0 0.0 0.0 0.0 0.0 0.0 0.0 0.0 0.0 0.0 0.0 0.0 0.0 0.0 0.0 0.0 0.0 0.0 0.0 0.0 0.0 9.300000000000011 0.0 0.0 9.300000000000011 0.0 0.0 0.3 0.05 0.8 0.3 0.05 0.8 0.5 0.1 0.05
1577 8.47965693473816 0.0 0.0 0.0 0.0 0.0 0.0 0.0 0.0 0.0 0.0 0.0 0.0 0.0 0.0 0.0 0.0 0.0 0.0 0.0 0.0 0.0 0.0 0.0 9.300000000000011 0.0 0.0 9.300000000000011 0.0 0.0 0.3 0.05 0.8 0.3 0.05 0.8 0.5 0.1 0.05
1578 8.484882354736328 0.0 0.0 0.0 0.0 0.0 0.0 0.0 0.0 0.0 0.0 0.0 0.0 0.0 0.0 0.0 0.0 0.0 0.0 0.0 0.0 0.0 0.0 0.0 9.300000000000011 0.0 0.0 9.300000000000011 0.0 0.0 0.3 0.05 0.8 0.3 0.05 0.8 0.5 0.1 0.05
1579 8.490236759185791 0.0 0.0 0.0 0.0 0.0 0.0 0.0 0.0 0.0 0.0 0.0 0.0 0.0 0.0 0.0 0.0 0.0 0.0 0.0 0.0 0.0 0.0 0.0 9.300000000000011 0.0 0.0 9.300000000000011 0.0 0.0 0.3 0.05 0.8 0.3 0.05 0.8 0.5 0.1 0.05
1580 8.495517015457153 0.0 0.0 0.0 0.0 0.0 0.0 0.0 0.0 0.0 0.0 0.0 0.0 0.0 0.0 0.0 0.0 0.0 0.0 0.0 0.0 0.0 0.0 0.0 9.300000000000011 0.0 0.0 9.300000000000011 0.0 0.0 0.3 0.05 0.8 0.3 0.05 0.8 0.5 0.1 0.05
1581 8.500864744186401 0.0 0.0 0.0 0.0 0.0 0.0 0.0 0.0 0.0 0.0 0.0 0.0 0.0 0.0 0.0 0.0 0.0 0.0 0.0 0.0 0.0 0.0 0.0 9.300000000000011 0.0 0.0 9.300000000000011 0.0 0.0 0.3 0.05 0.8 0.3 0.05 0.8 0.5 0.1 0.05
1582 8.506213903427124 0.0 0.0 0.0 0.0 0.0 0.0 0.0 0.0 0.0 0.0 0.0 0.0 0.0 0.0 0.0 0.0 0.0 0.0 0.0 0.0 0.0 0.0 0.0 9.300000000000011 0.0 0.0 9.300000000000011 0.0 0.0 0.3 0.05 0.8 0.3 0.05 0.8 0.5 0.1 0.05
1583 8.511512756347656 0.0 0.0 0.0 0.0 0.0 0.0 0.0 0.0 0.0 0.0 0.0 0.0 0.0 0.0 0.0 0.0 0.0 0.0 0.0 0.0 0.0 0.0 0.0 9.300000000000011 0.0 0.0 9.300000000000011 0.0 0.0 0.3 0.05 0.8 0.3 0.05 0.8 0.5 0.1 0.05
1584 8.516732454299927 0.0 0.0 0.0 0.0 0.0 0.0 0.0 0.0 0.0 0.0 0.0 0.0 0.0 0.0 0.0 0.0 0.0 0.0 0.0 0.0 0.0 0.0 0.0 9.300000000000011 0.0 0.0 9.300000000000011 0.0 0.0 0.3 0.05 0.8 0.3 0.05 0.8 0.5 0.1 0.05
1585 8.522051095962524 0.0 0.0 0.0 0.0 0.0 0.0 0.0 0.0 0.0 0.0 0.0 0.0 0.0 0.0 0.0 0.0 0.0 0.0 0.0 0.0 0.0 0.0 0.0 9.300000000000011 0.0 0.0 9.300000000000011 0.0 0.0 0.3 0.05 0.8 0.3 0.05 0.8 0.5 0.1 0.05
1586 8.527356386184692 0.0 0.0 0.0 0.0 0.0 0.0 0.0 0.0 0.0 0.0 0.0 0.0 0.0 0.0 0.0 0.0 0.0 0.0 0.0 0.0 0.0 0.0 0.0 9.300000000000011 0.0 0.0 9.300000000000011 0.0 0.0 0.3 0.05 0.8 0.3 0.05 0.8 0.5 0.1 0.05
1587 8.532653093338013 0.0 0.0 0.0 0.0 0.0 0.0 0.0 0.0 0.0 0.0 0.0 0.0 0.0 0.0 0.0 0.0 0.0 0.0 0.0 0.0 0.0 0.0 0.0 9.300000000000011 0.0 0.0 9.300000000000011 0.0 0.0 0.3 0.05 0.8 0.3 0.05 0.8 0.5 0.1 0.05
1588 8.537968158721924 0.0 0.0 0.0 0.0 0.0 0.0 0.0 0.0 0.0 0.0 0.0 0.0 0.0 0.0 0.0 0.0 0.0 0.0 0.0 0.0 0.0 0.0 0.0 9.300000000000011 0.0 0.0 9.300000000000011 0.0 0.0 0.3 0.05 0.8 0.3 0.05 0.8 0.5 0.1 0.05
1589 8.543184757232666 0.0 0.0 0.0 0.0 0.0 0.0 0.0 0.0 0.0 0.0 0.0 0.0 0.0 0.0 0.0 0.0 0.0 0.0 0.0 0.0 0.0 0.0 0.0 9.300000000000011 0.0 0.0 9.300000000000011 0.0 0.0 0.3 0.05 0.8 0.3 0.05 0.8 0.5 0.1 0.05
1590 8.548401594161987 0.0 0.0 0.0 0.0 0.0 0.0 0.0 0.0 0.0 0.0 0.0 0.0 0.0 0.0 0.0 0.0 0.0 0.0 0.0 0.0 0.0 0.0 0.0 9.300000000000011 0.0 0.0 9.300000000000011 0.0 0.0 0.3 0.05 0.8 0.3 0.05 0.8 0.5 0.1 0.05
1591 8.554130792617798 0.0 0.0 0.0 0.0 0.0 0.0 0.0 0.0 0.0 0.0 0.0 0.0 0.0 0.0 0.0 0.0 0.0 0.0 0.0 0.0 0.0 0.0 0.0 9.300000000000011 0.0 0.0 9.300000000000011 0.0 0.0 0.3 0.05 0.8 0.3 0.05 0.8 0.5 0.1 0.05
1592 8.559581279754639 0.0 0.0 0.0 0.0 0.0 0.0 0.0 0.0 0.0 0.0 0.0 0.0 0.0 0.0 0.0 0.0 0.0 0.0 0.0 0.0 0.0 0.0 0.0 9.300000000000011 0.0 0.0 9.300000000000011 0.0 0.0 0.3 0.05 0.8 0.3 0.05 0.8 0.5 0.1 0.05
1593 8.564980745315552 0.0 0.0 0.0 0.0 0.0 0.0 0.0 0.0 0.0 0.0 0.0 0.0 0.0 0.0 0.0 0.0 0.0 0.0 0.0 0.0 0.0 0.0 0.0 9.300000000000011 0.0 0.0 9.300000000000011 0.0 0.0 0.3 0.05 0.8 0.3 0.05 0.8 0.5 0.1 0.05
1594 8.570252656936646 0.0 0.0 0.0 0.0 0.0 0.0 0.0 0.0 0.0 0.0 0.0 0.0 0.0 0.0 0.0 0.0 0.0 0.0 0.0 0.0 0.0 0.0 0.0 9.300000000000011 0.0 0.0 9.300000000000011 0.0 0.0 0.3 0.05 0.8 0.3 0.05 0.8 0.5 0.1 0.05
1595 8.575561046600342 0.0 0.0 0.0 0.0 0.0 0.0 0.0 0.0 0.0 0.0 0.0 0.0 0.0 0.0 0.0 0.0 0.0 0.0 0.0 0.0 0.0 0.0 0.0 9.300000000000011 0.0 0.0 9.300000000000011 0.0 0.0 0.3 0.05 0.8 0.3 0.05 0.8 0.5 0.1 0.05
1596 8.580822229385376 0.0 0.0 0.0 0.0 0.0 0.0 0.0 0.0 0.0 0.0 0.0 0.0 0.0 0.0 0.0 0.0 0.0 0.0 0.0 0.0 0.0 0.0 0.0 9.300000000000011 0.0 0.0 9.300000000000011 0.0 0.0 0.3 0.05 0.8 0.3 0.05 0.8 0.5 0.1 0.05
1597 8.586120367050171 0.0 0.0 0.0 0.0 0.0 0.0 0.0 0.0 0.0 0.0 0.0 0.0 0.0 0.0 0.0 0.0 0.0 0.0 0.0 0.0 0.0 0.0 0.0 9.300000000000011 0.0 0.0 9.300000000000011 0.0 0.0 0.3 0.05 0.8 0.3 0.05 0.8 0.5 0.1 0.05
1598 8.59134292602539 0.0 0.0 0.0 0.0 0.0 0.0 0.0 0.0 0.0 0.0 0.0 0.0 0.0 0.0 0.0 0.0 0.0 0.0 0.0 0.0 0.0 0.0 0.0 9.300000000000011 0.0 0.0 9.300000000000011 0.0 0.0 0.3 0.05 0.8 0.3 0.05 0.8 0.5 0.1 0.05
1599 8.596547603607178 0.0 0.0 0.0 0.0 0.0 0.0 0.0 0.0 0.0 0.0 0.0 0.0 0.0 0.0 0.0 0.0 0.0 0.0 0.0 0.0 0.0 0.0 0.0 9.300000000000011 0.0 0.0 9.300000000000011 0.0 0.0 0.3 0.05 0.8 0.3 0.05 0.8 0.5 0.1 0.05
1600 8.601771116256714 0.0 0.0 0.0 0.0 0.0 0.0 0.0 0.0 0.0 0.0 0.0 0.0 0.0 0.0 0.0 0.0 0.0 0.0 0.0 0.0 0.0 0.0 0.0 9.300000000000011 0.0 0.0 9.300000000000011 0.0 0.0 0.3 0.05 0.8 0.3 0.05 0.8 0.5 0.1 0.05
1601 8.60713815689087 0.0 0.0 0.0 0.0 0.0 0.0 0.0 0.0 0.0 0.0 0.0 0.0 0.0 0.0 0.0 0.0 0.0 0.0 0.0 0.0 0.0 0.0 0.0 9.300000000000011 0.0 0.0 9.300000000000011 0.0 0.0 0.3 0.05 0.8 0.3 0.05 0.8 0.5 0.1 0.05
1602 8.612398624420166 0.0 0.0 0.0 0.0 0.0 0.0 0.0 0.0 0.0 0.0 0.0 0.0 0.0 0.0 0.0 0.0 0.0 0.0 0.0 0.0 0.0 0.0 0.0 9.300000000000011 0.0 0.0 9.300000000000011 0.0 0.0 0.3 0.05 0.8 0.3 0.05 0.8 0.5 0.1 0.05
1603 8.617708683013916 0.0 0.0 0.0 0.0 0.0 0.0 0.0 0.0 0.0 0.0 0.0 0.0 0.0 0.0 0.0 0.0 0.0 0.0 0.0 0.0 0.0 0.0 0.0 9.300000000000011 0.0 0.0 9.300000000000011 0.0 0.0 0.3 0.05 0.8 0.3 0.05 0.8 0.5 0.1 0.05
1604 8.622961282730103 0.0 0.0 0.0 0.0 0.0 0.0 0.0 0.0 0.0 0.0 0.0 0.0 0.0 0.0 0.0 0.0 0.0 0.0 0.0 0.0 0.0 0.0 0.0 9.300000000000011 0.0 0.0 9.300000000000011 0.0 0.0 0.3 0.05 0.8 0.3 0.05 0.8 0.5 0.1 0.05
1605 8.628176212310791 0.0 0.0 0.0 0.0 0.0 0.0 0.0 0.0 0.0 0.0 0.0 0.0 0.0 0.0 0.0 0.0 0.0 0.0 0.0 0.0 0.0 0.0 0.0 9.300000000000011 0.0 0.0 9.300000000000011 0.0 0.0 0.3 0.05 0.8 0.3 0.05 0.8 0.5 0.1 0.05
1606 8.633419752120972 0.0 0.0 0.0 0.0 0.0 0.0 0.0 0.0 0.0 0.0 0.0 0.0 0.0 0.0 0.0 0.0 0.0 0.0 0.0 0.0 0.0 0.0 0.0 9.300000000000011 0.0 0.0 9.300000000000011 0.0 0.0 0.3 0.05 0.8 0.3 0.05 0.8 0.5 0.1 0.05
1607 8.6386559009552 0.0 0.0 0.0 0.0 0.0 0.0 0.0 0.0 0.0 0.0 0.0 0.0 0.0 0.0 0.0 0.0 0.0 0.0 0.0 0.0 0.0 0.0 0.0 9.300000000000011 0.0 0.0 9.300000000000011 0.0 0.0 0.3 0.05 0.8 0.3 0.05 0.8 0.5 0.1 0.05
1608 8.643898010253906 0.0 0.0 0.0 0.0 0.0 0.0 0.0 0.0 0.0 0.0 0.0 0.0 0.0 0.0 0.0 0.0 0.0 0.0 0.0 0.0 0.0 0.0 0.0 9.300000000000011 0.0 0.0 9.300000000000011 0.0 0.0 0.3 0.05 0.8 0.3 0.05 0.8 0.5 0.1 0.05
1609 8.649133205413818 0.0 0.0 0.0 0.0 0.0 0.0 0.0 0.0 0.0 0.0 0.0 0.0 0.0 0.0 0.0 0.0 0.0 0.0 0.0 0.0 0.0 0.0 0.0 9.300000000000011 0.0 0.0 9.300000000000011 0.0 0.0 0.3 0.05 0.8 0.3 0.05 0.8 0.5 0.1 0.05
1610 8.654349327087402 0.0 0.0 0.0 0.0 0.0 0.0 0.0 0.0 0.0 0.0 0.0 0.0 0.0 0.0 0.0 0.0 0.0 0.0 0.0 0.0 0.0 0.0 0.0 9.300000000000011 0.0 0.0 9.300000000000011 0.0 0.0 0.3 0.05 0.8 0.3 0.05 0.8 0.5 0.1 0.05
1611 8.659749984741211 0.0 0.0 0.0 0.0 0.0 0.0 0.0 0.0 0.0 0.0 0.0 0.0 0.0 0.0 0.0 0.0 0.0 0.0 0.0 0.0 0.0 0.0 0.0 9.300000000000011 0.0 0.0 9.300000000000011 0.0 0.0 0.3 0.05 0.8 0.3 0.05 0.8 0.5 0.1 0.05
1612 8.665218591690063 0.0 0.0 0.0 0.0 0.0 0.0 0.0 0.0 0.0 0.0 0.0 0.0 0.0 0.0 0.0 0.0 0.0 0.0 0.0 0.0 0.0 0.0 0.0 9.300000000000011 0.0 0.0 9.300000000000011 0.0 0.0 0.3 0.05 0.8 0.3 0.05 0.8 0.5 0.1 0.05
1613 8.670515298843384 0.0 0.0 0.0 0.0 0.0 0.0 0.0 0.0 0.0 0.0 0.0 0.0 0.0 0.0 0.0 0.0 0.0 0.0 0.0 0.0 0.0 0.0 0.0 9.300000000000011 0.0 0.0 9.300000000000011 0.0 0.0 0.3 0.05 0.8 0.3 0.05 0.8 0.5 0.1 0.05
1614 8.675737619400024 0.0 0.0 0.0 0.0 0.0 0.0 0.0 0.0 0.0 0.0 0.0 0.0 0.0 0.0 0.0 0.0 0.0 0.0 0.0 0.0 0.0 0.0 0.0 9.300000000000011 0.0 0.0 9.300000000000011 0.0 0.0 0.3 0.05 0.8 0.3 0.05 0.8 0.5 0.1 0.05
1615 8.68099594116211 0.0 0.0 0.0 0.0 0.0 0.0 0.0 0.0 0.0 0.0 0.0 0.0 0.0 0.0 0.0 0.0 0.0 0.0 0.0 0.0 0.0 0.0 0.0 9.300000000000011 0.0 0.0 9.300000000000011 0.0 0.0 0.3 0.05 0.8 0.3 0.05 0.8 0.5 0.1 0.05
1616 8.686224699020386 0.0 0.0 0.0 0.0 0.0 0.0 0.0 0.0 0.0 0.0 0.0 0.0 0.0 0.0 0.0 0.0 0.0 0.0 0.0 0.0 0.0 0.0 0.0 9.300000000000011 0.0 0.0 9.300000000000011 0.0 0.0 0.3 0.05 0.8 0.3 0.05 0.8 0.5 0.1 0.05
1617 8.691450357437134 0.0 0.0 0.0 0.0 0.0 0.0 0.0 0.0 0.0 0.0 0.0 0.0 0.0 0.0 0.0 0.0 0.0 0.0 0.0 0.0 0.0 0.0 0.0 9.300000000000011 0.0 0.0 9.300000000000011 0.0 0.0 0.3 0.05 0.8 0.3 0.05 0.8 0.5 0.1 0.05
1618 8.696780920028687 0.0 0.0 0.0 0.0 0.0 0.0 0.0 0.0 0.0 0.0 0.0 0.0 0.0 0.0 0.0 0.0 0.0 0.0 0.0 0.0 0.0 0.0 0.0 9.300000000000011 0.0 0.0 9.300000000000011 0.0 0.0 0.3 0.05 0.8 0.3 0.05 0.8 0.5 0.1 0.05
1619 8.702046871185303 0.0 0.0 0.0 0.0 0.0 0.0 0.0 0.0 0.0 0.0 0.0 0.0 0.0 0.0 0.0 0.0 0.0 0.0 0.0 0.0 0.0 0.0 0.0 9.300000000000011 0.0 0.0 9.300000000000011 0.0 0.0 0.3 0.05 0.8 0.3 0.05 0.8 0.5 0.1 0.05
1620 8.707259893417358 0.0 0.0 0.0 0.0 0.0 0.0 0.0 0.0 0.0 0.0 0.0 0.0 0.0 0.0 0.0 0.0 0.0 0.0 0.0 0.0 0.0 0.0 0.0 9.300000000000011 0.0 0.0 9.300000000000011 0.0 0.0 0.3 0.05 0.8 0.3 0.05 0.8 0.5 0.1 0.05
1621 8.712631225585938 0.0 0.0 0.0 0.0 0.0 0.0 0.0 0.0 0.0 0.0 0.0 0.0 0.0 0.0 0.0 0.0 0.0 0.0 0.0 0.0 0.0 0.0 0.0 9.300000000000011 0.0 0.0 9.300000000000011 0.0 0.0 0.3 0.05 0.8 0.3 0.05 0.8 0.5 0.1 0.05
1622 8.717977523803711 0.0 0.0 0.0 0.0 0.0 0.0 0.0 0.0 0.0 0.0 0.0 0.0 0.0 0.0 0.0 0.0 0.0 0.0 0.0 0.0 0.0 0.0 0.0 9.300000000000011 0.0 0.0 9.300000000000011 0.0 0.0 0.3 0.05 0.8 0.3 0.05 0.8 0.5 0.1 0.05
1623 8.72334098815918 0.0 0.0 0.0 0.0 0.0 0.0 0.0 0.0 0.0 0.0 0.0 0.0 0.0 0.0 0.0 0.0 0.0 0.0 0.0 0.0 0.0 0.0 0.0 9.300000000000011 0.0 0.0 9.300000000000011 0.0 0.0 0.3 0.05 0.8 0.3 0.05 0.8 0.5 0.1 0.05
1624 8.728594779968262 0.0 0.0 0.0 0.0 0.0 0.0 0.0 0.0 0.0 0.0 0.0 0.0 0.0 0.0 0.0 0.0 0.0 0.0 0.0 0.0 0.0 0.0 0.0 9.300000000000011 0.0 0.0 9.300000000000011 0.0 0.0 0.3 0.05 0.8 0.3 0.05 0.8 0.5 0.1 0.05
1625 8.733830213546753 0.0 0.0 0.0 0.0 0.0 0.0 0.0 0.0 0.0 0.0 0.0 0.0 0.0 0.0 0.0 0.0 0.0 0.0 0.0 0.0 0.0 0.0 0.0 9.300000000000011 0.0 0.0 9.300000000000011 0.0 0.0 0.3 0.05 0.8 0.3 0.05 0.8 0.5 0.1 0.05
1626 8.739042282104492 0.0 0.0 0.0 0.0 0.0 0.0 0.0 0.0 0.0 0.0 0.0 0.0 0.0 0.0 0.0 0.0 0.0 0.0 0.0 0.0 0.0 0.0 0.0 9.300000000000011 0.0 0.0 9.300000000000011 0.0 0.0 0.3 0.05 0.8 0.3 0.05 0.8 0.5 0.1 0.05
1627 8.744256734848022 0.0 0.0 0.0 0.0 0.0 0.0 0.0 0.0 0.0 0.0 0.0 0.0 0.0 0.0 0.0 0.0 0.0 0.0 0.0 0.0 0.0 0.0 0.0 9.300000000000011 0.0 0.0 9.300000000000011 0.0 0.0 0.3 0.05 0.8 0.3 0.05 0.8 0.5 0.1 0.05
1628 8.749499559402466 0.0 0.0 0.0 0.0 0.0 0.0 0.0 0.0 0.0 0.0 0.0 0.0 0.0 0.0 0.0 0.0 0.0 0.0 0.0 0.0 0.0 0.0 0.0 9.300000000000011 0.0 0.0 9.300000000000011 0.0 0.0 0.3 0.05 0.8 0.3 0.05 0.8 0.5 0.1 0.05
1629 8.754807949066162 0.0 0.0 0.0 0.0 0.0 0.0 0.0 0.0 0.0 0.0 0.0 0.0 0.0 0.0 0.0 0.0 0.0 0.0 0.0 0.0 0.0 0.0 0.0 9.300000000000011 0.0 0.0 9.300000000000011 0.0 0.0 0.3 0.05 0.8 0.3 0.05 0.8 0.5 0.1 0.05
1630 8.760203123092651 0.0 0.0 0.0 0.0 0.0 0.0 0.0 0.0 0.0 0.0 0.0 0.0 0.0 0.0 0.0 0.0 0.0 0.0 0.0 0.0 0.0 0.0 0.0 9.300000000000011 0.0 0.0 9.300000000000011 0.0 0.0 0.3 0.05 0.8 0.3 0.05 0.8 0.5 0.1 0.05
1631 8.765760898590088 0.0 0.0 0.0 0.0 0.0 0.0 0.0 0.0 0.0 0.0 0.0 0.0 0.0 0.0 0.0 0.0 0.0 0.0 0.0 0.0 0.0 0.0 0.0 9.300000000000011 0.0 0.0 9.300000000000011 0.0 0.0 0.3 0.05 0.8 0.3 0.05 0.8 0.5 0.1 0.05
1632 8.771076679229736 0.0 0.0 0.0 0.0 0.0 0.0 0.0 0.0 0.0 0.0 0.0 0.0 0.0 0.0 0.0 0.0 0.0 0.0 0.0 0.0 0.0 0.0 0.0 9.300000000000011 0.0 0.0 9.300000000000011 0.0 0.0 0.3 0.05 0.8 0.3 0.05 0.8 0.5 0.1 0.05
1633 8.776436567306519 0.0 0.0 0.0 0.0 0.0 0.0 0.0 0.0 0.0 0.0 0.0 0.0 0.0 0.0 0.0 0.0 0.0 0.0 0.0 0.0 0.0 0.0 0.0 9.300000000000011 0.0 0.0 9.300000000000011 0.0 0.0 0.3 0.05 0.8 0.3 0.05 0.8 0.5 0.1 0.05
1634 8.781679630279541 0.0 0.0 0.0 0.0 0.0 0.0 0.0 0.0 0.0 0.0 0.0 0.0 0.0 0.0 0.0 0.0 0.0 0.0 0.0 0.0 0.0 0.0 0.0 9.300000000000011 0.0 0.0 9.300000000000011 0.0 0.0 0.3 0.05 0.8 0.3 0.05 0.8 0.5 0.1 0.05
1635 8.78694748878479 0.0 0.0 0.0 0.0 0.0 0.0 0.0 0.0 0.0 0.0 0.0 0.0 0.0 0.0 0.0 0.0 0.0 0.0 0.0 0.0 0.0 0.0 0.0 9.300000000000011 0.0 0.0 9.300000000000011 0.0 0.0 0.3 0.05 0.8 0.3 0.05 0.8 0.5 0.1 0.05
1636 8.792278051376343 0.0 0.0 0.0 0.0 0.0 0.0 0.0 0.0 0.0 0.0 0.0 0.0 0.0 0.0 0.0 0.0 0.0 0.0 0.0 0.0 0.0 0.0 0.0 9.300000000000011 0.0 0.0 9.300000000000011 0.0 0.0 0.3 0.05 0.8 0.3 0.05 0.8 0.5 0.1 0.05
1637 8.797536134719849 0.0 0.0 0.0 0.0 0.0 0.0 0.0 0.0 0.0 0.0 0.0 0.0 0.0 0.0 0.0 0.0 0.0 0.0 0.0 0.0 0.0 0.0 0.0 9.300000000000011 0.0 0.0 9.300000000000011 0.0 0.0 0.3 0.05 0.8 0.3 0.05 0.8 0.5 0.1 0.05
1638 8.802775859832764 0.0 0.0 0.0 0.0 0.0 0.0 0.0 0.0 0.0 0.0 0.0 0.0 0.0 0.0 0.0 0.0 0.0 0.0 0.0 0.0 0.0 0.0 0.0 9.300000000000011 0.0 0.0 9.300000000000011 0.0 0.0 0.3 0.05 0.8 0.3 0.05 0.8 0.5 0.1 0.05
1639 8.808052778244019 0.0 0.0 0.0 0.0 0.0 0.0 0.0 0.0 0.0 0.0 0.0 0.0 0.0 0.0 0.0 0.0 0.0 0.0 0.0 0.0 0.0 0.0 0.0 9.300000000000011 0.0 0.0 9.300000000000011 0.0 0.0 0.3 0.05 0.8 0.3 0.05 0.8 0.5 0.1 0.05
1640 8.81327223777771 0.0 0.0 0.0 0.0 0.0 0.0 0.0 0.0 0.0 0.0 0.0 0.0 0.0 0.0 0.0 0.0 0.0 0.0 0.0 0.0 0.0 0.0 0.0 9.300000000000011 0.0 0.0 9.300000000000011 0.0 0.0 0.3 0.05 0.8 0.3 0.05 0.8 0.5 0.1 0.05
1641 8.81859803199768 0.0 0.0 0.0 0.0 0.0 0.0 0.0 0.0 0.0 0.0 0.0 0.0 0.0 0.0 0.0 0.0 0.0 0.0 0.0 0.0 0.0 0.0 0.0 9.300000000000011 0.0 0.0 9.300000000000011 0.0 0.0 0.3 0.05 0.8 0.3 0.05 0.8 0.5 0.1 0.05
1642 8.823879480361938 0.0 0.0 0.0 0.0 0.0 0.0 0.0 0.0 0.0 0.0 0.0 0.0 0.0 0.0 0.0 0.0 0.0 0.0 0.0 0.0 0.0 0.0 0.0 9.300000000000011 0.0 0.0 9.300000000000011 0.0 0.0 0.3 0.05 0.8 0.3 0.05 0.8 0.5 0.1 0.05
1643 8.829406023025513 0.0 0.0 0.0 0.0 0.0 0.0 0.0 0.0 0.0 0.0 0.0 0.0 0.0 0.0 0.0 0.0 0.0 0.0 0.0 0.0 0.0 0.0 0.0 9.300000000000011 0.0 0.0 9.300000000000011 0.0 0.0 0.3 0.05 0.8 0.3 0.05 0.8 0.5 0.1 0.05
1644 8.83478832244873 0.0 0.0 0.0 0.0 0.0 0.0 0.0 0.0 0.0 0.0 0.0 0.0 0.0 0.0 0.0 0.0 0.0 0.0 0.0 0.0 0.0 0.0 0.0 9.300000000000011 0.0 0.0 9.300000000000011 0.0 0.0 0.3 0.05 0.8 0.3 0.05 0.8 0.5 0.1 0.05
1645 8.840072631835938 0.0 0.0 0.0 0.0 0.0 0.0 0.0 0.0 0.0 0.0 0.0 0.0 0.0 0.0 0.0 0.0 0.0 0.0 0.0 0.0 0.0 0.0 0.0 9.300000000000011 0.0 0.0 9.300000000000011 0.0 0.0 0.3 0.05 0.8 0.3 0.05 0.8 0.5 0.1 0.05
1646 8.845497131347656 0.0 0.0 0.0 0.0 0.0 0.0 0.0 0.0 0.0 0.0 0.0 0.0 0.0 0.0 0.0 0.0 0.0 0.0 0.0 0.0 0.0 0.0 0.0 9.300000000000011 0.0 0.0 9.300000000000011 0.0 0.0 0.3 0.05 0.8 0.3 0.05 0.8 0.5 0.1 0.05
1647 8.85079312324524 0.0 0.0 0.0 0.0 0.0 0.0 0.0 0.0 0.0 0.0 0.0 0.0 0.0 0.0 0.0 0.0 0.0 0.0 0.0 0.0 0.0 0.0 0.0 9.300000000000011 0.0 0.0 9.300000000000011 0.0 0.0 0.3 0.05 0.8 0.3 0.05 0.8 0.5 0.1 0.05
1648 8.856022596359253 0.0 0.0 0.0 0.0 0.0 0.0 0.0 0.0 0.0 0.0 0.0 0.0 0.0 0.0 0.0 0.0 0.0 0.0 0.0 0.0 0.0 0.0 0.0 9.300000000000011 0.0 0.0 9.300000000000011 0.0 0.0 0.3 0.05 0.8 0.3 0.05 0.8 0.5 0.1 0.05
1649 8.861255168914795 0.0 0.0 0.0 0.0 0.0 0.0 0.0 0.0 0.0 0.0 0.0 0.0 0.0 0.0 0.0 0.0 0.0 0.0 0.0 0.0 0.0 0.0 0.0 9.300000000000011 0.0 0.0 9.300000000000011 0.0 0.0 0.3 0.05 0.8 0.3 0.05 0.8 0.5 0.1 0.05
1650 8.866603374481201 0.0 0.0 0.0 0.0 0.0 0.0 0.0 0.0 0.0 0.0 0.0 0.0 0.0 0.0 0.0 0.0 0.0 0.0 0.0 0.0 0.0 0.0 0.0 9.300000000000011 0.0 0.0 9.300000000000011 0.0 0.0 0.3 0.05 0.8 0.3 0.05 0.8 0.5 0.1 0.05
1651 8.872078657150269 0.0 0.0 0.0 0.0 0.0 0.0 0.0 0.0 0.0 0.0 0.0 0.0 0.0 0.0 0.0 0.0 0.0 0.0 0.0 0.0 0.0 0.0 0.0 9.300000000000011 0.0 0.0 9.300000000000011 0.0 0.0 0.3 0.05 0.8 0.3 0.05 0.8 0.5 0.1 0.05
1652 8.87737512588501 0.0 0.0 0.0 0.0 0.0 0.0 0.0 0.0 0.0 0.0 0.0 0.0 0.0 0.0 0.0 0.0 0.0 0.0 0.0 0.0 0.0 0.0 0.0 9.300000000000011 0.0 0.0 9.300000000000011 0.0 0.0 0.3 0.05 0.8 0.3 0.05 0.8 0.5 0.1 0.05
1653 8.882729291915894 0.0 0.0 0.0 0.0 0.0 0.0 0.0 0.0 0.0 0.0 0.0 0.0 0.0 0.0 0.0 0.0 0.0 0.0 0.0 0.0 0.0 0.0 0.0 9.300000000000011 0.0 0.0 9.300000000000011 0.0 0.0 0.3 0.05 0.8 0.3 0.05 0.8 0.5 0.1 0.05
1654 8.88803768157959 0.0 0.0 0.0 0.0 0.0 0.0 0.0 0.0 0.0 0.0 0.0 0.0 0.0 0.0 0.0 0.0 0.0 0.0 0.0 0.0 0.0 0.0 0.0 9.300000000000011 0.0 0.0 9.300000000000011 0.0 0.0 0.3 0.05 0.8 0.3 0.05 0.8 0.5 0.1 0.05
1655 8.893311500549316 0.0 0.0 0.0 0.0 0.0 0.0 0.0 0.0 0.0 0.0 0.0 0.0 0.0 0.0 0.0 0.0 0.0 0.0 0.0 0.0 0.0 0.0 0.0 9.300000000000011 0.0 0.0 9.300000000000011 0.0 0.0 0.3 0.05 0.8 0.3 0.05 0.8 0.5 0.1 0.05
1656 8.898639917373657 0.0 0.0 0.0 0.0 0.0 0.0 0.0 0.0 0.0 0.0 0.0 0.0 0.0 0.0 0.0 0.0 0.0 0.0 0.0 0.0 0.0 0.0 0.0 9.300000000000011 0.0 0.0 9.300000000000011 0.0 0.0 0.3 0.05 0.8 0.3 0.05 0.8 0.5 0.1 0.05
1657 8.90389633178711 0.0 0.0 0.0 0.0 0.0 0.0 0.0 0.0 0.0 0.0 0.0 0.0 0.0 0.0 0.0 0.0 0.0 0.0 0.0 0.0 0.0 0.0 0.0 9.300000000000011 0.0 0.0 9.300000000000011 0.0 0.0 0.3 0.05 0.8 0.3 0.05 0.8 0.5 0.1 0.05
1658 8.909117937088013 0.0 0.0 0.0 0.0 0.0 0.0 0.0 0.0 0.0 0.0 0.0 0.0 0.0 0.0 0.0 0.0 0.0 0.0 0.0 0.0 0.0 0.0 0.0 9.300000000000011 0.0 0.0 9.300000000000011 0.0 0.0 0.3 0.05 0.8 0.3 0.05 0.8 0.5 0.1 0.05
1659 8.914482593536377 0.0 0.0 0.0 0.0 0.0 0.0 0.0 0.0 0.0 0.0 0.0 0.0 0.0 0.0 0.0 0.0 0.0 0.0 0.0 0.0 0.0 0.0 0.0 9.300000000000011 0.0 0.0 9.300000000000011 0.0 0.0 0.3 0.05 0.8 0.3 0.05 0.8 0.5 0.1 0.05
1660 8.919794082641602 0.0 0.0 0.0 0.0 0.0 0.0 0.0 0.0 0.0 0.0 0.0 0.0 0.0 0.0 0.0 0.0 0.0 0.0 0.0 0.0 0.0 0.0 0.0 9.300000000000011 0.0 0.0 9.300000000000011 0.0 0.0 0.3 0.05 0.8 0.3 0.05 0.8 0.5 0.1 0.05
1661 8.92514944076538 0.0 0.0 0.0 0.0 0.0 0.0 0.0 0.0 0.0 0.0 0.0 0.0 0.0 0.0 0.0 0.0 0.0 0.0 0.0 0.0 0.0 0.0 0.0 9.300000000000011 0.0 0.0 9.300000000000011 0.0 0.0 0.3 0.05 0.8 0.3 0.05 0.8 0.5 0.1 0.05
1662 8.930570602416992 0.0 0.0 0.0 0.0 0.0 0.0 0.0 0.0 0.0 0.0 0.0 0.0 0.0 0.0 0.0 0.0 0.0 0.0 0.0 0.0 0.0 0.0 0.0 9.300000000000011 0.0 0.0 9.300000000000011 0.0 0.0 0.3 0.05 0.8 0.3 0.05 0.8 0.5 0.1 0.05
1663 8.935867071151733 0.0 0.0 0.0 0.0 0.0 0.0 0.0 0.0 0.0 0.0 0.0 0.0 0.0 0.0 0.0 0.0 0.0 0.0 0.0 0.0 0.0 0.0 0.0 9.300000000000011 0.0 0.0 9.300000000000011 0.0 0.0 0.3 0.05 0.8 0.3 0.05 0.8 0.5 0.1 0.05
1664 8.941085815429688 0.0 0.0 0.0 0.0 0.0 0.0 0.0 0.0 0.0 0.0 0.0 0.0 0.0 0.0 0.0 0.0 0.0 0.0 0.0 0.0 0.0 0.0 0.0 9.300000000000011 0.0 0.0 9.300000000000011 0.0 0.0 0.3 0.05 0.8 0.3 0.05 0.8 0.5 0.1 0.05
1665 8.946304082870483 0.0 0.0 0.0 0.0 0.0 0.0 0.0 0.0 0.0 0.0 0.0 0.0 0.0 0.0 0.0 0.0 0.0 0.0 0.0 0.0 0.0 0.0 0.0 9.300000000000011 0.0 0.0 9.300000000000011 0.0 0.0 0.3 0.05 0.8 0.3 0.05 0.8 0.5 0.1 0.05
1666 8.951597213745117 0.0 0.0 0.0 0.0 0.0 0.0 0.0 0.0 0.0 0.0 0.0 0.0 0.0 0.0 0.0 0.0 0.0 0.0 0.0 0.0 0.0 0.0 0.0 9.300000000000011 0.0 0.0 9.300000000000011 0.0 0.0 0.3 0.05 0.8 0.3 0.05 0.8 0.5 0.1 0.05
1667 8.956886768341064 0.0 0.0 0.0 0.0 0.0 0.0 0.0 0.0 0.0 0.0 0.0 0.0 0.0 0.0 0.0 0.0 0.0 0.0 0.0 0.0 0.0 0.0 0.0 9.300000000000011 0.0 0.0 9.300000000000011 0.0 0.0 0.3 0.05 0.8 0.3 0.05 0.8 0.5 0.1 0.05
1668 8.96221137046814 0.0 0.0 0.0 0.0 0.0 0.0 0.0 0.0 0.0 0.0 0.0 0.0 0.0 0.0 0.0 0.0 0.0 0.0 0.0 0.0 0.0 0.0 0.0 9.300000000000011 0.0 0.0 9.300000000000011 0.0 0.0 0.3 0.05 0.8 0.3 0.05 0.8 0.5 0.1 0.05
1669 8.967487573623657 0.0 0.0 0.0 0.0 0.0 0.0 0.0 0.0 0.0 0.0 0.0 0.0 0.0 0.0 0.0 0.0 0.0 0.0 0.0 0.0 0.0 0.0 0.0 9.300000000000011 0.0 0.0 9.300000000000011 0.0 0.0 0.3 0.05 0.8 0.3 0.05 0.8 0.5 0.1 0.05
1670 8.972874164581299 0.0 0.0 0.0 0.0 0.0 0.0 0.0 0.0 0.0 0.0 0.0 0.0 0.0 0.0 0.0 0.0 0.0 0.0 0.0 0.0 0.0 0.0 0.0 9.300000000000011 0.0 0.0 9.300000000000011 0.0 0.0 0.3 0.05 0.8 0.3 0.05 0.8 0.5 0.1 0.05
1671 8.978343725204468 0.0 0.0 0.0 0.0 0.0 0.0 0.0 0.0 0.0 0.0 0.0 0.0 0.0 0.0 0.0 0.0 0.0 0.0 0.0 0.0 0.0 0.0 0.0 9.300000000000011 0.0 0.0 9.300000000000011 0.0 0.0 0.3 0.05 0.8 0.3 0.05 0.8 0.5 0.1 0.05
1672 8.983669519424438 0.0 0.0 0.0 0.0 0.0 0.0 0.0 0.0 0.0 0.0 0.0 0.0 0.0 0.0 0.0 0.0 0.0 0.0 0.0 0.0 0.0 0.0 0.0 9.300000000000011 0.0 0.0 9.300000000000011 0.0 0.0 0.3 0.05 0.8 0.3 0.05 0.8 0.5 0.1 0.05
1673 8.988984823226929 0.0 0.0 0.0 0.0 0.0 0.0 0.0 0.0 0.0 0.0 0.0 0.0 0.0 0.0 0.0 0.0 0.0 0.0 0.0 0.0 0.0 0.0 0.0 9.300000000000011 0.0 0.0 9.300000000000011 0.0 0.0 0.3 0.05 0.8 0.3 0.05 0.8 0.5 0.1 0.05
1674 8.9942307472229 0.0 0.0 0.0 0.0 0.0 0.0 0.0 0.0 0.0 0.0 0.0 0.0 0.0 0.0 0.0 0.0 0.0 0.0 0.0 0.0 0.0 0.0 0.0 9.300000000000011 0.0 0.0 9.300000000000011 0.0 0.0 0.3 0.05 0.8 0.3 0.05 0.8 0.5 0.1 0.05
1675 8.99946641921997 0.0 0.0 0.0 0.0 0.0 0.0 0.0 0.0 0.0 0.0 0.0 0.0 0.0 0.0 0.0 0.0 0.0 0.0 0.0 0.0 0.0 0.0 0.0 9.300000000000011 0.0 0.0 9.300000000000011 0.0 0.0 0.3 0.05 0.8 0.3 0.05 0.8 0.5 0.1 0.05
1676 9.004682779312134 0.0 0.0 0.0 0.0 0.0 0.0 0.0 0.0 0.0 0.0 0.0 0.0 0.0 0.0 0.0 0.0 0.0 0.0 0.0 0.0 0.0 0.0 0.0 9.300000000000011 0.0 0.0 9.300000000000011 0.0 0.0 0.3 0.05 0.8 0.3 0.05 0.8 0.5 0.1 0.05
1677 9.009934902191162 0.0 0.0 0.0 0.0 0.0 0.0 0.0 0.0 0.0 0.0 0.0 0.0 0.0 0.0 0.0 0.0 0.0 0.0 0.0 0.0 0.0 0.0 0.0 9.300000000000011 0.0 0.0 9.300000000000011 0.0 0.0 0.3 0.05 0.8 0.3 0.05 0.8 0.5 0.1 0.05
1678 9.01517391204834 0.0 0.0 0.0 0.0 0.0 0.0 0.0 0.0 0.0 0.0 0.0 0.0 0.0 0.0 0.0 0.0 0.0 0.0 0.0 0.0 0.0 0.0 0.0 9.300000000000011 0.0 0.0 9.300000000000011 0.0 0.0 0.3 0.05 0.8 0.3 0.05 0.8 0.5 0.1 0.05
1679 9.020526885986328 0.0 0.0 0.0 0.0 0.0 0.0 0.0 0.0 0.0 0.0 0.0 0.0 0.0 0.0 0.0 0.0 0.0 0.0 0.0 0.0 0.0 0.0 0.0 9.300000000000011 0.0 0.0 9.300000000000011 0.0 0.0 0.3 0.05 0.8 0.3 0.05 0.8 0.5 0.1 0.05
1680 9.025815486907959 0.0 0.0 0.0 0.0 0.0 0.0 0.0 0.0 0.0 0.0 0.0 0.0 0.0 0.0 0.0 0.0 0.0 0.0 0.0 0.0 0.0 0.0 0.0 9.300000000000011 0.0 0.0 9.300000000000011 0.0 0.0 0.3 0.05 0.8 0.3 0.05 0.8 0.5 0.1 0.05
1681 9.031192302703857 0.0 0.0 0.0 0.0 0.0 0.0 0.0 0.0 0.0 0.0 0.0 0.0 0.0 0.0 0.0 0.0 0.0 0.0 0.0 0.0 0.0 0.0 0.0 9.300000000000011 0.0 0.0 9.300000000000011 0.0 0.0 0.3 0.05 0.8 0.3 0.05 0.8 0.5 0.1 0.05
1682 9.036500692367554 0.0 0.0 0.0 0.0 0.0 0.0 0.0 0.0 0.0 0.0 0.0 0.0 0.0 0.0 0.0 0.0 0.0 0.0 0.0 0.0 0.0 0.0 0.0 9.300000000000011 0.0 0.0 9.300000000000011 0.0 0.0 0.3 0.05 0.8 0.3 0.05 0.8 0.5 0.1 0.05
1683 9.041804790496826 0.0 0.0 0.0 0.0 0.0 0.0 0.0 0.0 0.0 0.0 0.0 0.0 0.0 0.0 0.0 0.0 0.0 0.0 0.0 0.0 0.0 0.0 0.0 9.300000000000011 0.0 0.0 9.300000000000011 0.0 0.0 0.3 0.05 0.8 0.3 0.05 0.8 0.5 0.1 0.05
1684 9.047079801559448 0.0 0.0 0.0 0.0 0.0 0.0 0.0 0.0 0.0 0.0 0.0 0.0 0.0 0.0 0.0 0.0 0.0 0.0 0.0 0.0 0.0 0.0 0.0 9.300000000000011 0.0 0.0 9.300000000000011 0.0 0.0 0.3 0.05 0.8 0.3 0.05 0.8 0.5 0.1 0.05
1685 9.052317142486572 0.0 0.0 0.0 0.0 0.0 0.0 0.0 0.0 0.0 0.0 0.0 0.0 0.0 0.0 0.0 0.0 0.0 0.0 0.0 0.0 0.0 0.0 0.0 9.300000000000011 0.0 0.0 9.300000000000011 0.0 0.0 0.3 0.05 0.8 0.3 0.05 0.8 0.5 0.1 0.05
1686 9.057546854019165 0.0 0.0 0.0 0.0 0.0 0.0 0.0 0.0 0.0 0.0 0.0 0.0 0.0 0.0 0.0 0.0 0.0 0.0 0.0 0.0 0.0 0.0 0.0 9.300000000000011 0.0 0.0 9.300000000000011 0.0 0.0 0.3 0.05 0.8 0.3 0.05 0.8 0.5 0.1 0.05
1687 9.062875032424927 0.0 0.0 0.0 0.0 0.0 0.0 0.0 0.0 0.0 0.0 0.0 0.0 0.0 0.0 0.0 0.0 0.0 0.0 0.0 0.0 0.0 0.0 0.0 9.300000000000011 0.0 0.0 9.300000000000011 0.0 0.0 0.3 0.05 0.8 0.3 0.05 0.8 0.5 0.1 0.05
1688 9.068163394927979 0.0 0.0 0.0 0.0 0.0 0.0 0.0 0.0 0.0 0.0 0.0 0.0 0.0 0.0 0.0 0.0 0.0 0.0 0.0 0.0 0.0 0.0 0.0 9.300000000000011 0.0 0.0 9.300000000000011 0.0 0.0 0.3 0.05 0.8 0.3 0.05 0.8 0.5 0.1 0.05
1689 9.073557615280151 0.0 0.0 0.0 0.0 0.0 0.0 0.0 0.0 0.0 0.0 0.0 0.0 0.0 0.0 0.0 0.0 0.0 0.0 0.0 0.0 0.0 0.0 0.0 9.300000000000011 0.0 0.0 9.300000000000011 0.0 0.0 0.3 0.05 0.8 0.3 0.05 0.8 0.5 0.1 0.05
1690 9.078863620758057 0.0 0.0 0.0 0.0 0.0 0.0 0.0 0.0 0.0 0.0 0.0 0.0 0.0 0.0 0.0 0.0 0.0 0.0 0.0 0.0 0.0 0.0 0.0 9.300000000000011 0.0 0.0 9.300000000000011 0.0 0.0 0.3 0.05 0.8 0.3 0.05 0.8 0.5 0.1 0.05
1691 9.084205865859985 0.0 0.0 0.0 0.0 0.0 0.0 0.0 0.0 0.0 0.0 0.0 0.0 0.0 0.0 0.0 0.0 0.0 0.0 0.0 0.0 0.0 0.0 0.0 9.300000000000011 0.0 0.0 9.300000000000011 0.0 0.0 0.3 0.05 0.8 0.3 0.05 0.8 0.5 0.1 0.05
1692 9.089483499526978 0.0 0.0 0.0 0.0 0.0 0.0 0.0 0.0 0.0 0.0 0.0 0.0 0.0 0.0 0.0 0.0 0.0 0.0 0.0 0.0 0.0 0.0 0.0 9.300000000000011 0.0 0.0 9.300000000000011 0.0 0.0 0.3 0.05 0.8 0.3 0.05 0.8 0.5 0.1 0.05
1693 9.094838857650757 0.0 0.0 0.0 0.0 0.0 0.0 0.0 0.0 0.0 0.0 0.0 0.0 0.0 0.0 0.0 0.0 0.0 0.0 0.0 0.0 0.0 0.0 0.0 9.300000000000011 0.0 0.0 9.300000000000011 0.0 0.0 0.3 0.05 0.8 0.3 0.05 0.8 0.5 0.1 0.05
1694 9.100093603134155 0.0 0.0 0.0 0.0 0.0 0.0 0.0 0.0 0.0 0.0 0.0 0.0 0.0 0.0 0.0 0.0 0.0 0.0 0.0 0.0 0.0 0.0 0.0 9.300000000000011 0.0 0.0 9.300000000000011 0.0 0.0 0.3 0.05 0.8 0.3 0.05 0.8 0.5 0.1 0.05
1695 9.105457067489624 0.0 0.0 0.0 0.0 0.0 0.0 0.0 0.0 0.0 0.0 0.0 0.0 0.0 0.0 0.0 0.0 0.0 0.0 0.0 0.0 0.0 0.0 0.0 9.300000000000011 0.0 0.0 9.300000000000011 0.0 0.0 0.3 0.05 0.8 0.3 0.05 0.8 0.5 0.1 0.05
1696 9.110714673995972 0.0 0.0 0.0 0.0 0.0 0.0 0.0 0.0 0.0 0.0 0.0 0.0 0.0 0.0 0.0 0.0 0.0 0.0 0.0 0.0 0.0 0.0 0.0 9.300000000000011 0.0 0.0 9.300000000000011 0.0 0.0 0.3 0.05 0.8 0.3 0.05 0.8 0.5 0.1 0.05
1697 9.115991830825806 0.0 0.0 0.0 0.0 0.0 0.0 0.0 0.0 0.0 0.0 0.0 0.0 0.0 0.0 0.0 0.0 0.0 0.0 0.0 0.0 0.0 0.0 0.0 9.300000000000011 0.0 0.0 9.300000000000011 0.0 0.0 0.3 0.05 0.8 0.3 0.05 0.8 0.5 0.1 0.05
1698 9.121289253234863 0.0 0.0 0.0 0.0 0.0 0.0 0.0 0.0 0.0 0.0 0.0 0.0 0.0 0.0 0.0 0.0 0.0 0.0 0.0 0.0 0.0 0.0 0.0 9.300000000000011 0.0 0.0 9.300000000000011 0.0 0.0 0.3 0.05 0.8 0.3 0.05 0.8 0.5 0.1 0.05
1699 9.126543998718262 0.0 0.0 0.0 0.0 0.0 0.0 0.0 0.0 0.0 0.0 0.0 0.0 0.0 0.0 0.0 0.0 0.0 0.0 0.0 0.0 0.0 0.0 0.0 9.300000000000011 0.0 0.0 9.300000000000011 0.0 0.0 0.3 0.05 0.8 0.3 0.05 0.8 0.5 0.1 0.05
1700 9.131765127182007 0.0 0.0 0.0 0.0 0.0 0.0 0.0 0.0 0.0 0.0 0.0 0.0 0.0 0.0 0.0 0.0 0.0 0.0 0.0 0.0 0.0 0.0 0.0 9.300000000000011 0.0 0.0 9.300000000000011 0.0 0.0 0.3 0.05 0.8 0.3 0.05 0.8 0.5 0.1 0.05
1701 9.137076616287231 0.0 0.0 0.0 0.0 0.0 0.0 0.0 0.0 0.0 0.0 0.0 0.0 0.0 0.0 0.0 0.0 0.0 0.0 0.0 0.0 0.0 0.0 0.0 9.300000000000011 0.0 0.0 9.300000000000011 0.0 0.0 0.3 0.05 0.8 0.3 0.05 0.8 0.5 0.1 0.05
1702 9.142346382141113 0.0 0.0 0.0 0.0 0.0 0.0 0.0 0.0 0.0 0.0 0.0 0.0 0.0 0.0 0.0 0.0 0.0 0.0 0.0 0.0 0.0 0.0 0.0 9.300000000000011 0.0 0.0 9.300000000000011 0.0 0.0 0.3 0.05 0.8 0.3 0.05 0.8 0.5 0.1 0.05
1703 9.14765739440918 0.0 0.0 0.0 0.0 0.0 0.0 0.0 0.0 0.0 0.0 0.0 0.0 0.0 0.0 0.0 0.0 0.0 0.0 0.0 0.0 0.0 0.0 0.0 9.300000000000011 0.0 0.0 9.300000000000011 0.0 0.0 0.3 0.05 0.8 0.3 0.05 0.8 0.5 0.1 0.05
1704 9.152924537658691 0.0 0.0 0.0 0.0 0.0 0.0 0.0 0.0 0.0 0.0 0.0 0.0 0.0 0.0 0.0 0.0 0.0 0.0 0.0 0.0 0.0 0.0 0.0 9.300000000000011 0.0 0.0 9.300000000000011 0.0 0.0 0.3 0.05 0.8 0.3 0.05 0.8 0.5 0.1 0.05
1705 9.158316612243652 0.0 0.0 0.0 0.0 0.0 0.0 0.0 0.0 0.0 0.0 0.0 0.0 0.0 0.0 0.0 0.0 0.0 0.0 0.0 0.0 0.0 0.0 0.0 9.300000000000011 0.0 0.0 9.300000000000011 0.0 0.0 0.3 0.05 0.8 0.3 0.05 0.8 0.5 0.1 0.05
1706 9.16368317604065 0.0 0.0 0.0 0.0 0.0 0.0 0.0 0.0 0.0 0.0 0.0 0.0 0.0 0.0 0.0 0.0 0.0 0.0 0.0 0.0 0.0 0.0 0.0 9.300000000000011 0.0 0.0 9.300000000000011 0.0 0.0 0.3 0.05 0.8 0.3 0.05 0.8 0.5 0.1 0.05
1707 9.16895079612732 0.0 0.0 0.0 0.0 0.0 0.0 0.0 0.0 0.0 0.0 0.0 0.0 0.0 0.0 0.0 0.0 0.0 0.0 0.0 0.0 0.0 0.0 0.0 9.300000000000011 0.0 0.0 9.300000000000011 0.0 0.0 0.3 0.05 0.8 0.3 0.05 0.8 0.5 0.1 0.05
1708 9.174206018447876 0.0 0.0 0.0 0.0 0.0 0.0 0.0 0.0 0.0 0.0 0.0 0.0 0.0 0.0 0.0 0.0 0.0 0.0 0.0 0.0 0.0 0.0 0.0 9.300000000000011 0.0 0.0 9.300000000000011 0.0 0.0 0.3 0.05 0.8 0.3 0.05 0.8 0.5 0.1 0.05
1709 9.179585933685303 0.0 0.0 0.0 0.0 0.0 0.0 0.0 0.0 0.0 0.0 0.0 0.0 0.0 0.0 0.0 0.0 0.0 0.0 0.0 0.0 0.0 0.0 0.0 9.300000000000011 0.0 0.0 9.300000000000011 0.0 0.0 0.3 0.05 0.8 0.3 0.05 0.8 0.5 0.1 0.05
1710 9.184908628463745 0.0 0.0 0.0 0.0 0.0 0.0 0.0 0.0 0.0 0.0 0.0 0.0 0.0 0.0 0.0 0.0 0.0 0.0 0.0 0.0 0.0 0.0 0.0 9.300000000000011 0.0 0.0 9.300000000000011 0.0 0.0 0.3 0.05 0.8 0.3 0.05 0.8 0.5 0.1 0.05
1711 9.190285921096802 0.0 0.0 0.0 0.0 0.0 0.0 0.0 0.0 0.0 0.0 0.0 0.0 0.0 0.0 0.0 0.0 0.0 0.0 0.0 0.0 0.0 0.0 0.0 9.300000000000011 0.0 0.0 9.300000000000011 0.0 0.0 0.3 0.05 0.8 0.3 0.05 0.8 0.5 0.1 0.05
1712 9.19554591178894 0.0 0.0 0.0 0.0 0.0 0.0 0.0 0.0 0.0 0.0 0.0 0.0 0.0 0.0 0.0 0.0 0.0 0.0 0.0 0.0 0.0 0.0 0.0 9.300000000000011 0.0 0.0 9.300000000000011 0.0 0.0 0.3 0.05 0.8 0.3 0.05 0.8 0.5 0.1 0.05
1713 9.200866222381592 0.0 0.0 0.0 0.0 0.0 0.0 0.0 0.0 0.0 0.0 0.0 0.0 0.0 0.0 0.0 0.0 0.0 0.0 0.0 0.0 0.0 0.0 0.0 9.300000000000011 0.0 0.0 9.300000000000011 0.0 0.0 0.3 0.05 0.8 0.3 0.05 0.8 0.5 0.1 0.05
1714 9.206115245819092 0.0 0.0 0.0 0.0 0.0 0.0 0.0 0.0 0.0 0.0 0.0 0.0 0.0 0.0 0.0 0.0 0.0 0.0 0.0 0.0 0.0 0.0 0.0 9.300000000000011 0.0 0.0 9.300000000000011 0.0 0.0 0.3 0.05 0.8 0.3 0.05 0.8 0.5 0.1 0.05
1715 9.211358547210693 0.0 0.0 0.0 0.0 0.0 0.0 0.0 0.0 0.0 0.0 0.0 0.0 0.0 0.0 0.0 0.0 0.0 0.0 0.0 0.0 0.0 0.0 0.0 9.300000000000011 0.0 0.0 9.300000000000011 0.0 0.0 0.3 0.05 0.8 0.3 0.05 0.8 0.5 0.1 0.05
1716 9.216577053070068 0.0 0.0 0.0 0.0 0.0 0.0 0.0 0.0 0.0 0.0 0.0 0.0 0.0 0.0 0.0 0.0 0.0 0.0 0.0 0.0 0.0 0.0 0.0 9.300000000000011 0.0 0.0 9.300000000000011 0.0 0.0 0.3 0.05 0.8 0.3 0.05 0.8 0.5 0.1 0.05
1717 9.221855401992798 0.0 0.0 0.0 0.0 0.0 0.0 0.0 0.0 0.0 0.0 0.0 0.0 0.0 0.0 0.0 0.0 0.0 0.0 0.0 0.0 0.0 0.0 0.0 9.300000000000011 0.0 0.0 9.300000000000011 0.0 0.0 0.3 0.05 0.8 0.3 0.05 0.8 0.5 0.1 0.05
1718 9.227200984954834 0.0 0.0 0.0 0.0 0.0 0.0 0.0 0.0 0.0 0.0 0.0 0.0 0.0 0.0 0.0 0.0 0.0 0.0 0.0 0.0 0.0 0.0 0.0 9.300000000000011 0.0 0.0 9.300000000000011 0.0 0.0 0.3 0.05 0.8 0.3 0.05 0.8 0.5 0.1 0.05
1719 9.232467412948608 0.0 0.0 0.0 0.0 0.0 0.0 0.0 0.0 0.0 0.0 0.0 0.0 0.0 0.0 0.0 0.0 0.0 0.0 0.0 0.0 0.0 0.0 0.0 9.300000000000011 0.0 0.0 9.300000000000011 0.0 0.0 0.3 0.05 0.8 0.3 0.05 0.8 0.5 0.1 0.05
1720 9.237709999084473 0.0 0.0 0.0 0.0 0.0 0.0 0.0 0.0 0.0 0.0 0.0 0.0 0.0 0.0 0.0 0.0 0.0 0.0 0.0 0.0 0.0 0.0 0.0 9.300000000000011 0.0 0.0 9.300000000000011 0.0 0.0 0.3 0.05 0.8 0.3 0.05 0.8 0.5 0.1 0.05
1721 9.243206262588501 0.0 0.0 0.0 0.0 0.0 0.0 0.0 0.0 0.0 0.0 0.0 0.0 0.0 0.0 0.0 0.0 0.0 0.0 0.0 0.0 0.0 0.0 0.0 9.300000000000011 0.0 0.0 9.300000000000011 0.0 0.0 0.3 0.05 0.8 0.3 0.05 0.8 0.5 0.1 0.05
1722 9.248496532440186 0.0 0.0 0.0 0.0 0.0 0.0 0.0 0.0 0.0 0.0 0.0 0.0 0.0 0.0 0.0 0.0 0.0 0.0 0.0 0.0 0.0 0.0 0.0 9.300000000000011 0.0 0.0 9.300000000000011 0.0 0.0 0.3 0.05 0.8 0.3 0.05 0.8 0.5 0.1 0.05
1723 9.253852605819702 0.0 0.0 0.0 0.0 0.0 0.0 0.0 0.0 0.0 0.0 0.0 0.0 0.0 0.0 0.0 0.0 0.0 0.0 0.0 0.0 0.0 0.0 0.0 9.300000000000011 0.0 0.0 9.300000000000011 0.0 0.0 0.3 0.05 0.8 0.3 0.05 0.8 0.5 0.1 0.05
1724 9.25910234451294 0.0 0.0 0.0 0.0 0.0 0.0 0.0 0.0 0.0 0.0 0.0 0.0 0.0 0.0 0.0 0.0 0.0 0.0 0.0 0.0 0.0 0.0 0.0 9.300000000000011 0.0 0.0 9.300000000000011 0.0 0.0 0.3 0.05 0.8 0.3 0.05 0.8 0.5 0.1 0.05
1725 9.264380931854248 0.0 0.0 0.0 0.0 0.0 0.0 0.0 0.0 0.0 0.0 0.0 0.0 0.0 0.0 0.0 0.0 0.0 0.0 0.0 0.0 0.0 0.0 0.0 9.300000000000011 0.0 0.0 9.300000000000011 0.0 0.0 0.3 0.05 0.8 0.3 0.05 0.8 0.5 0.1 0.05
1726 9.26961612701416 0.0 0.0 0.0 0.0 0.0 0.0 0.0 0.0 0.0 0.0 0.0 0.0 0.0 0.0 0.0 0.0 0.0 0.0 0.0 0.0 0.0 0.0 0.0 9.300000000000011 0.0 0.0 9.300000000000011 0.0 0.0 0.3 0.05 0.8 0.3 0.05 0.8 0.5 0.1 0.05
1727 9.274870872497559 0.0 0.0 0.0 0.0 0.0 0.0 0.0 0.0 0.0 0.0 0.0 0.0 0.0 0.0 0.0 0.0 0.0 0.0 0.0 0.0 0.0 0.0 0.0 9.300000000000011 0.0 0.0 9.300000000000011 0.0 0.0 0.3 0.05 0.8 0.3 0.05 0.8 0.5 0.1 0.05
1728 9.280355215072632 0.0 0.0 0.0 0.0 0.0 0.0 0.0 0.0 0.0 0.0 0.0 0.0 0.0 0.0 0.0 0.0 0.0 0.0 0.0 0.0 0.0 0.0 0.0 9.300000000000011 0.0 0.0 9.300000000000011 0.0 0.0 0.3 0.05 0.8 0.3 0.05 0.8 0.5 0.1 0.05
1729 9.285627126693726 0.0 0.0 0.0 0.0 0.0 0.0 0.0 0.0 0.0 0.0 0.0 0.0 0.0 0.0 0.0 0.0 0.0 0.0 0.0 0.0 0.0 0.0 0.0 9.300000000000011 0.0 0.0 9.300000000000011 0.0 0.0 0.3 0.05 0.8 0.3 0.05 0.8 0.5 0.1 0.05
1730 9.290920734405518 0.0 0.0 0.0 0.0 0.0 0.0 0.0 0.0 0.0 0.0 0.0 0.0 0.0 0.0 0.0 0.0 0.0 0.0 0.0 0.0 0.0 0.0 0.0 9.300000000000011 0.0 0.0 9.300000000000011 0.0 0.0 0.3 0.05 0.8 0.3 0.05 0.8 0.5 0.1 0.05
1731 9.296734809875488 0.0 0.0 0.0 0.0 0.0 0.0 0.0 0.0 0.0 0.0 0.0 0.0 0.0 0.0 0.0 0.0 0.0 0.0 0.0 0.0 0.0 0.0 0.0 9.300000000000011 0.0 0.0 9.300000000000011 0.0 0.0 0.3 0.05 0.8 0.3 0.05 0.8 0.5 0.1 0.05
1732 9.302125215530396 0.0 0.0 0.0 0.0 0.0 0.0 0.0 0.0 0.0 0.0 0.0 0.0 0.0 0.0 0.0 0.0 0.0 0.0 0.0 0.0 0.0 0.0 0.0 9.300000000000011 0.0 0.0 9.300000000000011 0.0 0.0 0.3 0.05 0.8 0.3 0.05 0.8 0.5 0.1 0.05
1733 9.307427406311035 0.0 0.0 0.0 0.0 0.0 0.0 0.0 0.0 0.0 0.0 0.0 0.0 0.0 0.0 0.0 0.0 0.0 0.0 0.0 0.0 0.0 0.0 0.0 9.300000000000011 0.0 0.0 9.300000000000011 0.0 0.0 0.3 0.05 0.8 0.3 0.05 0.8 0.5 0.1 0.05
1734 9.312670946121216 0.0 0.0 0.0 0.0 0.0 0.0 0.0 0.0 0.0 0.0 0.0 0.0 0.0 0.0 0.0 0.0 0.0 0.0 0.0 0.0 0.0 0.0 0.0 9.300000000000011 0.0 0.0 9.300000000000011 0.0 0.0 0.3 0.05 0.8 0.3 0.05 0.8 0.5 0.1 0.05
1735 9.31795620918274 0.0 0.0 0.0 0.0 0.0 0.0 0.0 0.0 0.0 0.0 0.0 0.0 0.0 0.0 0.0 0.0 0.0 0.0 0.0 0.0 0.0 0.0 0.0 9.300000000000011 0.0 0.0 9.300000000000011 0.0 0.0 0.3 0.05 0.8 0.3 0.05 0.8 0.5 0.1 0.05
1736 9.323201417922974 0.0 0.0 0.0 0.0 0.0 0.0 0.0 0.0 0.0 0.0 0.0 0.0 0.0 0.0 0.0 0.0 0.0 0.0 0.0 0.0 0.0 0.0 0.0 9.300000000000011 0.0 0.0 9.300000000000011 0.0 0.0 0.3 0.05 0.8 0.3 0.05 0.8 0.5 0.1 0.05
1737 9.328426361083984 0.0 0.0 0.0 0.0 0.0 0.0 0.0 0.0 0.0 0.0 0.0 0.0 0.0 0.0 0.0 0.0 0.0 0.0 0.0 0.0 0.0 0.0 0.0 9.300000000000011 0.0 0.0 9.300000000000011 0.0 0.0 0.3 0.05 0.8 0.3 0.05 0.8 0.5 0.1 0.05
1738 9.333645343780518 0.0 0.0 0.0 0.0 0.0 0.0 0.0 0.0 0.0 0.0 0.0 0.0 0.0 0.0 0.0 0.0 0.0 0.0 0.0 0.0 0.0 0.0 0.0 9.300000000000011 0.0 0.0 9.300000000000011 0.0 0.0 0.3 0.05 0.8 0.3 0.05 0.8 0.5 0.1 0.05
1739 9.33885645866394 0.0 0.0 0.0 0.0 0.0 0.0 0.0 0.0 0.0 0.0 0.0 0.0 0.0 0.0 0.0 0.0 0.0 0.0 0.0 0.0 0.0 0.0 0.0 9.300000000000011 0.0 0.0 9.300000000000011 0.0 0.0 0.3 0.05 0.8 0.3 0.05 0.8 0.5 0.1 0.05
1740 9.34410548210144 0.0 0.0 0.0 0.0 0.0 0.0 0.0 0.0 0.0 0.0 0.0 0.0 0.0 0.0 0.0 0.0 0.0 0.0 0.0 0.0 0.0 0.0 0.0 9.300000000000011 0.0 0.0 9.300000000000011 0.0 0.0 0.3 0.05 0.8 0.3 0.05 0.8 0.5 0.1 0.05
1741 9.349442720413208 0.0 0.0 0.0 0.0 0.0 0.0 0.0 0.0 0.0 0.0 0.0 0.0 0.0 0.0 0.0 0.0 0.0 0.0 0.0 0.0 0.0 0.0 0.0 9.300000000000011 0.0 0.0 9.300000000000011 0.0 0.0 0.3 0.05 0.8 0.3 0.05 0.8 0.5 0.1 0.05
1742 9.354797601699829 0.0 0.0 0.0 0.0 0.0 0.0 0.0 0.0 0.0 0.0 0.0 0.0 0.0 0.0 0.0 0.0 0.0 0.0 0.0 0.0 0.0 0.0 0.0 9.300000000000011 0.0 0.0 9.300000000000011 0.0 0.0 0.3 0.05 0.8 0.3 0.05 0.8 0.5 0.1 0.05
1743 9.360153198242188 0.0 0.0 0.0 0.0 0.0 0.0 0.0 0.0 0.0 0.0 0.0 0.0 0.0 0.0 0.0 0.0 0.0 0.0 0.0 0.0 0.0 0.0 0.0 9.300000000000011 0.0 0.0 9.300000000000011 0.0 0.0 0.3 0.05 0.8 0.3 0.05 0.8 0.5 0.1 0.05
1744 9.365482091903687 0.0 0.0 0.0 0.0 0.0 0.0 0.0 0.0 0.0 0.0 0.0 0.0 0.0 0.0 0.0 0.0 0.0 0.0 0.0 0.0 0.0 0.0 0.0 9.300000000000011 0.0 0.0 9.300000000000011 0.0 0.0 0.3 0.05 0.8 0.3 0.05 0.8 0.5 0.1 0.05
1745 9.370744466781616 0.0 0.0 0.0 0.0 0.0 0.0 0.0 0.0 0.0 0.0 0.0 0.0 0.0 0.0 0.0 0.0 0.0 0.0 0.0 0.0 0.0 0.0 0.0 9.300000000000011 0.0 0.0 9.300000000000011 0.0 0.0 0.3 0.05 0.8 0.3 0.05 0.8 0.5 0.1 0.05
1746 9.376155376434326 0.0 0.0 0.0 0.0 0.0 0.0 0.0 0.0 0.0 0.0 0.0 0.0 0.0 0.0 0.0 0.0 0.0 0.0 0.0 0.0 0.0 0.0 0.0 9.300000000000011 0.0 0.0 9.300000000000011 0.0 0.0 0.3 0.05 0.8 0.3 0.05 0.8 0.5 0.1 0.05
1747 9.38156509399414 0.0 0.0 0.0 0.0 0.0 0.0 0.0 0.0 0.0 0.0 0.0 0.0 0.0 0.0 0.0 0.0 0.0 0.0 0.0 0.0 0.0 0.0 0.0 9.300000000000011 0.0 0.0 9.300000000000011 0.0 0.0 0.3 0.05 0.8 0.3 0.05 0.8 0.5 0.1 0.05
1748 9.386878728866577 0.0 0.0 0.0 0.0 0.0 0.0 0.0 0.0 0.0 0.0 0.0 0.0 0.0 0.0 0.0 0.0 0.0 0.0 0.0 0.0 0.0 0.0 0.0 9.300000000000011 0.0 0.0 9.300000000000011 0.0 0.0 0.3 0.05 0.8 0.3 0.05 0.8 0.5 0.1 0.05
1749 9.392137289047241 0.0 0.0 0.0 0.0 0.0 0.0 0.0 0.0 0.0 0.0 0.0 0.0 0.0 0.0 0.0 0.0 0.0 0.0 0.0 0.0 0.0 0.0 0.0 9.300000000000011 0.0 0.0 9.300000000000011 0.0 0.0 0.3 0.05 0.8 0.3 0.05 0.8 0.5 0.1 0.05
1750 9.39746618270874 0.0 0.0 0.0 0.0 0.0 0.0 0.0 0.0 0.0 0.0 0.0 0.0 0.0 0.0 0.0 0.0 0.0 0.0 0.0 0.0 0.0 0.0 0.0 9.300000000000011 0.0 0.0 9.300000000000011 0.0 0.0 0.3 0.05 0.8 0.3 0.05 0.8 0.5 0.1 0.05
1751 9.402892827987671 0.0 0.0 0.0 0.0 0.0 0.0 0.0 0.0 0.0 0.0 0.0 0.0 0.0 0.0 0.0 0.0 0.0 0.0 0.0 0.0 0.0 0.0 0.0 9.300000000000011 0.0 0.0 9.300000000000011 0.0 0.0 0.3 0.05 0.8 0.3 0.05 0.8 0.5 0.1 0.05
1752 9.40819263458252 0.0 0.0 0.0 0.0 0.0 0.0 0.0 0.0 0.0 0.0 0.0 0.0 0.0 0.0 0.0 0.0 0.0 0.0 0.0 0.0 0.0 0.0 0.0 9.300000000000011 0.0 0.0 9.300000000000011 0.0 0.0 0.3 0.05 0.8 0.3 0.05 0.8 0.5 0.1 0.05
1753 9.413504123687744 0.0 0.0 0.0 0.0 0.0 0.0 0.0 0.0 0.0 0.0 0.0 0.0 0.0 0.0 0.0 0.0 0.0 0.0 0.0 0.0 0.0 0.0 0.0 9.300000000000011 0.0 0.0 9.300000000000011 0.0 0.0 0.3 0.05 0.8 0.3 0.05 0.8 0.5 0.1 0.05
1754 9.418744325637817 0.0 0.0 0.0 0.0 0.0 0.0 0.0 0.0 0.0 0.0 0.0 0.0 0.0 0.0 0.0 0.0 0.0 0.0 0.0 0.0 0.0 0.0 0.0 9.300000000000011 0.0 0.0 9.300000000000011 0.0 0.0 0.3 0.05 0.8 0.3 0.05 0.8 0.5 0.1 0.05
1755 9.423954010009766 0.0 0.0 0.0 0.0 0.0 0.0 0.0 0.0 0.0 0.0 0.0 0.0 0.0 0.0 0.0 0.0 0.0 0.0 0.0 0.0 0.0 0.0 0.0 9.300000000000011 0.0 0.0 9.300000000000011 0.0 0.0 0.3 0.05 0.8 0.3 0.05 0.8 0.5 0.1 0.05
1756 9.42916750907898 0.0 0.0 0.0 0.0 0.0 0.0 0.0 0.0 0.0 0.0 0.0 0.0 0.0 0.0 0.0 0.0 0.0 0.0 0.0 0.0 0.0 0.0 0.0 9.300000000000011 0.0 0.0 9.300000000000011 0.0 0.0 0.3 0.05 0.8 0.3 0.05 0.8 0.5 0.1 0.05
1757 9.434397459030151 0.0 0.0 0.0 0.0 0.0 0.0 0.0 0.0 0.0 0.0 0.0 0.0 0.0 0.0 0.0 0.0 0.0 0.0 0.0 0.0 0.0 0.0 0.0 9.300000000000011 0.0 0.0 9.300000000000011 0.0 0.0 0.3 0.05 0.8 0.3 0.05 0.8 0.5 0.1 0.05
1758 9.439756631851196 0.0 0.0 0.0 0.0 0.0 0.0 0.0 0.0 0.0 0.0 0.0 0.0 0.0 0.0 0.0 0.0 0.0 0.0 0.0 0.0 0.0 0.0 0.0 9.300000000000011 0.0 0.0 9.300000000000011 0.0 0.0 0.3 0.05 0.8 0.3 0.05 0.8 0.5 0.1 0.05
1759 9.445114612579346 0.0 0.0 0.0 0.0 0.0 0.0 0.0 0.0 0.0 0.0 0.0 0.0 0.0 0.0 0.0 0.0 0.0 0.0 0.0 0.0 0.0 0.0 0.0 9.300000000000011 0.0 0.0 9.300000000000011 0.0 0.0 0.3 0.05 0.8 0.3 0.05 0.8 0.5 0.1 0.05
1760 9.450385570526123 0.0 0.0 0.0 0.0 0.0 0.0 0.0 0.0 0.0 0.0 0.0 0.0 0.0 0.0 0.0 0.0 0.0 0.0 0.0 0.0 0.0 0.0 0.0 9.300000000000011 0.0 0.0 9.300000000000011 0.0 0.0 0.3 0.05 0.8 0.3 0.05 0.8 0.5 0.1 0.05
1761 9.455763578414917 0.0 0.0 0.0 0.0 0.0 0.0 0.0 0.0 0.0 0.0 0.0 0.0 0.0 0.0 0.0 0.0 0.0 0.0 0.0 0.0 0.0 0.0 0.0 9.300000000000011 0.0 0.0 9.300000000000011 0.0 0.0 0.3 0.05 0.8 0.3 0.05 0.8 0.5 0.1 0.05
1762 9.461139678955078 0.0 0.0 0.0 0.0 0.0 0.0 0.0 0.0 0.0 0.0 0.0 0.0 0.0 0.0 0.0 0.0 0.0 0.0 0.0 0.0 0.0 0.0 0.0 9.300000000000011 0.0 0.0 9.300000000000011 0.0 0.0 0.3 0.05 0.8 0.3 0.05 0.8 0.5 0.1 0.05
1763 9.466438055038452 0.0 0.0 0.0 0.0 0.0 0.0 0.0 0.0 0.0 0.0 0.0 0.0 0.0 0.0 0.0 0.0 0.0 0.0 0.0 0.0 0.0 0.0 0.0 9.300000000000011 0.0 0.0 9.300000000000011 0.0 0.0 0.3 0.05 0.8 0.3 0.05 0.8 0.5 0.1 0.05
1764 9.471664667129517 0.0 0.0 0.0 0.0 0.0 0.0 0.0 0.0 0.0 0.0 0.0 0.0 0.0 0.0 0.0 0.0 0.0 0.0 0.0 0.0 0.0 0.0 0.0 9.300000000000011 0.0 0.0 9.300000000000011 0.0 0.0 0.3 0.05 0.8 0.3 0.05 0.8 0.5 0.1 0.05
1765 9.476864576339722 0.0 0.0 0.0 0.0 0.0 0.0 0.0 0.0 0.0 0.0 0.0 0.0 0.0 0.0 0.0 0.0 0.0 0.0 0.0 0.0 0.0 0.0 0.0 9.300000000000011 0.0 0.0 9.300000000000011 0.0 0.0 0.3 0.05 0.8 0.3 0.05 0.8 0.5 0.1 0.05
1766 9.482105016708374 0.0 0.0 0.0 0.0 0.0 0.0 0.0 0.0 0.0 0.0 0.0 0.0 0.0 0.0 0.0 0.0 0.0 0.0 0.0 0.0 0.0 0.0 0.0 9.300000000000011 0.0 0.0 9.300000000000011 0.0 0.0 0.3 0.05 0.8 0.3 0.05 0.8 0.5 0.1 0.05
1767 9.487465620040894 0.0 0.0 0.0 0.0 0.0 0.0 0.0 0.0 0.0 0.0 0.0 0.0 0.0 0.0 0.0 0.0 0.0 0.0 0.0 0.0 0.0 0.0 0.0 9.300000000000011 0.0 0.0 9.300000000000011 0.0 0.0 0.3 0.05 0.8 0.3 0.05 0.8 0.5 0.1 0.05
1768 9.492719888687134 0.0 0.0 0.0 0.0 0.0 0.0 0.0 0.0 0.0 0.0 0.0 0.0 0.0 0.0 0.0 0.0 0.0 0.0 0.0 0.0 0.0 0.0 0.0 9.300000000000011 0.0 0.0 9.300000000000011 0.0 0.0 0.3 0.05 0.8 0.3 0.05 0.8 0.5 0.1 0.05
1769 9.497990131378174 0.0 0.0 0.0 0.0 0.0 0.0 0.0 0.0 0.0 0.0 0.0 0.0 0.0 0.0 0.0 0.0 0.0 0.0 0.0 0.0 0.0 0.0 0.0 9.300000000000011 0.0 0.0 9.300000000000011 0.0 0.0 0.3 0.05 0.8 0.3 0.05 0.8 0.5 0.1 0.05
1770 9.503315210342407 0.0 0.0 0.0 0.0 0.0 0.0 0.0 0.0 0.0 0.0 0.0 0.0 0.0 0.0 0.0 0.0 0.0 0.0 0.0 0.0 0.0 0.0 0.0 9.300000000000011 0.0 0.0 9.300000000000011 0.0 0.0 0.3 0.05 0.8 0.3 0.05 0.8 0.5 0.1 0.05
1771 9.508665323257446 0.0 0.0 0.0 0.0 0.0 0.0 0.0 0.0 0.0 0.0 0.0 0.0 0.0 0.0 0.0 0.0 0.0 0.0 0.0 0.0 0.0 0.0 0.0 9.300000000000011 0.0 0.0 9.300000000000011 0.0 0.0 0.3 0.05 0.8 0.3 0.05 0.8 0.5 0.1 0.05
1772 9.513944864273071 0.0 0.0 0.0 0.0 0.0 0.0 0.0 0.0 0.0 0.0 0.0 0.0 0.0 0.0 0.0 0.0 0.0 0.0 0.0 0.0 0.0 0.0 0.0 9.300000000000011 0.0 0.0 9.300000000000011 0.0 0.0 0.3 0.05 0.8 0.3 0.05 0.8 0.5 0.1 0.05
1773 9.519298791885376 0.0 0.0 0.0 0.0 0.0 0.0 0.0 0.0 0.0 0.0 0.0 0.0 0.0 0.0 0.0 0.0 0.0 0.0 0.0 0.0 0.0 0.0 0.0 9.300000000000011 0.0 0.0 9.300000000000011 0.0 0.0 0.3 0.05 0.8 0.3 0.05 0.8 0.5 0.1 0.05
1774 9.524658441543579 0.0 0.0 0.0 0.0 0.0 0.0 0.0 0.0 0.0 0.0 0.0 0.0 0.0 0.0 0.0 0.0 0.0 0.0 0.0 0.0 0.0 0.0 0.0 9.300000000000011 0.0 0.0 9.300000000000011 0.0 0.0 0.3 0.05 0.8 0.3 0.05 0.8 0.5 0.1 0.05
1775 9.529962539672852 0.0 0.0 0.0 0.0 0.0 0.0 0.0 0.0 0.0 0.0 0.0 0.0 0.0 0.0 0.0 0.0 0.0 0.0 0.0 0.0 0.0 0.0 0.0 9.300000000000011 0.0 0.0 9.300000000000011 0.0 0.0 0.3 0.05 0.8 0.3 0.05 0.8 0.5 0.1 0.05
1776 9.535182476043701 0.0 0.0 0.0 0.0 0.0 0.0 0.0 0.0 0.0 0.0 0.0 0.0 0.0 0.0 0.0 0.0 0.0 0.0 0.0 0.0 0.0 0.0 0.0 9.300000000000011 0.0 0.0 9.300000000000011 0.0 0.0 0.3 0.05 0.8 0.3 0.05 0.8 0.5 0.1 0.05
1777 9.540393829345703 0.0 0.0 0.0 0.0 0.0 0.0 0.0 0.0 0.0 0.0 0.0 0.0 0.0 0.0 0.0 0.0 0.0 0.0 0.0 0.0 0.0 0.0 0.0 9.300000000000011 0.0 0.0 9.300000000000011 0.0 0.0 0.3 0.05 0.8 0.3 0.05 0.8 0.5 0.1 0.05
1778 9.545684337615967 0.0 0.0 0.0 0.0 0.0 0.0 0.0 0.0 0.0 0.0 0.0 0.0 0.0 0.0 0.0 0.0 0.0 0.0 0.0 0.0 0.0 0.0 0.0 9.300000000000011 0.0 0.0 9.300000000000011 0.0 0.0 0.3 0.05 0.8 0.3 0.05 0.8 0.5 0.1 0.05
1779 9.550954580307007 0.0 0.0 0.0 0.0 0.0 0.0 0.0 0.0 0.0 0.0 0.0 0.0 0.0 0.0 0.0 0.0 0.0 0.0 0.0 0.0 0.0 0.0 0.0 9.300000000000011 0.0 0.0 9.300000000000011 0.0 0.0 0.3 0.05 0.8 0.3 0.05 0.8 0.5 0.1 0.05
1780 9.556204557418823 0.0 0.0 0.0 0.0 0.0 0.0 0.0 0.0 0.0 0.0 0.0 0.0 0.0 0.0 0.0 0.0 0.0 0.0 0.0 0.0 0.0 0.0 0.0 9.300000000000011 0.0 0.0 9.300000000000011 0.0 0.0 0.3 0.05 0.8 0.3 0.05 0.8 0.5 0.1 0.05
1781 9.561622381210327 0.0 0.0 0.0 0.0 0.0 0.0 0.0 0.0 0.0 0.0 0.0 0.0 0.0 0.0 0.0 0.0 0.0 0.0 0.0 0.0 0.0 0.0 0.0 9.300000000000011 0.0 0.0 9.300000000000011 0.0 0.0 0.3 0.05 0.8 0.3 0.05 0.8 0.5 0.1 0.05
1782 9.566924810409546 0.0 0.0 0.0 0.0 0.0 0.0 0.0 0.0 0.0 0.0 0.0 0.0 0.0 0.0 0.0 0.0 0.0 0.0 0.0 0.0 0.0 0.0 0.0 9.300000000000011 0.0 0.0 9.300000000000011 0.0 0.0 0.3 0.05 0.8 0.3 0.05 0.8 0.5 0.1 0.05
1783 9.572222232818604 0.0 0.0 0.0 0.0 0.0 0.0 0.0 0.0 0.0 0.0 0.0 0.0 0.0 0.0 0.0 0.0 0.0 0.0 0.0 0.0 0.0 0.0 0.0 9.300000000000011 0.0 0.0 9.300000000000011 0.0 0.0 0.3 0.05 0.8 0.3 0.05 0.8 0.5 0.1 0.05
1784 9.577547073364258 0.0 0.0 0.0 0.0 0.0 0.0 0.0 0.0 0.0 0.0 0.0 0.0 0.0 0.0 0.0 0.0 0.0 0.0 0.0 0.0 0.0 0.0 0.0 9.300000000000011 0.0 0.0 9.300000000000011 0.0 0.0 0.3 0.05 0.8 0.3 0.05 0.8 0.5 0.1 0.05
1785 9.582801342010498 0.0 0.0 0.0 0.0 0.0 0.0 0.0 0.0 0.0 0.0 0.0 0.0 0.0 0.0 0.0 0.0 0.0 0.0 0.0 0.0 0.0 0.0 0.0 9.300000000000011 0.0 0.0 9.300000000000011 0.0 0.0 0.3 0.05 0.8 0.3 0.05 0.8 0.5 0.1 0.05
1786 9.58821415901184 0.0 0.0 0.0 0.0 0.0 0.0 0.0 0.0 0.0 0.0 0.0 0.0 0.0 0.0 0.0 0.0 0.0 0.0 0.0 0.0 0.0 0.0 0.0 9.300000000000011 0.0 0.0 9.300000000000011 0.0 0.0 0.3 0.05 0.8 0.3 0.05 0.8 0.5 0.1 0.05
1787 9.593518733978271 0.0 0.0 0.0 0.0 0.0 0.0 0.0 0.0 0.0 0.0 0.0 0.0 0.0 0.0 0.0 0.0 0.0 0.0 0.0 0.0 0.0 0.0 0.0 9.300000000000011 0.0 0.0 9.300000000000011 0.0 0.0 0.3 0.05 0.8 0.3 0.05 0.8 0.5 0.1 0.05
1788 9.59879755973816 0.0 0.0 0.0 0.0 0.0 0.0 0.0 0.0 0.0 0.0 0.0 0.0 0.0 0.0 0.0 0.0 0.0 0.0 0.0 0.0 0.0 0.0 0.0 9.300000000000011 0.0 0.0 9.300000000000011 0.0 0.0 0.3 0.05 0.8 0.3 0.05 0.8 0.5 0.1 0.05
1789 9.60406494140625 0.0 0.0 0.0 0.0 0.0 0.0 0.0 0.0 0.0 0.0 0.0 0.0 0.0 0.0 0.0 0.0 0.0 0.0 0.0 0.0 0.0 0.0 0.0 9.300000000000011 0.0 0.0 9.300000000000011 0.0 0.0 0.3 0.05 0.8 0.3 0.05 0.8 0.5 0.1 0.05
1790 9.609357595443726 0.0 0.0 0.0 0.0 0.0 0.0 0.0 0.0 0.0 0.0 0.0 0.0 0.0 0.0 0.0 0.0 0.0 0.0 0.0 0.0 0.0 0.0 0.0 9.300000000000011 0.0 0.0 9.300000000000011 0.0 0.0 0.3 0.05 0.8 0.3 0.05 0.8 0.5 0.1 0.05
1791 9.61491584777832 0.0 0.0 0.0 0.0 0.0 0.0 0.0 0.0 0.0 0.0 0.0 0.0 0.0 0.0 0.0 0.0 0.0 0.0 0.0 0.0 0.0 0.0 0.0 9.300000000000011 0.0 0.0 9.300000000000011 0.0 0.0 0.3 0.05 0.8 0.3 0.05 0.8 0.5 0.1 0.05
1792 9.620434045791626 0.0 0.0 0.0 0.0 0.0 0.0 0.0 0.0 0.0 0.0 0.0 0.0 0.0 0.0 0.0 0.0 0.0 0.0 0.0 0.0 0.0 0.0 0.0 9.300000000000011 0.0 0.0 9.300000000000011 0.0 0.0 0.3 0.05 0.8 0.3 0.05 0.8 0.5 0.1 0.05
1793 9.625844717025757 0.0 0.0 0.0 0.0 0.0 0.0 0.0 0.0 0.0 0.0 0.0 0.0 0.0 0.0 0.0 0.0 0.0 0.0 0.0 0.0 0.0 0.0 0.0 9.300000000000011 0.0 0.0 9.300000000000011 0.0 0.0 0.3 0.05 0.8 0.3 0.05 0.8 0.5 0.1 0.05
1794 9.631085634231567 0.0 0.0 0.0 0.0 0.0 0.0 0.0 0.0 0.0 0.0 0.0 0.0 0.0 0.0 0.0 0.0 0.0 0.0 0.0 0.0 0.0 0.0 0.0 9.300000000000011 0.0 0.0 9.300000000000011 0.0 0.0 0.3 0.05 0.8 0.3 0.05 0.8 0.5 0.1 0.05
1795 9.636439561843872 0.0 0.0 0.0 0.0 0.0 0.0 0.0 0.0 0.0 0.0 0.0 0.0 0.0 0.0 0.0 0.0 0.0 0.0 0.0 0.0 0.0 0.0 0.0 9.300000000000011 0.0 0.0 9.300000000000011 0.0 0.0 0.3 0.05 0.8 0.3 0.05 0.8 0.5 0.1 0.05
1796 9.641725301742554 0.0 0.0 0.0 0.0 0.0 0.0 0.0 0.0 0.0 0.0 0.0 0.0 0.0 0.0 0.0 0.0 0.0 0.0 0.0 0.0 0.0 0.0 0.0 9.300000000000011 0.0 0.0 9.300000000000011 0.0 0.0 0.3 0.05 0.8 0.3 0.05 0.8 0.5 0.1 0.05
1797 9.646965980529785 0.0 0.0 0.0 0.0 0.0 0.0 0.0 0.0 0.0 0.0 0.0 0.0 0.0 0.0 0.0 0.0 0.0 0.0 0.0 0.0 0.0 0.0 0.0 9.300000000000011 0.0 0.0 9.300000000000011 0.0 0.0 0.3 0.05 0.8 0.3 0.05 0.8 0.5 0.1 0.05
1798 9.652241706848145 0.0 0.0 0.0 0.0 0.0 0.0 0.0 0.0 0.0 0.0 0.0 0.0 0.0 0.0 0.0 0.0 0.0 0.0 0.0 0.0 0.0 0.0 0.0 9.300000000000011 0.0 0.0 9.300000000000011 0.0 0.0 0.3 0.05 0.8 0.3 0.05 0.8 0.5 0.1 0.05
1799 9.657596826553345 0.0 0.0 0.0 0.0 0.0 0.0 0.0 0.0 0.0 0.0 0.0 0.0 0.0 0.0 0.0 0.0 0.0 0.0 0.0 0.0 0.0 0.0 0.0 9.300000000000011 0.0 0.0 9.300000000000011 0.0 0.0 0.3 0.05 0.8 0.3 0.05 0.8 0.5 0.1 0.05
1800 9.662872076034546 0.0 0.0 0.0 0.0 0.0 0.0 0.0 0.0 0.0 0.0 0.0 0.0 0.0 0.0 0.0 0.0 0.0 0.0 0.0 0.0 0.0 0.0 0.0 9.300000000000011 0.0 0.0 9.300000000000011 0.0 0.0 0.3 0.05 0.8 0.3 0.05 0.8 0.5 0.1 0.05
1801 9.668224096298218 0.0 0.0 0.0 0.0 0.0 0.0 0.0 0.0 0.0 0.0 0.0 0.0 0.0 0.0 0.0 0.0 0.0 0.0 0.0 0.0 0.0 0.0 0.0 9.300000000000011 0.0 0.0 9.300000000000011 0.0 0.0 0.3 0.05 0.8 0.3 0.05 0.8 0.5 0.1 0.05
1802 9.6735520362854 0.0 0.0 0.0 0.0 0.0 0.0 0.0 0.0 0.0 0.0 0.0 0.0 0.0 0.0 0.0 0.0 0.0 0.0 0.0 0.0 0.0 0.0 0.0 9.300000000000011 0.0 0.0 9.300000000000011 0.0 0.0 0.3 0.05 0.8 0.3 0.05 0.8 0.5 0.1 0.05
1803 9.678844928741455 0.0 0.0 0.0 0.0 0.0 0.0 0.0 0.0 0.0 0.0 0.0 0.0 0.0 0.0 0.0 0.0 0.0 0.0 0.0 0.0 0.0 0.0 0.0 9.300000000000011 0.0 0.0 9.300000000000011 0.0 0.0 0.3 0.05 0.8 0.3 0.05 0.8 0.5 0.1 0.05
1804 9.684088468551636 0.0 0.0 0.0 0.0 0.0 0.0 0.0 0.0 0.0 0.0 0.0 0.0 0.0 0.0 0.0 0.0 0.0 0.0 0.0 0.0 0.0 0.0 0.0 9.300000000000011 0.0 0.0 9.300000000000011 0.0 0.0 0.3 0.05 0.8 0.3 0.05 0.8 0.5 0.1 0.05
1805 9.689480781555176 0.0 0.0 0.0 0.0 0.0 0.0 0.0 0.0 0.0 0.0 0.0 0.0 0.0 0.0 0.0 0.0 0.0 0.0 0.0 0.0 0.0 0.0 0.0 9.300000000000011 0.0 0.0 9.300000000000011 0.0 0.0 0.3 0.05 0.8 0.3 0.05 0.8 0.5 0.1 0.05
1806 9.6948561668396 0.0 0.0 0.0 0.0 0.0 0.0 0.0 0.0 0.0 0.0 0.0 0.0 0.0 0.0 0.0 0.0 0.0 0.0 0.0 0.0 0.0 0.0 0.0 9.300000000000011 0.0 0.0 9.300000000000011 0.0 0.0 0.3 0.05 0.8 0.3 0.05 0.8 0.5 0.1 0.05
1807 9.700348854064941 0.0 0.0 0.0 0.0 0.0 0.0 0.0 0.0 0.0 0.0 0.0 0.0 0.0 0.0 0.0 0.0 0.0 0.0 0.0 0.0 0.0 0.0 0.0 9.300000000000011 0.0 0.0 9.300000000000011 0.0 0.0 0.3 0.05 0.8 0.3 0.05 0.8 0.5 0.1 0.05
1808 9.705655097961426 0.0 0.0 0.0 0.0 0.0 0.0 0.0 0.0 0.0 0.0 0.0 0.0 0.0 0.0 0.0 0.0 0.0 0.0 0.0 0.0 0.0 0.0 0.0 9.300000000000011 0.0 0.0 9.300000000000011 0.0 0.0 0.3 0.05 0.8 0.3 0.05 0.8 0.5 0.1 0.05
1809 9.710891246795654 0.0 0.0 0.0 0.0 0.0 0.0 0.0 0.0 0.0 0.0 0.0 0.0 0.0 0.0 0.0 0.0 0.0 0.0 0.0 0.0 0.0 0.0 0.0 9.300000000000011 0.0 0.0 9.300000000000011 0.0 0.0 0.3 0.05 0.8 0.3 0.05 0.8 0.5 0.1 0.05
1810 9.71623969078064 0.0 0.0 0.0 0.0 0.0 0.0 0.0 0.0 0.0 0.0 0.0 0.0 0.0 0.0 0.0 0.0 0.0 0.0 0.0 0.0 0.0 0.0 0.0 9.300000000000011 0.0 0.0 9.300000000000011 0.0 0.0 0.3 0.05 0.8 0.3 0.05 0.8 0.5 0.1 0.05
1811 9.721678972244263 0.0 0.0 0.0 0.0 0.0 0.0 0.0 0.0 0.0 0.0 0.0 0.0 0.0 0.0 0.0 0.0 0.0 0.0 0.0 0.0 0.0 0.0 0.0 9.300000000000011 0.0 0.0 9.300000000000011 0.0 0.0 0.3 0.05 0.8 0.3 0.05 0.8 0.5 0.1 0.05
1812 9.727015256881714 0.0 0.0 0.0 0.0 0.0 0.0 0.0 0.0 0.0 0.0 0.0 0.0 0.0 0.0 0.0 0.0 0.0 0.0 0.0 0.0 0.0 0.0 0.0 9.300000000000011 0.0 0.0 9.300000000000011 0.0 0.0 0.3 0.05 0.8 0.3 0.05 0.8 0.5 0.1 0.05
1813 9.732342720031738 0.0 0.0 0.0 0.0 0.0 0.0 0.0 0.0 0.0 0.0 0.0 0.0 0.0 0.0 0.0 0.0 0.0 0.0 0.0 0.0 0.0 0.0 0.0 9.300000000000011 0.0 0.0 9.300000000000011 0.0 0.0 0.3 0.05 0.8 0.3 0.05 0.8 0.5 0.1 0.05
1814 9.737611532211304 0.0 0.0 0.0 0.0 0.0 0.0 0.0 0.0 0.0 0.0 0.0 0.0 0.0 0.0 0.0 0.0 0.0 0.0 0.0 0.0 0.0 0.0 0.0 9.300000000000011 0.0 0.0 9.300000000000011 0.0 0.0 0.3 0.05 0.8 0.3 0.05 0.8 0.5 0.1 0.05
1815 9.742858171463013 0.0 0.0 0.0 0.0 0.0 0.0 0.0 0.0 0.0 0.0 0.0 0.0 0.0 0.0 0.0 0.0 0.0 0.0 0.0 0.0 0.0 0.0 0.0 9.300000000000011 0.0 0.0 9.300000000000011 0.0 0.0 0.3 0.05 0.8 0.3 0.05 0.8 0.5 0.1 0.05
1816 9.748143196105957 0.0 0.0 0.0 0.0 0.0 0.0 0.0 0.0 0.0 0.0 0.0 0.0 0.0 0.0 0.0 0.0 0.0 0.0 0.0 0.0 0.0 0.0 0.0 9.300000000000011 0.0 0.0 9.300000000000011 0.0 0.0 0.3 0.05 0.8 0.3 0.05 0.8 0.5 0.1 0.05
1817 9.753617763519287 0.0 0.0 0.0 0.0 0.0 0.0 0.0 0.0 0.0 0.0 0.0 0.0 0.0 0.0 0.0 0.0 0.0 0.0 0.0 0.0 0.0 0.0 0.0 9.300000000000011 0.0 0.0 9.300000000000011 0.0 0.0 0.3 0.05 0.8 0.3 0.05 0.8 0.5 0.1 0.05
1818 9.75895071029663 0.0 0.0 0.0 0.0 0.0 0.0 0.0 0.0 0.0 0.0 0.0 0.0 0.0 0.0 0.0 0.0 0.0 0.0 0.0 0.0 0.0 0.0 0.0 9.300000000000011 0.0 0.0 9.300000000000011 0.0 0.0 0.3 0.05 0.8 0.3 0.05 0.8 0.5 0.1 0.05
1819 9.764358282089233 0.0 0.0 0.0 0.0 0.0 0.0 0.0 0.0 0.0 0.0 0.0 0.0 0.0 0.0 0.0 0.0 0.0 0.0 0.0 0.0 0.0 0.0 0.0 9.300000000000011 0.0 0.0 9.300000000000011 0.0 0.0 0.3 0.05 0.8 0.3 0.05 0.8 0.5 0.1 0.05
1820 9.769676923751831 0.0 0.0 0.0 0.0 0.0 0.0 0.0 0.0 0.0 0.0 0.0 0.0 0.0 0.0 0.0 0.0 0.0 0.0 0.0 0.0 0.0 0.0 0.0 9.300000000000011 0.0 0.0 9.300000000000011 0.0 0.0 0.3 0.05 0.8 0.3 0.05 0.8 0.5 0.1 0.05
1821 9.775202751159668 0.0 0.0 0.0 0.0 0.0 0.0 0.0 0.0 0.0 0.0 0.0 0.0 0.0 0.0 0.0 0.0 0.0 0.0 0.0 0.0 0.0 0.0 0.0 9.300000000000011 0.0 0.0 9.300000000000011 0.0 0.0 0.3 0.05 0.8 0.3 0.05 0.8 0.5 0.1 0.05
1822 9.780563354492188 0.0 0.0 0.0 0.0 0.0 0.0 0.0 0.0 0.0 0.0 0.0 0.0 0.0 0.0 0.0 0.0 0.0 0.0 0.0 0.0 0.0 0.0 0.0 9.300000000000011 0.0 0.0 9.300000000000011 0.0 0.0 0.3 0.05 0.8 0.3 0.05 0.8 0.5 0.1 0.05
1823 9.785924196243286 0.0 0.0 0.0 0.0 0.0 0.0 0.0 0.0 0.0 0.0 0.0 0.0 0.0 0.0 0.0 0.0 0.0 0.0 0.0 0.0 0.0 0.0 0.0 9.300000000000011 0.0 0.0 9.300000000000011 0.0 0.0 0.3 0.05 0.8 0.3 0.05 0.8 0.5 0.1 0.05
1824 9.791175603866577 0.0 0.0 0.0 0.0 0.0 0.0 0.0 0.0 0.0 0.0 0.0 0.0 0.0 0.0 0.0 0.0 0.0 0.0 0.0 0.0 0.0 0.0 0.0 9.300000000000011 0.0 0.0 9.300000000000011 0.0 0.0 0.3 0.05 0.8 0.3 0.05 0.8 0.5 0.1 0.05
1825 9.796491384506226 0.0 0.0 0.0 0.0 0.0 0.0 0.0 0.0 0.0 0.0 0.0 0.0 0.0 0.0 0.0 0.0 0.0 0.0 0.0 0.0 0.0 0.0 0.0 9.300000000000011 0.0 0.0 9.300000000000011 0.0 0.0 0.3 0.05 0.8 0.3 0.05 0.8 0.5 0.1 0.05
1826 9.801737308502197 0.0 0.0 0.0 0.0 0.0 0.0 0.0 0.0 0.0 0.0 0.0 0.0 0.0 0.0 0.0 0.0 0.0 0.0 0.0 0.0 0.0 0.0 0.0 9.300000000000011 0.0 0.0 9.300000000000011 0.0 0.0 0.3 0.05 0.8 0.3 0.05 0.8 0.5 0.1 0.05
1827 9.806965112686157 0.0 0.0 0.0 0.0 0.0 0.0 0.0 0.0 0.0 0.0 0.0 0.0 0.0 0.0 0.0 0.0 0.0 0.0 0.0 0.0 0.0 0.0 0.0 9.300000000000011 0.0 0.0 9.300000000000011 0.0 0.0 0.3 0.05 0.8 0.3 0.05 0.8 0.5 0.1 0.05
1828 9.812207698822021 0.0 0.0 0.0 0.0 0.0 0.0 0.0 0.0 0.0 0.0 0.0 0.0 0.0 0.0 0.0 0.0 0.0 0.0 0.0 0.0 0.0 0.0 0.0 9.300000000000011 0.0 0.0 9.300000000000011 0.0 0.0 0.3 0.05 0.8 0.3 0.05 0.8 0.5 0.1 0.05
1829 9.817447185516357 0.0 0.0 0.0 0.0 0.0 0.0 0.0 0.0 0.0 0.0 0.0 0.0 0.0 0.0 0.0 0.0 0.0 0.0 0.0 0.0 0.0 0.0 0.0 9.300000000000011 0.0 0.0 9.300000000000011 0.0 0.0 0.3 0.05 0.8 0.3 0.05 0.8 0.5 0.1 0.05
1830 9.82278561592102 0.0 0.0 0.0 0.0 0.0 0.0 0.0 0.0 0.0 0.0 0.0 0.0 0.0 0.0 0.0 0.0 0.0 0.0 0.0 0.0 0.0 0.0 0.0 9.300000000000011 0.0 0.0 9.300000000000011 0.0 0.0 0.3 0.05 0.8 0.3 0.05 0.8 0.5 0.1 0.05
1831 9.828129768371582 0.0 0.0 0.0 0.0 0.0 0.0 0.0 0.0 0.0 0.0 0.0 0.0 0.0 0.0 0.0 0.0 0.0 0.0 0.0 0.0 0.0 0.0 0.0 9.300000000000011 0.0 0.0 9.300000000000011 0.0 0.0 0.3 0.05 0.8 0.3 0.05 0.8 0.5 0.1 0.05
1832 9.833390951156616 0.0 0.0 0.0 0.0 0.0 0.0 0.0 0.0 0.0 0.0 0.0 0.0 0.0 0.0 0.0 0.0 0.0 0.0 0.0 0.0 0.0 0.0 0.0 9.300000000000011 0.0 0.0 9.300000000000011 0.0 0.0 0.3 0.05 0.8 0.3 0.05 0.8 0.5 0.1 0.05
1833 9.838729619979858 0.0 0.0 0.0 0.0 0.0 0.0 0.0 0.0 0.0 0.0 0.0 0.0 0.0 0.0 0.0 0.0 0.0 0.0 0.0 0.0 0.0 0.0 0.0 9.300000000000011 0.0 0.0 9.300000000000011 0.0 0.0 0.3 0.05 0.8 0.3 0.05 0.8 0.5 0.1 0.05
1834 9.843992710113525 0.0 0.0 0.0 0.0 0.0 0.0 0.0 0.0 0.0 0.0 0.0 0.0 0.0 0.0 0.0 0.0 0.0 0.0 0.0 0.0 0.0 0.0 0.0 9.300000000000011 0.0 0.0 9.300000000000011 0.0 0.0 0.3 0.05 0.8 0.3 0.05 0.8 0.5 0.1 0.05
1835 9.849345207214355 0.0 0.0 0.0 0.0 0.0 0.0 0.0 0.0 0.0 0.0 0.0 0.0 0.0 0.0 0.0 0.0 0.0 0.0 0.0 0.0 0.0 0.0 0.0 9.300000000000011 0.0 0.0 9.300000000000011 0.0 0.0 0.3 0.05 0.8 0.3 0.05 0.8 0.5 0.1 0.05
1836 9.85459017753601 0.0 0.0 0.0 0.0 0.0 0.0 0.0 0.0 0.0 0.0 0.0 0.0 0.0 0.0 0.0 0.0 0.0 0.0 0.0 0.0 0.0 0.0 0.0 9.300000000000011 0.0 0.0 9.300000000000011 0.0 0.0 0.3 0.05 0.8 0.3 0.05 0.8 0.5 0.1 0.05
1837 9.859821319580078 0.0 0.0 0.0 0.0 0.0 0.0 0.0 0.0 0.0 0.0 0.0 0.0 0.0 0.0 0.0 0.0 0.0 0.0 0.0 0.0 0.0 0.0 0.0 9.300000000000011 0.0 0.0 9.300000000000011 0.0 0.0 0.3 0.05 0.8 0.3 0.05 0.8 0.5 0.1 0.05
1838 9.86507773399353 0.0 0.0 0.0 0.0 0.0 0.0 0.0 0.0 0.0 0.0 0.0 0.0 0.0 0.0 0.0 0.0 0.0 0.0 0.0 0.0 0.0 0.0 0.0 9.300000000000011 0.0 0.0 9.300000000000011 0.0 0.0 0.3 0.05 0.8 0.3 0.05 0.8 0.5 0.1 0.05
1839 9.870299100875854 0.0 0.0 0.0 0.0 0.0 0.0 0.0 0.0 0.0 0.0 0.0 0.0 0.0 0.0 0.0 0.0 0.0 0.0 0.0 0.0 0.0 0.0 0.0 9.300000000000011 0.0 0.0 9.300000000000011 0.0 0.0 0.3 0.05 0.8 0.3 0.05 0.8 0.5 0.1 0.05
1840 9.875513076782227 0.0 0.0 0.0 0.0 0.0 0.0 0.0 0.0 0.0 0.0 0.0 0.0 0.0 0.0 0.0 0.0 0.0 0.0 0.0 0.0 0.0 0.0 0.0 9.300000000000011 0.0 0.0 9.300000000000011 0.0 0.0 0.3 0.05 0.8 0.3 0.05 0.8 0.5 0.1 0.05
1841 9.88087248802185 0.0 0.0 0.0 0.0 0.0 0.0 0.0 0.0 0.0 0.0 0.0 0.0 0.0 0.0 0.0 0.0 0.0 0.0 0.0 0.0 0.0 0.0 0.0 9.300000000000011 0.0 0.0 9.300000000000011 0.0 0.0 0.3 0.05 0.8 0.3 0.05 0.8 0.5 0.1 0.05
1842 9.886150360107422 0.0 0.0 0.0 0.0 0.0 0.0 0.0 0.0 0.0 0.0 0.0 0.0 0.0 0.0 0.0 0.0 0.0 0.0 0.0 0.0 0.0 0.0 0.0 9.300000000000011 0.0 0.0 9.300000000000011 0.0 0.0 0.3 0.05 0.8 0.3 0.05 0.8 0.5 0.1 0.05
1843 9.891470432281494 0.0 0.0 0.0 0.0 0.0 0.0 0.0 0.0 0.0 0.0 0.0 0.0 0.0 0.0 0.0 0.0 0.0 0.0 0.0 0.0 0.0 0.0 0.0 9.300000000000011 0.0 0.0 9.300000000000011 0.0 0.0 0.3 0.05 0.8 0.3 0.05 0.8 0.5 0.1 0.05
1844 9.896917343139648 0.0 0.0 0.0 0.0 0.0 0.0 0.0 0.0 0.0 0.0 0.0 0.0 0.0 0.0 0.0 0.0 0.0 0.0 0.0 0.0 0.0 0.0 0.0 9.300000000000011 0.0 0.0 9.300000000000011 0.0 0.0 0.3 0.05 0.8 0.3 0.05 0.8 0.5 0.1 0.05
1845 9.902255773544312 0.0 0.0 0.0 0.0 0.0 0.0 0.0 0.0 0.0 0.0 0.0 0.0 0.0 0.0 0.0 0.0 0.0 0.0 0.0 0.0 0.0 0.0 0.0 9.300000000000011 0.0 0.0 9.300000000000011 0.0 0.0 0.3 0.05 0.8 0.3 0.05 0.8 0.5 0.1 0.05
1846 9.907581806182861 0.0 0.0 0.0 0.0 0.0 0.0 0.0 0.0 0.0 0.0 0.0 0.0 0.0 0.0 0.0 0.0 0.0 0.0 0.0 0.0 0.0 0.0 0.0 9.300000000000011 0.0 0.0 9.300000000000011 0.0 0.0 0.3 0.05 0.8 0.3 0.05 0.8 0.5 0.1 0.05
1847 9.912861347198486 0.0 0.0 0.0 0.0 0.0 0.0 0.0 0.0 0.0 0.0 0.0 0.0 0.0 0.0 0.0 0.0 0.0 0.0 0.0 0.0 0.0 0.0 0.0 9.300000000000011 0.0 0.0 9.300000000000011 0.0 0.0 0.3 0.05 0.8 0.3 0.05 0.8 0.5 0.1 0.05
1848 9.918108224868774 0.0 0.0 0.0 0.0 0.0 0.0 0.0 0.0 0.0 0.0 0.0 0.0 0.0 0.0 0.0 0.0 0.0 0.0 0.0 0.0 0.0 0.0 0.0 9.300000000000011 0.0 0.0 9.300000000000011 0.0 0.0 0.3 0.05 0.8 0.3 0.05 0.8 0.5 0.1 0.05
1849 9.923345565795898 0.0 0.0 0.0 0.0 0.0 0.0 0.0 0.0 0.0 0.0 0.0 0.0 0.0 0.0 0.0 0.0 0.0 0.0 0.0 0.0 0.0 0.0 0.0 9.300000000000011 0.0 0.0 9.300000000000011 0.0 0.0 0.3 0.05 0.8 0.3 0.05 0.8 0.5 0.1 0.05
1850 9.928601741790771 0.0 0.0 0.0 0.0 0.0 0.0 0.0 0.0 0.0 0.0 0.0 0.0 0.0 0.0 0.0 0.0 0.0 0.0 0.0 0.0 0.0 0.0 0.0 9.300000000000011 0.0 0.0 9.300000000000011 0.0 0.0 0.3 0.05 0.8 0.3 0.05 0.8 0.5 0.1 0.05
1851 9.93395209312439 0.0 0.0 0.0 0.0 0.0 0.0 0.0 0.0 0.0 0.0 0.0 0.0 0.0 0.0 0.0 0.0 0.0 0.0 0.0 0.0 0.0 0.0 0.0 9.300000000000011 0.0 0.0 9.300000000000011 0.0 0.0 0.3 0.05 0.8 0.3 0.05 0.8 0.5 0.1 0.05
1852 9.93921422958374 0.0 0.0 0.0 0.0 0.0 0.0 0.0 0.0 0.0 0.0 0.0 0.0 0.0 0.0 0.0 0.0 0.0 0.0 0.0 0.0 0.0 0.0 0.0 9.300000000000011 0.0 0.0 9.300000000000011 0.0 0.0 0.3 0.05 0.8 0.3 0.05 0.8 0.5 0.1 0.05
1853 9.94455075263977 0.0 0.0 0.0 0.0 0.0 0.0 0.0 0.0 0.0 0.0 0.0 0.0 0.0 0.0 0.0 0.0 0.0 0.0 0.0 0.0 0.0 0.0 0.0 9.300000000000011 0.0 0.0 9.300000000000011 0.0 0.0 0.3 0.05 0.8 0.3 0.05 0.8 0.5 0.1 0.05
1854 9.949780464172363 0.0 0.0 0.0 0.0 0.0 0.0 0.0 0.0 0.0 0.0 0.0 0.0 0.0 0.0 0.0 0.0 0.0 0.0 0.0 0.0 0.0 0.0 0.0 9.300000000000011 0.0 0.0 9.300000000000011 0.0 0.0 0.3 0.05 0.8 0.3 0.05 0.8 0.5 0.1 0.05
1855 9.955079793930054 0.0 0.0 0.0 0.0 0.0 0.0 0.0 0.0 0.0 0.0 0.0 0.0 0.0 0.0 0.0 0.0 0.0 0.0 0.0 0.0 0.0 0.0 0.0 9.300000000000011 0.0 0.0 9.300000000000011 0.0 0.0 0.3 0.05 0.8 0.3 0.05 0.8 0.5 0.1 0.05
1856 9.960421562194824 0.0 0.0 0.0 0.0 0.0 0.0 0.0 0.0 0.0 0.0 0.0 0.0 0.0 0.0 0.0 0.0 0.0 0.0 0.0 0.0 0.0 0.0 0.0 9.300000000000011 0.0 0.0 9.300000000000011 0.0 0.0 0.3 0.05 0.8 0.3 0.05 0.8 0.5 0.1 0.05
1857 9.965733051300049 0.0 0.0 0.0 0.0 0.0 0.0 0.0 0.0 0.0 0.0 0.0 0.0 0.0 0.0 0.0 0.0 0.0 0.0 0.0 0.0 0.0 0.0 0.0 9.300000000000011 0.0 0.0 9.300000000000011 0.0 0.0 0.3 0.05 0.8 0.3 0.05 0.8 0.5 0.1 0.05
1858 9.970991373062134 0.0 0.0 0.0 0.0 0.0 0.0 0.0 0.0 0.0 0.0 0.0 0.0 0.0 0.0 0.0 0.0 0.0 0.0 0.0 0.0 0.0 0.0 0.0 9.300000000000011 0.0 0.0 9.300000000000011 0.0 0.0 0.3 0.05 0.8 0.3 0.05 0.8 0.5 0.1 0.05
1859 9.976286888122559 0.0 0.0 0.0 0.0 0.0 0.0 0.0 0.0 0.0 0.0 0.0 0.0 0.0 0.0 0.0 0.0 0.0 0.0 0.0 0.0 0.0 0.0 0.0 9.300000000000011 0.0 0.0 9.300000000000011 0.0 0.0 0.3 0.05 0.8 0.3 0.05 0.8 0.5 0.1 0.05
1860 9.981521844863892 0.0 0.0 0.0 0.0 0.0 0.0 0.0 0.0 0.0 0.0 0.0 0.0 0.0 0.0 0.0 0.0 0.0 0.0 0.0 0.0 0.0 0.0 0.0 9.300000000000011 0.0 0.0 9.300000000000011 0.0 0.0 0.3 0.05 0.8 0.3 0.05 0.8 0.5 0.1 0.05
1861 9.986915588378906 0.0 0.0 0.0 0.0 0.0 0.0 0.0 0.0 0.0 0.0 0.0 0.0 0.0 0.0 0.0 0.0 0.0 0.0 0.0 0.0 0.0 0.0 0.0 9.300000000000011 0.0 0.0 9.300000000000011 0.0 0.0 0.3 0.05 0.8 0.3 0.05 0.8 0.5 0.1 0.05
1862 9.992176532745361 0.0 0.0 0.0 0.0 0.0 0.0 0.0 0.0 0.0 0.0 0.0 0.0 0.0 0.0 0.0 0.0 0.0 0.0 0.0 0.0 0.0 0.0 0.0 9.300000000000011 0.0 0.0 9.300000000000011 0.0 0.0 0.3 0.05 0.8 0.3 0.05 0.8 0.5 0.1 0.05
1863 9.99756383895874 0.0 0.0 0.0 0.0 0.0 0.0 0.0 0.0 0.0 0.0 0.0 0.0 0.0 0.0 0.0 0.0 0.0 0.0 0.0 0.0 0.0 0.0 0.0 9.300000000000011 0.0 0.0 9.300000000000011 0.0 0.0 0.3 0.05 0.8 0.3 0.05 0.8 0.5 0.1 0.05
1864 10.002877235412598 0.0 0.0 0.0 0.0 0.0 0.0 0.0 0.0 0.0 0.0 0.0 0.0 0.0 0.0 0.0 0.0 0.0 0.0 0.0 0.0 0.0 0.0 0.0 9.300000000000011 0.0 0.0 9.300000000000011 0.0 0.0 0.3 0.05 0.8 0.3 0.05 0.8 0.5 0.1 0.05
1865 10.00812578201294 0.0 0.0 0.0 0.0 0.0 0.0 0.0 0.0 0.0 0.0 0.0 0.0 0.0 0.0 0.0 0.0 0.0 0.0 0.0 0.0 0.0 0.0 0.0 9.300000000000011 0.0 0.0 9.300000000000011 0.0 0.0 0.3 0.05 0.8 0.3 0.05 0.8 0.5 0.1 0.05
1866 10.01335620880127 0.0 0.0 0.0 0.0 0.0 0.0 0.0 0.0 0.0 0.0 0.0 0.0 0.0 0.0 0.0 0.0 0.0 0.0 0.0 0.0 0.0 0.0 0.0 9.300000000000011 0.0 0.0 9.300000000000011 0.0 0.0 0.3 0.05 0.8 0.3 0.05 0.8 0.5 0.1 0.05
1867 10.01857042312622 0.0 0.0 0.0 0.0 0.0 0.0 0.0 0.0 0.0 0.0 0.0 0.0 0.0 0.0 0.0 0.0 0.0 0.0 0.0 0.0 0.0 0.0 0.0 9.300000000000011 0.0 0.0 9.300000000000011 0.0 0.0 0.3 0.05 0.8 0.3 0.05 0.8 0.5 0.1 0.05
1868 10.023851156234741 0.0 0.0 0.0 0.0 0.0 0.0 0.0 0.0 0.0 0.0 0.0 0.0 0.0 0.0 0.0 0.0 0.0 0.0 0.0 0.0 0.0 0.0 0.0 9.300000000000011 0.0 0.0 9.300000000000011 0.0 0.0 0.3 0.05 0.8 0.3 0.05 0.8 0.5 0.1 0.05
1869 10.029181003570557 0.0 0.0 0.0 0.0 0.0 0.0 0.0 0.0 0.0 0.0 0.0 0.0 0.0 0.0 0.0 0.0 0.0 0.0 0.0 0.0 0.0 0.0 0.0 9.300000000000011 0.0 0.0 9.300000000000011 0.0 0.0 0.3 0.05 0.8 0.3 0.05 0.8 0.5 0.1 0.05
1870 10.034451484680176 0.0 0.0 0.0 0.0 0.0 0.0 0.0 0.0 0.0 0.0 0.0 0.0 0.0 0.0 0.0 0.0 0.0 0.0 0.0 0.0 0.0 0.0 0.0 9.300000000000011 0.0 0.0 9.300000000000011 0.0 0.0 0.3 0.05 0.8 0.3 0.05 0.8 0.5 0.1 0.05
1871 10.039862871170044 0.0 0.0 0.0 0.0 0.0 0.0 0.0 0.0 0.0 0.0 0.0 0.0 0.0 0.0 0.0 0.0 0.0 0.0 0.0 0.0 0.0 0.0 0.0 9.300000000000011 0.0 0.0 9.300000000000011 0.0 0.0 0.3 0.05 0.8 0.3 0.05 0.8 0.5 0.1 0.05
1872 10.045138359069824 0.0 0.0 0.0 0.0 0.0 0.0 0.0 0.0 0.0 0.0 0.0 0.0 0.0 0.0 0.0 0.0 0.0 0.0 0.0 0.0 0.0 0.0 0.0 9.300000000000011 0.0 0.0 9.300000000000011 0.0 0.0 0.3 0.05 0.8 0.3 0.05 0.8 0.5 0.1 0.05
1873 10.050510168075562 0.0 0.0 0.0 0.0 0.0 0.0 0.0 0.0 0.0 0.0 0.0 0.0 0.0 0.0 0.0 0.0 0.0 0.0 0.0 0.0 0.0 0.0 0.0 9.300000000000011 0.0 0.0 9.300000000000011 0.0 0.0 0.3 0.05 0.8 0.3 0.05 0.8 0.5 0.1 0.05
1874 10.055763244628906 0.0 0.0 0.0 0.0 0.0 0.0 0.0 0.0 0.0 0.0 0.0 0.0 0.0 0.0 0.0 0.0 0.0 0.0 0.0 0.0 0.0 0.0 0.0 9.300000000000011 0.0 0.0 9.300000000000011 0.0 0.0 0.3 0.05 0.8 0.3 0.05 0.8 0.5 0.1 0.05
1875 10.061003684997559 0.0 0.0 0.0 0.0 0.0 0.0 0.0 0.0 0.0 0.0 0.0 0.0 0.0 0.0 0.0 0.0 0.0 0.0 0.0 0.0 0.0 0.0 0.0 9.300000000000011 0.0 0.0 9.300000000000011 0.0 0.0 0.3 0.05 0.8 0.3 0.05 0.8 0.5 0.1 0.05
1876 10.066370010375977 0.0 0.0 0.0 0.0 0.0 0.0 0.0 0.0 0.0 0.0 0.0 0.0 0.0 0.0 0.0 0.0 0.0 0.0 0.0 0.0 0.0 0.0 0.0 9.300000000000011 0.0 0.0 9.300000000000011 0.0 0.0 0.3 0.05 0.8 0.3 0.05 0.8 0.5 0.1 0.05
1877 10.071628332138062 0.0 0.0 0.0 0.0 0.0 0.0 0.0 0.0 0.0 0.0 0.0 0.0 0.0 0.0 0.0 0.0 0.0 0.0 0.0 0.0 0.0 0.0 0.0 9.300000000000011 0.0 0.0 9.300000000000011 0.0 0.0 0.3 0.05 0.8 0.3 0.05 0.8 0.5 0.1 0.05
1878 10.076858282089233 0.0 0.0 0.0 0.0 0.0 0.0 0.0 0.0 0.0 0.0 0.0 0.0 0.0 0.0 0.0 0.0 0.0 0.0 0.0 0.0 0.0 0.0 0.0 9.300000000000011 0.0 0.0 9.300000000000011 0.0 0.0 0.3 0.05 0.8 0.3 0.05 0.8 0.5 0.1 0.05
1879 10.082095384597778 0.0 0.0 0.0 0.0 0.0 0.0 0.0 0.0 0.0 0.0 0.0 0.0 0.0 0.0 0.0 0.0 0.0 0.0 0.0 0.0 0.0 0.0 0.0 9.300000000000011 0.0 0.0 9.300000000000011 0.0 0.0 0.3 0.05 0.8 0.3 0.05 0.8 0.5 0.1 0.05
1880 10.087348461151123 0.0 0.0 0.0 0.0 0.0 0.0 0.0 0.0 0.0 0.0 0.0 0.0 0.0 0.0 0.0 0.0 0.0 0.0 0.0 0.0 0.0 0.0 0.0 9.300000000000011 0.0 0.0 9.300000000000011 0.0 0.0 0.3 0.05 0.8 0.3 0.05 0.8 0.5 0.1 0.05
1881 10.092685222625732 0.0 0.0 0.0 0.0 0.0 0.0 0.0 0.0 0.0 0.0 0.0 0.0 0.0 0.0 0.0 0.0 0.0 0.0 0.0 0.0 0.0 0.0 0.0 9.300000000000011 0.0 0.0 9.300000000000011 0.0 0.0 0.3 0.05 0.8 0.3 0.05 0.8 0.5 0.1 0.05
1882 10.097990036010742 0.0 0.0 0.0 0.0 0.0 0.0 0.0 0.0 0.0 0.0 0.0 0.0 0.0 0.0 0.0 0.0 0.0 0.0 0.0 0.0 0.0 0.0 0.0 9.300000000000011 0.0 0.0 9.300000000000011 0.0 0.0 0.3 0.05 0.8 0.3 0.05 0.8 0.5 0.1 0.05
1883 10.103395938873291 0.0 0.0 0.0 0.0 0.0 0.0 0.0 0.0 0.0 0.0 0.0 0.0 0.0 0.0 0.0 0.0 0.0 0.0 0.0 0.0 0.0 0.0 0.0 9.300000000000011 0.0 0.0 9.300000000000011 0.0 0.0 0.3 0.05 0.8 0.3 0.05 0.8 0.5 0.1 0.05
1884 10.108680486679077 0.0 0.0 0.0 0.0 0.0 0.0 0.0 0.0 0.0 0.0 0.0 0.0 0.0 0.0 0.0 0.0 0.0 0.0 0.0 0.0 0.0 0.0 0.0 9.300000000000011 0.0 0.0 9.300000000000011 0.0 0.0 0.3 0.05 0.8 0.3 0.05 0.8 0.5 0.1 0.05
1885 10.114043235778809 0.0 0.0 0.0 0.0 0.0 0.0 0.0 0.0 0.0 0.0 0.0 0.0 0.0 0.0 0.0 0.0 0.0 0.0 0.0 0.0 0.0 0.0 0.0 9.300000000000011 0.0 0.0 9.300000000000011 0.0 0.0 0.3 0.05 0.8 0.3 0.05 0.8 0.5 0.1 0.05
1886 10.119365453720093 0.0 0.0 0.0 0.0 0.0 0.0 0.0 0.0 0.0 0.0 0.0 0.0 0.0 0.0 0.0 0.0 0.0 0.0 0.0 0.0 0.0 0.0 0.0 9.300000000000011 0.0 0.0 9.300000000000011 0.0 0.0 0.3 0.05 0.8 0.3 0.05 0.8 0.5 0.1 0.05
1887 10.12473726272583 0.0 0.0 0.0 0.0 0.0 0.0 0.0 0.0 0.0 0.0 0.0 0.0 0.0 0.0 0.0 0.0 0.0 0.0 0.0 0.0 0.0 0.0 0.0 9.300000000000011 0.0 0.0 9.300000000000011 0.0 0.0 0.3 0.05 0.8 0.3 0.05 0.8 0.5 0.1 0.05
1888 10.130092144012451 0.0 0.0 0.0 0.0 0.0 0.0 0.0 0.0 0.0 0.0 0.0 0.0 0.0 0.0 0.0 0.0 0.0 0.0 0.0 0.0 0.0 0.0 0.0 9.300000000000011 0.0 0.0 9.300000000000011 0.0 0.0 0.3 0.05 0.8 0.3 0.05 0.8 0.5 0.1 0.05
1889 10.135349750518799 0.0 0.0 0.0 0.0 0.0 0.0 0.0 0.0 0.0 0.0 0.0 0.0 0.0 0.0 0.0 0.0 0.0 0.0 0.0 0.0 0.0 0.0 0.0 9.300000000000011 0.0 0.0 9.300000000000011 0.0 0.0 0.3 0.05 0.8 0.3 0.05 0.8 0.5 0.1 0.05
1890 10.14057469367981 0.0 0.0 0.0 0.0 0.0 0.0 0.0 0.0 0.0 0.0 0.0 0.0 0.0 0.0 0.0 0.0 0.0 0.0 0.0 0.0 0.0 0.0 0.0 9.300000000000011 0.0 0.0 9.300000000000011 0.0 0.0 0.3 0.05 0.8 0.3 0.05 0.8 0.5 0.1 0.05
1891 10.14589238166809 0.0 0.0 0.0 0.0 0.0 0.0 0.0 0.0 0.0 0.0 0.0 0.0 0.0 0.0 0.0 0.0 0.0 0.0 0.0 0.0 0.0 0.0 0.0 9.300000000000011 0.0 0.0 9.300000000000011 0.0 0.0 0.3 0.05 0.8 0.3 0.05 0.8 0.5 0.1 0.05
1892 10.151273727416992 0.0 0.0 0.0 0.0 0.0 0.0 0.0 0.0 0.0 0.0 0.0 0.0 0.0 0.0 0.0 0.0 0.0 0.0 0.0 0.0 0.0 0.0 0.0 9.300000000000011 0.0 0.0 9.300000000000011 0.0 0.0 0.3 0.05 0.8 0.3 0.05 0.8 0.5 0.1 0.05
1893 10.156567811965942 0.0 0.0 0.0 0.0 0.0 0.0 0.0 0.0 0.0 0.0 0.0 0.0 0.0 0.0 0.0 0.0 0.0 0.0 0.0 0.0 0.0 0.0 0.0 9.300000000000011 0.0 0.0 9.300000000000011 0.0 0.0 0.3 0.05 0.8 0.3 0.05 0.8 0.5 0.1 0.05
1894 10.16184401512146 0.0 0.0 0.0 0.0 0.0 0.0 0.0 0.0 0.0 0.0 0.0 0.0 0.0 0.0 0.0 0.0 0.0 0.0 0.0 0.0 0.0 0.0 0.0 9.300000000000011 0.0 0.0 9.300000000000011 0.0 0.0 0.3 0.05 0.8 0.3 0.05 0.8 0.5 0.1 0.05
1895 10.16712474822998 0.0 0.0 0.0 0.0 0.0 0.0 0.0 0.0 0.0 0.0 0.0 0.0 0.0 0.0 0.0 0.0 0.0 0.0 0.0 0.0 0.0 0.0 0.0 9.300000000000011 0.0 0.0 9.300000000000011 0.0 0.0 0.3 0.05 0.8 0.3 0.05 0.8 0.5 0.1 0.05
1896 10.172420501708984 0.0 0.0 0.0 0.0 0.0 0.0 0.0 0.0 0.0 0.0 0.0 0.0 0.0 0.0 0.0 0.0 0.0 0.0 0.0 0.0 0.0 0.0 0.0 9.300000000000011 0.0 0.0 9.300000000000011 0.0 0.0 0.3 0.05 0.8 0.3 0.05 0.8 0.5 0.1 0.05
1897 10.177652835845947 0.0 0.0 0.0 0.0 0.0 0.0 0.0 0.0 0.0 0.0 0.0 0.0 0.0 0.0 0.0 0.0 0.0 0.0 0.0 0.0 0.0 0.0 0.0 9.300000000000011 0.0 0.0 9.300000000000011 0.0 0.0 0.3 0.05 0.8 0.3 0.05 0.8 0.5 0.1 0.05
1898 10.18300986289978 0.0 0.0 0.0 0.0 0.0 0.0 0.0 0.0 0.0 0.0 0.0 0.0 0.0 0.0 0.0 0.0 0.0 0.0 0.0 0.0 0.0 0.0 0.0 9.300000000000011 0.0 0.0 9.300000000000011 0.0 0.0 0.3 0.05 0.8 0.3 0.05 0.8 0.5 0.1 0.05
1899 10.188299655914307 0.0 0.0 0.0 0.0 0.0 0.0 0.0 0.0 0.0 0.0 0.0 0.0 0.0 0.0 0.0 0.0 0.0 0.0 0.0 0.0 0.0 0.0 0.0 9.300000000000011 0.0 0.0 9.300000000000011 0.0 0.0 0.3 0.05 0.8 0.3 0.05 0.8 0.5 0.1 0.05
1900 10.193530559539795 0.0 0.0 0.0 0.0 0.0 0.0 0.0 0.0 0.0 0.0 0.0 0.0 0.0 0.0 0.0 0.0 0.0 0.0 0.0 0.0 0.0 0.0 0.0 9.300000000000011 0.0 0.0 9.300000000000011 0.0 0.0 0.3 0.05 0.8 0.3 0.05 0.8 0.5 0.1 0.05
1901 10.19895076751709 0.0 0.0 0.0 0.0 0.0 0.0 0.0 0.0 0.0 0.0 0.0 0.0 0.0 0.0 0.0 0.0 0.0 0.0 0.0 0.0 0.0 0.0 0.0 9.300000000000011 0.0 0.0 9.300000000000011 0.0 0.0 0.3 0.05 0.8 0.3 0.05 0.8 0.5 0.1 0.05
1902 10.204332113265991 0.0 0.0 0.0 0.0 0.0 0.0 0.0 0.0 0.0 0.0 0.0 0.0 0.0 0.0 0.0 0.0 0.0 0.0 0.0 0.0 0.0 0.0 0.0 9.300000000000011 0.0 0.0 9.300000000000011 0.0 0.0 0.3 0.05 0.8 0.3 0.05 0.8 0.5 0.1 0.05
1903 10.209660053253174 0.0 0.0 0.0 0.0 0.0 0.0 0.0 0.0 0.0 0.0 0.0 0.0 0.0 0.0 0.0 0.0 0.0 0.0 0.0 0.0 0.0 0.0 0.0 9.300000000000011 0.0 0.0 9.300000000000011 0.0 0.0 0.3 0.05 0.8 0.3 0.05 0.8 0.5 0.1 0.05
1904 10.214911222457886 0.0 0.0 0.0 0.0 0.0 0.0 0.0 0.0 0.0 0.0 0.0 0.0 0.0 0.0 0.0 0.0 0.0 0.0 0.0 0.0 0.0 0.0 0.0 9.300000000000011 0.0 0.0 9.300000000000011 0.0 0.0 0.3 0.05 0.8 0.3 0.05 0.8 0.5 0.1 0.05
1905 10.220136165618896 0.0 0.0 0.0 0.0 0.0 0.0 0.0 0.0 0.0 0.0 0.0 0.0 0.0 0.0 0.0 0.0 0.0 0.0 0.0 0.0 0.0 0.0 0.0 9.300000000000011 0.0 0.0 9.300000000000011 0.0 0.0 0.3 0.05 0.8 0.3 0.05 0.8 0.5 0.1 0.05
1906 10.225369215011597 0.0 0.0 0.0 0.0 0.0 0.0 0.0 0.0 0.0 0.0 0.0 0.0 0.0 0.0 0.0 0.0 0.0 0.0 0.0 0.0 0.0 0.0 0.0 9.300000000000011 0.0 0.0 9.300000000000011 0.0 0.0 0.3 0.05 0.8 0.3 0.05 0.8 0.5 0.1 0.05
1907 10.230776309967041 0.0 0.0 0.0 0.0 0.0 0.0 0.0 0.0 0.0 0.0 0.0 0.0 0.0 0.0 0.0 0.0 0.0 0.0 0.0 0.0 0.0 0.0 0.0 9.300000000000011 0.0 0.0 9.300000000000011 0.0 0.0 0.3 0.05 0.8 0.3 0.05 0.8 0.5 0.1 0.05
1908 10.236064910888672 0.0 0.0 0.0 0.0 0.0 0.0 0.0 0.0 0.0 0.0 0.0 0.0 0.0 0.0 0.0 0.0 0.0 0.0 0.0 0.0 0.0 0.0 0.0 9.300000000000011 0.0 0.0 9.300000000000011 0.0 0.0 0.3 0.05 0.8 0.3 0.05 0.8 0.5 0.1 0.05
1909 10.241291999816895 0.0 0.0 0.0 0.0 0.0 0.0 0.0 0.0 0.0 0.0 0.0 0.0 0.0 0.0 0.0 0.0 0.0 0.0 0.0 0.0 0.0 0.0 0.0 9.300000000000011 0.0 0.0 9.300000000000011 0.0 0.0 0.3 0.05 0.8 0.3 0.05 0.8 0.5 0.1 0.05
1910 10.24666166305542 0.0 0.0 0.0 0.0 0.0 0.0 0.0 0.0 0.0 0.0 0.0 0.0 0.0 0.0 0.0 0.0 0.0 0.0 0.0 0.0 0.0 0.0 0.0 9.300000000000011 0.0 0.0 9.300000000000011 0.0 0.0 0.3 0.05 0.8 0.3 0.05 0.8 0.5 0.1 0.05
1911 10.25204610824585 0.0 0.0 0.0 0.0 0.0 0.0 0.0 0.0 0.0 0.0 0.0 0.0 0.0 0.0 0.0 0.0 0.0 0.0 0.0 0.0 0.0 0.0 0.0 9.300000000000011 0.0 0.0 9.300000000000011 0.0 0.0 0.3 0.05 0.8 0.3 0.05 0.8 0.5 0.1 0.05
1912 10.257298946380615 0.0 0.0 0.0 0.0 0.0 0.0 0.0 0.0 0.0 0.0 0.0 0.0 0.0 0.0 0.0 0.0 0.0 0.0 0.0 0.0 0.0 0.0 0.0 9.300000000000011 0.0 0.0 9.300000000000011 0.0 0.0 0.3 0.05 0.8 0.3 0.05 0.8 0.5 0.1 0.05
1913 10.262609481811523 0.0 0.0 0.0 0.0 0.0 0.0 0.0 0.0 0.0 0.0 0.0 0.0 0.0 0.0 0.0 0.0 0.0 0.0 0.0 0.0 0.0 0.0 0.0 9.300000000000011 0.0 0.0 9.300000000000011 0.0 0.0 0.3 0.05 0.8 0.3 0.05 0.8 0.5 0.1 0.05
1914 10.26787257194519 0.0 0.0 0.0 0.0 0.0 0.0 0.0 0.0 0.0 0.0 0.0 0.0 0.0 0.0 0.0 0.0 0.0 0.0 0.0 0.0 0.0 0.0 0.0 9.300000000000011 0.0 0.0 9.300000000000011 0.0 0.0 0.3 0.05 0.8 0.3 0.05 0.8 0.5 0.1 0.05
1915 10.273083209991455 0.0 0.0 0.0 0.0 0.0 0.0 0.0 0.0 0.0 0.0 0.0 0.0 0.0 0.0 0.0 0.0 0.0 0.0 0.0 0.0 0.0 0.0 0.0 9.300000000000011 0.0 0.0 9.300000000000011 0.0 0.0 0.3 0.05 0.8 0.3 0.05 0.8 0.5 0.1 0.05
1916 10.27832293510437 0.0 0.0 0.0 0.0 0.0 0.0 0.0 0.0 0.0 0.0 0.0 0.0 0.0 0.0 0.0 0.0 0.0 0.0 0.0 0.0 0.0 0.0 0.0 9.300000000000011 0.0 0.0 9.300000000000011 0.0 0.0 0.3 0.05 0.8 0.3 0.05 0.8 0.5 0.1 0.05
1917 10.283542394638062 0.0 0.0 0.0 0.0 0.0 0.0 0.0 0.0 0.0 0.0 0.0 0.0 0.0 0.0 0.0 0.0 0.0 0.0 0.0 0.0 0.0 0.0 0.0 9.300000000000011 0.0 0.0 9.300000000000011 0.0 0.0 0.3 0.05 0.8 0.3 0.05 0.8 0.5 0.1 0.05
1918 10.288864612579346 0.0 0.0 0.0 0.0 0.0 0.0 0.0 0.0 0.0 0.0 0.0 0.0 0.0 0.0 0.0 0.0 0.0 0.0 0.0 0.0 0.0 0.0 0.0 9.300000000000011 0.0 0.0 9.300000000000011 0.0 0.0 0.3 0.05 0.8 0.3 0.05 0.8 0.5 0.1 0.05
1919 10.29420781135559 0.0 0.0 0.0 0.0 0.0 0.0 0.0 0.0 0.0 0.0 0.0 0.0 0.0 0.0 0.0 0.0 0.0 0.0 0.0 0.0 0.0 0.0 0.0 9.300000000000011 0.0 0.0 9.300000000000011 0.0 0.0 0.3 0.05 0.8 0.3 0.05 0.8 0.5 0.1 0.05
1920 10.299481868743896 0.0 0.0 0.0 0.0 0.0 0.0 0.0 0.0 0.0 0.0 0.0 0.0 0.0 0.0 0.0 0.0 0.0 0.0 0.0 0.0 0.0 0.0 0.0 9.300000000000011 0.0 0.0 9.300000000000011 0.0 0.0 0.3 0.05 0.8 0.3 0.05 0.8 0.5 0.1 0.05
1921 10.305042028427124 0.0 0.0 0.0 0.0 0.0 0.0 0.0 0.0 0.0 0.0 0.0 0.0 0.0 0.0 0.0 0.0 0.0 0.0 0.0 0.0 0.0 0.0 0.0 9.300000000000011 0.0 0.0 9.300000000000011 0.0 0.0 0.3 0.05 0.8 0.3 0.05 0.8 0.5 0.1 0.05
1922 10.31050443649292 0.0 0.0 0.0 0.0 0.0 0.0 0.0 0.0 0.0 0.0 0.0 0.0 0.0 0.0 0.0 0.0 0.0 0.0 0.0 0.0 0.0 0.0 0.0 9.300000000000011 0.0 0.0 9.300000000000011 0.0 0.0 0.3 0.05 0.8 0.3 0.05 0.8 0.5 0.1 0.05
1923 10.31584644317627 0.0 0.0 0.0 0.0 0.0 0.0 0.0 0.0 0.0 0.0 0.0 0.0 0.0 0.0 0.0 0.0 0.0 0.0 0.0 0.0 0.0 0.0 0.0 9.300000000000011 0.0 0.0 9.300000000000011 0.0 0.0 0.3 0.05 0.8 0.3 0.05 0.8 0.5 0.1 0.05
1924 10.321104049682617 0.0 0.0 0.0 0.0 0.0 0.0 0.0 0.0 0.0 0.0 0.0 0.0 0.0 0.0 0.0 0.0 0.0 0.0 0.0 0.0 0.0 0.0 0.0 9.300000000000011 0.0 0.0 9.300000000000011 0.0 0.0 0.3 0.05 0.8 0.3 0.05 0.8 0.5 0.1 0.05
1925 10.326467990875244 0.0 0.0 0.0 0.0 0.0 0.0 0.0 0.0 0.0 0.0 0.0 0.0 0.0 0.0 0.0 0.0 0.0 0.0 0.0 0.0 0.0 0.0 0.0 9.300000000000011 0.0 0.0 9.300000000000011 0.0 0.0 0.3 0.05 0.8 0.3 0.05 0.8 0.5 0.1 0.05
1926 10.331725835800171 0.0 0.0 0.0 0.0 0.0 0.0 0.0 0.0 0.0 0.0 0.0 0.0 0.0 0.0 0.0 0.0 0.0 0.0 0.0 0.0 0.0 0.0 0.0 9.300000000000011 0.0 0.0 9.300000000000011 0.0 0.0 0.3 0.05 0.8 0.3 0.05 0.8 0.5 0.1 0.05
1927 10.336997985839844 0.0 0.0 0.0 0.0 0.0 0.0 0.0 0.0 0.0 0.0 0.0 0.0 0.0 0.0 0.0 0.0 0.0 0.0 0.0 0.0 0.0 0.0 0.0 9.300000000000011 0.0 0.0 9.300000000000011 0.0 0.0 0.3 0.05 0.8 0.3 0.05 0.8 0.5 0.1 0.05
1928 10.342278718948364 0.0 0.0 0.0 0.0 0.0 0.0 0.0 0.0 0.0 0.0 0.0 0.0 0.0 0.0 0.0 0.0 0.0 0.0 0.0 0.0 0.0 0.0 0.0 9.300000000000011 0.0 0.0 9.300000000000011 0.0 0.0 0.3 0.05 0.8 0.3 0.05 0.8 0.5 0.1 0.05
1929 10.347532510757446 0.0 0.0 0.0 0.0 0.0 0.0 0.0 0.0 0.0 0.0 0.0 0.0 0.0 0.0 0.0 0.0 0.0 0.0 0.0 0.0 0.0 0.0 0.0 9.300000000000011 0.0 0.0 9.300000000000011 0.0 0.0 0.3 0.05 0.8 0.3 0.05 0.8 0.5 0.1 0.05
1930 10.352858781814575 0.0 0.0 0.0 0.0 0.0 0.0 0.0 0.0 0.0 0.0 0.0 0.0 0.0 0.0 0.0 0.0 0.0 0.0 0.0 0.0 0.0 0.0 0.0 9.300000000000011 0.0 0.0 9.300000000000011 0.0 0.0 0.3 0.05 0.8 0.3 0.05 0.8 0.5 0.1 0.05
1931 10.358230113983154 0.0 0.0 0.0 0.0 0.0 0.0 0.0 0.0 0.0 0.0 0.0 0.0 0.0 0.0 0.0 0.0 0.0 0.0 0.0 0.0 0.0 0.0 0.0 9.300000000000011 0.0 0.0 9.300000000000011 0.0 0.0 0.3 0.05 0.8 0.3 0.05 0.8 0.5 0.1 0.05
1932 10.363526821136475 0.0 0.0 0.0 0.0 0.0 0.0 0.0 0.0 0.0 0.0 0.0 0.0 0.0 0.0 0.0 0.0 0.0 0.0 0.0 0.0 0.0 0.0 0.0 9.300000000000011 0.0 0.0 9.300000000000011 0.0 0.0 0.3 0.05 0.8 0.3 0.05 0.8 0.5 0.1 0.05
1933 10.368865966796875 0.0 0.0 0.0 0.0 0.0 0.0 0.0 0.0 0.0 0.0 0.0 0.0 0.0 0.0 0.0 0.0 0.0 0.0 0.0 0.0 0.0 0.0 0.0 9.300000000000011 0.0 0.0 9.300000000000011 0.0 0.0 0.3 0.05 0.8 0.3 0.05 0.8 0.5 0.1 0.05
1934 10.374176502227783 0.0 0.0 0.0 0.0 0.0 0.0 0.0 0.0 0.0 0.0 0.0 0.0 0.0 0.0 0.0 0.0 0.0 0.0 0.0 0.0 0.0 0.0 0.0 9.300000000000011 0.0 0.0 9.300000000000011 0.0 0.0 0.3 0.05 0.8 0.3 0.05 0.8 0.5 0.1 0.05
1935 10.379422903060913 0.0 0.0 0.0 0.0 0.0 0.0 0.0 0.0 0.0 0.0 0.0 0.0 0.0 0.0 0.0 0.0 0.0 0.0 0.0 0.0 0.0 0.0 0.0 9.300000000000011 0.0 0.0 9.300000000000011 0.0 0.0 0.3 0.05 0.8 0.3 0.05 0.8 0.5 0.1 0.05
1936 10.384777784347534 0.0 0.0 0.0 0.0 0.0 0.0 0.0 0.0 0.0 0.0 0.0 0.0 0.0 0.0 0.0 0.0 0.0 0.0 0.0 0.0 0.0 0.0 0.0 9.300000000000011 0.0 0.0 9.300000000000011 0.0 0.0 0.3 0.05 0.8 0.3 0.05 0.8 0.5 0.1 0.05
1937 10.390063524246216 0.0 0.0 0.0 0.0 0.0 0.0 0.0 0.0 0.0 0.0 0.0 0.0 0.0 0.0 0.0 0.0 0.0 0.0 0.0 0.0 0.0 0.0 0.0 9.300000000000011 0.0 0.0 9.300000000000011 0.0 0.0 0.3 0.05 0.8 0.3 0.05 0.8 0.5 0.1 0.05
1938 10.39528512954712 0.0 0.0 0.0 0.0 0.0 0.0 0.0 0.0 0.0 0.0 0.0 0.0 0.0 0.0 0.0 0.0 0.0 0.0 0.0 0.0 0.0 0.0 0.0 9.300000000000011 0.0 0.0 9.300000000000011 0.0 0.0 0.3 0.05 0.8 0.3 0.05 0.8 0.5 0.1 0.05
1939 10.40052580833435 0.0 0.0 0.0 0.0 0.0 0.0 0.0 0.0 0.0 0.0 0.0 0.0 0.0 0.0 0.0 0.0 0.0 0.0 0.0 0.0 0.0 0.0 0.0 9.300000000000011 0.0 0.0 9.300000000000011 0.0 0.0 0.3 0.05 0.8 0.3 0.05 0.8 0.5 0.1 0.05
1940 10.405798196792603 0.0 0.0 0.0 0.0 0.0 0.0 0.0 0.0 0.0 0.0 0.0 0.0 0.0 0.0 0.0 0.0 0.0 0.0 0.0 0.0 0.0 0.0 0.0 9.300000000000011 0.0 0.0 9.300000000000011 0.0 0.0 0.3 0.05 0.8 0.3 0.05 0.8 0.5 0.1 0.05
1941 10.411319255828857 0.0 0.0 0.0 0.0 0.0 0.0 0.0 0.0 0.0 0.0 0.0 0.0 0.0 0.0 0.0 0.0 0.0 0.0 0.0 0.0 0.0 0.0 0.0 9.300000000000011 0.0 0.0 9.300000000000011 0.0 0.0 0.3 0.05 0.8 0.3 0.05 0.8 0.5 0.1 0.05
1942 10.416630268096924 0.0 0.0 0.0 0.0 0.0 0.0 0.0 0.0 0.0 0.0 0.0 0.0 0.0 0.0 0.0 0.0 0.0 0.0 0.0 0.0 0.0 0.0 0.0 9.300000000000011 0.0 0.0 9.300000000000011 0.0 0.0 0.3 0.05 0.8 0.3 0.05 0.8 0.5 0.1 0.05
1943 10.421959400177002 0.0 0.0 0.0 0.0 0.0 0.0 0.0 0.0 0.0 0.0 0.0 0.0 0.0 0.0 0.0 0.0 0.0 0.0 0.0 0.0 0.0 0.0 0.0 9.300000000000011 0.0 0.0 9.300000000000011 0.0 0.0 0.3 0.05 0.8 0.3 0.05 0.8 0.5 0.1 0.05
1944 10.427220821380615 0.0 0.0 0.0 0.0 0.0 0.0 0.0 0.0 0.0 0.0 0.0 0.0 0.0 0.0 0.0 0.0 0.0 0.0 0.0 0.0 0.0 0.0 0.0 9.300000000000011 0.0 0.0 9.300000000000011 0.0 0.0 0.3 0.05 0.8 0.3 0.05 0.8 0.5 0.1 0.05
1945 10.432517051696777 0.0 0.0 0.0 0.0 0.0 0.0 0.0 0.0 0.0 0.0 0.0 0.0 0.0 0.0 0.0 0.0 0.0 0.0 0.0 0.0 0.0 0.0 0.0 9.300000000000011 0.0 0.0 9.300000000000011 0.0 0.0 0.3 0.05 0.8 0.3 0.05 0.8 0.5 0.1 0.05
1946 10.4378342628479 0.0 0.0 0.0 0.0 0.0 0.0 0.0 0.0 0.0 0.0 0.0 0.0 0.0 0.0 0.0 0.0 0.0 0.0 0.0 0.0 0.0 0.0 0.0 9.300000000000011 0.0 0.0 9.300000000000011 0.0 0.0 0.3 0.05 0.8 0.3 0.05 0.8 0.5 0.1 0.05
1947 10.443203687667847 0.0 0.0 0.0 0.0 0.0 0.0 0.0 0.0 0.0 0.0 0.0 0.0 0.0 0.0 0.0 0.0 0.0 0.0 0.0 0.0 0.0 0.0 0.0 9.300000000000011 0.0 0.0 9.300000000000011 0.0 0.0 0.3 0.05 0.8 0.3 0.05 0.8 0.5 0.1 0.05
1948 10.448492050170898 0.0 0.0 0.0 0.0 0.0 0.0 0.0 0.0 0.0 0.0 0.0 0.0 0.0 0.0 0.0 0.0 0.0 0.0 0.0 0.0 0.0 0.0 0.0 9.300000000000011 0.0 0.0 9.300000000000011 0.0 0.0 0.3 0.05 0.8 0.3 0.05 0.8 0.5 0.1 0.05
1949 10.453790426254272 0.0 0.0 0.0 0.0 0.0 0.0 0.0 0.0 0.0 0.0 0.0 0.0 0.0 0.0 0.0 0.0 0.0 0.0 0.0 0.0 0.0 0.0 0.0 9.300000000000011 0.0 0.0 9.300000000000011 0.0 0.0 0.3 0.05 0.8 0.3 0.05 0.8 0.5 0.1 0.05
1950 10.459047794342041 0.0 0.0 0.0 0.0 0.0 0.0 0.0 0.0 0.0 0.0 0.0 0.0 0.0 0.0 0.0 0.0 0.0 0.0 0.0 0.0 0.0 0.0 0.0 9.300000000000011 0.0 0.0 9.300000000000011 0.0 0.0 0.3 0.05 0.8 0.3 0.05 0.8 0.5 0.1 0.05
1951 10.464410543441772 0.0 0.0 0.0 0.0 0.0 0.0 0.0 0.0 0.0 0.0 0.0 0.0 0.0 0.0 0.0 0.0 0.0 0.0 0.0 0.0 0.0 0.0 0.0 9.300000000000011 0.0 0.0 9.300000000000011 0.0 0.0 0.3 0.05 0.8 0.3 0.05 0.8 0.5 0.1 0.05
1952 10.469752550125122 0.0 0.0 0.0 0.0 0.0 0.0 0.0 0.0 0.0 0.0 0.0 0.0 0.0 0.0 0.0 0.0 0.0 0.0 0.0 0.0 0.0 0.0 0.0 9.300000000000011 0.0 0.0 9.300000000000011 0.0 0.0 0.3 0.05 0.8 0.3 0.05 0.8 0.5 0.1 0.05
1953 10.475093603134155 0.0 0.0 0.0 0.0 0.0 0.0 0.0 0.0 0.0 0.0 0.0 0.0 0.0 0.0 0.0 0.0 0.0 0.0 0.0 0.0 0.0 0.0 0.0 9.300000000000011 0.0 0.0 9.300000000000011 0.0 0.0 0.3 0.05 0.8 0.3 0.05 0.8 0.5 0.1 0.05
1954 10.480382680892944 0.0 0.0 0.0 0.0 0.0 0.0 0.0 0.0 0.0 0.0 0.0 0.0 0.0 0.0 0.0 0.0 0.0 0.0 0.0 0.0 0.0 0.0 0.0 9.300000000000011 0.0 0.0 9.300000000000011 0.0 0.0 0.3 0.05 0.8 0.3 0.05 0.8 0.5 0.1 0.05
1955 10.48568081855774 0.0 0.0 0.0 0.0 0.0 0.0 0.0 0.0 0.0 0.0 0.0 0.0 0.0 0.0 0.0 0.0 0.0 0.0 0.0 0.0 0.0 0.0 0.0 9.300000000000011 0.0 0.0 9.300000000000011 0.0 0.0 0.3 0.05 0.8 0.3 0.05 0.8 0.5 0.1 0.05
1956 10.491092920303345 0.0 0.0 0.0 0.0 0.0 0.0 0.0 0.0 0.0 0.0 0.0 0.0 0.0 0.0 0.0 0.0 0.0 0.0 0.0 0.0 0.0 0.0 0.0 9.300000000000011 0.0 0.0 9.300000000000011 0.0 0.0 0.3 0.05 0.8 0.3 0.05 0.8 0.5 0.1 0.05
1957 10.496513843536377 0.0 0.0 0.0 0.0 0.0 0.0 0.0 0.0 0.0 0.0 0.0 0.0 0.0 0.0 0.0 0.0 0.0 0.0 0.0 0.0 0.0 0.0 0.0 9.300000000000011 0.0 0.0 9.300000000000011 0.0 0.0 0.3 0.05 0.8 0.3 0.05 0.8 0.5 0.1 0.05
1958 10.501807451248169 0.0 0.0 0.0 0.0 0.0 0.0 0.0 0.0 0.0 0.0 0.0 0.0 0.0 0.0 0.0 0.0 0.0 0.0 0.0 0.0 0.0 0.0 0.0 9.300000000000011 0.0 0.0 9.300000000000011 0.0 0.0 0.3 0.05 0.8 0.3 0.05 0.8 0.5 0.1 0.05
1959 10.507140874862671 0.0 0.0 0.0 0.0 0.0 0.0 0.0 0.0 0.0 0.0 0.0 0.0 0.0 0.0 0.0 0.0 0.0 0.0 0.0 0.0 0.0 0.0 0.0 9.300000000000011 0.0 0.0 9.300000000000011 0.0 0.0 0.3 0.05 0.8 0.3 0.05 0.8 0.5 0.1 0.05
1960 10.512406349182129 0.0 0.0 0.0 0.0 0.0 0.0 0.0 0.0 0.0 0.0 0.0 0.0 0.0 0.0 0.0 0.0 0.0 0.0 0.0 0.0 0.0 0.0 0.0 9.300000000000011 0.0 0.0 9.300000000000011 0.0 0.0 0.3 0.05 0.8 0.3 0.05 0.8 0.5 0.1 0.05
1961 10.517903089523315 0.0 0.0 0.0 0.0 0.0 0.0 0.0 0.0 0.0 0.0 0.0 0.0 0.0 0.0 0.0 0.0 0.0 0.0 0.0 0.0 0.0 0.0 0.0 9.300000000000011 0.0 0.0 9.300000000000011 0.0 0.0 0.3 0.05 0.8 0.3 0.05 0.8 0.5 0.1 0.05
1962 10.523257970809937 0.0 0.0 0.0 0.0 0.0 0.0 0.0 0.0 0.0 0.0 0.0 0.0 0.0 0.0 0.0 0.0 0.0 0.0 0.0 0.0 0.0 0.0 0.0 9.300000000000011 0.0 0.0 9.300000000000011 0.0 0.0 0.3 0.05 0.8 0.3 0.05 0.8 0.5 0.1 0.05
1963 10.528597354888916 0.0 0.0 0.0 0.0 0.0 0.0 0.0 0.0 0.0 0.0 0.0 0.0 0.0 0.0 0.0 0.0 0.0 0.0 0.0 0.0 0.0 0.0 0.0 9.300000000000011 0.0 0.0 9.300000000000011 0.0 0.0 0.3 0.05 0.8 0.3 0.05 0.8 0.5 0.1 0.05
1964 10.533881902694702 0.0 0.0 0.0 0.0 0.0 0.0 0.0 0.0 0.0 0.0 0.0 0.0 0.0 0.0 0.0 0.0 0.0 0.0 0.0 0.0 0.0 0.0 0.0 9.300000000000011 0.0 0.0 9.300000000000011 0.0 0.0 0.3 0.05 0.8 0.3 0.05 0.8 0.5 0.1 0.05
1965 10.539172649383545 0.0 0.0 0.0 0.0 0.0 0.0 0.0 0.0 0.0 0.0 0.0 0.0 0.0 0.0 0.0 0.0 0.0 0.0 0.0 0.0 0.0 0.0 0.0 9.300000000000011 0.0 0.0 9.300000000000011 0.0 0.0 0.3 0.05 0.8 0.3 0.05 0.8 0.5 0.1 0.05
1966 10.544422626495361 0.0 0.0 0.0 0.0 0.0 0.0 0.0 0.0 0.0 0.0 0.0 0.0 0.0 0.0 0.0 0.0 0.0 0.0 0.0 0.0 0.0 0.0 0.0 9.300000000000011 0.0 0.0 9.300000000000011 0.0 0.0 0.3 0.05 0.8 0.3 0.05 0.8 0.5 0.1 0.05
1967 10.549704551696777 0.0 0.0 0.0 0.0 0.0 0.0 0.0 0.0 0.0 0.0 0.0 0.0 0.0 0.0 0.0 0.0 0.0 0.0 0.0 0.0 0.0 0.0 0.0 9.300000000000011 0.0 0.0 9.300000000000011 0.0 0.0 0.3 0.05 0.8 0.3 0.05 0.8 0.5 0.1 0.05
1968 10.555128574371338 0.0 0.0 0.0 0.0 0.0 0.0 0.0 0.0 0.0 0.0 0.0 0.0 0.0 0.0 0.0 0.0 0.0 0.0 0.0 0.0 0.0 0.0 0.0 9.300000000000011 0.0 0.0 9.300000000000011 0.0 0.0 0.3 0.05 0.8 0.3 0.05 0.8 0.5 0.1 0.05
1969 10.560436248779297 0.0 0.0 0.0 0.0 0.0 0.0 0.0 0.0 0.0 0.0 0.0 0.0 0.0 0.0 0.0 0.0 0.0 0.0 0.0 0.0 0.0 0.0 0.0 9.300000000000011 0.0 0.0 9.300000000000011 0.0 0.0 0.3 0.05 0.8 0.3 0.05 0.8 0.5 0.1 0.05
1970 10.56576919555664 0.0 0.0 0.0 0.0 0.0 0.0 0.0 0.0 0.0 0.0 0.0 0.0 0.0 0.0 0.0 0.0 0.0 0.0 0.0 0.0 0.0 0.0 0.0 9.300000000000011 0.0 0.0 9.300000000000011 0.0 0.0 0.3 0.05 0.8 0.3 0.05 0.8 0.5 0.1 0.05
1971 10.571195363998413 0.0 0.0 0.0 0.0 0.0 0.0 0.0 0.0 0.0 0.0 0.0 0.0 0.0 0.0 0.0 0.0 0.0 0.0 0.0 0.0 0.0 0.0 0.0 9.300000000000011 0.0 0.0 9.300000000000011 0.0 0.0 0.3 0.05 0.8 0.3 0.05 0.8 0.5 0.1 0.05
1972 10.576690912246704 0.0 0.0 0.0 0.0 0.0 0.0 0.0 0.0 0.0 0.0 0.0 0.0 0.0 0.0 0.0 0.0 0.0 0.0 0.0 0.0 0.0 0.0 0.0 9.300000000000011 0.0 0.0 9.300000000000011 0.0 0.0 0.3 0.05 0.8 0.3 0.05 0.8 0.5 0.1 0.05
1973 10.582019805908203 0.0 0.0 0.0 0.0 0.0 0.0 0.0 0.0 0.0 0.0 0.0 0.0 0.0 0.0 0.0 0.0 0.0 0.0 0.0 0.0 0.0 0.0 0.0 9.300000000000011 0.0 0.0 9.300000000000011 0.0 0.0 0.3 0.05 0.8 0.3 0.05 0.8 0.5 0.1 0.05
1974 10.587247371673584 0.0 0.0 0.0 0.0 0.0 0.0 0.0 0.0 0.0 0.0 0.0 0.0 0.0 0.0 0.0 0.0 0.0 0.0 0.0 0.0 0.0 0.0 0.0 9.300000000000011 0.0 0.0 9.300000000000011 0.0 0.0 0.3 0.05 0.8 0.3 0.05 0.8 0.5 0.1 0.05
1975 10.592453241348267 0.0 0.0 0.0 0.0 0.0 0.0 0.0 0.0 0.0 0.0 0.0 0.0 0.0 0.0 0.0 0.0 0.0 0.0 0.0 0.0 0.0 0.0 0.0 9.300000000000011 0.0 0.0 9.300000000000011 0.0 0.0 0.3 0.05 0.8 0.3 0.05 0.8 0.5 0.1 0.05
1976 10.597678661346436 0.0 0.0 0.0 0.0 0.0 0.0 0.0 0.0 0.0 0.0 0.0 0.0 0.0 0.0 0.0 0.0 0.0 0.0 0.0 0.0 0.0 0.0 0.0 9.300000000000011 0.0 0.0 9.300000000000011 0.0 0.0 0.3 0.05 0.8 0.3 0.05 0.8 0.5 0.1 0.05
1977 10.602914810180664 0.0 0.0 0.0 0.0 0.0 0.0 0.0 0.0 0.0 0.0 0.0 0.0 0.0 0.0 0.0 0.0 0.0 0.0 0.0 0.0 0.0 0.0 0.0 9.300000000000011 0.0 0.0 9.300000000000011 0.0 0.0 0.3 0.05 0.8 0.3 0.05 0.8 0.5 0.1 0.05
1978 10.608198165893555 0.0 0.0 0.0 0.0 0.0 0.0 0.0 0.0 0.0 0.0 0.0 0.0 0.0 0.0 0.0 0.0 0.0 0.0 0.0 0.0 0.0 0.0 0.0 9.300000000000011 0.0 0.0 9.300000000000011 0.0 0.0 0.3 0.05 0.8 0.3 0.05 0.8 0.5 0.1 0.05
1979 10.61356496810913 0.0 0.0 0.0 0.0 0.0 0.0 0.0 0.0 0.0 0.0 0.0 0.0 0.0 0.0 0.0 0.0 0.0 0.0 0.0 0.0 0.0 0.0 0.0 9.300000000000011 0.0 0.0 9.300000000000011 0.0 0.0 0.3 0.05 0.8 0.3 0.05 0.8 0.5 0.1 0.05
1980 10.619039297103882 0.0 0.0 0.0 0.0 0.0 0.0 0.0 0.0 0.0 0.0 0.0 0.0 0.0 0.0 0.0 0.0 0.0 0.0 0.0 0.0 0.0 0.0 0.0 9.300000000000011 0.0 0.0 9.300000000000011 0.0 0.0 0.3 0.05 0.8 0.3 0.05 0.8 0.5 0.1 0.05
1981 10.624483108520508 0.0 0.0 0.0 0.0 0.0 0.0 0.0 0.0 0.0 0.0 0.0 0.0 0.0 0.0 0.0 0.0 0.0 0.0 0.0 0.0 0.0 0.0 0.0 9.300000000000011 0.0 0.0 9.300000000000011 0.0 0.0 0.3 0.05 0.8 0.3 0.05 0.8 0.5 0.1 0.05
1982 10.629768371582031 0.0 0.0 0.0 0.0 0.0 0.0 0.0 0.0 0.0 0.0 0.0 0.0 0.0 0.0 0.0 0.0 0.0 0.0 0.0 0.0 0.0 0.0 0.0 9.300000000000011 0.0 0.0 9.300000000000011 0.0 0.0 0.3 0.05 0.8 0.3 0.05 0.8 0.5 0.1 0.05
1983 10.635124444961548 0.0 0.0 0.0 0.0 0.0 0.0 0.0 0.0 0.0 0.0 0.0 0.0 0.0 0.0 0.0 0.0 0.0 0.0 0.0 0.0 0.0 0.0 0.0 9.300000000000011 0.0 0.0 9.300000000000011 0.0 0.0 0.3 0.05 0.8 0.3 0.05 0.8 0.5 0.1 0.05
1984 10.640524625778198 0.0 0.0 0.0 0.0 0.0 0.0 0.0 0.0 0.0 0.0 0.0 0.0 0.0 0.0 0.0 0.0 0.0 0.0 0.0 0.0 0.0 0.0 0.0 9.300000000000011 0.0 0.0 9.300000000000011 0.0 0.0 0.3 0.05 0.8 0.3 0.05 0.8 0.5 0.1 0.05
1985 10.646013736724854 0.0 0.0 0.0 0.0 0.0 0.0 0.0 0.0 0.0 0.0 0.0 0.0 0.0 0.0 0.0 0.0 0.0 0.0 0.0 0.0 0.0 0.0 0.0 9.300000000000011 0.0 0.0 9.300000000000011 0.0 0.0 0.3 0.05 0.8 0.3 0.05 0.8 0.5 0.1 0.05
1986 10.651399850845337 0.0 0.0 0.0 0.0 0.0 0.0 0.0 0.0 0.0 0.0 0.0 0.0 0.0 0.0 0.0 0.0 0.0 0.0 0.0 0.0 0.0 0.0 0.0 9.300000000000011 0.0 0.0 9.300000000000011 0.0 0.0 0.3 0.05 0.8 0.3 0.05 0.8 0.5 0.1 0.05
1987 10.65688180923462 0.0 0.0 0.0 0.0 0.0 0.0 0.0 0.0 0.0 0.0 0.0 0.0 0.0 0.0 0.0 0.0 0.0 0.0 0.0 0.0 0.0 0.0 0.0 9.300000000000011 0.0 0.0 9.300000000000011 0.0 0.0 0.3 0.05 0.8 0.3 0.05 0.8 0.5 0.1 0.05
1988 10.662206888198853 0.0 0.0 0.0 0.0 0.0 0.0 0.0 0.0 0.0 0.0 0.0 0.0 0.0 0.0 0.0 0.0 0.0 0.0 0.0 0.0 0.0 0.0 0.0 9.300000000000011 0.0 0.0 9.300000000000011 0.0 0.0 0.3 0.05 0.8 0.3 0.05 0.8 0.5 0.1 0.05
1989 10.667800664901733 0.0 0.0 0.0 0.0 0.0 0.0 0.0 0.0 0.0 0.0 0.0 0.0 0.0 0.0 0.0 0.0 0.0 0.0 0.0 0.0 0.0 0.0 0.0 9.300000000000011 0.0 0.0 9.300000000000011 0.0 0.0 0.3 0.05 0.8 0.3 0.05 0.8 0.5 0.1 0.05
1990 10.673113822937012 0.0 0.0 0.0 0.0 0.0 0.0 0.0 0.0 0.0 0.0 0.0 0.0 0.0 0.0 0.0 0.0 0.0 0.0 0.0 0.0 0.0 0.0 0.0 9.300000000000011 0.0 0.0 9.300000000000011 0.0 0.0 0.3 0.05 0.8 0.3 0.05 0.8 0.5 0.1 0.05
1991 10.678472757339478 0.0 0.0 0.0 0.0 0.0 0.0 0.0 0.0 0.0 0.0 0.0 0.0 0.0 0.0 0.0 0.0 0.0 0.0 0.0 0.0 0.0 0.0 0.0 9.300000000000011 0.0 0.0 9.300000000000011 0.0 0.0 0.3 0.05 0.8 0.3 0.05 0.8 0.5 0.1 0.05
1992 10.683777332305908 0.0 0.0 0.0 0.0 0.0 0.0 0.0 0.0 0.0 0.0 0.0 0.0 0.0 0.0 0.0 0.0 0.0 0.0 0.0 0.0 0.0 0.0 0.0 9.300000000000011 0.0 0.0 9.300000000000011 0.0 0.0 0.3 0.05 0.8 0.3 0.05 0.8 0.5 0.1 0.05
1993 10.68912649154663 0.0 0.0 0.0 0.0 0.0 0.0 0.0 0.0 0.0 0.0 0.0 0.0 0.0 0.0 0.0 0.0 0.0 0.0 0.0 0.0 0.0 0.0 0.0 9.300000000000011 0.0 0.0 9.300000000000011 0.0 0.0 0.3 0.05 0.8 0.3 0.05 0.8 0.5 0.1 0.05
1994 10.69453239440918 0.0 0.0 0.0 0.0 0.0 0.0 0.0 0.0 0.0 0.0 0.0 0.0 0.0 0.0 0.0 0.0 0.0 0.0 0.0 0.0 0.0 0.0 0.0 9.300000000000011 0.0 0.0 9.300000000000011 0.0 0.0 0.3 0.05 0.8 0.3 0.05 0.8 0.5 0.1 0.05
1995 10.699857711791992 0.0 0.0 0.0 0.0 0.0 0.0 0.0 0.0 0.0 0.0 0.0 0.0 0.0 0.0 0.0 0.0 0.0 0.0 0.0 0.0 0.0 0.0 0.0 9.300000000000011 0.0 0.0 9.300000000000011 0.0 0.0 0.3 0.05 0.8 0.3 0.05 0.8 0.5 0.1 0.05
1996 10.705139636993408 0.0 0.0 0.0 0.0 0.0 0.0 0.0 0.0 0.0 0.0 0.0 0.0 0.0 0.0 0.0 0.0 0.0 0.0 0.0 0.0 0.0 0.0 0.0 9.300000000000011 0.0 0.0 9.300000000000011 0.0 0.0 0.3 0.05 0.8 0.3 0.05 0.8 0.5 0.1 0.05
1997 10.710532188415527 0.0 0.0 0.0 0.0 0.0 0.0 0.0 0.0 0.0 0.0 0.0 0.0 0.0 0.0 0.0 0.0 0.0 0.0 0.0 0.0 0.0 0.0 0.0 9.300000000000011 0.0 0.0 9.300000000000011 0.0 0.0 0.3 0.05 0.8 0.3 0.05 0.8 0.5 0.1 0.05
1998 10.715818643569946 0.0 0.0 0.0 0.0 0.0 0.0 0.0 0.0 0.0 0.0 0.0 0.0 0.0 0.0 0.0 0.0 0.0 0.0 0.0 0.0 0.0 0.0 0.0 9.300000000000011 0.0 0.0 9.300000000000011 0.0 0.0 0.3 0.05 0.8 0.3 0.05 0.8 0.5 0.1 0.05
1999 10.721267938613892 0.0 0.0 0.0 0.0 0.0 0.0 0.0 0.0 0.0 0.0 0.0 0.0 0.0 0.0 0.0 0.0 0.0 0.0 0.0 0.0 0.0 0.0 0.0 9.300000000000011 0.0 0.0 9.300000000000011 0.0 0.0 0.3 0.05 0.8 0.3 0.05 0.8 0.5 0.1 0.05
2000 10.726592063903809 0.0 0.0 0.0 0.0 0.0 0.0 0.0 0.0 0.0 0.0 0.0 0.0 0.0 0.0 0.0 0.0 0.0 0.0 0.0 0.0 0.0 0.0 0.0 9.300000000000011 0.0 0.0 9.300000000000011 0.0 0.0 0.3 0.05 0.8 0.3 0.05 0.8 0.5 0.1 0.05
2001 10.731963634490967 0.0 0.0 0.0 0.0 0.0 0.0 0.0 0.0 0.0 0.0 0.0 0.0 0.0 0.0 0.0 0.0 0.0 0.0 0.0 0.0 0.0 0.0 0.0 9.300000000000011 0.0 0.0 9.300000000000011 0.0 0.0 0.3 0.05 0.8 0.3 0.05 0.8 0.5 0.1 0.05
2002 10.7372567653656 0.0 0.0 0.0 0.0 0.0 0.0 0.0 0.0 0.0 0.0 0.0 0.0 0.0 0.0 0.0 0.0 0.0 0.0 0.0 0.0 0.0 0.0 0.0 9.300000000000011 0.0 0.0 9.300000000000011 0.0 0.0 0.3 0.05 0.8 0.3 0.05 0.8 0.5 0.1 0.05
2003 10.742624282836914 0.0 0.0 0.0 0.0 0.0 0.0 0.0 0.0 0.0 0.0 0.0 0.0 0.0 0.0 0.0 0.0 0.0 0.0 0.0 0.0 0.0 0.0 0.0 9.300000000000011 0.0 0.0 9.300000000000011 0.0 0.0 0.3 0.05 0.8 0.3 0.05 0.8 0.5 0.1 0.05
2004 10.747895956039429 0.0 0.0 0.0 0.0 0.0 0.0 0.0 0.0 0.0 0.0 0.0 0.0 0.0 0.0 0.0 0.0 0.0 0.0 0.0 0.0 0.0 0.0 0.0 9.300000000000011 0.0 0.0 9.300000000000011 0.0 0.0 0.3 0.05 0.8 0.3 0.05 0.8 0.5 0.1 0.05
2005 10.75324010848999 0.0 0.0 0.0 0.0 0.0 0.0 0.0 0.0 0.0 0.0 0.0 0.0 0.0 0.0 0.0 0.0 0.0 0.0 0.0 0.0 0.0 0.0 0.0 9.300000000000011 0.0 0.0 9.300000000000011 0.0 0.0 0.3 0.05 0.8 0.3 0.05 0.8 0.5 0.1 0.05
2006 10.758549213409424 0.0 0.0 0.0 0.0 0.0 0.0 0.0 0.0 0.0 0.0 0.0 0.0 0.0 0.0 0.0 0.0 0.0 0.0 0.0 0.0 0.0 0.0 0.0 9.300000000000011 0.0 0.0 9.300000000000011 0.0 0.0 0.3 0.05 0.8 0.3 0.05 0.8 0.5 0.1 0.05
2007 10.763829469680786 0.0 0.0 0.0 0.0 0.0 0.0 0.0 0.0 0.0 0.0 0.0 0.0 0.0 0.0 0.0 0.0 0.0 0.0 0.0 0.0 0.0 0.0 0.0 9.300000000000011 0.0 0.0 9.300000000000011 0.0 0.0 0.3 0.05 0.8 0.3 0.05 0.8 0.5 0.1 0.05
2008 10.76921558380127 0.0 0.0 0.0 0.0 0.0 0.0 0.0 0.0 0.0 0.0 0.0 0.0 0.0 0.0 0.0 0.0 0.0 0.0 0.0 0.0 0.0 0.0 0.0 9.300000000000011 0.0 0.0 9.300000000000011 0.0 0.0 0.3 0.05 0.8 0.3 0.05 0.8 0.5 0.1 0.05
2009 10.774515867233276 0.0 0.0 0.0 0.0 0.0 0.0 0.0 0.0 0.0 0.0 0.0 0.0 0.0 0.0 0.0 0.0 0.0 0.0 0.0 0.0 0.0 0.0 0.0 9.300000000000011 0.0 0.0 9.300000000000011 0.0 0.0 0.3 0.05 0.8 0.3 0.05 0.8 0.5 0.1 0.05
2010 10.779781818389893 0.0 0.0 0.0 0.0 0.0 0.0 0.0 0.0 0.0 0.0 0.0 0.0 0.0 0.0 0.0 0.0 0.0 0.0 0.0 0.0 0.0 0.0 0.0 9.300000000000011 0.0 0.0 9.300000000000011 0.0 0.0 0.3 0.05 0.8 0.3 0.05 0.8 0.5 0.1 0.05
2011 10.785303831100464 0.0 0.0 0.0 0.0 0.0 0.0 0.0 0.0 0.0 0.0 0.0 0.0 0.0 0.0 0.0 0.0 0.0 0.0 0.0 0.0 0.0 0.0 0.0 9.300000000000011 0.0 0.0 9.300000000000011 0.0 0.0 0.3 0.05 0.8 0.3 0.05 0.8 0.5 0.1 0.05
2012 10.790634870529175 0.0 0.0 0.0 0.0 0.0 0.0 0.0 0.0 0.0 0.0 0.0 0.0 0.0 0.0 0.0 0.0 0.0 0.0 0.0 0.0 0.0 0.0 0.0 9.300000000000011 0.0 0.0 9.300000000000011 0.0 0.0 0.3 0.05 0.8 0.3 0.05 0.8 0.5 0.1 0.05
2013 10.795960187911987 0.0 0.0 0.0 0.0 0.0 0.0 0.0 0.0 0.0 0.0 0.0 0.0 0.0 0.0 0.0 0.0 0.0 0.0 0.0 0.0 0.0 0.0 0.0 9.300000000000011 0.0 0.0 9.300000000000011 0.0 0.0 0.3 0.05 0.8 0.3 0.05 0.8 0.5 0.1 0.05
2014 10.801204204559326 0.0 0.0 0.0 0.0 0.0 0.0 0.0 0.0 0.0 0.0 0.0 0.0 0.0 0.0 0.0 0.0 0.0 0.0 0.0 0.0 0.0 0.0 0.0 9.300000000000011 0.0 0.0 9.300000000000011 0.0 0.0 0.3 0.05 0.8 0.3 0.05 0.8 0.5 0.1 0.05
2015 10.806521892547607 0.0 0.0 0.0 0.0 0.0 0.0 0.0 0.0 0.0 0.0 0.0 0.0 0.0 0.0 0.0 0.0 0.0 0.0 0.0 0.0 0.0 0.0 0.0 9.300000000000011 0.0 0.0 9.300000000000011 0.0 0.0 0.3 0.05 0.8 0.3 0.05 0.8 0.5 0.1 0.05
2016 10.811797618865967 0.0 0.0 0.0 0.0 0.0 0.0 0.0 0.0 0.0 0.0 0.0 0.0 0.0 0.0 0.0 0.0 0.0 0.0 0.0 0.0 0.0 0.0 0.0 9.300000000000011 0.0 0.0 9.300000000000011 0.0 0.0 0.3 0.05 0.8 0.3 0.05 0.8 0.5 0.1 0.05
2017 10.81702709197998 0.0 0.0 0.0 0.0 0.0 0.0 0.0 0.0 0.0 0.0 0.0 0.0 0.0 0.0 0.0 0.0 0.0 0.0 0.0 0.0 0.0 0.0 0.0 9.300000000000011 0.0 0.0 9.300000000000011 0.0 0.0 0.3 0.05 0.8 0.3 0.05 0.8 0.5 0.1 0.05
2018 10.822465419769287 0.0 0.0 0.0 0.0 0.0 0.0 0.0 0.0 0.0 0.0 0.0 0.0 0.0 0.0 0.0 0.0 0.0 0.0 0.0 0.0 0.0 0.0 0.0 9.300000000000011 0.0 0.0 9.300000000000011 0.0 0.0 0.3 0.05 0.8 0.3 0.05 0.8 0.5 0.1 0.05
2019 10.827807664871216 0.0 0.0 0.0 0.0 0.0 0.0 0.0 0.0 0.0 0.0 0.0 0.0 0.0 0.0 0.0 0.0 0.0 0.0 0.0 0.0 0.0 0.0 0.0 9.300000000000011 0.0 0.0 9.300000000000011 0.0 0.0 0.3 0.05 0.8 0.3 0.05 0.8 0.5 0.1 0.05
2020 10.833097457885742 0.0 0.0 0.0 0.0 0.0 0.0 0.0 0.0 0.0 0.0 0.0 0.0 0.0 0.0 0.0 0.0 0.0 0.0 0.0 0.0 0.0 0.0 0.0 9.300000000000011 0.0 0.0 9.300000000000011 0.0 0.0 0.3 0.05 0.8 0.3 0.05 0.8 0.5 0.1 0.05
2021 10.83846116065979 0.0 0.0 0.0 0.0 0.0 0.0 0.0 0.0 0.0 0.0 0.0 0.0 0.0 0.0 0.0 0.0 0.0 0.0 0.0 0.0 0.0 0.0 0.0 9.300000000000011 0.0 0.0 9.300000000000011 0.0 0.0 0.3 0.05 0.8 0.3 0.05 0.8 0.5 0.1 0.05
2022 10.843812942504883 0.0 0.0 0.0 0.0 0.0 0.0 0.0 0.0 0.0 0.0 0.0 0.0 0.0 0.0 0.0 0.0 0.0 0.0 0.0 0.0 0.0 0.0 0.0 9.300000000000011 0.0 0.0 9.300000000000011 0.0 0.0 0.3 0.05 0.8 0.3 0.05 0.8 0.5 0.1 0.05
2023 10.849125385284424 0.0 0.0 0.0 0.0 0.0 0.0 0.0 0.0 0.0 0.0 0.0 0.0 0.0 0.0 0.0 0.0 0.0 0.0 0.0 0.0 0.0 0.0 0.0 9.300000000000011 0.0 0.0 9.300000000000011 0.0 0.0 0.3 0.05 0.8 0.3 0.05 0.8 0.5 0.1 0.05
2024 10.854385375976562 0.0 0.0 0.0 0.0 0.0 0.0 0.0 0.0 0.0 0.0 0.0 0.0 0.0 0.0 0.0 0.0 0.0 0.0 0.0 0.0 0.0 0.0 0.0 9.300000000000011 0.0 0.0 9.300000000000011 0.0 0.0 0.3 0.05 0.8 0.3 0.05 0.8 0.5 0.1 0.05
2025 10.859601736068726 0.0 0.0 0.0 0.0 0.0 0.0 0.0 0.0 0.0 0.0 0.0 0.0 0.0 0.0 0.0 0.0 0.0 0.0 0.0 0.0 0.0 0.0 0.0 9.300000000000011 0.0 0.0 9.300000000000011 0.0 0.0 0.3 0.05 0.8 0.3 0.05 0.8 0.5 0.1 0.05
2026 10.86485743522644 0.0 0.0 0.0 0.0 0.0 0.0 0.0 0.0 0.0 0.0 0.0 0.0 0.0 0.0 0.0 0.0 0.0 0.0 0.0 0.0 0.0 0.0 0.0 9.300000000000011 0.0 0.0 9.300000000000011 0.0 0.0 0.3 0.05 0.8 0.3 0.05 0.8 0.5 0.1 0.05
2027 10.870111227035522 0.0 0.0 0.0 0.0 0.0 0.0 0.0 0.0 0.0 0.0 0.0 0.0 0.0 0.0 0.0 0.0 0.0 0.0 0.0 0.0 0.0 0.0 0.0 9.300000000000011 0.0 0.0 9.300000000000011 0.0 0.0 0.3 0.05 0.8 0.3 0.05 0.8 0.5 0.1 0.05
2028 10.875324010848999 0.0 0.0 0.0 0.0 0.0 0.0 0.0 0.0 0.0 0.0 0.0 0.0 0.0 0.0 0.0 0.0 0.0 0.0 0.0 0.0 0.0 0.0 0.0 9.300000000000011 0.0 0.0 9.300000000000011 0.0 0.0 0.3 0.05 0.8 0.3 0.05 0.8 0.5 0.1 0.05
2029 10.880571126937866 0.0 0.0 0.0 0.0 0.0 0.0 0.0 0.0 0.0 0.0 0.0 0.0 0.0 0.0 0.0 0.0 0.0 0.0 0.0 0.0 0.0 0.0 0.0 9.300000000000011 0.0 0.0 9.300000000000011 0.0 0.0 0.3 0.05 0.8 0.3 0.05 0.8 0.5 0.1 0.05
2030 10.885812520980835 0.0 0.0 0.0 0.0 0.0 0.0 0.0 0.0 0.0 0.0 0.0 0.0 0.0 0.0 0.0 0.0 0.0 0.0 0.0 0.0 0.0 0.0 0.0 9.300000000000011 0.0 0.0 9.300000000000011 0.0 0.0 0.3 0.05 0.8 0.3 0.05 0.8 0.5 0.1 0.05
2031 10.891285419464111 0.0 0.0 0.0 0.0 0.0 0.0 0.0 0.0 0.0 0.0 0.0 0.0 0.0 0.0 0.0 0.0 0.0 0.0 0.0 0.0 0.0 0.0 0.0 9.300000000000011 0.0 0.0 9.300000000000011 0.0 0.0 0.3 0.05 0.8 0.3 0.05 0.8 0.5 0.1 0.05
2032 10.89661431312561 0.0 0.0 0.0 0.0 0.0 0.0 0.0 0.0 0.0 0.0 0.0 0.0 0.0 0.0 0.0 0.0 0.0 0.0 0.0 0.0 0.0 0.0 0.0 9.300000000000011 0.0 0.0 9.300000000000011 0.0 0.0 0.3 0.05 0.8 0.3 0.05 0.8 0.5 0.1 0.05
2033 10.901941537857056 0.0 0.0 0.0 0.0 0.0 0.0 0.0 0.0 0.0 0.0 0.0 0.0 0.0 0.0 0.0 0.0 0.0 0.0 0.0 0.0 0.0 0.0 0.0 9.300000000000011 0.0 0.0 9.300000000000011 0.0 0.0 0.3 0.05 0.8 0.3 0.05 0.8 0.5 0.1 0.05
2034 10.907313585281372 0.0 0.0 0.0 0.0 0.0 0.0 0.0 0.0 0.0 0.0 0.0 0.0 0.0 0.0 0.0 0.0 0.0 0.0 0.0 0.0 0.0 0.0 0.0 9.300000000000011 0.0 0.0 9.300000000000011 0.0 0.0 0.3 0.05 0.8 0.3 0.05 0.8 0.5 0.1 0.05
2035 10.912527799606323 0.0 0.0 0.0 0.0 0.0 0.0 0.0 0.0 0.0 0.0 0.0 0.0 0.0 0.0 0.0 0.0 0.0 0.0 0.0 0.0 0.0 0.0 0.0 9.300000000000011 0.0 0.0 9.300000000000011 0.0 0.0 0.3 0.05 0.8 0.3 0.05 0.8 0.5 0.1 0.05
2036 10.917750597000122 0.0 0.0 0.0 0.0 0.0 0.0 0.0 0.0 0.0 0.0 0.0 0.0 0.0 0.0 0.0 0.0 0.0 0.0 0.0 0.0 0.0 0.0 0.0 9.300000000000011 0.0 0.0 9.300000000000011 0.0 0.0 0.3 0.05 0.8 0.3 0.05 0.8 0.5 0.1 0.05
2037 10.9229896068573 0.0 0.0 0.0 0.0 0.0 0.0 0.0 0.0 0.0 0.0 0.0 0.0 0.0 0.0 0.0 0.0 0.0 0.0 0.0 0.0 0.0 0.0 0.0 9.300000000000011 0.0 0.0 9.300000000000011 0.0 0.0 0.3 0.05 0.8 0.3 0.05 0.8 0.5 0.1 0.05
2038 10.928343296051025 0.0 0.0 0.0 0.0 0.0 0.0 0.0 0.0 0.0 0.0 0.0 0.0 0.0 0.0 0.0 0.0 0.0 0.0 0.0 0.0 0.0 0.0 0.0 9.300000000000011 0.0 0.0 9.300000000000011 0.0 0.0 0.3 0.05 0.8 0.3 0.05 0.8 0.5 0.1 0.05
2039 10.93361234664917 0.0 0.0 0.0 0.0 0.0 0.0 0.0 0.0 0.0 0.0 0.0 0.0 0.0 0.0 0.0 0.0 0.0 0.0 0.0 0.0 0.0 0.0 0.0 9.300000000000011 0.0 0.0 9.300000000000011 0.0 0.0 0.3 0.05 0.8 0.3 0.05 0.8 0.5 0.1 0.05
2040 10.938850164413452 0.0 0.0 0.0 0.0 0.0 0.0 0.0 0.0 0.0 0.0 0.0 0.0 0.0 0.0 0.0 0.0 0.0 0.0 0.0 0.0 0.0 0.0 0.0 9.300000000000011 0.0 0.0 9.300000000000011 0.0 0.0 0.3 0.05 0.8 0.3 0.05 0.8 0.5 0.1 0.05
2041 10.944193124771118 0.0 0.0 0.0 0.0 0.0 0.0 0.0 0.0 0.0 0.0 0.0 0.0 0.0 0.0 0.0 0.0 0.0 0.0 0.0 0.0 0.0 0.0 0.0 9.300000000000011 0.0 0.0 9.300000000000011 0.0 0.0 0.3 0.05 0.8 0.3 0.05 0.8 0.5 0.1 0.05
2042 10.949470520019531 0.0 0.0 0.0 0.0 0.0 0.0 0.0 0.0 0.0 0.0 0.0 0.0 0.0 0.0 0.0 0.0 0.0 0.0 0.0 0.0 0.0 0.0 0.0 9.300000000000011 0.0 0.0 9.300000000000011 0.0 0.0 0.3 0.05 0.8 0.3 0.05 0.8 0.5 0.1 0.05
2043 10.954789638519287 0.0 0.0 0.0 0.0 0.0 0.0 0.0 0.0 0.0 0.0 0.0 0.0 0.0 0.0 0.0 0.0 0.0 0.0 0.0 0.0 0.0 0.0 0.0 9.300000000000011 0.0 0.0 9.300000000000011 0.0 0.0 0.3 0.05 0.8 0.3 0.05 0.8 0.5 0.1 0.05
2044 10.960091352462769 0.0 0.0 0.0 0.0 0.0 0.0 0.0 0.0 0.0 0.0 0.0 0.0 0.0 0.0 0.0 0.0 0.0 0.0 0.0 0.0 0.0 0.0 0.0 9.300000000000011 0.0 0.0 9.300000000000011 0.0 0.0 0.3 0.05 0.8 0.3 0.05 0.8 0.5 0.1 0.05
2045 10.965406894683838 0.0 0.0 0.0 0.0 0.0 0.0 0.0 0.0 0.0 0.0 0.0 0.0 0.0 0.0 0.0 0.0 0.0 0.0 0.0 0.0 0.0 0.0 0.0 9.300000000000011 0.0 0.0 9.300000000000011 0.0 0.0 0.3 0.05 0.8 0.3 0.05 0.8 0.5 0.1 0.05
2046 10.970672369003296 0.0 0.0 0.0 0.0 0.0 0.0 0.0 0.0 0.0 0.0 0.0 0.0 0.0 0.0 0.0 0.0 0.0 0.0 0.0 0.0 0.0 0.0 0.0 9.300000000000011 0.0 0.0 9.300000000000011 0.0 0.0 0.3 0.05 0.8 0.3 0.05 0.8 0.5 0.1 0.05
2047 10.976003885269165 0.0 0.0 0.0 0.0 0.0 0.0 0.0 0.0 0.0 0.0 0.0 0.0 0.0 0.0 0.0 0.0 0.0 0.0 0.0 0.0 0.0 0.0 0.0 9.300000000000011 0.0 0.0 9.300000000000011 0.0 0.0 0.3 0.05 0.8 0.3 0.05 0.8 0.5 0.1 0.05
2048 10.981261491775513 0.0 0.0 0.0 0.0 0.0 0.0 0.0 0.0 0.0 0.0 0.0 0.0 0.0 0.0 0.0 0.0 0.0 0.0 0.0 0.0 0.0 0.0 0.0 9.300000000000011 0.0 0.0 9.300000000000011 0.0 0.0 0.3 0.05 0.8 0.3 0.05 0.8 0.5 0.1 0.05
2049 10.986477613449097 0.0 0.0 0.0 0.0 0.0 0.0 0.0 0.0 0.0 0.0 0.0 0.0 0.0 0.0 0.0 0.0 0.0 0.0 0.0 0.0 0.0 0.0 0.0 9.300000000000011 0.0 0.0 9.300000000000011 0.0 0.0 0.3 0.05 0.8 0.3 0.05 0.8 0.5 0.1 0.05
2050 10.991713285446167 0.0 0.0 0.0 0.0 0.0 0.0 0.0 0.0 0.0 0.0 0.0 0.0 0.0 0.0 0.0 0.0 0.0 0.0 0.0 0.0 0.0 0.0 0.0 9.300000000000011 0.0 0.0 9.300000000000011 0.0 0.0 0.3 0.05 0.8 0.3 0.05 0.8 0.5 0.1 0.05
2051 10.997092723846436 0.0 0.0 0.0 0.0 0.0 0.0 0.0 0.0 0.0 0.0 0.0 0.0 0.0 0.0 0.0 0.0 0.0 0.0 0.0 0.0 0.0 0.0 0.0 9.300000000000011 0.0 0.0 9.300000000000011 0.0 0.0 0.3 0.05 0.8 0.3 0.05 0.8 0.5 0.1 0.05
2052 11.002393007278442 0.0 0.0 0.0 0.0 0.0 0.0 0.0 0.0 0.0 0.0 0.0 0.0 0.0 0.0 0.0 0.0 0.0 0.0 0.0 0.0 0.0 0.0 0.0 9.300000000000011 0.0 0.0 9.300000000000011 0.0 0.0 0.3 0.05 0.8 0.3 0.05 0.8 0.5 0.1 0.05
2053 11.007702350616455 0.0 0.0 0.0 0.0 0.0 0.0 0.0 0.0 0.0 0.0 0.0 0.0 0.0 0.0 0.0 0.0 0.0 0.0 0.0 0.0 0.0 0.0 0.0 9.300000000000011 0.0 0.0 9.300000000000011 0.0 0.0 0.3 0.05 0.8 0.3 0.05 0.8 0.5 0.1 0.05
2054 11.012941122055054 0.0 0.0 0.0 0.0 0.0 0.0 0.0 0.0 0.0 0.0 0.0 0.0 0.0 0.0 0.0 0.0 0.0 0.0 0.0 0.0 0.0 0.0 0.0 9.300000000000011 0.0 0.0 9.300000000000011 0.0 0.0 0.3 0.05 0.8 0.3 0.05 0.8 0.5 0.1 0.05
2055 11.018283128738403 0.0 0.0 0.0 0.0 0.0 0.0 0.0 0.0 0.0 0.0 0.0 0.0 0.0 0.0 0.0 0.0 0.0 0.0 0.0 0.0 0.0 0.0 0.0 9.300000000000011 0.0 0.0 9.300000000000011 0.0 0.0 0.3 0.05 0.8 0.3 0.05 0.8 0.5 0.1 0.05
2056 11.023564100265503 0.0 0.0 0.0 0.0 0.0 0.0 0.0 0.0 0.0 0.0 0.0 0.0 0.0 0.0 0.0 0.0 0.0 0.0 0.0 0.0 0.0 0.0 0.0 9.300000000000011 0.0 0.0 9.300000000000011 0.0 0.0 0.3 0.05 0.8 0.3 0.05 0.8 0.5 0.1 0.05
2057 11.028987646102905 0.0 0.0 0.0 0.0 0.0 0.0 0.0 0.0 0.0 0.0 0.0 0.0 0.0 0.0 0.0 0.0 0.0 0.0 0.0 0.0 0.0 0.0 0.0 9.300000000000011 0.0 0.0 9.300000000000011 0.0 0.0 0.3 0.05 0.8 0.3 0.05 0.8 0.5 0.1 0.05
2058 11.034328937530518 0.0 0.0 0.0 0.0 0.0 0.0 0.0 0.0 0.0 0.0 0.0 0.0 0.0 0.0 0.0 0.0 0.0 0.0 0.0 0.0 0.0 0.0 0.0 9.300000000000011 0.0 0.0 9.300000000000011 0.0 0.0 0.3 0.05 0.8 0.3 0.05 0.8 0.5 0.1 0.05
2059 11.039570808410645 0.0 0.0 0.0 0.0 0.0 0.0 0.0 0.0 0.0 0.0 0.0 0.0 0.0 0.0 0.0 0.0 0.0 0.0 0.0 0.0 0.0 0.0 0.0 9.300000000000011 0.0 0.0 9.300000000000011 0.0 0.0 0.3 0.05 0.8 0.3 0.05 0.8 0.5 0.1 0.05
2060 11.044807195663452 0.0 0.0 0.0 0.0 0.0 0.0 0.0 0.0 0.0 0.0 0.0 0.0 0.0 0.0 0.0 0.0 0.0 0.0 0.0 0.0 0.0 0.0 0.0 9.300000000000011 0.0 0.0 9.300000000000011 0.0 0.0 0.3 0.05 0.8 0.3 0.05 0.8 0.5 0.1 0.05
2061 11.050292491912842 0.0 0.0 0.0 0.0 0.0 0.0 0.0 0.0 0.0 0.0 0.0 0.0 0.0 0.0 0.0 0.0 0.0 0.0 0.0 0.0 0.0 0.0 0.0 9.300000000000011 0.0 0.0 9.300000000000011 0.0 0.0 0.3 0.05 0.8 0.3 0.05 0.8 0.5 0.1 0.05
2062 11.055560111999512 0.0 0.0 0.0 0.0 0.0 0.0 0.0 0.0 0.0 0.0 0.0 0.0 0.0 0.0 0.0 0.0 0.0 0.0 0.0 0.0 0.0 0.0 0.0 9.300000000000011 0.0 0.0 9.300000000000011 0.0 0.0 0.3 0.05 0.8 0.3 0.05 0.8 0.5 0.1 0.05
2063 11.06091594696045 0.0 0.0 0.0 0.0 0.0 0.0 0.0 0.0 0.0 0.0 0.0 0.0 0.0 0.0 0.0 0.0 0.0 0.0 0.0 0.0 0.0 0.0 0.0 9.300000000000011 0.0 0.0 9.300000000000011 0.0 0.0 0.3 0.05 0.8 0.3 0.05 0.8 0.5 0.1 0.05
2064 11.066438674926758 0.0 0.0 0.0 0.0 0.0 0.0 0.0 0.0 0.0 0.0 0.0 0.0 0.0 0.0 0.0 0.0 0.0 0.0 0.0 0.0 0.0 0.0 0.0 9.300000000000011 0.0 0.0 9.300000000000011 0.0 0.0 0.3 0.05 0.8 0.3 0.05 0.8 0.5 0.1 0.05
2065 11.07171106338501 0.0 0.0 0.0 0.0 0.0 0.0 0.0 0.0 0.0 0.0 0.0 0.0 0.0 0.0 0.0 0.0 0.0 0.0 0.0 0.0 0.0 0.0 0.0 9.300000000000011 0.0 0.0 9.300000000000011 0.0 0.0 0.3 0.05 0.8 0.3 0.05 0.8 0.5 0.1 0.05
2066 11.07701826095581 0.0 0.0 0.0 0.0 0.0 0.0 0.0 0.0 0.0 0.0 0.0 0.0 0.0 0.0 0.0 0.0 0.0 0.0 0.0 0.0 0.0 0.0 0.0 9.300000000000011 0.0 0.0 9.300000000000011 0.0 0.0 0.3 0.05 0.8 0.3 0.05 0.8 0.5 0.1 0.05
2067 11.082456350326538 0.0 0.0 0.0 0.0 0.0 0.0 0.0 0.0 0.0 0.0 0.0 0.0 0.0 0.0 0.0 0.0 0.0 0.0 0.0 0.0 0.0 0.0 0.0 9.300000000000011 0.0 0.0 9.300000000000011 0.0 0.0 0.3 0.05 0.8 0.3 0.05 0.8 0.5 0.1 0.05
2068 11.087696313858032 0.0 0.0 0.0 0.0 0.0 0.0 0.0 0.0 0.0 0.0 0.0 0.0 0.0 0.0 0.0 0.0 0.0 0.0 0.0 0.0 0.0 0.0 0.0 9.300000000000011 0.0 0.0 9.300000000000011 0.0 0.0 0.3 0.05 0.8 0.3 0.05 0.8 0.5 0.1 0.05
2069 11.09290623664856 0.0 0.0 0.0 0.0 0.0 0.0 0.0 0.0 0.0 0.0 0.0 0.0 0.0 0.0 0.0 0.0 0.0 0.0 0.0 0.0 0.0 0.0 0.0 9.300000000000011 0.0 0.0 9.300000000000011 0.0 0.0 0.3 0.05 0.8 0.3 0.05 0.8 0.5 0.1 0.05
2070 11.098121404647827 0.0 0.0 0.0 0.0 0.0 0.0 0.0 0.0 0.0 0.0 0.0 0.0 0.0 0.0 0.0 0.0 0.0 0.0 0.0 0.0 0.0 0.0 0.0 9.300000000000011 0.0 0.0 9.300000000000011 0.0 0.0 0.3 0.05 0.8 0.3 0.05 0.8 0.5 0.1 0.05
2071 11.10346531867981 0.0 0.0 0.0 0.0 0.0 0.0 0.0 0.0 0.0 0.0 0.0 0.0 0.0 0.0 0.0 0.0 0.0 0.0 0.0 0.0 0.0 0.0 0.0 9.300000000000011 0.0 0.0 9.300000000000011 0.0 0.0 0.3 0.05 0.8 0.3 0.05 0.8 0.5 0.1 0.05
2072 11.108717203140259 0.0 0.0 0.0 0.0 0.0 0.0 0.0 0.0 0.0 0.0 0.0 0.0 0.0 0.0 0.0 0.0 0.0 0.0 0.0 0.0 0.0 0.0 0.0 9.300000000000011 0.0 0.0 9.300000000000011 0.0 0.0 0.3 0.05 0.8 0.3 0.05 0.8 0.5 0.1 0.05
2073 11.114064693450928 0.0 0.0 0.0 0.0 0.0 0.0 0.0 0.0 0.0 0.0 0.0 0.0 0.0 0.0 0.0 0.0 0.0 0.0 0.0 0.0 0.0 0.0 0.0 9.300000000000011 0.0 0.0 9.300000000000011 0.0 0.0 0.3 0.05 0.8 0.3 0.05 0.8 0.5 0.1 0.05
2074 11.119338035583496 0.0 0.0 0.0 0.0 0.0 0.0 0.0 0.0 0.0 0.0 0.0 0.0 0.0 0.0 0.0 0.0 0.0 0.0 0.0 0.0 0.0 0.0 0.0 9.300000000000011 0.0 0.0 9.300000000000011 0.0 0.0 0.3 0.05 0.8 0.3 0.05 0.8 0.5 0.1 0.05
2075 11.12486481666565 0.0 0.0 0.0 0.0 0.0 0.0 0.0 0.0 0.0 0.0 0.0 0.0 0.0 0.0 0.0 0.0 0.0 0.0 0.0 0.0 0.0 0.0 0.0 9.300000000000011 0.0 0.0 9.300000000000011 0.0 0.0 0.3 0.05 0.8 0.3 0.05 0.8 0.5 0.1 0.05
2076 11.13025975227356 0.0 0.0 0.0 0.0 0.0 0.0 0.0 0.0 0.0 0.0 0.0 0.0 0.0 0.0 0.0 0.0 0.0 0.0 0.0 0.0 0.0 0.0 0.0 9.300000000000011 0.0 0.0 9.300000000000011 0.0 0.0 0.3 0.05 0.8 0.3 0.05 0.8 0.5 0.1 0.05
2077 11.135617017745972 0.0 0.0 0.0 0.0 0.0 0.0 0.0 0.0 0.0 0.0 0.0 0.0 0.0 0.0 0.0 0.0 0.0 0.0 0.0 0.0 0.0 0.0 0.0 9.300000000000011 0.0 0.0 9.300000000000011 0.0 0.0 0.3 0.05 0.8 0.3 0.05 0.8 0.5 0.1 0.05
2078 11.140902042388916 0.0 0.0 0.0 0.0 0.0 0.0 0.0 0.0 0.0 0.0 0.0 0.0 0.0 0.0 0.0 0.0 0.0 0.0 0.0 0.0 0.0 0.0 0.0 9.300000000000011 0.0 0.0 9.300000000000011 0.0 0.0 0.3 0.05 0.8 0.3 0.05 0.8 0.5 0.1 0.05
2079 11.14615273475647 0.0 0.0 0.0 0.0 0.0 0.0 0.0 0.0 0.0 0.0 0.0 0.0 0.0 0.0 0.0 0.0 0.0 0.0 0.0 0.0 0.0 0.0 0.0 9.300000000000011 0.0 0.0 9.300000000000011 0.0 0.0 0.3 0.05 0.8 0.3 0.05 0.8 0.5 0.1 0.05
2080 11.151442050933838 0.0 0.0 0.0 0.0 0.0 0.0 0.0 0.0 0.0 0.0 0.0 0.0 0.0 0.0 0.0 0.0 0.0 0.0 0.0 0.0 0.0 0.0 0.0 9.300000000000011 0.0 0.0 9.300000000000011 0.0 0.0 0.3 0.05 0.8 0.3 0.05 0.8 0.5 0.1 0.05
2081 11.15683364868164 0.0 0.0 0.0 0.0 0.0 0.0 0.0 0.0 0.0 0.0 0.0 0.0 0.0 0.0 0.0 0.0 0.0 0.0 0.0 0.0 0.0 0.0 0.0 9.300000000000011 0.0 0.0 9.300000000000011 0.0 0.0 0.3 0.05 0.8 0.3 0.05 0.8 0.5 0.1 0.05
2082 11.16220474243164 0.0 0.0 0.0 0.0 0.0 0.0 0.0 0.0 0.0 0.0 0.0 0.0 0.0 0.0 0.0 0.0 0.0 0.0 0.0 0.0 0.0 0.0 0.0 9.300000000000011 0.0 0.0 9.300000000000011 0.0 0.0 0.3 0.05 0.8 0.3 0.05 0.8 0.5 0.1 0.05
2083 11.16753363609314 0.0 0.0 0.0 0.0 0.0 0.0 0.0 0.0 0.0 0.0 0.0 0.0 0.0 0.0 0.0 0.0 0.0 0.0 0.0 0.0 0.0 0.0 0.0 9.300000000000011 0.0 0.0 9.300000000000011 0.0 0.0 0.3 0.05 0.8 0.3 0.05 0.8 0.5 0.1 0.05
2084 11.172767162322998 0.0 0.0 0.0 0.0 0.0 0.0 0.0 0.0 0.0 0.0 0.0 0.0 0.0 0.0 0.0 0.0 0.0 0.0 0.0 0.0 0.0 0.0 0.0 9.300000000000011 0.0 0.0 9.300000000000011 0.0 0.0 0.3 0.05 0.8 0.3 0.05 0.8 0.5 0.1 0.05
2085 11.178022146224976 0.0 0.0 0.0 0.0 0.0 0.0 0.0 0.0 0.0 0.0 0.0 0.0 0.0 0.0 0.0 0.0 0.0 0.0 0.0 0.0 0.0 0.0 0.0 9.300000000000011 0.0 0.0 9.300000000000011 0.0 0.0 0.3 0.05 0.8 0.3 0.05 0.8 0.5 0.1 0.05
2086 11.183279991149902 0.0 0.0 0.0 0.0 0.0 0.0 0.0 0.0 0.0 0.0 0.0 0.0 0.0 0.0 0.0 0.0 0.0 0.0 0.0 0.0 0.0 0.0 0.0 9.300000000000011 0.0 0.0 9.300000000000011 0.0 0.0 0.3 0.05 0.8 0.3 0.05 0.8 0.5 0.1 0.05
2087 11.188565015792847 0.0 0.0 0.0 0.0 0.0 0.0 0.0 0.0 0.0 0.0 0.0 0.0 0.0 0.0 0.0 0.0 0.0 0.0 0.0 0.0 0.0 0.0 0.0 9.300000000000011 0.0 0.0 9.300000000000011 0.0 0.0 0.3 0.05 0.8 0.3 0.05 0.8 0.5 0.1 0.05
2088 11.19381046295166 0.0 0.0 0.0 0.0 0.0 0.0 0.0 0.0 0.0 0.0 0.0 0.0 0.0 0.0 0.0 0.0 0.0 0.0 0.0 0.0 0.0 0.0 0.0 9.300000000000011 0.0 0.0 9.300000000000011 0.0 0.0 0.3 0.05 0.8 0.3 0.05 0.8 0.5 0.1 0.05
2089 11.199144124984741 0.0 0.0 0.0 0.0 0.0 0.0 0.0 0.0 0.0 0.0 0.0 0.0 0.0 0.0 0.0 0.0 0.0 0.0 0.0 0.0 0.0 0.0 0.0 9.300000000000011 0.0 0.0 9.300000000000011 0.0 0.0 0.3 0.05 0.8 0.3 0.05 0.8 0.5 0.1 0.05
2090 11.204421520233154 0.0 0.0 0.0 0.0 0.0 0.0 0.0 0.0 0.0 0.0 0.0 0.0 0.0 0.0 0.0 0.0 0.0 0.0 0.0 0.0 0.0 0.0 0.0 9.300000000000011 0.0 0.0 9.300000000000011 0.0 0.0 0.3 0.05 0.8 0.3 0.05 0.8 0.5 0.1 0.05
2091 11.209795951843262 0.0 0.0 0.0 0.0 0.0 0.0 0.0 0.0 0.0 0.0 0.0 0.0 0.0 0.0 0.0 0.0 0.0 0.0 0.0 0.0 0.0 0.0 0.0 9.300000000000011 0.0 0.0 9.300000000000011 0.0 0.0 0.3 0.05 0.8 0.3 0.05 0.8 0.5 0.1 0.05
2092 11.215067386627197 0.0 0.0 0.0 0.0 0.0 0.0 0.0 0.0 0.0 0.0 0.0 0.0 0.0 0.0 0.0 0.0 0.0 0.0 0.0 0.0 0.0 0.0 0.0 9.300000000000011 0.0 0.0 9.300000000000011 0.0 0.0 0.3 0.05 0.8 0.3 0.05 0.8 0.5 0.1 0.05
2093 11.220372200012207 0.0 0.0 0.0 0.0 0.0 0.0 0.0 0.0 0.0 0.0 0.0 0.0 0.0 0.0 0.0 0.0 0.0 0.0 0.0 0.0 0.0 0.0 0.0 9.300000000000011 0.0 0.0 9.300000000000011 0.0 0.0 0.3 0.05 0.8 0.3 0.05 0.8 0.5 0.1 0.05
2094 11.225608587265015 0.0 0.0 0.0 0.0 0.0 0.0 0.0 0.0 0.0 0.0 0.0 0.0 0.0 0.0 0.0 0.0 0.0 0.0 0.0 0.0 0.0 0.0 0.0 9.300000000000011 0.0 0.0 9.300000000000011 0.0 0.0 0.3 0.05 0.8 0.3 0.05 0.8 0.5 0.1 0.05
2095 11.23084306716919 0.0 0.0 0.0 0.0 0.0 0.0 0.0 0.0 0.0 0.0 0.0 0.0 0.0 0.0 0.0 0.0 0.0 0.0 0.0 0.0 0.0 0.0 0.0 9.300000000000011 0.0 0.0 9.300000000000011 0.0 0.0 0.3 0.05 0.8 0.3 0.05 0.8 0.5 0.1 0.05
2096 11.236221551895142 0.0 0.0 0.0 0.0 0.0 0.0 0.0 0.0 0.0 0.0 0.0 0.0 0.0 0.0 0.0 0.0 0.0 0.0 0.0 0.0 0.0 0.0 0.0 9.300000000000011 0.0 0.0 9.300000000000011 0.0 0.0 0.3 0.05 0.8 0.3 0.05 0.8 0.5 0.1 0.05
2097 11.241491556167603 0.0 0.0 0.0 0.0 0.0 0.0 0.0 0.0 0.0 0.0 0.0 0.0 0.0 0.0 0.0 0.0 0.0 0.0 0.0 0.0 0.0 0.0 0.0 9.300000000000011 0.0 0.0 9.300000000000011 0.0 0.0 0.3 0.05 0.8 0.3 0.05 0.8 0.5 0.1 0.05
2098 11.246831178665161 0.0 0.0 0.0 0.0 0.0 0.0 0.0 0.0 0.0 0.0 0.0 0.0 0.0 0.0 0.0 0.0 0.0 0.0 0.0 0.0 0.0 0.0 0.0 9.300000000000011 0.0 0.0 9.300000000000011 0.0 0.0 0.3 0.05 0.8 0.3 0.05 0.8 0.5 0.1 0.05
2099 11.252106666564941 0.0 0.0 0.0 0.0 0.0 0.0 0.0 0.0 0.0 0.0 0.0 0.0 0.0 0.0 0.0 0.0 0.0 0.0 0.0 0.0 0.0 0.0 0.0 9.300000000000011 0.0 0.0 9.300000000000011 0.0 0.0 0.3 0.05 0.8 0.3 0.05 0.8 0.5 0.1 0.05
2100 11.257349014282227 0.0 0.0 0.0 0.0 0.0 0.0 0.0 0.0 0.0 0.0 0.0 0.0 0.0 0.0 0.0 0.0 0.0 0.0 0.0 0.0 0.0 0.0 0.0 9.300000000000011 0.0 0.0 9.300000000000011 0.0 0.0 0.3 0.05 0.8 0.3 0.05 0.8 0.5 0.1 0.05
2101 11.262810707092285 0.0 0.0 0.0 0.0 0.0 0.0 0.0 0.0 0.0 0.0 0.0 0.0 0.0 0.0 0.0 0.0 0.0 0.0 0.0 0.0 0.0 0.0 0.0 9.300000000000011 0.0 0.0 9.300000000000011 0.0 0.0 0.3 0.05 0.8 0.3 0.05 0.8 0.5 0.1 0.05
2102 11.26810884475708 0.0 0.0 0.0 0.0 0.0 0.0 0.0 0.0 0.0 0.0 0.0 0.0 0.0 0.0 0.0 0.0 0.0 0.0 0.0 0.0 0.0 0.0 0.0 9.300000000000011 0.0 0.0 9.300000000000011 0.0 0.0 0.3 0.05 0.8 0.3 0.05 0.8 0.5 0.1 0.05
2103 11.273386240005493 0.0 0.0 0.0 0.0 0.0 0.0 0.0 0.0 0.0 0.0 0.0 0.0 0.0 0.0 0.0 0.0 0.0 0.0 0.0 0.0 0.0 0.0 0.0 9.300000000000011 0.0 0.0 9.300000000000011 0.0 0.0 0.3 0.05 0.8 0.3 0.05 0.8 0.5 0.1 0.05
2104 11.278600215911865 0.0 0.0 0.0 0.0 0.0 0.0 0.0 0.0 0.0 0.0 0.0 0.0 0.0 0.0 0.0 0.0 0.0 0.0 0.0 0.0 0.0 0.0 0.0 9.300000000000011 0.0 0.0 9.300000000000011 0.0 0.0 0.3 0.05 0.8 0.3 0.05 0.8 0.5 0.1 0.05
2105 11.283852100372314 0.0 0.0 0.0 0.0 0.0 0.0 0.0 0.0 0.0 0.0 0.0 0.0 0.0 0.0 0.0 0.0 0.0 0.0 0.0 0.0 0.0 0.0 0.0 9.300000000000011 0.0 0.0 9.300000000000011 0.0 0.0 0.3 0.05 0.8 0.3 0.05 0.8 0.5 0.1 0.05
2106 11.28907322883606 0.0 0.0 0.0 0.0 0.0 0.0 0.0 0.0 0.0 0.0 0.0 0.0 0.0 0.0 0.0 0.0 0.0 0.0 0.0 0.0 0.0 0.0 0.0 9.300000000000011 0.0 0.0 9.300000000000011 0.0 0.0 0.3 0.05 0.8 0.3 0.05 0.8 0.5 0.1 0.05
2107 11.294294118881226 0.0 0.0 0.0 0.0 0.0 0.0 0.0 0.0 0.0 0.0 0.0 0.0 0.0 0.0 0.0 0.0 0.0 0.0 0.0 0.0 0.0 0.0 0.0 9.300000000000011 0.0 0.0 9.300000000000011 0.0 0.0 0.3 0.05 0.8 0.3 0.05 0.8 0.5 0.1 0.05
2108 11.299500703811646 0.0 0.0 0.0 0.0 0.0 0.0 0.0 0.0 0.0 0.0 0.0 0.0 0.0 0.0 0.0 0.0 0.0 0.0 0.0 0.0 0.0 0.0 0.0 9.300000000000011 0.0 0.0 9.300000000000011 0.0 0.0 0.3 0.05 0.8 0.3 0.05 0.8 0.5 0.1 0.05
2109 11.30475926399231 0.0 0.0 0.0 0.0 0.0 0.0 0.0 0.0 0.0 0.0 0.0 0.0 0.0 0.0 0.0 0.0 0.0 0.0 0.0 0.0 0.0 0.0 0.0 9.300000000000011 0.0 0.0 9.300000000000011 0.0 0.0 0.3 0.05 0.8 0.3 0.05 0.8 0.5 0.1 0.05
2110 11.31008267402649 0.0 0.0 0.0 0.0 0.0 0.0 0.0 0.0 0.0 0.0 0.0 0.0 0.0 0.0 0.0 0.0 0.0 0.0 0.0 0.0 0.0 0.0 0.0 9.300000000000011 0.0 0.0 9.300000000000011 0.0 0.0 0.3 0.05 0.8 0.3 0.05 0.8 0.5 0.1 0.05
2111 11.315423250198364 0.0 0.0 0.0 0.0 0.0 0.0 0.0 0.0 0.0 0.0 0.0 0.0 0.0 0.0 0.0 0.0 0.0 0.0 0.0 0.0 0.0 0.0 0.0 9.300000000000011 0.0 0.0 9.300000000000011 0.0 0.0 0.3 0.05 0.8 0.3 0.05 0.8 0.5 0.1 0.05
2112 11.320778846740723 0.0 0.0 0.0 0.0 0.0 0.0 0.0 0.0 0.0 0.0 0.0 0.0 0.0 0.0 0.0 0.0 0.0 0.0 0.0 0.0 0.0 0.0 0.0 9.300000000000011 0.0 0.0 9.300000000000011 0.0 0.0 0.3 0.05 0.8 0.3 0.05 0.8 0.5 0.1 0.05
2113 11.326135158538818 0.0 0.0 0.0 0.0 0.0 0.0 0.0 0.0 0.0 0.0 0.0 0.0 0.0 0.0 0.0 0.0 0.0 0.0 0.0 0.0 0.0 0.0 0.0 9.300000000000011 0.0 0.0 9.300000000000011 0.0 0.0 0.3 0.05 0.8 0.3 0.05 0.8 0.5 0.1 0.05
2114 11.33141803741455 0.0 0.0 0.0 0.0 0.0 0.0 0.0 0.0 0.0 0.0 0.0 0.0 0.0 0.0 0.0 0.0 0.0 0.0 0.0 0.0 0.0 0.0 0.0 9.300000000000011 0.0 0.0 9.300000000000011 0.0 0.0 0.3 0.05 0.8 0.3 0.05 0.8 0.5 0.1 0.05
2115 11.336947441101074 0.0 0.0 0.0 0.0 0.0 0.0 0.0 0.0 0.0 0.0 0.0 0.0 0.0 0.0 0.0 0.0 0.0 0.0 0.0 0.0 0.0 0.0 0.0 9.300000000000011 0.0 0.0 9.300000000000011 0.0 0.0 0.3 0.05 0.8 0.3 0.05 0.8 0.5 0.1 0.05
2116 11.342255115509033 0.0 0.0 0.0 0.0 0.0 0.0 0.0 0.0 0.0 0.0 0.0 0.0 0.0 0.0 0.0 0.0 0.0 0.0 0.0 0.0 0.0 0.0 0.0 9.300000000000011 0.0 0.0 9.300000000000011 0.0 0.0 0.3 0.05 0.8 0.3 0.05 0.8 0.5 0.1 0.05
2117 11.34752082824707 0.0 0.0 0.0 0.0 0.0 0.0 0.0 0.0 0.0 0.0 0.0 0.0 0.0 0.0 0.0 0.0 0.0 0.0 0.0 0.0 0.0 0.0 0.0 9.300000000000011 0.0 0.0 9.300000000000011 0.0 0.0 0.3 0.05 0.8 0.3 0.05 0.8 0.5 0.1 0.05
2118 11.352797746658325 0.0 0.0 0.0 0.0 0.0 0.0 0.0 0.0 0.0 0.0 0.0 0.0 0.0 0.0 0.0 0.0 0.0 0.0 0.0 0.0 0.0 0.0 0.0 9.300000000000011 0.0 0.0 9.300000000000011 0.0 0.0 0.3 0.05 0.8 0.3 0.05 0.8 0.5 0.1 0.05
2119 11.358060359954834 0.0 0.0 0.0 0.0 0.0 0.0 0.0 0.0 0.0 0.0 0.0 0.0 0.0 0.0 0.0 0.0 0.0 0.0 0.0 0.0 0.0 0.0 0.0 9.300000000000011 0.0 0.0 9.300000000000011 0.0 0.0 0.3 0.05 0.8 0.3 0.05 0.8 0.5 0.1 0.05
2120 11.36329984664917 0.0 0.0 0.0 0.0 0.0 0.0 0.0 0.0 0.0 0.0 0.0 0.0 0.0 0.0 0.0 0.0 0.0 0.0 0.0 0.0 0.0 0.0 0.0 9.300000000000011 0.0 0.0 9.300000000000011 0.0 0.0 0.3 0.05 0.8 0.3 0.05 0.8 0.5 0.1 0.05
2121 11.368772268295288 0.0 0.0 0.0 0.0 0.0 0.0 0.0 0.0 0.0 0.0 0.0 0.0 0.0 0.0 0.0 0.0 0.0 0.0 0.0 0.0 0.0 0.0 0.0 9.300000000000011 0.0 0.0 9.300000000000011 0.0 0.0 0.3 0.05 0.8 0.3 0.05 0.8 0.5 0.1 0.05
2122 11.374138355255127 0.0 0.0 0.0 0.0 0.0 0.0 0.0 0.0 0.0 0.0 0.0 0.0 0.0 0.0 0.0 0.0 0.0 0.0 0.0 0.0 0.0 0.0 0.0 9.300000000000011 0.0 0.0 9.300000000000011 0.0 0.0 0.3 0.05 0.8 0.3 0.05 0.8 0.5 0.1 0.05
2123 11.379439115524292 0.0 0.0 0.0 0.0 0.0 0.0 0.0 0.0 0.0 0.0 0.0 0.0 0.0 0.0 0.0 0.0 0.0 0.0 0.0 0.0 0.0 0.0 0.0 9.300000000000011 0.0 0.0 9.300000000000011 0.0 0.0 0.3 0.05 0.8 0.3 0.05 0.8 0.5 0.1 0.05
2124 11.384915113449097 0.0 0.0 0.0 0.0 0.0 0.0 0.0 0.0 0.0 0.0 0.0 0.0 0.0 0.0 0.0 0.0 0.0 0.0 0.0 0.0 0.0 0.0 0.0 9.300000000000011 0.0 0.0 9.300000000000011 0.0 0.0 0.3 0.05 0.8 0.3 0.05 0.8 0.5 0.1 0.05
2125 11.390325784683228 0.0 0.0 0.0 0.0 0.0 0.0 0.0 0.0 0.0 0.0 0.0 0.0 0.0 0.0 0.0 0.0 0.0 0.0 0.0 0.0 0.0 0.0 0.0 9.300000000000011 0.0 0.0 9.300000000000011 0.0 0.0 0.3 0.05 0.8 0.3 0.05 0.8 0.5 0.1 0.05
2126 11.395708799362183 0.0 0.0 0.0 0.0 0.0 0.0 0.0 0.0 0.0 0.0 0.0 0.0 0.0 0.0 0.0 0.0 0.0 0.0 0.0 0.0 0.0 0.0 0.0 9.300000000000011 0.0 0.0 9.300000000000011 0.0 0.0 0.3 0.05 0.8 0.3 0.05 0.8 0.5 0.1 0.05
2127 11.401182174682617 0.0 0.0 0.0 0.0 0.0 0.0 0.0 0.0 0.0 0.0 0.0 0.0 0.0 0.0 0.0 0.0 0.0 0.0 0.0 0.0 0.0 0.0 0.0 9.300000000000011 0.0 0.0 9.300000000000011 0.0 0.0 0.3 0.05 0.8 0.3 0.05 0.8 0.5 0.1 0.05
2128 11.406582117080688 0.0 0.0 0.0 0.0 0.0 0.0 0.0 0.0 0.0 0.0 0.0 0.0 0.0 0.0 0.0 0.0 0.0 0.0 0.0 0.0 0.0 0.0 0.0 9.300000000000011 0.0 0.0 9.300000000000011 0.0 0.0 0.3 0.05 0.8 0.3 0.05 0.8 0.5 0.1 0.05
2129 11.41187596321106 0.0 0.0 0.0 0.0 0.0 0.0 0.0 0.0 0.0 0.0 0.0 0.0 0.0 0.0 0.0 0.0 0.0 0.0 0.0 0.0 0.0 0.0 0.0 9.300000000000011 0.0 0.0 9.300000000000011 0.0 0.0 0.3 0.05 0.8 0.3 0.05 0.8 0.5 0.1 0.05
2130 11.41710615158081 0.0 0.0 0.0 0.0 0.0 0.0 0.0 0.0 0.0 0.0 0.0 0.0 0.0 0.0 0.0 0.0 0.0 0.0 0.0 0.0 0.0 0.0 0.0 9.300000000000011 0.0 0.0 9.300000000000011 0.0 0.0 0.3 0.05 0.8 0.3 0.05 0.8 0.5 0.1 0.05
2131 11.422439813613892 0.0 0.0 0.0 0.0 0.0 0.0 0.0 0.0 0.0 0.0 0.0 0.0 0.0 0.0 0.0 0.0 0.0 0.0 0.0 0.0 0.0 0.0 0.0 9.300000000000011 0.0 0.0 9.300000000000011 0.0 0.0 0.3 0.05 0.8 0.3 0.05 0.8 0.5 0.1 0.05
2132 11.42771291732788 0.0 0.0 0.0 0.0 0.0 0.0 0.0 0.0 0.0 0.0 0.0 0.0 0.0 0.0 0.0 0.0 0.0 0.0 0.0 0.0 0.0 0.0 0.0 9.300000000000011 0.0 0.0 9.300000000000011 0.0 0.0 0.3 0.05 0.8 0.3 0.05 0.8 0.5 0.1 0.05
2133 11.433114290237427 0.0 0.0 0.0 0.0 0.0 0.0 0.0 0.0 0.0 0.0 0.0 0.0 0.0 0.0 0.0 0.0 0.0 0.0 0.0 0.0 0.0 0.0 0.0 9.300000000000011 0.0 0.0 9.300000000000011 0.0 0.0 0.3 0.05 0.8 0.3 0.05 0.8 0.5 0.1 0.05
2134 11.43852424621582 0.0 0.0 0.0 0.0 0.0 0.0 0.0 0.0 0.0 0.0 0.0 0.0 0.0 0.0 0.0 0.0 0.0 0.0 0.0 0.0 0.0 0.0 0.0 9.300000000000011 0.0 0.0 9.300000000000011 0.0 0.0 0.3 0.05 0.8 0.3 0.05 0.8 0.5 0.1 0.05
2135 11.443943500518799 0.0 0.0 0.0 0.0 0.0 0.0 0.0 0.0 0.0 0.0 0.0 0.0 0.0 0.0 0.0 0.0 0.0 0.0 0.0 0.0 0.0 0.0 0.0 9.300000000000011 0.0 0.0 9.300000000000011 0.0 0.0 0.3 0.05 0.8 0.3 0.05 0.8 0.5 0.1 0.05
2136 11.449278116226196 0.0 0.0 0.0 0.0 0.0 0.0 0.0 0.0 0.0 0.0 0.0 0.0 0.0 0.0 0.0 0.0 0.0 0.0 0.0 0.0 0.0 0.0 0.0 9.300000000000011 0.0 0.0 9.300000000000011 0.0 0.0 0.3 0.05 0.8 0.3 0.05 0.8 0.5 0.1 0.05
2137 11.454551696777344 0.0 0.0 0.0 0.0 0.0 0.0 0.0 0.0 0.0 0.0 0.0 0.0 0.0 0.0 0.0 0.0 0.0 0.0 0.0 0.0 0.0 0.0 0.0 9.300000000000011 0.0 0.0 9.300000000000011 0.0 0.0 0.3 0.05 0.8 0.3 0.05 0.8 0.5 0.1 0.05
2138 11.459942102432251 0.0 0.0 0.0 0.0 0.0 0.0 0.0 0.0 0.0 0.0 0.0 0.0 0.0 0.0 0.0 0.0 0.0 0.0 0.0 0.0 0.0 0.0 0.0 9.300000000000011 0.0 0.0 9.300000000000011 0.0 0.0 0.3 0.05 0.8 0.3 0.05 0.8 0.5 0.1 0.05
2139 11.465242147445679 0.0 0.0 0.0 0.0 0.0 0.0 0.0 0.0 0.0 0.0 0.0 0.0 0.0 0.0 0.0 0.0 0.0 0.0 0.0 0.0 0.0 0.0 0.0 9.300000000000011 0.0 0.0 9.300000000000011 0.0 0.0 0.3 0.05 0.8 0.3 0.05 0.8 0.5 0.1 0.05
2140 11.470529794692993 0.0 0.0 0.0 0.0 0.0 0.0 0.0 0.0 0.0 0.0 0.0 0.0 0.0 0.0 0.0 0.0 0.0 0.0 0.0 0.0 0.0 0.0 0.0 9.300000000000011 0.0 0.0 9.300000000000011 0.0 0.0 0.3 0.05 0.8 0.3 0.05 0.8 0.5 0.1 0.05
2141 11.475881814956665 0.0 0.0 0.0 0.0 0.0 0.0 0.0 0.0 0.0 0.0 0.0 0.0 0.0 0.0 0.0 0.0 0.0 0.0 0.0 0.0 0.0 0.0 0.0 9.300000000000011 0.0 0.0 9.300000000000011 0.0 0.0 0.3 0.05 0.8 0.3 0.05 0.8 0.5 0.1 0.05
2142 11.481234073638916 0.0 0.0 0.0 0.0 0.0 0.0 0.0 0.0 0.0 0.0 0.0 0.0 0.0 0.0 0.0 0.0 0.0 0.0 0.0 0.0 0.0 0.0 0.0 9.300000000000011 0.0 0.0 9.300000000000011 0.0 0.0 0.3 0.05 0.8 0.3 0.05 0.8 0.5 0.1 0.05
2143 11.486634016036987 0.0 0.0 0.0 0.0 0.0 0.0 0.0 0.0 0.0 0.0 0.0 0.0 0.0 0.0 0.0 0.0 0.0 0.0 0.0 0.0 0.0 0.0 0.0 9.300000000000011 0.0 0.0 9.300000000000011 0.0 0.0 0.3 0.05 0.8 0.3 0.05 0.8 0.5 0.1 0.05
2144 11.491873264312744 0.0 0.0 0.0 0.0 0.0 0.0 0.0 0.0 0.0 0.0 0.0 0.0 0.0 0.0 0.0 0.0 0.0 0.0 0.0 0.0 0.0 0.0 0.0 9.300000000000011 0.0 0.0 9.300000000000011 0.0 0.0 0.3 0.05 0.8 0.3 0.05 0.8 0.5 0.1 0.05
2145 11.49715542793274 0.0 0.0 0.0 0.0 0.0 0.0 0.0 0.0 0.0 0.0 0.0 0.0 0.0 0.0 0.0 0.0 0.0 0.0 0.0 0.0 0.0 0.0 0.0 9.300000000000011 0.0 0.0 9.300000000000011 0.0 0.0 0.3 0.05 0.8 0.3 0.05 0.8 0.5 0.1 0.05
2146 11.502475261688232 0.0 0.0 0.0 0.0 0.0 0.0 0.0 0.0 0.0 0.0 0.0 0.0 0.0 0.0 0.0 0.0 0.0 0.0 0.0 0.0 0.0 0.0 0.0 9.300000000000011 0.0 0.0 9.300000000000011 0.0 0.0 0.3 0.05 0.8 0.3 0.05 0.8 0.5 0.1 0.05
2147 11.50785493850708 0.0 0.0 0.0 0.0 0.0 0.0 0.0 0.0 0.0 0.0 0.0 0.0 0.0 0.0 0.0 0.0 0.0 0.0 0.0 0.0 0.0 0.0 0.0 9.300000000000011 0.0 0.0 9.300000000000011 0.0 0.0 0.3 0.05 0.8 0.3 0.05 0.8 0.5 0.1 0.05
2148 11.51309871673584 0.0 0.0 0.0 0.0 0.0 0.0 0.0 0.0 0.0 0.0 0.0 0.0 0.0 0.0 0.0 0.0 0.0 0.0 0.0 0.0 0.0 0.0 0.0 9.300000000000011 0.0 0.0 9.300000000000011 0.0 0.0 0.3 0.05 0.8 0.3 0.05 0.8 0.5 0.1 0.05
2149 11.518421649932861 0.0 0.0 0.0 0.0 0.0 0.0 0.0 0.0 0.0 0.0 0.0 0.0 0.0 0.0 0.0 0.0 0.0 0.0 0.0 0.0 0.0 0.0 0.0 9.300000000000011 0.0 0.0 9.300000000000011 0.0 0.0 0.3 0.05 0.8 0.3 0.05 0.8 0.5 0.1 0.05
2150 11.523837327957153 0.0 0.0 0.0 0.0 0.0 0.0 0.0 0.0 0.0 0.0 0.0 0.0 0.0 0.0 0.0 0.0 0.0 0.0 0.0 0.0 0.0 0.0 0.0 9.300000000000011 0.0 0.0 9.300000000000011 0.0 0.0 0.3 0.05 0.8 0.3 0.05 0.8 0.5 0.1 0.05
2151 11.529234409332275 0.0 0.0 0.0 0.0 0.0 0.0 0.0 0.0 0.0 0.0 0.0 0.0 0.0 0.0 0.0 0.0 0.0 0.0 0.0 0.0 0.0 0.0 0.0 9.300000000000011 0.0 0.0 9.300000000000011 0.0 0.0 0.3 0.05 0.8 0.3 0.05 0.8 0.5 0.1 0.05
2152 11.534600973129272 0.0 0.0 0.0 0.0 0.0 0.0 0.0 0.0 0.0 0.0 0.0 0.0 0.0 0.0 0.0 0.0 0.0 0.0 0.0 0.0 0.0 0.0 0.0 9.300000000000011 0.0 0.0 9.300000000000011 0.0 0.0 0.3 0.05 0.8 0.3 0.05 0.8 0.5 0.1 0.05
2153 11.53995418548584 0.0 0.0 0.0 0.0 0.0 0.0 0.0 0.0 0.0 0.0 0.0 0.0 0.0 0.0 0.0 0.0 0.0 0.0 0.0 0.0 0.0 0.0 0.0 9.300000000000011 0.0 0.0 9.300000000000011 0.0 0.0 0.3 0.05 0.8 0.3 0.05 0.8 0.5 0.1 0.05
2154 11.545332193374634 0.0 0.0 0.0 0.0 0.0 0.0 0.0 0.0 0.0 0.0 0.0 0.0 0.0 0.0 0.0 0.0 0.0 0.0 0.0 0.0 0.0 0.0 0.0 9.300000000000011 0.0 0.0 9.300000000000011 0.0 0.0 0.3 0.05 0.8 0.3 0.05 0.8 0.5 0.1 0.05
2155 11.550620317459106 0.0 0.0 0.0 0.0 0.0 0.0 0.0 0.0 0.0 0.0 0.0 0.0 0.0 0.0 0.0 0.0 0.0 0.0 0.0 0.0 0.0 0.0 0.0 9.300000000000011 0.0 0.0 9.300000000000011 0.0 0.0 0.3 0.05 0.8 0.3 0.05 0.8 0.5 0.1 0.05
2156 11.555874824523926 0.0 0.0 0.0 0.0 0.0 0.0 0.0 0.0 0.0 0.0 0.0 0.0 0.0 0.0 0.0 0.0 0.0 0.0 0.0 0.0 0.0 0.0 0.0 9.300000000000011 0.0 0.0 9.300000000000011 0.0 0.0 0.3 0.05 0.8 0.3 0.05 0.8 0.5 0.1 0.05
2157 11.561171054840088 0.0 0.0 0.0 0.0 0.0 0.0 0.0 0.0 0.0 0.0 0.0 0.0 0.0 0.0 0.0 0.0 0.0 0.0 0.0 0.0 0.0 0.0 0.0 9.300000000000011 0.0 0.0 9.300000000000011 0.0 0.0 0.3 0.05 0.8 0.3 0.05 0.8 0.5 0.1 0.05
2158 11.566514492034912 0.0 0.0 0.0 0.0 0.0 0.0 0.0 0.0 0.0 0.0 0.0 0.0 0.0 0.0 0.0 0.0 0.0 0.0 0.0 0.0 0.0 0.0 0.0 9.300000000000011 0.0 0.0 9.300000000000011 0.0 0.0 0.3 0.05 0.8 0.3 0.05 0.8 0.5 0.1 0.05
2159 11.571866512298584 0.0 0.0 0.0 0.0 0.0 0.0 0.0 0.0 0.0 0.0 0.0 0.0 0.0 0.0 0.0 0.0 0.0 0.0 0.0 0.0 0.0 0.0 0.0 9.300000000000011 0.0 0.0 9.300000000000011 0.0 0.0 0.3 0.05 0.8 0.3 0.05 0.8 0.5 0.1 0.05
2160 11.577415227890015 0.0 0.0 0.0 0.0 0.0 0.0 0.0 0.0 0.0 0.0 0.0 0.0 0.0 0.0 0.0 0.0 0.0 0.0 0.0 0.0 0.0 0.0 0.0 9.300000000000011 0.0 0.0 9.300000000000011 0.0 0.0 0.3 0.05 0.8 0.3 0.05 0.8 0.5 0.1 0.05
2161 11.582759380340576 0.0 0.0 0.0 0.0 0.0 0.0 0.0 0.0 0.0 0.0 0.0 0.0 0.0 0.0 0.0 0.0 0.0 0.0 0.0 0.0 0.0 0.0 0.0 9.300000000000011 0.0 0.0 9.300000000000011 0.0 0.0 0.3 0.05 0.8 0.3 0.05 0.8 0.5 0.1 0.05
2162 11.588067770004272 0.0 0.0 0.0 0.0 0.0 0.0 0.0 0.0 0.0 0.0 0.0 0.0 0.0 0.0 0.0 0.0 0.0 0.0 0.0 0.0 0.0 0.0 0.0 9.300000000000011 0.0 0.0 9.300000000000011 0.0 0.0 0.3 0.05 0.8 0.3 0.05 0.8 0.5 0.1 0.05
2163 11.593368291854858 0.0 0.0 0.0 0.0 0.0 0.0 0.0 0.0 0.0 0.0 0.0 0.0 0.0 0.0 0.0 0.0 0.0 0.0 0.0 0.0 0.0 0.0 0.0 9.300000000000011 0.0 0.0 9.300000000000011 0.0 0.0 0.3 0.05 0.8 0.3 0.05 0.8 0.5 0.1 0.05
2164 11.598601579666138 0.0 0.0 0.0 0.0 0.0 0.0 0.0 0.0 0.0 0.0 0.0 0.0 0.0 0.0 0.0 0.0 0.0 0.0 0.0 0.0 0.0 0.0 0.0 9.300000000000011 0.0 0.0 9.300000000000011 0.0 0.0 0.3 0.05 0.8 0.3 0.05 0.8 0.5 0.1 0.05
2165 11.603830337524414 0.0 0.0 0.0 0.0 0.0 0.0 0.0 0.0 0.0 0.0 0.0 0.0 0.0 0.0 0.0 0.0 0.0 0.0 0.0 0.0 0.0 0.0 0.0 9.300000000000011 0.0 0.0 9.300000000000011 0.0 0.0 0.3 0.05 0.8 0.3 0.05 0.8 0.5 0.1 0.05
2166 11.609801054000854 0.0 0.0 0.0 0.0 0.0 0.0 0.0 0.0 0.0 0.0 0.0 0.0 0.0 0.0 0.0 0.0 0.0 0.0 0.0 0.0 0.0 0.0 0.0 9.300000000000011 0.0 0.0 9.300000000000011 0.0 0.0 0.3 0.05 0.8 0.3 0.05 0.8 0.5 0.1 0.05
2167 11.616498947143555 0.0 0.0 0.0 0.0 0.0 0.0 0.0 0.0 0.0 0.0 0.0 0.0 0.0 0.0 0.0 0.0 0.0 0.0 0.0 0.0 0.0 0.0 0.0 9.300000000000011 0.0 0.0 9.300000000000011 0.0 0.0 0.3 0.05 0.8 0.3 0.05 0.8 0.5 0.1 0.05
2168 11.622119903564453 0.0 0.0 0.0 0.0 0.0 0.0 0.0 0.0 0.0 0.0 0.0 0.0 0.0 0.0 0.0 0.0 0.0 0.0 0.0 0.0 0.0 0.0 0.0 9.300000000000011 0.0 0.0 9.300000000000011 0.0 0.0 0.3 0.05 0.8 0.3 0.05 0.8 0.5 0.1 0.05
2169 11.627655506134033 0.0 0.0 0.0 0.0 0.0 0.0 0.0 0.0 0.0 0.0 0.0 0.0 0.0 0.0 0.0 0.0 0.0 0.0 0.0 0.0 0.0 0.0 0.0 9.300000000000011 0.0 0.0 9.300000000000011 0.0 0.0 0.3 0.05 0.8 0.3 0.05 0.8 0.5 0.1 0.05
2170 11.633047580718994 0.0 0.0 0.0 0.0 0.0 0.0 0.0 0.0 0.0 0.0 0.0 0.0 0.0 0.0 0.0 0.0 0.0 0.0 0.0 0.0 0.0 0.0 0.0 9.300000000000011 0.0 0.0 9.300000000000011 0.0 0.0 0.3 0.05 0.8 0.3 0.05 0.8 0.5 0.1 0.05
2171 11.638618469238281 0.0 0.0 0.0 0.0 0.0 0.0 0.0 0.0 0.0 0.0 0.0 0.0 0.0 0.0 0.0 0.0 0.0 0.0 0.0 0.0 0.0 0.0 0.0 9.300000000000011 0.0 0.0 9.300000000000011 0.0 0.0 0.3 0.05 0.8 0.3 0.05 0.8 0.5 0.1 0.05
2172 11.6441171169281 0.0 0.0 0.0 0.0 0.0 0.0 0.0 0.0 0.0 0.0 0.0 0.0 0.0 0.0 0.0 0.0 0.0 0.0 0.0 0.0 0.0 0.0 0.0 9.300000000000011 0.0 0.0 9.300000000000011 0.0 0.0 0.3 0.05 0.8 0.3 0.05 0.8 0.5 0.1 0.05
2173 11.649585485458374 0.0 0.0 0.0 0.0 0.0 0.0 0.0 0.0 0.0 0.0 0.0 0.0 0.0 0.0 0.0 0.0 0.0 0.0 0.0 0.0 0.0 0.0 0.0 9.300000000000011 0.0 0.0 9.300000000000011 0.0 0.0 0.3 0.05 0.8 0.3 0.05 0.8 0.5 0.1 0.05
2174 11.65520167350769 0.0 0.0 0.0 0.0 0.0 0.0 0.0 0.0 0.0 0.0 0.0 0.0 0.0 0.0 0.0 0.0 0.0 0.0 0.0 0.0 0.0 0.0 0.0 9.300000000000011 0.0 0.0 9.300000000000011 0.0 0.0 0.3 0.05 0.8 0.3 0.05 0.8 0.5 0.1 0.05
2175 11.660707473754883 0.0 0.0 0.0 0.0 0.0 0.0 0.0 0.0 0.0 0.0 0.0 0.0 0.0 0.0 0.0 0.0 0.0 0.0 0.0 0.0 0.0 0.0 0.0 9.300000000000011 0.0 0.0 9.300000000000011 0.0 0.0 0.3 0.05 0.8 0.3 0.05 0.8 0.5 0.1 0.05
2176 11.666184425354004 0.0 0.0 0.0 0.0 0.0 0.0 0.0 0.0 0.0 0.0 0.0 0.0 0.0 0.0 0.0 0.0 0.0 0.0 0.0 0.0 0.0 0.0 0.0 9.300000000000011 0.0 0.0 9.300000000000011 0.0 0.0 0.3 0.05 0.8 0.3 0.05 0.8 0.5 0.1 0.05
2177 11.671570301055908 0.0 0.0 0.0 0.0 0.0 0.0 0.0 0.0 0.0 0.0 0.0 0.0 0.0 0.0 0.0 0.0 0.0 0.0 0.0 0.0 0.0 0.0 0.0 9.300000000000011 0.0 0.0 9.300000000000011 0.0 0.0 0.3 0.05 0.8 0.3 0.05 0.8 0.5 0.1 0.05
2178 11.676904439926147 0.0 0.0 0.0 0.0 0.0 0.0 0.0 0.0 0.0 0.0 0.0 0.0 0.0 0.0 0.0 0.0 0.0 0.0 0.0 0.0 0.0 0.0 0.0 9.300000000000011 0.0 0.0 9.300000000000011 0.0 0.0 0.3 0.05 0.8 0.3 0.05 0.8 0.5 0.1 0.05
2179 11.682332754135132 0.0 0.0 0.0 0.0 0.0 0.0 0.0 0.0 0.0 0.0 0.0 0.0 0.0 0.0 0.0 0.0 0.0 0.0 0.0 0.0 0.0 0.0 0.0 9.300000000000011 0.0 0.0 9.300000000000011 0.0 0.0 0.3 0.05 0.8 0.3 0.05 0.8 0.5 0.1 0.05
2180 11.687787294387817 0.0 0.0 0.0 0.0 0.0 0.0 0.0 0.0 0.0 0.0 0.0 0.0 0.0 0.0 0.0 0.0 0.0 0.0 0.0 0.0 0.0 0.0 0.0 9.300000000000011 0.0 0.0 9.300000000000011 0.0 0.0 0.3 0.05 0.8 0.3 0.05 0.8 0.5 0.1 0.05
2181 11.693136930465698 0.0 0.0 0.0 0.0 0.0 0.0 0.0 0.0 0.0 0.0 0.0 0.0 0.0 0.0 0.0 0.0 0.0 0.0 0.0 0.0 0.0 0.0 0.0 9.300000000000011 0.0 0.0 9.300000000000011 0.0 0.0 0.3 0.05 0.8 0.3 0.05 0.8 0.5 0.1 0.05
2182 11.698532342910767 0.0 0.0 0.0 0.0 0.0 0.0 0.0 0.0 0.0 0.0 0.0 0.0 0.0 0.0 0.0 0.0 0.0 0.0 0.0 0.0 0.0 0.0 0.0 9.300000000000011 0.0 0.0 9.300000000000011 0.0 0.0 0.3 0.05 0.8 0.3 0.05 0.8 0.5 0.1 0.05
2183 11.703829765319824 0.0 0.0 0.0 0.0 0.0 0.0 0.0 0.0 0.0 0.0 0.0 0.0 0.0 0.0 0.0 0.0 0.0 0.0 0.0 0.0 0.0 0.0 0.0 9.300000000000011 0.0 0.0 9.300000000000011 0.0 0.0 0.3 0.05 0.8 0.3 0.05 0.8 0.5 0.1 0.05
2184 11.709052324295044 0.0 0.0 0.0 0.0 0.0 0.0 0.0 0.0 0.0 0.0 0.0 0.0 0.0 0.0 0.0 0.0 0.0 0.0 0.0 0.0 0.0 0.0 0.0 9.300000000000011 0.0 0.0 9.300000000000011 0.0 0.0 0.3 0.05 0.8 0.3 0.05 0.8 0.5 0.1 0.05
2185 11.714278221130371 0.0 0.0 0.0 0.0 0.0 0.0 0.0 0.0 0.0 0.0 0.0 0.0 0.0 0.0 0.0 0.0 0.0 0.0 0.0 0.0 0.0 0.0 0.0 9.300000000000011 0.0 0.0 9.300000000000011 0.0 0.0 0.3 0.05 0.8 0.3 0.05 0.8 0.5 0.1 0.05
2186 11.71953535079956 0.0 0.0 0.0 0.0 0.0 0.0 0.0 0.0 0.0 0.0 0.0 0.0 0.0 0.0 0.0 0.0 0.0 0.0 0.0 0.0 0.0 0.0 0.0 9.300000000000011 0.0 0.0 9.300000000000011 0.0 0.0 0.3 0.05 0.8 0.3 0.05 0.8 0.5 0.1 0.05
2187 11.72476053237915 0.0 0.0 0.0 0.0 0.0 0.0 0.0 0.0 0.0 0.0 0.0 0.0 0.0 0.0 0.0 0.0 0.0 0.0 0.0 0.0 0.0 0.0 0.0 9.300000000000011 0.0 0.0 9.300000000000011 0.0 0.0 0.3 0.05 0.8 0.3 0.05 0.8 0.5 0.1 0.05
2188 11.730039596557617 0.0 0.0 0.0 0.0 0.0 0.0 0.0 0.0 0.0 0.0 0.0 0.0 0.0 0.0 0.0 0.0 0.0 0.0 0.0 0.0 0.0 0.0 0.0 9.300000000000011 0.0 0.0 9.300000000000011 0.0 0.0 0.3 0.05 0.8 0.3 0.05 0.8 0.5 0.1 0.05
2189 11.73526930809021 0.0 0.0 0.0 0.0 0.0 0.0 0.0 0.0 0.0 0.0 0.0 0.0 0.0 0.0 0.0 0.0 0.0 0.0 0.0 0.0 0.0 0.0 0.0 9.300000000000011 0.0 0.0 9.300000000000011 0.0 0.0 0.3 0.05 0.8 0.3 0.05 0.8 0.5 0.1 0.05
2190 11.740482091903687 0.0 0.0 0.0 0.0 0.0 0.0 0.0 0.0 0.0 0.0 0.0 0.0 0.0 0.0 0.0 0.0 0.0 0.0 0.0 0.0 0.0 0.0 0.0 9.300000000000011 0.0 0.0 9.300000000000011 0.0 0.0 0.3 0.05 0.8 0.3 0.05 0.8 0.5 0.1 0.05
2191 11.746073961257935 0.0 0.0 0.0 0.0 0.0 0.0 0.0 0.0 0.0 0.0 0.0 0.0 0.0 0.0 0.0 0.0 0.0 0.0 0.0 0.0 0.0 0.0 0.0 9.300000000000011 0.0 0.0 9.300000000000011 0.0 0.0 0.3 0.05 0.8 0.3 0.05 0.8 0.5 0.1 0.05
2192 11.75146770477295 0.0 0.0 0.0 0.0 0.0 0.0 0.0 0.0 0.0 0.0 0.0 0.0 0.0 0.0 0.0 0.0 0.0 0.0 0.0 0.0 0.0 0.0 0.0 9.300000000000011 0.0 0.0 9.300000000000011 0.0 0.0 0.3 0.05 0.8 0.3 0.05 0.8 0.5 0.1 0.05
2193 11.756914854049683 0.0 0.0 0.0 0.0 0.0 0.0 0.0 0.0 0.0 0.0 0.0 0.0 0.0 0.0 0.0 0.0 0.0 0.0 0.0 0.0 0.0 0.0 0.0 9.300000000000011 0.0 0.0 9.300000000000011 0.0 0.0 0.3 0.05 0.8 0.3 0.05 0.8 0.5 0.1 0.05
2194 11.762379169464111 0.0 0.0 0.0 0.0 0.0 0.0 0.0 0.0 0.0 0.0 0.0 0.0 0.0 0.0 0.0 0.0 0.0 0.0 0.0 0.0 0.0 0.0 0.0 9.300000000000011 0.0 0.0 9.300000000000011 0.0 0.0 0.3 0.05 0.8 0.3 0.05 0.8 0.5 0.1 0.05
2195 11.767826557159424 0.0 0.0 0.0 0.0 0.0 0.0 0.0 0.0 0.0 0.0 0.0 0.0 0.0 0.0 0.0 0.0 0.0 0.0 0.0 0.0 0.0 0.0 0.0 9.300000000000011 0.0 0.0 9.300000000000011 0.0 0.0 0.3 0.05 0.8 0.3 0.05 0.8 0.5 0.1 0.05
2196 11.773190975189209 0.0 0.0 0.0 0.0 0.0 0.0 0.0 0.0 0.0 0.0 0.0 0.0 0.0 0.0 0.0 0.0 0.0 0.0 0.0 0.0 0.0 0.0 0.0 9.300000000000011 0.0 0.0 9.300000000000011 0.0 0.0 0.3 0.05 0.8 0.3 0.05 0.8 0.5 0.1 0.05
2197 11.778633117675781 0.0 0.0 0.0 0.0 0.0 0.0 0.0 0.0 0.0 0.0 0.0 0.0 0.0 0.0 0.0 0.0 0.0 0.0 0.0 0.0 0.0 0.0 0.0 9.300000000000011 0.0 0.0 9.300000000000011 0.0 0.0 0.3 0.05 0.8 0.3 0.05 0.8 0.5 0.1 0.05
2198 11.784075260162354 0.0 0.0 0.0 0.0 0.0 0.0 0.0 0.0 0.0 0.0 0.0 0.0 0.0 0.0 0.0 0.0 0.0 0.0 0.0 0.0 0.0 0.0 0.0 9.300000000000011 0.0 0.0 9.300000000000011 0.0 0.0 0.3 0.05 0.8 0.3 0.05 0.8 0.5 0.1 0.05
2199 11.789528608322144 0.0 0.0 0.0 0.0 0.0 0.0 0.0 0.0 0.0 0.0 0.0 0.0 0.0 0.0 0.0 0.0 0.0 0.0 0.0 0.0 0.0 0.0 0.0 9.300000000000011 0.0 0.0 9.300000000000011 0.0 0.0 0.3 0.05 0.8 0.3 0.05 0.8 0.5 0.1 0.05
2200 11.794993877410889 0.0 0.0 0.0 0.0 0.0 0.0 0.0 0.0 0.0 0.0 0.0 0.0 0.0 0.0 0.0 0.0 0.0 0.0 0.0 0.0 0.0 0.0 0.0 9.300000000000011 0.0 0.0 9.300000000000011 0.0 0.0 0.3 0.05 0.8 0.3 0.05 0.8 0.5 0.1 0.05
2201 11.800604820251465 0.0 0.0 0.0 0.0 0.0 0.0 0.0 0.0 0.0 0.0 0.0 0.0 0.0 0.0 0.0 0.0 0.0 0.0 0.0 0.0 0.0 0.0 0.0 9.300000000000011 0.0 0.0 9.300000000000011 0.0 0.0 0.3 0.05 0.8 0.3 0.05 0.8 0.5 0.1 0.05
2202 11.806206703186035 0.0 0.0 0.0 0.0 0.0 0.0 0.0 0.0 0.0 0.0 0.0 0.0 0.0 0.0 0.0 0.0 0.0 0.0 0.0 0.0 0.0 0.0 0.0 9.300000000000011 0.0 0.0 9.300000000000011 0.0 0.0 0.3 0.05 0.8 0.3 0.05 0.8 0.5 0.1 0.05
2203 11.811680555343628 0.0 0.0 0.0 0.0 0.0 0.0 0.0 0.0 0.0 0.0 0.0 0.0 0.0 0.0 0.0 0.0 0.0 0.0 0.0 0.0 0.0 0.0 0.0 9.300000000000011 0.0 0.0 9.300000000000011 0.0 0.0 0.3 0.05 0.8 0.3 0.05 0.8 0.5 0.1 0.05
2204 11.817188024520874 0.0 0.0 0.0 0.0 0.0 0.0 0.0 0.0 0.0 0.0 0.0 0.0 0.0 0.0 0.0 0.0 0.0 0.0 0.0 0.0 0.0 0.0 0.0 9.300000000000011 0.0 0.0 9.300000000000011 0.0 0.0 0.3 0.05 0.8 0.3 0.05 0.8 0.5 0.1 0.05
2205 11.822692155838013 0.0 0.0 0.0 0.0 0.0 0.0 0.0 0.0 0.0 0.0 0.0 0.0 0.0 0.0 0.0 0.0 0.0 0.0 0.0 0.0 0.0 0.0 0.0 9.300000000000011 0.0 0.0 9.300000000000011 0.0 0.0 0.3 0.05 0.8 0.3 0.05 0.8 0.5 0.1 0.05
2206 11.828258991241455 0.0 0.0 0.0 0.0 0.0 0.0 0.0 0.0 0.0 0.0 0.0 0.0 0.0 0.0 0.0 0.0 0.0 0.0 0.0 0.0 0.0 0.0 0.0 9.300000000000011 0.0 0.0 9.300000000000011 0.0 0.0 0.3 0.05 0.8 0.3 0.05 0.8 0.5 0.1 0.05
2207 11.833681583404541 0.0 0.0 0.0 0.0 0.0 0.0 0.0 0.0 0.0 0.0 0.0 0.0 0.0 0.0 0.0 0.0 0.0 0.0 0.0 0.0 0.0 0.0 0.0 9.300000000000011 0.0 0.0 9.300000000000011 0.0 0.0 0.3 0.05 0.8 0.3 0.05 0.8 0.5 0.1 0.05
2208 11.839141607284546 0.0 0.0 0.0 0.0 0.0 0.0 0.0 0.0 0.0 0.0 0.0 0.0 0.0 0.0 0.0 0.0 0.0 0.0 0.0 0.0 0.0 0.0 0.0 9.300000000000011 0.0 0.0 9.300000000000011 0.0 0.0 0.3 0.05 0.8 0.3 0.05 0.8 0.5 0.1 0.05
2209 11.844602584838867 0.0 0.0 0.0 0.0 0.0 0.0 0.0 0.0 0.0 0.0 0.0 0.0 0.0 0.0 0.0 0.0 0.0 0.0 0.0 0.0 0.0 0.0 0.0 9.300000000000011 0.0 0.0 9.300000000000011 0.0 0.0 0.3 0.05 0.8 0.3 0.05 0.8 0.5 0.1 0.05
2210 11.85011100769043 0.0 0.0 0.0 0.0 0.0 0.0 0.0 0.0 0.0 0.0 0.0 0.0 0.0 0.0 0.0 0.0 0.0 0.0 0.0 0.0 0.0 0.0 0.0 9.300000000000011 0.0 0.0 9.300000000000011 0.0 0.0 0.3 0.05 0.8 0.3 0.05 0.8 0.5 0.1 0.05
2211 11.855612516403198 0.0 0.0 0.0 0.0 0.0 0.0 0.0 0.0 0.0 0.0 0.0 0.0 0.0 0.0 0.0 0.0 0.0 0.0 0.0 0.0 0.0 0.0 0.0 9.300000000000011 0.0 0.0 9.300000000000011 0.0 0.0 0.3 0.05 0.8 0.3 0.05 0.8 0.5 0.1 0.05
2212 11.860868692398071 0.0 0.0 0.0 0.0 0.0 0.0 0.0 0.0 0.0 0.0 0.0 0.0 0.0 0.0 0.0 0.0 0.0 0.0 0.0 0.0 0.0 0.0 0.0 9.300000000000011 0.0 0.0 9.300000000000011 0.0 0.0 0.3 0.05 0.8 0.3 0.05 0.8 0.5 0.1 0.05
2213 11.866240501403809 0.0 0.0 0.0 0.0 0.0 0.0 0.0 0.0 0.0 0.0 0.0 0.0 0.0 0.0 0.0 0.0 0.0 0.0 0.0 0.0 0.0 0.0 0.0 9.300000000000011 0.0 0.0 9.300000000000011 0.0 0.0 0.3 0.05 0.8 0.3 0.05 0.8 0.5 0.1 0.05
2214 11.871652841567993 0.0 0.0 0.0 0.0 0.0 0.0 0.0 0.0 0.0 0.0 0.0 0.0 0.0 0.0 0.0 0.0 0.0 0.0 0.0 0.0 0.0 0.0 0.0 9.300000000000011 0.0 0.0 9.300000000000011 0.0 0.0 0.3 0.05 0.8 0.3 0.05 0.8 0.5 0.1 0.05
2215 11.877279996871948 0.0 0.0 0.0 0.0 0.0 0.0 0.0 0.0 0.0 0.0 0.0 0.0 0.0 0.0 0.0 0.0 0.0 0.0 0.0 0.0 0.0 0.0 0.0 9.300000000000011 0.0 0.0 9.300000000000011 0.0 0.0 0.3 0.05 0.8 0.3 0.05 0.8 0.5 0.1 0.05
2216 11.88284945487976 0.0 0.0 0.0 0.0 0.0 0.0 0.0 0.0 0.0 0.0 0.0 0.0 0.0 0.0 0.0 0.0 0.0 0.0 0.0 0.0 0.0 0.0 0.0 9.300000000000011 0.0 0.0 9.300000000000011 0.0 0.0 0.3 0.05 0.8 0.3 0.05 0.8 0.5 0.1 0.05
2217 11.888487339019775 0.0 0.0 0.0 0.0 0.0 0.0 0.0 0.0 0.0 0.0 0.0 0.0 0.0 0.0 0.0 0.0 0.0 0.0 0.0 0.0 0.0 0.0 0.0 9.300000000000011 0.0 0.0 9.300000000000011 0.0 0.0 0.3 0.05 0.8 0.3 0.05 0.8 0.5 0.1 0.05
2218 11.893906354904175 0.0 0.0 0.0 0.0 0.0 0.0 0.0 0.0 0.0 0.0 0.0 0.0 0.0 0.0 0.0 0.0 0.0 0.0 0.0 0.0 0.0 0.0 0.0 9.300000000000011 0.0 0.0 9.300000000000011 0.0 0.0 0.3 0.05 0.8 0.3 0.05 0.8 0.5 0.1 0.05
2219 11.8993558883667 0.0 0.0 0.0 0.0 0.0 0.0 0.0 0.0 0.0 0.0 0.0 0.0 0.0 0.0 0.0 0.0 0.0 0.0 0.0 0.0 0.0 0.0 0.0 9.300000000000011 0.0 0.0 9.300000000000011 0.0 0.0 0.3 0.05 0.8 0.3 0.05 0.8 0.5 0.1 0.05
2220 11.9048330783844 0.0 0.0 0.0 0.0 0.0 0.0 0.0 0.0 0.0 0.0 0.0 0.0 0.0 0.0 0.0 0.0 0.0 0.0 0.0 0.0 0.0 0.0 0.0 9.300000000000011 0.0 0.0 9.300000000000011 0.0 0.0 0.3 0.05 0.8 0.3 0.05 0.8 0.5 0.1 0.05
2221 11.910484313964844 0.0 0.0 0.0 0.0 0.0 0.0 0.0 0.0 0.0 0.0 0.0 0.0 0.0 0.0 0.0 0.0 0.0 0.0 0.0 0.0 0.0 0.0 0.0 9.300000000000011 0.0 0.0 9.300000000000011 0.0 0.0 0.3 0.05 0.8 0.3 0.05 0.8 0.5 0.1 0.05
2222 11.915993213653564 0.0 0.0 0.0 0.0 0.0 0.0 0.0 0.0 0.0 0.0 0.0 0.0 0.0 0.0 0.0 0.0 0.0 0.0 0.0 0.0 0.0 0.0 0.0 9.300000000000011 0.0 0.0 9.300000000000011 0.0 0.0 0.3 0.05 0.8 0.3 0.05 0.8 0.5 0.1 0.05
2223 11.921500444412231 0.0 0.0 0.0 0.0 0.0 0.0 0.0 0.0 0.0 0.0 0.0 0.0 0.0 0.0 0.0 0.0 0.0 0.0 0.0 0.0 0.0 0.0 0.0 9.300000000000011 0.0 0.0 9.300000000000011 0.0 0.0 0.3 0.05 0.8 0.3 0.05 0.8 0.5 0.1 0.05
2224 11.92696762084961 0.0 0.0 0.0 0.0 0.0 0.0 0.0 0.0 0.0 0.0 0.0 0.0 0.0 0.0 0.0 0.0 0.0 0.0 0.0 0.0 0.0 0.0 0.0 9.300000000000011 0.0 0.0 9.300000000000011 0.0 0.0 0.3 0.05 0.8 0.3 0.05 0.8 0.5 0.1 0.05
2225 11.93252944946289 0.0 0.0 0.0 0.0 0.0 0.0 0.0 0.0 0.0 0.0 0.0 0.0 0.0 0.0 0.0 0.0 0.0 0.0 0.0 0.0 0.0 0.0 0.0 9.300000000000011 0.0 0.0 9.300000000000011 0.0 0.0 0.3 0.05 0.8 0.3 0.05 0.8 0.5 0.1 0.05
2226 11.93814492225647 0.0 0.0 0.0 0.0 0.0 0.0 0.0 0.0 0.0 0.0 0.0 0.0 0.0 0.0 0.0 0.0 0.0 0.0 0.0 0.0 0.0 0.0 0.0 9.300000000000011 0.0 0.0 9.300000000000011 0.0 0.0 0.3 0.05 0.8 0.3 0.05 0.8 0.5 0.1 0.05
2227 11.943722486495972 0.0 0.0 0.0 0.0 0.0 0.0 0.0 0.0 0.0 0.0 0.0 0.0 0.0 0.0 0.0 0.0 0.0 0.0 0.0 0.0 0.0 0.0 0.0 9.300000000000011 0.0 0.0 9.300000000000011 0.0 0.0 0.3 0.05 0.8 0.3 0.05 0.8 0.5 0.1 0.05
2228 11.95047903060913 0.0 0.0 0.0 0.0 0.0 0.0 0.0 0.0 0.0 0.0 0.0 0.0 0.0 0.0 0.0 0.0 0.0 0.0 0.0 0.0 0.0 0.0 0.0 9.300000000000011 0.0 0.0 9.300000000000011 0.0 0.0 0.3 0.05 0.8 0.3 0.05 0.8 0.5 0.1 0.05
2229 11.956065893173218 0.0 0.0 0.0 0.0 0.0 0.0 0.0 0.0 0.0 0.0 0.0 0.0 0.0 0.0 0.0 0.0 0.0 0.0 0.0 0.0 0.0 0.0 0.0 9.300000000000011 0.0 0.0 9.300000000000011 0.0 0.0 0.3 0.05 0.8 0.3 0.05 0.8 0.5 0.1 0.05
2230 11.961573123931885 0.0 0.0 0.0 0.0 0.0 0.0 0.0 0.0 0.0 0.0 0.0 0.0 0.0 0.0 0.0 0.0 0.0 0.0 0.0 0.0 0.0 0.0 0.0 9.300000000000011 0.0 0.0 9.300000000000011 0.0 0.0 0.3 0.05 0.8 0.3 0.05 0.8 0.5 0.1 0.05
2231 11.968076944351196 0.0 0.0 0.0 0.0 0.0 0.0 0.0 0.0 0.0 0.0 0.0 0.0 0.0 0.0 0.0 0.0 0.0 0.0 0.0 0.0 0.0 0.0 0.0 9.300000000000011 0.0 0.0 9.300000000000011 0.0 0.0 0.3 0.05 0.8 0.3 0.05 0.8 0.5 0.1 0.05
2232 11.974481582641602 0.0 0.0 0.0 0.0 0.0 0.0 0.0 0.0 0.0 0.0 0.0 0.0 0.0 0.0 0.0 0.0 0.0 0.0 0.0 0.0 0.0 0.0 0.0 9.300000000000011 0.0 0.0 9.300000000000011 0.0 0.0 0.3 0.05 0.8 0.3 0.05 0.8 0.5 0.1 0.05
2233 11.98072099685669 0.0 0.0 0.0 0.0 0.0 0.0 0.0 0.0 0.0 0.0 0.0 0.0 0.0 0.0 0.0 0.0 0.0 0.0 0.0 0.0 0.0 0.0 0.0 9.300000000000011 0.0 0.0 9.300000000000011 0.0 0.0 0.3 0.05 0.8 0.3 0.05 0.8 0.5 0.1 0.05
2234 11.98669695854187 0.0 0.0 0.0 0.0 0.0 0.0 0.0 0.0 0.0 0.0 0.0 0.0 0.0 0.0 0.0 0.0 0.0 0.0 0.0 0.0 0.0 0.0 0.0 9.300000000000011 0.0 0.0 9.300000000000011 0.0 0.0 0.3 0.05 0.8 0.3 0.05 0.8 0.5 0.1 0.05
2235 11.992470502853394 0.0 0.0 0.0 0.0 0.0 0.0 0.0 0.0 0.0 0.0 0.0 0.0 0.0 0.0 0.0 0.0 0.0 0.0 0.0 0.0 0.0 0.0 0.0 9.300000000000011 0.0 0.0 9.300000000000011 0.0 0.0 0.3 0.05 0.8 0.3 0.05 0.8 0.5 0.1 0.05
2236 11.99814224243164 0.0 0.0 0.0 0.0 0.0 0.0 0.0 0.0 0.0 0.0 0.0 0.0 0.0 0.0 0.0 0.0 0.0 0.0 0.0 0.0 0.0 0.0 0.0 9.300000000000011 0.0 0.0 9.300000000000011 0.0 0.0 0.3 0.05 0.8 0.3 0.05 0.8 0.5 0.1 0.05
2237 12.004461526870728 0.0 0.0 0.0 0.0 0.0 0.0 0.0 0.0 0.0 0.0 0.0 0.0 0.0 0.0 0.0 0.0 0.0 0.0 0.0 0.0 0.0 0.0 0.0 9.300000000000011 0.0 0.0 9.300000000000011 0.0 0.0 0.3 0.05 0.8 0.3 0.05 0.8 0.5 0.1 0.05
2238 12.010091781616211 0.0 0.0 0.0 0.0 0.0 0.0 0.0 0.0 0.0 0.0 0.0 0.0 0.0 0.0 0.0 0.0 0.0 0.0 0.0 0.0 0.0 0.0 0.0 9.300000000000011 0.0 0.0 9.300000000000011 0.0 0.0 0.3 0.05 0.8 0.3 0.05 0.8 0.5 0.1 0.05
2239 12.015692472457886 0.0 0.0 0.0 0.0 0.0 0.0 0.0 0.0 0.0 0.0 0.0 0.0 0.0 0.0 0.0 0.0 0.0 0.0 0.0 0.0 0.0 0.0 0.0 9.300000000000011 0.0 0.0 9.300000000000011 0.0 0.0 0.3 0.05 0.8 0.3 0.05 0.8 0.5 0.1 0.05
2240 12.021249771118164 0.0 0.0 0.0 0.0 0.0 0.0 0.0 0.0 0.0 0.0 0.0 0.0 0.0 0.0 0.0 0.0 0.0 0.0 0.0 0.0 0.0 0.0 0.0 9.300000000000011 0.0 0.0 9.300000000000011 0.0 0.0 0.3 0.05 0.8 0.3 0.05 0.8 0.5 0.1 0.05
2241 12.027090072631836 0.0 0.0 0.0 0.0 0.0 0.0 0.0 0.0 0.0 0.0 0.0 0.0 0.0 0.0 0.0 0.0 0.0 0.0 0.0 0.0 0.0 0.0 0.0 9.300000000000011 0.0 0.0 9.300000000000011 0.0 0.0 0.3 0.05 0.8 0.3 0.05 0.8 0.5 0.1 0.05
2242 12.032779932022095 0.0 0.0 0.0 0.0 0.0 0.0 0.0 0.0 0.0 0.0 0.0 0.0 0.0 0.0 0.0 0.0 0.0 0.0 0.0 0.0 0.0 0.0 0.0 9.300000000000011 0.0 0.0 9.300000000000011 0.0 0.0 0.3 0.05 0.8 0.3 0.05 0.8 0.5 0.1 0.05
2243 12.038378238677979 0.0 0.0 0.0 0.0 0.0 0.0 0.0 0.0 0.0 0.0 0.0 0.0 0.0 0.0 0.0 0.0 0.0 0.0 0.0 0.0 0.0 0.0 0.0 9.300000000000011 0.0 0.0 9.300000000000011 0.0 0.0 0.3 0.05 0.8 0.3 0.05 0.8 0.5 0.1 0.05
2244 12.044023036956787 0.0 0.0 0.0 0.0 0.0 0.0 0.0 0.0 0.0 0.0 0.0 0.0 0.0 0.0 0.0 0.0 0.0 0.0 0.0 0.0 0.0 0.0 0.0 9.300000000000011 0.0 0.0 9.300000000000011 0.0 0.0 0.3 0.05 0.8 0.3 0.05 0.8 0.5 0.1 0.05
2245 12.049964904785156 0.0 0.0 0.0 0.0 0.0 0.0 0.0 0.0 0.0 0.0 0.0 0.0 0.0 0.0 0.0 0.0 0.0 0.0 0.0 0.0 0.0 0.0 0.0 9.300000000000011 0.0 0.0 9.300000000000011 0.0 0.0 0.3 0.05 0.8 0.3 0.05 0.8 0.5 0.1 0.05
2246 12.055586338043213 0.0 0.0 0.0 0.0 0.0 0.0 0.0 0.0 0.0 0.0 0.0 0.0 0.0 0.0 0.0 0.0 0.0 0.0 0.0 0.0 0.0 0.0 0.0 9.300000000000011 0.0 0.0 9.300000000000011 0.0 0.0 0.3 0.05 0.8 0.3 0.05 0.8 0.5 0.1 0.05
2247 12.061304330825806 0.0 0.0 0.0 0.0 0.0 0.0 0.0 0.0 0.0 0.0 0.0 0.0 0.0 0.0 0.0 0.0 0.0 0.0 0.0 0.0 0.0 0.0 0.0 9.300000000000011 0.0 0.0 9.300000000000011 0.0 0.0 0.3 0.05 0.8 0.3 0.05 0.8 0.5 0.1 0.05
2248 12.06698489189148 0.0 0.0 0.0 0.0 0.0 0.0 0.0 0.0 0.0 0.0 0.0 0.0 0.0 0.0 0.0 0.0 0.0 0.0 0.0 0.0 0.0 0.0 0.0 9.300000000000011 0.0 0.0 9.300000000000011 0.0 0.0 0.3 0.05 0.8 0.3 0.05 0.8 0.5 0.1 0.05
2249 12.073040962219238 0.0 0.0 0.0 0.0 0.0 0.0 0.0 0.0 0.0 0.0 0.0 0.0 0.0 0.0 0.0 0.0 0.0 0.0 0.0 0.0 0.0 0.0 0.0 9.300000000000011 0.0 0.0 9.300000000000011 0.0 0.0 0.3 0.05 0.8 0.3 0.05 0.8 0.5 0.1 0.05
2250 12.07900071144104 0.0 0.0 0.0 0.0 0.0 0.0 0.0 0.0 0.0 0.0 0.0 0.0 0.0 0.0 0.0 0.0 0.0 0.0 0.0 0.0 0.0 0.0 0.0 9.300000000000011 0.0 0.0 9.300000000000011 0.0 0.0 0.3 0.05 0.8 0.3 0.05 0.8 0.5 0.1 0.05
2251 12.08521556854248 0.0 0.0 0.0 0.0 0.0 0.0 0.0 0.0 0.0 0.0 0.0 0.0 0.0 0.0 0.0 0.0 0.0 0.0 0.0 0.0 0.0 0.0 0.0 9.300000000000011 0.0 0.0 9.300000000000011 0.0 0.0 0.3 0.05 0.8 0.3 0.05 0.8 0.5 0.1 0.05
2252 12.09057068824768 0.0 0.0 0.0 0.0 0.0 0.0 0.0 0.0 0.0 0.0 0.0 0.0 0.0 0.0 0.0 0.0 0.0 0.0 0.0 0.0 0.0 0.0 0.0 9.300000000000011 0.0 0.0 9.300000000000011 0.0 0.0 0.3 0.05 0.8 0.3 0.05 0.8 0.5 0.1 0.05
2253 12.095876455307007 0.0 0.0 0.0 0.0 0.0 0.0 0.0 0.0 0.0 0.0 0.0 0.0 0.0 0.0 0.0 0.0 0.0 0.0 0.0 0.0 0.0 0.0 0.0 9.300000000000011 0.0 0.0 9.300000000000011 0.0 0.0 0.3 0.05 0.8 0.3 0.05 0.8 0.5 0.1 0.05
2254 12.10110878944397 0.0 0.0 0.0 0.0 0.0 0.0 0.0 0.0 0.0 0.0 0.0 0.0 0.0 0.0 0.0 0.0 0.0 0.0 0.0 0.0 0.0 0.0 0.0 9.300000000000011 0.0 0.0 9.300000000000011 0.0 0.0 0.3 0.05 0.8 0.3 0.05 0.8 0.5 0.1 0.05
2255 12.106525182723999 0.0 0.0 0.0 0.0 0.0 0.0 0.0 0.0 0.0 0.0 0.0 0.0 0.0 0.0 0.0 0.0 0.0 0.0 0.0 0.0 0.0 0.0 0.0 9.300000000000011 0.0 0.0 9.300000000000011 0.0 0.0 0.3 0.05 0.8 0.3 0.05 0.8 0.5 0.1 0.05
2256 12.111915826797485 0.0 0.0 0.0 0.0 0.0 0.0 0.0 0.0 0.0 0.0 0.0 0.0 0.0 0.0 0.0 0.0 0.0 0.0 0.0 0.0 0.0 0.0 0.0 9.300000000000011 0.0 0.0 9.300000000000011 0.0 0.0 0.3 0.05 0.8 0.3 0.05 0.8 0.5 0.1 0.05
2257 12.11727261543274 0.0 0.0 0.0 0.0 0.0 0.0 0.0 0.0 0.0 0.0 0.0 0.0 0.0 0.0 0.0 0.0 0.0 0.0 0.0 0.0 0.0 0.0 0.0 9.300000000000011 0.0 0.0 9.300000000000011 0.0 0.0 0.3 0.05 0.8 0.3 0.05 0.8 0.5 0.1 0.05
2258 12.12278699874878 0.0 0.0 0.0 0.0 0.0 0.0 0.0 0.0 0.0 0.0 0.0 0.0 0.0 0.0 0.0 0.0 0.0 0.0 0.0 0.0 0.0 0.0 0.0 9.300000000000011 0.0 0.0 9.300000000000011 0.0 0.0 0.3 0.05 0.8 0.3 0.05 0.8 0.5 0.1 0.05
2259 12.128336906433105 0.0 0.0 0.0 0.0 0.0 0.0 0.0 0.0 0.0 0.0 0.0 0.0 0.0 0.0 0.0 0.0 0.0 0.0 0.0 0.0 0.0 0.0 0.0 9.300000000000011 0.0 0.0 9.300000000000011 0.0 0.0 0.3 0.05 0.8 0.3 0.05 0.8 0.5 0.1 0.05
2260 12.133764505386353 0.0 0.0 0.0 0.0 0.0 0.0 0.0 0.0 0.0 0.0 0.0 0.0 0.0 0.0 0.0 0.0 0.0 0.0 0.0 0.0 0.0 0.0 0.0 9.300000000000011 0.0 0.0 9.300000000000011 0.0 0.0 0.3 0.05 0.8 0.3 0.05 0.8 0.5 0.1 0.05
2261 12.139251708984375 0.0 0.0 0.0 0.0 0.0 0.0 0.0 0.0 0.0 0.0 0.0 0.0 0.0 0.0 0.0 0.0 0.0 0.0 0.0 0.0 0.0 0.0 0.0 9.300000000000011 0.0 0.0 9.300000000000011 0.0 0.0 0.3 0.05 0.8 0.3 0.05 0.8 0.5 0.1 0.05
2262 12.144506931304932 0.0 0.0 0.0 0.0 0.0 0.0 0.0 0.0 0.0 0.0 0.0 0.0 0.0 0.0 0.0 0.0 0.0 0.0 0.0 0.0 0.0 0.0 0.0 9.300000000000011 0.0 0.0 9.300000000000011 0.0 0.0 0.3 0.05 0.8 0.3 0.05 0.8 0.5 0.1 0.05
2263 12.149808883666992 0.0 0.0 0.0 0.0 0.0 0.0 0.0 0.0 0.0 0.0 0.0 0.0 0.0 0.0 0.0 0.0 0.0 0.0 0.0 0.0 0.0 0.0 0.0 9.300000000000011 0.0 0.0 9.300000000000011 0.0 0.0 0.3 0.05 0.8 0.3 0.05 0.8 0.5 0.1 0.05
2264 12.155077457427979 0.0 0.0 0.0 0.0 0.0 0.0 0.0 0.0 0.0 0.0 0.0 0.0 0.0 0.0 0.0 0.0 0.0 0.0 0.0 0.0 0.0 0.0 0.0 9.300000000000011 0.0 0.0 9.300000000000011 0.0 0.0 0.3 0.05 0.8 0.3 0.05 0.8 0.5 0.1 0.05
2265 12.160360097885132 0.0 0.0 0.0 0.0 0.0 0.0 0.0 0.0 0.0 0.0 0.0 0.0 0.0 0.0 0.0 0.0 0.0 0.0 0.0 0.0 0.0 0.0 0.0 9.300000000000011 0.0 0.0 9.300000000000011 0.0 0.0 0.3 0.05 0.8 0.3 0.05 0.8 0.5 0.1 0.05
2266 12.16575574874878 0.0 0.0 0.0 0.0 0.0 0.0 0.0 0.0 0.0 0.0 0.0 0.0 0.0 0.0 0.0 0.0 0.0 0.0 0.0 0.0 0.0 0.0 0.0 9.300000000000011 0.0 0.0 9.300000000000011 0.0 0.0 0.3 0.05 0.8 0.3 0.05 0.8 0.5 0.1 0.05
2267 12.171065330505371 0.0 0.0 0.0 0.0 0.0 0.0 0.0 0.0 0.0 0.0 0.0 0.0 0.0 0.0 0.0 0.0 0.0 0.0 0.0 0.0 0.0 0.0 0.0 9.300000000000011 0.0 0.0 9.300000000000011 0.0 0.0 0.3 0.05 0.8 0.3 0.05 0.8 0.5 0.1 0.05
2268 12.176403045654297 0.0 0.0 0.0 0.0 0.0 0.0 0.0 0.0 0.0 0.0 0.0 0.0 0.0 0.0 0.0 0.0 0.0 0.0 0.0 0.0 0.0 0.0 0.0 9.300000000000011 0.0 0.0 9.300000000000011 0.0 0.0 0.3 0.05 0.8 0.3 0.05 0.8 0.5 0.1 0.05
2269 12.181679964065552 0.0 0.0 0.0 0.0 0.0 0.0 0.0 0.0 0.0 0.0 0.0 0.0 0.0 0.0 0.0 0.0 0.0 0.0 0.0 0.0 0.0 0.0 0.0 9.300000000000011 0.0 0.0 9.300000000000011 0.0 0.0 0.3 0.05 0.8 0.3 0.05 0.8 0.5 0.1 0.05
2270 12.18702220916748 0.0 0.0 0.0 0.0 0.0 0.0 0.0 0.0 0.0 0.0 0.0 0.0 0.0 0.0 0.0 0.0 0.0 0.0 0.0 0.0 0.0 0.0 0.0 9.300000000000011 0.0 0.0 9.300000000000011 0.0 0.0 0.3 0.05 0.8 0.3 0.05 0.8 0.5 0.1 0.05
2271 12.192427635192871 0.0 0.0 0.0 0.0 0.0 0.0 0.0 0.0 0.0 0.0 0.0 0.0 0.0 0.0 0.0 0.0 0.0 0.0 0.0 0.0 0.0 0.0 0.0 9.300000000000011 0.0 0.0 9.300000000000011 0.0 0.0 0.3 0.05 0.8 0.3 0.05 0.8 0.5 0.1 0.05
2272 12.197718381881714 0.0 0.0 0.0 0.0 0.0 0.0 0.0 0.0 0.0 0.0 0.0 0.0 0.0 0.0 0.0 0.0 0.0 0.0 0.0 0.0 0.0 0.0 0.0 9.300000000000011 0.0 0.0 9.300000000000011 0.0 0.0 0.3 0.05 0.8 0.3 0.05 0.8 0.5 0.1 0.05
2273 12.203074932098389 0.0 0.0 0.0 0.0 0.0 0.0 0.0 0.0 0.0 0.0 0.0 0.0 0.0 0.0 0.0 0.0 0.0 0.0 0.0 0.0 0.0 0.0 0.0 9.300000000000011 0.0 0.0 9.300000000000011 0.0 0.0 0.3 0.05 0.8 0.3 0.05 0.8 0.5 0.1 0.05
2274 12.208323955535889 0.0 0.0 0.0 0.0 0.0 0.0 0.0 0.0 0.0 0.0 0.0 0.0 0.0 0.0 0.0 0.0 0.0 0.0 0.0 0.0 0.0 0.0 0.0 9.300000000000011 0.0 0.0 9.300000000000011 0.0 0.0 0.3 0.05 0.8 0.3 0.05 0.8 0.5 0.1 0.05
2275 12.213557720184326 0.0 0.0 0.0 0.0 0.0 0.0 0.0 0.0 0.0 0.0 0.0 0.0 0.0 0.0 0.0 0.0 0.0 0.0 0.0 0.0 0.0 0.0 0.0 9.300000000000011 0.0 0.0 9.300000000000011 0.0 0.0 0.3 0.05 0.8 0.3 0.05 0.8 0.5 0.1 0.05
2276 12.21877408027649 0.0 0.0 0.0 0.0 0.0 0.0 0.0 0.0 0.0 0.0 0.0 0.0 0.0 0.0 0.0 0.0 0.0 0.0 0.0 0.0 0.0 0.0 0.0 9.300000000000011 0.0 0.0 9.300000000000011 0.0 0.0 0.3 0.05 0.8 0.3 0.05 0.8 0.5 0.1 0.05
2277 12.223983526229858 0.0 0.0 0.0 0.0 0.0 0.0 0.0 0.0 0.0 0.0 0.0 0.0 0.0 0.0 0.0 0.0 0.0 0.0 0.0 0.0 0.0 0.0 0.0 9.300000000000011 0.0 0.0 9.300000000000011 0.0 0.0 0.3 0.05 0.8 0.3 0.05 0.8 0.5 0.1 0.05
2278 12.2292001247406 0.0 0.0 0.0 0.0 0.0 0.0 0.0 0.0 0.0 0.0 0.0 0.0 0.0 0.0 0.0 0.0 0.0 0.0 0.0 0.0 0.0 0.0 0.0 9.300000000000011 0.0 0.0 9.300000000000011 0.0 0.0 0.3 0.05 0.8 0.3 0.05 0.8 0.5 0.1 0.05
2279 12.234520435333252 0.0 0.0 0.0 0.0 0.0 0.0 0.0 0.0 0.0 0.0 0.0 0.0 0.0 0.0 0.0 0.0 0.0 0.0 0.0 0.0 0.0 0.0 0.0 9.300000000000011 0.0 0.0 9.300000000000011 0.0 0.0 0.3 0.05 0.8 0.3 0.05 0.8 0.5 0.1 0.05
2280 12.23980975151062 0.0 0.0 0.0 0.0 0.0 0.0 0.0 0.0 0.0 0.0 0.0 0.0 0.0 0.0 0.0 0.0 0.0 0.0 0.0 0.0 0.0 0.0 0.0 9.300000000000011 0.0 0.0 9.300000000000011 0.0 0.0 0.3 0.05 0.8 0.3 0.05 0.8 0.5 0.1 0.05
2281 12.245155572891235 0.0 0.0 0.0 0.0 0.0 0.0 0.0 0.0 0.0 0.0 0.0 0.0 0.0 0.0 0.0 0.0 0.0 0.0 0.0 0.0 0.0 0.0 0.0 9.300000000000011 0.0 0.0 9.300000000000011 0.0 0.0 0.3 0.05 0.8 0.3 0.05 0.8 0.5 0.1 0.05
2282 12.250523567199707 0.0 0.0 0.0 0.0 0.0 0.0 0.0 0.0 0.0 0.0 0.0 0.0 0.0 0.0 0.0 0.0 0.0 0.0 0.0 0.0 0.0 0.0 0.0 9.300000000000011 0.0 0.0 9.300000000000011 0.0 0.0 0.3 0.05 0.8 0.3 0.05 0.8 0.5 0.1 0.05
2283 12.255828142166138 0.0 0.0 0.0 0.0 0.0 0.0 0.0 0.0 0.0 0.0 0.0 0.0 0.0 0.0 0.0 0.0 0.0 0.0 0.0 0.0 0.0 0.0 0.0 9.300000000000011 0.0 0.0 9.300000000000011 0.0 0.0 0.3 0.05 0.8 0.3 0.05 0.8 0.5 0.1 0.05
2284 12.261060953140259 0.0 0.0 0.0 0.0 0.0 0.0 0.0 0.0 0.0 0.0 0.0 0.0 0.0 0.0 0.0 0.0 0.0 0.0 0.0 0.0 0.0 0.0 0.0 9.300000000000011 0.0 0.0 9.300000000000011 0.0 0.0 0.3 0.05 0.8 0.3 0.05 0.8 0.5 0.1 0.05
2285 12.266413688659668 0.0 0.0 0.0 0.0 0.0 0.0 0.0 0.0 0.0 0.0 0.0 0.0 0.0 0.0 0.0 0.0 0.0 0.0 0.0 0.0 0.0 0.0 0.0 9.300000000000011 0.0 0.0 9.300000000000011 0.0 0.0 0.3 0.05 0.8 0.3 0.05 0.8 0.5 0.1 0.05
2286 12.271726608276367 0.0 0.0 0.0 0.0 0.0 0.0 0.0 0.0 0.0 0.0 0.0 0.0 0.0 0.0 0.0 0.0 0.0 0.0 0.0 0.0 0.0 0.0 0.0 9.300000000000011 0.0 0.0 9.300000000000011 0.0 0.0 0.3 0.05 0.8 0.3 0.05 0.8 0.5 0.1 0.05
2287 12.276960134506226 0.0 0.0 0.0 0.0 0.0 0.0 0.0 0.0 0.0 0.0 0.0 0.0 0.0 0.0 0.0 0.0 0.0 0.0 0.0 0.0 0.0 0.0 0.0 9.300000000000011 0.0 0.0 9.300000000000011 0.0 0.0 0.3 0.05 0.8 0.3 0.05 0.8 0.5 0.1 0.05
2288 12.282206535339355 0.0 0.0 0.0 0.0 0.0 0.0 0.0 0.0 0.0 0.0 0.0 0.0 0.0 0.0 0.0 0.0 0.0 0.0 0.0 0.0 0.0 0.0 0.0 9.300000000000011 0.0 0.0 9.300000000000011 0.0 0.0 0.3 0.05 0.8 0.3 0.05 0.8 0.5 0.1 0.05
2289 12.28744626045227 0.0 0.0 0.0 0.0 0.0 0.0 0.0 0.0 0.0 0.0 0.0 0.0 0.0 0.0 0.0 0.0 0.0 0.0 0.0 0.0 0.0 0.0 0.0 9.300000000000011 0.0 0.0 9.300000000000011 0.0 0.0 0.3 0.05 0.8 0.3 0.05 0.8 0.5 0.1 0.05
2290 12.292741298675537 0.0 0.0 0.0 0.0 0.0 0.0 0.0 0.0 0.0 0.0 0.0 0.0 0.0 0.0 0.0 0.0 0.0 0.0 0.0 0.0 0.0 0.0 0.0 9.300000000000011 0.0 0.0 9.300000000000011 0.0 0.0 0.3 0.05 0.8 0.3 0.05 0.8 0.5 0.1 0.05
2291 12.298747062683105 0.0 0.0 0.0 0.0 0.0 0.0 0.0 0.0 0.0 0.0 0.0 0.0 0.0 0.0 0.0 0.0 0.0 0.0 0.0 0.0 0.0 0.0 0.0 9.300000000000011 0.0 0.0 9.300000000000011 0.0 0.0 0.3 0.05 0.8 0.3 0.05 0.8 0.5 0.1 0.05
2292 12.304099798202515 0.0 0.0 0.0 0.0 0.0 0.0 0.0 0.0 0.0 0.0 0.0 0.0 0.0 0.0 0.0 0.0 0.0 0.0 0.0 0.0 0.0 0.0 0.0 9.300000000000011 0.0 0.0 9.300000000000011 0.0 0.0 0.3 0.05 0.8 0.3 0.05 0.8 0.5 0.1 0.05
2293 12.309390306472778 0.0 0.0 0.0 0.0 0.0 0.0 0.0 0.0 0.0 0.0 0.0 0.0 0.0 0.0 0.0 0.0 0.0 0.0 0.0 0.0 0.0 0.0 0.0 9.300000000000011 0.0 0.0 9.300000000000011 0.0 0.0 0.3 0.05 0.8 0.3 0.05 0.8 0.5 0.1 0.05
2294 12.314632177352905 0.0 0.0 0.0 0.0 0.0 0.0 0.0 0.0 0.0 0.0 0.0 0.0 0.0 0.0 0.0 0.0 0.0 0.0 0.0 0.0 0.0 0.0 0.0 9.300000000000011 0.0 0.0 9.300000000000011 0.0 0.0 0.3 0.05 0.8 0.3 0.05 0.8 0.5 0.1 0.05
2295 12.31994104385376 0.0 0.0 0.0 0.0 0.0 0.0 0.0 0.0 0.0 0.0 0.0 0.0 0.0 0.0 0.0 0.0 0.0 0.0 0.0 0.0 0.0 0.0 0.0 9.300000000000011 0.0 0.0 9.300000000000011 0.0 0.0 0.3 0.05 0.8 0.3 0.05 0.8 0.5 0.1 0.05
2296 12.325196981430054 0.0 0.0 0.0 0.0 0.0 0.0 0.0 0.0 0.0 0.0 0.0 0.0 0.0 0.0 0.0 0.0 0.0 0.0 0.0 0.0 0.0 0.0 0.0 9.300000000000011 0.0 0.0 9.300000000000011 0.0 0.0 0.3 0.05 0.8 0.3 0.05 0.8 0.5 0.1 0.05
2297 12.330522775650024 0.0 0.0 0.0 0.0 0.0 0.0 0.0 0.0 0.0 0.0 0.0 0.0 0.0 0.0 0.0 0.0 0.0 0.0 0.0 0.0 0.0 0.0 0.0 9.300000000000011 0.0 0.0 9.300000000000011 0.0 0.0 0.3 0.05 0.8 0.3 0.05 0.8 0.5 0.1 0.05
2298 12.335778951644897 0.0 0.0 0.0 0.0 0.0 0.0 0.0 0.0 0.0 0.0 0.0 0.0 0.0 0.0 0.0 0.0 0.0 0.0 0.0 0.0 0.0 0.0 0.0 9.300000000000011 0.0 0.0 9.300000000000011 0.0 0.0 0.3 0.05 0.8 0.3 0.05 0.8 0.5 0.1 0.05
2299 12.340981483459473 0.0 0.0 0.0 0.0 0.0 0.0 0.0 0.0 0.0 0.0 0.0 0.0 0.0 0.0 0.0 0.0 0.0 0.0 0.0 0.0 0.0 0.0 0.0 9.300000000000011 0.0 0.0 9.300000000000011 0.0 0.0 0.3 0.05 0.8 0.3 0.05 0.8 0.5 0.1 0.05
2300 12.34620451927185 0.0 0.0 0.0 0.0 0.0 0.0 0.0 0.0 0.0 0.0 0.0 0.0 0.0 0.0 0.0 0.0 0.0 0.0 0.0 0.0 0.0 0.0 0.0 9.300000000000011 0.0 0.0 9.300000000000011 0.0 0.0 0.3 0.05 0.8 0.3 0.05 0.8 0.5 0.1 0.05
2301 12.35161018371582 0.0 0.0 0.0 0.0 0.0 0.0 0.0 0.0 0.0 0.0 0.0 0.0 0.0 0.0 0.0 0.0 0.0 0.0 0.0 0.0 0.0 0.0 0.0 9.300000000000011 0.0 0.0 9.300000000000011 0.0 0.0 0.3 0.05 0.8 0.3 0.05 0.8 0.5 0.1 0.05
2302 12.356999158859253 0.0 0.0 0.0 0.0 0.0 0.0 0.0 0.0 0.0 0.0 0.0 0.0 0.0 0.0 0.0 0.0 0.0 0.0 0.0 0.0 0.0 0.0 0.0 9.300000000000011 0.0 0.0 9.300000000000011 0.0 0.0 0.3 0.05 0.8 0.3 0.05 0.8 0.5 0.1 0.05
2303 12.36243987083435 0.0 0.0 0.0 0.0 0.0 0.0 0.0 0.0 0.0 0.0 0.0 0.0 0.0 0.0 0.0 0.0 0.0 0.0 0.0 0.0 0.0 0.0 0.0 9.300000000000011 0.0 0.0 9.300000000000011 0.0 0.0 0.3 0.05 0.8 0.3 0.05 0.8 0.5 0.1 0.05
2304 12.368376731872559 0.0 0.0 0.0 0.0 0.0 0.0 0.0 0.0 0.0 0.0 0.0 0.0 0.0 0.0 0.0 0.0 0.0 0.0 0.0 0.0 0.0 0.0 0.0 9.300000000000011 0.0 0.0 9.300000000000011 0.0 0.0 0.3 0.05 0.8 0.3 0.05 0.8 0.5 0.1 0.05
2305 12.37402057647705 0.0 0.0 0.0 0.0 0.0 0.0 0.0 0.0 0.0 0.0 0.0 0.0 0.0 0.0 0.0 0.0 0.0 0.0 0.0 0.0 0.0 0.0 0.0 9.300000000000011 0.0 0.0 9.300000000000011 0.0 0.0 0.3 0.05 0.8 0.3 0.05 0.8 0.5 0.1 0.05
2306 12.379412412643433 0.0 0.0 0.0 0.0 0.0 0.0 0.0 0.0 0.0 0.0 0.0 0.0 0.0 0.0 0.0 0.0 0.0 0.0 0.0 0.0 0.0 0.0 0.0 9.300000000000011 0.0 0.0 9.300000000000011 0.0 0.0 0.3 0.05 0.8 0.3 0.05 0.8 0.5 0.1 0.05
2307 12.384784936904907 0.0 0.0 0.0 0.0 0.0 0.0 0.0 0.0 0.0 0.0 0.0 0.0 0.0 0.0 0.0 0.0 0.0 0.0 0.0 0.0 0.0 0.0 0.0 9.300000000000011 0.0 0.0 9.300000000000011 0.0 0.0 0.3 0.05 0.8 0.3 0.05 0.8 0.5 0.1 0.05
2308 12.390204906463623 0.0 0.0 0.0 0.0 0.0 0.0 0.0 0.0 0.0 0.0 0.0 0.0 0.0 0.0 0.0 0.0 0.0 0.0 0.0 0.0 0.0 0.0 0.0 9.300000000000011 0.0 0.0 9.300000000000011 0.0 0.0 0.3 0.05 0.8 0.3 0.05 0.8 0.5 0.1 0.05
2309 12.395587682723999 0.0 0.0 0.0 0.0 0.0 0.0 0.0 0.0 0.0 0.0 0.0 0.0 0.0 0.0 0.0 0.0 0.0 0.0 0.0 0.0 0.0 0.0 0.0 9.300000000000011 0.0 0.0 9.300000000000011 0.0 0.0 0.3 0.05 0.8 0.3 0.05 0.8 0.5 0.1 0.05
2310 12.40094256401062 0.0 0.0 0.0 0.0 0.0 0.0 0.0 0.0 0.0 0.0 0.0 0.0 0.0 0.0 0.0 0.0 0.0 0.0 0.0 0.0 0.0 0.0 0.0 9.300000000000011 0.0 0.0 9.300000000000011 0.0 0.0 0.3 0.05 0.8 0.3 0.05 0.8 0.5 0.1 0.05
2311 12.406494140625 0.0 0.0 0.0 0.0 0.0 0.0 0.0 0.0 0.0 0.0 0.0 0.0 0.0 0.0 0.0 0.0 0.0 0.0 0.0 0.0 0.0 0.0 0.0 9.300000000000011 0.0 0.0 9.300000000000011 0.0 0.0 0.3 0.05 0.8 0.3 0.05 0.8 0.5 0.1 0.05
2312 12.411938190460205 0.0 0.0 0.0 0.0 0.0 0.0 0.0 0.0 0.0 0.0 0.0 0.0 0.0 0.0 0.0 0.0 0.0 0.0 0.0 0.0 0.0 0.0 0.0 9.300000000000011 0.0 0.0 9.300000000000011 0.0 0.0 0.3 0.05 0.8 0.3 0.05 0.8 0.5 0.1 0.05
2313 12.417339324951172 0.0 0.0 0.0 0.0 0.0 0.0 0.0 0.0 0.0 0.0 0.0 0.0 0.0 0.0 0.0 0.0 0.0 0.0 0.0 0.0 0.0 0.0 0.0 9.300000000000011 0.0 0.0 9.300000000000011 0.0 0.0 0.3 0.05 0.8 0.3 0.05 0.8 0.5 0.1 0.05
2314 12.422734260559082 0.0 0.0 0.0 0.0 0.0 0.0 0.0 0.0 0.0 0.0 0.0 0.0 0.0 0.0 0.0 0.0 0.0 0.0 0.0 0.0 0.0 0.0 0.0 9.300000000000011 0.0 0.0 9.300000000000011 0.0 0.0 0.3 0.05 0.8 0.3 0.05 0.8 0.5 0.1 0.05
2315 12.428137302398682 0.0 0.0 0.0 0.0 0.0 0.0 0.0 0.0 0.0 0.0 0.0 0.0 0.0 0.0 0.0 0.0 0.0 0.0 0.0 0.0 0.0 0.0 0.0 9.300000000000011 0.0 0.0 9.300000000000011 0.0 0.0 0.3 0.05 0.8 0.3 0.05 0.8 0.5 0.1 0.05
2316 12.433604001998901 0.0 0.0 0.0 0.0 0.0 0.0 0.0 0.0 0.0 0.0 0.0 0.0 0.0 0.0 0.0 0.0 0.0 0.0 0.0 0.0 0.0 0.0 0.0 9.300000000000011 0.0 0.0 9.300000000000011 0.0 0.0 0.3 0.05 0.8 0.3 0.05 0.8 0.5 0.1 0.05
2317 12.438946008682251 0.0 0.0 0.0 0.0 0.0 0.0 0.0 0.0 0.0 0.0 0.0 0.0 0.0 0.0 0.0 0.0 0.0 0.0 0.0 0.0 0.0 0.0 0.0 9.300000000000011 0.0 0.0 9.300000000000011 0.0 0.0 0.3 0.05 0.8 0.3 0.05 0.8 0.5 0.1 0.05
2318 12.444329738616943 0.0 0.0 0.0 0.0 0.0 0.0 0.0 0.0 0.0 0.0 0.0 0.0 0.0 0.0 0.0 0.0 0.0 0.0 0.0 0.0 0.0 0.0 0.0 9.300000000000011 0.0 0.0 9.300000000000011 0.0 0.0 0.3 0.05 0.8 0.3 0.05 0.8 0.5 0.1 0.05
2319 12.449711322784424 0.0 0.0 0.0 0.0 0.0 0.0 0.0 0.0 0.0 0.0 0.0 0.0 0.0 0.0 0.0 0.0 0.0 0.0 0.0 0.0 0.0 0.0 0.0 9.300000000000011 0.0 0.0 9.300000000000011 0.0 0.0 0.3 0.05 0.8 0.3 0.05 0.8 0.5 0.1 0.05
2320 12.455098628997803 0.0 0.0 0.0 0.0 0.0 0.0 0.0 0.0 0.0 0.0 0.0 0.0 0.0 0.0 0.0 0.0 0.0 0.0 0.0 0.0 0.0 0.0 0.0 9.300000000000011 0.0 0.0 9.300000000000011 0.0 0.0 0.3 0.05 0.8 0.3 0.05 0.8 0.5 0.1 0.05
2321 12.460896730422974 0.0 0.0 0.0 0.0 0.0 0.0 0.0 0.0 0.0 0.0 0.0 0.0 0.0 0.0 0.0 0.0 0.0 0.0 0.0 0.0 0.0 0.0 0.0 9.300000000000011 0.0 0.0 9.300000000000011 0.0 0.0 0.3 0.05 0.8 0.3 0.05 0.8 0.5 0.1 0.05
2322 12.466419219970703 0.0 0.0 0.0 0.0 0.0 0.0 0.0 0.0 0.0 0.0 0.0 0.0 0.0 0.0 0.0 0.0 0.0 0.0 0.0 0.0 0.0 0.0 0.0 9.300000000000011 0.0 0.0 9.300000000000011 0.0 0.0 0.3 0.05 0.8 0.3 0.05 0.8 0.5 0.1 0.05
2323 12.471857786178589 0.0 0.0 0.0 0.0 0.0 0.0 0.0 0.0 0.0 0.0 0.0 0.0 0.0 0.0 0.0 0.0 0.0 0.0 0.0 0.0 0.0 0.0 0.0 9.300000000000011 0.0 0.0 9.300000000000011 0.0 0.0 0.3 0.05 0.8 0.3 0.05 0.8 0.5 0.1 0.05
2324 12.477363348007202 0.0 0.0 0.0 0.0 0.0 0.0 0.0 0.0 0.0 0.0 0.0 0.0 0.0 0.0 0.0 0.0 0.0 0.0 0.0 0.0 0.0 0.0 0.0 9.300000000000011 0.0 0.0 9.300000000000011 0.0 0.0 0.3 0.05 0.8 0.3 0.05 0.8 0.5 0.1 0.05
2325 12.484046220779419 0.0 0.0 0.0 0.0 0.0 0.0 0.0 0.0 0.0 0.0 0.0 0.0 0.0 0.0 0.0 0.0 0.0 0.0 0.0 0.0 0.0 0.0 0.0 9.300000000000011 0.0 0.0 9.300000000000011 0.0 0.0 0.3 0.05 0.8 0.3 0.05 0.8 0.5 0.1 0.05
2326 12.489656686782837 0.0 0.0 0.0 0.0 0.0 0.0 0.0 0.0 0.0 0.0 0.0 0.0 0.0 0.0 0.0 0.0 0.0 0.0 0.0 0.0 0.0 0.0 0.0 9.300000000000011 0.0 0.0 9.300000000000011 0.0 0.0 0.3 0.05 0.8 0.3 0.05 0.8 0.5 0.1 0.05
2327 12.496078491210938 0.0 0.0 0.0 0.0 0.0 0.0 0.0 0.0 0.0 0.0 0.0 0.0 0.0 0.0 0.0 0.0 0.0 0.0 0.0 0.0 0.0 0.0 0.0 9.300000000000011 0.0 0.0 9.300000000000011 0.0 0.0 0.3 0.05 0.8 0.3 0.05 0.8 0.5 0.1 0.05
2328 12.501813411712646 0.0 0.0 0.0 0.0 0.0 0.0 0.0 0.0 0.0 0.0 0.0 0.0 0.0 0.0 0.0 0.0 0.0 0.0 0.0 0.0 0.0 0.0 0.0 9.300000000000011 0.0 0.0 9.300000000000011 0.0 0.0 0.3 0.05 0.8 0.3 0.05 0.8 0.5 0.1 0.05
2329 12.50735092163086 0.0 0.0 0.0 0.0 0.0 0.0 0.0 0.0 0.0 0.0 0.0 0.0 0.0 0.0 0.0 0.0 0.0 0.0 0.0 0.0 0.0 0.0 0.0 9.300000000000011 0.0 0.0 9.300000000000011 0.0 0.0 0.3 0.05 0.8 0.3 0.05 0.8 0.5 0.1 0.05
2330 12.513794183731079 0.0 0.0 0.0 0.0 0.0 0.0 0.0 0.0 0.0 0.0 0.0 0.0 0.0 0.0 0.0 0.0 0.0 0.0 0.0 0.0 0.0 0.0 0.0 9.300000000000011 0.0 0.0 9.300000000000011 0.0 0.0 0.3 0.05 0.8 0.3 0.05 0.8 0.5 0.1 0.05
2331 12.51953673362732 0.0 0.0 0.0 0.0 0.0 0.0 0.0 0.0 0.0 0.0 0.0 0.0 0.0 0.0 0.0 0.0 0.0 0.0 0.0 0.0 0.0 0.0 0.0 9.300000000000011 0.0 0.0 9.300000000000011 0.0 0.0 0.3 0.05 0.8 0.3 0.05 0.8 0.5 0.1 0.05
2332 12.525344133377075 0.0 0.0 0.0 0.0 0.0 0.0 0.0 0.0 0.0 0.0 0.0 0.0 0.0 0.0 0.0 0.0 0.0 0.0 0.0 0.0 0.0 0.0 0.0 9.300000000000011 0.0 0.0 9.300000000000011 0.0 0.0 0.3 0.05 0.8 0.3 0.05 0.8 0.5 0.1 0.05
2333 12.530988454818726 0.0 0.0 0.0 0.0 0.0 0.0 0.0 0.0 0.0 0.0 0.0 0.0 0.0 0.0 0.0 0.0 0.0 0.0 0.0 0.0 0.0 0.0 0.0 9.300000000000011 0.0 0.0 9.300000000000011 0.0 0.0 0.3 0.05 0.8 0.3 0.05 0.8 0.5 0.1 0.05
2334 12.536616325378418 0.0 0.0 0.0 0.0 0.0 0.0 0.0 0.0 0.0 0.0 0.0 0.0 0.0 0.0 0.0 0.0 0.0 0.0 0.0 0.0 0.0 0.0 0.0 9.300000000000011 0.0 0.0 9.300000000000011 0.0 0.0 0.3 0.05 0.8 0.3 0.05 0.8 0.5 0.1 0.05
2335 12.542237043380737 0.0 0.0 0.0 0.0 0.0 0.0 0.0 0.0 0.0 0.0 0.0 0.0 0.0 0.0 0.0 0.0 0.0 0.0 0.0 0.0 0.0 0.0 0.0 9.300000000000011 0.0 0.0 9.300000000000011 0.0 0.0 0.3 0.05 0.8 0.3 0.05 0.8 0.5 0.1 0.05
2336 12.547721147537231 0.0 0.0 0.0 0.0 0.0 0.0 0.0 0.0 0.0 0.0 0.0 0.0 0.0 0.0 0.0 0.0 0.0 0.0 0.0 0.0 0.0 0.0 0.0 9.300000000000011 0.0 0.0 9.300000000000011 0.0 0.0 0.3 0.05 0.8 0.3 0.05 0.8 0.5 0.1 0.05
2337 12.553176879882812 0.0 0.0 0.0 0.0 0.0 0.0 0.0 0.0 0.0 0.0 0.0 0.0 0.0 0.0 0.0 0.0 0.0 0.0 0.0 0.0 0.0 0.0 0.0 9.300000000000011 0.0 0.0 9.300000000000011 0.0 0.0 0.3 0.05 0.8 0.3 0.05 0.8 0.5 0.1 0.05
2338 12.558627128601074 0.0 0.0 0.0 0.0 0.0 0.0 0.0 0.0 0.0 0.0 0.0 0.0 0.0 0.0 0.0 0.0 0.0 0.0 0.0 0.0 0.0 0.0 0.0 9.300000000000011 0.0 0.0 9.300000000000011 0.0 0.0 0.3 0.05 0.8 0.3 0.05 0.8 0.5 0.1 0.05
2339 12.564120054244995 0.0 0.0 0.0 0.0 0.0 0.0 0.0 0.0 0.0 0.0 0.0 0.0 0.0 0.0 0.0 0.0 0.0 0.0 0.0 0.0 0.0 0.0 0.0 9.300000000000011 0.0 0.0 9.300000000000011 0.0 0.0 0.3 0.05 0.8 0.3 0.05 0.8 0.5 0.1 0.05
2340 12.569545984268188 0.0 0.0 0.0 0.0 0.0 0.0 0.0 0.0 0.0 0.0 0.0 0.0 0.0 0.0 0.0 0.0 0.0 0.0 0.0 0.0 0.0 0.0 0.0 9.300000000000011 0.0 0.0 9.300000000000011 0.0 0.0 0.3 0.05 0.8 0.3 0.05 0.8 0.5 0.1 0.05
2341 12.5751793384552 0.0 0.0 0.0 0.0 0.0 0.0 0.0 0.0 0.0 0.0 0.0 0.0 0.0 0.0 0.0 0.0 0.0 0.0 0.0 0.0 0.0 0.0 0.0 9.300000000000011 0.0 0.0 9.300000000000011 0.0 0.0 0.3 0.05 0.8 0.3 0.05 0.8 0.5 0.1 0.05
2342 12.58073616027832 0.0 0.0 0.0 0.0 0.0 0.0 0.0 0.0 0.0 0.0 0.0 0.0 0.0 0.0 0.0 0.0 0.0 0.0 0.0 0.0 0.0 0.0 0.0 9.300000000000011 0.0 0.0 9.300000000000011 0.0 0.0 0.3 0.05 0.8 0.3 0.05 0.8 0.5 0.1 0.05
2343 12.586596488952637 0.0 0.0 0.0 0.0 0.0 0.0 0.0 0.0 0.0 0.0 0.0 0.0 0.0 0.0 0.0 0.0 0.0 0.0 0.0 0.0 0.0 0.0 0.0 9.300000000000011 0.0 0.0 9.300000000000011 0.0 0.0 0.3 0.05 0.8 0.3 0.05 0.8 0.5 0.1 0.05
2344 12.592063903808594 0.0 0.0 0.0 0.0 0.0 0.0 0.0 0.0 0.0 0.0 0.0 0.0 0.0 0.0 0.0 0.0 0.0 0.0 0.0 0.0 0.0 0.0 0.0 9.300000000000011 0.0 0.0 9.300000000000011 0.0 0.0 0.3 0.05 0.8 0.3 0.05 0.8 0.5 0.1 0.05
2345 12.597517490386963 0.0 0.0 0.0 0.0 0.0 0.0 0.0 0.0 0.0 0.0 0.0 0.0 0.0 0.0 0.0 0.0 0.0 0.0 0.0 0.0 0.0 0.0 0.0 9.300000000000011 0.0 0.0 9.300000000000011 0.0 0.0 0.3 0.05 0.8 0.3 0.05 0.8 0.5 0.1 0.05
2346 12.602978467941284 0.0 0.0 0.0 0.0 0.0 0.0 0.0 0.0 0.0 0.0 0.0 0.0 0.0 0.0 0.0 0.0 0.0 0.0 0.0 0.0 0.0 0.0 0.0 9.300000000000011 0.0 0.0 9.300000000000011 0.0 0.0 0.3 0.05 0.8 0.3 0.05 0.8 0.5 0.1 0.05
2347 12.608396291732788 0.0 0.0 0.0 0.0 0.0 0.0 0.0 0.0 0.0 0.0 0.0 0.0 0.0 0.0 0.0 0.0 0.0 0.0 0.0 0.0 0.0 0.0 0.0 9.300000000000011 0.0 0.0 9.300000000000011 0.0 0.0 0.3 0.05 0.8 0.3 0.05 0.8 0.5 0.1 0.05
2348 12.613902568817139 0.0 0.0 0.0 0.0 0.0 0.0 0.0 0.0 0.0 0.0 0.0 0.0 0.0 0.0 0.0 0.0 0.0 0.0 0.0 0.0 0.0 0.0 0.0 9.300000000000011 0.0 0.0 9.300000000000011 0.0 0.0 0.3 0.05 0.8 0.3 0.05 0.8 0.5 0.1 0.05
2349 12.619386911392212 0.0 0.0 0.0 0.0 0.0 0.0 0.0 0.0 0.0 0.0 0.0 0.0 0.0 0.0 0.0 0.0 0.0 0.0 0.0 0.0 0.0 0.0 0.0 9.300000000000011 0.0 0.0 9.300000000000011 0.0 0.0 0.3 0.05 0.8 0.3 0.05 0.8 0.5 0.1 0.05
2350 12.624804019927979 0.0 0.0 0.0 0.0 0.0 0.0 0.0 0.0 0.0 0.0 0.0 0.0 0.0 0.0 0.0 0.0 0.0 0.0 0.0 0.0 0.0 0.0 0.0 9.300000000000011 0.0 0.0 9.300000000000011 0.0 0.0 0.3 0.05 0.8 0.3 0.05 0.8 0.5 0.1 0.05
2351 12.630450963973999 0.0 0.0 0.0 0.0 0.0 0.0 0.0 0.0 0.0 0.0 0.0 0.0 0.0 0.0 0.0 0.0 0.0 0.0 0.0 0.0 0.0 0.0 0.0 9.300000000000011 0.0 0.0 9.300000000000011 0.0 0.0 0.3 0.05 0.8 0.3 0.05 0.8 0.5 0.1 0.05
2352 12.635754823684692 0.0 0.0 0.0 0.0 0.0 0.0 0.0 0.0 0.0 0.0 0.0 0.0 0.0 0.0 0.0 0.0 0.0 0.0 0.0 0.0 0.0 0.0 0.0 9.300000000000011 0.0 0.0 9.300000000000011 0.0 0.0 0.3 0.05 0.8 0.3 0.05 0.8 0.5 0.1 0.05
2353 12.641125202178955 0.0 0.0 0.0 0.0 0.0 0.0 0.0 0.0 0.0 0.0 0.0 0.0 0.0 0.0 0.0 0.0 0.0 0.0 0.0 0.0 0.0 0.0 0.0 9.300000000000011 0.0 0.0 9.300000000000011 0.0 0.0 0.3 0.05 0.8 0.3 0.05 0.8 0.5 0.1 0.05
2354 12.646500825881958 0.0 0.0 0.0 0.0 0.0 0.0 0.0 0.0 0.0 0.0 0.0 0.0 0.0 0.0 0.0 0.0 0.0 0.0 0.0 0.0 0.0 0.0 0.0 9.300000000000011 0.0 0.0 9.300000000000011 0.0 0.0 0.3 0.05 0.8 0.3 0.05 0.8 0.5 0.1 0.05
2355 12.651817321777344 0.0 0.0 0.0 0.0 0.0 0.0 0.0 0.0 0.0 0.0 0.0 0.0 0.0 0.0 0.0 0.0 0.0 0.0 0.0 0.0 0.0 0.0 0.0 9.300000000000011 0.0 0.0 9.300000000000011 0.0 0.0 0.3 0.05 0.8 0.3 0.05 0.8 0.5 0.1 0.05
2356 12.657058954238892 0.0 0.0 0.0 0.0 0.0 0.0 0.0 0.0 0.0 0.0 0.0 0.0 0.0 0.0 0.0 0.0 0.0 0.0 0.0 0.0 0.0 0.0 0.0 9.300000000000011 0.0 0.0 9.300000000000011 0.0 0.0 0.3 0.05 0.8 0.3 0.05 0.8 0.5 0.1 0.05
2357 12.662400245666504 0.0 0.0 0.0 0.0 0.0 0.0 0.0 0.0 0.0 0.0 0.0 0.0 0.0 0.0 0.0 0.0 0.0 0.0 0.0 0.0 0.0 0.0 0.0 9.300000000000011 0.0 0.0 9.300000000000011 0.0 0.0 0.3 0.05 0.8 0.3 0.05 0.8 0.5 0.1 0.05
2358 12.667793989181519 0.0 0.0 0.0 0.0 0.0 0.0 0.0 0.0 0.0 0.0 0.0 0.0 0.0 0.0 0.0 0.0 0.0 0.0 0.0 0.0 0.0 0.0 0.0 9.300000000000011 0.0 0.0 9.300000000000011 0.0 0.0 0.3 0.05 0.8 0.3 0.05 0.8 0.5 0.1 0.05
2359 12.673341751098633 0.0 0.0 0.0 0.0 0.0 0.0 0.0 0.0 0.0 0.0 0.0 0.0 0.0 0.0 0.0 0.0 0.0 0.0 0.0 0.0 0.0 0.0 0.0 9.300000000000011 0.0 0.0 9.300000000000011 0.0 0.0 0.3 0.05 0.8 0.3 0.05 0.8 0.5 0.1 0.05
2360 12.678908586502075 0.0 0.0 0.0 0.0 0.0 0.0 0.0 0.0 0.0 0.0 0.0 0.0 0.0 0.0 0.0 0.0 0.0 0.0 0.0 0.0 0.0 0.0 0.0 9.300000000000011 0.0 0.0 9.300000000000011 0.0 0.0 0.3 0.05 0.8 0.3 0.05 0.8 0.5 0.1 0.05
2361 12.684702396392822 0.0 0.0 0.0 0.0 0.0 0.0 0.0 0.0 0.0 0.0 0.0 0.0 0.0 0.0 0.0 0.0 0.0 0.0 0.0 0.0 0.0 0.0 0.0 9.300000000000011 0.0 0.0 9.300000000000011 0.0 0.0 0.3 0.05 0.8 0.3 0.05 0.8 0.5 0.1 0.05
2362 12.690176248550415 0.0 0.0 0.0 0.0 0.0 0.0 0.0 0.0 0.0 0.0 0.0 0.0 0.0 0.0 0.0 0.0 0.0 0.0 0.0 0.0 0.0 0.0 0.0 9.300000000000011 0.0 0.0 9.300000000000011 0.0 0.0 0.3 0.05 0.8 0.3 0.05 0.8 0.5 0.1 0.05
2363 12.69550895690918 0.0 0.0 0.0 0.0 0.0 0.0 0.0 0.0 0.0 0.0 0.0 0.0 0.0 0.0 0.0 0.0 0.0 0.0 0.0 0.0 0.0 0.0 0.0 9.300000000000011 0.0 0.0 9.300000000000011 0.0 0.0 0.3 0.05 0.8 0.3 0.05 0.8 0.5 0.1 0.05
2364 12.700823307037354 0.0 0.0 0.0 0.0 0.0 0.0 0.0 0.0 0.0 0.0 0.0 0.0 0.0 0.0 0.0 0.0 0.0 0.0 0.0 0.0 0.0 0.0 0.0 9.300000000000011 0.0 0.0 9.300000000000011 0.0 0.0 0.3 0.05 0.8 0.3 0.05 0.8 0.5 0.1 0.05
2365 12.706278324127197 0.0 0.0 0.0 0.0 0.0 0.0 0.0 0.0 0.0 0.0 0.0 0.0 0.0 0.0 0.0 0.0 0.0 0.0 0.0 0.0 0.0 0.0 0.0 9.300000000000011 0.0 0.0 9.300000000000011 0.0 0.0 0.3 0.05 0.8 0.3 0.05 0.8 0.5 0.1 0.05
2366 12.711615324020386 0.0 0.0 0.0 0.0 0.0 0.0 0.0 0.0 0.0 0.0 0.0 0.0 0.0 0.0 0.0 0.0 0.0 0.0 0.0 0.0 0.0 0.0 0.0 9.300000000000011 0.0 0.0 9.300000000000011 0.0 0.0 0.3 0.05 0.8 0.3 0.05 0.8 0.5 0.1 0.05
2367 12.716859579086304 0.0 0.0 0.0 0.0 0.0 0.0 0.0 0.0 0.0 0.0 0.0 0.0 0.0 0.0 0.0 0.0 0.0 0.0 0.0 0.0 0.0 0.0 0.0 9.300000000000011 0.0 0.0 9.300000000000011 0.0 0.0 0.3 0.05 0.8 0.3 0.05 0.8 0.5 0.1 0.05
2368 12.722102165222168 0.0 0.0 0.0 0.0 0.0 0.0 0.0 0.0 0.0 0.0 0.0 0.0 0.0 0.0 0.0 0.0 0.0 0.0 0.0 0.0 0.0 0.0 0.0 9.300000000000011 0.0 0.0 9.300000000000011 0.0 0.0 0.3 0.05 0.8 0.3 0.05 0.8 0.5 0.1 0.05
2369 12.727462530136108 0.0 0.0 0.0 0.0 0.0 0.0 0.0 0.0 0.0 0.0 0.0 0.0 0.0 0.0 0.0 0.0 0.0 0.0 0.0 0.0 0.0 0.0 0.0 9.300000000000011 0.0 0.0 9.300000000000011 0.0 0.0 0.3 0.05 0.8 0.3 0.05 0.8 0.5 0.1 0.05
2370 12.732712268829346 0.0 0.0 0.0 0.0 0.0 0.0 0.0 0.0 0.0 0.0 0.0 0.0 0.0 0.0 0.0 0.0 0.0 0.0 0.0 0.0 0.0 0.0 0.0 9.300000000000011 0.0 0.0 9.300000000000011 0.0 0.0 0.3 0.05 0.8 0.3 0.05 0.8 0.5 0.1 0.05
2371 12.738131761550903 0.0 0.0 0.0 0.0 0.0 0.0 0.0 0.0 0.0 0.0 0.0 0.0 0.0 0.0 0.0 0.0 0.0 0.0 0.0 0.0 0.0 0.0 0.0 9.300000000000011 0.0 0.0 9.300000000000011 0.0 0.0 0.3 0.05 0.8 0.3 0.05 0.8 0.5 0.1 0.05
2372 12.743526935577393 0.0 0.0 0.0 0.0 0.0 0.0 0.0 0.0 0.0 0.0 0.0 0.0 0.0 0.0 0.0 0.0 0.0 0.0 0.0 0.0 0.0 0.0 0.0 9.300000000000011 0.0 0.0 9.300000000000011 0.0 0.0 0.3 0.05 0.8 0.3 0.05 0.8 0.5 0.1 0.05
2373 12.748859882354736 0.0 0.0 0.0 0.0 0.0 0.0 0.0 0.0 0.0 0.0 0.0 0.0 0.0 0.0 0.0 0.0 0.0 0.0 0.0 0.0 0.0 0.0 0.0 9.300000000000011 0.0 0.0 9.300000000000011 0.0 0.0 0.3 0.05 0.8 0.3 0.05 0.8 0.5 0.1 0.05
2374 12.754115581512451 0.0 0.0 0.0 0.0 0.0 0.0 0.0 0.0 0.0 0.0 0.0 0.0 0.0 0.0 0.0 0.0 0.0 0.0 0.0 0.0 0.0 0.0 0.0 9.300000000000011 0.0 0.0 9.300000000000011 0.0 0.0 0.3 0.05 0.8 0.3 0.05 0.8 0.5 0.1 0.05
2375 12.759384632110596 0.0 0.0 0.0 0.0 0.0 0.0 0.0 0.0 0.0 0.0 0.0 0.0 0.0 0.0 0.0 0.0 0.0 0.0 0.0 0.0 0.0 0.0 0.0 9.300000000000011 0.0 0.0 9.300000000000011 0.0 0.0 0.3 0.05 0.8 0.3 0.05 0.8 0.5 0.1 0.05
2376 12.764704942703247 0.0 0.0 0.0 0.0 0.0 0.0 0.0 0.0 0.0 0.0 0.0 0.0 0.0 0.0 0.0 0.0 0.0 0.0 0.0 0.0 0.0 0.0 0.0 9.300000000000011 0.0 0.0 9.300000000000011 0.0 0.0 0.3 0.05 0.8 0.3 0.05 0.8 0.5 0.1 0.05
2377 12.770007371902466 0.0 0.0 0.0 0.0 0.0 0.0 0.0 0.0 0.0 0.0 0.0 0.0 0.0 0.0 0.0 0.0 0.0 0.0 0.0 0.0 0.0 0.0 0.0 9.300000000000011 0.0 0.0 9.300000000000011 0.0 0.0 0.3 0.05 0.8 0.3 0.05 0.8 0.5 0.1 0.05
2378 12.775259494781494 0.0 0.0 0.0 0.0 0.0 0.0 0.0 0.0 0.0 0.0 0.0 0.0 0.0 0.0 0.0 0.0 0.0 0.0 0.0 0.0 0.0 0.0 0.0 9.300000000000011 0.0 0.0 9.300000000000011 0.0 0.0 0.3 0.05 0.8 0.3 0.05 0.8 0.5 0.1 0.05
2379 12.780588388442993 0.0 0.0 0.0 0.0 0.0 0.0 0.0 0.0 0.0 0.0 0.0 0.0 0.0 0.0 0.0 0.0 0.0 0.0 0.0 0.0 0.0 0.0 0.0 9.300000000000011 0.0 0.0 9.300000000000011 0.0 0.0 0.3 0.05 0.8 0.3 0.05 0.8 0.5 0.1 0.05
2380 12.78604507446289 0.0 0.0 0.0 0.0 0.0 0.0 0.0 0.0 0.0 0.0 0.0 0.0 0.0 0.0 0.0 0.0 0.0 0.0 0.0 0.0 0.0 0.0 0.0 9.300000000000011 0.0 0.0 9.300000000000011 0.0 0.0 0.3 0.05 0.8 0.3 0.05 0.8 0.5 0.1 0.05
2381 12.791448831558228 0.0 0.0 0.0 0.0 0.0 0.0 0.0 0.0 0.0 0.0 0.0 0.0 0.0 0.0 0.0 0.0 0.0 0.0 0.0 0.0 0.0 0.0 0.0 9.300000000000011 0.0 0.0 9.300000000000011 0.0 0.0 0.3 0.05 0.8 0.3 0.05 0.8 0.5 0.1 0.05
2382 12.796724081039429 0.0 0.0 0.0 0.0 0.0 0.0 0.0 0.0 0.0 0.0 0.0 0.0 0.0 0.0 0.0 0.0 0.0 0.0 0.0 0.0 0.0 0.0 0.0 9.300000000000011 0.0 0.0 9.300000000000011 0.0 0.0 0.3 0.05 0.8 0.3 0.05 0.8 0.5 0.1 0.05
2383 12.802139520645142 0.0 0.0 0.0 0.0 0.0 0.0 0.0 0.0 0.0 0.0 0.0 0.0 0.0 0.0 0.0 0.0 0.0 0.0 0.0 0.0 0.0 0.0 0.0 9.300000000000011 0.0 0.0 9.300000000000011 0.0 0.0 0.3 0.05 0.8 0.3 0.05 0.8 0.5 0.1 0.05
2384 12.807448148727417 0.0 0.0 0.0 0.0 0.0 0.0 0.0 0.0 0.0 0.0 0.0 0.0 0.0 0.0 0.0 0.0 0.0 0.0 0.0 0.0 0.0 0.0 0.0 9.300000000000011 0.0 0.0 9.300000000000011 0.0 0.0 0.3 0.05 0.8 0.3 0.05 0.8 0.5 0.1 0.05
2385 12.812899589538574 0.0 0.0 0.0 0.0 0.0 0.0 0.0 0.0 0.0 0.0 0.0 0.0 0.0 0.0 0.0 0.0 0.0 0.0 0.0 0.0 0.0 0.0 0.0 9.300000000000011 0.0 0.0 9.300000000000011 0.0 0.0 0.3 0.05 0.8 0.3 0.05 0.8 0.5 0.1 0.05
2386 12.818404912948608 0.0 0.0 0.0 0.0 0.0 0.0 0.0 0.0 0.0 0.0 0.0 0.0 0.0 0.0 0.0 0.0 0.0 0.0 0.0 0.0 0.0 0.0 0.0 9.300000000000011 0.0 0.0 9.300000000000011 0.0 0.0 0.3 0.05 0.8 0.3 0.05 0.8 0.5 0.1 0.05
2387 12.82372498512268 0.0 0.0 0.0 0.0 0.0 0.0 0.0 0.0 0.0 0.0 0.0 0.0 0.0 0.0 0.0 0.0 0.0 0.0 0.0 0.0 0.0 0.0 0.0 9.300000000000011 0.0 0.0 9.300000000000011 0.0 0.0 0.3 0.05 0.8 0.3 0.05 0.8 0.5 0.1 0.05
2388 12.82918930053711 0.0 0.0 0.0 0.0 0.0 0.0 0.0 0.0 0.0 0.0 0.0 0.0 0.0 0.0 0.0 0.0 0.0 0.0 0.0 0.0 0.0 0.0 0.0 9.300000000000011 0.0 0.0 9.300000000000011 0.0 0.0 0.3 0.05 0.8 0.3 0.05 0.8 0.5 0.1 0.05
2389 12.834487676620483 0.0 0.0 0.0 0.0 0.0 0.0 0.0 0.0 0.0 0.0 0.0 0.0 0.0 0.0 0.0 0.0 0.0 0.0 0.0 0.0 0.0 0.0 0.0 9.300000000000011 0.0 0.0 9.300000000000011 0.0 0.0 0.3 0.05 0.8 0.3 0.05 0.8 0.5 0.1 0.05
2390 12.839739799499512 0.0 0.0 0.0 0.0 0.0 0.0 0.0 0.0 0.0 0.0 0.0 0.0 0.0 0.0 0.0 0.0 0.0 0.0 0.0 0.0 0.0 0.0 0.0 9.300000000000011 0.0 0.0 9.300000000000011 0.0 0.0 0.3 0.05 0.8 0.3 0.05 0.8 0.5 0.1 0.05
2391 12.845107793807983 0.0 0.0 0.0 0.0 0.0 0.0 0.0 0.0 0.0 0.0 0.0 0.0 0.0 0.0 0.0 0.0 0.0 0.0 0.0 0.0 0.0 0.0 0.0 9.300000000000011 0.0 0.0 9.300000000000011 0.0 0.0 0.3 0.05 0.8 0.3 0.05 0.8 0.5 0.1 0.05
2392 12.850381135940552 0.0 0.0 0.0 0.0 0.0 0.0 0.0 0.0 0.0 0.0 0.0 0.0 0.0 0.0 0.0 0.0 0.0 0.0 0.0 0.0 0.0 0.0 0.0 9.300000000000011 0.0 0.0 9.300000000000011 0.0 0.0 0.3 0.05 0.8 0.3 0.05 0.8 0.5 0.1 0.05
2393 12.85571002960205 0.0 0.0 0.0 0.0 0.0 0.0 0.0 0.0 0.0 0.0 0.0 0.0 0.0 0.0 0.0 0.0 0.0 0.0 0.0 0.0 0.0 0.0 0.0 9.300000000000011 0.0 0.0 9.300000000000011 0.0 0.0 0.3 0.05 0.8 0.3 0.05 0.8 0.5 0.1 0.05
2394 12.861055850982666 0.0 0.0 0.0 0.0 0.0 0.0 0.0 0.0 0.0 0.0 0.0 0.0 0.0 0.0 0.0 0.0 0.0 0.0 0.0 0.0 0.0 0.0 0.0 9.300000000000011 0.0 0.0 9.300000000000011 0.0 0.0 0.3 0.05 0.8 0.3 0.05 0.8 0.5 0.1 0.05
2395 12.866318941116333 0.0 0.0 0.0 0.0 0.0 0.0 0.0 0.0 0.0 0.0 0.0 0.0 0.0 0.0 0.0 0.0 0.0 0.0 0.0 0.0 0.0 0.0 0.0 9.300000000000011 0.0 0.0 9.300000000000011 0.0 0.0 0.3 0.05 0.8 0.3 0.05 0.8 0.5 0.1 0.05
2396 12.871727705001831 0.0 0.0 0.0 0.0 0.0 0.0 0.0 0.0 0.0 0.0 0.0 0.0 0.0 0.0 0.0 0.0 0.0 0.0 0.0 0.0 0.0 0.0 0.0 9.300000000000011 0.0 0.0 9.300000000000011 0.0 0.0 0.3 0.05 0.8 0.3 0.05 0.8 0.5 0.1 0.05
2397 12.877062559127808 0.0 0.0 0.0 0.0 0.0 0.0 0.0 0.0 0.0 0.0 0.0 0.0 0.0 0.0 0.0 0.0 0.0 0.0 0.0 0.0 0.0 0.0 0.0 9.300000000000011 0.0 0.0 9.300000000000011 0.0 0.0 0.3 0.05 0.8 0.3 0.05 0.8 0.5 0.1 0.05
2398 12.882325649261475 0.0 0.0 0.0 0.0 0.0 0.0 0.0 0.0 0.0 0.0 0.0 0.0 0.0 0.0 0.0 0.0 0.0 0.0 0.0 0.0 0.0 0.0 0.0 9.300000000000011 0.0 0.0 9.300000000000011 0.0 0.0 0.3 0.05 0.8 0.3 0.05 0.8 0.5 0.1 0.05
2399 12.887583017349243 0.0 0.0 0.0 0.0 0.0 0.0 0.0 0.0 0.0 0.0 0.0 0.0 0.0 0.0 0.0 0.0 0.0 0.0 0.0 0.0 0.0 0.0 0.0 9.300000000000011 0.0 0.0 9.300000000000011 0.0 0.0 0.3 0.05 0.8 0.3 0.05 0.8 0.5 0.1 0.05
2400 12.892949104309082 0.0 0.0 0.0 0.0 0.0 0.0 0.0 0.0 0.0 0.0 0.0 0.0 0.0 0.0 0.0 0.0 0.0 0.0 0.0 0.0 0.0 0.0 0.0 9.300000000000011 0.0 0.0 9.300000000000011 0.0 0.0 0.3 0.05 0.8 0.3 0.05 0.8 0.5 0.1 0.05
2401 12.898300409317017 0.0 0.0 0.0 0.0 0.0 0.0 0.0 0.0 0.0 0.0 0.0 0.0 0.0 0.0 0.0 0.0 0.0 0.0 0.0 0.0 0.0 0.0 0.0 9.300000000000011 0.0 0.0 9.300000000000011 0.0 0.0 0.3 0.05 0.8 0.3 0.05 0.8 0.5 0.1 0.05
2402 12.903570413589478 0.0 0.0 0.0 0.0 0.0 0.0 0.0 0.0 0.0 0.0 0.0 0.0 0.0 0.0 0.0 0.0 0.0 0.0 0.0 0.0 0.0 0.0 0.0 9.300000000000011 0.0 0.0 9.300000000000011 0.0 0.0 0.3 0.05 0.8 0.3 0.05 0.8 0.5 0.1 0.05
2403 12.908957719802856 0.0 0.0 0.0 0.0 0.0 0.0 0.0 0.0 0.0 0.0 0.0 0.0 0.0 0.0 0.0 0.0 0.0 0.0 0.0 0.0 0.0 0.0 0.0 9.300000000000011 0.0 0.0 9.300000000000011 0.0 0.0 0.3 0.05 0.8 0.3 0.05 0.8 0.5 0.1 0.05
2404 12.914217948913574 0.0 0.0 0.0 0.0 0.0 0.0 0.0 0.0 0.0 0.0 0.0 0.0 0.0 0.0 0.0 0.0 0.0 0.0 0.0 0.0 0.0 0.0 0.0 9.300000000000011 0.0 0.0 9.300000000000011 0.0 0.0 0.3 0.05 0.8 0.3 0.05 0.8 0.5 0.1 0.05
2405 12.919528722763062 0.0 0.0 0.0 0.0 0.0 0.0 0.0 0.0 0.0 0.0 0.0 0.0 0.0 0.0 0.0 0.0 0.0 0.0 0.0 0.0 0.0 0.0 0.0 9.300000000000011 0.0 0.0 9.300000000000011 0.0 0.0 0.3 0.05 0.8 0.3 0.05 0.8 0.5 0.1 0.05
2406 12.924825429916382 0.0 0.0 0.0 0.0 0.0 0.0 0.0 0.0 0.0 0.0 0.0 0.0 0.0 0.0 0.0 0.0 0.0 0.0 0.0 0.0 0.0 0.0 0.0 9.300000000000011 0.0 0.0 9.300000000000011 0.0 0.0 0.3 0.05 0.8 0.3 0.05 0.8 0.5 0.1 0.05
2407 12.930101156234741 0.0 0.0 0.0 0.0 0.0 0.0 0.0 0.0 0.0 0.0 0.0 0.0 0.0 0.0 0.0 0.0 0.0 0.0 0.0 0.0 0.0 0.0 0.0 9.300000000000011 0.0 0.0 9.300000000000011 0.0 0.0 0.3 0.05 0.8 0.3 0.05 0.8 0.5 0.1 0.05
2408 12.935445308685303 0.0 0.0 0.0 0.0 0.0 0.0 0.0 0.0 0.0 0.0 0.0 0.0 0.0 0.0 0.0 0.0 0.0 0.0 0.0 0.0 0.0 0.0 0.0 9.300000000000011 0.0 0.0 9.300000000000011 0.0 0.0 0.3 0.05 0.8 0.3 0.05 0.8 0.5 0.1 0.05
2409 12.940686464309692 0.0 0.0 0.0 0.0 0.0 0.0 0.0 0.0 0.0 0.0 0.0 0.0 0.0 0.0 0.0 0.0 0.0 0.0 0.0 0.0 0.0 0.0 0.0 9.300000000000011 0.0 0.0 9.300000000000011 0.0 0.0 0.3 0.05 0.8 0.3 0.05 0.8 0.5 0.1 0.05
2410 12.945894718170166 0.0 0.0 0.0 0.0 0.0 0.0 0.0 0.0 0.0 0.0 0.0 0.0 0.0 0.0 0.0 0.0 0.0 0.0 0.0 0.0 0.0 0.0 0.0 9.300000000000011 0.0 0.0 9.300000000000011 0.0 0.0 0.3 0.05 0.8 0.3 0.05 0.8 0.5 0.1 0.05
2411 12.951287269592285 0.0 0.0 0.0 0.0 0.0 0.0 0.0 0.0 0.0 0.0 0.0 0.0 0.0 0.0 0.0 0.0 0.0 0.0 0.0 0.0 0.0 0.0 0.0 9.300000000000011 0.0 0.0 9.300000000000011 0.0 0.0 0.3 0.05 0.8 0.3 0.05 0.8 0.5 0.1 0.05
2412 12.956559181213379 0.0 0.0 0.0 0.0 0.0 0.0 0.0 0.0 0.0 0.0 0.0 0.0 0.0 0.0 0.0 0.0 0.0 0.0 0.0 0.0 0.0 0.0 0.0 9.300000000000011 0.0 0.0 9.300000000000011 0.0 0.0 0.3 0.05 0.8 0.3 0.05 0.8 0.5 0.1 0.05
2413 12.961872100830078 0.0 0.0 0.0 0.0 0.0 0.0 0.0 0.0 0.0 0.0 0.0 0.0 0.0 0.0 0.0 0.0 0.0 0.0 0.0 0.0 0.0 0.0 0.0 9.300000000000011 0.0 0.0 9.300000000000011 0.0 0.0 0.3 0.05 0.8 0.3 0.05 0.8 0.5 0.1 0.05
2414 12.967185497283936 0.0 0.0 0.0 0.0 0.0 0.0 0.0 0.0 0.0 0.0 0.0 0.0 0.0 0.0 0.0 0.0 0.0 0.0 0.0 0.0 0.0 0.0 0.0 9.300000000000011 0.0 0.0 9.300000000000011 0.0 0.0 0.3 0.05 0.8 0.3 0.05 0.8 0.5 0.1 0.05
2415 12.972450494766235 0.0 0.0 0.0 0.0 0.0 0.0 0.0 0.0 0.0 0.0 0.0 0.0 0.0 0.0 0.0 0.0 0.0 0.0 0.0 0.0 0.0 0.0 0.0 9.300000000000011 0.0 0.0 9.300000000000011 0.0 0.0 0.3 0.05 0.8 0.3 0.05 0.8 0.5 0.1 0.05
2416 12.977675676345825 0.0 0.0 0.0 0.0 0.0 0.0 0.0 0.0 0.0 0.0 0.0 0.0 0.0 0.0 0.0 0.0 0.0 0.0 0.0 0.0 0.0 0.0 0.0 9.300000000000011 0.0 0.0 9.300000000000011 0.0 0.0 0.3 0.05 0.8 0.3 0.05 0.8 0.5 0.1 0.05
2417 12.983023405075073 0.0 0.0 0.0 0.0 0.0 0.0 0.0 0.0 0.0 0.0 0.0 0.0 0.0 0.0 0.0 0.0 0.0 0.0 0.0 0.0 0.0 0.0 0.0 9.300000000000011 0.0 0.0 9.300000000000011 0.0 0.0 0.3 0.05 0.8 0.3 0.05 0.8 0.5 0.1 0.05
2418 12.988894701004028 0.0 0.0 0.0 0.0 0.0 0.0 0.0 0.0 0.0 0.0 0.0 0.0 0.0 0.0 0.0 0.0 0.0 0.0 0.0 0.0 0.0 0.0 0.0 9.300000000000011 0.0 0.0 9.300000000000011 0.0 0.0 0.3 0.05 0.8 0.3 0.05 0.8 0.5 0.1 0.05
2419 12.994443416595459 0.0 0.0 0.0 0.0 0.0 0.0 0.0 0.0 0.0 0.0 0.0 0.0 0.0 0.0 0.0 0.0 0.0 0.0 0.0 0.0 0.0 0.0 0.0 9.300000000000011 0.0 0.0 9.300000000000011 0.0 0.0 0.3 0.05 0.8 0.3 0.05 0.8 0.5 0.1 0.05
2420 12.999857425689697 0.0 0.0 0.0 0.0 0.0 0.0 0.0 0.0 0.0 0.0 0.0 0.0 0.0 0.0 0.0 0.0 0.0 0.0 0.0 0.0 0.0 0.0 0.0 9.300000000000011 0.0 0.0 9.300000000000011 0.0 0.0 0.3 0.05 0.8 0.3 0.05 0.8 0.5 0.1 0.05
2421 13.005214214324951 0.0 0.0 0.0 0.0 0.0 0.0 0.0 0.0 0.0 0.0 0.0 0.0 0.0 0.0 0.0 0.0 0.0 0.0 0.0 0.0 0.0 0.0 0.0 9.300000000000011 0.0 0.0 9.300000000000011 0.0 0.0 0.3 0.05 0.8 0.3 0.05 0.8 0.5 0.1 0.05
2422 13.010483026504517 0.0 0.0 0.0 0.0 0.0 0.0 0.0 0.0 0.0 0.0 0.0 0.0 0.0 0.0 0.0 0.0 0.0 0.0 0.0 0.0 0.0 0.0 0.0 9.300000000000011 0.0 0.0 9.300000000000011 0.0 0.0 0.3 0.05 0.8 0.3 0.05 0.8 0.5 0.1 0.05
2423 13.015773296356201 0.0 0.0 0.0 0.0 0.0 0.0 0.0 0.0 0.0 0.0 0.0 0.0 0.0 0.0 0.0 0.0 0.0 0.0 0.0 0.0 0.0 0.0 0.0 9.300000000000011 0.0 0.0 9.300000000000011 0.0 0.0 0.3 0.05 0.8 0.3 0.05 0.8 0.5 0.1 0.05
2424 13.020992517471313 0.0 0.0 0.0 0.0 0.0 0.0 0.0 0.0 0.0 0.0 0.0 0.0 0.0 0.0 0.0 0.0 0.0 0.0 0.0 0.0 0.0 0.0 0.0 9.300000000000011 0.0 0.0 9.300000000000011 0.0 0.0 0.3 0.05 0.8 0.3 0.05 0.8 0.5 0.1 0.05
2425 13.026195287704468 0.0 0.0 0.0 0.0 0.0 0.0 0.0 0.0 0.0 0.0 0.0 0.0 0.0 0.0 0.0 0.0 0.0 0.0 0.0 0.0 0.0 0.0 0.0 9.300000000000011 0.0 0.0 9.300000000000011 0.0 0.0 0.3 0.05 0.8 0.3 0.05 0.8 0.5 0.1 0.05
2426 13.031410217285156 0.0 0.0 0.0 0.0 0.0 0.0 0.0 0.0 0.0 0.0 0.0 0.0 0.0 0.0 0.0 0.0 0.0 0.0 0.0 0.0 0.0 0.0 0.0 9.300000000000011 0.0 0.0 9.300000000000011 0.0 0.0 0.3 0.05 0.8 0.3 0.05 0.8 0.5 0.1 0.05
2427 13.03661561012268 0.0 0.0 0.0 0.0 0.0 0.0 0.0 0.0 0.0 0.0 0.0 0.0 0.0 0.0 0.0 0.0 0.0 0.0 0.0 0.0 0.0 0.0 0.0 9.300000000000011 0.0 0.0 9.300000000000011 0.0 0.0 0.3 0.05 0.8 0.3 0.05 0.8 0.5 0.1 0.05
2428 13.042007446289062 0.0 0.0 0.0 0.0 0.0 0.0 0.0 0.0 0.0 0.0 0.0 0.0 0.0 0.0 0.0 0.0 0.0 0.0 0.0 0.0 0.0 0.0 0.0 9.300000000000011 0.0 0.0 9.300000000000011 0.0 0.0 0.3 0.05 0.8 0.3 0.05 0.8 0.5 0.1 0.05
2429 13.047356843948364 0.0 0.0 0.0 0.0 0.0 0.0 0.0 0.0 0.0 0.0 0.0 0.0 0.0 0.0 0.0 0.0 0.0 0.0 0.0 0.0 0.0 0.0 0.0 9.300000000000011 0.0 0.0 9.300000000000011 0.0 0.0 0.3 0.05 0.8 0.3 0.05 0.8 0.5 0.1 0.05
2430 13.052646398544312 0.0 0.0 0.0 0.0 0.0 0.0 0.0 0.0 0.0 0.0 0.0 0.0 0.0 0.0 0.0 0.0 0.0 0.0 0.0 0.0 0.0 0.0 0.0 9.300000000000011 0.0 0.0 9.300000000000011 0.0 0.0 0.3 0.05 0.8 0.3 0.05 0.8 0.5 0.1 0.05
2431 13.058039665222168 0.0 0.0 0.0 0.0 0.0 0.0 0.0 0.0 0.0 0.0 0.0 0.0 0.0 0.0 0.0 0.0 0.0 0.0 0.0 0.0 0.0 0.0 0.0 9.300000000000011 0.0 0.0 9.300000000000011 0.0 0.0 0.3 0.05 0.8 0.3 0.05 0.8 0.5 0.1 0.05
2432 13.063470363616943 0.0 0.0 0.0 0.0 0.0 0.0 0.0 0.0 0.0 0.0 0.0 0.0 0.0 0.0 0.0 0.0 0.0 0.0 0.0 0.0 0.0 0.0 0.0 9.300000000000011 0.0 0.0 9.300000000000011 0.0 0.0 0.3 0.05 0.8 0.3 0.05 0.8 0.5 0.1 0.05
2433 13.068832397460938 0.0 0.0 0.0 0.0 0.0 0.0 0.0 0.0 0.0 0.0 0.0 0.0 0.0 0.0 0.0 0.0 0.0 0.0 0.0 0.0 0.0 0.0 0.0 9.300000000000011 0.0 0.0 9.300000000000011 0.0 0.0 0.3 0.05 0.8 0.3 0.05 0.8 0.5 0.1 0.05
2434 13.074127674102783 0.0 0.0 0.0 0.0 0.0 0.0 0.0 0.0 0.0 0.0 0.0 0.0 0.0 0.0 0.0 0.0 0.0 0.0 0.0 0.0 0.0 0.0 0.0 9.300000000000011 0.0 0.0 9.300000000000011 0.0 0.0 0.3 0.05 0.8 0.3 0.05 0.8 0.5 0.1 0.05
2435 13.079561948776245 0.0 0.0 0.0 0.0 0.0 0.0 0.0 0.0 0.0 0.0 0.0 0.0 0.0 0.0 0.0 0.0 0.0 0.0 0.0 0.0 0.0 0.0 0.0 9.300000000000011 0.0 0.0 9.300000000000011 0.0 0.0 0.3 0.05 0.8 0.3 0.05 0.8 0.5 0.1 0.05
2436 13.084827899932861 0.0 0.0 0.0 0.0 0.0 0.0 0.0 0.0 0.0 0.0 0.0 0.0 0.0 0.0 0.0 0.0 0.0 0.0 0.0 0.0 0.0 0.0 0.0 9.300000000000011 0.0 0.0 9.300000000000011 0.0 0.0 0.3 0.05 0.8 0.3 0.05 0.8 0.5 0.1 0.05
2437 13.09011459350586 0.0 0.0 0.0 0.0 0.0 0.0 0.0 0.0 0.0 0.0 0.0 0.0 0.0 0.0 0.0 0.0 0.0 0.0 0.0 0.0 0.0 0.0 0.0 9.300000000000011 0.0 0.0 9.300000000000011 0.0 0.0 0.3 0.05 0.8 0.3 0.05 0.8 0.5 0.1 0.05
2438 13.09552526473999 0.0 0.0 0.0 0.0 0.0 0.0 0.0 0.0 0.0 0.0 0.0 0.0 0.0 0.0 0.0 0.0 0.0 0.0 0.0 0.0 0.0 0.0 0.0 9.300000000000011 0.0 0.0 9.300000000000011 0.0 0.0 0.3 0.05 0.8 0.3 0.05 0.8 0.5 0.1 0.05
2439 13.100868701934814 0.0 0.0 0.0 0.0 0.0 0.0 0.0 0.0 0.0 0.0 0.0 0.0 0.0 0.0 0.0 0.0 0.0 0.0 0.0 0.0 0.0 0.0 0.0 9.300000000000011 0.0 0.0 9.300000000000011 0.0 0.0 0.3 0.05 0.8 0.3 0.05 0.8 0.5 0.1 0.05
2440 13.106110334396362 0.0 0.0 0.0 0.0 0.0 0.0 0.0 0.0 0.0 0.0 0.0 0.0 0.0 0.0 0.0 0.0 0.0 0.0 0.0 0.0 0.0 0.0 0.0 9.300000000000011 0.0 0.0 9.300000000000011 0.0 0.0 0.3 0.05 0.8 0.3 0.05 0.8 0.5 0.1 0.05
2441 13.111475229263306 0.0 0.0 0.0 0.0 0.0 0.0 0.0 0.0 0.0 0.0 0.0 0.0 0.0 0.0 0.0 0.0 0.0 0.0 0.0 0.0 0.0 0.0 0.0 9.300000000000011 0.0 0.0 9.300000000000011 0.0 0.0 0.3 0.05 0.8 0.3 0.05 0.8 0.5 0.1 0.05
2442 13.116750717163086 0.0 0.0 0.0 0.0 0.0 0.0 0.0 0.0 0.0 0.0 0.0 0.0 0.0 0.0 0.0 0.0 0.0 0.0 0.0 0.0 0.0 0.0 0.0 9.300000000000011 0.0 0.0 9.300000000000011 0.0 0.0 0.3 0.05 0.8 0.3 0.05 0.8 0.5 0.1 0.05
2443 13.122115135192871 0.0 0.0 0.0 0.0 0.0 0.0 0.0 0.0 0.0 0.0 0.0 0.0 0.0 0.0 0.0 0.0 0.0 0.0 0.0 0.0 0.0 0.0 0.0 9.300000000000011 0.0 0.0 9.300000000000011 0.0 0.0 0.3 0.05 0.8 0.3 0.05 0.8 0.5 0.1 0.05
2444 13.127445936203003 0.0 0.0 0.0 0.0 0.0 0.0 0.0 0.0 0.0 0.0 0.0 0.0 0.0 0.0 0.0 0.0 0.0 0.0 0.0 0.0 0.0 0.0 0.0 9.300000000000011 0.0 0.0 9.300000000000011 0.0 0.0 0.3 0.05 0.8 0.3 0.05 0.8 0.5 0.1 0.05
2445 13.132702589035034 0.0 0.0 0.0 0.0 0.0 0.0 0.0 0.0 0.0 0.0 0.0 0.0 0.0 0.0 0.0 0.0 0.0 0.0 0.0 0.0 0.0 0.0 0.0 9.300000000000011 0.0 0.0 9.300000000000011 0.0 0.0 0.3 0.05 0.8 0.3 0.05 0.8 0.5 0.1 0.05
2446 13.138073205947876 0.0 0.0 0.0 0.0 0.0 0.0 0.0 0.0 0.0 0.0 0.0 0.0 0.0 0.0 0.0 0.0 0.0 0.0 0.0 0.0 0.0 0.0 0.0 9.300000000000011 0.0 0.0 9.300000000000011 0.0 0.0 0.3 0.05 0.8 0.3 0.05 0.8 0.5 0.1 0.05
2447 13.14333724975586 0.0 0.0 0.0 0.0 0.0 0.0 0.0 0.0 0.0 0.0 0.0 0.0 0.0 0.0 0.0 0.0 0.0 0.0 0.0 0.0 0.0 0.0 0.0 9.300000000000011 0.0 0.0 9.300000000000011 0.0 0.0 0.3 0.05 0.8 0.3 0.05 0.8 0.5 0.1 0.05
2448 13.148562669754028 0.0 0.0 0.0 0.0 0.0 0.0 0.0 0.0 0.0 0.0 0.0 0.0 0.0 0.0 0.0 0.0 0.0 0.0 0.0 0.0 0.0 0.0 0.0 9.300000000000011 0.0 0.0 9.300000000000011 0.0 0.0 0.3 0.05 0.8 0.3 0.05 0.8 0.5 0.1 0.05
2449 13.153868198394775 0.0 0.0 0.0 0.0 0.0 0.0 0.0 0.0 0.0 0.0 0.0 0.0 0.0 0.0 0.0 0.0 0.0 0.0 0.0 0.0 0.0 0.0 0.0 9.300000000000011 0.0 0.0 9.300000000000011 0.0 0.0 0.3 0.05 0.8 0.3 0.05 0.8 0.5 0.1 0.05
2450 13.159139633178711 0.0 0.0 0.0 0.0 0.0 0.0 0.0 0.0 0.0 0.0 0.0 0.0 0.0 0.0 0.0 0.0 0.0 0.0 0.0 0.0 0.0 0.0 0.0 9.300000000000011 0.0 0.0 9.300000000000011 0.0 0.0 0.3 0.05 0.8 0.3 0.05 0.8 0.5 0.1 0.05
2451 13.164587497711182 0.0 0.0 0.0 0.0 0.0 0.0 0.0 0.0 0.0 0.0 0.0 0.0 0.0 0.0 0.0 0.0 0.0 0.0 0.0 0.0 0.0 0.0 0.0 9.300000000000011 0.0 0.0 9.300000000000011 0.0 0.0 0.3 0.05 0.8 0.3 0.05 0.8 0.5 0.1 0.05
2452 13.169841527938843 0.0 0.0 0.0 0.0 0.0 0.0 0.0 0.0 0.0 0.0 0.0 0.0 0.0 0.0 0.0 0.0 0.0 0.0 0.0 0.0 0.0 0.0 0.0 9.300000000000011 0.0 0.0 9.300000000000011 0.0 0.0 0.3 0.05 0.8 0.3 0.05 0.8 0.5 0.1 0.05
2453 13.175138473510742 0.0 0.0 0.0 0.0 0.0 0.0 0.0 0.0 0.0 0.0 0.0 0.0 0.0 0.0 0.0 0.0 0.0 0.0 0.0 0.0 0.0 0.0 0.0 9.300000000000011 0.0 0.0 9.300000000000011 0.0 0.0 0.3 0.05 0.8 0.3 0.05 0.8 0.5 0.1 0.05
2454 13.180384397506714 0.0 0.0 0.0 0.0 0.0 0.0 0.0 0.0 0.0 0.0 0.0 0.0 0.0 0.0 0.0 0.0 0.0 0.0 0.0 0.0 0.0 0.0 0.0 9.300000000000011 0.0 0.0 9.300000000000011 0.0 0.0 0.3 0.05 0.8 0.3 0.05 0.8 0.5 0.1 0.05
2455 13.18571662902832 0.0 0.0 0.0 0.0 0.0 0.0 0.0 0.0 0.0 0.0 0.0 0.0 0.0 0.0 0.0 0.0 0.0 0.0 0.0 0.0 0.0 0.0 0.0 9.300000000000011 0.0 0.0 9.300000000000011 0.0 0.0 0.3 0.05 0.8 0.3 0.05 0.8 0.5 0.1 0.05
2456 13.19100022315979 0.0 0.0 0.0 0.0 0.0 0.0 0.0 0.0 0.0 0.0 0.0 0.0 0.0 0.0 0.0 0.0 0.0 0.0 0.0 0.0 0.0 0.0 0.0 9.300000000000011 0.0 0.0 9.300000000000011 0.0 0.0 0.3 0.05 0.8 0.3 0.05 0.8 0.5 0.1 0.05
2457 13.19637656211853 0.0 0.0 0.0 0.0 0.0 0.0 0.0 0.0 0.0 0.0 0.0 0.0 0.0 0.0 0.0 0.0 0.0 0.0 0.0 0.0 0.0 0.0 0.0 9.300000000000011 0.0 0.0 9.300000000000011 0.0 0.0 0.3 0.05 0.8 0.3 0.05 0.8 0.5 0.1 0.05
2458 13.201687335968018 0.0 0.0 0.0 0.0 0.0 0.0 0.0 0.0 0.0 0.0 0.0 0.0 0.0 0.0 0.0 0.0 0.0 0.0 0.0 0.0 0.0 0.0 0.0 9.300000000000011 0.0 0.0 9.300000000000011 0.0 0.0 0.3 0.05 0.8 0.3 0.05 0.8 0.5 0.1 0.05
2459 13.206955909729004 0.0 0.0 0.0 0.0 0.0 0.0 0.0 0.0 0.0 0.0 0.0 0.0 0.0 0.0 0.0 0.0 0.0 0.0 0.0 0.0 0.0 0.0 0.0 9.300000000000011 0.0 0.0 9.300000000000011 0.0 0.0 0.3 0.05 0.8 0.3 0.05 0.8 0.5 0.1 0.05
2460 13.212184190750122 0.0 0.0 0.0 0.0 0.0 0.0 0.0 0.0 0.0 0.0 0.0 0.0 0.0 0.0 0.0 0.0 0.0 0.0 0.0 0.0 0.0 0.0 0.0 9.300000000000011 0.0 0.0 9.300000000000011 0.0 0.0 0.3 0.05 0.8 0.3 0.05 0.8 0.5 0.1 0.05
2461 13.217546463012695 0.0 0.0 0.0 0.0 0.0 0.0 0.0 0.0 0.0 0.0 0.0 0.0 0.0 0.0 0.0 0.0 0.0 0.0 0.0 0.0 0.0 0.0 0.0 9.300000000000011 0.0 0.0 9.300000000000011 0.0 0.0 0.3 0.05 0.8 0.3 0.05 0.8 0.5 0.1 0.05
2462 13.22282600402832 0.0 0.0 0.0 0.0 0.0 0.0 0.0 0.0 0.0 0.0 0.0 0.0 0.0 0.0 0.0 0.0 0.0 0.0 0.0 0.0 0.0 0.0 0.0 9.300000000000011 0.0 0.0 9.300000000000011 0.0 0.0 0.3 0.05 0.8 0.3 0.05 0.8 0.5 0.1 0.05
2463 13.228147506713867 0.0 0.0 0.0 0.0 0.0 0.0 0.0 0.0 0.0 0.0 0.0 0.0 0.0 0.0 0.0 0.0 0.0 0.0 0.0 0.0 0.0 0.0 0.0 9.300000000000011 0.0 0.0 9.300000000000011 0.0 0.0 0.3 0.05 0.8 0.3 0.05 0.8 0.5 0.1 0.05
2464 13.233377695083618 0.0 0.0 0.0 0.0 0.0 0.0 0.0 0.0 0.0 0.0 0.0 0.0 0.0 0.0 0.0 0.0 0.0 0.0 0.0 0.0 0.0 0.0 0.0 9.300000000000011 0.0 0.0 9.300000000000011 0.0 0.0 0.3 0.05 0.8 0.3 0.05 0.8 0.5 0.1 0.05
2465 13.23866319656372 0.0 0.0 0.0 0.0 0.0 0.0 0.0 0.0 0.0 0.0 0.0 0.0 0.0 0.0 0.0 0.0 0.0 0.0 0.0 0.0 0.0 0.0 0.0 9.300000000000011 0.0 0.0 9.300000000000011 0.0 0.0 0.3 0.05 0.8 0.3 0.05 0.8 0.5 0.1 0.05
2466 13.244008541107178 0.0 0.0 0.0 0.0 0.0 0.0 0.0 0.0 0.0 0.0 0.0 0.0 0.0 0.0 0.0 0.0 0.0 0.0 0.0 0.0 0.0 0.0 0.0 9.300000000000011 0.0 0.0 9.300000000000011 0.0 0.0 0.3 0.05 0.8 0.3 0.05 0.8 0.5 0.1 0.05
2467 13.249293565750122 0.0 0.0 0.0 0.0 0.0 0.0 0.0 0.0 0.0 0.0 0.0 0.0 0.0 0.0 0.0 0.0 0.0 0.0 0.0 0.0 0.0 0.0 0.0 9.300000000000011 0.0 0.0 9.300000000000011 0.0 0.0 0.3 0.05 0.8 0.3 0.05 0.8 0.5 0.1 0.05
2468 13.254534006118774 0.0 0.0 0.0 0.0 0.0 0.0 0.0 0.0 0.0 0.0 0.0 0.0 0.0 0.0 0.0 0.0 0.0 0.0 0.0 0.0 0.0 0.0 0.0 9.300000000000011 0.0 0.0 9.300000000000011 0.0 0.0 0.3 0.05 0.8 0.3 0.05 0.8 0.5 0.1 0.05
2469 13.259822130203247 0.0 0.0 0.0 0.0 0.0 0.0 0.0 0.0 0.0 0.0 0.0 0.0 0.0 0.0 0.0 0.0 0.0 0.0 0.0 0.0 0.0 0.0 0.0 9.300000000000011 0.0 0.0 9.300000000000011 0.0 0.0 0.3 0.05 0.8 0.3 0.05 0.8 0.5 0.1 0.05
2470 13.265045881271362 0.0 0.0 0.0 0.0 0.0 0.0 0.0 0.0 0.0 0.0 0.0 0.0 0.0 0.0 0.0 0.0 0.0 0.0 0.0 0.0 0.0 0.0 0.0 9.300000000000011 0.0 0.0 9.300000000000011 0.0 0.0 0.3 0.05 0.8 0.3 0.05 0.8 0.5 0.1 0.05
2471 13.270375490188599 0.0 0.0 0.0 0.0 0.0 0.0 0.0 0.0 0.0 0.0 0.0 0.0 0.0 0.0 0.0 0.0 0.0 0.0 0.0 0.0 0.0 0.0 0.0 9.300000000000011 0.0 0.0 9.300000000000011 0.0 0.0 0.3 0.05 0.8 0.3 0.05 0.8 0.5 0.1 0.05
2472 13.275639772415161 0.0 0.0 0.0 0.0 0.0 0.0 0.0 0.0 0.0 0.0 0.0 0.0 0.0 0.0 0.0 0.0 0.0 0.0 0.0 0.0 0.0 0.0 0.0 9.300000000000011 0.0 0.0 9.300000000000011 0.0 0.0 0.3 0.05 0.8 0.3 0.05 0.8 0.5 0.1 0.05
2473 13.280932903289795 0.0 0.0 0.0 0.0 0.0 0.0 0.0 0.0 0.0 0.0 0.0 0.0 0.0 0.0 0.0 0.0 0.0 0.0 0.0 0.0 0.0 0.0 0.0 9.300000000000011 0.0 0.0 9.300000000000011 0.0 0.0 0.3 0.05 0.8 0.3 0.05 0.8 0.5 0.1 0.05
2474 13.286186456680298 0.0 0.0 0.0 0.0 0.0 0.0 0.0 0.0 0.0 0.0 0.0 0.0 0.0 0.0 0.0 0.0 0.0 0.0 0.0 0.0 0.0 0.0 0.0 9.300000000000011 0.0 0.0 9.300000000000011 0.0 0.0 0.3 0.05 0.8 0.3 0.05 0.8 0.5 0.1 0.05
2475 13.291444063186646 0.0 0.0 0.0 0.0 0.0 0.0 0.0 0.0 0.0 0.0 0.0 0.0 0.0 0.0 0.0 0.0 0.0 0.0 0.0 0.0 0.0 0.0 0.0 9.300000000000011 0.0 0.0 9.300000000000011 0.0 0.0 0.3 0.05 0.8 0.3 0.05 0.8 0.5 0.1 0.05
2476 13.296709537506104 0.0 0.0 0.0 0.0 0.0 0.0 0.0 0.0 0.0 0.0 0.0 0.0 0.0 0.0 0.0 0.0 0.0 0.0 0.0 0.0 0.0 0.0 0.0 9.300000000000011 0.0 0.0 9.300000000000011 0.0 0.0 0.3 0.05 0.8 0.3 0.05 0.8 0.5 0.1 0.05
2477 13.302170038223267 0.0 0.0 0.0 0.0 0.0 0.0 0.0 0.0 0.0 0.0 0.0 0.0 0.0 0.0 0.0 0.0 0.0 0.0 0.0 0.0 0.0 0.0 0.0 9.300000000000011 0.0 0.0 9.300000000000011 0.0 0.0 0.3 0.05 0.8 0.3 0.05 0.8 0.5 0.1 0.05
2478 13.307538032531738 0.0 0.0 0.0 0.0 0.0 0.0 0.0 0.0 0.0 0.0 0.0 0.0 0.0 0.0 0.0 0.0 0.0 0.0 0.0 0.0 0.0 0.0 0.0 9.300000000000011 0.0 0.0 9.300000000000011 0.0 0.0 0.3 0.05 0.8 0.3 0.05 0.8 0.5 0.1 0.05
2479 13.312817573547363 0.0 0.0 0.0 0.0 0.0 0.0 0.0 0.0 0.0 0.0 0.0 0.0 0.0 0.0 0.0 0.0 0.0 0.0 0.0 0.0 0.0 0.0 0.0 9.300000000000011 0.0 0.0 9.300000000000011 0.0 0.0 0.3 0.05 0.8 0.3 0.05 0.8 0.5 0.1 0.05
2480 13.318280696868896 0.0 0.0 0.0 0.0 0.0 0.0 0.0 0.0 0.0 0.0 0.0 0.0 0.0 0.0 0.0 0.0 0.0 0.0 0.0 0.0 0.0 0.0 0.0 9.300000000000011 0.0 0.0 9.300000000000011 0.0 0.0 0.3 0.05 0.8 0.3 0.05 0.8 0.5 0.1 0.05
2481 13.32367753982544 0.0 0.0 0.0 0.0 0.0 0.0 0.0 0.0 0.0 0.0 0.0 0.0 0.0 0.0 0.0 0.0 0.0 0.0 0.0 0.0 0.0 0.0 0.0 9.300000000000011 0.0 0.0 9.300000000000011 0.0 0.0 0.3 0.05 0.8 0.3 0.05 0.8 0.5 0.1 0.05
2482 13.329033136367798 0.0 0.0 0.0 0.0 0.0 0.0 0.0 0.0 0.0 0.0 0.0 0.0 0.0 0.0 0.0 0.0 0.0 0.0 0.0 0.0 0.0 0.0 0.0 9.300000000000011 0.0 0.0 9.300000000000011 0.0 0.0 0.3 0.05 0.8 0.3 0.05 0.8 0.5 0.1 0.05
2483 13.334321022033691 0.0 0.0 0.0 0.0 0.0 0.0 0.0 0.0 0.0 0.0 0.0 0.0 0.0 0.0 0.0 0.0 0.0 0.0 0.0 0.0 0.0 0.0 0.0 9.300000000000011 0.0 0.0 9.300000000000011 0.0 0.0 0.3 0.05 0.8 0.3 0.05 0.8 0.5 0.1 0.05
2484 13.339545011520386 0.0 0.0 0.0 0.0 0.0 0.0 0.0 0.0 0.0 0.0 0.0 0.0 0.0 0.0 0.0 0.0 0.0 0.0 0.0 0.0 0.0 0.0 0.0 9.300000000000011 0.0 0.0 9.300000000000011 0.0 0.0 0.3 0.05 0.8 0.3 0.05 0.8 0.5 0.1 0.05
2485 13.34475588798523 0.0 0.0 0.0 0.0 0.0 0.0 0.0 0.0 0.0 0.0 0.0 0.0 0.0 0.0 0.0 0.0 0.0 0.0 0.0 0.0 0.0 0.0 0.0 9.300000000000011 0.0 0.0 9.300000000000011 0.0 0.0 0.3 0.05 0.8 0.3 0.05 0.8 0.5 0.1 0.05
2486 13.350005149841309 0.0 0.0 0.0 0.0 0.0 0.0 0.0 0.0 0.0 0.0 0.0 0.0 0.0 0.0 0.0 0.0 0.0 0.0 0.0 0.0 0.0 0.0 0.0 9.300000000000011 0.0 0.0 9.300000000000011 0.0 0.0 0.3 0.05 0.8 0.3 0.05 0.8 0.5 0.1 0.05
2487 13.355254173278809 0.0 0.0 0.0 0.0 0.0 0.0 0.0 0.0 0.0 0.0 0.0 0.0 0.0 0.0 0.0 0.0 0.0 0.0 0.0 0.0 0.0 0.0 0.0 9.300000000000011 0.0 0.0 9.300000000000011 0.0 0.0 0.3 0.05 0.8 0.3 0.05 0.8 0.5 0.1 0.05
2488 13.360535621643066 0.0 0.0 0.0 0.0 0.0 0.0 0.0 0.0 0.0 0.0 0.0 0.0 0.0 0.0 0.0 0.0 0.0 0.0 0.0 0.0 0.0 0.0 0.0 9.300000000000011 0.0 0.0 9.300000000000011 0.0 0.0 0.3 0.05 0.8 0.3 0.05 0.8 0.5 0.1 0.05
2489 13.365854978561401 0.0 0.0 0.0 0.0 0.0 0.0 0.0 0.0 0.0 0.0 0.0 0.0 0.0 0.0 0.0 0.0 0.0 0.0 0.0 0.0 0.0 0.0 0.0 9.300000000000011 0.0 0.0 9.300000000000011 0.0 0.0 0.3 0.05 0.8 0.3 0.05 0.8 0.5 0.1 0.05
2490 13.37111783027649 0.0 0.0 0.0 0.0 0.0 0.0 0.0 0.0 0.0 0.0 0.0 0.0 0.0 0.0 0.0 0.0 0.0 0.0 0.0 0.0 0.0 0.0 0.0 9.300000000000011 0.0 0.0 9.300000000000011 0.0 0.0 0.3 0.05 0.8 0.3 0.05 0.8 0.5 0.1 0.05
2491 13.376574277877808 0.0 0.0 0.0 0.0 0.0 0.0 0.0 0.0 0.0 0.0 0.0 0.0 0.0 0.0 0.0 0.0 0.0 0.0 0.0 0.0 0.0 0.0 0.0 9.300000000000011 0.0 0.0 9.300000000000011 0.0 0.0 0.3 0.05 0.8 0.3 0.05 0.8 0.5 0.1 0.05
2492 13.381960153579712 0.0 0.0 0.0 0.0 0.0 0.0 0.0 0.0 0.0 0.0 0.0 0.0 0.0 0.0 0.0 0.0 0.0 0.0 0.0 0.0 0.0 0.0 0.0 9.300000000000011 0.0 0.0 9.300000000000011 0.0 0.0 0.3 0.05 0.8 0.3 0.05 0.8 0.5 0.1 0.05
2493 13.387259244918823 0.0 0.0 0.0 0.0 0.0 0.0 0.0 0.0 0.0 0.0 0.0 0.0 0.0 0.0 0.0 0.0 0.0 0.0 0.0 0.0 0.0 0.0 0.0 9.300000000000011 0.0 0.0 9.300000000000011 0.0 0.0 0.3 0.05 0.8 0.3 0.05 0.8 0.5 0.1 0.05
2494 13.392482042312622 0.0 0.0 0.0 0.0 0.0 0.0 0.0 0.0 0.0 0.0 0.0 0.0 0.0 0.0 0.0 0.0 0.0 0.0 0.0 0.0 0.0 0.0 0.0 9.300000000000011 0.0 0.0 9.300000000000011 0.0 0.0 0.3 0.05 0.8 0.3 0.05 0.8 0.5 0.1 0.05
2495 13.397713661193848 0.0 0.0 0.0 0.0 0.0 0.0 0.0 0.0 0.0 0.0 0.0 0.0 0.0 0.0 0.0 0.0 0.0 0.0 0.0 0.0 0.0 0.0 0.0 9.300000000000011 0.0 0.0 9.300000000000011 0.0 0.0 0.3 0.05 0.8 0.3 0.05 0.8 0.5 0.1 0.05
2496 13.403103590011597 0.0 0.0 0.0 0.0 0.0 0.0 0.0 0.0 0.0 0.0 0.0 0.0 0.0 0.0 0.0 0.0 0.0 0.0 0.0 0.0 0.0 0.0 0.0 9.300000000000011 0.0 0.0 9.300000000000011 0.0 0.0 0.3 0.05 0.8 0.3 0.05 0.8 0.5 0.1 0.05
2497 13.408520460128784 0.0 0.0 0.0 0.0 0.0 0.0 0.0 0.0 0.0 0.0 0.0 0.0 0.0 0.0 0.0 0.0 0.0 0.0 0.0 0.0 0.0 0.0 0.0 9.300000000000011 0.0 0.0 9.300000000000011 0.0 0.0 0.3 0.05 0.8 0.3 0.05 0.8 0.5 0.1 0.05
2498 13.413792848587036 0.0 0.0 0.0 0.0 0.0 0.0 0.0 0.0 0.0 0.0 0.0 0.0 0.0 0.0 0.0 0.0 0.0 0.0 0.0 0.0 0.0 0.0 0.0 9.300000000000011 0.0 0.0 9.300000000000011 0.0 0.0 0.3 0.05 0.8 0.3 0.05 0.8 0.5 0.1 0.05
2499 13.419111490249634 0.0 0.0 0.0 0.0 0.0 0.0 0.0 0.0 0.0 0.0 0.0 0.0 0.0 0.0 0.0 0.0 0.0 0.0 0.0 0.0 0.0 0.0 0.0 9.300000000000011 0.0 0.0 9.300000000000011 0.0 0.0 0.3 0.05 0.8 0.3 0.05 0.8 0.5 0.1 0.05
2500 13.424390077590942 0.0 0.0 0.0 0.0 0.0 0.0 0.0 0.0 0.0 0.0 0.0 0.0 0.0 0.0 0.0 0.0 0.0 0.0 0.0 0.0 0.0 0.0 0.0 9.300000000000011 0.0 0.0 9.300000000000011 0.0 0.0 0.3 0.05 0.8 0.3 0.05 0.8 0.5 0.1 0.05
2501 13.43008017539978 0.0 0.0 0.0 0.0 0.0 0.0 0.0 0.0 0.0 0.0 0.0 0.0 0.0 0.0 0.0 0.0 0.0 0.0 0.0 0.0 0.0 0.0 0.0 9.300000000000011 0.0 0.0 9.300000000000011 0.0 0.0 0.3 0.05 0.8 0.3 0.05 0.8 0.5 0.1 0.05
2502 13.435417175292969 0.0 0.0 0.0 0.0 0.0 0.0 0.0 0.0 0.0 0.0 0.0 0.0 0.0 0.0 0.0 0.0 0.0 0.0 0.0 0.0 0.0 0.0 0.0 9.300000000000011 0.0 0.0 9.300000000000011 0.0 0.0 0.3 0.05 0.8 0.3 0.05 0.8 0.5 0.1 0.05
2503 13.440715551376343 0.0 0.0 0.0 0.0 0.0 0.0 0.0 0.0 0.0 0.0 0.0 0.0 0.0 0.0 0.0 0.0 0.0 0.0 0.0 0.0 0.0 0.0 0.0 9.300000000000011 0.0 0.0 9.300000000000011 0.0 0.0 0.3 0.05 0.8 0.3 0.05 0.8 0.5 0.1 0.05
2504 13.445994853973389 0.0 0.0 0.0 0.0 0.0 0.0 0.0 0.0 0.0 0.0 0.0 0.0 0.0 0.0 0.0 0.0 0.0 0.0 0.0 0.0 0.0 0.0 0.0 9.300000000000011 0.0 0.0 9.300000000000011 0.0 0.0 0.3 0.05 0.8 0.3 0.05 0.8 0.5 0.1 0.05
2505 13.45122766494751 0.0 0.0 0.0 0.0 0.0 0.0 0.0 0.0 0.0 0.0 0.0 0.0 0.0 0.0 0.0 0.0 0.0 0.0 0.0 0.0 0.0 0.0 0.0 9.300000000000011 0.0 0.0 9.300000000000011 0.0 0.0 0.3 0.05 0.8 0.3 0.05 0.8 0.5 0.1 0.05
2506 13.456441164016724 0.0 0.0 0.0 0.0 0.0 0.0 0.0 0.0 0.0 0.0 0.0 0.0 0.0 0.0 0.0 0.0 0.0 0.0 0.0 0.0 0.0 0.0 0.0 9.300000000000011 0.0 0.0 9.300000000000011 0.0 0.0 0.3 0.05 0.8 0.3 0.05 0.8 0.5 0.1 0.05
2507 13.461665868759155 0.0 0.0 0.0 0.0 0.0 0.0 0.0 0.0 0.0 0.0 0.0 0.0 0.0 0.0 0.0 0.0 0.0 0.0 0.0 0.0 0.0 0.0 0.0 9.300000000000011 0.0 0.0 9.300000000000011 0.0 0.0 0.3 0.05 0.8 0.3 0.05 0.8 0.5 0.1 0.05
2508 13.466877698898315 0.0 0.0 0.0 0.0 0.0 0.0 0.0 0.0 0.0 0.0 0.0 0.0 0.0 0.0 0.0 0.0 0.0 0.0 0.0 0.0 0.0 0.0 0.0 9.300000000000011 0.0 0.0 9.300000000000011 0.0 0.0 0.3 0.05 0.8 0.3 0.05 0.8 0.5 0.1 0.05
2509 13.472129583358765 0.0 0.0 0.0 0.0 0.0 0.0 0.0 0.0 0.0 0.0 0.0 0.0 0.0 0.0 0.0 0.0 0.0 0.0 0.0 0.0 0.0 0.0 0.0 9.300000000000011 0.0 0.0 9.300000000000011 0.0 0.0 0.3 0.05 0.8 0.3 0.05 0.8 0.5 0.1 0.05
2510 13.47736144065857 0.0 0.0 0.0 0.0 0.0 0.0 0.0 0.0 0.0 0.0 0.0 0.0 0.0 0.0 0.0 0.0 0.0 0.0 0.0 0.0 0.0 0.0 0.0 9.300000000000011 0.0 0.0 9.300000000000011 0.0 0.0 0.3 0.05 0.8 0.3 0.05 0.8 0.5 0.1 0.05
2511 13.482815980911255 0.0 0.0 0.0 0.0 0.0 0.0 0.0 0.0 0.0 0.0 0.0 0.0 0.0 0.0 0.0 0.0 0.0 0.0 0.0 0.0 0.0 0.0 0.0 9.300000000000011 0.0 0.0 9.300000000000011 0.0 0.0 0.3 0.05 0.8 0.3 0.05 0.8 0.5 0.1 0.05
2512 13.488144397735596 0.0 0.0 0.0 0.0 0.0 0.0 0.0 0.0 0.0 0.0 0.0 0.0 0.0 0.0 0.0 0.0 0.0 0.0 0.0 0.0 0.0 0.0 0.0 9.300000000000011 0.0 0.0 9.300000000000011 0.0 0.0 0.3 0.05 0.8 0.3 0.05 0.8 0.5 0.1 0.05
2513 13.493505954742432 0.0 0.0 0.0 0.0 0.0 0.0 0.0 0.0 0.0 0.0 0.0 0.0 0.0 0.0 0.0 0.0 0.0 0.0 0.0 0.0 0.0 0.0 0.0 9.300000000000011 0.0 0.0 9.300000000000011 0.0 0.0 0.3 0.05 0.8 0.3 0.05 0.8 0.5 0.1 0.05
2514 13.498885154724121 0.0 0.0 0.0 0.0 0.0 0.0 0.0 0.0 0.0 0.0 0.0 0.0 0.0 0.0 0.0 0.0 0.0 0.0 0.0 0.0 0.0 0.0 0.0 9.300000000000011 0.0 0.0 9.300000000000011 0.0 0.0 0.3 0.05 0.8 0.3 0.05 0.8 0.5 0.1 0.05
2515 13.504146099090576 0.0 0.0 0.0 0.0 0.0 0.0 0.0 0.0 0.0 0.0 0.0 0.0 0.0 0.0 0.0 0.0 0.0 0.0 0.0 0.0 0.0 0.0 0.0 9.300000000000011 0.0 0.0 9.300000000000011 0.0 0.0 0.3 0.05 0.8 0.3 0.05 0.8 0.5 0.1 0.05
2516 13.509528398513794 0.0 0.0 0.0 0.0 0.0 0.0 0.0 0.0 0.0 0.0 0.0 0.0 0.0 0.0 0.0 0.0 0.0 0.0 0.0 0.0 0.0 0.0 0.0 9.300000000000011 0.0 0.0 9.300000000000011 0.0 0.0 0.3 0.05 0.8 0.3 0.05 0.8 0.5 0.1 0.05
2517 13.514880418777466 0.0 0.0 0.0 0.0 0.0 0.0 0.0 0.0 0.0 0.0 0.0 0.0 0.0 0.0 0.0 0.0 0.0 0.0 0.0 0.0 0.0 0.0 0.0 9.300000000000011 0.0 0.0 9.300000000000011 0.0 0.0 0.3 0.05 0.8 0.3 0.05 0.8 0.5 0.1 0.05
2518 13.520112991333008 0.0 0.0 0.0 0.0 0.0 0.0 0.0 0.0 0.0 0.0 0.0 0.0 0.0 0.0 0.0 0.0 0.0 0.0 0.0 0.0 0.0 0.0 0.0 9.300000000000011 0.0 0.0 9.300000000000011 0.0 0.0 0.3 0.05 0.8 0.3 0.05 0.8 0.5 0.1 0.05
2519 13.525345087051392 0.0 0.0 0.0 0.0 0.0 0.0 0.0 0.0 0.0 0.0 0.0 0.0 0.0 0.0 0.0 0.0 0.0 0.0 0.0 0.0 0.0 0.0 0.0 9.300000000000011 0.0 0.0 9.300000000000011 0.0 0.0 0.3 0.05 0.8 0.3 0.05 0.8 0.5 0.1 0.05
2520 13.530573844909668 0.0 0.0 0.0 0.0 0.0 0.0 0.0 0.0 0.0 0.0 0.0 0.0 0.0 0.0 0.0 0.0 0.0 0.0 0.0 0.0 0.0 0.0 0.0 9.300000000000011 0.0 0.0 9.300000000000011 0.0 0.0 0.3 0.05 0.8 0.3 0.05 0.8 0.5 0.1 0.05
2521 13.535903453826904 0.0 0.0 0.0 0.0 0.0 0.0 0.0 0.0 0.0 0.0 0.0 0.0 0.0 0.0 0.0 0.0 0.0 0.0 0.0 0.0 0.0 0.0 0.0 9.300000000000011 0.0 0.0 9.300000000000011 0.0 0.0 0.3 0.05 0.8 0.3 0.05 0.8 0.5 0.1 0.05
2522 13.541158437728882 0.0 0.0 0.0 0.0 0.0 0.0 0.0 0.0 0.0 0.0 0.0 0.0 0.0 0.0 0.0 0.0 0.0 0.0 0.0 0.0 0.0 0.0 0.0 9.300000000000011 0.0 0.0 9.300000000000011 0.0 0.0 0.3 0.05 0.8 0.3 0.05 0.8 0.5 0.1 0.05
2523 13.546467304229736 0.0 0.0 0.0 0.0 0.0 0.0 0.0 0.0 0.0 0.0 0.0 0.0 0.0 0.0 0.0 0.0 0.0 0.0 0.0 0.0 0.0 0.0 0.0 9.300000000000011 0.0 0.0 9.300000000000011 0.0 0.0 0.3 0.05 0.8 0.3 0.05 0.8 0.5 0.1 0.05
2524 13.551742792129517 0.0 0.0 0.0 0.0 0.0 0.0 0.0 0.0 0.0 0.0 0.0 0.0 0.0 0.0 0.0 0.0 0.0 0.0 0.0 0.0 0.0 0.0 0.0 9.300000000000011 0.0 0.0 9.300000000000011 0.0 0.0 0.3 0.05 0.8 0.3 0.05 0.8 0.5 0.1 0.05
2525 13.557016611099243 0.0 0.0 0.0 0.0 0.0 0.0 0.0 0.0 0.0 0.0 0.0 0.0 0.0 0.0 0.0 0.0 0.0 0.0 0.0 0.0 0.0 0.0 0.0 9.300000000000011 0.0 0.0 9.300000000000011 0.0 0.0 0.3 0.05 0.8 0.3 0.05 0.8 0.5 0.1 0.05
2526 13.562367677688599 0.0 0.0 0.0 0.0 0.0 0.0 0.0 0.0 0.0 0.0 0.0 0.0 0.0 0.0 0.0 0.0 0.0 0.0 0.0 0.0 0.0 0.0 0.0 9.300000000000011 0.0 0.0 9.300000000000011 0.0 0.0 0.3 0.05 0.8 0.3 0.05 0.8 0.5 0.1 0.05
2527 13.567715644836426 0.0 0.0 0.0 0.0 0.0 0.0 0.0 0.0 0.0 0.0 0.0 0.0 0.0 0.0 0.0 0.0 0.0 0.0 0.0 0.0 0.0 0.0 0.0 9.300000000000011 0.0 0.0 9.300000000000011 0.0 0.0 0.3 0.05 0.8 0.3 0.05 0.8 0.5 0.1 0.05
2528 13.573019027709961 0.0 0.0 0.0 0.0 0.0 0.0 0.0 0.0 0.0 0.0 0.0 0.0 0.0 0.0 0.0 0.0 0.0 0.0 0.0 0.0 0.0 0.0 0.0 9.300000000000011 0.0 0.0 9.300000000000011 0.0 0.0 0.3 0.05 0.8 0.3 0.05 0.8 0.5 0.1 0.05
2529 13.578269958496094 0.0 0.0 0.0 0.0 0.0 0.0 0.0 0.0 0.0 0.0 0.0 0.0 0.0 0.0 0.0 0.0 0.0 0.0 0.0 0.0 0.0 0.0 0.0 9.300000000000011 0.0 0.0 9.300000000000011 0.0 0.0 0.3 0.05 0.8 0.3 0.05 0.8 0.5 0.1 0.05
2530 13.583485841751099 0.0 0.0 0.0 0.0 0.0 0.0 0.0 0.0 0.0 0.0 0.0 0.0 0.0 0.0 0.0 0.0 0.0 0.0 0.0 0.0 0.0 0.0 0.0 9.300000000000011 0.0 0.0 9.300000000000011 0.0 0.0 0.3 0.05 0.8 0.3 0.05 0.8 0.5 0.1 0.05
2531 13.588813066482544 0.0 0.0 0.0 0.0 0.0 0.0 0.0 0.0 0.0 0.0 0.0 0.0 0.0 0.0 0.0 0.0 0.0 0.0 0.0 0.0 0.0 0.0 0.0 9.300000000000011 0.0 0.0 9.300000000000011 0.0 0.0 0.3 0.05 0.8 0.3 0.05 0.8 0.5 0.1 0.05
2532 13.594107866287231 0.0 0.0 0.0 0.0 0.0 0.0 0.0 0.0 0.0 0.0 0.0 0.0 0.0 0.0 0.0 0.0 0.0 0.0 0.0 0.0 0.0 0.0 0.0 9.300000000000011 0.0 0.0 9.300000000000011 0.0 0.0 0.3 0.05 0.8 0.3 0.05 0.8 0.5 0.1 0.05
2533 13.59947657585144 0.0 0.0 0.0 0.0 0.0 0.0 0.0 0.0 0.0 0.0 0.0 0.0 0.0 0.0 0.0 0.0 0.0 0.0 0.0 0.0 0.0 0.0 0.0 9.300000000000011 0.0 0.0 9.300000000000011 0.0 0.0 0.3 0.05 0.8 0.3 0.05 0.8 0.5 0.1 0.05
2534 13.604740858078003 0.0 0.0 0.0 0.0 0.0 0.0 0.0 0.0 0.0 0.0 0.0 0.0 0.0 0.0 0.0 0.0 0.0 0.0 0.0 0.0 0.0 0.0 0.0 9.300000000000011 0.0 0.0 9.300000000000011 0.0 0.0 0.3 0.05 0.8 0.3 0.05 0.8 0.5 0.1 0.05
2535 13.610114812850952 0.0 0.0 0.0 0.0 0.0 0.0 0.0 0.0 0.0 0.0 0.0 0.0 0.0 0.0 0.0 0.0 0.0 0.0 0.0 0.0 0.0 0.0 0.0 9.300000000000011 0.0 0.0 9.300000000000011 0.0 0.0 0.3 0.05 0.8 0.3 0.05 0.8 0.5 0.1 0.05
2536 13.615450859069824 0.0 0.0 0.0 0.0 0.0 0.0 0.0 0.0 0.0 0.0 0.0 0.0 0.0 0.0 0.0 0.0 0.0 0.0 0.0 0.0 0.0 0.0 0.0 9.300000000000011 0.0 0.0 9.300000000000011 0.0 0.0 0.3 0.05 0.8 0.3 0.05 0.8 0.5 0.1 0.05
2537 13.620726823806763 0.0 0.0 0.0 0.0 0.0 0.0 0.0 0.0 0.0 0.0 0.0 0.0 0.0 0.0 0.0 0.0 0.0 0.0 0.0 0.0 0.0 0.0 0.0 9.300000000000011 0.0 0.0 9.300000000000011 0.0 0.0 0.3 0.05 0.8 0.3 0.05 0.8 0.5 0.1 0.05
2538 13.626044988632202 0.0 0.0 0.0 0.0 0.0 0.0 0.0 0.0 0.0 0.0 0.0 0.0 0.0 0.0 0.0 0.0 0.0 0.0 0.0 0.0 0.0 0.0 0.0 9.300000000000011 0.0 0.0 9.300000000000011 0.0 0.0 0.3 0.05 0.8 0.3 0.05 0.8 0.5 0.1 0.05
2539 13.631357192993164 0.0 0.0 0.0 0.0 0.0 0.0 0.0 0.0 0.0 0.0 0.0 0.0 0.0 0.0 0.0 0.0 0.0 0.0 0.0 0.0 0.0 0.0 0.0 9.300000000000011 0.0 0.0 9.300000000000011 0.0 0.0 0.3 0.05 0.8 0.3 0.05 0.8 0.5 0.1 0.05
2540 13.636634349822998 0.0 0.0 0.0 0.0 0.0 0.0 0.0 0.0 0.0 0.0 0.0 0.0 0.0 0.0 0.0 0.0 0.0 0.0 0.0 0.0 0.0 0.0 0.0 9.300000000000011 0.0 0.0 9.300000000000011 0.0 0.0 0.3 0.05 0.8 0.3 0.05 0.8 0.5 0.1 0.05
2541 13.642084836959839 0.0 0.0 0.0 0.0 0.0 0.0 0.0 0.0 0.0 0.0 0.0 0.0 0.0 0.0 0.0 0.0 0.0 0.0 0.0 0.0 0.0 0.0 0.0 9.300000000000011 0.0 0.0 9.300000000000011 0.0 0.0 0.3 0.05 0.8 0.3 0.05 0.8 0.5 0.1 0.05
2542 13.647371530532837 0.0 0.0 0.0 0.0 0.0 0.0 0.0 0.0 0.0 0.0 0.0 0.0 0.0 0.0 0.0 0.0 0.0 0.0 0.0 0.0 0.0 0.0 0.0 9.300000000000011 0.0 0.0 9.300000000000011 0.0 0.0 0.3 0.05 0.8 0.3 0.05 0.8 0.5 0.1 0.05
2543 13.6526780128479 0.0 0.0 0.0 0.0 0.0 0.0 0.0 0.0 0.0 0.0 0.0 0.0 0.0 0.0 0.0 0.0 0.0 0.0 0.0 0.0 0.0 0.0 0.0 9.300000000000011 0.0 0.0 9.300000000000011 0.0 0.0 0.3 0.05 0.8 0.3 0.05 0.8 0.5 0.1 0.05
2544 13.657918214797974 0.0 0.0 0.0 0.0 0.0 0.0 0.0 0.0 0.0 0.0 0.0 0.0 0.0 0.0 0.0 0.0 0.0 0.0 0.0 0.0 0.0 0.0 0.0 9.300000000000011 0.0 0.0 9.300000000000011 0.0 0.0 0.3 0.05 0.8 0.3 0.05 0.8 0.5 0.1 0.05
2545 13.663129568099976 0.0 0.0 0.0 0.0 0.0 0.0 0.0 0.0 0.0 0.0 0.0 0.0 0.0 0.0 0.0 0.0 0.0 0.0 0.0 0.0 0.0 0.0 0.0 9.300000000000011 0.0 0.0 9.300000000000011 0.0 0.0 0.3 0.05 0.8 0.3 0.05 0.8 0.5 0.1 0.05
2546 13.668361186981201 0.0 0.0 0.0 0.0 0.0 0.0 0.0 0.0 0.0 0.0 0.0 0.0 0.0 0.0 0.0 0.0 0.0 0.0 0.0 0.0 0.0 0.0 0.0 9.300000000000011 0.0 0.0 9.300000000000011 0.0 0.0 0.3 0.05 0.8 0.3 0.05 0.8 0.5 0.1 0.05
2547 13.673682451248169 0.0 0.0 0.0 0.0 0.0 0.0 0.0 0.0 0.0 0.0 0.0 0.0 0.0 0.0 0.0 0.0 0.0 0.0 0.0 0.0 0.0 0.0 0.0 9.300000000000011 0.0 0.0 9.300000000000011 0.0 0.0 0.3 0.05 0.8 0.3 0.05 0.8 0.5 0.1 0.05
2548 13.678995609283447 0.0 0.0 0.0 0.0 0.0 0.0 0.0 0.0 0.0 0.0 0.0 0.0 0.0 0.0 0.0 0.0 0.0 0.0 0.0 0.0 0.0 0.0 0.0 9.300000000000011 0.0 0.0 9.300000000000011 0.0 0.0 0.3 0.05 0.8 0.3 0.05 0.8 0.5 0.1 0.05
2549 13.684261798858643 0.0 0.0 0.0 0.0 0.0 0.0 0.0 0.0 0.0 0.0 0.0 0.0 0.0 0.0 0.0 0.0 0.0 0.0 0.0 0.0 0.0 0.0 0.0 9.300000000000011 0.0 0.0 9.300000000000011 0.0 0.0 0.3 0.05 0.8 0.3 0.05 0.8 0.5 0.1 0.05
2550 13.689688205718994 0.0 0.0 0.0 0.0 0.0 0.0 0.0 0.0 0.0 0.0 0.0 0.0 0.0 0.0 0.0 0.0 0.0 0.0 0.0 0.0 0.0 0.0 0.0 9.300000000000011 0.0 0.0 9.300000000000011 0.0 0.0 0.3 0.05 0.8 0.3 0.05 0.8 0.5 0.1 0.05
2551 13.695075511932373 0.0 0.0 0.0 0.0 0.0 0.0 0.0 0.0 0.0 0.0 0.0 0.0 0.0 0.0 0.0 0.0 0.0 0.0 0.0 0.0 0.0 0.0 0.0 9.300000000000011 0.0 0.0 9.300000000000011 0.0 0.0 0.3 0.05 0.8 0.3 0.05 0.8 0.5 0.1 0.05
2552 13.700331926345825 0.0 0.0 0.0 0.0 0.0 0.0 0.0 0.0 0.0 0.0 0.0 0.0 0.0 0.0 0.0 0.0 0.0 0.0 0.0 0.0 0.0 0.0 0.0 9.300000000000011 0.0 0.0 9.300000000000011 0.0 0.0 0.3 0.05 0.8 0.3 0.05 0.8 0.5 0.1 0.05
2553 13.705650091171265 0.0 0.0 0.0 0.0 0.0 0.0 0.0 0.0 0.0 0.0 0.0 0.0 0.0 0.0 0.0 0.0 0.0 0.0 0.0 0.0 0.0 0.0 0.0 9.300000000000011 0.0 0.0 9.300000000000011 0.0 0.0 0.3 0.05 0.8 0.3 0.05 0.8 0.5 0.1 0.05
2554 13.710874557495117 0.0 0.0 0.0 0.0 0.0 0.0 0.0 0.0 0.0 0.0 0.0 0.0 0.0 0.0 0.0 0.0 0.0 0.0 0.0 0.0 0.0 0.0 0.0 9.300000000000011 0.0 0.0 9.300000000000011 0.0 0.0 0.3 0.05 0.8 0.3 0.05 0.8 0.5 0.1 0.05
2555 13.716179847717285 0.0 0.0 0.0 0.0 0.0 0.0 0.0 0.0 0.0 0.0 0.0 0.0 0.0 0.0 0.0 0.0 0.0 0.0 0.0 0.0 0.0 0.0 0.0 9.300000000000011 0.0 0.0 9.300000000000011 0.0 0.0 0.3 0.05 0.8 0.3 0.05 0.8 0.5 0.1 0.05
2556 13.721421241760254 0.0 0.0 0.0 0.0 0.0 0.0 0.0 0.0 0.0 0.0 0.0 0.0 0.0 0.0 0.0 0.0 0.0 0.0 0.0 0.0 0.0 0.0 0.0 9.300000000000011 0.0 0.0 9.300000000000011 0.0 0.0 0.3 0.05 0.8 0.3 0.05 0.8 0.5 0.1 0.05
2557 13.726658344268799 0.0 0.0 0.0 0.0 0.0 0.0 0.0 0.0 0.0 0.0 0.0 0.0 0.0 0.0 0.0 0.0 0.0 0.0 0.0 0.0 0.0 0.0 0.0 9.300000000000011 0.0 0.0 9.300000000000011 0.0 0.0 0.3 0.05 0.8 0.3 0.05 0.8 0.5 0.1 0.05
2558 13.731934785842896 0.0 0.0 0.0 0.0 0.0 0.0 0.0 0.0 0.0 0.0 0.0 0.0 0.0 0.0 0.0 0.0 0.0 0.0 0.0 0.0 0.0 0.0 0.0 9.300000000000011 0.0 0.0 9.300000000000011 0.0 0.0 0.3 0.05 0.8 0.3 0.05 0.8 0.5 0.1 0.05
2559 13.737274885177612 0.0 0.0 0.0 0.0 0.0 0.0 0.0 0.0 0.0 0.0 0.0 0.0 0.0 0.0 0.0 0.0 0.0 0.0 0.0 0.0 0.0 0.0 0.0 9.300000000000011 0.0 0.0 9.300000000000011 0.0 0.0 0.3 0.05 0.8 0.3 0.05 0.8 0.5 0.1 0.05
2560 13.742545127868652 0.0 0.0 0.0 0.0 0.0 0.0 0.0 0.0 0.0 0.0 0.0 0.0 0.0 0.0 0.0 0.0 0.0 0.0 0.0 0.0 0.0 0.0 0.0 9.300000000000011 0.0 0.0 9.300000000000011 0.0 0.0 0.3 0.05 0.8 0.3 0.05 0.8 0.5 0.1 0.05
2561 13.748059749603271 0.0 0.0 0.0 0.0 0.0 0.0 0.0 0.0 0.0 0.0 0.0 0.0 0.0 0.0 0.0 0.0 0.0 0.0 0.0 0.0 0.0 0.0 0.0 9.300000000000011 0.0 0.0 9.300000000000011 0.0 0.0 0.3 0.05 0.8 0.3 0.05 0.8 0.5 0.1 0.05
2562 13.75337529182434 0.0 0.0 0.0 0.0 0.0 0.0 0.0 0.0 0.0 0.0 0.0 0.0 0.0 0.0 0.0 0.0 0.0 0.0 0.0 0.0 0.0 0.0 0.0 9.300000000000011 0.0 0.0 9.300000000000011 0.0 0.0 0.3 0.05 0.8 0.3 0.05 0.8 0.5 0.1 0.05
2563 13.75871992111206 0.0 0.0 0.0 0.0 0.0 0.0 0.0 0.0 0.0 0.0 0.0 0.0 0.0 0.0 0.0 0.0 0.0 0.0 0.0 0.0 0.0 0.0 0.0 9.300000000000011 0.0 0.0 9.300000000000011 0.0 0.0 0.3 0.05 0.8 0.3 0.05 0.8 0.5 0.1 0.05
2564 13.76406192779541 0.0 0.0 0.0 0.0 0.0 0.0 0.0 0.0 0.0 0.0 0.0 0.0 0.0 0.0 0.0 0.0 0.0 0.0 0.0 0.0 0.0 0.0 0.0 9.300000000000011 0.0 0.0 9.300000000000011 0.0 0.0 0.3 0.05 0.8 0.3 0.05 0.8 0.5 0.1 0.05
2565 13.769309759140015 0.0 0.0 0.0 0.0 0.0 0.0 0.0 0.0 0.0 0.0 0.0 0.0 0.0 0.0 0.0 0.0 0.0 0.0 0.0 0.0 0.0 0.0 0.0 9.300000000000011 0.0 0.0 9.300000000000011 0.0 0.0 0.3 0.05 0.8 0.3 0.05 0.8 0.5 0.1 0.05
2566 13.77457857131958 0.0 0.0 0.0 0.0 0.0 0.0 0.0 0.0 0.0 0.0 0.0 0.0 0.0 0.0 0.0 0.0 0.0 0.0 0.0 0.0 0.0 0.0 0.0 9.300000000000011 0.0 0.0 9.300000000000011 0.0 0.0 0.3 0.05 0.8 0.3 0.05 0.8 0.5 0.1 0.05
2567 13.779838800430298 0.0 0.0 0.0 0.0 0.0 0.0 0.0 0.0 0.0 0.0 0.0 0.0 0.0 0.0 0.0 0.0 0.0 0.0 0.0 0.0 0.0 0.0 0.0 9.300000000000011 0.0 0.0 9.300000000000011 0.0 0.0 0.3 0.05 0.8 0.3 0.05 0.8 0.5 0.1 0.05
2568 13.785071849822998 0.0 0.0 0.0 0.0 0.0 0.0 0.0 0.0 0.0 0.0 0.0 0.0 0.0 0.0 0.0 0.0 0.0 0.0 0.0 0.0 0.0 0.0 0.0 9.300000000000011 0.0 0.0 9.300000000000011 0.0 0.0 0.3 0.05 0.8 0.3 0.05 0.8 0.5 0.1 0.05
2569 13.790377616882324 0.0 0.0 0.0 0.0 0.0 0.0 0.0 0.0 0.0 0.0 0.0 0.0 0.0 0.0 0.0 0.0 0.0 0.0 0.0 0.0 0.0 0.0 0.0 9.300000000000011 0.0 0.0 9.300000000000011 0.0 0.0 0.3 0.05 0.8 0.3 0.05 0.8 0.5 0.1 0.05
2570 13.795742511749268 0.0 0.0 0.0 0.0 0.0 0.0 0.0 0.0 0.0 0.0 0.0 0.0 0.0 0.0 0.0 0.0 0.0 0.0 0.0 0.0 0.0 0.0 0.0 9.300000000000011 0.0 0.0 9.300000000000011 0.0 0.0 0.3 0.05 0.8 0.3 0.05 0.8 0.5 0.1 0.05
2571 13.801135540008545 0.0 0.0 0.0 0.0 0.0 0.0 0.0 0.0 0.0 0.0 0.0 0.0 0.0 0.0 0.0 0.0 0.0 0.0 0.0 0.0 0.0 0.0 0.0 9.300000000000011 0.0 0.0 9.300000000000011 0.0 0.0 0.3 0.05 0.8 0.3 0.05 0.8 0.5 0.1 0.05
2572 13.806418657302856 0.0 0.0 0.0 0.0 0.0 0.0 0.0 0.0 0.0 0.0 0.0 0.0 0.0 0.0 0.0 0.0 0.0 0.0 0.0 0.0 0.0 0.0 0.0 9.300000000000011 0.0 0.0 9.300000000000011 0.0 0.0 0.3 0.05 0.8 0.3 0.05 0.8 0.5 0.1 0.05
2573 13.811755180358887 0.0 0.0 0.0 0.0 0.0 0.0 0.0 0.0 0.0 0.0 0.0 0.0 0.0 0.0 0.0 0.0 0.0 0.0 0.0 0.0 0.0 0.0 0.0 9.300000000000011 0.0 0.0 9.300000000000011 0.0 0.0 0.3 0.05 0.8 0.3 0.05 0.8 0.5 0.1 0.05
2574 13.817155122756958 0.0 0.0 0.0 0.0 0.0 0.0 0.0 0.0 0.0 0.0 0.0 0.0 0.0 0.0 0.0 0.0 0.0 0.0 0.0 0.0 0.0 0.0 0.0 9.300000000000011 0.0 0.0 9.300000000000011 0.0 0.0 0.3 0.05 0.8 0.3 0.05 0.8 0.5 0.1 0.05
2575 13.822408437728882 0.0 0.0 0.0 0.0 0.0 0.0 0.0 0.0 0.0 0.0 0.0 0.0 0.0 0.0 0.0 0.0 0.0 0.0 0.0 0.0 0.0 0.0 0.0 9.300000000000011 0.0 0.0 9.300000000000011 0.0 0.0 0.3 0.05 0.8 0.3 0.05 0.8 0.5 0.1 0.05
2576 13.827774047851562 0.0 0.0 0.0 0.0 0.0 0.0 0.0 0.0 0.0 0.0 0.0 0.0 0.0 0.0 0.0 0.0 0.0 0.0 0.0 0.0 0.0 0.0 0.0 9.300000000000011 0.0 0.0 9.300000000000011 0.0 0.0 0.3 0.05 0.8 0.3 0.05 0.8 0.5 0.1 0.05
2577 13.833057880401611 0.0 0.0 0.0 0.0 0.0 0.0 0.0 0.0 0.0 0.0 0.0 0.0 0.0 0.0 0.0 0.0 0.0 0.0 0.0 0.0 0.0 0.0 0.0 9.300000000000011 0.0 0.0 9.300000000000011 0.0 0.0 0.3 0.05 0.8 0.3 0.05 0.8 0.5 0.1 0.05
2578 13.838293552398682 0.0 0.0 0.0 0.0 0.0 0.0 0.0 0.0 0.0 0.0 0.0 0.0 0.0 0.0 0.0 0.0 0.0 0.0 0.0 0.0 0.0 0.0 0.0 9.300000000000011 0.0 0.0 9.300000000000011 0.0 0.0 0.3 0.05 0.8 0.3 0.05 0.8 0.5 0.1 0.05
2579 13.843552112579346 0.0 0.0 0.0 0.0 0.0 0.0 0.0 0.0 0.0 0.0 0.0 0.0 0.0 0.0 0.0 0.0 0.0 0.0 0.0 0.0 0.0 0.0 0.0 9.300000000000011 0.0 0.0 9.300000000000011 0.0 0.0 0.3 0.05 0.8 0.3 0.05 0.8 0.5 0.1 0.05
2580 13.848798036575317 0.0 0.0 0.0 0.0 0.0 0.0 0.0 0.0 0.0 0.0 0.0 0.0 0.0 0.0 0.0 0.0 0.0 0.0 0.0 0.0 0.0 0.0 0.0 9.300000000000011 0.0 0.0 9.300000000000011 0.0 0.0 0.3 0.05 0.8 0.3 0.05 0.8 0.5 0.1 0.05
2581 13.854155540466309 0.0 0.0 0.0 0.0 0.0 0.0 0.0 0.0 0.0 0.0 0.0 0.0 0.0 0.0 0.0 0.0 0.0 0.0 0.0 0.0 0.0 0.0 0.0 9.300000000000011 0.0 0.0 9.300000000000011 0.0 0.0 0.3 0.05 0.8 0.3 0.05 0.8 0.5 0.1 0.05
2582 13.859415531158447 0.0 0.0 0.0 0.0 0.0 0.0 0.0 0.0 0.0 0.0 0.0 0.0 0.0 0.0 0.0 0.0 0.0 0.0 0.0 0.0 0.0 0.0 0.0 9.300000000000011 0.0 0.0 9.300000000000011 0.0 0.0 0.3 0.05 0.8 0.3 0.05 0.8 0.5 0.1 0.05
2583 13.864893913269043 0.0 0.0 0.0 0.0 0.0 0.0 0.0 0.0 0.0 0.0 0.0 0.0 0.0 0.0 0.0 0.0 0.0 0.0 0.0 0.0 0.0 0.0 0.0 9.300000000000011 0.0 0.0 9.300000000000011 0.0 0.0 0.3 0.05 0.8 0.3 0.05 0.8 0.5 0.1 0.05
2584 13.870267152786255 0.0 0.0 0.0 0.0 0.0 0.0 0.0 0.0 0.0 0.0 0.0 0.0 0.0 0.0 0.0 0.0 0.0 0.0 0.0 0.0 0.0 0.0 0.0 9.300000000000011 0.0 0.0 9.300000000000011 0.0 0.0 0.3 0.05 0.8 0.3 0.05 0.8 0.5 0.1 0.05
2585 13.875545263290405 0.0 0.0 0.0 0.0 0.0 0.0 0.0 0.0 0.0 0.0 0.0 0.0 0.0 0.0 0.0 0.0 0.0 0.0 0.0 0.0 0.0 0.0 0.0 9.300000000000011 0.0 0.0 9.300000000000011 0.0 0.0 0.3 0.05 0.8 0.3 0.05 0.8 0.5 0.1 0.05
2586 13.880798816680908 0.0 0.0 0.0 0.0 0.0 0.0 0.0 0.0 0.0 0.0 0.0 0.0 0.0 0.0 0.0 0.0 0.0 0.0 0.0 0.0 0.0 0.0 0.0 9.300000000000011 0.0 0.0 9.300000000000011 0.0 0.0 0.3 0.05 0.8 0.3 0.05 0.8 0.5 0.1 0.05
2587 13.8861722946167 0.0 0.0 0.0 0.0 0.0 0.0 0.0 0.0 0.0 0.0 0.0 0.0 0.0 0.0 0.0 0.0 0.0 0.0 0.0 0.0 0.0 0.0 0.0 9.300000000000011 0.0 0.0 9.300000000000011 0.0 0.0 0.3 0.05 0.8 0.3 0.05 0.8 0.5 0.1 0.05
2588 13.891442060470581 0.0 0.0 0.0 0.0 0.0 0.0 0.0 0.0 0.0 0.0 0.0 0.0 0.0 0.0 0.0 0.0 0.0 0.0 0.0 0.0 0.0 0.0 0.0 9.300000000000011 0.0 0.0 9.300000000000011 0.0 0.0 0.3 0.05 0.8 0.3 0.05 0.8 0.5 0.1 0.05
2589 13.896676063537598 0.0 0.0 0.0 0.0 0.0 0.0 0.0 0.0 0.0 0.0 0.0 0.0 0.0 0.0 0.0 0.0 0.0 0.0 0.0 0.0 0.0 0.0 0.0 9.300000000000011 0.0 0.0 9.300000000000011 0.0 0.0 0.3 0.05 0.8 0.3 0.05 0.8 0.5 0.1 0.05
2590 13.901896476745605 0.0 0.0 0.0 0.0 0.0 0.0 0.0 0.0 0.0 0.0 0.0 0.0 0.0 0.0 0.0 0.0 0.0 0.0 0.0 0.0 0.0 0.0 0.0 9.300000000000011 0.0 0.0 9.300000000000011 0.0 0.0 0.3 0.05 0.8 0.3 0.05 0.8 0.5 0.1 0.05
2591 13.90725326538086 0.0 0.0 0.0 0.0 0.0 0.0 0.0 0.0 0.0 0.0 0.0 0.0 0.0 0.0 0.0 0.0 0.0 0.0 0.0 0.0 0.0 0.0 0.0 9.300000000000011 0.0 0.0 9.300000000000011 0.0 0.0 0.3 0.05 0.8 0.3 0.05 0.8 0.5 0.1 0.05
2592 13.912532091140747 0.0 0.0 0.0 0.0 0.0 0.0 0.0 0.0 0.0 0.0 0.0 0.0 0.0 0.0 0.0 0.0 0.0 0.0 0.0 0.0 0.0 0.0 0.0 9.300000000000011 0.0 0.0 9.300000000000011 0.0 0.0 0.3 0.05 0.8 0.3 0.05 0.8 0.5 0.1 0.05
2593 13.91795039176941 0.0 0.0 0.0 0.0 0.0 0.0 0.0 0.0 0.0 0.0 0.0 0.0 0.0 0.0 0.0 0.0 0.0 0.0 0.0 0.0 0.0 0.0 0.0 9.300000000000011 0.0 0.0 9.300000000000011 0.0 0.0 0.3 0.05 0.8 0.3 0.05 0.8 0.5 0.1 0.05
2594 13.92336106300354 0.0 0.0 0.0 0.0 0.0 0.0 0.0 0.0 0.0 0.0 0.0 0.0 0.0 0.0 0.0 0.0 0.0 0.0 0.0 0.0 0.0 0.0 0.0 9.300000000000011 0.0 0.0 9.300000000000011 0.0 0.0 0.3 0.05 0.8 0.3 0.05 0.8 0.5 0.1 0.05
2595 13.92875075340271 0.0 0.0 0.0 0.0 0.0 0.0 0.0 0.0 0.0 0.0 0.0 0.0 0.0 0.0 0.0 0.0 0.0 0.0 0.0 0.0 0.0 0.0 0.0 9.300000000000011 0.0 0.0 9.300000000000011 0.0 0.0 0.3 0.05 0.8 0.3 0.05 0.8 0.5 0.1 0.05
2596 13.934133291244507 0.0 0.0 0.0 0.0 0.0 0.0 0.0 0.0 0.0 0.0 0.0 0.0 0.0 0.0 0.0 0.0 0.0 0.0 0.0 0.0 0.0 0.0 0.0 9.300000000000011 0.0 0.0 9.300000000000011 0.0 0.0 0.3 0.05 0.8 0.3 0.05 0.8 0.5 0.1 0.05
2597 13.939456701278687 0.0 0.0 0.0 0.0 0.0 0.0 0.0 0.0 0.0 0.0 0.0 0.0 0.0 0.0 0.0 0.0 0.0 0.0 0.0 0.0 0.0 0.0 0.0 9.300000000000011 0.0 0.0 9.300000000000011 0.0 0.0 0.3 0.05 0.8 0.3 0.05 0.8 0.5 0.1 0.05
2598 13.94469952583313 0.0 0.0 0.0 0.0 0.0 0.0 0.0 0.0 0.0 0.0 0.0 0.0 0.0 0.0 0.0 0.0 0.0 0.0 0.0 0.0 0.0 0.0 0.0 9.300000000000011 0.0 0.0 9.300000000000011 0.0 0.0 0.3 0.05 0.8 0.3 0.05 0.8 0.5 0.1 0.05
2599 13.949951410293579 0.0 0.0 0.0 0.0 0.0 0.0 0.0 0.0 0.0 0.0 0.0 0.0 0.0 0.0 0.0 0.0 0.0 0.0 0.0 0.0 0.0 0.0 0.0 9.300000000000011 0.0 0.0 9.300000000000011 0.0 0.0 0.3 0.05 0.8 0.3 0.05 0.8 0.5 0.1 0.05
2600 13.955209732055664 0.0 0.0 0.0 0.0 0.0 0.0 0.0 0.0 0.0 0.0 0.0 0.0 0.0 0.0 0.0 0.0 0.0 0.0 0.0 0.0 0.0 0.0 0.0 9.300000000000011 0.0 0.0 9.300000000000011 0.0 0.0 0.3 0.05 0.8 0.3 0.05 0.8 0.5 0.1 0.05
2601 13.960614204406738 0.0 0.0 0.0 0.0 0.0 0.0 0.0 0.0 0.0 0.0 0.0 0.0 0.0 0.0 0.0 0.0 0.0 0.0 0.0 0.0 0.0 0.0 0.0 9.300000000000011 0.0 0.0 9.300000000000011 0.0 0.0 0.3 0.05 0.8 0.3 0.05 0.8 0.5 0.1 0.05
2602 13.965921878814697 0.0 0.0 0.0 0.0 0.0 0.0 0.0 0.0 0.0 0.0 0.0 0.0 0.0 0.0 0.0 0.0 0.0 0.0 0.0 0.0 0.0 0.0 0.0 9.300000000000011 0.0 0.0 9.300000000000011 0.0 0.0 0.3 0.05 0.8 0.3 0.05 0.8 0.5 0.1 0.05
2603 13.971220970153809 0.0 0.0 0.0 0.0 0.0 0.0 0.0 0.0 0.0 0.0 0.0 0.0 0.0 0.0 0.0 0.0 0.0 0.0 0.0 0.0 0.0 0.0 0.0 9.300000000000011 0.0 0.0 9.300000000000011 0.0 0.0 0.3 0.05 0.8 0.3 0.05 0.8 0.5 0.1 0.05
2604 13.97650408744812 0.0 0.0 0.0 0.0 0.0 0.0 0.0 0.0 0.0 0.0 0.0 0.0 0.0 0.0 0.0 0.0 0.0 0.0 0.0 0.0 0.0 0.0 0.0 9.300000000000011 0.0 0.0 9.300000000000011 0.0 0.0 0.3 0.05 0.8 0.3 0.05 0.8 0.5 0.1 0.05
2605 13.98184585571289 0.0 0.0 0.0 0.0 0.0 0.0 0.0 0.0 0.0 0.0 0.0 0.0 0.0 0.0 0.0 0.0 0.0 0.0 0.0 0.0 0.0 0.0 0.0 9.300000000000011 0.0 0.0 9.300000000000011 0.0 0.0 0.3 0.05 0.8 0.3 0.05 0.8 0.5 0.1 0.05
2606 13.98710012435913 0.0 0.0 0.0 0.0 0.0 0.0 0.0 0.0 0.0 0.0 0.0 0.0 0.0 0.0 0.0 0.0 0.0 0.0 0.0 0.0 0.0 0.0 0.0 9.300000000000011 0.0 0.0 9.300000000000011 0.0 0.0 0.3 0.05 0.8 0.3 0.05 0.8 0.5 0.1 0.05
2607 13.992333889007568 0.0 0.0 0.0 0.0 0.0 0.0 0.0 0.0 0.0 0.0 0.0 0.0 0.0 0.0 0.0 0.0 0.0 0.0 0.0 0.0 0.0 0.0 0.0 9.300000000000011 0.0 0.0 9.300000000000011 0.0 0.0 0.3 0.05 0.8 0.3 0.05 0.8 0.5 0.1 0.05
2608 13.997660398483276 0.0 0.0 0.0 0.0 0.0 0.0 0.0 0.0 0.0 0.0 0.0 0.0 0.0 0.0 0.0 0.0 0.0 0.0 0.0 0.0 0.0 0.0 0.0 9.300000000000011 0.0 0.0 9.300000000000011 0.0 0.0 0.3 0.05 0.8 0.3 0.05 0.8 0.5 0.1 0.05
2609 14.002920866012573 0.0 0.0 0.0 0.0 0.0 0.0 0.0 0.0 0.0 0.0 0.0 0.0 0.0 0.0 0.0 0.0 0.0 0.0 0.0 0.0 0.0 0.0 0.0 9.300000000000011 0.0 0.0 9.300000000000011 0.0 0.0 0.3 0.05 0.8 0.3 0.05 0.8 0.5 0.1 0.05
2610 14.00817084312439 0.0 0.0 0.0 0.0 0.0 0.0 0.0 0.0 0.0 0.0 0.0 0.0 0.0 0.0 0.0 0.0 0.0 0.0 0.0 0.0 0.0 0.0 0.0 9.300000000000011 0.0 0.0 9.300000000000011 0.0 0.0 0.3 0.05 0.8 0.3 0.05 0.8 0.5 0.1 0.05
2611 14.013502359390259 0.0 0.0 0.0 0.0 0.0 0.0 0.0 0.0 0.0 0.0 0.0 0.0 0.0 0.0 0.0 0.0 0.0 0.0 0.0 0.0 0.0 0.0 0.0 9.300000000000011 0.0 0.0 9.300000000000011 0.0 0.0 0.3 0.05 0.8 0.3 0.05 0.8 0.5 0.1 0.05
2612 14.018768310546875 0.0 0.0 0.0 0.0 0.0 0.0 0.0 0.0 0.0 0.0 0.0 0.0 0.0 0.0 0.0 0.0 0.0 0.0 0.0 0.0 0.0 0.0 0.0 9.300000000000011 0.0 0.0 9.300000000000011 0.0 0.0 0.3 0.05 0.8 0.3 0.05 0.8 0.5 0.1 0.05
2613 14.024146795272827 0.0 0.0 0.0 0.0 0.0 0.0 0.0 0.0 0.0 0.0 0.0 0.0 0.0 0.0 0.0 0.0 0.0 0.0 0.0 0.0 0.0 0.0 0.0 9.300000000000011 0.0 0.0 9.300000000000011 0.0 0.0 0.3 0.05 0.8 0.3 0.05 0.8 0.5 0.1 0.05
2614 14.029386043548584 0.0 0.0 0.0 0.0 0.0 0.0 0.0 0.0 0.0 0.0 0.0 0.0 0.0 0.0 0.0 0.0 0.0 0.0 0.0 0.0 0.0 0.0 0.0 9.300000000000011 0.0 0.0 9.300000000000011 0.0 0.0 0.3 0.05 0.8 0.3 0.05 0.8 0.5 0.1 0.05
2615 14.03462815284729 0.0 0.0 0.0 0.0 0.0 0.0 0.0 0.0 0.0 0.0 0.0 0.0 0.0 0.0 0.0 0.0 0.0 0.0 0.0 0.0 0.0 0.0 0.0 9.300000000000011 0.0 0.0 9.300000000000011 0.0 0.0 0.3 0.05 0.8 0.3 0.05 0.8 0.5 0.1 0.05
2616 14.040000915527344 0.0 0.0 0.0 0.0 0.0 0.0 0.0 0.0 0.0 0.0 0.0 0.0 0.0 0.0 0.0 0.0 0.0 0.0 0.0 0.0 0.0 0.0 0.0 9.300000000000011 0.0 0.0 9.300000000000011 0.0 0.0 0.3 0.05 0.8 0.3 0.05 0.8 0.5 0.1 0.05
2617 14.045323848724365 0.0 0.0 0.0 0.0 0.0 0.0 0.0 0.0 0.0 0.0 0.0 0.0 0.0 0.0 0.0 0.0 0.0 0.0 0.0 0.0 0.0 0.0 0.0 9.300000000000011 0.0 0.0 9.300000000000011 0.0 0.0 0.3 0.05 0.8 0.3 0.05 0.8 0.5 0.1 0.05
2618 14.050588607788086 0.0 0.0 0.0 0.0 0.0 0.0 0.0 0.0 0.0 0.0 0.0 0.0 0.0 0.0 0.0 0.0 0.0 0.0 0.0 0.0 0.0 0.0 0.0 9.300000000000011 0.0 0.0 9.300000000000011 0.0 0.0 0.3 0.05 0.8 0.3 0.05 0.8 0.5 0.1 0.05
2619 14.055921792984009 0.0 0.0 0.0 0.0 0.0 0.0 0.0 0.0 0.0 0.0 0.0 0.0 0.0 0.0 0.0 0.0 0.0 0.0 0.0 0.0 0.0 0.0 0.0 9.300000000000011 0.0 0.0 9.300000000000011 0.0 0.0 0.3 0.05 0.8 0.3 0.05 0.8 0.5 0.1 0.05
2620 14.061216592788696 0.0 0.0 0.0 0.0 0.0 0.0 0.0 0.0 0.0 0.0 0.0 0.0 0.0 0.0 0.0 0.0 0.0 0.0 0.0 0.0 0.0 0.0 0.0 9.300000000000011 0.0 0.0 9.300000000000011 0.0 0.0 0.3 0.05 0.8 0.3 0.05 0.8 0.5 0.1 0.05
2621 14.066558122634888 0.0 0.0 0.0 0.0 0.0 0.0 0.0 0.0 0.0 0.0 0.0 0.0 0.0 0.0 0.0 0.0 0.0 0.0 0.0 0.0 0.0 0.0 0.0 9.300000000000011 0.0 0.0 9.300000000000011 0.0 0.0 0.3 0.05 0.8 0.3 0.05 0.8 0.5 0.1 0.05
2622 14.071819067001343 0.0 0.0 0.0 0.0 0.0 0.0 0.0 0.0 0.0 0.0 0.0 0.0 0.0 0.0 0.0 0.0 0.0 0.0 0.0 0.0 0.0 0.0 0.0 9.300000000000011 0.0 0.0 9.300000000000011 0.0 0.0 0.3 0.05 0.8 0.3 0.05 0.8 0.5 0.1 0.05
2623 14.07711148262024 0.0 0.0 0.0 0.0 0.0 0.0 0.0 0.0 0.0 0.0 0.0 0.0 0.0 0.0 0.0 0.0 0.0 0.0 0.0 0.0 0.0 0.0 0.0 9.300000000000011 0.0 0.0 9.300000000000011 0.0 0.0 0.3 0.05 0.8 0.3 0.05 0.8 0.5 0.1 0.05
2624 14.082341194152832 0.0 0.0 0.0 0.0 0.0 0.0 0.0 0.0 0.0 0.0 0.0 0.0 0.0 0.0 0.0 0.0 0.0 0.0 0.0 0.0 0.0 0.0 0.0 9.300000000000011 0.0 0.0 9.300000000000011 0.0 0.0 0.3 0.05 0.8 0.3 0.05 0.8 0.5 0.1 0.05
